{
  "id": "MAP_ROUTE102",
  "name": "Route102",
  "layout": "LAYOUT_ROUTE102",
  "music": "MUS_ROUTE101",
  "region_map_section": "MAPSEC_ROUTE_102",
  "requires_flash": false,
  "weather": "WEATHER_SNOW",
  "map_type": "MAP_TYPE_ROUTE",
  "allow_cycling": true,
  "allow_escaping": false,
  "allow_running": true,
  "show_map_name": true,
  "battle_scene": "MAP_BATTLE_SCENE_NORMAL",
  "connections": [
    {
      "direction": "left",
      "offset": -10,
      "map": "MAP_PETALBURG_CITY"
    },
    {
      "direction": "right",
      "offset": 0,
      "map": "MAP_OLDALE_TOWN"
    }
  ],
  "object_events": [
    {
      "graphics_id": "OBJ_EVENT_GFX_LITTLE_BOY",
      "x": 18,
      "y": 11,
      "elevation": 3,
      "movement_type": "MOVEMENT_TYPE_LOOK_AROUND",
      "movement_range_x": 0,
      "movement_range_y": 0,
      "trainer_type": "TRAINER_TYPE_NONE",
      "trainer_sight_or_berry_tree_id": "0",
      "script": "Route102_EventScript_LittleBoy",
      "flag": "0"
    },
    {
      "graphics_id": "OBJ_EVENT_GFX_YOUNGSTER",
      "x": 33,
      "y": 14,
      "elevation": 3,
      "movement_type": "MOVEMENT_TYPE_FACE_DOWN",
      "movement_range_x": 0,
      "movement_range_y": 0,
      "trainer_type": "TRAINER_TYPE_NORMAL",
      "trainer_sight_or_berry_tree_id": "3",
      "script": "Route102_EventScript_Calvin",
      "flag": "0"
    },
    {
      "graphics_id": "OBJ_EVENT_GFX_BUG_CATCHER",
      "x": 25,
      "y": 15,
      "elevation": 3,
      "movement_type": "MOVEMENT_TYPE_FACE_UP",
      "movement_range_x": 0,
      "movement_range_y": 0,
      "trainer_type": "TRAINER_TYPE_NORMAL",
      "trainer_sight_or_berry_tree_id": "2",
      "script": "Route102_EventScript_Rick",
      "flag": "0"
    },
    {
      "graphics_id": "OBJ_EVENT_GFX_LASS",
      "x": 8,
      "y": 7,
      "elevation": 3,
      "movement_type": "MOVEMENT_TYPE_FACE_DOWN_AND_RIGHT",
      "movement_range_x": 0,
      "movement_range_y": 0,
      "trainer_type": "TRAINER_TYPE_NORMAL",
      "trainer_sight_or_berry_tree_id": "3",
      "script": "Route102_EventScript_Tiana",
      "flag": "0"
    },
    {
      "graphics_id": "OBJ_EVENT_GFX_BOY_1",
      "x": 37,
      "y": 4,
      "elevation": 3,
      "movement_type": "MOVEMENT_TYPE_WANDER_AROUND",
      "movement_range_x": 1,
      "movement_range_y": 1,
      "trainer_type": "TRAINER_TYPE_NONE",
      "trainer_sight_or_berry_tree_id": "0",
      "script": "Route102_EventScript_Boy",
      "flag": "0"
    },
    {
      "graphics_id": "OBJ_EVENT_GFX_ITEM_BALL",
      "x": 11,
      "y": 15,
      "elevation": 3,
      "movement_type": "MOVEMENT_TYPE_FACE_DOWN",
      "movement_range_x": 0,
      "movement_range_y": 0,
      "trainer_type": "TRAINER_TYPE_NONE",
      "trainer_sight_or_berry_tree_id": "0",
      "script": "Route102_EventScript_ItemPotion",
      "flag": "FLAG_ITEM_ROUTE_102_POTION"
    },
    {
      "graphics_id": "OBJ_EVENT_GFX_BERRY_TREE",
      "x": 24,
      "y": 2,
      "elevation": 3,
      "movement_type": "MOVEMENT_TYPE_BERRY_TREE_GROWTH",
      "movement_range_x": 0,
      "movement_range_y": 0,
      "trainer_type": "TRAINER_TYPE_NONE",
      "trainer_sight_or_berry_tree_id": "BERRY_TREE_ROUTE_102_ORAN",
      "script": "BerryTreeScript",
      "flag": "0"
    },
    {
      "graphics_id": "OBJ_EVENT_GFX_BERRY_TREE",
      "x": 25,
      "y": 2,
      "elevation": 3,
      "movement_type": "MOVEMENT_TYPE_BERRY_TREE_GROWTH",
      "movement_range_x": 0,
      "movement_range_y": 0,
      "trainer_type": "TRAINER_TYPE_NONE",
      "trainer_sight_or_berry_tree_id": "BERRY_TREE_ROUTE_102_PECHA",
      "script": "BerryTreeScript",
      "flag": "0"
    },
    {
      "graphics_id": "OBJ_EVENT_GFX_YOUNGSTER",
      "x": 19,
      "y": 4,
      "elevation": 3,
      "movement_type": "MOVEMENT_TYPE_FACE_DOWN",
      "movement_range_x": 1,
      "movement_range_y": 1,
      "trainer_type": "TRAINER_TYPE_NORMAL",
      "trainer_sight_or_berry_tree_id": "3",
      "script": "Route102_EventScript_Allen",
      "flag": "0"
    }
  ],
  "warp_events": [

  ],
  "coord_events": [

  ],
  "bg_events": [
    {
      "type": "sign",
      "x": 18,
      "y": 3,
      "elevation": 0,
      "player_facing_dir": "BG_EVENT_PLAYER_FACING_ANY",
      "script": "Route102_EventScript_RouteSignPetalburg"
    },
    {
      "type": "sign",
      "x": 40,
      "y": 9,
      "elevation": 0,
      "player_facing_dir": "BG_EVENT_PLAYER_FACING_ANY",
      "script": "Route102_EventScript_RouteSignOldale"
    }
  ]
}
