<?xml version="1.0" encoding="UTF-8"?>
<metadata>
  <identifier>bowsette-64</identifier>
  <mediatype>software</mediatype>
  <collection>open_source_software</collection>
  <creator>Kaze Emanuar</creator>
  <date>2018-09-27</date>
  <description>A Super Mario 64 hack, that replaces Mario with Bowsette </description>
  <language>eng</language>
  <licenseurl>https://creativecommons.org/publicdomain/zero/1.0/</licenseurl>
  <scanner>Internet Archive HTML5 Uploader 1.7.0</scanner>
  <subject>Playable Character</subject>
  <title>Bowsette 64 (Super Mario 64 - Hack)</title>
  <subject>Super Mario</subject>
  <subject>New Super Mario Bros. U Deluxe</subject>
  <subject>Animation Swapper</subject>
  <subject>Nintendo 64</subject>
  <subject>Mario</subject>
  <subject>Nintendo</subject>
  <subject>Game Mod</subject>
  <subject>Hack</subject>
  <subject>Meme</subject>
  <subject>NSFW</subject>
  <subject>Furry</subject>
  <subject>Anthro</subject>
  <subject>Monster Girl</subject>
  <subject>Bowsette</subject>
  <subject>Rom Hack</subject>
  <subject>Koopa</subject>
  <subject>King Bowser</subject>
  <subject>Super Crown</subject>
  <uploader>billthesomething@gmail.com</uploader>
  <publicdate>2023-08-12 11:24:19</publicdate>
  <addeddate>2023-08-12 11:24:19</addeddate>
  <curation>[curator]validator@archive.org[/curator][date]20230812113102[/date][comment]checked for malware[/comment]</curation>
</metadata>
