<?xml version="1.0" encoding="UTF-8"?>
<files>
  <file name="Bowsette 64.zip" source="original">
    <mtime>1691839446</mtime>
    <size>3283577</size>
    <md5>79cf9ecffb3433a4b6c91173d47b355e</md5>
    <crc32>2c374fb6</crc32>
    <sha1>c422927ee9e94439e522162d7726b55df8b924f6</sha1>
    <format>ZIP</format>
    <filecount>8</filecount>
    <viruscheck>1691839862</viruscheck>
  </file>
  <file name="Bowsette-in-Mario-64-download.gif" source="original">
    <mtime>1691839425</mtime>
    <size>1834980</size>
    <md5>a463cf8acce8adca6806e04af58faad3</md5>
    <crc32>46e54f63</crc32>
    <sha1>46dd9dcc2f061a6ec1e0b57cc4a6076935e4f477</sha1>
    <format>Animated GIF</format>
  </file>
  <file name="__ia_thumb.jpg" source="original">
    <mtime>1691839523</mtime>
    <size>13167</size>
    <md5>d99fa940cb1d39cc00885f76009bba92</md5>
    <crc32>817a86d4</crc32>
    <sha1>d836c2939ae129140bb52f169b594933ef054ef7</sha1>
    <format>Item Tile</format>
    <rotation>0</rotation>
  </file>
  <file name="bowsette-64_archive.torrent" source="metadata">
    <btih>f24597a5995772a1959b00a62c5373f5d0333584</btih>
    <mtime>1691839865</mtime>
    <size>2178</size>
    <md5>5fbdee30becc3a0d0f57eddea80f9029</md5>
    <crc32>c4da4cff</crc32>
    <sha1>8e74288dffc8f0e68f374cb90018d3d8e86c94df</sha1>
    <format>Archive BitTorrent</format>
  </file>
  <file name="bowsette-64_files.xml" source="original">
    <format>Metadata</format>
    <md5>f2b8ab3d2e12044d1c0741afefb27225</md5>
    <summation>md5</summation>
  </file>
  <file name="bowsette-64_meta.sqlite" source="original">
    <mtime>1691839518</mtime>
    <size>28672</size>
    <md5>17396ad3e8857ed5d1cc7cab8591a057</md5>
    <crc32>845f21f3</crc32>
    <sha1>83b2fbceafe94b233a55bad3782758b78a9bc24f</sha1>
    <format>Metadata</format>
  </file>
  <file name="bowsette-64_meta.xml" source="original">
    <mtime>1691839862</mtime>
    <size>1423</size>
    <md5>5ded32b079467da5d313e35d23795413</md5>
    <crc32>55fbd9be</crc32>
    <sha1>3a0cb040beb71c551478d221c3137a1066d9a7c7</sha1>
    <format>Metadata</format>
  </file>
</files>
