<?xml version="1.0" encoding="UTF-8"?>
<files>
  <file name="DaysofRuin+.rar" source="original">
    <mtime>1644808602</mtime>
    <size>51256760</size>
    <md5>e1e4ab384d39fcfc55877092de249bcc</md5>
    <crc32>26eb4b9e</crc32>
    <sha1>c911a92fb8e9e0f150b0fd0f5e1105091a4caf6a</sha1>
    <format>RAR</format>
  </file>
  <file name="daysof-ruin_archive.torrent" source="metadata">
    <btih>e295e2547225d2cebb5e23893d09e3bbcd978d37</btih>
    <mtime>1644808701</mtime>
    <size>3555</size>
    <md5>f7e763e64457359ddaefbc45df864787</md5>
    <crc32>dc5aac48</crc32>
    <sha1>e996815774f3f8826147ddaed2ef9be903411fe8</sha1>
    <format>Archive BitTorrent</format>
  </file>
  <file name="daysof-ruin_files.xml" source="original">
    <format>Metadata</format>
    <md5>da79a1ffa18d3e078c69fa3ea064244e</md5>
    <summation>md5</summation>
  </file>
  <file name="daysof-ruin_meta.sqlite" source="original">
    <mtime>1644808662</mtime>
    <size>28672</size>
    <md5>0f78e9ad1f05b80b112addf0b08f1997</md5>
    <crc32>23807915</crc32>
    <sha1>ccba43e30ef87d84f52fa32eddff507586e05b22</sha1>
    <format>Metadata</format>
  </file>
  <file name="daysof-ruin_meta.xml" source="original">
    <mtime>1644808696</mtime>
    <size>2877</size>
    <md5>22f73b8ed9742eddbf96ebee298a7d13</md5>
    <crc32>251f41f5</crc32>
    <sha1>0086d2d5646fc520e01cfd343d99e167e38006f6</sha1>
    <format>Metadata</format>
  </file>
</files>
