<?xml version="1.0" encoding="UTF-8"?>
<metadata>
  <identifier>daysof-ruin</identifier>
  <mediatype>software</mediatype>
  <collection>open_source_software</collection>
  <creator>Egal_Lau37/</creator>
  <date>2021-06-31</date>
  <description>&lt;div&gt;a rom hack of advance wars: days of ruin by https://www.reddit.com/user/Egal_Lau37/&lt;/div&gt;&lt;div&gt;&lt;br /&gt;&lt;/div&gt;&lt;div&gt;description from the reddit - Were you ever disappointed that Days 
of Ruin did not have a Hard  Campaign?   Did you ever want to play as 
another CO not available by  default?  Ever felt like the COs were 
unbalanced?  Have you felt like  some of the Free Play maps were bad or 
unnecessary?&lt;br /&gt;Regardless as to your answer to these questions above, I
 bring a  project that I have been working on, which I currently am 
going to call  "Advance Wars - Days of Ruin+" (in the words of Waylon, 
"Creative  genius, he ain't."), which addresses the questions posed 
above.&lt;br /&gt;In addition, there are several other tweaks to the game, such as unit data and map data for campaign maps.&lt;p class="_1qeIAgB0cPwnLhDF9XSiJM"&gt;Summary:&lt;/p&gt;&lt;p class="_1qeIAgB0cPwnLhDF9XSiJM"&gt;This
 is a ROM hack of Days of Ruin that aims to add a hard campaign, new 
COs, competitive PVP maps, and balance all the COs for PVP.&lt;/p&gt;&lt;p class="_1qeIAgB0cPwnLhDF9XSiJM"&gt;Current overview/Status:&lt;/p&gt;&lt;p class="_1qeIAgB0cPwnLhDF9XSiJM"&gt;- Missions 1~24&lt;/p&gt;&lt;p class="_1qeIAgB0cPwnLhDF9XSiJM"&gt;- New/Implemented COs (Cyrus, Davis, The Beast, Fanatic)&lt;/p&gt;&lt;p class="_1qeIAgB0cPwnLhDF9XSiJM"&gt;-COs modified to be more balanced&lt;/p&gt;&lt;p class="_1qeIAgB0cPwnLhDF9XSiJM"&gt;-Several new Freeplay maps (replacing some of the more atrocious and poorly-designed ones)&lt;/p&gt;&lt;p class="_1qeIAgB0cPwnLhDF9XSiJM"&gt;-13 competitive PVP maps&lt;/p&gt;&lt;p class="_1qeIAgB0cPwnLhDF9XSiJM"&gt;-Minor tweaks to unit data&lt;/p&gt;&lt;p class="_1qeIAgB0cPwnLhDF9XSiJM"&gt;&lt;br /&gt;&lt;/p&gt;&lt;p class="_1qeIAgB0cPwnLhDF9XSiJM"&gt;Full change log is in attached readme file.  All CO information is available on the WarsWorldNews website linked above.&lt;/p&gt;&lt;/div&gt;&lt;div&gt;&lt;br /&gt;&lt;/div&gt;</description>
  <language>eng</language>
  <licenseurl>http://creativecommons.org/publicdomain/zero/1.0/</licenseurl>
  <scanner>Internet Archive HTML5 Uploader 1.6.4</scanner>
  <subject>Rom</subject>
  <title>Daysof Ruin+</title>
  <subject>Rom Hack</subject>
  <subject>DS</subject>
  <subject>Nintendo</subject>
  <uploader>williambleary@hotmail.com</uploader>
  <collection>community</collection>
  <publicdate>2022-02-14 03:17:26</publicdate>
  <addeddate>2022-02-14 03:17:26</addeddate>
  <curation>[curator]validator@archive.org[/curator][date]20220214031816[/date][comment]checked for malware[/comment]</curation>
</metadata>
