{
  "id": "MAP_CELADON_CITY_DEPARTMENT_STORE_3F",
  "name": "CeladonCity_DepartmentStore_3F",
  "layout": "LAYOUT_CELADON_CITY_DEPARTMENT_STORE_3F",
  "music": "MUS_POKE_CENTER",
  "region_map_section": "MAPSEC_CELADON_CITY",
  "requires_flash": false,
  "weather": "WEATHER_NONE",
  "map_type": "MAP_TYPE_INDOOR",
  "allow_cycling": false,
  "allow_escaping": false,
  "allow_running": false,
  "show_map_name": true,
  "floor_number": 3,
  "battle_scene": "MAP_BATTLE_SCENE_NORMAL",
  "connections": 0,
  "object_events": [
    {
      "type": "object",
      "graphics_id": "OBJ_EVENT_GFX_CLERK",
      "x": 16,
      "y": 5,
      "elevation": 3,
      "movement_type": "MOVEMENT_TYPE_FACE_UP",
      "movement_range_x": 1,
      "movement_range_y": 1,
      "trainer_type": "TRAINER_TYPE_NONE",
      "trainer_sight_or_berry_tree_id": "0",
      "script": "CeladonCity_DepartmentStore_3F_EventScript_TM18Gift",
      "flag": "0",
      "in_connection": false
    },
    {
      "type": "object",
      "graphics_id": "OBJ_EVENT_GFX_GBA_KID",
      "x": 11,
      "y": 6,
      "elevation": 3,
      "movement_type": "MOVEMENT_TYPE_FACE_RIGHT",
      "movement_range_x": 1,
      "movement_range_y": 1,
      "trainer_type": "TRAINER_TYPE_NONE",
      "trainer_sight_or_berry_tree_id": "0",
      "script": "CeladonCity_DepartmentStore_3F_EventScript_GBAKid1",
      "flag": "0",
      "in_connection": false
    },
    {
      "type": "object",
      "graphics_id": "OBJ_EVENT_GFX_GBA_KID",
      "x": 8,
      "y": 2,
      "elevation": 3,
      "movement_type": "MOVEMENT_TYPE_FACE_DOWN",
      "movement_range_x": 1,
      "movement_range_y": 1,
      "trainer_type": "TRAINER_TYPE_NONE",
      "trainer_sight_or_berry_tree_id": "0",
      "script": "CeladonCity_DepartmentStore_3F_EventScript_GBAKid3",
      "flag": "0",
      "in_connection": false
    },
    {
      "type": "object",
      "graphics_id": "OBJ_EVENT_GFX_GBA_KID",
      "x": 7,
      "y": 2,
      "elevation": 3,
      "movement_type": "MOVEMENT_TYPE_FACE_DOWN",
      "movement_range_x": 1,
      "movement_range_y": 1,
      "trainer_type": "TRAINER_TYPE_NONE",
      "trainer_sight_or_berry_tree_id": "0",
      "script": "CeladonCity_DepartmentStore_3F_EventScript_GBAKid2",
      "flag": "0",
      "in_connection": false
    },
    {
      "type": "object",
      "graphics_id": "OBJ_EVENT_GFX_LITTLE_BOY",
      "x": 2,
      "y": 5,
      "elevation": 3,
      "movement_type": "MOVEMENT_TYPE_FACE_UP",
      "movement_range_x": 1,
      "movement_range_y": 1,
      "trainer_type": "TRAINER_TYPE_NONE",
      "trainer_sight_or_berry_tree_id": "0",
      "script": "CeladonCity_DepartmentStore_3F_EventScript_LittleGirl",
      "flag": "0",
      "in_connection": false
    }
  ],
  "warp_events": [
    {
      "x": 1,
      "y": 1,
      "elevation": 0,
      "dest_map": "MAP_CELADON_CITY_DEPARTMENT_STORE_ELEVATOR",
      "dest_warp_id": "0"
    },
    {
      "x": 16,
      "y": 1,
      "elevation": 0,
      "dest_map": "MAP_CELADON_CITY_DEPARTMENT_STORE_2F",
      "dest_warp_id": "2"
    },
    {
      "x": 12,
      "y": 1,
      "elevation": 0,
      "dest_map": "MAP_CELADON_CITY_DEPARTMENT_STORE_4F",
      "dest_warp_id": "1"
    }
  ],
  "coord_events": [

  ],
  "bg_events": [
    {
      "type": "sign",
      "x": 14,
      "y": 1,
      "elevation": 0,
      "player_facing_dir": "BG_EVENT_PLAYER_FACING_ANY",
      "script": "CeladonCity_DepartmentStore_3F_EventScript_FloorSign"
    },
    {
      "type": "sign",
      "x": 3,
      "y": 4,
      "elevation": 0,
      "player_facing_dir": "BG_EVENT_PLAYER_FACING_NORTH",
      "script": "CeladonCity_DepartmentStore_3F_EventScript_TV1"
    },
    {
      "type": "sign",
      "x": 6,
      "y": 4,
      "elevation": 0,
      "player_facing_dir": "BG_EVENT_PLAYER_FACING_NORTH",
      "script": "CeladonCity_DepartmentStore_3F_EventScript_TV2"
    },
    {
      "type": "sign",
      "x": 3,
      "y": 6,
      "elevation": 0,
      "player_facing_dir": "BG_EVENT_PLAYER_FACING_NORTH",
      "script": "CeladonCity_DepartmentStore_3F_EventScript_TV3"
    },
    {
      "type": "sign",
      "x": 6,
      "y": 6,
      "elevation": 0,
      "player_facing_dir": "BG_EVENT_PLAYER_FACING_NORTH",
      "script": "CeladonCity_DepartmentStore_3F_EventScript_TV4"
    },
    {
      "type": "sign",
      "x": 2,
      "y": 4,
      "elevation": 0,
      "player_facing_dir": "BG_EVENT_PLAYER_FACING_ANY",
      "script": "CeladonCity_DepartmentStore_3F_EventScript_SuperNES"
    },
    {
      "type": "sign",
      "x": 2,
      "y": 6,
      "elevation": 0,
      "player_facing_dir": "BG_EVENT_PLAYER_FACING_ANY",
      "script": "CeladonCity_DepartmentStore_3F_EventScript_SuperNES"
    },
    {
      "type": "sign",
      "x": 5,
      "y": 4,
      "elevation": 0,
      "player_facing_dir": "BG_EVENT_PLAYER_FACING_ANY",
      "script": "CeladonCity_DepartmentStore_3F_EventScript_SuperNES"
    },
    {
      "type": "sign",
      "x": 5,
      "y": 6,
      "elevation": 0,
      "player_facing_dir": "BG_EVENT_PLAYER_FACING_ANY",
      "script": "CeladonCity_DepartmentStore_3F_EventScript_SuperNES"
    },
    {
      "type": "sign",
      "x": 6,
      "y": 1,
      "elevation": 0,
      "player_facing_dir": "BG_EVENT_PLAYER_FACING_NORTH",
      "script": "CeladonCity_DepartmentStore_3F_EventScript_Poster"
    },
    {
      "type": "sign",
      "x": 4,
      "y": 1,
      "elevation": 0,
      "player_facing_dir": "BG_EVENT_PLAYER_FACING_NORTH",
      "script": "CeladonCity_DepartmentStore_3F_EventScript_Poster"
    },
    {
      "type": "sign",
      "x": 10,
      "y": 1,
      "elevation": 0,
      "player_facing_dir": "BG_EVENT_PLAYER_FACING_NORTH",
      "script": "CeladonCity_DepartmentStore_3F_EventScript_Poster"
    },
    {
      "type": "sign",
      "x": 6,
      "y": 1,
      "elevation": 0,
      "player_facing_dir": "BG_EVENT_PLAYER_FACING_NORTH",
      "script": "CeladonCity_DepartmentStore_3F_EventScript_Poster"
    }
  ]
}
