<?xml version="1.0" encoding="UTF-8"?>
<metadata>
  <identifier>terranigma-double-boss-hp</identifier>
  <mediatype>data</mediatype>
  <collection>opensource_media</collection>
  <creator>FaydGamer</creator>
  <date>2025-03-21</date>
  <description>&lt;p style="text-indent:0.5cm;font-family:Arial, Helvetica, sans-serif;font-size:15px;background-color:rgb(247,250,252);"&gt;A small patch that increases the HP of Bosses in Terranigma to give more of a challenge.&lt;/p&gt;&lt;p style="text-indent:0.5cm;font-family:Arial, Helvetica, sans-serif;font-size:15px;background-color:rgb(247,250,252);"&gt;Ive also added a second patch to increase Enemy Hp by 2X.&lt;/p&gt;&lt;p style="text-indent:0.5cm;font-family:Arial, Helvetica, sans-serif;font-size:15px;background-color:rgb(247,250,252);"&gt;If there’s any fans of Terranigma that has requests for some improvement patches, feel free to share. As long as it’s in my capability, I will make them. Especially since Terranigma is in dire need of more hacks.&lt;/p&gt;</description>
  <scanner>Internet Archive HTML5 Uploader 1.7.0</scanner>
  <subject>Terranigma</subject>
  <subject>Rom Hack</subject>
  <subject>Boss</subject>
  <subject>Double HP</subject>
  <title>Terranigma Hardmode</title>
  <uploader>faydpromotions@gmail.com</uploader>
  <publicdate>2025-03-22 05:18:33</publicdate>
  <addeddate>2025-03-22 05:18:33</addeddate>
  <curation>[curator]validator@archive.org[/curator][date]20250322052406[/date][comment]checked for malware[/comment]</curation>
</metadata>
