<?xml version="1.0" encoding="UTF-8"?>
<files>
  <file name="Terranigma Double Boss HP.ips" source="original">
    <mtime>1742693398</mtime>
    <size>265</size>
    <md5>69ce3d3f35d42f05cb19ba88813cbf1c</md5>
    <crc32>df51e515</crc32>
    <sha1>6adc19a06f90342d4bd1b4512b30cfce9a3b03e3</sha1>
    <format>Unknown</format>
    <viruscheck>1742693743</viruscheck>
  </file>
  <file name="Terranigma Double Enemy HP.ips" source="original">
    <mtime>1742693812</mtime>
    <size>1190</size>
    <md5>1f11fca44ba8bdabbf47adfb18e2312c</md5>
    <crc32>eccadadc</crc32>
    <sha1>ba6e91a124420e0b7204a32c71a17aec089da3a5</sha1>
    <format>Unknown</format>
    <viruscheck>1742694344</viruscheck>
  </file>
  <file name="Terranigma No XP.ips" source="original">
    <mtime>1742693909</mtime>
    <size>1573</size>
    <md5>86a523f831ae17e428b1945f470d0a4c</md5>
    <crc32>01b56c69</crc32>
    <sha1>11a8d4ab1ab79978a7d7857f7faa77169cb36f78</sha1>
    <format>Unknown</format>
    <viruscheck>1742694344</viruscheck>
  </file>
  <file name="terranigma-double-boss-hp_archive.torrent" source="metadata">
    <btih>65630d7c9bb5bd23912f39ef3adb3dba44a2c52d</btih>
    <mtime>1742698089</mtime>
    <size>2134</size>
    <md5>3332b5d8a34e9c8106b9ca32aff51817</md5>
    <crc32>d5287757</crc32>
    <sha1>a7a910a1299a1b68b29cbe3e81d440d7d96ce23e</sha1>
    <format>Archive BitTorrent</format>
  </file>
  <file name="terranigma-double-boss-hp_files.xml" source="original">
    <format>Metadata</format>
    <md5>588eec8d064e67ae71b3479cd09199de</md5>
    <summation>md5</summation>
  </file>
  <file name="terranigma-double-boss-hp_meta.sqlite" source="original">
    <mtime>1742694000</mtime>
    <size>20480</size>
    <md5>343152a8e668a2d08076a398eaae9362</md5>
    <crc32>759d3d21</crc32>
    <sha1>233f0a056d98ec35a960376c242b02f1ad070303</sha1>
    <format>Metadata</format>
  </file>
  <file name="terranigma-double-boss-hp_meta.xml" source="original">
    <mtime>1742698088</mtime>
    <size>1529</size>
    <md5>1ea485203ab4614265e07a94e01dc712</md5>
    <crc32>edc11e63</crc32>
    <sha1>fd9bb3ac1a05b71986dfb77ba168b8b70c604830</sha1>
    <format>Metadata</format>
  </file>
</files>
