{
  "id": "MAP_SEAFOAM_ISLANDS_B4F",
  "name": "SeafoamIslands_B4F",
  "layout": "LAYOUT_SEAFOAM_ISLANDS_B4F",
  "music": "MUS_VIRIDIAN_FOREST",
  "region_map_section": "MAPSEC_SEAFOAM_ISLANDS",
  "requires_flash": false,
  "weather": "WEATHER_NONE",
  "map_type": "MAP_TYPE_UNDERGROUND",
  "allow_cycling": true,
  "allow_escaping": true,
  "allow_running": true,
  "show_map_name": true,
  "floor_number": 0,
  "battle_scene": "MAP_BATTLE_SCENE_NORMAL",
  "connections": 0,
  "object_events": [
    {
      "type": "object",
      "graphics_id": "OBJ_EVENT_GFX_PUSHABLE_BOULDER",
      "x": 4,
      "y": 15,
      "elevation": 1,
      "movement_type": "MOVEMENT_TYPE_FACE_DOWN",
      "movement_range_x": 1,
      "movement_range_y": 1,
      "trainer_type": "TRAINER_TYPE_NONE",
      "trainer_sight_or_berry_tree_id": "0",
      "script": "0x0",
      "flag": "FLAG_HIDE_SEAFOAM_B4F_BOULDER_1",
      "in_connection": false
    },
    {
      "type": "object",
      "graphics_id": "OBJ_EVENT_GFX_PUSHABLE_BOULDER",
      "x": 5,
      "y": 15,
      "elevation": 1,
      "movement_type": "MOVEMENT_TYPE_FACE_DOWN",
      "movement_range_x": 1,
      "movement_range_y": 1,
      "trainer_type": "TRAINER_TYPE_NONE",
      "trainer_sight_or_berry_tree_id": "0",
      "script": "0x0",
      "flag": "FLAG_HIDE_SEAFOAM_B4F_BOULDER_2",
      "in_connection": false
    },
    {
      "type": "object",
      "graphics_id": "OBJ_EVENT_GFX_ARTICUNO",
      "x": 6,
      "y": 1,
      "elevation": 4,
      "movement_type": "MOVEMENT_TYPE_FACE_DOWN",
      "movement_range_x": 1,
      "movement_range_y": 1,
      "trainer_type": "TRAINER_TYPE_NONE",
      "trainer_sight_or_berry_tree_id": "0",
      "script": "SeafoamIslands_B4F_EventScript_Articuno",
      "flag": "FLAG_HIDE_ARTICUNO",
      "in_connection": false
    }
  ],
  "warp_events": [
    {
      "x": 25,
      "y": 4,
      "elevation": 0,
      "dest_map": "MAP_SEAFOAM_ISLANDS_B3F",
      "dest_warp_id": "3"
    },
    {
      "x": 11,
      "y": 7,
      "elevation": 0,
      "dest_map": "MAP_SEAFOAM_ISLANDS_B3F",
      "dest_warp_id": "4"
    },
    {
      "x": 5,
      "y": 14,
      "elevation": 0,
      "dest_map": "MAP_SEAFOAM_ISLANDS_B4F",
      "dest_warp_id": "0"
    },
    {
      "x": 5,
      "y": 14,
      "elevation": 0,
      "dest_map": "MAP_SEAFOAM_ISLANDS_B4F",
      "dest_warp_id": "0"
    }
  ],
  "coord_events": [
    {
      "type": "trigger",
      "x": 20,
      "y": 17,
      "elevation": 1,
      "var": "VAR_MAP_SCENE_SEAFOAM_ISLANDS_B4F",
      "var_value": "0",
      "script": "SeafoamIslands_B4F_EventScript_UpwardCurrent"
    },
    {
      "type": "trigger",
      "x": 21,
      "y": 17,
      "elevation": 1,
      "var": "VAR_MAP_SCENE_SEAFOAM_ISLANDS_B4F",
      "var_value": "0",
      "script": "SeafoamIslands_B4F_EventScript_UpwardCurrent"
    }
  ],
  "bg_events": [
    {
      "type": "sign",
      "x": 23,
      "y": 1,
      "elevation": 0,
      "player_facing_dir": "BG_EVENT_PLAYER_FACING_ANY",
      "script": "SeafoamIslands_B4F_EventScript_FastCurrentSign"
    },
    {
      "type": "sign",
      "x": 9,
      "y": 15,
      "elevation": 0,
      "player_facing_dir": "BG_EVENT_PLAYER_FACING_ANY",
      "script": "SeafoamIslands_B4F_EventScript_BoulderHintSign"
    },
    {
      "type": "hidden_item",
      "x": 25,
      "y": 17,
      "elevation": 0,
      "item": "ITEM_ULTRA_BALL",
      "flag": "FLAG_HIDDEN_ITEM_SEAFOAM_ISLANDS_B4F_ULTRA_BALL",
      "quantity": 1,
      "underfoot": false
    }
  ]
}
