{
  "id": "MAP_CERULEAN_CAVE_2F",
  "name": "CeruleanCave_2F",
  "layout": "LAYOUT_CERULEAN_CAVE_2F",
  "music": "MUS_ROCKET_HIDEOUT",
  "region_map_section": "MAPSEC_CERULEAN_CAVE",
  "requires_flash": false,
  "weather": "WEATHER_NONE",
  "map_type": "MAP_TYPE_UNDERGROUND",
  "allow_cycling": true,
  "allow_escaping": true,
  "allow_running": true,
  "show_map_name": true,
  "floor_number": 0,
  "battle_scene": "MAP_BATTLE_SCENE_NORMAL",
  "connections": 0,
  "object_events": [
    {
      "type": "object",
      "graphics_id": "OBJ_EVENT_GFX_ITEM_BALL",
      "x": 29,
      "y": 9,
      "elevation": 3,
      "movement_type": "MOVEMENT_TYPE_FACE_DOWN",
      "movement_range_x": 1,
      "movement_range_y": 1,
      "trainer_type": "TRAINER_TYPE_NONE",
      "trainer_sight_or_berry_tree_id": "0",
      "script": "CeruleanCave_2F_EventScript_ItemPPUp",
      "flag": "FLAG_HIDE_CERULEAN_CAVE_2F_PP_UP",
      "in_connection": false
    },
    {
      "type": "object",
      "graphics_id": "OBJ_EVENT_GFX_ITEM_BALL",
      "x": 4,
      "y": 15,
      "elevation": 3,
      "movement_type": "MOVEMENT_TYPE_FACE_DOWN",
      "movement_range_x": 1,
      "movement_range_y": 1,
      "trainer_type": "TRAINER_TYPE_NONE",
      "trainer_sight_or_berry_tree_id": "0",
      "script": "CeruleanCave_2F_EventScript_ItemUltraBall",
      "flag": "FLAG_HIDE_CERULEAN_CAVE_2F_ULTRA_BALL",
      "in_connection": false
    },
    {
      "type": "object",
      "graphics_id": "OBJ_EVENT_GFX_ITEM_BALL",
      "x": 13,
      "y": 6,
      "elevation": 3,
      "movement_type": "MOVEMENT_TYPE_FACE_DOWN",
      "movement_range_x": 1,
      "movement_range_y": 1,
      "trainer_type": "TRAINER_TYPE_NONE",
      "trainer_sight_or_berry_tree_id": "0",
      "script": "CeruleanCave_2F_EventScript_ItemFullRestore",
      "flag": "FLAG_HIDE_CERULEAN_CAVE_2F_FULL_RESTORE",
      "in_connection": false
    }
  ],
  "warp_events": [
    {
      "x": 29,
      "y": 1,
      "elevation": 3,
      "dest_map": "MAP_CERULEAN_CAVE_1F",
      "dest_warp_id": "1"
    },
    {
      "x": 9,
      "y": 1,
      "elevation": 3,
      "dest_map": "MAP_CERULEAN_CAVE_1F",
      "dest_warp_id": "3"
    },
    {
      "x": 3,
      "y": 11,
      "elevation": 3,
      "dest_map": "MAP_CERULEAN_CAVE_1F",
      "dest_warp_id": "4"
    },
    {
      "x": 22,
      "y": 6,
      "elevation": 3,
      "dest_map": "MAP_CERULEAN_CAVE_1F",
      "dest_warp_id": "5"
    },
    {
      "x": 19,
      "y": 7,
      "elevation": 3,
      "dest_map": "MAP_CERULEAN_CAVE_1F",
      "dest_warp_id": "6"
    },
    {
      "x": 1,
      "y": 3,
      "elevation": 3,
      "dest_map": "MAP_CERULEAN_CAVE_1F",
      "dest_warp_id": "7"
    }
  ],
  "coord_events": [

  ],
  "bg_events": [

  ]
}
