<?xml version="1.0" encoding="UTF-8"?>
<files>
  <file name="Terranigma Redux Hardmode.sfc" source="original">
    <mtime>1745674097</mtime>
    <size>4194304</size>
    <md5>b5e2399c010541a25eb22d1084c79670</md5>
    <crc32>d6d94e28</crc32>
    <sha1>681991a15c874658b154eae5bf124b82f9cac53d</sha1>
    <format>Unknown</format>
    <viruscheck>1745674442</viruscheck>
  </file>
  <file name="Terranigma Redux V1.3.ips" source="original">
    <mtime>1745291796</mtime>
    <size>5270</size>
    <md5>649ae264cfd1a5ae4d4fc2034b0d3838</md5>
    <crc32>83b62553</crc32>
    <sha1>837d36a35622d49869ac29b6ff352359a998bd2a</sha1>
    <format>Unknown</format>
    <viruscheck>1745292150</viruscheck>
  </file>
  <file name="terranigma-redux_archive.torrent" source="metadata">
    <btih>3776e6b760785c976f656d9cfa3da3fd0080308a</btih>
    <mtime>1745674652</mtime>
    <size>2040</size>
    <md5>d7c1f4efd5627f24660bf0521172888b</md5>
    <crc32>7d394251</crc32>
    <sha1>b28f8c5f6dfe742694e53d7b87dc16bf37ba40a3</sha1>
    <format>Archive BitTorrent</format>
  </file>
  <file name="terranigma-redux_files.xml" source="original">
    <format>Metadata</format>
    <md5>25eaacf366f6a37bc718839735add4cc</md5>
    <summation>md5</summation>
  </file>
  <file name="terranigma-redux_meta.sqlite" source="original">
    <mtime>1745674108</mtime>
    <size>20480</size>
    <md5>381a50e8d510985dc76e9e68c3ad2869</md5>
    <crc32>2c260776</crc32>
    <sha1>423ded0080dce3ad0fb4a9fa16fa4b22b65f14cf</sha1>
    <format>Metadata</format>
  </file>
  <file name="terranigma-redux_meta.xml" source="original">
    <mtime>1745674650</mtime>
    <size>4295</size>
    <md5>f74d9f3736c35de340c8ff12d4b510d8</md5>
    <crc32>19eb50ff</crc32>
    <sha1>dcd38cd9932f4c421b99d84c5faf19b3ea65951b</sha1>
    <format>Metadata</format>
  </file>
</files>
