<?xml version="1.0" encoding="UTF-8"?>
<metadata>
  <identifier>terranigma-redux</identifier>
  <mediatype>data</mediatype>
  <collection>opensource_media</collection>
  <creator>FaydGamer</creator>
  <date>2025-03-29</date>
  <description>&lt;p style="text-indent:0.5cm;font-family:Arial, Helvetica, sans-serif;font-size:15px;background-color:rgb(247,250,252);"&gt;Redux Hardmode Now Included!&lt;/p&gt;&lt;p style="text-indent:0.5cm;font-family:Arial, Helvetica, sans-serif;font-size:15px;background-color:rgb(247,250,252);"&gt;Version 1.3&lt;/p&gt;&lt;p style="text-indent:0.5cm;font-family:Arial, Helvetica, sans-serif;font-size:15px;background-color:rgb(247,250,252);"&gt;NTSC Patch Officially Included!&lt;/p&gt;&lt;p style="text-indent:0.5cm;font-family:Arial, Helvetica, sans-serif;font-size:15px;background-color:rgb(247,250,252);"&gt;Updated Variety in Weapon &amp;amp; Armor Bonuses. Boss Balancing Final Update.&lt;/p&gt;&lt;p style="text-indent:0.5cm;font-family:Arial, Helvetica, sans-serif;font-size:15px;background-color:rgb(247,250,252);"&gt;Changes at Bottom&lt;/p&gt;&lt;p style="text-indent:0.5cm;font-family:Arial, Helvetica, sans-serif;font-size:15px;background-color:rgb(247,250,252);"&gt;Terranigma Redux!&lt;/p&gt;&lt;ul style="font-family:Arial, Helvetica, sans-serif;font-size:15px;background-color:rgb(247,250,252);"&gt;&lt;li&gt;Weapon and Armor now have various bonuses and effects that balances progression, making weapon and armor decisions meaningful.&lt;/li&gt;&lt;li&gt;Weapons and Armor now come at proper stages instead of being available late game but have no use due to already been giving a stronger choice.&lt;/li&gt;&lt;li&gt;Effects and Bonus for Armors and Weapons at bottom of Description.&lt;/li&gt;&lt;li&gt;Make sure to check your Mirror when you get new Weapon or Armor, plans to make Bonuses and Effects Show within Inventory and Shops. My skill level is not here yet so do not wait or expect this update for a while. if anyone would like to help or make add ons to Redux, please feel free.&lt;/li&gt;&lt;li&gt;Overworld Map Locations will be easier to locate. No changes to in game dungeons or towns. Plans to make exploration a bit easier in future updates.&lt;/li&gt;&lt;li&gt;Boss Adjustments; now scale properly.&lt;/li&gt;&lt;/ul&gt;&lt;p style="text-indent:0.5cm;font-family:Arial, Helvetica, sans-serif;font-size:15px;background-color:rgb(247,250,252);"&gt;Balanced Magic:&lt;/p&gt;&lt;ul style="font-family:Arial, Helvetica, sans-serif;font-size:15px;background-color:rgb(247,250,252);"&gt;&lt;li&gt;Damage Based off Magirock Cost;&lt;/li&gt;&lt;li&gt;45 Damage / 1 Magirock&lt;/li&gt;&lt;li&gt;65 Damage / 2 Magirocks&lt;/li&gt;&lt;li&gt;85 Damage / 3 Magirocks&lt;/li&gt;&lt;/ul&gt;&lt;p style="text-indent:0.5cm;font-family:Arial, Helvetica, sans-serif;font-size:15px;background-color:rgb(247,250,252);"&gt;Slight early enemy changes for balancing;&lt;/p&gt;&lt;ul style="font-family:Arial, Helvetica, sans-serif;font-size:15px;background-color:rgb(247,250,252);"&gt;&lt;li&gt;Hueball - Increased to 4 Gems&lt;/li&gt;&lt;li&gt;Whisp - Increased to 8 Gems.&lt;/li&gt;&lt;li&gt;Living Statue - Decreased to 16 HP.&lt;/li&gt;&lt;li&gt;Gall Fish - Increased to 3 Gems.&lt;/li&gt;&lt;li&gt;Perinton - Increased to 8 Gems.&lt;/li&gt;&lt;li&gt;Douma - Increased to 38 Gems.&lt;/li&gt;&lt;li&gt;Sabredog - Increased to 43 &amp;amp; 52 Gems.&lt;/li&gt;&lt;li&gt;Sabredog - Increased Drop Rate to 50%&lt;/li&gt;&lt;/ul&gt;&lt;p style="text-indent:0.5cm;font-family:Arial, Helvetica, sans-serif;font-size:15px;background-color:rgb(247,250,252);"&gt;Forum with Previous Version Updates, Changes and Anything Upcoming&lt;/p&gt;&lt;p style="text-indent:0.5cm;font-family:Arial, Helvetica, sans-serif;font-size:15px;background-color:rgb(247,250,252);"&gt;https://www.romhacking.net/forum/index.php?topic=40129.0&lt;/p&gt;</description>
  <scanner>Internet Archive HTML5 Uploader 1.7.0</scanner>
  <subject>Terranigma Redux</subject>
  <title>Terranigma Redux</title>
  <uploader>faydpromotions@gmail.com</uploader>
  <publicdate>2025-03-30 04:21:34</publicdate>
  <addeddate>2025-03-30 04:21:34</addeddate>
  <curation>[curator]validator@archive.org[/curator][date]20250330042711[/date][comment]checked for malware[/comment]</curation>
</metadata>
