{
  "id": "MAP_MAGMA_HIDEOUT_2F_2R",
  "name": "MagmaHideout_2F_2R",
  "layout": "LAYOUT_MAGMA_HIDEOUT_2F_2R",
  "music": "MUS_AQUA_MAGMA_HIDEOUT",
  "region_map_section": "MAPSEC_MAGMA_HIDEOUT",
  "requires_flash": false,
  "weather": "WEATHER_NONE",
  "map_type": "MAP_TYPE_UNDERGROUND",
  "allow_cycling": true,
  "allow_escaping": true,
  "allow_running": true,
  "show_map_name": true,
  "battle_scene": "MAP_BATTLE_SCENE_NORMAL",
  "connections": 0,
  "object_events": [
    {
      "graphics_id": "OBJ_EVENT_GFX_ITEM_BALL",
      "x": 21,
      "y": 7,
      "elevation": 3,
      "movement_type": "MOVEMENT_TYPE_LOOK_AROUND",
      "movement_range_x": 1,
      "movement_range_y": 1,
      "trainer_type": "TRAINER_TYPE_NONE",
      "trainer_sight_or_berry_tree_id": "0",
      "script": "MagmaHideout_2F_2R_EventScript_MaxElixir",
      "flag": "FLAG_ITEM_MAGMA_HIDEOUT_2F_2R_MAX_ELIXIR"
    },
    {
      "graphics_id": "OBJ_EVENT_GFX_ITEM_BALL",
      "x": 14,
      "y": 6,
      "elevation": 3,
      "movement_type": "MOVEMENT_TYPE_LOOK_AROUND",
      "movement_range_x": 1,
      "movement_range_y": 1,
      "trainer_type": "TRAINER_TYPE_NONE",
      "trainer_sight_or_berry_tree_id": "0",
      "script": "MagmaHideout_2F_2R_EventScript_ItemFullRestore",
      "flag": "FLAG_ITEM_MAGMA_HIDEOUT_2F_2R_FULL_RESTORE"
    }
  ],
  "warp_events": [
    {
      "x": 10,
      "y": 22,
      "elevation": 3,
      "dest_map": "MAP_MAGMA_HIDEOUT_2F_1R",
      "dest_warp_id": "0"
    },
    {
      "x": 36,
      "y": 4,
      "elevation": 0,
      "dest_map": "MAP_MAGMA_HIDEOUT_1F",
      "dest_warp_id": "2"
    }
  ],
  "coord_events": [

  ],
  "bg_events": [

  ]
}
