<?xml version="1.0" encoding="UTF-8"?>
<files>
  <file name="VS Puyo Puyo Sun Sound Fix.ips" source="original">
    <mtime>1751927902</mtime>
    <size>14</size>
    <md5>e57ff6bf48bf2745073b13b55ec16758</md5>
    <crc32>3dc0a4b1</crc32>
    <sha1>9fe361186084e89e9337699930c157b30aaf4f7f</sha1>
    <format>Unknown</format>
    <viruscheck>1751928247</viruscheck>
  </file>
  <file name="vs-puyo-puyo-sun-sound-fix_archive.torrent" source="metadata">
    <btih>519cb225c91a09ebaad79b052b51c3660f699601</btih>
    <mtime>1751928249</mtime>
    <size>1785</size>
    <md5>4937b3a0b37d931c9c85e929a3a7d913</md5>
    <crc32>eb933376</crc32>
    <sha1>02b7f3f12ba061d9f07f1fe5184f74b5ec3894f2</sha1>
    <format>Archive BitTorrent</format>
  </file>
  <file name="vs-puyo-puyo-sun-sound-fix_files.xml" source="original">
    <format>Metadata</format>
    <md5>dee0508b912b232fc7c3c150187a8509</md5>
    <summation>md5</summation>
  </file>
  <file name="vs-puyo-puyo-sun-sound-fix_meta.sqlite" source="original">
    <mtime>1751927931</mtime>
    <size>20480</size>
    <md5>b8876d2f1f964c6d0c05bf17e723d194</md5>
    <crc32>5e9ceb68</crc32>
    <sha1>34572142040a483fb07a174d61882c4e73bcd90c</sha1>
    <format>Metadata</format>
  </file>
  <file name="vs-puyo-puyo-sun-sound-fix_meta.xml" source="original">
    <mtime>1751928248</mtime>
    <size>1220</size>
    <md5>edf885eacd6acd6d705d2e62885c3c7f</md5>
    <crc32>395850b7</crc32>
    <sha1>c320c98527c11df479062a39a23c5ab28bbed3c4</sha1>
    <format>Metadata</format>
  </file>
</files>
