<?xml version="1.0" encoding="UTF-8"?>
<metadata>
  <identifier>vs-puyo-puyo-sun-sound-fix</identifier>
  <mediatype>software</mediatype>
  <collection>open_source_software</collection>
  <description>A ROM hack of VS Puyo Puyo Sun for the Sega Genesis Mini 2 / Mega Drive Mini 2. Full credit goes to YouTube user Clownacy for the video &lt;a href="https://www.youtube.com/watch?v=V8sI-7S7hAA" rel="ugc nofollow"&gt;https://www.youtube.com/watch?v=V8sI-7S7hAA&lt;/a&gt;, "I fixed VS Puyo Puyo Sun's audio." This hack is ONLY compatible with the USA / Europe ROM, VS Puyo Puyo Sun (Mega Drive Mini 2, Genesis Mini 2).md.</description>
  <language>eng</language>
  <licenseurl>https://creativecommons.org/publicdomain/zero/1.0/</licenseurl>
  <scanner>Internet Archive HTML5 Uploader 1.7.0</scanner>
  <subject>Gaming</subject>
  <title>VS Puyo Puyo Sun Sound Fix Hack</title>
  <subject>Puyo Puyo</subject>
  <subject>Retro Gaming</subject>
  <uploader>redingelliot@gmail.com</uploader>
  <publicdate>2025-07-07 22:38:40</publicdate>
  <addeddate>2025-07-07 22:38:40</addeddate>
  <curation>[curator]validator@archive.org[/curator][date]20250707224407[/date][comment]checked for malware[/comment]</curation>
</metadata>
