{
  "$1656": {
    "Object Clipping": 0,
    "Can be jumped on": false,
    "Dies when jumped on": false,
    "Hop in/kick shell": false,
    "Disappears in cloud of smoke": false
  },
  "$1662": {
    "Sprite Clipping": 55,
    "Use shell as death frame": false,
    "Fall straight down when killed": true
  },
  "$166E": {
    "Use second graphics page": true,
    "Palette": 1,
    "Disable fireball killing": true,
    "Disable cape killing": true,
    "Disable water splash": false,
    "Don't interact with Layer 2": false
  },
  "$167A": {
    "Don't disable cliping when starkilled": true,
    "Invincible to star/cape/fire/bounce blk.": true,
    "Process when off screen": true,
    "Don't change into shell when stunned": true,
    "Can't be kicked like shell": true,
    "Process interaction with Mario every frame": true,
    "Gives power-up when eaten by yoshi": false,
    "Don't use default interaction with Mario": true
  },
  "$1686": {
    "Inedible": true,
    "Stay in Yoshi's mouth": false,
    "Weird ground behaviour": false,
    "Don't interact with other sprites": false,
    "Don't change direction if touched": false,
    "Don't turn into coin when goal passed": false,
    "Spawn a new sprite": false,
    "Don't interact with objects": false
  },
  "$190F": {
    "Make platform passable from below": false,
    "Don't erase when goal passed": false,
    "Can't be killed by sliding": false,
    "Takes 5 fireballs to kill": false,
    "Can be jumped on with upwards Y speed": false,
    "Death frame two tiles high": false,
    "Don't turn into a coin with silver POW": false,
    "Don't get stuck in walls (carryable sprites)": false
  },
  "AsmFile": "clusterspawn.asm",
  "ActLike": 54,
  "Type": 1,
  "Extra Property Byte 1": 7,
  "Extra Property Byte 2": 0,
  "Additional Byte Count (extra bit clear)": 0,
  "Additional Byte Count (extra bit set)": 0,
  "Map16": "",
  "Displays": [
    {
      "Description": "Once on screen, it will cause sand particles to appear and fly by. (purely decorative)",
      "ExtraBit": false,
      "Tiles": [
        {
          "X offset": 0,
          "Y offset": 0,
          "map16 tile": 0
        }
      ],
      "X": 0,
      "Y": 0,
      "DisplayText": "Cluster Sandstorm\\nSpawner",
      "UseText": true
    }
  ],
  "Collection": [
    {
      "Name": "Cluster Sandstorm Spawner",
      "ExtraBit": false,
      "Extra Property Byte 1": 0,
      "Extra Property Byte 2": 0,
      "Extra Property Byte 3": 0,
      "Extra Property Byte 4": 0
    }
  ]
}