<?xml version="1.0" encoding="UTF-8"?>
<metadata>
  <identifier>sillymelee-sily</identifier>
  <mediatype>software</mediatype>
  <collection>open_source_software</collection>
  <creator>Alpharad</creator>
  <date>2015-12-23</date>
  <description>                            SILLY MELEE&lt;br /&gt;-THE GIFT THAT WILL NEVER STOP GIVING-&lt;br /&gt;&lt;br /&gt;Credits:&lt;br /&gt;Modding - Alpharad, MagicScrumpy, 20XX Devs&lt;br /&gt;Playtesting - Mr. Meeseeks, Hona, JD, Typo, Dad, American Bowser, Junebug, Rice&lt;br /&gt;YouTubers - Keyori, Heeeww&lt;br /&gt;Website - Jackson Fall&lt;br /&gt;&lt;br /&gt;Changelog: &lt;a href="https://web.archive.org/web/20161219072836/http://sillymelee.com/changelog" rel="nofollow"&gt;https://web.archive.org/web/20161219072836/http://sillymelee.com/changelog&lt;/a&gt;&lt;br /&gt;Playlist: &lt;a href="https://www.youtube.com/playlist?list=PLxFyf9PFwQ3z5GstS3lhV4NsVcF1GpjrF" rel="nofollow"&gt;https://www.youtube.com/playlist?list=PLxFyf9PFwQ3z5GstS3lhV4NsVcF1GpjrF&lt;/a&gt;&lt;br /&gt;&lt;br /&gt;Installation Instructions (Sorta)&lt;br /&gt;For patching the ISO, get an XDelta patcher and apply a patch file to an ISO copy of Super Smash Bros. Melee (USA) v1.02&lt;br /&gt;&lt;a href="https://sdremix.games/installation/iso-hacking/" rel="nofollow"&gt;https://sdremix.games/installation/iso-hacking/&lt;/a&gt;&lt;br /&gt;If you don't care about version history, just download v1.01 which should work perfectly fine on most setups.&lt;br /&gt;&lt;br /&gt;I'm distributing these as xdelta patches because they're smaller, don't have all the copyrighted code of the original game, and outright require the original game to be played.&lt;br /&gt;&lt;br /&gt;&lt;br /&gt;MD5 Checksums / Hashes / Whatever&lt;br /&gt;Melee 1.02 NTSC-U&lt;br /&gt;0e63d4223b01d9aba596259dc155a174&lt;br /&gt;Silly Melee v0.9 SILY01&lt;br /&gt;63d6c4ca6e80d1ba229d9f17209a67b0&lt;br /&gt;Silly Melee v0.9 SILE01&lt;br /&gt;efc4d360de7bbd875f2c1875532ed5f9&lt;br /&gt;Silly Melee v1.01 GALE01&lt;br /&gt;4c2d0559365533b252cad8caf406a94e&lt;br /&gt;&lt;br /&gt;Basically, Silly Melee had an incorrect region setting in the header, which caused Dolphin and other software to not recognize it properly. I believe the only difference is the header:&lt;br /&gt;Original 0.9 titleid was SILY01 (PAL? / Invalid Region)&lt;br /&gt;Patched 0.9 titleid was SILE01 (NTSC-U)&lt;br /&gt;Updated 1.01 (by Alpharad) titleid was GALE01 (NTSC-U)&lt;br /&gt;&lt;br /&gt;For more info on version history, see: &lt;a href="https://www.reddit.com/r/smashbros/comments/3ytttj/want_to_play_silly_melee_at_60fps_with_dolphin/" rel="nofollow"&gt;https://www.reddit.com/r/smashbros/comments/3ytttj/want_to_play_silly_melee_at_60fps_with_dolphin/&lt;/a&gt;&lt;br /&gt;&lt;br /&gt;&lt;br /&gt;This is sourced from my own independent research.&lt;br /&gt;Other archive.org entry: &lt;a href="https://archive.org/details/sillymelee" rel="nofollow"&gt;https://archive.org/details/sillymelee&lt;/a&gt;</description>
  <language>eng</language>
  <scanner>Internet Archive HTML5 Uploader 1.6.4</scanner>
  <subject>alpharad; super smash bros.; melee; rom; hack; nkit; iso</subject>
  <subject>magicscrumpy</subject>
  <title>Silly Melee XDelta Patches</title>
  <uploader>chainswordcs@gmail.com</uploader>
  <publicdate>2020-11-02 09:13:58</publicdate>
  <addeddate>2020-11-02 09:13:58</addeddate>
  <curation>[curator]validator@archive.org[/curator][date]20201102092055[/date][comment]checked for malware[/comment]</curation>
  <year>2015</year>
  <collection>community</collection>
</metadata>
