<?xml version="1.0" encoding="UTF-8"?>
<files>
  <file name="Silly Melee v0.9 SILE01.xdelta" source="original">
    <mtime>1604308459</mtime>
    <size>10677355</size>
    <md5>b74e7f0dc59223b93fba9d917b044555</md5>
    <crc32>6f4bf8a0</crc32>
    <sha1>b50ee21bbd793a7c9314e5d0b21c538d0212a7b8</sha1>
    <format>Unknown</format>
  </file>
  <file name="Silly Melee v0.9 SILY01.xdelta" source="original">
    <mtime>1604308407</mtime>
    <size>10677372</size>
    <md5>087e449ba9f419d9d6c2471896ad6b29</md5>
    <crc32>33f2b4c2</crc32>
    <sha1>1291705a352a00a4a0b905c933b6dbdc791363a2</sha1>
    <format>Unknown</format>
  </file>
  <file name="Silly Melee v1.01 GALE01.xdelta" source="original">
    <mtime>1604308443</mtime>
    <size>10675535</size>
    <md5>5b4d86caebcce8154851a8a77c74ff39</md5>
    <crc32>98254c42</crc32>
    <sha1>4e7e9cc1a31881caf2fa9a40b65175174a915fab</sha1>
    <format>Unknown</format>
  </file>
  <file name="sillymelee-sily_archive.torrent" source="metadata">
    <btih>0ce17523cf84cc834352d82de653d786e98db81a</btih>
    <mtime>1728154074</mtime>
    <size>3291</size>
    <md5>1e915397914586bf1209d2af5560366f</md5>
    <crc32>851e62a6</crc32>
    <sha1>3ffb78509f903336d17d4ade6d9e0ee92e426cbf</sha1>
    <format>Archive BitTorrent</format>
  </file>
  <file name="sillymelee-sily_files.xml" source="original">
    <format>Metadata</format>
    <md5>0e4836185fc7ac3ced40a96f9d67a5c1</md5>
    <summation>md5</summation>
  </file>
  <file name="sillymelee-sily_meta.sqlite" source="original">
    <mtime>1604308468</mtime>
    <size>31744</size>
    <md5>553535cffbfc71402d8394ac5c9fc0ea</md5>
    <crc32>ca32aab6</crc32>
    <sha1>7f4ea9efbf67193be49165e21b2335c9623a268b</sha1>
    <format>Metadata</format>
  </file>
  <file name="sillymelee-sily_meta.xml" source="original">
    <mtime>1613681745</mtime>
    <size>3609</size>
    <md5>61512fb066881a8362facf9deb462c1a</md5>
    <crc32>6704094b</crc32>
    <sha1>0d955279f13bc7394603e9627aebbdbc3b1a92b6</sha1>
    <format>Metadata</format>
  </file>
</files>
