<?xml version="1.0" encoding="UTF-8"?>
<files>
  <file name="Mega Man Legends 2 (USA) [PSP Improvements v1.0].zip" source="original">
    <mtime>1711669695</mtime>
    <size>463450</size>
    <md5>4c1255bcf095d74caa1f6bd91c77356c</md5>
    <crc32>41fc4892</crc32>
    <sha1>dbdb1bc3563fe4b7f9a6707d9031852f709ce70f</sha1>
    <format>ZIP</format>
    <filecount>2</filecount>
    <viruscheck>1711676912</viruscheck>
  </file>
  <file name="Mega Man Legends 2 (USA) [PSP Improvements v1.1].zip" source="original">
    <mtime>1712038448</mtime>
    <size>466583</size>
    <md5>b8bd35465539573a5ca1f96cd6625307</md5>
    <crc32>cec1ff32</crc32>
    <sha1>76499ec8e42292e72f298e119183d99e19de3392</sha1>
    <format>ZIP</format>
    <filecount>2</filecount>
    <viruscheck>1712038785</viruscheck>
  </file>
  <file name="Readme.txt" source="original">
    <mtime>1712038451</mtime>
    <size>21720</size>
    <md5>bf1ac3760ce2a29ae385924de5834841</md5>
    <crc32>15e5803c</crc32>
    <sha1>8548d19b9e6ff9e7d831a4e7da61edb3efe691ec</sha1>
    <format>Text</format>
    <viruscheck>1712038785</viruscheck>
  </file>
  <file name="Rockman Dash 2 - Episode 2 - Ooinaru Isan (Japan) [PSP Improvements v1.1].zip" source="original">
    <mtime>1712038455</mtime>
    <size>475002</size>
    <md5>b1643f12ec761b03c3169bfb4fc73a1c</md5>
    <crc32>f6f827af</crc32>
    <sha1>377b00d81e719f564f79313a8c42832fb878a478</sha1>
    <format>ZIP</format>
    <filecount>2</filecount>
    <viruscheck>1712038785</viruscheck>
  </file>
  <file name="__ia_thumb.jpg" source="original">
    <mtime>1711676497</mtime>
    <size>6446</size>
    <md5>929baf52c0dc694523a22760e0a8fde0</md5>
    <crc32>ae33a1ae</crc32>
    <sha1>d2eaae8e7a582346b90926023fc8e9987f2af4a2</sha1>
    <format>Item Tile</format>
  </file>
  <file name="mml2_pspimp.thumbs/mml2_v2_000001.jpg" source="derivative">
    <format>Thumbnail</format>
    <original>mml2_v2.mp4</original>
    <mtime>1711675796</mtime>
    <size>27773</size>
    <md5>d1ef9cc0f228c782e139d973b589a810</md5>
    <crc32>c9715b59</crc32>
    <sha1>711156b0022cd836541dcce5593f4e2927b8f038</sha1>
  </file>
  <file name="mml2_pspimp.thumbs/mml2_v2_000015.jpg" source="derivative">
    <format>Thumbnail</format>
    <original>mml2_v2.mp4</original>
    <mtime>1711675798</mtime>
    <size>33714</size>
    <md5>fdc87158b5633eb85dd782a835aaf91b</md5>
    <crc32>a8d6b231</crc32>
    <sha1>cf8be2ac51dccebb0e5dff8621d8fcc643e7a01f</sha1>
  </file>
  <file name="mml2_pspimp.thumbs/mml2_v2_000020.jpg" source="derivative">
    <format>Thumbnail</format>
    <original>mml2_v2.mp4</original>
    <mtime>1711675799</mtime>
    <size>35404</size>
    <md5>39434e328a8cc44cd1e5f09455e84759</md5>
    <crc32>135dc309</crc32>
    <sha1>23e13506a43f20b7c69a37ee2d83676a89423438</sha1>
  </file>
  <file name="mml2_pspimp.thumbs/mml2_v2_000025.jpg" source="derivative">
    <format>Thumbnail</format>
    <original>mml2_v2.mp4</original>
    <mtime>1711675800</mtime>
    <size>47463</size>
    <md5>cb5e036d8b28cb256f0efcf91225962c</md5>
    <crc32>93de8188</crc32>
    <sha1>044da0d163d90a5e5b5ce703a2c2bb390b4c403c</sha1>
  </file>
  <file name="mml2_pspimp.thumbs/mml2_v2_000030.jpg" source="derivative">
    <format>Thumbnail</format>
    <original>mml2_v2.mp4</original>
    <mtime>1711675802</mtime>
    <size>36150</size>
    <md5>eb50353b0df5e6f66a696cf25ef758fa</md5>
    <crc32>51770051</crc32>
    <sha1>8728da740a796bd38387ee4ce06779b85e6f9f6d</sha1>
  </file>
  <file name="mml2_pspimp.thumbs/mml2_v2_000035.jpg" source="derivative">
    <format>Thumbnail</format>
    <original>mml2_v2.mp4</original>
    <mtime>1711675803</mtime>
    <size>41724</size>
    <md5>3651661f330771cfb0d5c5d4f2885339</md5>
    <crc32>a3ee7c80</crc32>
    <sha1>97d80fdf31f818a7a1843f3859f079f973f3a3f1</sha1>
  </file>
  <file name="mml2_pspimp.thumbs/mml2_v2_000040.jpg" source="derivative">
    <format>Thumbnail</format>
    <original>mml2_v2.mp4</original>
    <mtime>1711675804</mtime>
    <size>39489</size>
    <md5>56161b5713fb89c913ed20421bb10334</md5>
    <crc32>fbb3fc0e</crc32>
    <sha1>918d10c59dddac7c992e50d90a0c977fb2a303ce</sha1>
  </file>
  <file name="mml2_pspimp_archive.torrent" source="metadata">
    <btih>61778b4814cf17d0aa55eb4af2bc8c84d832c53f</btih>
    <mtime>1712038469</mtime>
    <size>6665</size>
    <md5>26fa417409bca00dad10c7cd3d87289d</md5>
    <crc32>2e3539a9</crc32>
    <sha1>f88d726887b89a2a531bb0776b48ceab8ad3d20a</sha1>
    <format>Archive BitTorrent</format>
  </file>
  <file name="mml2_pspimp_files.xml" source="original">
    <format>Metadata</format>
    <md5>d430e8beb6e519e60cd93052f3428b59</md5>
    <summation>md5</summation>
  </file>
  <file name="mml2_pspimp_meta.sqlite" source="original">
    <mtime>1712038459</mtime>
    <size>32768</size>
    <md5>7e65bf52590fe00d0440141687e9c378</md5>
    <crc32>7f5c0eb5</crc32>
    <sha1>d397bbef7d23bd464680a9771e043e399d2fa954</sha1>
    <format>Metadata</format>
  </file>
  <file name="mml2_pspimp_meta.xml" source="original">
    <mtime>1711666812</mtime>
    <size>830</size>
    <md5>ee6504d86e0503afcaf859955065067b</md5>
    <crc32>8c658ca9</crc32>
    <sha1>0f065e0205282fc0c83ff3519178c1daeb7cbc2c</sha1>
    <format>Metadata</format>
  </file>
  <file name="mml2_v2.ia.mp4" source="derivative">
    <format>h.264 IA</format>
    <original>mml2_v2.mp4</original>
    <mtime>1711677990</mtime>
    <size>4324567</size>
    <md5>4464455f7aaa83002f94fd8a58635dd6</md5>
    <crc32>fe55bff5</crc32>
    <sha1>553b884fc782b1bf55ac2eea67288c9d803c1726</sha1>
    <length>41.61</length>
    <width>854</width>
    <height>480</height>
  </file>
  <file name="mml2_v2.mp4" source="original">
    <mtime>1711668331</mtime>
    <size>96081486</size>
    <md5>9117c0e3929375efd08efd8c70f8cbc3</md5>
    <crc32>e145e34a</crc32>
    <sha1>f6d49163b442aac6b720e87d021357b3be36d503</sha1>
    <format>MPEG4</format>
    <length>41.6</length>
    <width>1920</width>
    <height>1080</height>
  </file>
</files>
