<?xml version="1.0" encoding="UTF-8"?>
<metadata>
  <identifier>mml2_pspimp</identifier>
  <mediatype>software</mediatype>
  <collection>open_source_software</collection>
  <description>&lt;div&gt;This is a hack for the PS1 version of Mega Man Legends 2 that replicates a couple of&lt;/div&gt;&lt;div&gt;the adjustments the game got for the japan-exclusive PSP port.&lt;/div&gt;</description>
  <scanner>Internet Archive HTML5 Uploader 1.7.0</scanner>
  <subject>romhacking ps1 megaman</subject>
  <title>Mega Man Legends 2 - PSP Improvements Hack</title>
  <uploader>acediez@gmail.com</uploader>
  <publicdate>2024-03-02 21:23:10</publicdate>
  <addeddate>2024-03-02 21:23:10</addeddate>
  <curation>[curator]validator@archive.org[/curator][date]20240302212832[/date][comment]checked for malware[/comment]</curation>
</metadata>
