{
  "id": "MAP_MUDDY_UNDERPASS",
  "name": "MuddyUnderpass",
  "layout": "LAYOUT_MUDDY_UNDERPASS",
  "music": "MUS_CAVE",
  "region_map_section": "MAPSEC_MUDDY_UNDERPASS",
  "requires_flash": false,
  "weather": "WEATHER_NONE",
  "map_type": "MAP_TYPE_UNDERGROUND",
  "allow_cycling": true,
  "allow_escaping": true,
  "allow_running": true,
  "show_map_name": true,
  "battle_scene": "MAP_BATTLE_SCENE_NORMAL",
  "connections": 0,
  "object_events": [

  ],
  "warp_events": [
    {
      "x": 73,
      "y": 7,
      "elevation": 3,
      "dest_map": "MAP_UNION_CITY_ABANDONED_MUSEUM",
      "dest_warp_id": "2"
    },
    {
      "x": 5,
      "y": 11,
      "elevation": 3,
      "dest_map": "MAP_ANHEIM_FOREST_HOUSE1",
      "dest_warp_id": "0"
    }
  ],
  "coord_events": [
    {
      "type": "trigger",
      "x": 73,
      "y": 7,
      "elevation": 0,
      "var": "VAR_ABANDONED_MUSEUM_STATE",
      "var_value": "0",
      "script": "WarpToMuseum2"
    }
  ],
  "bg_events": [

  ]
}
