<NotepadPlus>
    <UserLang name="Asar" ext="asm asr" udlVersion="2.1">
        <Settings>
            <Global caseIgnored="yes" allowFoldOfComments="yes" foldCompact="no" forcePureLC="0" decimalSeparator="0" />
            <Prefix Keywords1="yes" Keywords2="yes" Keywords3="no" Keywords4="no" Keywords5="no" Keywords6="yes" Keywords7="no" Keywords8="no" />
        </Settings>
        <KeywordLists>
            <Keywords name="Comments">00; 01 02 03 04</Keywords>
            <Keywords name="Numbers, prefix1">% $</Keywords>
            <Keywords name="Numbers, prefix2">$ %</Keywords>
            <Keywords name="Numbers, extras1">A B C D E F a b c d e f</Keywords>
            <Keywords name="Numbers, extras2"></Keywords>
            <Keywords name="Numbers, suffix1"></Keywords>
            <Keywords name="Numbers, suffix2"></Keywords>
            <Keywords name="Numbers, range"></Keywords>
            <Keywords name="Operators1">== != &gt;= &lt;= &gt; &lt; = + - * / &lt;&lt; &gt;&gt; | &amp; ~ ^ ( ) , : -&gt; &amp;&amp; || ?= # [ ] . \</Keywords>
            <Keywords name="Operators2"></Keywords>
            <Keywords name="Folders in code1, open">{</Keywords>
            <Keywords name="Folders in code1, middle"></Keywords>
            <Keywords name="Folders in code1, close">}</Keywords>
            <Keywords name="Folders in code2, open">macro if while struct for</Keywords>
            <Keywords name="Folders in code2, middle">else elseif</Keywords>
            <Keywords name="Folders in code2, close">endmacro endif endstruct endwhile endfor</Keywords>
            <Keywords name="Folders in comment, open"></Keywords>
            <Keywords name="Folders in comment, middle"></Keywords>
            <Keywords name="Folders in comment, close"></Keywords>
            <Keywords name="Keywords1">! ?</Keywords>
            <Keywords name="Keywords2">@</Keywords>
            <Keywords name="Keywords3">lorom hirom exlorom exhirom sa1rom fullsa1rom sfxrom norom macro endmacro incbin incsrc fillbyte fillword filllong filldword fill pad padbyte padword padlong paddword table cleartable ltr rtl skip namespace import print org warnpc base on off reset bytes freespaceuse pc hex freespace freecode freedata ram noram align cleaned static autoclean autoclear prot pushpc pullpc pushbase pullbase function if else elseif endif assert arch 65816 spc700 spc700-inline superfx math pri round warn xkas bank noassume auto asar include includefrom includeonce error warn skip double round pushtable pulltable undef extends check title nested bankcross warnings push pull disable enable global</Keywords>
            <Keywords name="Keywords4">db dw dl dd adc and asl bcc blt bcs bge beq bit bmi bne bpl bra brk brl bvc bvs clc cld cli clv cmp cop cpx cpy dec dea dex dey eor inc ina inx iny jmp jml jsr jsl lda ldx ldy lsr mvn mvp nop ora pea pei per pha phb phd phk php phx phy pla plb pld plp plx ply rep rol ror rti rtl rts sbc sec sed sei sep sta stp stx sty stz tax tay tcd tcs tdc trb tsc tsb tsx txa txs txy tya tyx wai wdm xba xce s x y b w l a r0 r1 r2 r3 r4 r5 r6 r7 r8 r9 r10 r11 r12 r13 r14 r15 add alt1 alt2 alt3 asr bic cache cmode color div2 fmult from getb getbh getbl getbs getc hib ibt iwt ldb ldw link ljmp lm lms lmult lob loop merge mult not or plot ramb romb rpix sbk sex sm sms stb stop stw sub swap to umult with xor addw ya and1 c bbc0 bbc1 bbc2 bbc3 bbc4 bbc5 bbc6 bbc7 bbs0 bbs1 bbs2 bbs3 bbs4 bbs5 bbs6 bbs7 call cbne clr0 clr1 clr2 clr3 clr4 clr5 clr6 clr7 clrc clrp clrv cmpw daa das dbnz decw di div ei eor1 incw mov sp mov1 movw mul not1 notc or1 pcall pop p push ret reti set0 set1 set2 set3 set4 set5 set6 set7 setc setp sleep subw tcall tclr tset xcn lea move moves moveb movew</Keywords>
            <Keywords name="Keywords5">read1 read2 read3 read4 canread1 canread2 canread4 sqrt sin cos tan asin acos atan arcsin arccos arctan log log10 log2 _read1 _read2 _read3 _read4 _canread1 _canread2 _canread4 _sqrt _sin _cos _tan _asin _acos _atan _arcsin _arccos _arctan _log _log10 _log2 readfile1 _readfile1 readfile2 _readfile2 readfile3 _readfile3 readfile4 _readfile4 canreadfile1 _canreadfile1 canreadfile2 _canreadfile2 canreadfile3 _canreadfile3 canreadfile4 _canreadfile4 canreadfile _canreadfile snestopc _snestopc pctosnes _pctosnes max _max min _min clamp _clamp safediv _safediv select _select not _not equal _equal notequal _notequal less _less lessequal _lessequal greater _greater greaterequal _greaterequal and _and or _or nand _nand nor _nor xor _xor defined _defined filesize _filesize getfilestatus _getfilestatus sizeof _sizeof objectsize _objectsize stringsequal _stringsequal stringsequalnocase _stringsequalnocase</Keywords>
            <Keywords name="Keywords6">%</Keywords>
            <Keywords name="Keywords7"></Keywords>
            <Keywords name="Keywords8"></Keywords>
            <Keywords name="Delimiters">00&quot; 01 02&quot; 03&apos; 04 05&apos; 06 07 08 09 10 11 12 13 14 15 16 17 18 19 20 21 22 23</Keywords>
        </KeywordLists>
        <Styles>
            <WordsStyle name="DEFAULT" fgColor="000000" bgColor="FFFFFF" fontStyle="0" nesting="0" />
            <WordsStyle name="COMMENTS" fgColor="000000" bgColor="FFFFFF" fontStyle="0" nesting="0" />
            <WordsStyle name="LINE COMMENTS" fgColor="008000" bgColor="FFFFFF" fontStyle="0" nesting="0" />
            <WordsStyle name="NUMBERS" fgColor="FF8000" bgColor="FFFFFF" fontStyle="0" nesting="0" />
            <WordsStyle name="KEYWORDS1" fgColor="804040" bgColor="FFFFFF" fontStyle="1" nesting="0" />
            <WordsStyle name="KEYWORDS2" fgColor="804040" bgColor="FFFFFF" fontStyle="0" nesting="0" />
            <WordsStyle name="KEYWORDS3" fgColor="8080FF" bgColor="FFFFFF" fontStyle="0" nesting="0" />
            <WordsStyle name="KEYWORDS4" fgColor="0000FF" bgColor="FFFFFF" fontStyle="1" nesting="0" />
            <WordsStyle name="KEYWORDS5" fgColor="800000" bgColor="FFFFFF" fontStyle="3" nesting="0" />
            <WordsStyle name="KEYWORDS6" fgColor="804040" bgColor="FFFFFF" fontStyle="1" nesting="0" />
            <WordsStyle name="KEYWORDS7" fgColor="000000" bgColor="FFFFFF" fontStyle="0" nesting="0" />
            <WordsStyle name="KEYWORDS8" fgColor="000000" bgColor="FFFFFF" fontStyle="0" nesting="0" />
            <WordsStyle name="OPERATORS" fgColor="8000FF" bgColor="FFFFFF" fontStyle="0" nesting="0" />
            <WordsStyle name="FOLDER IN CODE1" fgColor="FF8080" bgColor="FFFFFF" fontStyle="0" nesting="0" />
            <WordsStyle name="FOLDER IN CODE2" fgColor="B97373" bgColor="FFFFFF" fontStyle="0" nesting="0" />
            <WordsStyle name="FOLDER IN COMMENT" fgColor="000000" bgColor="FFFFFF" fontStyle="0" nesting="0" />
            <WordsStyle name="DELIMITERS1" fgColor="808080" bgColor="FFFFFF" fontStyle="0" nesting="0" />
            <WordsStyle name="DELIMITERS2" fgColor="808080" bgColor="FFFFFF" fontStyle="0" nesting="0" />
            <WordsStyle name="DELIMITERS3" fgColor="000000" bgColor="FFFFFF" fontStyle="0" nesting="0" />
            <WordsStyle name="DELIMITERS4" fgColor="000000" bgColor="FFFFFF" fontStyle="0" nesting="0" />
            <WordsStyle name="DELIMITERS5" fgColor="000000" bgColor="FFFFFF" fontStyle="0" nesting="0" />
            <WordsStyle name="DELIMITERS6" fgColor="000000" bgColor="FFFFFF" fontStyle="0" nesting="0" />
            <WordsStyle name="DELIMITERS7" fgColor="000000" bgColor="FFFFFF" fontStyle="0" nesting="0" />
            <WordsStyle name="DELIMITERS8" fgColor="000000" bgColor="FFFFFF" fontStyle="0" nesting="0" />
        </Styles>
    </UserLang>
</NotepadPlus>
