{
  "id": "MAP_CELADON_CITY_DEPARTMENT_STORE_ELEVATOR",
  "name": "CeladonCity_DepartmentStore_Elevator",
  "layout": "LAYOUT_CELADON_CITY_DEPARTMENT_STORE_ELEVATOR",
  "music": "MUS_POKE_CENTER",
  "region_map_section": "MAPSEC_CELADON_CITY",
  "requires_flash": false,
  "weather": "WEATHER_NONE",
  "map_type": "MAP_TYPE_INDOOR",
  "allow_cycling": false,
  "allow_escaping": false,
  "allow_running": false,
  "show_map_name": false,
  "floor_number": 0,
  "battle_scene": "MAP_BATTLE_SCENE_NORMAL",
  "connections": 0,
  "object_events": [

  ],
  "warp_events": [
    {
      "x": 1,
      "y": 3,
      "elevation": 3,
      "dest_map": "MAP_DYNAMIC",
      "dest_warp_id": "WARP_ID_DYNAMIC"
    },
    {
      "x": 2,
      "y": 3,
      "elevation": 0,
      "dest_map": "MAP_DYNAMIC",
      "dest_warp_id": "WARP_ID_DYNAMIC"
    }
  ],
  "coord_events": [

  ],
  "bg_events": [
    {
      "type": "sign",
      "x": 0,
      "y": -1,
      "elevation": 0,
      "player_facing_dir": "BG_EVENT_PLAYER_FACING_ANY",
      "script": "CeladonCity_DepartmentStore_Elevator_EventScript_FloorSelect"
    },
    {
      "type": "sign",
      "x": 3,
      "y": 0,
      "elevation": 0,
      "player_facing_dir": "BG_EVENT_PLAYER_FACING_ANY",
      "script": "CeladonCity_DepartmentStore_Elevator_EventScript_FloorSelect"
    }
  ]
}
