{
  "Blue Axe Knight": {
    "Health": "0xb594c",
    "ContactDamage": "0xb594e",
    "ContactDamageType": "0xb5950",
    "Defense": "0xb5952",
    "Surface": "0xb5954",
    "Resistances": {
      "Weak": "0xb5956",
      "Strong": "0xb5958",
      "Immune": "0xb595a",
      "Absorb": "0xb595c"
    },
    "Level": "0xb595e",
    "Experience": "0xb5960",
    "AttackDamage": [
      "0xb5976",
      "0xb599e"
    ],
    "AttackDamageType": [
      "0xb5978",
      "0xb59a0"
    ]
  },
  "Sword Lord": {
    "Health": "0xb59c4",
    "ContactDamage": "0xb59c6",
    "ContactDamageType": "0xb59c8",
    "Defense": "0xb59ca",
    "Surface": "0xb59cc",
    "Resistances": {
      "Weak": "0xb59ce",
      "Strong": "0xb59d0",
      "Immune": "0xb59d2",
      "Absorb": "0xb59d4"
    },
    "Level": "0xb59d6",
    "Experience": "0xb59d8",
    "AttackDamage": [
      "0xb59ee"
    ],
    "AttackDamageType": [
      "0xb59f0"
    ]
  },
  "Skelrang": {
    "Health": "0xb5a14",
    "ContactDamage": "0xb5a16",
    "ContactDamageType": "0xb5a18",
    "Defense": "0xb5a1a",
    "Surface": "0xb5a1c",
    "Resistances": {
      "Weak": "0xb5a1e",
      "Strong": "0xb5a20",
      "Immune": "0xb5a22",
      "Absorb": "0xb5a24"
    },
    "Level": "0xb5a26",
    "Experience": "0xb5a28",
    "AttackDamage": [
      "0xb5a3e"
    ],
    "AttackDamageType": [
      "0xb5a40"
    ]
  },
  "Bloody Zombie": {
    "Health": "0xb5a64",
    "ContactDamage": "0xb5a66",
    "ContactDamageType": "0xb5a68",
    "Defense": "0xb5a6a",
    "Surface": "0xb5a6c",
    "Resistances": {
      "Weak": "0xb5a6e",
      "Strong": "0xb5a70",
      "Immune": "0xb5a72",
      "Absorb": "0xb5a74"
    },
    "Level": "0xb5a76",
    "Experience": "0xb5a78",
    "AttackDamage": [],
    "AttackDamageType": []
  },
  "Flying Zombie Upper": {
    "Health": "0xb5a8c",
    "ContactDamage": "0xb5a8e",
    "ContactDamageType": "0xb5a90",
    "Defense": "0xb5a92",
    "Surface": "0xb5a94",
    "Resistances": {
      "Weak": "0xb5a96",
      "Strong": "0xb5a98",
      "Immune": "0xb5a9a",
      "Absorb": "0xb5a9c"
    },
    "Level": "0xb5a9e",
    "Experience": "0xb5aa0",
    "AttackDamage": [],
    "AttackDamageType": []
  },
  "Flying Zombie Lower": {
    "Health": "0xb5ab4",
    "ContactDamage": "0xb5ab6",
    "ContactDamageType": "0xb5ab8",
    "Defense": "0xb5aba",
    "Surface": "0xb5abc",
    "Resistances": {
      "Weak": "0xb5abe",
      "Strong": "0xb5ac0",
      "Immune": "0xb5ac2",
      "Absorb": "0xb5ac4"
    },
    "Level": "0xb5ac6",
    "Experience": "0xb5ac8",
    "AttackDamage": [],
    "AttackDamageType": []
  },
  "Diplocephalus": {
    "Health": "0xb5adc",
    "ContactDamage": "0xb5ade",
    "ContactDamageType": "0xb5ae0",
    "Defense": "0xb5ae2",
    "Surface": "0xb5ae4",
    "Resistances": {
      "Weak": "0xb5ae6",
      "Strong": "0xb5ae8",
      "Immune": "0xb5aea",
      "Absorb": "0xb5aec"
    },
    "Level": "0xb5aee",
    "Experience": "0xb5af0",
    "AttackDamage": [
      "0xb5b06",
      "0xb5b2e",
      "0xb5b56"
    ],
    "AttackDamageType": [
      "0xb5b08",
      "0xb5b30",
      "0xb5b58"
    ]
  },
  "Owl Knight": {
    "Health": "0xb5b7c",
    "ContactDamage": "0xb5b7e",
    "ContactDamageType": "0xb5b80",
    "Defense": "0xb5b82",
    "Surface": "0xb5b84",
    "Resistances": {
      "Weak": "0xb5b86",
      "Strong": "0xb5b88",
      "Immune": "0xb5b8a",
      "Absorb": "0xb5b8c"
    },
    "Level": "0xb5b8e",
    "Experience": "0xb5b90",
    "AttackDamage": [
      "0xb5ba6"
    ],
    "AttackDamageType": [
      "0xb5ba8"
    ]
  },
  "Owl": {
    "Health": "0xb5bcc",
    "ContactDamage": "0xb5bce",
    "ContactDamageType": "0xb5bd0",
    "Defense": "0xb5bd2",
    "Surface": "0xb5bd4",
    "Resistances": {
      "Weak": "0xb5bd6",
      "Strong": "0xb5bd8",
      "Immune": "0xb5bda",
      "Absorb": "0xb5bdc"
    },
    "Level": "0xb5bde",
    "Experience": "0xb5be0",
    "AttackDamage": [],
    "AttackDamageType": []
  },
  "Lesser Demon": {
    "Health": "0xb5bf4",
    "ContactDamage": "0xb5bf6",
    "ContactDamageType": "0xb5bf8",
    "Defense": "0xb5bfa",
    "Surface": "0xb5bfc",
    "Resistances": {
      "Weak": "0xb5bfe",
      "Strong": "0xb5c00",
      "Immune": "0xb5c02",
      "Absorb": "0xb5c04"
    },
    "Level": "0xb5c06",
    "Experience": "0xb5c08",
    "AttackDamage": [
      "0xb5c1e",
      "0xb5c46",
      "0xb5c6e"
    ],
    "AttackDamageType": [
      "0xb5c20",
      "0xb5c48",
      "0xb5c70"
    ]
  },
  "Merman 1": {
    "Health": "0xb5c94",
    "ContactDamage": "0xb5c96",
    "ContactDamageType": "0xb5c98",
    "Defense": "0xb5c9a",
    "Surface": "0xb5c9c",
    "Resistances": {
      "Weak": "0xb5c9e",
      "Strong": "0xb5ca0",
      "Immune": "0xb5ca2",
      "Absorb": "0xb5ca4"
    },
    "Level": "0xb5ca6",
    "Experience": "0xb5ca8",
    "AttackDamage": [
      "0xb5cbe"
    ],
    "AttackDamageType": [
      "0xb5cc0"
    ]
  },
  "Merman 2": {
    "Health": "0xb5ce4",
    "ContactDamage": "0xb5ce6",
    "ContactDamageType": "0xb5ce8",
    "Defense": "0xb5cea",
    "Surface": "0xb5cec",
    "Resistances": {
      "Weak": "0xb5cee",
      "Strong": "0xb5cf0",
      "Immune": "0xb5cf2",
      "Absorb": "0xb5cf4"
    },
    "Level": "0xb5cf6",
    "Experience": "0xb5cf8",
    "AttackDamage": [
      "0xb5d0e"
    ],
    "AttackDamageType": [
      "0xb5d10"
    ]
  },
  "Gorgon": {
    "Health": "0xb5d34",
    "ContactDamage": "0xb5d36",
    "ContactDamageType": "0xb5d38",
    "Defense": "0xb5d3a",
    "Surface": "0xb5d3c",
    "Resistances": {
      "Weak": "0xb5d3e",
      "Strong": "0xb5d40",
      "Immune": "0xb5d42",
      "Absorb": "0xb5d44"
    },
    "Level": "0xb5d46",
    "Experience": "0xb5d48",
    "AttackDamage": [],
    "AttackDamageType": []
  },
  "Gorgon Head": {
    "Health": "0xb5d5c",
    "ContactDamage": "0xb5d5e",
    "ContactDamageType": "0xb5d60",
    "Defense": "0xb5d62",
    "Surface": "0xb5d64",
    "Resistances": {
      "Weak": "0xb5d66",
      "Strong": "0xb5d68",
      "Immune": "0xb5d6a",
      "Absorb": "0xb5d6c"
    },
    "Level": "0xb5d6e",
    "Experience": "0xb5d70",
    "AttackDamage": [
      "0xb5d86"
    ],
    "AttackDamageType": [
      "0xb5d88"
    ]
  },
  "Armor Lord": {
    "Health": "0xb5dac",
    "ContactDamage": "0xb5dae",
    "ContactDamageType": "0xb5db0",
    "Defense": "0xb5db2",
    "Surface": "0xb5db4",
    "Resistances": {
      "Weak": "0xb5db6",
      "Strong": "0xb5db8",
      "Immune": "0xb5dba",
      "Absorb": "0xb5dbc"
    },
    "Level": "0xb5dbe",
    "Experience": "0xb5dc0",
    "AttackDamage": [
      "0xb5dd6",
      "0xb5dfe"
    ],
    "AttackDamageType": [
      "0xb5dd8",
      "0xb5e00"
    ]
  },
  "Black Panther": {
    "Health": "0xb5e24",
    "ContactDamage": "0xb5e26",
    "ContactDamageType": "0xb5e28",
    "Defense": "0xb5e2a",
    "Surface": "0xb5e2c",
    "Resistances": {
      "Weak": "0xb5e2e",
      "Strong": "0xb5e30",
      "Immune": "0xb5e32",
      "Absorb": "0xb5e34"
    },
    "Level": "0xb5e36",
    "Experience": "0xb5e38",
    "AttackDamage": [],
    "AttackDamageType": []
  },
  "Dark Octopus": {
    "Health": "0xb5e4c",
    "ContactDamage": "0xb5e4e",
    "ContactDamageType": "0xb5e50",
    "Defense": "0xb5e52",
    "Surface": "0xb5e54",
    "Resistances": {
      "Weak": "0xb5e56",
      "Strong": "0xb5e58",
      "Immune": "0xb5e5a",
      "Absorb": "0xb5e5c"
    },
    "Level": "0xb5e5e",
    "Experience": "0xb5e60",
    "AttackDamage": [
      "0xb5e76"
    ],
    "AttackDamageType": [
      "0xb5e78"
    ]
  },
  "Flea Man": {
    "Health": "0xb5e9c",
    "ContactDamage": "0xb5e9e",
    "ContactDamageType": "0xb5ea0",
    "Defense": "0xb5ea2",
    "Surface": "0xb5ea4",
    "Resistances": {
      "Weak": "0xb5ea6",
      "Strong": "0xb5ea8",
      "Immune": "0xb5eaa",
      "Absorb": "0xb5eac"
    },
    "Level": "0xb5eae",
    "Experience": "0xb5eb0",
    "AttackDamage": [],
    "AttackDamageType": []
  },
  "Flea Armor": {
    "Health": "0xb5ec4",
    "ContactDamage": "0xb5ec6",
    "ContactDamageType": "0xb5ec8",
    "Defense": "0xb5eca",
    "Surface": "0xb5ecc",
    "Resistances": {
      "Weak": "0xb5ece",
      "Strong": "0xb5ed0",
      "Immune": "0xb5ed2",
      "Absorb": "0xb5ed4"
    },
    "Level": "0xb5ed6",
    "Experience": "0xb5ed8",
    "AttackDamage": [
      "0xb5eee"
    ],
    "AttackDamageType": [
      "0xb5ef0"
    ]
  },
  "White Dragon": {
    "Health": "0xb5f14",
    "ContactDamage": "0xb5f16",
    "ContactDamageType": "0xb5f18",
    "Defense": "0xb5f1a",
    "Surface": "0xb5f1c",
    "Resistances": {
      "Weak": "0xb5f1e",
      "Strong": "0xb5f20",
      "Immune": "0xb5f22",
      "Absorb": "0xb5f24"
    },
    "Level": "0xb5f26",
    "Experience": "0xb5f28",
    "AttackDamage": [
      "0xb5f3e"
    ],
    "AttackDamageType": [
      "0xb5f40"
    ]
  },
  "Bone Ark": {
    "Health": "0xb6094",
    "ContactDamage": "0xb6096",
    "ContactDamageType": "0xb6098",
    "Defense": "0xb609a",
    "Surface": "0xb609c",
    "Resistances": {
      "Weak": "0xb609e",
      "Strong": "0xb60a0",
      "Immune": "0xb60a2",
      "Absorb": "0xb60a4"
    },
    "Level": "0xb60a6",
    "Experience": "0xb60a8",
    "AttackDamage": [
      "0xb60e6"
    ],
    "AttackDamageType": [
      "0xb60e8"
    ]
  },
  "Bone Ark Skeleton": {
    "Health": "0xb60bc",
    "ContactDamage": "0xb60be",
    "ContactDamageType": "0xb60c0",
    "Defense": "0xb60c2",
    "Surface": "0xb60c4",
    "Resistances": {
      "Weak": "0xb60c6",
      "Strong": "0xb60c8",
      "Immune": "0xb60ca",
      "Absorb": "0xb60cc"
    },
    "Level": "0xb60ce",
    "Experience": "0xb60d0",
    "AttackDamage": [],
    "AttackDamageType": []
  },
  "Flea Rider": {
    "Health": "0xb610c",
    "ContactDamage": "0xb610e",
    "ContactDamageType": "0xb6110",
    "Defense": "0xb6112",
    "Surface": "0xb6114",
    "Resistances": {
      "Weak": "0xb6116",
      "Strong": "0xb6118",
      "Immune": "0xb611a",
      "Absorb": "0xb611c"
    },
    "Level": "0xb611e",
    "Experience": "0xb6120",
    "AttackDamage": [],
    "AttackDamageType": []
  },
  "Marionette": {
    "Health": "0xb6134",
    "ContactDamage": "0xb6136",
    "ContactDamageType": "0xb6138",
    "Defense": "0xb613a",
    "Surface": "0xb613c",
    "Resistances": {
      "Weak": "0xb613e",
      "Strong": "0xb6140",
      "Immune": "0xb6142",
      "Absorb": "0xb6144"
    },
    "Level": "0xb6146",
    "Experience": "0xb6148",
    "AttackDamage": [],
    "AttackDamageType": []
  },
  "Orlox 1": {
    "Health": "0xb615c",
    "ContactDamage": "0xb615e",
    "ContactDamageType": "0xb6160",
    "Defense": "0xb6162",
    "Surface": "0xb6164",
    "Resistances": {
      "Weak": "0xb6166",
      "Strong": "0xb6168",
      "Immune": "0xb616a",
      "Absorb": "0xb616c"
    },
    "Level": "0xb616e",
    "Experience": "0xb6170",
    "AttackDamage": [
      "0xb6186",
      "0xb61ae",
      "0xb61d6",
      "0xb61fe"
    ],
    "AttackDamageType": [
      "0xb6188",
      "0xb61b0",
      "0xb61d8",
      "0xb6200"
    ]
  },
  "Orlox 2": {
    "Health": "0xb624c",
    "ContactDamage": "0xb624e",
    "ContactDamageType": "0xb6250",
    "Defense": "0xb6252",
    "Surface": "0xb6254",
    "Resistances": {
      "Weak": "0xb6256",
      "Strong": "0xb6258",
      "Immune": "0xb625a",
      "Absorb": "0xb625c"
    },
    "Level": "0xb625e",
    "Experience": "0xb6260",
    "AttackDamage": [
      "0xb62c6",
      "0xb62ee"
    ],
    "AttackDamageType": [
      "0xb62c8",
      "0xb62f0"
    ]
  },
  "Orlox 2 Part 1": {
    "Health": "0xb6224",
    "ContactDamage": "0xb6226",
    "ContactDamageType": "0xb6228",
    "Defense": "0xb622a",
    "Surface": "0xb622c",
    "Resistances": {
      "Weak": "0xb622e",
      "Strong": "0xb6230",
      "Immune": "0xb6232",
      "Absorb": "0xb6234"
    },
    "Level": "0xb6236",
    "Experience": "0xb6238",
    "AttackDamage": [],
    "AttackDamageType": []
  },
  "Orlox 2 Part 2": {
    "Health": "0xb6274",
    "ContactDamage": "0xb6276",
    "ContactDamageType": "0xb6278",
    "Defense": "0xb627a",
    "Surface": "0xb627c",
    "Resistances": {
      "Weak": "0xb627e",
      "Strong": "0xb6280",
      "Immune": "0xb6282",
      "Absorb": "0xb6284"
    },
    "Level": "0xb6286",
    "Experience": "0xb6288",
    "AttackDamage": [],
    "AttackDamageType": []
  },
  "Orlox 2 Part 3": {
    "Health": "0xb629c",
    "ContactDamage": "0xb629e",
    "ContactDamageType": "0xb62a0",
    "Defense": "0xb62a2",
    "Surface": "0xb62a4",
    "Resistances": {
      "Weak": "0xb62a6",
      "Strong": "0xb62a8",
      "Immune": "0xb62aa",
      "Absorb": "0xb62ac"
    },
    "Level": "0xb62ae",
    "Experience": "0xb62b0",
    "AttackDamage": [],
    "AttackDamageType": []
  },
  "Wereskeleton": {
    "Health": "0xb6314",
    "ContactDamage": "0xb6316",
    "ContactDamageType": "0xb6318",
    "Defense": "0xb631a",
    "Surface": "0xb631c",
    "Resistances": {
      "Weak": "0xb631e",
      "Strong": "0xb6320",
      "Immune": "0xb6322",
      "Absorb": "0xb6324"
    },
    "Level": "0xb6326",
    "Experience": "0xb6328",
    "AttackDamage": [
      "0xb633e",
      "0xb6366"
    ],
    "AttackDamageType": [
      "0xb6340",
      "0xb6368"
    ]
  },
  "Bat": {
    "Health": "0xb638c",
    "ContactDamage": "0xb638e",
    "ContactDamageType": "0xb6390",
    "Defense": "0xb6392",
    "Surface": "0xb6394",
    "Resistances": {
      "Weak": "0xb6396",
      "Strong": "0xb6398",
      "Immune": "0xb639a",
      "Absorb": "0xb639c"
    },
    "Level": "0xb639e",
    "Experience": "0xb63a0",
    "AttackDamage": [],
    "AttackDamageType": []
  },
  "Large Slime": {
    "Health": "0xb63b4",
    "ContactDamage": "0xb63b6",
    "ContactDamageType": "0xb63b8",
    "Defense": "0xb63ba",
    "Surface": "0xb63bc",
    "Resistances": {
      "Weak": "0xb63be",
      "Strong": "0xb63c0",
      "Immune": "0xb63c2",
      "Absorb": "0xb63c4"
    },
    "Level": "0xb63c6",
    "Experience": "0xb63c8",
    "AttackDamage": [],
    "AttackDamageType": []
  },
  "Slime": {
    "Health": "0xb63dc",
    "ContactDamage": "0xb63de",
    "ContactDamageType": "0xb63e0",
    "Defense": "0xb63e2",
    "Surface": "0xb63e4",
    "Resistances": {
      "Weak": "0xb63e6",
      "Strong": "0xb63e8",
      "Immune": "0xb63ea",
      "Absorb": "0xb63ec"
    },
    "Level": "0xb63ee",
    "Experience": "0xb63f0",
    "AttackDamage": [],
    "AttackDamageType": []
  },
  "Phantom Skull": {
    "Health": "0xb6404",
    "ContactDamage": "0xb6406",
    "ContactDamageType": "0xb6408",
    "Defense": "0xb640a",
    "Surface": "0xb640c",
    "Resistances": {
      "Weak": "0xb640e",
      "Strong": "0xb6410",
      "Immune": "0xb6412",
      "Absorb": "0xb6414"
    },
    "Level": "0xb6416",
    "Experience": "0xb6418",
    "AttackDamage": [],
    "AttackDamageType": []
  },
  "Flail Guard": {
    "Health": "0xb642c",
    "ContactDamage": "0xb642e",
    "ContactDamageType": "0xb6430",
    "Defense": "0xb6432",
    "Surface": "0xb6434",
    "Resistances": {
      "Weak": "0xb6436",
      "Strong": "0xb6438",
      "Immune": "0xb643a",
      "Absorb": "0xb643c"
    },
    "Level": "0xb643e",
    "Experience": "0xb6440",
    "AttackDamage": [
      "0xb6456"
    ],
    "AttackDamageType": [
      "0xb6458"
    ]
  },
  "Blood Skeleton": {
    "Health": "0xb647c",
    "ContactDamage": "0xb647e",
    "ContactDamageType": "0xb6480",
    "Defense": "0xb6482",
    "Surface": "0xb6484",
    "Resistances": {
      "Weak": "0xb6486",
      "Strong": "0xb6488",
      "Immune": "0xb648a",
      "Absorb": "0xb648c"
    },
    "Level": "0xb648e",
    "Experience": "0xb6490",
    "AttackDamage": [],
    "AttackDamageType": []
  },
  "Hellfire Beast": {
    "Health": "0xb64a4",
    "ContactDamage": "0xb64a6",
    "ContactDamageType": "0xb64a8",
    "Defense": "0xb64aa",
    "Surface": "0xb64ac",
    "Resistances": {
      "Weak": "0xb64ae",
      "Strong": "0xb64b0",
      "Immune": "0xb64b2",
      "Absorb": "0xb64b4"
    },
    "Level": "0xb64b6",
    "Experience": "0xb64b8",
    "AttackDamage": [
      "0xb64ce",
      "0xb64f6",
      "0xb651e"
    ],
    "AttackDamageType": [
      "0xb64d0",
      "0xb64f8",
      "0xb6520"
    ]
  },
  "Skeleton": {
    "Health": "0xb6544",
    "ContactDamage": "0xb6546",
    "ContactDamageType": "0xb6548",
    "Defense": "0xb654a",
    "Surface": "0xb654c",
    "Resistances": {
      "Weak": "0xb654e",
      "Strong": "0xb6550",
      "Immune": "0xb6552",
      "Absorb": "0xb6554"
    },
    "Level": "0xb6556",
    "Experience": "0xb6558",
    "AttackDamage": [
      "0xb656e"
    ],
    "AttackDamageType": [
      "0xb6570"
    ]
  },
  "Discus Lord": {
    "Health": "0xb6594",
    "ContactDamage": "0xb6596",
    "ContactDamageType": "0xb6598",
    "Defense": "0xb659a",
    "Surface": "0xb659c",
    "Resistances": {
      "Weak": "0xb659e",
      "Strong": "0xb65a0",
      "Immune": "0xb65a2",
      "Absorb": "0xb65a4"
    },
    "Level": "0xb65a6",
    "Experience": "0xb65a8",
    "AttackDamage": [
      "0xb65be"
    ],
    "AttackDamageType": [
      "0xb65c0"
    ]
  },
  "Fire Demon": {
    "Health": "0xb65e4",
    "ContactDamage": "0xb65e6",
    "ContactDamageType": "0xb65e8",
    "Defense": "0xb65ea",
    "Surface": "0xb65ec",
    "Resistances": {
      "Weak": "0xb65ee",
      "Strong": "0xb65f0",
      "Immune": "0xb65f2",
      "Absorb": "0xb65f4"
    },
    "Level": "0xb65f6",
    "Experience": "0xb65f8",
    "AttackDamage": [
      "0xb660e"
    ],
    "AttackDamageType": [
      "0xb6610"
    ]
  },
  "Spittle Bone": {
    "Health": "0xb6634",
    "ContactDamage": "0xb6636",
    "ContactDamageType": "0xb6638",
    "Defense": "0xb663a",
    "Surface": "0xb663c",
    "Resistances": {
      "Weak": "0xb663e",
      "Strong": "0xb6640",
      "Immune": "0xb6642",
      "Absorb": "0xb6644"
    },
    "Level": "0xb6646",
    "Experience": "0xb6648",
    "AttackDamage": [
      "0xb665e"
    ],
    "AttackDamageType": [
      "0xb6660"
    ]
  },
  "Skeleton Ape": {
    "Health": "0xb6684",
    "ContactDamage": "0xb6686",
    "ContactDamageType": "0xb6688",
    "Defense": "0xb668a",
    "Surface": "0xb668c",
    "Resistances": {
      "Weak": "0xb668e",
      "Strong": "0xb6690",
      "Immune": "0xb6692",
      "Absorb": "0xb6694"
    },
    "Level": "0xb6696",
    "Experience": "0xb6698",
    "AttackDamage": [
      "0xb66ae"
    ],
    "AttackDamageType": [
      "0xb66b0"
    ]
  },
  "Stone Rose": {
    "Health": "0xb66d4",
    "ContactDamage": "0xb66d6",
    "ContactDamageType": "0xb66d8",
    "Defense": "0xb66da",
    "Surface": "0xb66dc",
    "Resistances": {
      "Weak": "0xb66de",
      "Strong": "0xb66e0",
      "Immune": "0xb66e2",
      "Absorb": "0xb66e4"
    },
    "Level": "0xb66e6",
    "Experience": "0xb66e8",
    "AttackDamage": [
      "0xb66fe",
      "0xb6726"
    ],
    "AttackDamageType": [
      "0xb6700",
      "0xb6728"
    ]
  },
  "Ectoplasm": {
    "Health": "0xb674c",
    "ContactDamage": "0xb674e",
    "ContactDamageType": "0xb6750",
    "Defense": "0xb6752",
    "Surface": "0xb6754",
    "Resistances": {
      "Weak": "0xb6756",
      "Strong": "0xb6758",
      "Immune": "0xb675a",
      "Absorb": "0xb675c"
    },
    "Level": "0xb675e",
    "Experience": "0xb6760",
    "AttackDamage": [
      "0xb6776",
      "0xb679e",
      "0xb67c6",
      "0xb67ee"
    ],
    "AttackDamageType": [
      "0xb6778",
      "0xb67a0",
      "0xb67c8",
      "0xb67f0"
    ]
  },
  "Spear Guard": {
    "Health": "0xb6814",
    "ContactDamage": "0xb6816",
    "ContactDamageType": "0xb6818",
    "Defense": "0xb681a",
    "Surface": "0xb681c",
    "Resistances": {
      "Weak": "0xb681e",
      "Strong": "0xb6820",
      "Immune": "0xb6822",
      "Absorb": "0xb6824"
    },
    "Level": "0xb6826",
    "Experience": "0xb6828",
    "AttackDamage": [
      "0xb683e",
      "0xb6866",
      "0xb69be"
    ],
    "AttackDamageType": [
      "0xb6840",
      "0xb6868",
      "0xb69c0"
    ]
  },
  "Plate Lord": {
    "Health": "0xb69e4",
    "ContactDamage": "0xb69e6",
    "ContactDamageType": "0xb69e8",
    "Defense": "0xb69ea",
    "Surface": "0xb69ec",
    "Resistances": {
      "Weak": "0xb69ee",
      "Strong": "0xb69f0",
      "Immune": "0xb69f2",
      "Absorb": "0xb69f4"
    },
    "Level": "0xb69f6",
    "Experience": "0xb69f8",
    "AttackDamage": [
      "0xb6a0e"
    ],
    "AttackDamageType": [
      "0xb6a10"
    ]
  },
  "Frozen Shade": {
    "Health": "0xb6a34",
    "ContactDamage": "0xb6a36",
    "ContactDamageType": "0xb6a38",
    "Defense": "0xb6a3a",
    "Surface": "0xb6a3c",
    "Resistances": {
      "Weak": "0xb6a3e",
      "Strong": "0xb6a40",
      "Immune": "0xb6a42",
      "Absorb": "0xb6a44"
    },
    "Level": "0xb6a46",
    "Experience": "0xb6a48",
    "AttackDamage": [
      "0xb6a5e",
      "0xb6a86",
      "0xb7dee"
    ],
    "AttackDamageType": [
      "0xb6a60",
      "0xb6a88",
      "0xb7df0"
    ]
  },
  "Bone Musket": {
    "Health": "0xb6aac",
    "ContactDamage": "0xb6aae",
    "ContactDamageType": "0xb6ab0",
    "Defense": "0xb6ab2",
    "Surface": "0xb6ab4",
    "Resistances": {
      "Weak": "0xb6ab6",
      "Strong": "0xb6ab8",
      "Immune": "0xb6aba",
      "Absorb": "0xb6abc"
    },
    "Level": "0xb6abe",
    "Experience": "0xb6ac0",
    "AttackDamage": [
      "0xb6ad6"
    ],
    "AttackDamageType": [
      "0xb6ad8"
    ]
  },
  "Dodo Bird": {
    "Health": "0xb6afc",
    "ContactDamage": "0xb6afe",
    "ContactDamageType": "0xb6b00",
    "Defense": "0xb6b02",
    "Surface": "0xb6b04",
    "Resistances": {
      "Weak": "0xb6b06",
      "Strong": "0xb6b08",
      "Immune": "0xb6b0a",
      "Absorb": "0xb6b0c"
    },
    "Level": "0xb6b0e",
    "Experience": "0xb6b10",
    "AttackDamage": [],
    "AttackDamageType": []
  },
  "Bone Scimitar": {
    "Health": "0xb6b24",
    "ContactDamage": "0xb6b26",
    "ContactDamageType": "0xb6b28",
    "Defense": "0xb6b2a",
    "Surface": "0xb6b2c",
    "Resistances": {
      "Weak": "0xb6b2e",
      "Strong": "0xb6b30",
      "Immune": "0xb6b32",
      "Absorb": "0xb6b34"
    },
    "Level": "0xb6b36",
    "Experience": "0xb6b38",
    "AttackDamage": [],
    "AttackDamageType": []
  },
  "Toad": {
    "Health": "0xb6b4c",
    "ContactDamage": "0xb6b4e",
    "ContactDamageType": "0xb6b50",
    "Defense": "0xb6b52",
    "Surface": "0xb6b54",
    "Resistances": {
      "Weak": "0xb6b56",
      "Strong": "0xb6b58",
      "Immune": "0xb6b5a",
      "Absorb": "0xb6b5c"
    },
    "Level": "0xb6b5e",
    "Experience": "0xb6b60",
    "AttackDamage": [],
    "AttackDamageType": []
  },
  "Frog": {
    "Health": "0xb6b74",
    "ContactDamage": "0xb6b76",
    "ContactDamageType": "0xb6b78",
    "Defense": "0xb6b7a",
    "Surface": "0xb6b7c",
    "Resistances": {
      "Weak": "0xb6b7e",
      "Strong": "0xb6b80",
      "Immune": "0xb6b82",
      "Absorb": "0xb6b84"
    },
    "Level": "0xb6b86",
    "Experience": "0xb6b88",
    "AttackDamage": [],
    "AttackDamageType": []
  },
  "Bone Archer": {
    "Health": "0xb6b9c",
    "ContactDamage": "0xb6b9e",
    "ContactDamageType": "0xb6ba0",
    "Defense": "0xb6ba2",
    "Surface": "0xb6ba4",
    "Resistances": {
      "Weak": "0xb6ba6",
      "Strong": "0xb6ba8",
      "Immune": "0xb6baa",
      "Absorb": "0xb6bac"
    },
    "Level": "0xb6bae",
    "Experience": "0xb6bb0",
    "AttackDamage": [
      "0xb6bc6"
    ],
    "AttackDamageType": [
      "0xb6bc8"
    ]
  },
  "Zombie": {
    "Health": "0xb6bec",
    "ContactDamage": "0xb6bee",
    "ContactDamageType": "0xb6bf0",
    "Defense": "0xb6bf2",
    "Surface": "0xb6bf4",
    "Resistances": {
      "Weak": "0xb6bf6",
      "Strong": "0xb6bf8",
      "Immune": "0xb6bfa",
      "Absorb": "0xb6bfc"
    },
    "Level": "0xb6bfe",
    "Experience": "0xb6c00",
    "AttackDamage": [],
    "AttackDamageType": []
  },
  "Grave Keeper": {
    "Health": "0xb6c14",
    "ContactDamage": "0xb6c16",
    "ContactDamageType": "0xb6c18",
    "Defense": "0xb6c1a",
    "Surface": "0xb6c1c",
    "Resistances": {
      "Weak": "0xb6c1e",
      "Strong": "0xb6c20",
      "Immune": "0xb6c22",
      "Absorb": "0xb6c24"
    },
    "Level": "0xb6c26",
    "Experience": "0xb6c28",
    "AttackDamage": [
      "0xb6c3e"
    ],
    "AttackDamageType": [
      "0xb6c40"
    ]
  },
  "Tombstone": {
    "Health": "0xb6c64",
    "ContactDamage": "0xb6c66",
    "ContactDamageType": "0xb6c68",
    "Defense": "0xb6c6a",
    "Surface": "0xb6c6c",
    "Resistances": {
      "Weak": "0xb6c6e",
      "Strong": "0xb6c70",
      "Immune": "0xb6c72",
      "Absorb": "0xb6c74"
    },
    "Level": "0xb6c76",
    "Experience": "0xb6c78",
    "AttackDamage": [],
    "AttackDamageType": []
  },
  "Blue Raven": {
    "Health": "0xb6c8c",
    "ContactDamage": "0xb6c8e",
    "ContactDamageType": "0xb6c90",
    "Defense": "0xb6c92",
    "Surface": "0xb6c94",
    "Resistances": {
      "Weak": "0xb6c96",
      "Strong": "0xb6c98",
      "Immune": "0xb6c9a",
      "Absorb": "0xb6c9c"
    },
    "Level": "0xb6c9e",
    "Experience": "0xb6ca0",
    "AttackDamage": [],
    "AttackDamageType": []
  },
  "Black Crow": {
    "Health": "0xb6cb4",
    "ContactDamage": "0xb6cb6",
    "ContactDamageType": "0xb6cb8",
    "Defense": "0xb6cba",
    "Surface": "0xb6cbc",
    "Resistances": {
      "Weak": "0xb6cbe",
      "Strong": "0xb6cc0",
      "Immune": "0xb6cc2",
      "Absorb": "0xb6cc4"
    },
    "Level": "0xb6cc6",
    "Experience": "0xb6cc8",
    "AttackDamage": [],
    "AttackDamageType": []
  },
  "Jack O'Bones": {
    "Health": "0xb6cdc",
    "ContactDamage": "0xb6cde",
    "ContactDamageType": "0xb6ce0",
    "Defense": "0xb6ce2",
    "Surface": "0xb6ce4",
    "Resistances": {
      "Weak": "0xb6ce6",
      "Strong": "0xb6ce8",
      "Immune": "0xb6cea",
      "Absorb": "0xb6cec"
    },
    "Level": "0xb6cee",
    "Experience": "0xb6cf0",
    "AttackDamage": [
      "0xb6d06"
    ],
    "AttackDamageType": [
      "0xb6d08"
    ]
  },
  "Bone Halberd": {
    "Health": "0xb6d2c",
    "ContactDamage": "0xb6d2e",
    "ContactDamageType": "0xb6d30",
    "Defense": "0xb6d32",
    "Surface": "0xb6d34",
    "Resistances": {
      "Weak": "0xb6d36",
      "Strong": "0xb6d38",
      "Immune": "0xb6d3a",
      "Absorb": "0xb6d3c"
    },
    "Level": "0xb6d3e",
    "Experience": "0xb6d40",
    "AttackDamage": [
      "0xb6d56"
    ],
    "AttackDamageType": [
      "0xb6d58"
    ]
  },
  "Yorick": {
    "Health": "0xb6d7c",
    "ContactDamage": "0xb6d7e",
    "ContactDamageType": "0xb6d80",
    "Defense": "0xb6d82",
    "Surface": "0xb6d84",
    "Resistances": {
      "Weak": "0xb6d86",
      "Strong": "0xb6d88",
      "Immune": "0xb6d8a",
      "Absorb": "0xb6d8c"
    },
    "Level": "0xb6d8e",
    "Experience": "0xb6d90",
    "AttackDamage": [],
    "AttackDamageType": []
  },
  "Yorick Head": {
    "Health": "0xb6da4",
    "ContactDamage": "0xb6da6",
    "ContactDamageType": "0xb6da8",
    "Defense": "0xb6daa",
    "Surface": "0xb6dac",
    "Resistances": {
      "Weak": "0xb6dae",
      "Strong": "0xb6db0",
      "Immune": "0xb6db2",
      "Absorb": "0xb6db4"
    },
    "Level": "0xb6db6",
    "Experience": "0xb6db8",
    "AttackDamage": [],
    "AttackDamageType": []
  },
  "Blade Master": {
    "Health": "0xb6dcc",
    "ContactDamage": "0xb6dce",
    "ContactDamageType": "0xb6dd0",
    "Defense": "0xb6dd2",
    "Surface": "0xb6dd4",
    "Resistances": {
      "Weak": "0xb6dd6",
      "Strong": "0xb6dd8",
      "Immune": "0xb6dda",
      "Absorb": "0xb6ddc"
    },
    "Level": "0xb6dde",
    "Experience": "0xb6de0",
    "AttackDamage": [
      "0xb6df6"
    ],
    "AttackDamageType": [
      "0xb6df8"
    ]
  },
  "Blade soldier": {
    "Health": "0xb6e1c",
    "ContactDamage": "0xb6e1e",
    "ContactDamageType": "0xb6e20",
    "Defense": "0xb6e22",
    "Surface": "0xb6e24",
    "Resistances": {
      "Weak": "0xb6e26",
      "Strong": "0xb6e28",
      "Immune": "0xb6e2a",
      "Absorb": "0xb6e2c"
    },
    "Level": "0xb6e2e",
    "Experience": "0xb6e30",
    "AttackDamage": [
      "0xb6e46"
    ],
    "AttackDamageType": [
      "0xb6e48"
    ]
  },
  "Nova Skeleton": {
    "Health": "0xb6e6c",
    "ContactDamage": "0xb6e6e",
    "ContactDamageType": "0xb6e70",
    "Defense": "0xb6e72",
    "Surface": "0xb6e74",
    "Resistances": {
      "Weak": "0xb6e76",
      "Strong": "0xb6e78",
      "Immune": "0xb6e7a",
      "Absorb": "0xb6e7c"
    },
    "Level": "0xb6e7e",
    "Experience": "0xb6e80",
    "AttackDamage": [
      "0xb6e96"
    ],
    "AttackDamageType": [
      "0xb6e98"
    ]
  },
  "Winged Guard": {
    "Health": "0xb6ebc",
    "ContactDamage": "0xb6ebe",
    "ContactDamageType": "0xb6ec0",
    "Defense": "0xb6ec2",
    "Surface": "0xb6ec4",
    "Resistances": {
      "Weak": "0xb6ec6",
      "Strong": "0xb6ec8",
      "Immune": "0xb6eca",
      "Absorb": "0xb6ecc"
    },
    "Level": "0xb6ece",
    "Experience": "0xb6ed0",
    "AttackDamage": [],
    "AttackDamageType": []
  },
  "Spectral Sword 1": {
    "Health": "0xb6ee4",
    "ContactDamage": "0xb6ee6",
    "ContactDamageType": "0xb6ee8",
    "Defense": "0xb6eea",
    "Surface": "0xb6eec",
    "Resistances": {
      "Weak": "0xb6eee",
      "Strong": "0xb6ef0",
      "Immune": "0xb6ef2",
      "Absorb": "0xb6ef4"
    },
    "Level": "0xb6ef6",
    "Experience": "0xb6ef8",
    "AttackDamage": [],
    "AttackDamageType": []
  },
  "Spectral Sword 1 Weapons": {
    "Health": "0xb6f0c",
    "ContactDamage": "0xb6f0e",
    "ContactDamageType": "0xb6f10",
    "Defense": "0xb6f12",
    "Surface": "0xb6f14",
    "Resistances": {
      "Weak": "0xb6f16",
      "Strong": "0xb6f18",
      "Immune": "0xb6f1a",
      "Absorb": "0xb6f1c"
    },
    "Level": "0xb6f1e",
    "Experience": "0xb6f20",
    "AttackDamage": [],
    "AttackDamageType": []
  },
  "Lossoth": {
    "Health": "0xb6f34",
    "ContactDamage": "0xb6f36",
    "ContactDamageType": "0xb6f38",
    "Defense": "0xb6f3a",
    "Surface": "0xb6f3c",
    "Resistances": {
      "Weak": "0xb6f3e",
      "Strong": "0xb6f40",
      "Immune": "0xb6f42",
      "Absorb": "0xb6f44"
    },
    "Level": "0xb6f46",
    "Experience": "0xb6f48",
    "AttackDamage": [
      "0xb6f5e"
    ],
    "AttackDamageType": [
      "0xb6f60"
    ]
  },
  "Valhalla Knight": {
    "Health": "0xb6f84",
    "ContactDamage": "0xb6f86",
    "ContactDamageType": "0xb6f88",
    "Defense": "0xb6f8a",
    "Surface": "0xb6f8c",
    "Resistances": {
      "Weak": "0xb6f8e",
      "Strong": "0xb6f90",
      "Immune": "0xb6f92",
      "Absorb": "0xb6f94"
    },
    "Level": "0xb6f96",
    "Experience": "0xb6f98",
    "AttackDamage": [
      "0xb6fd6"
    ],
    "AttackDamageType": [
      "0xb6fd8"
    ]
  },
  "Valhalla Horse": {
    "Health": "0xb6fac",
    "ContactDamage": "0xb6fae",
    "ContactDamageType": "0xb6fb0",
    "Defense": "0xb6fb2",
    "Surface": "0xb6fb4",
    "Resistances": {
      "Weak": "0xb6fb6",
      "Strong": "0xb6fb8",
      "Immune": "0xb6fba",
      "Absorb": "0xb6fbc"
    },
    "Level": "0xb6fbe",
    "Experience": "0xb6fc0",
    "AttackDamage": [],
    "AttackDamageType": []
  },
  "Spectral Sword 2": {
    "Health": "0xb6ffc",
    "ContactDamage": "0xb6ffe",
    "ContactDamageType": "0xb7000",
    "Defense": "0xb7002",
    "Surface": "0xb7004",
    "Resistances": {
      "Weak": "0xb7006",
      "Strong": "0xb7008",
      "Immune": "0xb700a",
      "Absorb": "0xb700c"
    },
    "Level": "0xb700e",
    "Experience": "0xb7010",
    "AttackDamage": [],
    "AttackDamageType": []
  },
  "Spectral Sword 2 Swords": {
    "Health": "0xb7024",
    "ContactDamage": "0xb7026",
    "ContactDamageType": "0xb7028",
    "Defense": "0xb702a",
    "Surface": "0xb702c",
    "Resistances": {
      "Weak": "0xb702e",
      "Strong": "0xb7030",
      "Immune": "0xb7032",
      "Absorb": "0xb7034"
    },
    "Level": "0xb7036",
    "Experience": "0xb7038",
    "AttackDamage": [],
    "AttackDamageType": []
  },
  "Spectral Sword 3": {
    "Health": "0xb704c",
    "ContactDamage": "0xb704e",
    "ContactDamageType": "0xb7050",
    "Defense": "0xb7052",
    "Surface": "0xb7054",
    "Resistances": {
      "Weak": "0xb7056",
      "Strong": "0xb7058",
      "Immune": "0xb705a",
      "Absorb": "0xb705c"
    },
    "Level": "0xb705e",
    "Experience": "0xb7060",
    "AttackDamage": [],
    "AttackDamageType": []
  },
  "Spectral Sword 3 Spears": {
    "Health": "0xb7074",
    "ContactDamage": "0xb7076",
    "ContactDamageType": "0xb7078",
    "Defense": "0xb707a",
    "Surface": "0xb707c",
    "Resistances": {
      "Weak": "0xb707e",
      "Strong": "0xb7080",
      "Immune": "0xb7082",
      "Absorb": "0xb7084"
    },
    "Level": "0xb7086",
    "Experience": "0xb7088",
    "AttackDamage": [],
    "AttackDamageType": []
  },
  "Spectral Sword 3 Shields": {
    "Health": "0xb709c",
    "ContactDamage": "0xb709e",
    "ContactDamageType": "0xb70a0",
    "Defense": "0xb70a2",
    "Surface": "0xb70a4",
    "Resistances": {
      "Weak": "0xb70a6",
      "Strong": "0xb70a8",
      "Immune": "0xb70aa",
      "Absorb": "0xb70ac"
    },
    "Level": "0xb70ae",
    "Experience": "0xb70b0",
    "AttackDamage": [],
    "AttackDamageType": []
  },
  "Orobourous": {
    "Health": "0xb70c4",
    "ContactDamage": "0xb70c6",
    "ContactDamageType": "0xb70c8",
    "Defense": "0xb70ca",
    "Surface": "0xb70cc",
    "Resistances": {
      "Weak": "0xb70ce",
      "Strong": "0xb70d0",
      "Immune": "0xb70d2",
      "Absorb": "0xb70d4"
    },
    "Level": "0xb70d6",
    "Experience": "0xb70d8",
    "AttackDamage": [
      "0xb70ee",
      "0xb7116"
    ],
    "AttackDamageType": [
      "0xb70f0",
      "0xb7118"
    ]
  },
  "Dragon Rider": {
    "Health": "0xb713c",
    "ContactDamage": "0xb713e",
    "ContactDamageType": "0xb7140",
    "Defense": "0xb7142",
    "Surface": "0xb7144",
    "Resistances": {
      "Weak": "0xb7146",
      "Strong": "0xb7148",
      "Immune": "0xb714a",
      "Absorb": "0xb714c"
    },
    "Level": "0xb714e",
    "Experience": "0xb7150",
    "AttackDamage": [
      "0xb7166"
    ],
    "AttackDamageType": [
      "0xb7168"
    ]
  },
  "Dhuron": {
    "Health": "0xb718c",
    "ContactDamage": "0xb718e",
    "ContactDamageType": "0xb7190",
    "Defense": "0xb7192",
    "Surface": "0xb7194",
    "Resistances": {
      "Weak": "0xb7196",
      "Strong": "0xb7198",
      "Immune": "0xb719a",
      "Absorb": "0xb719c"
    },
    "Level": "0xb719e",
    "Experience": "0xb71a0",
    "AttackDamage": [
      "0xb71b6"
    ],
    "AttackDamageType": [
      "0xb72e8"
    ]
  },
  "Fire Warg": {
    "Health": "0xb730c",
    "ContactDamage": "0xb730e",
    "ContactDamageType": "0xb7310",
    "Defense": "0xb7312",
    "Surface": "0xb7314",
    "Resistances": {
      "Weak": "0xb7316",
      "Strong": "0xb7318",
      "Immune": "0xb731a",
      "Absorb": "0xb731c"
    },
    "Level": "0xb731e",
    "Experience": "0xb7320",
    "AttackDamage": [
      "0xb7336",
      "0xb735e"
    ],
    "AttackDamageType": [
      "0xb7338",
      "0xb7360"
    ]
  },
  "Warg Rider": {
    "Health": "0xb7384",
    "ContactDamage": "0xb7386",
    "ContactDamageType": "0xb7388",
    "Defense": "0xb738a",
    "Surface": "0xb738c",
    "Resistances": {
      "Weak": "0xb738e",
      "Strong": "0xb7390",
      "Immune": "0xb7392",
      "Absorb": "0xb7394"
    },
    "Level": "0xb7396",
    "Experience": "0xb7398",
    "AttackDamage": [
      "0xb73ae"
    ],
    "AttackDamageType": [
      "0xb73b0"
    ]
  },
  "Cave Troll": {
    "Health": "0xb73d4",
    "ContactDamage": "0xb73d6",
    "ContactDamageType": "0xb73d8",
    "Defense": "0xb73da",
    "Surface": "0xb73dc",
    "Resistances": {
      "Weak": "0xb73de",
      "Strong": "0xb73e0",
      "Immune": "0xb73e2",
      "Absorb": "0xb73e4"
    },
    "Level": "0xb73e6",
    "Experience": "0xb73e8",
    "AttackDamage": [
      "0xb73fe",
      "0xb7426"
    ],
    "AttackDamageType": [
      "0xb7400",
      "0xb7428"
    ]
  },
  "Ghost": {
    "Health": "0xb744c",
    "ContactDamage": "0xb744e",
    "ContactDamageType": "0xb7450",
    "Defense": "0xb7452",
    "Surface": "0xb7454",
    "Resistances": {
      "Weak": "0xb7456",
      "Strong": "0xb7458",
      "Immune": "0xb745a",
      "Absorb": "0xb745c"
    },
    "Level": "0xb745e",
    "Experience": "0xb7460",
    "AttackDamage": [],
    "AttackDamageType": []
  },
  "Thornweed": {
    "Health": "0xb7474",
    "ContactDamage": "0xb7476",
    "ContactDamageType": "0xb7478",
    "Defense": "0xb747a",
    "Surface": "0xb747c",
    "Resistances": {
      "Weak": "0xb747e",
      "Strong": "0xb7480",
      "Immune": "0xb7482",
      "Absorb": "0xb7484"
    },
    "Level": "0xb7486",
    "Experience": "0xb7488",
    "AttackDamage": [],
    "AttackDamageType": []
  },
  "Corpseweed Root": {
    "Health": "0xb749c",
    "ContactDamage": "0xb749e",
    "ContactDamageType": "0xb74a0",
    "Defense": "0xb74a2",
    "Surface": "0xb74a4",
    "Resistances": {
      "Weak": "0xb74a6",
      "Strong": "0xb74a8",
      "Immune": "0xb74aa",
      "Absorb": "0xb74ac"
    },
    "Level": "0xb74ae",
    "Experience": "0xb74b0",
    "AttackDamage": [],
    "AttackDamageType": []
  },
  "Corpseweed Face": {
    "Health": "0xb74c4",
    "ContactDamage": "0xb74c6",
    "ContactDamageType": "0xb74c8",
    "Defense": "0xb74ca",
    "Surface": "0xb74cc",
    "Resistances": {
      "Weak": "0xb74ce",
      "Strong": "0xb74d0",
      "Immune": "0xb74d2",
      "Absorb": "0xb74d4"
    },
    "Level": "0xb74d6",
    "Experience": "0xb74d8",
    "AttackDamage": [
      "0xb74ee"
    ],
    "AttackDamageType": [
      "0xb74f0"
    ]
  },
  "Venus Weed Unflowered": {
    "Health": "0xb7514",
    "ContactDamage": "0xb7516",
    "ContactDamageType": "0xb7518",
    "Defense": "0xb751a",
    "Surface": "0xb751c",
    "Resistances": {
      "Weak": "0xb751e",
      "Strong": "0xb7520",
      "Immune": "0xb7522",
      "Absorb": "0xb7524"
    },
    "Level": "0xb7526",
    "Experience": "0xb7528",
    "AttackDamage": [],
    "AttackDamageType": []
  },
  "Venus Weed Flowered": {
    "Health": "0xb753c",
    "ContactDamage": "0xb753e",
    "ContactDamageType": "0xb7540",
    "Defense": "0xb7542",
    "Surface": "0xb7544",
    "Resistances": {
      "Weak": "0xb7546",
      "Strong": "0xb7548",
      "Immune": "0xb754a",
      "Absorb": "0xb754c"
    },
    "Level": "0xb754e",
    "Experience": "0xb7550",
    "AttackDamage": [
      "0xb7566",
      "0xb758e"
    ],
    "AttackDamageType": [
      "0xb7568",
      "0xb7590"
    ]
  },
  "Bomb Knight": {
    "Health": "0xb75b4",
    "ContactDamage": "0xb75b6",
    "ContactDamageType": "0xb75b8",
    "Defense": "0xb75ba",
    "Surface": "0xb75bc",
    "Resistances": {
      "Weak": "0xb75be",
      "Strong": "0xb75c0",
      "Immune": "0xb75c2",
      "Absorb": "0xb75c4"
    },
    "Level": "0xb75c6",
    "Experience": "0xb75c8",
    "AttackDamage": [
      "0xb75de"
    ],
    "AttackDamageType": [
      "0xb75e0"
    ]
  },
  "Rock Knight": {
    "Health": "0xb7604",
    "ContactDamage": "0xb7606",
    "ContactDamageType": "0xb7608",
    "Defense": "0xb760a",
    "Surface": "0xb760c",
    "Resistances": {
      "Weak": "0xb760e",
      "Strong": "0xb7610",
      "Immune": "0xb7612",
      "Absorb": "0xb7614"
    },
    "Level": "0xb7616",
    "Experience": "0xb7618",
    "AttackDamage": [
      "0xb762e"
    ],
    "AttackDamageType": [
      "0xb7630"
    ]
  },
  "Intro Dracula 1": {
    "Health": "0xb7654",
    "ContactDamage": "0xb7656",
    "ContactDamageType": "0xb7658",
    "Defense": "0xb765a",
    "Surface": "0xb765c",
    "Resistances": {
      "Weak": "0xb765e",
      "Strong": "0xb7660",
      "Immune": "0xb7662",
      "Absorb": "0xb7664"
    },
    "Level": "0xb7666",
    "Experience": "0xb7668",
    "AttackDamage": [
      "0xb767e",
      "0xb76a6"
    ],
    "AttackDamageType": [
      "0xb7680",
      "0xb76a8"
    ]
  },
  "Intro Dracula 2": {
    "Health": "0xb76cc",
    "ContactDamage": "0xb76ce",
    "ContactDamageType": "0xb76d0",
    "Defense": "0xb76d2",
    "Surface": "0xb76d4",
    "Resistances": {
      "Weak": "0xb76d6",
      "Strong": "0xb76d8",
      "Immune": "0xb76da",
      "Absorb": "0xb76dc"
    },
    "Level": "0xb76de",
    "Experience": "0xb76e0",
    "AttackDamage": [
      "0xb76f6",
      "0xb771e"
    ],
    "AttackDamageType": [
      "0xb76f8",
      "0xb7720"
    ]
  },
  "Warg": {
    "Health": "0xb7744",
    "ContactDamage": "0xb7746",
    "ContactDamageType": "0xb7748",
    "Defense": "0xb774a",
    "Surface": "0xb774c",
    "Resistances": {
      "Weak": "0xb774e",
      "Strong": "0xb7750",
      "Immune": "0xb7752",
      "Absorb": "0xb7754"
    },
    "Level": "0xb7756",
    "Experience": "0xb7758",
    "AttackDamage": [
      "0xb776e",
      "0xb7796"
    ],
    "AttackDamageType": [
      "0xb7770",
      "0xb7798"
    ]
  },
  "Slinger": {
    "Health": "0xb77bc",
    "ContactDamage": "0xb77be",
    "ContactDamageType": "0xb77c0",
    "Defense": "0xb77c2",
    "Surface": "0xb77c4",
    "Resistances": {
      "Weak": "0xb77c6",
      "Strong": "0xb77c8",
      "Immune": "0xb77ca",
      "Absorb": "0xb77cc"
    },
    "Level": "0xb77ce",
    "Experience": "0xb77d0",
    "AttackDamage": [
      "0xb77e6"
    ],
    "AttackDamageType": [
      "0xb77e8"
    ]
  },
  "Corner Guard": {
    "Health": "0xb780c",
    "ContactDamage": "0xb780e",
    "ContactDamageType": "0xb7810",
    "Defense": "0xb7812",
    "Surface": "0xb7814",
    "Resistances": {
      "Weak": "0xb7816",
      "Strong": "0xb7818",
      "Immune": "0xb781a",
      "Absorb": "0xb781c"
    },
    "Level": "0xb781e",
    "Experience": "0xb7820",
    "AttackDamage": [
      "0xb7836"
    ],
    "AttackDamageType": [
      "0xb7838"
    ]
  },
  "Bitterfly": {
    "Health": "0xb785c",
    "ContactDamage": "0xb785e",
    "ContactDamageType": "0xb7860",
    "Defense": "0xb7862",
    "Surface": "0xb7864",
    "Resistances": {
      "Weak": "0xb7866",
      "Strong": "0xb7868",
      "Immune": "0xb786a",
      "Absorb": "0xb786c"
    },
    "Level": "0xb786e",
    "Experience": "0xb7870",
    "AttackDamage": [],
    "AttackDamageType": []
  },
  "Bone Pillar": {
    "Health": "0xb7884",
    "ContactDamage": "0xb7886",
    "ContactDamageType": "0xb7888",
    "Defense": "0xb788a",
    "Surface": "0xb788c",
    "Resistances": {
      "Weak": "0xb788e",
      "Strong": "0xb7890",
      "Immune": "0xb7892",
      "Absorb": "0xb7894"
    },
    "Level": "0xb7896",
    "Experience": "0xb7898",
    "AttackDamage": [
      "0xb78ae"
    ],
    "AttackDamageType": [
      "0xb78b0"
    ]
  },
  "Spike ball": {
    "Health": "0xb78d4",
    "ContactDamage": "0xb78d6",
    "ContactDamageType": "0xb78d8",
    "Defense": "0xb78da",
    "Surface": "0xb78dc",
    "Resistances": {
      "Weak": "0xb78de",
      "Strong": "0xb78e0",
      "Immune": "0xb78e2",
      "Absorb": "0xb78e4"
    },
    "Level": "0xb78e6",
    "Experience": "0xb78e8",
    "AttackDamage": [],
    "AttackDamageType": []
  },
  "Hammer": {
    "Health": "0xb78fc",
    "ContactDamage": "0xb78fe",
    "ContactDamageType": "0xb7900",
    "Defense": "0xb7902",
    "Surface": "0xb7904",
    "Resistances": {
      "Weak": "0xb7906",
      "Strong": "0xb7908",
      "Immune": "0xb790a",
      "Absorb": "0xb790c"
    },
    "Level": "0xb790e",
    "Experience": "0xb7910",
    "AttackDamage": [
      "0xb7926"
    ],
    "AttackDamageType": [
      "0xb7928"
    ]
  },
  "Gurkha": {
    "Health": "0xb794c",
    "ContactDamage": "0xb794e",
    "ContactDamageType": "0xb7950",
    "Defense": "0xb7952",
    "Surface": "0xb7954",
    "Resistances": {
      "Weak": "0xb7956",
      "Strong": "0xb7958",
      "Immune": "0xb795a",
      "Absorb": "0xb795c"
    },
    "Level": "0xb795e",
    "Experience": "0xb7960",
    "AttackDamage": [
      "0xb7976"
    ],
    "AttackDamageType": [
      "0xb7978"
    ]
  },
  "Blade": {
    "Health": "0xb799c",
    "ContactDamage": "0xb799e",
    "ContactDamageType": "0xb79a0",
    "Defense": "0xb79a2",
    "Surface": "0xb79a4",
    "Resistances": {
      "Weak": "0xb79a6",
      "Strong": "0xb79a8",
      "Immune": "0xb79aa",
      "Absorb": "0xb79ac"
    },
    "Level": "0xb79ae",
    "Experience": "0xb79b0",
    "AttackDamage": [
      "0xb79c6",
      "0xb79ee"
    ],
    "AttackDamageType": [
      "0xb79c8",
      "0xb79f0"
    ]
  },
  "Ouija Table": {
    "Health": "0xb7a14",
    "ContactDamage": "0xb7a16",
    "ContactDamageType": "0xb7a18",
    "Defense": "0xb7a1a",
    "Surface": "0xb7a1c",
    "Resistances": {
      "Weak": "0xb7a1e",
      "Strong": "0xb7a20",
      "Immune": "0xb7a22",
      "Absorb": "0xb7a24"
    },
    "Level": "0xb7a26",
    "Experience": "0xb7a28",
    "AttackDamage": [
      "0xb7a3e"
    ],
    "AttackDamageType": [
      "0xb7a40"
    ]
  },
  "Sniper of Goth": {
    "Health": "0xb7a64",
    "ContactDamage": "0xb7a66",
    "ContactDamageType": "0xb7a68",
    "Defense": "0xb7a6a",
    "Surface": "0xb7a6c",
    "Resistances": {
      "Weak": "0xb7a6e",
      "Strong": "0xb7a70",
      "Immune": "0xb7a72",
      "Absorb": "0xb7a74"
    },
    "Level": "0xb7a76",
    "Experience": "0xb7a78",
    "AttackDamage": [
      "0xb7a8e",
      "0xb7ab6"
    ],
    "AttackDamageType": [
      "0xb7a90",
      "0xb7ab8"
    ]
  },
  "Galamoth": {
    "Health": "0xb7adc",
    "ContactDamage": "0xb7ade",
    "ContactDamageType": "0xb7ae0",
    "Defense": "0xb7ae2",
    "Surface": "0xb7ae4",
    "Resistances": {
      "Weak": "0xb7ae6",
      "Strong": "0xb7c18",
      "Immune": "0xb7c1a",
      "Absorb": "0xb7c1c"
    },
    "Level": "0xb7c1e",
    "Experience": "0xb7c20",
    "AttackDamage": [
      "0xb7c5e",
      "0xb7c86",
      "0xb7cae"
    ],
    "AttackDamageType": [
      "0xb7c60",
      "0xb7c88",
      "0xb7cb0"
    ]
  },
  "Galamoth Head": {
    "Health": "0xb7c34",
    "ContactDamage": "0xb7c36",
    "ContactDamageType": "0xb7c38",
    "Defense": "0xb7c3a",
    "Surface": "0xb7c3c",
    "Resistances": {
      "Weak": "0xb7c3e",
      "Strong": "0xb7c40",
      "Immune": "0xb7c42",
      "Absorb": "0xb7c44"
    },
    "Level": "0xb7c46",
    "Experience": "0xb7c48",
    "AttackDamage": [],
    "AttackDamageType": []
  },
  "Minotaur 1": {
    "Health": "0xb7cd4",
    "ContactDamage": "0xb7cd6",
    "ContactDamageType": "0xb7cd8",
    "Defense": "0xb7cda",
    "Surface": "0xb7cdc",
    "Resistances": {
      "Weak": "0xb7cde",
      "Strong": "0xb7ce0",
      "Immune": "0xb7ce2",
      "Absorb": "0xb7ce4"
    },
    "Level": "0xb7ce6",
    "Experience": "0xb7ce8",
    "AttackDamage": [
      "0xb7cfe",
      "0xb7d26"
    ],
    "AttackDamageType": [
      "0xb7d00",
      "0xb7d28"
    ]
  },
  "Werewolf 1": {
    "Health": "0xb7d4c",
    "ContactDamage": "0xb7d4e",
    "ContactDamageType": "0xb7d50",
    "Defense": "0xb7d52",
    "Surface": "0xb7d54",
    "Resistances": {
      "Weak": "0xb7d56",
      "Strong": "0xb7d58",
      "Immune": "0xb7d5a",
      "Absorb": "0xb7d5c"
    },
    "Level": "0xb7d5e",
    "Experience": "0xb7d60",
    "AttackDamage": [
      "0xb7d76",
      "0xb7d9e",
      "0xb7dc6"
    ],
    "AttackDamageType": [
      "0xb7d78",
      "0xb7da0",
      "0xb7dc8"
    ]
  },
  "Paranthropus": {
    "Health": "0xb7e14",
    "ContactDamage": "0xb7e16",
    "ContactDamageType": "0xb7e18",
    "Defense": "0xb7e1a",
    "Surface": "0xb7e1c",
    "Resistances": {
      "Weak": "0xb7e1e",
      "Strong": "0xb7e20",
      "Immune": "0xb7e22",
      "Absorb": "0xb7e24"
    },
    "Level": "0xb7e26",
    "Experience": "0xb7e28",
    "AttackDamage": [
      "0xb7e3e",
      "0xb7e66"
    ],
    "AttackDamageType": [
      "0xb7e40",
      "0xb7e68"
    ]
  },
  "Mudman": {
    "Health": "0xb7e8c",
    "ContactDamage": "0xb7e8e",
    "ContactDamageType": "0xb7e90",
    "Defense": "0xb7e92",
    "Surface": "0xb7e94",
    "Resistances": {
      "Weak": "0xb7e96",
      "Strong": "0xb7e98",
      "Immune": "0xb7e9a",
      "Absorb": "0xb7e9c"
    },
    "Level": "0xb7e9e",
    "Experience": "0xb7ea0",
    "AttackDamage": [
      "0xb7eb6"
    ],
    "AttackDamageType": [
      "0xb7eb8"
    ]
  },
  "Ghost Dancer": {
    "Health": "0xb7edc",
    "ContactDamage": "0xb7ede",
    "ContactDamageType": "0xb7ee0",
    "Defense": "0xb7ee2",
    "Surface": "0xb7ee4",
    "Resistances": {
      "Weak": "0xb7ee6",
      "Strong": "0xb7ee8",
      "Immune": "0xb7eea",
      "Absorb": "0xb7eec"
    },
    "Level": "0xb7eee",
    "Experience": "0xb7ef0",
    "AttackDamage": [],
    "AttackDamageType": []
  },
  "Frozen Half": {
    "Health": "0xb7f04",
    "ContactDamage": "0xb7f06",
    "ContactDamageType": "0xb7f08",
    "Defense": "0xb7f0a",
    "Surface": "0xb7f0c",
    "Resistances": {
      "Weak": "0xb7f0e",
      "Strong": "0xb7f10",
      "Immune": "0xb7f12",
      "Absorb": "0xb7f14"
    },
    "Level": "0xb7f16",
    "Experience": "0xb7f18",
    "AttackDamage": [
      "0xb7f2e",
      "0xb7f56",
      "0xb7f7e"
    ],
    "AttackDamageType": [
      "0xb7f30",
      "0xb7f58",
      "0xb7f80"
    ]
  },
  "Salem Witch": {
    "Health": "0xb7fa4",
    "ContactDamage": "0xb7fa6",
    "ContactDamageType": "0xb7fa8",
    "Defense": "0xb7faa",
    "Surface": "0xb7fac",
    "Resistances": {
      "Weak": "0xb7fae",
      "Strong": "0xb7fb0",
      "Immune": "0xb7fb2",
      "Absorb": "0xb7fb4"
    },
    "Level": "0xb7fb6",
    "Experience": "0xb7fb8",
    "AttackDamage": [
      "0xb7fce",
      "0xb7ff6"
    ],
    "AttackDamageType": [
      "0xb7fd0",
      "0xb7ff8"
    ]
  },
  "Azaghal": {
    "Health": "0xb801c",
    "ContactDamage": "0xb801e",
    "ContactDamageType": "0xb8020",
    "Defense": "0xb8022",
    "Surface": "0xb8024",
    "Resistances": {
      "Weak": "0xb8026",
      "Strong": "0xb8028",
      "Immune": "0xb802a",
      "Absorb": "0xb802c"
    },
    "Level": "0xb802e",
    "Experience": "0xb8030",
    "AttackDamage": [],
    "AttackDamageType": []
  },
  "Gremlin": {
    "Health": "0xb8044",
    "ContactDamage": "0xb8046",
    "ContactDamageType": "0xb8048",
    "Defense": "0xb804a",
    "Surface": "0xb804c",
    "Resistances": {
      "Weak": "0xb804e",
      "Strong": "0xb8050",
      "Immune": "0xb8052",
      "Absorb": "0xb8054"
    },
    "Level": "0xb8056",
    "Experience": "0xb8058",
    "AttackDamage": [
      "0xb806e"
    ],
    "AttackDamageType": [
      "0xb8070"
    ]
  },
  "Hunting Girl": {
    "Health": "0xb8094",
    "ContactDamage": "0xb8096",
    "ContactDamageType": "0xb8098",
    "Defense": "0xb809a",
    "Surface": "0xb809c",
    "Resistances": {
      "Weak": "0xb809e",
      "Strong": "0xb80a0",
      "Immune": "0xb80a2",
      "Absorb": "0xb80a4"
    },
    "Level": "0xb80a6",
    "Experience": "0xb80a8",
    "AttackDamage": [],
    "AttackDamageType": []
  },
  "Vandal Sword": {
    "Health": "0xb80bc",
    "ContactDamage": "0xb80be",
    "ContactDamageType": "0xb80c0",
    "Defense": "0xb80c2",
    "Surface": "0xb80c4",
    "Resistances": {
      "Weak": "0xb80c6",
      "Strong": "0xb80c8",
      "Immune": "0xb80ca",
      "Absorb": "0xb80cc"
    },
    "Level": "0xb80ce",
    "Experience": "0xb80d0",
    "AttackDamage": [],
    "AttackDamageType": []
  },
  "Salome": {
    "Health": "0xb80e4",
    "ContactDamage": "0xb80e6",
    "ContactDamageType": "0xb80e8",
    "Defense": "0xb80ea",
    "Surface": "0xb80ec",
    "Resistances": {
      "Weak": "0xb80ee",
      "Strong": "0xb80f0",
      "Immune": "0xb80f2",
      "Absorb": "0xb80f4"
    },
    "Level": "0xb80f6",
    "Experience": "0xb80f8",
    "AttackDamage": [
      "0xb810e",
      "0xb8136",
      "0xb815e"
    ],
    "AttackDamageType": [
      "0xb8110",
      "0xb8138",
      "0xb8160"
    ]
  },
  "Ctulhu": {
    "Health": "0xb8184",
    "ContactDamage": "0xb8186",
    "ContactDamageType": "0xb8188",
    "Defense": "0xb818a",
    "Surface": "0xb818c",
    "Resistances": {
      "Weak": "0xb818e",
      "Strong": "0xb8190",
      "Immune": "0xb8192",
      "Absorb": "0xb8194"
    },
    "Level": "0xb8196",
    "Experience": "0xb8198",
    "AttackDamage": [
      "0xb81ae",
      "0xb81d6"
    ],
    "AttackDamageType": [
      "0xb81b0",
      "0xb81d8"
    ]
  },
  "Malachi": {
    "Health": "0xb81fc",
    "ContactDamage": "0xb81fe",
    "ContactDamageType": "0xb8200",
    "Defense": "0xb8202",
    "Surface": "0xb8204",
    "Resistances": {
      "Weak": "0xb8206",
      "Strong": "0xb8208",
      "Immune": "0xb820a",
      "Absorb": "0xb820c"
    },
    "Level": "0xb820e",
    "Experience": "0xb8210",
    "AttackDamage": [
      "0xb8226",
      "0xb824e"
    ],
    "AttackDamageType": [
      "0xb8228",
      "0xb8250"
    ]
  },
  "Harpy": {
    "Health": "0xb8274",
    "ContactDamage": "0xb8276",
    "ContactDamageType": "0xb8278",
    "Defense": "0xb827a",
    "Surface": "0xb827c",
    "Resistances": {
      "Weak": "0xb827e",
      "Strong": "0xb8280",
      "Immune": "0xb8282",
      "Absorb": "0xb8284"
    },
    "Level": "0xb8286",
    "Experience": "0xb8288",
    "AttackDamage": [
      "0xb829e",
      "0xb82c6",
      "0xb82ee"
    ],
    "AttackDamageType": [
      "0xb82a0",
      "0xb82c8",
      "0xb82f0"
    ]
  },
  "Slogra": {
    "Health": "0xb8314",
    "ContactDamage": "0xb8316",
    "ContactDamageType": "0xb8318",
    "Defense": "0xb831a",
    "Surface": "0xb831c",
    "Resistances": {
      "Weak": "0xb831e",
      "Strong": "0xb8320",
      "Immune": "0xb8322",
      "Absorb": "0xb8324"
    },
    "Level": "0xb8326",
    "Experience": "0xb8328",
    "AttackDamage": [
      "0xb833e",
      "0xb8366"
    ],
    "AttackDamageType": [
      "0xb8340",
      "0xb8368"
    ]
  },
  "Green Axe Knight": {
    "Health": "0xb838c",
    "ContactDamage": "0xb838e",
    "ContactDamageType": "0xb8390",
    "Defense": "0xb8392",
    "Surface": "0xb8394",
    "Resistances": {
      "Weak": "0xb8396",
      "Strong": "0xb8398",
      "Immune": "0xb839a",
      "Absorb": "0xb839c"
    },
    "Level": "0xb839e",
    "Experience": "0xb83a0",
    "AttackDamage": [
      "0xb9f06"
    ],
    "AttackDamageType": [
      "0xb9f08"
    ]
  },
  "Spellbook": {
    "Health": "0xb83b4",
    "ContactDamage": "0xb83b6",
    "ContactDamageType": "0xb83b8",
    "Defense": "0xb83ba",
    "Surface": "0xb83bc",
    "Resistances": {
      "Weak": "0xb83be",
      "Strong": "0xb83c0",
      "Immune": "0xb83c2",
      "Absorb": "0xb83c4"
    },
    "Level": "0xb83c6",
    "Experience": "0xb83c8",
    "AttackDamage": [
      "0xb83de",
      "0xb8406",
      "0xb855e"
    ],
    "AttackDamageType": [
      "0xb83e0",
      "0xb8408",
      "0xb8560"
    ]
  },
  "Magic Tome": {
    "Health": "0xb8584",
    "ContactDamage": "0xb8586",
    "ContactDamageType": "0xb8588",
    "Defense": "0xb858a",
    "Surface": "0xb858c",
    "Resistances": {
      "Weak": "0xb858e",
      "Strong": "0xb8590",
      "Immune": "0xb8592",
      "Absorb": "0xb8594"
    },
    "Level": "0xb8596",
    "Experience": "0xb8598",
    "AttackDamage": [
      "0xb85ae"
    ],
    "AttackDamageType": [
      "0xb85b0"
    ]
  },
  "Doppleganger 1": {
    "Health": "0xb85d4",
    "ContactDamage": "0xb85d6",
    "ContactDamageType": "0xb85d8",
    "Defense": "0xb85da",
    "Surface": "0xb85dc",
    "Resistances": {
      "Weak": "0xb85de",
      "Strong": "0xb85e0",
      "Immune": "0xb85e2",
      "Absorb": "0xb85e4"
    },
    "Level": "0xb85e6",
    "Experience": "0xb85e8",
    "AttackDamage": [
      "0xb8676",
      "0xb869e",
      "0xb86c6",
      "0xb86ee",
      "0xb8d06"
    ],
    "AttackDamageType": [
      "0xb8678",
      "0xb86a0",
      "0xb86c8",
      "0xb86f0",
      "0xb8d08"
    ]
  },
  "Gaibon": {
    "Health": "0xb85fc",
    "ContactDamage": "0xb85fe",
    "ContactDamageType": "0xb8600",
    "Defense": "0xb8602",
    "Surface": "0xb8604",
    "Resistances": {
      "Weak": "0xb8606",
      "Strong": "0xb8608",
      "Immune": "0xb860a",
      "Absorb": "0xb860c"
    },
    "Level": "0xb860e",
    "Experience": "0xb8610",
    "AttackDamage": [
      "0xb8626",
      "0xb864e"
    ],
    "AttackDamageType": [
      "0xb8628",
      "0xb8650"
    ]
  },
  "Skull Lord": {
    "Health": "0xb8714",
    "ContactDamage": "0xb8716",
    "ContactDamageType": "0xb8718",
    "Defense": "0xb871a",
    "Surface": "0xb871c",
    "Resistances": {
      "Weak": "0xb871e",
      "Strong": "0xb8720",
      "Immune": "0xb8722",
      "Absorb": "0xb8724"
    },
    "Level": "0xb8726",
    "Experience": "0xb8728",
    "AttackDamage": [],
    "AttackDamageType": []
  },
  "Lion": {
    "Health": "0xb873c",
    "ContactDamage": "0xb873e",
    "ContactDamageType": "0xb8740",
    "Defense": "0xb8742",
    "Surface": "0xb8744",
    "Resistances": {
      "Weak": "0xb8746",
      "Strong": "0xb8748",
      "Immune": "0xb874a",
      "Absorb": "0xb874c"
    },
    "Level": "0xb874e",
    "Experience": "0xb8750",
    "AttackDamage": [
      "0xb8766"
    ],
    "AttackDamageType": [
      "0xb8768"
    ]
  },
  "Tin Man": {
    "Health": "0xb878c",
    "ContactDamage": "0xb878e",
    "ContactDamageType": "0xb8790",
    "Defense": "0xb8792",
    "Surface": "0xb8794",
    "Resistances": {
      "Weak": "0xb8796",
      "Strong": "0xb8798",
      "Immune": "0xb879a",
      "Absorb": "0xb879c"
    },
    "Level": "0xb879e",
    "Experience": "0xb87a0",
    "AttackDamage": [
      "0xb87b6",
      "0xb87de"
    ],
    "AttackDamageType": [
      "0xb87b8",
      "0xb87e0"
    ]
  },
  "Akmodan": {
    "Health": "0xb8804",
    "ContactDamage": "0xb8806",
    "ContactDamageType": "0xb8808",
    "Defense": "0xb880a",
    "Surface": "0xb880c",
    "Resistances": {
      "Weak": "0xb880e",
      "Strong": "0xb8810",
      "Immune": "0xb8812",
      "Absorb": "0xb8814"
    },
    "Level": "0xb8816",
    "Experience": "0xb8818",
    "AttackDamage": [
      "0xb882e",
      "0xb8856",
      "0xb887e"
    ],
    "AttackDamageType": [
      "0xb8830",
      "0xb8858",
      "0xb8880"
    ]
  },
  "Cloaked Knight": {
    "Health": "0xb88a4",
    "ContactDamage": "0xb88a6",
    "ContactDamageType": "0xb88a8",
    "Defense": "0xb88aa",
    "Surface": "0xb88ac",
    "Resistances": {
      "Weak": "0xb88ae",
      "Strong": "0xb88b0",
      "Immune": "0xb88b2",
      "Absorb": "0xb88b4"
    },
    "Level": "0xb88b6",
    "Experience": "0xb88b8",
    "AttackDamage": [
      "0xb88ce"
    ],
    "AttackDamageType": [
      "0xb88d0"
    ]
  },
  "Darkwing Bat": {
    "Health": "0xb88f4",
    "ContactDamage": "0xb88f6",
    "ContactDamageType": "0xb88f8",
    "Defense": "0xb88fa",
    "Surface": "0xb88fc",
    "Resistances": {
      "Weak": "0xb88fe",
      "Strong": "0xb8900",
      "Immune": "0xb8902",
      "Absorb": "0xb8904"
    },
    "Level": "0xb8906",
    "Experience": "0xb8908",
    "AttackDamage": [
      "0xb891e",
      "0xb8946",
      "0xb896e"
    ],
    "AttackDamageType": [
      "0xb8920",
      "0xb8948",
      "0xb8970"
    ]
  },
  "Fishhead": {
    "Health": "0xb8994",
    "ContactDamage": "0xb8996",
    "ContactDamageType": "0xb8998",
    "Defense": "0xb899a",
    "Surface": "0xb899c",
    "Resistances": {
      "Weak": "0xb899e",
      "Strong": "0xb89a0",
      "Immune": "0xb89a2",
      "Absorb": "0xb89a4"
    },
    "Level": "0xb89a6",
    "Experience": "0xb89a8",
    "AttackDamage": [
      "0xb89be",
      "0xb89e6"
    ],
    "AttackDamageType": [
      "0xb89c0",
      "0xb89e8"
    ]
  },
  "Karasuman": {
    "Health": "0xb8a0c",
    "ContactDamage": "0xb8a0e",
    "ContactDamageType": "0xb8a10",
    "Defense": "0xb8a12",
    "Surface": "0xb8a14",
    "Resistances": {
      "Weak": "0xb8a16",
      "Strong": "0xb8a18",
      "Immune": "0xb8a1a",
      "Absorb": "0xb8a1c"
    },
    "Level": "0xb8a1e",
    "Experience": "0xb8a20",
    "AttackDamage": [
      "0xb8a36",
      "0xb8a5e",
      "0xb8a86"
    ],
    "AttackDamageType": [
      "0xb8a38",
      "0xb8a60",
      "0xb8a88"
    ]
  },
  "Imp": {
    "Health": "0xb8aac",
    "ContactDamage": "0xb8aae",
    "ContactDamageType": "0xb8ab0",
    "Defense": "0xb8ab2",
    "Surface": "0xb8ab4",
    "Resistances": {
      "Weak": "0xb8ab6",
      "Strong": "0xb8ab8",
      "Immune": "0xb8aba",
      "Absorb": "0xb8abc"
    },
    "Level": "0xb8abe",
    "Experience": "0xb8ac0",
    "AttackDamage": [],
    "AttackDamageType": []
  },
  "Balloon Pod": {
    "Health": "0xb8ad4",
    "ContactDamage": "0xb8ad6",
    "ContactDamageType": "0xb8ad8",
    "Defense": "0xb8ada",
    "Surface": "0xb8adc",
    "Resistances": {
      "Weak": "0xb8ade",
      "Strong": "0xb8ae0",
      "Immune": "0xb8ae2",
      "Absorb": "0xb8ae4"
    },
    "Level": "0xb8ae6",
    "Experience": "0xb8ae8",
    "AttackDamage": [
      "0xb8afe"
    ],
    "AttackDamageType": [
      "0xb8b00"
    ]
  },
  "Scylla": {
    "Health": "0xb8b24",
    "ContactDamage": "0xb8b26",
    "ContactDamageType": "0xb8b28",
    "Defense": "0xb8b2a",
    "Surface": "0xb8b2c",
    "Resistances": {
      "Weak": "0xb8b2e",
      "Strong": "0xb8b30",
      "Immune": "0xb8b32",
      "Absorb": "0xb8b34"
    },
    "Level": "0xb8b36",
    "Experience": "0xb8b38",
    "AttackDamage": [
      "0xb8b4e",
      "0xb8b76",
      "0xb8b9e",
      "0xb8bc6",
      "0xb8bee",
      "0xb8c16"
    ],
    "AttackDamageType": [
      "0xb8b50",
      "0xb8b78",
      "0xb8ba0",
      "0xb8bc8",
      "0xb8bf0",
      "0xb8c18"
    ]
  },
  "Scylla Wyrm": {
    "Health": "0xb8c3c",
    "ContactDamage": "0xb8c3e",
    "ContactDamageType": "0xb8c40",
    "Defense": "0xb8c42",
    "Surface": "0xb8c44",
    "Resistances": {
      "Weak": "0xb8c46",
      "Strong": "0xb8c48",
      "Immune": "0xb8c4a",
      "Absorb": "0xb8c4c"
    },
    "Level": "0xb8c4e",
    "Experience": "0xb8c50",
    "AttackDamage": [],
    "AttackDamageType": []
  },
  "Granfaloon": {
    "Health": "0xb8c64",
    "ContactDamage": "0xb8c66",
    "ContactDamageType": "0xb8c68",
    "Defense": "0xb8c6a",
    "Surface": "0xb8c6c",
    "Resistances": {
      "Weak": "0xb8c6e",
      "Strong": "0xb8c70",
      "Immune": "0xb8c72",
      "Absorb": "0xb8c74"
    },
    "Level": "0xb8c76",
    "Experience": "0xb8c78",
    "AttackDamage": [
      "0xb8cde"
    ],
    "AttackDamageType": [
      "0xb8ce0"
    ]
  },
  "Granfaloon Part": {
    "Health": "0xb8c8c",
    "ContactDamage": "0xb8c8e",
    "ContactDamageType": "0xb8c90",
    "Defense": "0xb8c92",
    "Surface": "0xb8c94",
    "Resistances": {
      "Weak": "0xb8c96",
      "Strong": "0xb8c98",
      "Immune": "0xb8c9a",
      "Absorb": "0xb8c9c"
    },
    "Level": "0xb8c9e",
    "Experience": "0xb8ca0",
    "AttackDamage": [
      "0xb8cb6"
    ],
    "AttackDamageType": [
      "0xb8cb8"
    ]
  },
  "Hippogryph": {
    "Health": "0xb8d2c",
    "ContactDamage": "0xb8d2e",
    "ContactDamageType": "0xb8d30",
    "Defense": "0xb8d32",
    "Surface": "0xb8d34",
    "Resistances": {
      "Weak": "0xb8d36",
      "Strong": "0xb8d38",
      "Immune": "0xb8d3a",
      "Absorb": "0xb8d3c"
    },
    "Level": "0xb8d3e",
    "Experience": "0xb8d40",
    "AttackDamage": [
      "0xb8e86",
      "0xb8eae"
    ],
    "AttackDamageType": [
      "0xb8e88",
      "0xb8eb0"
    ]
  },
  "Medusa head": {
    "Health": "0xb8ed4",
    "ContactDamage": "0xb8ed6",
    "ContactDamageType": "0xb8ed8",
    "Defense": "0xb8eda",
    "Surface": "0xb8edc",
    "Resistances": {
      "Weak": "0xb8ede",
      "Strong": "0xb8ee0",
      "Immune": "0xb8ee2",
      "Absorb": "0xb8ee4"
    },
    "Level": "0xb8ee6",
    "Experience": "0xb8ee8",
    "AttackDamage": [],
    "AttackDamageType": []
  },
  "Golden Medusa Head": {
    "Health": "0xb8efc",
    "ContactDamage": "0xb8efe",
    "ContactDamageType": "0xb8f00",
    "Defense": "0xb8f02",
    "Surface": "0xb8f04",
    "Resistances": {
      "Weak": "0xb8f06",
      "Strong": "0xb8f08",
      "Immune": "0xb8f0a",
      "Absorb": "0xb8f0c"
    },
    "Level": "0xb8f0e",
    "Experience": "0xb8f10",
    "AttackDamage": [],
    "AttackDamageType": []
  },
  "Archer": {
    "Health": "0xb8f24",
    "ContactDamage": "0xb8f26",
    "ContactDamageType": "0xb8f28",
    "Defense": "0xb8f2a",
    "Surface": "0xb8f2c",
    "Resistances": {
      "Weak": "0xb8f2e",
      "Strong": "0xb8f30",
      "Immune": "0xb8f32",
      "Absorb": "0xb8f34"
    },
    "Level": "0xb8f36",
    "Experience": "0xb8f38",
    "AttackDamage": [
      "0xb8f4e"
    ],
    "AttackDamageType": [
      "0xb8f50"
    ]
  },
  "Richter": {
    "Health": "0xb8f74",
    "ContactDamage": "0xb8f76",
    "ContactDamageType": "0xb8f78",
    "Defense": "0xb8f7a",
    "Surface": "0xb8f7c",
    "Resistances": {
      "Weak": "0xb8f7e",
      "Strong": "0xb8f80",
      "Immune": "0xb8f82",
      "Absorb": "0xb8f84"
    },
    "Level": "0xb8f86",
    "Experience": "0xb8f88",
    "AttackDamage": [
      "0xb8f9e",
      "0xb8fc6",
      "0xb8fee",
      "0xb9016",
      "0xb903e",
      "0xb9066",
      "0xb908e",
      "0xb90b6",
      "0xb90de",
      "0xb9106",
      "0xb912e",
      "0xb9156",
      "0xb917e",
      "0xb91a6",
      "0xb95de",
      "0xb9606"
    ],
    "AttackDamageType": [
      "0xb8fa0",
      "0xb8fc8",
      "0xb8ff0",
      "0xb9018",
      "0xb9040",
      "0xb9068",
      "0xb9090",
      "0xb90b8",
      "0xb90e0",
      "0xb9108",
      "0xb9130",
      "0xb9158",
      "0xb9180",
      "0xb91a8",
      "0xb95e0",
      "0xb9608"
    ]
  },
  "Scarecrow": {
    "Health": "0xb91cc",
    "ContactDamage": "0xb91ce",
    "ContactDamageType": "0xb91d0",
    "Defense": "0xb91d2",
    "Surface": "0xb91d4",
    "Resistances": {
      "Weak": "0xb91d6",
      "Strong": "0xb91d8",
      "Immune": "0xb91da",
      "Absorb": "0xb91dc"
    },
    "Level": "0xb91de",
    "Experience": "0xb91e0",
    "AttackDamage": [],
    "AttackDamageType": []
  },
  "Shmoo": {
    "Health": "0xb91f4",
    "ContactDamage": "0xb91f6",
    "ContactDamageType": "0xb91f8",
    "Defense": "0xb91fa",
    "Surface": "0xb91fc",
    "Resistances": {
      "Weak": "0xb91fe",
      "Strong": "0xb9200",
      "Immune": "0xb9202",
      "Absorb": "0xb9204"
    },
    "Level": "0xb9206",
    "Experience": "0xb9208",
    "AttackDamage": [],
    "AttackDamageType": []
  },
  "Beezelbub": {
    "Health": "0xb921c",
    "ContactDamage": "0xb921e",
    "ContactDamageType": "0xb9220",
    "Defense": "0xb9222",
    "Surface": "0xb9224",
    "Resistances": {
      "Weak": "0xb9226",
      "Strong": "0xb9228",
      "Immune": "0xb922a",
      "Absorb": "0xb922c"
    },
    "Level": "0xb922e",
    "Experience": "0xb9230",
    "AttackDamage": [
      "0xb926e"
    ],
    "AttackDamageType": [
      "0xb9270"
    ]
  },
  "Beezelbub Flies": {
    "Health": "0xb9244",
    "ContactDamage": "0xb9246",
    "ContactDamageType": "0xb9248",
    "Defense": "0xb924a",
    "Surface": "0xb924c",
    "Resistances": {
      "Weak": "0xb924e",
      "Strong": "0xb9250",
      "Immune": "0xb9252",
      "Absorb": "0xb9254"
    },
    "Level": "0xb9256",
    "Experience": "0xb9258",
    "AttackDamage": [],
    "AttackDamageType": []
  },
  "Shaft Orb": {
    "Health": "0xb9294",
    "ContactDamage": "0xb9296",
    "ContactDamageType": "0xb9298",
    "Defense": "0xb929a",
    "Surface": "0xb929c",
    "Resistances": {
      "Weak": "0xb929e",
      "Strong": "0xb92a0",
      "Immune": "0xb92a2",
      "Absorb": "0xb92a4"
    },
    "Level": "0xb92a6",
    "Experience": "0xb92a8",
    "AttackDamage": [],
    "AttackDamageType": []
  },
  "Fake Trevor": {
    "Health": "0xb92bc",
    "ContactDamage": "0xb92be",
    "ContactDamageType": "0xb92c0",
    "Defense": "0xb92c2",
    "Surface": "0xb92c4",
    "Resistances": {
      "Weak": "0xb92c6",
      "Strong": "0xb92c8",
      "Immune": "0xb92ca",
      "Absorb": "0xb92cc"
    },
    "Level": "0xb92ce",
    "Experience": "0xb92d0",
    "AttackDamage": [
      "0xb92e6",
      "0xb930e",
      "0xb9336",
      "0xb935e",
      "0xb9386"
    ],
    "AttackDamageType": [
      "0xb92e8",
      "0xb9310",
      "0xb9338",
      "0xb9360",
      "0xb9388"
    ]
  },
  "Zombie Trevor": {
    "Health": "0xb94c4",
    "ContactDamage": "0xb94c6",
    "ContactDamageType": "0xb94c8",
    "Defense": "0xb94ca",
    "Surface": "0xb94cc",
    "Resistances": {
      "Weak": "0xb94ce",
      "Strong": "0xb94d0",
      "Immune": "0xb94d2",
      "Absorb": "0xb94d4"
    },
    "Level": "0xb94d6",
    "Experience": "0xb94d8",
    "AttackDamage": [],
    "AttackDamageType": []
  },
  "Fake Grant": {
    "Health": "0xb93ac",
    "ContactDamage": "0xb93ae",
    "ContactDamageType": "0xb93b0",
    "Defense": "0xb93b2",
    "Surface": "0xb93b4",
    "Resistances": {
      "Weak": "0xb93b6",
      "Strong": "0xb93b8",
      "Immune": "0xb93ba",
      "Absorb": "0xb93bc"
    },
    "Level": "0xb93be",
    "Experience": "0xb93c0",
    "AttackDamage": [
      "0xb93d6",
      "0xb93fe"
    ],
    "AttackDamageType": [
      "0xb93d8",
      "0xb9400"
    ]
  },
  "Fake Sypha": {
    "Health": "0xb9424",
    "ContactDamage": "0xb9426",
    "ContactDamageType": "0xb9428",
    "Defense": "0xb942a",
    "Surface": "0xb942c",
    "Resistances": {
      "Weak": "0xb942e",
      "Strong": "0xb9430",
      "Immune": "0xb9432",
      "Absorb": "0xb9434"
    },
    "Level": "0xb9436",
    "Experience": "0xb9438",
    "AttackDamage": [
      "0xb944e",
      "0xb9476",
      "0xb949e"
    ],
    "AttackDamageType": [
      "0xb9450",
      "0xb9478",
      "0xb94a0"
    ]
  },
  "Succubus": {
    "Health": "0xb94ec",
    "ContactDamage": "0xb94ee",
    "ContactDamageType": "0xb94f0",
    "Defense": "0xb94f2",
    "Surface": "0xb94f4",
    "Resistances": {
      "Weak": "0xb94f6",
      "Strong": "0xb94f8",
      "Immune": "0xb94fa",
      "Absorb": "0xb94fc"
    },
    "Level": "0xb94fe",
    "Experience": "0xb9500",
    "AttackDamage": [
      "0xb9516",
      "0xb953e",
      "0xb9566",
      "0xb958e",
      "0xb95b6"
    ],
    "AttackDamageType": [
      "0xb9518",
      "0xb9540",
      "0xb9568",
      "0xb9590",
      "0xb95b8"
    ]
  },
  "Killer Fish": {
    "Health": "0xb962c",
    "ContactDamage": "0xb962e",
    "ContactDamageType": "0xb9630",
    "Defense": "0xb9632",
    "Surface": "0xb9634",
    "Resistances": {
      "Weak": "0xb9636",
      "Strong": "0xb9638",
      "Immune": "0xb963a",
      "Absorb": "0xb963c"
    },
    "Level": "0xb963e",
    "Experience": "0xb9640",
    "AttackDamage": [],
    "AttackDamageType": []
  },
  "Shaft": {
    "Health": "0xb9654",
    "ContactDamage": "0xb9656",
    "ContactDamageType": "0xb9658",
    "Defense": "0xb965a",
    "Surface": "0xb965c",
    "Resistances": {
      "Weak": "0xb965e",
      "Strong": "0xb9660",
      "Immune": "0xb9662",
      "Absorb": "0xb9664"
    },
    "Level": "0xb9666",
    "Experience": "0xb9668",
    "AttackDamage": [
      "0xb97ae",
      "0xb97d6",
      "0xb97fe",
      "0xb9826"
    ],
    "AttackDamageType": [
      "0xb97b0",
      "0xb97d8",
      "0xb9800",
      "0xb9828"
    ]
  },
  "Death 1": {
    "Health": "0xb984c",
    "ContactDamage": "0xb984e",
    "ContactDamageType": "0xb9850",
    "Defense": "0xb9852",
    "Surface": "0xb9854",
    "Resistances": {
      "Weak": "0xb9856",
      "Strong": "0xb9858",
      "Immune": "0xb985a",
      "Absorb": "0xb985c"
    },
    "Level": "0xb985e",
    "Experience": "0xb9860",
    "AttackDamage": [
      "0xb9876",
      "0xb989e",
      "0xb98c6",
      "0xb98ee"
    ],
    "AttackDamageType": [
      "0xb9878",
      "0xb98a0",
      "0xb98c8",
      "0xb98f0"
    ]
  },
  "Death 2": {
    "Health": "0xb9914",
    "ContactDamage": "0xb9916",
    "ContactDamageType": "0xb9918",
    "Defense": "0xb991a",
    "Surface": "0xb991c",
    "Resistances": {
      "Weak": "0xb991e",
      "Strong": "0xb9920",
      "Immune": "0xb9922",
      "Absorb": "0xb9924"
    },
    "Level": "0xb9926",
    "Experience": "0xb9928",
    "AttackDamage": [
      "0xb993e"
    ],
    "AttackDamageType": [
      "0xb9940"
    ]
  },
  "Cerberus": {
    "Health": "0xb9964",
    "ContactDamage": "0xb9966",
    "ContactDamageType": "0xb9968",
    "Defense": "0xb996a",
    "Surface": "0xb996c",
    "Resistances": {
      "Weak": "0xb996e",
      "Strong": "0xb9970",
      "Immune": "0xb9972",
      "Absorb": "0xb9974"
    },
    "Level": "0xb9976",
    "Experience": "0xb9978",
    "AttackDamage": [
      "0xb998e",
      "0xb99b6"
    ],
    "AttackDamageType": [
      "0xb9990",
      "0xb99b8"
    ]
  },
  "Medusa": {
    "Health": "0xb99dc",
    "ContactDamage": "0xb99de",
    "ContactDamageType": "0xb99e0",
    "Defense": "0xb99e2",
    "Surface": "0xb99e4",
    "Resistances": {
      "Weak": "0xb99e6",
      "Strong": "0xb99e8",
      "Immune": "0xb99ea",
      "Absorb": "0xb99ec"
    },
    "Level": "0xb99ee",
    "Experience": "0xb99f0",
    "AttackDamage": [
      "0xb9a06",
      "0xb9a2e",
      "0xb9a56"
    ],
    "AttackDamageType": [
      "0xb9a08",
      "0xb9a30",
      "0xb9a58"
    ]
  },
  "The Creature": {
    "Health": "0xb9a7c",
    "ContactDamage": "0xb9a7e",
    "ContactDamageType": "0xb9a80",
    "Defense": "0xb9a82",
    "Surface": "0xb9a84",
    "Resistances": {
      "Weak": "0xb9a86",
      "Strong": "0xb9a88",
      "Immune": "0xb9a8a",
      "Absorb": "0xb9a8c"
    },
    "Level": "0xb9a8e",
    "Experience": "0xb9a90",
    "AttackDamage": [
      "0xb9aa6"
    ],
    "AttackDamageType": [
      "0xb9aa8"
    ]
  },
  "Doppleganger 2": {
    "Health": "0xb9acc",
    "ContactDamage": "0xb9ace",
    "ContactDamageType": "0xb9ad0",
    "Defense": "0xb9ad2",
    "Surface": "0xb9ad4",
    "Resistances": {
      "Weak": "0xb9ad6",
      "Strong": "0xb9ad8",
      "Immune": "0xb9ada",
      "Absorb": "0xb9adc"
    },
    "Level": "0xb9ade",
    "Experience": "0xb9ae0",
    "AttackDamage": [
      "0xb9af6",
      "0xb9b1e",
      "0xb9b46",
      "0xb9b6e",
      "0xb9b96",
      "0xb9bbe"
    ],
    "AttackDamageType": [
      "0xb9af8",
      "0xb9b20",
      "0xb9b48",
      "0xb9b70",
      "0xb9b98",
      "0xb9bc0"
    ]
  },
  "Dracula": {
    "Health": "0xb9be4",
    "ContactDamage": "0xb9be6",
    "ContactDamageType": "0xb9be8",
    "Defense": "0xb9bea",
    "Surface": "0xb9bec",
    "Resistances": {
      "Weak": "0xb9bee",
      "Strong": "0xb9bf0",
      "Immune": "0xb9bf2",
      "Absorb": "0xb9bf4"
    },
    "Level": "0xb9bf6",
    "Experience": "0xb9bf8",
    "AttackDamage": [
      "0xb9c36",
      "0xb9c5e",
      "0xb9c86"
    ],
    "AttackDamageType": [
      "0xb9c38",
      "0xb9c60",
      "0xb9c88"
    ]
  },
  "Dracula Hands": {
    "Health": "0xb9c0c",
    "ContactDamage": "0xb9c0e",
    "ContactDamageType": "0xb9c10",
    "Defense": "0xb9c12",
    "Surface": "0xb9c14",
    "Resistances": {
      "Weak": "0xb9c16",
      "Strong": "0xb9c18",
      "Immune": "0xb9c1a",
      "Absorb": "0xb9c1c"
    },
    "Level": "0xb9c1e",
    "Experience": "0xb9c20",
    "AttackDamage": [],
    "AttackDamageType": []
  },
  "Stone Skull": {
    "Health": "0xb9cac",
    "ContactDamage": "0xb9cae",
    "ContactDamageType": "0xb9cb0",
    "Defense": "0xb9cb2",
    "Surface": "0xb9cb4",
    "Resistances": {
      "Weak": "0xb9cb6",
      "Strong": "0xb9cb8",
      "Immune": "0xb9cba",
      "Absorb": "0xb9cbc"
    },
    "Level": "0xb9cbe",
    "Experience": "0xb9cc0",
    "AttackDamage": [
      "0xb9cd6"
    ],
    "AttackDamageType": [
      "0xb9cd8"
    ]
  },
  "Minotaur 2": {
    "Health": "0xb9cfc",
    "ContactDamage": "0xb9cfe",
    "ContactDamageType": "0xb9d00",
    "Defense": "0xb9d02",
    "Surface": "0xb9d04",
    "Resistances": {
      "Weak": "0xb9d06",
      "Strong": "0xb9d08",
      "Immune": "0xb9d0a",
      "Absorb": "0xb9d0c"
    },
    "Level": "0xb9d0e",
    "Experience": "0xb9d10",
    "AttackDamage": [
      "0xb9d26",
      "0xb9d4e"
    ],
    "AttackDamageType": [
      "0xb9d28",
      "0xb9d50"
    ]
  },
  "Werewolf 2": {
    "Health": "0xb9d74",
    "ContactDamage": "0xb9d76",
    "ContactDamageType": "0xb9d78",
    "Defense": "0xb9d7a",
    "Surface": "0xb9d7c",
    "Resistances": {
      "Weak": "0xb9d7e",
      "Strong": "0xb9d80",
      "Immune": "0xb9d82",
      "Absorb": "0xb9d84"
    },
    "Level": "0xb9d86",
    "Experience": "0xb9d88",
    "AttackDamage": [
      "0xb9d9e",
      "0xb9dc6"
    ],
    "AttackDamageType": [
      "0xb9da0",
      "0xb9dc8"
    ]
  },
  "Blue Venus Weed Unflowered": {
    "Health": "0xb9dec",
    "ContactDamage": "0xb9dee",
    "ContactDamageType": "0xb9df0",
    "Defense": "0xb9df2",
    "Surface": "0xb9df4",
    "Resistances": {
      "Weak": "0xb9df6",
      "Strong": "0xb9df8",
      "Immune": "0xb9dfa",
      "Absorb": "0xb9dfc"
    },
    "Level": "0xb9dfe",
    "Experience": "0xb9e00",
    "AttackDamage": [],
    "AttackDamageType": []
  },
  "Blue Venus Weed Flowered": {
    "Health": "0xb9e14",
    "ContactDamage": "0xb9e16",
    "ContactDamageType": "0xb9e18",
    "Defense": "0xb9e1a",
    "Surface": "0xb9e1c",
    "Resistances": {
      "Weak": "0xb9e1e",
      "Strong": "0xb9e20",
      "Immune": "0xb9e22",
      "Absorb": "0xb9e24"
    },
    "Level": "0xb9e26",
    "Experience": "0xb9e28",
    "AttackDamage": [
      "0xb9e3e",
      "0xb9e66"
    ],
    "AttackDamageType": [
      "0xb9e40",
      "0xb9e68"
    ]
  },
  "Guardian": {
    "Health": "0xb9e8c",
    "ContactDamage": "0xb9e8e",
    "ContactDamageType": "0xb9e90",
    "Defense": "0xb9e92",
    "Surface": "0xb9e94",
    "Resistances": {
      "Weak": "0xb9e96",
      "Strong": "0xb9e98",
      "Immune": "0xb9e9a",
      "Absorb": "0xb9e9c"
    },
    "Level": "0xb9e9e",
    "Experience": "0xb9ea0",
    "AttackDamage": [
      "0xb9eb6",
      "0xb9ede"
    ],
    "AttackDamageType": [
      "0xb9eb8",
      "0xb9ee0"
    ]
  }
}