{
  "Monster Vial 1": {
    "Attack": "0xb1118",
    "Defense": "0xb111a",
    "Element": "0xb111c",
    "Sprite": "0xb111f",
    "Special": "0xb1128",
    "Spell": "0xb112c",
    "ManaCost": "0xb1134",
    "StunFrames": "0xb1136",
    "Range": "0xb1138",
    "Extra": "0xb113a"
  },
  "Monster Vial 2": {
    "Attack": "0xb114c",
    "Defense": "0xb114e",
    "Element": "0xb1150",
    "Sprite": "0xb1153",
    "Special": "0xb115c",
    "Spell": "0xb1160",
    "ManaCost": "0xb1168",
    "StunFrames": "0xb116a",
    "Range": "0xb116c",
    "Extra": "0xb116e"
  },
  "Monster Vial 3": {
    "Attack": "0xb1180",
    "Defense": "0xb1182",
    "Element": "0xb1184",
    "Sprite": "0xb1187",
    "Special": "0xb1190",
    "Spell": "0xb1194",
    "ManaCost": "0xb119c",
    "StunFrames": "0xb119e",
    "Range": "0xb11a0",
    "Extra": "0xb11a2"
  },
  "Shield Rod": {
    "Attack": "0xb11b4",
    "Defense": "0xb11b6",
    "Element": "0xb11b8",
    "Sprite": "0xb11bb",
    "Special": "0xb11c4",
    "Spell": "0xb11c8",
    "ManaCost": "0xb11d0",
    "StunFrames": "0xb11d2",
    "Range": "0xb11d4",
    "Extra": "0xb11d6"
  },
  "Leather Shield": {
    "Attack": "0xb11e8",
    "Defense": "0xb11ea",
    "Element": "0xb11ec",
    "Sprite": "0xb11ef",
    "Special": "0xb11f8",
    "Spell": "0xb11fc",
    "ManaCost": "0xb1204",
    "StunFrames": "0xb1206",
    "Range": "0xb1208",
    "Extra": "0xb120a"
  },
  "Knight Shield": {
    "Attack": "0xb121c",
    "Defense": "0xb121e",
    "Element": "0xb1220",
    "Sprite": "0xb1223",
    "Special": "0xb122c",
    "Spell": "0xb1230",
    "ManaCost": "0xb1238",
    "StunFrames": "0xb123a",
    "Range": "0xb123c",
    "Extra": "0xb123e"
  },
  "Iron Shield": {
    "Attack": "0xb1250",
    "Defense": "0xb1252",
    "Element": "0xb1254",
    "Sprite": "0xb1257",
    "Special": "0xb1260",
    "Spell": "0xb1264",
    "ManaCost": "0xb126c",
    "StunFrames": "0xb126e",
    "Range": "0xb1270",
    "Extra": "0xb1272"
  },
  "Axelord Shield": {
    "Attack": "0xb1284",
    "Defense": "0xb1286",
    "Element": "0xb1288",
    "Sprite": "0xb128b",
    "Special": "0xb1294",
    "Spell": "0xb1298",
    "ManaCost": "0xb12a0",
    "StunFrames": "0xb12a2",
    "Range": "0xb12a4",
    "Extra": "0xb12a6"
  },
  "Herald Shield": {
    "Attack": "0xb12b8",
    "Defense": "0xb12ba",
    "Element": "0xb12bc",
    "Sprite": "0xb12bf",
    "Special": "0xb12c8",
    "Spell": "0xb12cc",
    "ManaCost": "0xb12d4",
    "StunFrames": "0xb12d6",
    "Range": "0xb12d8",
    "Extra": "0xb12da"
  },
  "Dark Shield": {
    "Attack": "0xb12ec",
    "Defense": "0xb12ee",
    "Element": "0xb12f0",
    "Sprite": "0xb12f3",
    "Special": "0xb12fc",
    "Spell": "0xb1300",
    "ManaCost": "0xb1308",
    "StunFrames": "0xb130a",
    "Range": "0xb130c",
    "Extra": "0xb130e"
  },
  "Goddess Shield": {
    "Attack": "0xb1320",
    "Defense": "0xb1322",
    "Element": "0xb1324",
    "Sprite": "0xb1327",
    "Special": "0xb1330",
    "Spell": "0xb1334",
    "ManaCost": "0xb133c",
    "StunFrames": "0xb133e",
    "Range": "0xb1340",
    "Extra": "0xb1342"
  },
  "Shaman Shield": {
    "Attack": "0xb1354",
    "Defense": "0xb1356",
    "Element": "0xb1358",
    "Sprite": "0xb135b",
    "Special": "0xb1364",
    "Spell": "0xb1368",
    "ManaCost": "0xb1370",
    "StunFrames": "0xb1372",
    "Range": "0xb1374",
    "Extra": "0xb1376"
  },
  "Medusa Shield": {
    "Attack": "0xb1388",
    "Defense": "0xb138a",
    "Element": "0xb138c",
    "Sprite": "0xb138f",
    "Special": "0xb1398",
    "Spell": "0xb139c",
    "ManaCost": "0xb13a4",
    "StunFrames": "0xb13a6",
    "Range": "0xb13a8",
    "Extra": "0xb13aa"
  },
  "Skull Shield": {
    "Attack": "0xb13bc",
    "Defense": "0xb13be",
    "Element": "0xb13c0",
    "Sprite": "0xb13c3",
    "Special": "0xb13cc",
    "Spell": "0xb13d0",
    "ManaCost": "0xb13d8",
    "StunFrames": "0xb13da",
    "Range": "0xb13dc",
    "Extra": "0xb13de"
  },
  "Fire Shield": {
    "Attack": "0xb13f0",
    "Defense": "0xb13f2",
    "Element": "0xb13f4",
    "Sprite": "0xb13f7",
    "Special": "0xb1400",
    "Spell": "0xb1404",
    "ManaCost": "0xb140c",
    "StunFrames": "0xb140e",
    "Range": "0xb1410",
    "Extra": "0xb1412"
  },
  "Alucard Shield": {
    "Attack": "0xb1424",
    "Defense": "0xb1426",
    "Element": "0xb1428",
    "Sprite": "0xb142b",
    "Special": "0xb1434",
    "Spell": "0xb1438",
    "ManaCost": "0xb1440",
    "StunFrames": "0xb1442",
    "Range": "0xb1444",
    "Extra": "0xb1446"
  },
  "Sword of Dawn": {
    "Attack": "0xb1458",
    "Defense": "0xb145a",
    "Element": "0xb145c",
    "Sprite": "0xb145f",
    "Special": "0xb1468",
    "Spell": "0xb146c",
    "ManaCost": "0xb1474",
    "StunFrames": "0xb1476",
    "Range": "0xb1478",
    "Extra": "0xb147a"
  },
  "Basilard": {
    "Attack": "0xb148c",
    "Defense": "0xb148e",
    "Element": "0xb1490",
    "Sprite": "0xb1493",
    "Special": "0xb149c",
    "Spell": "0xb14a0",
    "ManaCost": "0xb14a8",
    "StunFrames": "0xb14aa",
    "Range": "0xb14ac",
    "Extra": "0xb14ae"
  },
  "Short Sword": {
    "Attack": "0xb14c0",
    "Defense": "0xb14c2",
    "Element": "0xb14c4",
    "Sprite": "0xb14c7",
    "Special": "0xb14d0",
    "Spell": "0xb14d4",
    "ManaCost": "0xb14dc",
    "StunFrames": "0xb14de",
    "Range": "0xb14e0",
    "Extra": "0xb14e2"
  },
  "Combat Knife": {
    "Attack": "0xb14f4",
    "Defense": "0xb14f6",
    "Element": "0xb14f8",
    "Sprite": "0xb14fb",
    "Special": "0xb1504",
    "Spell": "0xb1508",
    "ManaCost": "0xb1510",
    "StunFrames": "0xb1512",
    "Range": "0xb1514",
    "Extra": "0xb1516"
  },
  "Nunchaku": {
    "Attack": "0xb1528",
    "Defense": "0xb152a",
    "Element": "0xb152c",
    "Sprite": "0xb152f",
    "Special": "0xb1538",
    "Spell": "0xb153c",
    "ManaCost": "0xb1544",
    "StunFrames": "0xb1546",
    "Range": "0xb1548",
    "Extra": "0xb154a"
  },
  "Were Bane": {
    "Attack": "0xb155c",
    "Defense": "0xb155e",
    "Element": "0xb1560",
    "Sprite": "0xb1563",
    "Special": "0xb156c",
    "Spell": "0xb1570",
    "ManaCost": "0xb1578",
    "StunFrames": "0xb157a",
    "Range": "0xb157c",
    "Extra": "0xb157e"
  },
  "Rapier": {
    "Attack": "0xb1590",
    "Defense": "0xb1592",
    "Element": "0xb1594",
    "Sprite": "0xb1597",
    "Special": "0xb15a0",
    "Spell": "0xb15a4",
    "ManaCost": "0xb15ac",
    "StunFrames": "0xb15ae",
    "Range": "0xb15b0",
    "Extra": "0xb15b2"
  },
  "Karma Coin": {
    "Attack": "0xb15c4",
    "Defense": "0xb15c6",
    "Element": "0xb15c8",
    "Sprite": "0xb15cb",
    "Special": "0xb15d4",
    "Spell": "0xb1708",
    "ManaCost": "0xb1710",
    "StunFrames": "0xb1712",
    "Range": "0xb1714",
    "Extra": "0xb1716"
  },
  "Magic Missile": {
    "Attack": "0xb1728",
    "Defense": "0xb172a",
    "Element": "0xb172c",
    "Sprite": "0xb172f",
    "Special": "0xb1738",
    "Spell": "0xb173c",
    "ManaCost": "0xb1744",
    "StunFrames": "0xb1746",
    "Range": "0xb1748",
    "Extra": "0xb174a"
  },
  "Red Rust": {
    "Attack": "0xb175c",
    "Defense": "0xb175e",
    "Element": "0xb1760",
    "Sprite": "0xb1763",
    "Special": "0xb176c",
    "Spell": "0xb1770",
    "ManaCost": "0xb1778",
    "StunFrames": "0xb177a",
    "Range": "0xb177c",
    "Extra": "0xb177e"
  },
  "Takemitsu": {
    "Attack": "0xb1790",
    "Defense": "0xb1792",
    "Element": "0xb1794",
    "Sprite": "0xb1797",
    "Special": "0xb17a0",
    "Spell": "0xb17a4",
    "ManaCost": "0xb17ac",
    "StunFrames": "0xb17ae",
    "Range": "0xb17b0",
    "Extra": "0xb17b2"
  },
  "Shotel": {
    "Attack": "0xb17c4",
    "Defense": "0xb17c6",
    "Element": "0xb17c8",
    "Sprite": "0xb17cb",
    "Special": "0xb17d4",
    "Spell": "0xb17d8",
    "ManaCost": "0xb17e0",
    "StunFrames": "0xb17e2",
    "Range": "0xb17e4",
    "Extra": "0xb17e6"
  },
  "Orange": {
    "Attack": "0xb17f8",
    "Defense": "0xb17fa",
    "Element": "0xb17fc",
    "Sprite": "0xb17ff",
    "Special": "0xb1808",
    "Spell": "0xb180c",
    "ManaCost": "0xb1814",
    "StunFrames": "0xb1816",
    "Range": "0xb1818",
    "Extra": "0xb181a"
  },
  "Apple": {
    "Attack": "0xb182c",
    "Defense": "0xb182e",
    "Element": "0xb1830",
    "Sprite": "0xb1833",
    "Special": "0xb183c",
    "Spell": "0xb1840",
    "ManaCost": "0xb1848",
    "StunFrames": "0xb184a",
    "Range": "0xb184c",
    "Extra": "0xb184e"
  },
  "Banana": {
    "Attack": "0xb1860",
    "Defense": "0xb1862",
    "Element": "0xb1864",
    "Sprite": "0xb1867",
    "Special": "0xb1870",
    "Spell": "0xb1874",
    "ManaCost": "0xb187c",
    "StunFrames": "0xb187e",
    "Range": "0xb1880",
    "Extra": "0xb1882"
  },
  "Grapes": {
    "Attack": "0xb1894",
    "Defense": "0xb1896",
    "Element": "0xb1898",
    "Sprite": "0xb189b",
    "Special": "0xb18a4",
    "Spell": "0xb18a8",
    "ManaCost": "0xb18b0",
    "StunFrames": "0xb18b2",
    "Range": "0xb18b4",
    "Extra": "0xb18b6"
  },
  "Strawberry": {
    "Attack": "0xb18c8",
    "Defense": "0xb18ca",
    "Element": "0xb18cc",
    "Sprite": "0xb18cf",
    "Special": "0xb18d8",
    "Spell": "0xb18dc",
    "ManaCost": "0xb18e4",
    "StunFrames": "0xb18e6",
    "Range": "0xb18e8",
    "Extra": "0xb18ea"
  },
  "Pineapple": {
    "Attack": "0xb18fc",
    "Defense": "0xb18fe",
    "Element": "0xb1900",
    "Sprite": "0xb1903",
    "Special": "0xb190c",
    "Spell": "0xb1910",
    "ManaCost": "0xb1918",
    "StunFrames": "0xb191a",
    "Range": "0xb191c",
    "Extra": "0xb191e"
  },
  "Peanuts": {
    "Attack": "0xb1930",
    "Defense": "0xb1932",
    "Element": "0xb1934",
    "Sprite": "0xb1937",
    "Special": "0xb1940",
    "Spell": "0xb1944",
    "ManaCost": "0xb194c",
    "StunFrames": "0xb194e",
    "Range": "0xb1950",
    "Extra": "0xb1952"
  },
  "Toadstool": {
    "Attack": "0xb1964",
    "Defense": "0xb1966",
    "Element": "0xb1968",
    "Sprite": "0xb196b",
    "Special": "0xb1974",
    "Spell": "0xb1978",
    "ManaCost": "0xb1980",
    "StunFrames": "0xb1982",
    "Range": "0xb1984",
    "Extra": "0xb1986"
  },
  "Shiitake": {
    "Attack": "0xb1998",
    "Defense": "0xb199a",
    "Element": "0xb199c",
    "Sprite": "0xb199f",
    "Special": "0xb19a8",
    "Spell": "0xb19ac",
    "ManaCost": "0xb19b4",
    "StunFrames": "0xb19b6",
    "Range": "0xb19b8",
    "Extra": "0xb19ba"
  },
  "Cheesecake": {
    "Attack": "0xb19cc",
    "Defense": "0xb19ce",
    "Element": "0xb19d0",
    "Sprite": "0xb19d3",
    "Special": "0xb19dc",
    "Spell": "0xb19e0",
    "ManaCost": "0xb19e8",
    "StunFrames": "0xb19ea",
    "Range": "0xb19ec",
    "Extra": "0xb19ee"
  },
  "Shortcake": {
    "Attack": "0xb1a00",
    "Defense": "0xb1a02",
    "Element": "0xb1a04",
    "Sprite": "0xb1a07",
    "Special": "0xb1a10",
    "Spell": "0xb1a14",
    "ManaCost": "0xb1a1c",
    "StunFrames": "0xb1a1e",
    "Range": "0xb1a20",
    "Extra": "0xb1a22"
  },
  "Tart": {
    "Attack": "0xb1a34",
    "Defense": "0xb1a36",
    "Element": "0xb1a38",
    "Sprite": "0xb1a3b",
    "Special": "0xb1a44",
    "Spell": "0xb1a48",
    "ManaCost": "0xb1a50",
    "StunFrames": "0xb1a52",
    "Range": "0xb1a54",
    "Extra": "0xb1a56"
  },
  "Parfait": {
    "Attack": "0xb1a68",
    "Defense": "0xb1a6a",
    "Element": "0xb1a6c",
    "Sprite": "0xb1a6f",
    "Special": "0xb1a78",
    "Spell": "0xb1a7c",
    "ManaCost": "0xb1a84",
    "StunFrames": "0xb1a86",
    "Range": "0xb1a88",
    "Extra": "0xb1a8a"
  },
  "Pudding": {
    "Attack": "0xb1a9c",
    "Defense": "0xb1a9e",
    "Element": "0xb1aa0",
    "Sprite": "0xb1aa3",
    "Special": "0xb1aac",
    "Spell": "0xb1ab0",
    "ManaCost": "0xb1ab8",
    "StunFrames": "0xb1aba",
    "Range": "0xb1abc",
    "Extra": "0xb1abe"
  },
  "Ice Cream": {
    "Attack": "0xb1ad0",
    "Defense": "0xb1ad2",
    "Element": "0xb1ad4",
    "Sprite": "0xb1ad7",
    "Special": "0xb1ae0",
    "Spell": "0xb1ae4",
    "ManaCost": "0xb1aec",
    "StunFrames": "0xb1aee",
    "Range": "0xb1af0",
    "Extra": "0xb1af2"
  },
  "Frankfurter": {
    "Attack": "0xb1b04",
    "Defense": "0xb1b06",
    "Element": "0xb1b08",
    "Sprite": "0xb1b0b",
    "Special": "0xb1b14",
    "Spell": "0xb1b18",
    "ManaCost": "0xb1b20",
    "StunFrames": "0xb1b22",
    "Range": "0xb1b24",
    "Extra": "0xb1b26"
  },
  "Hamburger": {
    "Attack": "0xb1b38",
    "Defense": "0xb1b3a",
    "Element": "0xb1b3c",
    "Sprite": "0xb1b3f",
    "Special": "0xb1b48",
    "Spell": "0xb1b4c",
    "ManaCost": "0xb1b54",
    "StunFrames": "0xb1b56",
    "Range": "0xb1b58",
    "Extra": "0xb1b5a"
  },
  "Pizza": {
    "Attack": "0xb1b6c",
    "Defense": "0xb1b6e",
    "Element": "0xb1b70",
    "Sprite": "0xb1b73",
    "Special": "0xb1b7c",
    "Spell": "0xb1b80",
    "ManaCost": "0xb1b88",
    "StunFrames": "0xb1b8a",
    "Range": "0xb1b8c",
    "Extra": "0xb1b8e"
  },
  "Cheese": {
    "Attack": "0xb1ba0",
    "Defense": "0xb1ba2",
    "Element": "0xb1ba4",
    "Sprite": "0xb1ba7",
    "Special": "0xb1bb0",
    "Spell": "0xb1bb4",
    "ManaCost": "0xb1bbc",
    "StunFrames": "0xb1bbe",
    "Range": "0xb1bc0",
    "Extra": "0xb1bc2"
  },
  "Ham And Eggs": {
    "Attack": "0xb1bd4",
    "Defense": "0xb1bd6",
    "Element": "0xb1bd8",
    "Sprite": "0xb1bdb",
    "Special": "0xb1be4",
    "Spell": "0xb1be8",
    "ManaCost": "0xb1bf0",
    "StunFrames": "0xb1bf2",
    "Range": "0xb1bf4",
    "Extra": "0xb1bf6"
  },
  "Omelette": {
    "Attack": "0xb1c08",
    "Defense": "0xb1c0a",
    "Element": "0xb1c0c",
    "Sprite": "0xb1c0f",
    "Special": "0xb1c18",
    "Spell": "0xb1c1c",
    "ManaCost": "0xb1c24",
    "StunFrames": "0xb1c26",
    "Range": "0xb1c28",
    "Extra": "0xb1c2a"
  },
  "Morning Set": {
    "Attack": "0xb1c3c",
    "Defense": "0xb1c3e",
    "Element": "0xb1c40",
    "Sprite": "0xb1c43",
    "Special": "0xb1c4c",
    "Spell": "0xb1c50",
    "ManaCost": "0xb1c58",
    "StunFrames": "0xb1c5a",
    "Range": "0xb1c5c",
    "Extra": "0xb1c5e"
  },
  "Lunch A": {
    "Attack": "0xb1c70",
    "Defense": "0xb1c72",
    "Element": "0xb1c74",
    "Sprite": "0xb1c77",
    "Special": "0xb1c80",
    "Spell": "0xb1c84",
    "ManaCost": "0xb1c8c",
    "StunFrames": "0xb1c8e",
    "Range": "0xb1c90",
    "Extra": "0xb1c92"
  },
  "Lunch B": {
    "Attack": "0xb1ca4",
    "Defense": "0xb1ca6",
    "Element": "0xb1ca8",
    "Sprite": "0xb1cab",
    "Special": "0xb1cb4",
    "Spell": "0xb1cb8",
    "ManaCost": "0xb1cc0",
    "StunFrames": "0xb1cc2",
    "Range": "0xb1cc4",
    "Extra": "0xb1cc6"
  },
  "Curry Rice": {
    "Attack": "0xb1cd8",
    "Defense": "0xb1cda",
    "Element": "0xb1cdc",
    "Sprite": "0xb1cdf",
    "Special": "0xb1ce8",
    "Spell": "0xb1cec",
    "ManaCost": "0xb1cf4",
    "StunFrames": "0xb1cf6",
    "Range": "0xb1cf8",
    "Extra": "0xb1cfa"
  },
  "Gyros Plate": {
    "Attack": "0xb1d0c",
    "Defense": "0xb1d0e",
    "Element": "0xb1d10",
    "Sprite": "0xb1d13",
    "Special": "0xb1d1c",
    "Spell": "0xb1d20",
    "ManaCost": "0xb1d28",
    "StunFrames": "0xb1d2a",
    "Range": "0xb1d2c",
    "Extra": "0xb1d2e"
  },
  "Spaghetti": {
    "Attack": "0xb1d40",
    "Defense": "0xb1d42",
    "Element": "0xb1d44",
    "Sprite": "0xb1d47",
    "Special": "0xb1d50",
    "Spell": "0xb1d54",
    "ManaCost": "0xb1d5c",
    "StunFrames": "0xb1d5e",
    "Range": "0xb1d60",
    "Extra": "0xb1d62"
  },
  "Grape Juice": {
    "Attack": "0xb1d74",
    "Defense": "0xb1d76",
    "Element": "0xb1d78",
    "Sprite": "0xb1d7b",
    "Special": "0xb1d84",
    "Spell": "0xb1d88",
    "ManaCost": "0xb1d90",
    "StunFrames": "0xb1d92",
    "Range": "0xb1d94",
    "Extra": "0xb1d96"
  },
  "Barley Tea": {
    "Attack": "0xb1da8",
    "Defense": "0xb1daa",
    "Element": "0xb1dac",
    "Sprite": "0xb1daf",
    "Special": "0xb1db8",
    "Spell": "0xb1dbc",
    "ManaCost": "0xb1dc4",
    "StunFrames": "0xb1dc6",
    "Range": "0xb1dc8",
    "Extra": "0xb1dca"
  },
  "Green Tea": {
    "Attack": "0xb1ddc",
    "Defense": "0xb1dde",
    "Element": "0xb1de0",
    "Sprite": "0xb1de3",
    "Special": "0xb1dec",
    "Spell": "0xb1df0",
    "ManaCost": "0xb1df8",
    "StunFrames": "0xb1dfa",
    "Range": "0xb1dfc",
    "Extra": "0xb1dfe"
  },
  "Natou": {
    "Attack": "0xb1e10",
    "Defense": "0xb1e12",
    "Element": "0xb1e14",
    "Sprite": "0xb1e17",
    "Special": "0xb1e20",
    "Spell": "0xb1e24",
    "ManaCost": "0xb1e2c",
    "StunFrames": "0xb1e2e",
    "Range": "0xb1e30",
    "Extra": "0xb1e32"
  },
  "Ramen": {
    "Attack": "0xb1e44",
    "Defense": "0xb1e46",
    "Element": "0xb1e48",
    "Sprite": "0xb1e4b",
    "Special": "0xb1e54",
    "Spell": "0xb1e58",
    "ManaCost": "0xb1e60",
    "StunFrames": "0xb1e62",
    "Range": "0xb1e64",
    "Extra": "0xb1e66"
  },
  "Miso Soup": {
    "Attack": "0xb1e78",
    "Defense": "0xb1e7a",
    "Element": "0xb1e7c",
    "Sprite": "0xb1e7f",
    "Special": "0xb1e88",
    "Spell": "0xb1e8c",
    "ManaCost": "0xb1e94",
    "StunFrames": "0xb1e96",
    "Range": "0xb1e98",
    "Extra": "0xb1e9a"
  },
  "Sushi": {
    "Attack": "0xb1eac",
    "Defense": "0xb1eae",
    "Element": "0xb1eb0",
    "Sprite": "0xb1eb3",
    "Special": "0xb1ebc",
    "Spell": "0xb1ec0",
    "ManaCost": "0xb1ec8",
    "StunFrames": "0xb1eca",
    "Range": "0xb1ecc",
    "Extra": "0xb1ece"
  },
  "Pork Bun": {
    "Attack": "0xb1ee0",
    "Defense": "0xb1ee2",
    "Element": "0xb1ee4",
    "Sprite": "0xb1ee7",
    "Special": "0xb1ef0",
    "Spell": "0xb1ef4",
    "ManaCost": "0xb1efc",
    "StunFrames": "0xb1efe",
    "Range": "0xb1f00",
    "Extra": "0xb1f02"
  },
  "Red Bean Bun": {
    "Attack": "0xb2044",
    "Defense": "0xb2046",
    "Element": "0xb2048",
    "Sprite": "0xb204b",
    "Special": "0xb2054",
    "Spell": "0xb2058",
    "ManaCost": "0xb2060",
    "StunFrames": "0xb2062",
    "Range": "0xb2064",
    "Extra": "0xb2066"
  },
  "Chinese Bun": {
    "Attack": "0xb2078",
    "Defense": "0xb207a",
    "Element": "0xb207c",
    "Sprite": "0xb207f",
    "Special": "0xb2088",
    "Spell": "0xb208c",
    "ManaCost": "0xb2094",
    "StunFrames": "0xb2096",
    "Range": "0xb2098",
    "Extra": "0xb209a"
  },
  "Dim Sum Set": {
    "Attack": "0xb20ac",
    "Defense": "0xb20ae",
    "Element": "0xb20b0",
    "Sprite": "0xb20b3",
    "Special": "0xb20bc",
    "Spell": "0xb20c0",
    "ManaCost": "0xb20c8",
    "StunFrames": "0xb20ca",
    "Range": "0xb20cc",
    "Extra": "0xb20ce"
  },
  "Pot Roast": {
    "Attack": "0xb20e0",
    "Defense": "0xb20e2",
    "Element": "0xb20e4",
    "Sprite": "0xb20e7",
    "Special": "0xb20f0",
    "Spell": "0xb20f4",
    "ManaCost": "0xb20fc",
    "StunFrames": "0xb20fe",
    "Range": "0xb2100",
    "Extra": "0xb2102"
  },
  "Sirloin": {
    "Attack": "0xb2114",
    "Defense": "0xb2116",
    "Element": "0xb2118",
    "Sprite": "0xb211b",
    "Special": "0xb2124",
    "Spell": "0xb2128",
    "ManaCost": "0xb2130",
    "StunFrames": "0xb2132",
    "Range": "0xb2134",
    "Extra": "0xb2136"
  },
  "Turkey": {
    "Attack": "0xb2148",
    "Defense": "0xb214a",
    "Element": "0xb214c",
    "Sprite": "0xb214f",
    "Special": "0xb2158",
    "Spell": "0xb215c",
    "ManaCost": "0xb2164",
    "StunFrames": "0xb2166",
    "Range": "0xb2168",
    "Extra": "0xb216a"
  },
  "Meal Ticket": {
    "Attack": "0xb217c",
    "Defense": "0xb217e",
    "Element": "0xb2180",
    "Sprite": "0xb2183",
    "Special": "0xb218c",
    "Spell": "0xb2190",
    "ManaCost": "0xb2198",
    "StunFrames": "0xb219a",
    "Range": "0xb219c",
    "Extra": "0xb219e"
  },
  "Neutron Bomb": {
    "Attack": "0xb21b0",
    "Defense": "0xb21b2",
    "Element": "0xb21b4",
    "Sprite": "0xb21b7",
    "Special": "0xb21c0",
    "Spell": "0xb21c4",
    "ManaCost": "0xb21cc",
    "StunFrames": "0xb21ce",
    "Range": "0xb21d0",
    "Extra": "0xb21d2"
  },
  "Power of Sire": {
    "Attack": "0xb21e4",
    "Defense": "0xb21e6",
    "Element": "0xb21e8",
    "Sprite": "0xb21eb",
    "Special": "0xb21f4",
    "Spell": "0xb21f8",
    "ManaCost": "0xb2200",
    "StunFrames": "0xb2202",
    "Range": "0xb2204",
    "Extra": "0xb2206"
  },
  "Pentagram": {
    "Attack": "0xb2218",
    "Defense": "0xb221a",
    "Element": "0xb221c",
    "Sprite": "0xb221f",
    "Special": "0xb2228",
    "Spell": "0xb222c",
    "ManaCost": "0xb2234",
    "StunFrames": "0xb2236",
    "Range": "0xb2238",
    "Extra": "0xb223a"
  },
  "Bat Pentagram": {
    "Attack": "0xb224c",
    "Defense": "0xb224e",
    "Element": "0xb2250",
    "Sprite": "0xb2253",
    "Special": "0xb225c",
    "Spell": "0xb2260",
    "ManaCost": "0xb2268",
    "StunFrames": "0xb226a",
    "Range": "0xb226c",
    "Extra": "0xb226e"
  },
  "Shuriken": {
    "Attack": "0xb2280",
    "Defense": "0xb2282",
    "Element": "0xb2284",
    "Sprite": "0xb2287",
    "Special": "0xb2290",
    "Spell": "0xb2294",
    "ManaCost": "0xb229c",
    "StunFrames": "0xb229e",
    "Range": "0xb22a0",
    "Extra": "0xb22a2"
  },
  "Cross Shuriken": {
    "Attack": "0xb22b4",
    "Defense": "0xb22b6",
    "Element": "0xb22b8",
    "Sprite": "0xb22bb",
    "Special": "0xb22c4",
    "Spell": "0xb22c8",
    "ManaCost": "0xb22d0",
    "StunFrames": "0xb22d2",
    "Range": "0xb22d4",
    "Extra": "0xb22d6"
  },
  "Buffalo Star": {
    "Attack": "0xb22e8",
    "Defense": "0xb22ea",
    "Element": "0xb22ec",
    "Sprite": "0xb22ef",
    "Special": "0xb22f8",
    "Spell": "0xb22fc",
    "ManaCost": "0xb2304",
    "StunFrames": "0xb2306",
    "Range": "0xb2308",
    "Extra": "0xb230a"
  },
  "Flame Star": {
    "Attack": "0xb231c",
    "Defense": "0xb231e",
    "Element": "0xb2320",
    "Sprite": "0xb2323",
    "Special": "0xb232c",
    "Spell": "0xb2330",
    "ManaCost": "0xb2338",
    "StunFrames": "0xb233a",
    "Range": "0xb233c",
    "Extra": "0xb233e"
  },
  "Tnt": {
    "Attack": "0xb2350",
    "Defense": "0xb2352",
    "Element": "0xb2354",
    "Sprite": "0xb2357",
    "Special": "0xb2360",
    "Spell": "0xb2364",
    "ManaCost": "0xb236c",
    "StunFrames": "0xb236e",
    "Range": "0xb2370",
    "Extra": "0xb2372"
  },
  "Bwaka Knife": {
    "Attack": "0xb2384",
    "Defense": "0xb2386",
    "Element": "0xb2388",
    "Sprite": "0xb238b",
    "Special": "0xb2394",
    "Spell": "0xb2398",
    "ManaCost": "0xb23a0",
    "StunFrames": "0xb23a2",
    "Range": "0xb23a4",
    "Extra": "0xb23a6"
  },
  "Boomerang": {
    "Attack": "0xb23b8",
    "Defense": "0xb23ba",
    "Element": "0xb23bc",
    "Sprite": "0xb23bf",
    "Special": "0xb23c8",
    "Spell": "0xb23cc",
    "ManaCost": "0xb23d4",
    "StunFrames": "0xb23d6",
    "Range": "0xb23d8",
    "Extra": "0xb23da"
  },
  "Javelin": {
    "Attack": "0xb23ec",
    "Defense": "0xb23ee",
    "Element": "0xb23f0",
    "Sprite": "0xb23f3",
    "Special": "0xb23fc",
    "Spell": "0xb2400",
    "ManaCost": "0xb2408",
    "StunFrames": "0xb240a",
    "Range": "0xb240c",
    "Extra": "0xb240e"
  },
  "Tyrfing": {
    "Attack": "0xb2420",
    "Defense": "0xb2422",
    "Element": "0xb2424",
    "Sprite": "0xb2427",
    "Special": "0xb2430",
    "Spell": "0xb2434",
    "ManaCost": "0xb243c",
    "StunFrames": "0xb243e",
    "Range": "0xb2440",
    "Extra": "0xb2442"
  },
  "Namakura": {
    "Attack": "0xb2454",
    "Defense": "0xb2456",
    "Element": "0xb2458",
    "Sprite": "0xb245b",
    "Special": "0xb2464",
    "Spell": "0xb2468",
    "ManaCost": "0xb2470",
    "StunFrames": "0xb2472",
    "Range": "0xb2474",
    "Extra": "0xb2476"
  },
  "Knuckle Duster": {
    "Attack": "0xb2488",
    "Defense": "0xb248a",
    "Element": "0xb248c",
    "Sprite": "0xb248f",
    "Special": "0xb2498",
    "Spell": "0xb249c",
    "ManaCost": "0xb24a4",
    "StunFrames": "0xb24a6",
    "Range": "0xb24a8",
    "Extra": "0xb24aa"
  },
  "Gladius": {
    "Attack": "0xb24bc",
    "Defense": "0xb24be",
    "Element": "0xb24c0",
    "Sprite": "0xb24c3",
    "Special": "0xb24cc",
    "Spell": "0xb24d0",
    "ManaCost": "0xb24d8",
    "StunFrames": "0xb24da",
    "Range": "0xb24dc",
    "Extra": "0xb24de"
  },
  "Scimitar": {
    "Attack": "0xb24f0",
    "Defense": "0xb24f2",
    "Element": "0xb24f4",
    "Sprite": "0xb24f7",
    "Special": "0xb2500",
    "Spell": "0xb2504",
    "ManaCost": "0xb250c",
    "StunFrames": "0xb250e",
    "Range": "0xb2510",
    "Extra": "0xb2512"
  },
  "Cutlass": {
    "Attack": "0xb2524",
    "Defense": "0xb2526",
    "Element": "0xb2528",
    "Sprite": "0xb252b",
    "Special": "0xb2534",
    "Spell": "0xb2538",
    "ManaCost": "0xb2540",
    "StunFrames": "0xb2542",
    "Range": "0xb2544",
    "Extra": "0xb2546"
  },
  "Saber": {
    "Attack": "0xb2558",
    "Defense": "0xb255a",
    "Element": "0xb255c",
    "Sprite": "0xb255f",
    "Special": "0xb2568",
    "Spell": "0xb256c",
    "ManaCost": "0xb2574",
    "StunFrames": "0xb2576",
    "Range": "0xb2578",
    "Extra": "0xb257a"
  },
  "Falchion": {
    "Attack": "0xb258c",
    "Defense": "0xb258e",
    "Element": "0xb2590",
    "Sprite": "0xb2593",
    "Special": "0xb259c",
    "Spell": "0xb25a0",
    "ManaCost": "0xb25a8",
    "StunFrames": "0xb25aa",
    "Range": "0xb25ac",
    "Extra": "0xb25ae"
  },
  "Broadsword": {
    "Attack": "0xb25c0",
    "Defense": "0xb25c2",
    "Element": "0xb25c4",
    "Sprite": "0xb25c7",
    "Special": "0xb25d0",
    "Spell": "0xb25d4",
    "ManaCost": "0xb25dc",
    "StunFrames": "0xb25de",
    "Range": "0xb25e0",
    "Extra": "0xb25e2"
  },
  "Bekatowa": {
    "Attack": "0xb25f4",
    "Defense": "0xb25f6",
    "Element": "0xb25f8",
    "Sprite": "0xb25fb",
    "Special": "0xb2604",
    "Spell": "0xb2608",
    "ManaCost": "0xb2610",
    "StunFrames": "0xb2612",
    "Range": "0xb2614",
    "Extra": "0xb2616"
  },
  "Damascus Sword": {
    "Attack": "0xb2628",
    "Defense": "0xb262a",
    "Element": "0xb262c",
    "Sprite": "0xb262f",
    "Special": "0xb2638",
    "Spell": "0xb263c",
    "ManaCost": "0xb2644",
    "StunFrames": "0xb2646",
    "Range": "0xb2648",
    "Extra": "0xb264a"
  },
  "Hunter Sword": {
    "Attack": "0xb265c",
    "Defense": "0xb265e",
    "Element": "0xb2660",
    "Sprite": "0xb2663",
    "Special": "0xb266c",
    "Spell": "0xb2670",
    "ManaCost": "0xb2678",
    "StunFrames": "0xb267a",
    "Range": "0xb267c",
    "Extra": "0xb267e"
  },
  "Estoc": {
    "Attack": "0xb2690",
    "Defense": "0xb2692",
    "Element": "0xb2694",
    "Sprite": "0xb2697",
    "Special": "0xb26a0",
    "Spell": "0xb26a4",
    "ManaCost": "0xb26ac",
    "StunFrames": "0xb26ae",
    "Range": "0xb26b0",
    "Extra": "0xb26b2"
  },
  "Bastard Sword": {
    "Attack": "0xb26c4",
    "Defense": "0xb26c6",
    "Element": "0xb26c8",
    "Sprite": "0xb26cb",
    "Special": "0xb26d4",
    "Spell": "0xb26d8",
    "ManaCost": "0xb26e0",
    "StunFrames": "0xb26e2",
    "Range": "0xb26e4",
    "Extra": "0xb26e6"
  },
  "Jewel Knuckles": {
    "Attack": "0xb26f8",
    "Defense": "0xb26fa",
    "Element": "0xb26fc",
    "Sprite": "0xb26ff",
    "Special": "0xb2708",
    "Spell": "0xb270c",
    "ManaCost": "0xb2714",
    "StunFrames": "0xb2716",
    "Range": "0xb2718",
    "Extra": "0xb271a"
  },
  "Claymore": {
    "Attack": "0xb272c",
    "Defense": "0xb272e",
    "Element": "0xb2730",
    "Sprite": "0xb2733",
    "Special": "0xb273c",
    "Spell": "0xb2740",
    "ManaCost": "0xb2748",
    "StunFrames": "0xb274a",
    "Range": "0xb274c",
    "Extra": "0xb274e"
  },
  "Talwar": {
    "Attack": "0xb2760",
    "Defense": "0xb2762",
    "Element": "0xb2764",
    "Sprite": "0xb2767",
    "Special": "0xb2770",
    "Spell": "0xb2774",
    "ManaCost": "0xb277c",
    "StunFrames": "0xb277e",
    "Range": "0xb2780",
    "Extra": "0xb2782"
  },
  "Katana": {
    "Attack": "0xb2794",
    "Defense": "0xb2796",
    "Element": "0xb2798",
    "Sprite": "0xb279b",
    "Special": "0xb27a4",
    "Spell": "0xb27a8",
    "ManaCost": "0xb27b0",
    "StunFrames": "0xb27b2",
    "Range": "0xb27b4",
    "Extra": "0xb27b6"
  },
  "Flamberge": {
    "Attack": "0xb27c8",
    "Defense": "0xb27ca",
    "Element": "0xb27cc",
    "Sprite": "0xb27cf",
    "Special": "0xb27d8",
    "Spell": "0xb27dc",
    "ManaCost": "0xb27e4",
    "StunFrames": "0xb27e6",
    "Range": "0xb27e8",
    "Extra": "0xb27ea"
  },
  "Iron Fist": {
    "Attack": "0xb27fc",
    "Defense": "0xb27fe",
    "Element": "0xb2800",
    "Sprite": "0xb2803",
    "Special": "0xb280c",
    "Spell": "0xb2810",
    "ManaCost": "0xb2818",
    "StunFrames": "0xb281a",
    "Range": "0xb281c",
    "Extra": "0xb281e"
  },
  "Zwei Hander": {
    "Attack": "0xb2830",
    "Defense": "0xb2832",
    "Element": "0xb2834",
    "Sprite": "0xb2837",
    "Special": "0xb2970",
    "Spell": "0xb2974",
    "ManaCost": "0xb297c",
    "StunFrames": "0xb297e",
    "Range": "0xb2980",
    "Extra": "0xb2982"
  },
  "Sword of Hador": {
    "Attack": "0xb2994",
    "Defense": "0xb2996",
    "Element": "0xb2998",
    "Sprite": "0xb299b",
    "Special": "0xb29a4",
    "Spell": "0xb29a8",
    "ManaCost": "0xb29b0",
    "StunFrames": "0xb29b2",
    "Range": "0xb29b4",
    "Extra": "0xb29b6"
  },
  "Luminus": {
    "Attack": "0xb29c8",
    "Defense": "0xb29ca",
    "Element": "0xb29cc",
    "Sprite": "0xb29cf",
    "Special": "0xb29d8",
    "Spell": "0xb29dc",
    "ManaCost": "0xb29e4",
    "StunFrames": "0xb29e6",
    "Range": "0xb29e8",
    "Extra": "0xb29ea"
  },
  "Harper": {
    "Attack": "0xb29fc",
    "Defense": "0xb29fe",
    "Element": "0xb2a00",
    "Sprite": "0xb2a03",
    "Special": "0xb2a0c",
    "Spell": "0xb2a10",
    "ManaCost": "0xb2a18",
    "StunFrames": "0xb2a1a",
    "Range": "0xb2a1c",
    "Extra": "0xb2a1e"
  },
  "Obsidian Sword": {
    "Attack": "0xb2a30",
    "Defense": "0xb2a32",
    "Element": "0xb2a34",
    "Sprite": "0xb2a37",
    "Special": "0xb2a40",
    "Spell": "0xb2a44",
    "ManaCost": "0xb2a4c",
    "StunFrames": "0xb2a4e",
    "Range": "0xb2a50",
    "Extra": "0xb2a52"
  },
  "Gram": {
    "Attack": "0xb2a64",
    "Defense": "0xb2a66",
    "Element": "0xb2a68",
    "Sprite": "0xb2a6b",
    "Special": "0xb2a74",
    "Spell": "0xb2a78",
    "ManaCost": "0xb2a80",
    "StunFrames": "0xb2a82",
    "Range": "0xb2a84",
    "Extra": "0xb2a86"
  },
  "Jewel Sword": {
    "Attack": "0xb2a98",
    "Defense": "0xb2a9a",
    "Element": "0xb2a9c",
    "Sprite": "0xb2a9f",
    "Special": "0xb2aa8",
    "Spell": "0xb2aac",
    "ManaCost": "0xb2ab4",
    "StunFrames": "0xb2ab6",
    "Range": "0xb2ab8",
    "Extra": "0xb2aba"
  },
  "Mormegil": {
    "Attack": "0xb2acc",
    "Defense": "0xb2ace",
    "Element": "0xb2ad0",
    "Sprite": "0xb2ad3",
    "Special": "0xb2adc",
    "Spell": "0xb2ae0",
    "ManaCost": "0xb2ae8",
    "StunFrames": "0xb2aea",
    "Range": "0xb2aec",
    "Extra": "0xb2aee"
  },
  "Firebrand": {
    "Attack": "0xb2b00",
    "Defense": "0xb2b02",
    "Element": "0xb2b04",
    "Sprite": "0xb2b07",
    "Special": "0xb2b10",
    "Spell": "0xb2b14",
    "ManaCost": "0xb2b1c",
    "StunFrames": "0xb2b1e",
    "Range": "0xb2b20",
    "Extra": "0xb2b22"
  },
  "Thunderbrand": {
    "Attack": "0xb2b34",
    "Defense": "0xb2b36",
    "Element": "0xb2b38",
    "Sprite": "0xb2b3b",
    "Special": "0xb2b44",
    "Spell": "0xb2b48",
    "ManaCost": "0xb2b50",
    "StunFrames": "0xb2b52",
    "Range": "0xb2b54",
    "Extra": "0xb2b56"
  },
  "Icebrand": {
    "Attack": "0xb2b68",
    "Defense": "0xb2b6a",
    "Element": "0xb2b6c",
    "Sprite": "0xb2b6f",
    "Special": "0xb2b78",
    "Spell": "0xb2b7c",
    "ManaCost": "0xb2b84",
    "StunFrames": "0xb2b86",
    "Range": "0xb2b88",
    "Extra": "0xb2b8a"
  },
  "Stone Sword": {
    "Attack": "0xb2b9c",
    "Defense": "0xb2b9e",
    "Element": "0xb2ba0",
    "Sprite": "0xb2ba3",
    "Special": "0xb2bac",
    "Spell": "0xb2bb0",
    "ManaCost": "0xb2bb8",
    "StunFrames": "0xb2bba",
    "Range": "0xb2bbc",
    "Extra": "0xb2bbe"
  },
  "Holy Sword": {
    "Attack": "0xb2bd0",
    "Defense": "0xb2bd2",
    "Element": "0xb2bd4",
    "Sprite": "0xb2bd7",
    "Special": "0xb2be0",
    "Spell": "0xb2be4",
    "ManaCost": "0xb2bec",
    "StunFrames": "0xb2bee",
    "Range": "0xb2bf0",
    "Extra": "0xb2bf2"
  },
  "Terminus Est": {
    "Attack": "0xb2c04",
    "Defense": "0xb2c06",
    "Element": "0xb2c08",
    "Sprite": "0xb2c0b",
    "Special": "0xb2c14",
    "Spell": "0xb2c18",
    "ManaCost": "0xb2c20",
    "StunFrames": "0xb2c22",
    "Range": "0xb2c24",
    "Extra": "0xb2c26"
  },
  "Marsil": {
    "Attack": "0xb2c38",
    "Defense": "0xb2c3a",
    "Element": "0xb2c3c",
    "Sprite": "0xb2c3f",
    "Special": "0xb2c48",
    "Spell": "0xb2c4c",
    "ManaCost": "0xb2c54",
    "StunFrames": "0xb2c56",
    "Range": "0xb2c58",
    "Extra": "0xb2c5a"
  },
  "Dark Blade": {
    "Attack": "0xb2c6c",
    "Defense": "0xb2c6e",
    "Element": "0xb2c70",
    "Sprite": "0xb2c73",
    "Special": "0xb2c7c",
    "Spell": "0xb2c80",
    "ManaCost": "0xb2c88",
    "StunFrames": "0xb2c8a",
    "Range": "0xb2c8c",
    "Extra": "0xb2c8e"
  },
  "Heaven Sword": {
    "Attack": "0xb2ca0",
    "Defense": "0xb2ca2",
    "Element": "0xb2ca4",
    "Sprite": "0xb2ca7",
    "Special": "0xb2cb0",
    "Spell": "0xb2cb4",
    "ManaCost": "0xb2cbc",
    "StunFrames": "0xb2cbe",
    "Range": "0xb2cc0",
    "Extra": "0xb2cc2"
  },
  "Fist of Tulkas": {
    "Attack": "0xb2cd4",
    "Defense": "0xb2cd6",
    "Element": "0xb2cd8",
    "Sprite": "0xb2cdb",
    "Special": "0xb2ce4",
    "Spell": "0xb2ce8",
    "ManaCost": "0xb2cf0",
    "StunFrames": "0xb2cf2",
    "Range": "0xb2cf4",
    "Extra": "0xb2cf6"
  },
  "Gurthang": {
    "Attack": "0xb2d08",
    "Defense": "0xb2d0a",
    "Element": "0xb2d0c",
    "Sprite": "0xb2d0f",
    "Special": "0xb2d18",
    "Spell": "0xb2d1c",
    "ManaCost": "0xb2d24",
    "StunFrames": "0xb2d26",
    "Range": "0xb2d28",
    "Extra": "0xb2d2a"
  },
  "Mourneblade": {
    "Attack": "0xb2d3c",
    "Defense": "0xb2d3e",
    "Element": "0xb2d40",
    "Sprite": "0xb2d43",
    "Special": "0xb2d4c",
    "Spell": "0xb2d50",
    "ManaCost": "0xb2d58",
    "StunFrames": "0xb2d5a",
    "Range": "0xb2d5c",
    "Extra": "0xb2d5e"
  },
  "Alucard Sword": {
    "Attack": "0xb2d70",
    "Defense": "0xb2d72",
    "Element": "0xb2d74",
    "Sprite": "0xb2d77",
    "Special": "0xb2d80",
    "Spell": "0xb2d84",
    "ManaCost": "0xb2d8c",
    "StunFrames": "0xb2d8e",
    "Range": "0xb2d90",
    "Extra": "0xb2d92"
  },
  "Mablung Sword": {
    "Attack": "0xb2da4",
    "Defense": "0xb2da6",
    "Element": "0xb2da8",
    "Sprite": "0xb2dab",
    "Special": "0xb2db4",
    "Spell": "0xb2db8",
    "ManaCost": "0xb2dc0",
    "StunFrames": "0xb2dc2",
    "Range": "0xb2dc4",
    "Extra": "0xb2dc6"
  },
  "Badelaire": {
    "Attack": "0xb2dd8",
    "Defense": "0xb2dda",
    "Element": "0xb2ddc",
    "Sprite": "0xb2ddf",
    "Special": "0xb2de8",
    "Spell": "0xb2dec",
    "ManaCost": "0xb2df4",
    "StunFrames": "0xb2df6",
    "Range": "0xb2df8",
    "Extra": "0xb2dfa"
  },
  "Sword Familiar": {
    "Attack": "0xb2e0c",
    "Defense": "0xb2e0e",
    "Element": "0xb2e10",
    "Sprite": "0xb2e13",
    "Special": "0xb2e1c",
    "Spell": "0xb2e20",
    "ManaCost": "0xb2e28",
    "StunFrames": "0xb2e2a",
    "Range": "0xb2e2c",
    "Extra": "0xb2e2e"
  },
  "Great Sword": {
    "Attack": "0xb2e40",
    "Defense": "0xb2e42",
    "Element": "0xb2e44",
    "Sprite": "0xb2e47",
    "Special": "0xb2e50",
    "Spell": "0xb2e54",
    "ManaCost": "0xb2e5c",
    "StunFrames": "0xb2e5e",
    "Range": "0xb2e60",
    "Extra": "0xb2e62"
  },
  "Mace": {
    "Attack": "0xb2e74",
    "Defense": "0xb2e76",
    "Element": "0xb2e78",
    "Sprite": "0xb2e7b",
    "Special": "0xb2e84",
    "Spell": "0xb2e88",
    "ManaCost": "0xb2e90",
    "StunFrames": "0xb2e92",
    "Range": "0xb2e94",
    "Extra": "0xb2e96"
  },
  "Morningstar": {
    "Attack": "0xb2ea8",
    "Defense": "0xb2eaa",
    "Element": "0xb2eac",
    "Sprite": "0xb2eaf",
    "Special": "0xb2eb8",
    "Spell": "0xb2ebc",
    "ManaCost": "0xb2ec4",
    "StunFrames": "0xb2ec6",
    "Range": "0xb2ec8",
    "Extra": "0xb2eca"
  },
  "Holy Rod": {
    "Attack": "0xb2edc",
    "Defense": "0xb2ede",
    "Element": "0xb2ee0",
    "Sprite": "0xb2ee3",
    "Special": "0xb2eec",
    "Spell": "0xb2ef0",
    "ManaCost": "0xb2ef8",
    "StunFrames": "0xb2efa",
    "Range": "0xb2efc",
    "Extra": "0xb2efe"
  },
  "Star Flail": {
    "Attack": "0xb2f10",
    "Defense": "0xb2f12",
    "Element": "0xb2f14",
    "Sprite": "0xb2f17",
    "Special": "0xb2f20",
    "Spell": "0xb2f24",
    "ManaCost": "0xb2f2c",
    "StunFrames": "0xb2f2e",
    "Range": "0xb2f30",
    "Extra": "0xb2f32"
  },
  "Moon Rod": {
    "Attack": "0xb2f44",
    "Defense": "0xb2f46",
    "Element": "0xb2f48",
    "Sprite": "0xb2f4b",
    "Special": "0xb2f54",
    "Spell": "0xb2f58",
    "ManaCost": "0xb2f60",
    "StunFrames": "0xb2f62",
    "Range": "0xb2f64",
    "Extra": "0xb2f66"
  },
  "Chakram": {
    "Attack": "0xb2f78",
    "Defense": "0xb2f7a",
    "Element": "0xb2f7c",
    "Sprite": "0xb2f7f",
    "Special": "0xb2f88",
    "Spell": "0xb2f8c",
    "ManaCost": "0xb2f94",
    "StunFrames": "0xb2f96",
    "Range": "0xb2f98",
    "Extra": "0xb2f9a"
  },
  "Fire Boomerang": {
    "Attack": "0xb2fac",
    "Defense": "0xb2fae",
    "Element": "0xb2fb0",
    "Sprite": "0xb2fb3",
    "Special": "0xb2fbc",
    "Spell": "0xb2fc0",
    "ManaCost": "0xb2fc8",
    "StunFrames": "0xb2fca",
    "Range": "0xb2fcc",
    "Extra": "0xb2fce"
  },
  "Iron Ball": {
    "Attack": "0xb2fe0",
    "Defense": "0xb2fe2",
    "Element": "0xb2fe4",
    "Sprite": "0xb2fe7",
    "Special": "0xb2ff0",
    "Spell": "0xb2ff4",
    "ManaCost": "0xb2ffc",
    "StunFrames": "0xb2ffe",
    "Range": "0xb3000",
    "Extra": "0xb3002"
  },
  "Holbein Dagger": {
    "Attack": "0xb3014",
    "Defense": "0xb3016",
    "Element": "0xb3018",
    "Sprite": "0xb301b",
    "Special": "0xb3024",
    "Spell": "0xb3028",
    "ManaCost": "0xb3030",
    "StunFrames": "0xb3032",
    "Range": "0xb3034",
    "Extra": "0xb3036"
  },
  "Blue Knuckles": {
    "Attack": "0xb3048",
    "Defense": "0xb304a",
    "Element": "0xb304c",
    "Sprite": "0xb304f",
    "Special": "0xb3058",
    "Spell": "0xb305c",
    "ManaCost": "0xb3064",
    "StunFrames": "0xb3066",
    "Range": "0xb3068",
    "Extra": "0xb306a"
  },
  "Dynamite": {
    "Attack": "0xb307c",
    "Defense": "0xb307e",
    "Element": "0xb3080",
    "Sprite": "0xb3083",
    "Special": "0xb308c",
    "Spell": "0xb3090",
    "ManaCost": "0xb3098",
    "StunFrames": "0xb309a",
    "Range": "0xb309c",
    "Extra": "0xb309e"
  },
  "Osafune Katana": {
    "Attack": "0xb30b0",
    "Defense": "0xb30b2",
    "Element": "0xb30b4",
    "Sprite": "0xb30b7",
    "Special": "0xb30c0",
    "Spell": "0xb30c4",
    "ManaCost": "0xb30cc",
    "StunFrames": "0xb30ce",
    "Range": "0xb30d0",
    "Extra": "0xb30d2"
  },
  "Masamune": {
    "Attack": "0xb30e4",
    "Defense": "0xb30e6",
    "Element": "0xb30e8",
    "Sprite": "0xb30eb",
    "Special": "0xb30f4",
    "Spell": "0xb30f8",
    "ManaCost": "0xb3100",
    "StunFrames": "0xb3102",
    "Range": "0xb3104",
    "Extra": "0xb3106"
  },
  "Muramasa": {
    "Attack": "0xb3118",
    "Defense": "0xb311a",
    "Element": "0xb311c",
    "Sprite": "0xb311f",
    "Special": "0xb3128",
    "Spell": "0xb312c",
    "ManaCost": "0xb3134",
    "StunFrames": "0xb3136",
    "Range": "0xb3138",
    "Extra": "0xb313a"
  },
  "Heart Refresh": {
    "Attack": "0xb314c",
    "Defense": "0xb314e",
    "Element": "0xb3150",
    "Sprite": "0xb3153",
    "Special": "0xb315c",
    "Spell": "0xb3160",
    "ManaCost": "0xb3298",
    "StunFrames": "0xb329a",
    "Range": "0xb329c",
    "Extra": "0xb329e"
  },
  "Runesword": {
    "Attack": "0xb32b0",
    "Defense": "0xb32b2",
    "Element": "0xb32b4",
    "Sprite": "0xb32b7",
    "Special": "0xb32c0",
    "Spell": "0xb32c4",
    "ManaCost": "0xb32cc",
    "StunFrames": "0xb32ce",
    "Range": "0xb32d0",
    "Extra": "0xb32d2"
  },
  "Antivenom": {
    "Attack": "0xb32e4",
    "Defense": "0xb32e6",
    "Element": "0xb32e8",
    "Sprite": "0xb32eb",
    "Special": "0xb32f4",
    "Spell": "0xb32f8",
    "ManaCost": "0xb3300",
    "StunFrames": "0xb3302",
    "Range": "0xb3304",
    "Extra": "0xb3306"
  },
  "Uncurse": {
    "Attack": "0xb3318",
    "Defense": "0xb331a",
    "Element": "0xb331c",
    "Sprite": "0xb331f",
    "Special": "0xb3328",
    "Spell": "0xb332c",
    "ManaCost": "0xb3334",
    "StunFrames": "0xb3336",
    "Range": "0xb3338",
    "Extra": "0xb333a"
  },
  "Life Apple": {
    "Attack": "0xb334c",
    "Defense": "0xb334e",
    "Element": "0xb3350",
    "Sprite": "0xb3353",
    "Special": "0xb335c",
    "Spell": "0xb3360",
    "ManaCost": "0xb3368",
    "StunFrames": "0xb336a",
    "Range": "0xb336c",
    "Extra": "0xb336e"
  },
  "Hammer": {
    "Attack": "0xb3380",
    "Defense": "0xb3382",
    "Element": "0xb3384",
    "Sprite": "0xb3387",
    "Special": "0xb3390",
    "Spell": "0xb3394",
    "ManaCost": "0xb339c",
    "StunFrames": "0xb339e",
    "Range": "0xb33a0",
    "Extra": "0xb33a2"
  },
  "Str. Potion": {
    "Attack": "0xb33b4",
    "Defense": "0xb33b6",
    "Element": "0xb33b8",
    "Sprite": "0xb33bb",
    "Special": "0xb33c4",
    "Spell": "0xb33c8",
    "ManaCost": "0xb33d0",
    "StunFrames": "0xb33d2",
    "Range": "0xb33d4",
    "Extra": "0xb33d6"
  },
  "Luck Potion": {
    "Attack": "0xb33e8",
    "Defense": "0xb33ea",
    "Element": "0xb33ec",
    "Sprite": "0xb33ef",
    "Special": "0xb33f8",
    "Spell": "0xb33fc",
    "ManaCost": "0xb3404",
    "StunFrames": "0xb3406",
    "Range": "0xb3408",
    "Extra": "0xb340a"
  },
  "Smart Potion": {
    "Attack": "0xb341c",
    "Defense": "0xb341e",
    "Element": "0xb3420",
    "Sprite": "0xb3423",
    "Special": "0xb342c",
    "Spell": "0xb3430",
    "ManaCost": "0xb3438",
    "StunFrames": "0xb343a",
    "Range": "0xb343c",
    "Extra": "0xb343e"
  },
  "Attack Potion": {
    "Attack": "0xb3450",
    "Defense": "0xb3452",
    "Element": "0xb3454",
    "Sprite": "0xb3457",
    "Special": "0xb3460",
    "Spell": "0xb3464",
    "ManaCost": "0xb346c",
    "StunFrames": "0xb346e",
    "Range": "0xb3470",
    "Extra": "0xb3472"
  },
  "Shield Potion": {
    "Attack": "0xb3484",
    "Defense": "0xb3486",
    "Element": "0xb3488",
    "Sprite": "0xb348b",
    "Special": "0xb3494",
    "Spell": "0xb3498",
    "ManaCost": "0xb34a0",
    "StunFrames": "0xb34a2",
    "Range": "0xb34a4",
    "Extra": "0xb34a6"
  },
  "Resist Fire": {
    "Attack": "0xb34b8",
    "Defense": "0xb34ba",
    "Element": "0xb34bc",
    "Sprite": "0xb34bf",
    "Special": "0xb34c8",
    "Spell": "0xb34cc",
    "ManaCost": "0xb34d4",
    "StunFrames": "0xb34d6",
    "Range": "0xb34d8",
    "Extra": "0xb34da"
  },
  "Resist Thunder": {
    "Attack": "0xb34ec",
    "Defense": "0xb34ee",
    "Element": "0xb34f0",
    "Sprite": "0xb34f3",
    "Special": "0xb34fc",
    "Spell": "0xb3500",
    "ManaCost": "0xb3508",
    "StunFrames": "0xb350a",
    "Range": "0xb350c",
    "Extra": "0xb350e"
  },
  "Resist Ice": {
    "Attack": "0xb3520",
    "Defense": "0xb3522",
    "Element": "0xb3524",
    "Sprite": "0xb3527",
    "Special": "0xb3530",
    "Spell": "0xb3534",
    "ManaCost": "0xb353c",
    "StunFrames": "0xb353e",
    "Range": "0xb3540",
    "Extra": "0xb3542"
  },
  "Resist Stone": {
    "Attack": "0xb3554",
    "Defense": "0xb3556",
    "Element": "0xb3558",
    "Sprite": "0xb355b",
    "Special": "0xb3564",
    "Spell": "0xb3568",
    "ManaCost": "0xb3570",
    "StunFrames": "0xb3572",
    "Range": "0xb3574",
    "Extra": "0xb3576"
  },
  "Resist Holy": {
    "Attack": "0xb3588",
    "Defense": "0xb358a",
    "Element": "0xb358c",
    "Sprite": "0xb358f",
    "Special": "0xb3598",
    "Spell": "0xb359c",
    "ManaCost": "0xb35a4",
    "StunFrames": "0xb35a6",
    "Range": "0xb35a8",
    "Extra": "0xb35aa"
  },
  "Resist Dark": {
    "Attack": "0xb35bc",
    "Defense": "0xb35be",
    "Element": "0xb35c0",
    "Sprite": "0xb35c3",
    "Special": "0xb35cc",
    "Spell": "0xb35d0",
    "ManaCost": "0xb35d8",
    "StunFrames": "0xb35da",
    "Range": "0xb35dc",
    "Extra": "0xb35de"
  },
  "Potion": {
    "Attack": "0xb35f0",
    "Defense": "0xb35f2",
    "Element": "0xb35f4",
    "Sprite": "0xb35f7",
    "Special": "0xb3600",
    "Spell": "0xb3604",
    "ManaCost": "0xb360c",
    "StunFrames": "0xb360e",
    "Range": "0xb3610",
    "Extra": "0xb3612"
  },
  "High Potion": {
    "Attack": "0xb3624",
    "Defense": "0xb3626",
    "Element": "0xb3628",
    "Sprite": "0xb362b",
    "Special": "0xb3634",
    "Spell": "0xb3638",
    "ManaCost": "0xb3640",
    "StunFrames": "0xb3642",
    "Range": "0xb3644",
    "Extra": "0xb3646"
  },
  "Elixir": {
    "Attack": "0xb3658",
    "Defense": "0xb365a",
    "Element": "0xb365c",
    "Sprite": "0xb365f",
    "Special": "0xb3668",
    "Spell": "0xb366c",
    "ManaCost": "0xb3674",
    "StunFrames": "0xb3676",
    "Range": "0xb3678",
    "Extra": "0xb367a"
  },
  "Manna Prism": {
    "Attack": "0xb368c",
    "Defense": "0xb368e",
    "Element": "0xb3690",
    "Sprite": "0xb3693",
    "Special": "0xb369c",
    "Spell": "0xb36a0",
    "ManaCost": "0xb36a8",
    "StunFrames": "0xb36aa",
    "Range": "0xb36ac",
    "Extra": "0xb36ae"
  },
  "Vorpal Blade": {
    "Attack": "0xb36c0",
    "Defense": "0xb36c2",
    "Element": "0xb36c4",
    "Sprite": "0xb36c7",
    "Special": "0xb36d0",
    "Spell": "0xb36d4",
    "ManaCost": "0xb36dc",
    "StunFrames": "0xb36de",
    "Range": "0xb36e0",
    "Extra": "0xb36e2"
  },
  "Crissaegrim": {
    "Attack": "0xb36f4",
    "Defense": "0xb36f6",
    "Element": "0xb36f8",
    "Sprite": "0xb36fb",
    "Special": "0xb3704",
    "Spell": "0xb3708",
    "ManaCost": "0xb3710",
    "StunFrames": "0xb3712",
    "Range": "0xb3714",
    "Extra": "0xb3716"
  },
  "Yasutsuna": {
    "Attack": "0xb3728",
    "Defense": "0xb372a",
    "Element": "0xb372c",
    "Sprite": "0xb372f",
    "Special": "0xb3738",
    "Spell": "0xb373c",
    "ManaCost": "0xb3744",
    "StunFrames": "0xb3746",
    "Range": "0xb3748",
    "Extra": "0xb374a"
  },
  "Library Card": {
    "Attack": "0xb375c",
    "Defense": "0xb375e",
    "Element": "0xb3760",
    "Sprite": "0xb3763",
    "Special": "0xb376c",
    "Spell": "0xb3770",
    "ManaCost": "0xb3778",
    "StunFrames": "0xb377a",
    "Range": "0xb377c",
    "Extra": "0xb377e"
  },
  "Alucart Shield": {
    "Attack": "0xb3790",
    "Defense": "0xb3792",
    "Element": "0xb3794",
    "Sprite": "0xb3797",
    "Special": "0xb37a0",
    "Spell": "0xb37a4",
    "ManaCost": "0xb37ac",
    "StunFrames": "0xb37ae",
    "Range": "0xb37b0",
    "Extra": "0xb37b2"
  },
  "Alucart Sword": {
    "Attack": "0xb37c4",
    "Defense": "0xb37c6",
    "Element": "0xb37c8",
    "Sprite": "0xb37cb",
    "Special": "0xb37d4",
    "Spell": "0xb37d8",
    "ManaCost": "0xb37e0",
    "StunFrames": "0xb37e2",
    "Range": "0xb37e4",
    "Extra": "0xb37e6"
  },
  "Holy Rod Special": {
    "Attack": "0xb382c",
    "Defense": "0xb382e",
    "Element": "0xb3830",
    "Sprite": "0xb3833",
    "Special": "0xb383c",
    "Spell": "0xb3840",
    "ManaCost": "0xb3848",
    "StunFrames": "0xb384a",
    "Range": "0xb384c",
    "Extra": "0xb384e"
  },
  "Star Flail Special": {
    "Attack": "0xb3860",
    "Defense": "0xb3862",
    "Element": "0xb3864",
    "Sprite": "0xb3867",
    "Special": "0xb3870",
    "Spell": "0xb3874",
    "ManaCost": "0xb387c",
    "StunFrames": "0xb387e",
    "Range": "0xb3880",
    "Extra": "0xb3882"
  },
  "Moon Rod Special": {
    "Attack": "0xb3894",
    "Defense": "0xb3896",
    "Element": "0xb3898",
    "Sprite": "0xb389b",
    "Special": "0xb38a4",
    "Spell": "0xb38a8",
    "ManaCost": "0xb38b0",
    "StunFrames": "0xb38b2",
    "Range": "0xb38b4",
    "Extra": "0xb38b6"
  },
  "Shield Rod Special": {
    "Attack": "0xb38c8",
    "Defense": "0xb38ca",
    "Element": "0xb38cc",
    "Sprite": "0xb38cf",
    "Special": "0xb38d8",
    "Spell": "0xb38dc",
    "ManaCost": "0xb38e4",
    "StunFrames": "0xb38e6",
    "Range": "0xb38e8",
    "Extra": "0xb38ea"
  },
  "Basilard Special": {
    "Attack": "0xb38fc",
    "Defense": "0xb38fe",
    "Element": "0xb3900",
    "Sprite": "0xb3903",
    "Special": "0xb390c",
    "Spell": "0xb3910",
    "ManaCost": "0xb3918",
    "StunFrames": "0xb391a",
    "Range": "0xb391c",
    "Extra": "0xb391e"
  },
  "Combat Knife Special": {
    "Attack": "0xb3930",
    "Defense": "0xb3932",
    "Element": "0xb3934",
    "Sprite": "0xb3937",
    "Special": "0xb3940",
    "Spell": "0xb3944",
    "ManaCost": "0xb394c",
    "StunFrames": "0xb394e",
    "Range": "0xb3950",
    "Extra": "0xb3952"
  },
  "Shotel Special": {
    "Attack": "0xb3964",
    "Defense": "0xb3966",
    "Element": "0xb3968",
    "Sprite": "0xb396b",
    "Special": "0xb3974",
    "Spell": "0xb3978",
    "ManaCost": "0xb3980",
    "StunFrames": "0xb3982",
    "Range": "0xb3984",
    "Extra": "0xb3986"
  },
  "Sword of Dawn Special": {
    "Attack": "0xb3998",
    "Defense": "0xb399a",
    "Element": "0xb399c",
    "Sprite": "0xb399f",
    "Special": "0xb39a8",
    "Spell": "0xb39ac",
    "ManaCost": "0xb39b4",
    "StunFrames": "0xb39b6",
    "Range": "0xb39b8",
    "Extra": "0xb39ba"
  },
  "Thunderbrand Special": {
    "Attack": "0xb39cc",
    "Defense": "0xb39ce",
    "Element": "0xb39d0",
    "Sprite": "0xb39d3",
    "Special": "0xb39dc",
    "Spell": "0xb39e0",
    "ManaCost": "0xb39e8",
    "StunFrames": "0xb39ea",
    "Range": "0xb39ec",
    "Extra": "0xb39ee"
  },
  "Firebrand Special": {
    "Attack": "0xb3a00",
    "Defense": "0xb3a02",
    "Element": "0xb3a04",
    "Sprite": "0xb3a07",
    "Special": "0xb3a10",
    "Spell": "0xb3a14",
    "ManaCost": "0xb3a1c",
    "StunFrames": "0xb3a1e",
    "Range": "0xb3a20",
    "Extra": "0xb3a22"
  },
  "Marsil Special": {
    "Attack": "0xb3a34",
    "Defense": "0xb3a36",
    "Element": "0xb3a38",
    "Sprite": "0xb3a3b",
    "Special": "0xb3a44",
    "Spell": "0xb3a48",
    "ManaCost": "0xb3a50",
    "StunFrames": "0xb3a52",
    "Range": "0xb3a54",
    "Extra": "0xb3a56"
  },
  "Icebrand Special": {
    "Attack": "0xb3a68",
    "Defense": "0xb3a6a",
    "Element": "0xb3a6c",
    "Sprite": "0xb3a6f",
    "Special": "0xb3a78",
    "Spell": "0xb3a7c",
    "ManaCost": "0xb3a84",
    "StunFrames": "0xb3a86",
    "Range": "0xb3a88",
    "Extra": "0xb3a8a"
  },
  "Claymore Thrust": {
    "Attack": "0xb3bcc",
    "Defense": "0xb3bce",
    "Element": "0xb3bd0",
    "Sprite": "0xb3bd3",
    "Special": "0xb3bdc",
    "Spell": "0xb3be0",
    "ManaCost": "0xb3be8",
    "StunFrames": "0xb3bea",
    "Range": "0xb3bec",
    "Extra": "0xb3bee"
  },
  "Flamberge Thrust": {
    "Attack": "0xb3c00",
    "Defense": "0xb3c02",
    "Element": "0xb3c04",
    "Sprite": "0xb3c07",
    "Special": "0xb3c10",
    "Spell": "0xb3c14",
    "ManaCost": "0xb3c1c",
    "StunFrames": "0xb3c1e",
    "Range": "0xb3c20",
    "Extra": "0xb3c22"
  },
  "Zwei Hander Thrust": {
    "Attack": "0xb3c34",
    "Defense": "0xb3c36",
    "Element": "0xb3c38",
    "Sprite": "0xb3c3b",
    "Special": "0xb3c44",
    "Spell": "0xb3c48",
    "ManaCost": "0xb3c50",
    "StunFrames": "0xb3c52",
    "Range": "0xb3c54",
    "Extra": "0xb3c56"
  },
  "Obsidian Sword Thrust": {
    "Attack": "0xb3c68",
    "Defense": "0xb3c6a",
    "Element": "0xb3c6c",
    "Sprite": "0xb3c6f",
    "Special": "0xb3c78",
    "Spell": "0xb3c7c",
    "ManaCost": "0xb3c84",
    "StunFrames": "0xb3c86",
    "Range": "0xb3c88",
    "Extra": "0xb3c8a"
  },
  "Iron Fist Special": {
    "Attack": "0xb3c9c",
    "Defense": "0xb3c9e",
    "Element": "0xb3ca0",
    "Sprite": "0xb3ca3",
    "Special": "0xb3cac",
    "Spell": "0xb3cb0",
    "ManaCost": "0xb3cb8",
    "StunFrames": "0xb3cba",
    "Range": "0xb3cbc",
    "Extra": "0xb3cbe"
  },
  "Fist of Tulkas Special": {
    "Attack": "0xb3cd0",
    "Defense": "0xb3cd2",
    "Element": "0xb3cd4",
    "Sprite": "0xb3cd7",
    "Special": "0xb3ce0",
    "Spell": "0xb3ce4",
    "ManaCost": "0xb3cec",
    "StunFrames": "0xb3cee",
    "Range": "0xb3cf0",
    "Extra": "0xb3cf2"
  },
  "Fist of Tulkas Fireball": {
    "Attack": "0xb3d04",
    "Defense": "0xb3d06",
    "Element": "0xb3d08",
    "Sprite": "0xb3d0b",
    "Special": "0xb3d14",
    "Spell": "0xb3d18",
    "ManaCost": "0xb3d20",
    "StunFrames": "0xb3d22",
    "Range": "0xb3d24",
    "Extra": "0xb3d26"
  },
  "Katana Special": {
    "Attack": "0xb3d38",
    "Defense": "0xb3d3a",
    "Element": "0xb3d3c",
    "Sprite": "0xb3d3f",
    "Special": "0xb3d48",
    "Spell": "0xb3d4c",
    "ManaCost": "0xb3d54",
    "StunFrames": "0xb3d56",
    "Range": "0xb3d58",
    "Extra": "0xb3d5a"
  },
  "Were Bane Special": {
    "Attack": "0xb3d6c",
    "Defense": "0xb3d6e",
    "Element": "0xb3d70",
    "Sprite": "0xb3d73",
    "Special": "0xb3d7c",
    "Spell": "0xb3d80",
    "ManaCost": "0xb3d88",
    "StunFrames": "0xb3d8a",
    "Range": "0xb3d8c",
    "Extra": "0xb3d8e"
  },
  "Rapier Special": {
    "Attack": "0xb3da0",
    "Defense": "0xb3da2",
    "Element": "0xb3da4",
    "Sprite": "0xb3da7",
    "Special": "0xb3db0",
    "Spell": "0xb3db4",
    "ManaCost": "0xb3dbc",
    "StunFrames": "0xb3dbe",
    "Range": "0xb3dc0",
    "Extra": "0xb3dc2"
  },
  "Osafune Katana Special": {
    "Attack": "0xb3dd4",
    "Defense": "0xb3dd6",
    "Element": "0xb3dd8",
    "Sprite": "0xb3ddb",
    "Special": "0xb3de4",
    "Spell": "0xb3de8",
    "ManaCost": "0xb3df0",
    "StunFrames": "0xb3df2",
    "Range": "0xb3df4",
    "Extra": "0xb3df6"
  },
  "Osafune Katana Warp": {
    "Attack": "0xb3e08",
    "Defense": "0xb3e0a",
    "Element": "0xb3e0c",
    "Sprite": "0xb3e0f",
    "Special": "0xb3e18",
    "Spell": "0xb3e1c",
    "ManaCost": "0xb3e24",
    "StunFrames": "0xb3e26",
    "Range": "0xb3e28",
    "Extra": "0xb3e2a"
  },
  "Masamune Warp": {
    "Attack": "0xb3e3c",
    "Defense": "0xb3e3e",
    "Element": "0xb3e40",
    "Sprite": "0xb3e43",
    "Special": "0xb3e4c",
    "Spell": "0xb3e50",
    "ManaCost": "0xb3e58",
    "StunFrames": "0xb3e5a",
    "Range": "0xb3e5c",
    "Extra": "0xb3e5e"
  },
  "Gurthang Special": {
    "Attack": "0xb3e70",
    "Defense": "0xb3e72",
    "Element": "0xb3e74",
    "Sprite": "0xb3e77",
    "Special": "0xb3e80",
    "Spell": "0xb3e84",
    "ManaCost": "0xb3e8c",
    "StunFrames": "0xb3e8e",
    "Range": "0xb3e90",
    "Extra": "0xb3e92"
  },
  "Holy Sword Special": {
    "Attack": "0xb3ea4",
    "Defense": "0xb3ea6",
    "Element": "0xb3ea8",
    "Sprite": "0xb3eab",
    "Special": "0xb3eb4",
    "Spell": "0xb3eb8",
    "ManaCost": "0xb3ec0",
    "StunFrames": "0xb3ec2",
    "Range": "0xb3ec4",
    "Extra": "0xb3ec6"
  },
  "Alucard Sword Warp": {
    "Attack": "0xb3ed8",
    "Defense": "0xb3eda",
    "Element": "0xb3edc",
    "Sprite": "0xb3edf",
    "Special": "0xb3ee8",
    "Spell": "0xb3eec",
    "ManaCost": "0xb3ef4",
    "StunFrames": "0xb3ef6",
    "Range": "0xb3ef8",
    "Extra": "0xb3efa"
  },
  "Jewel Sword Special": {
    "Attack": "0xb3f0c",
    "Defense": "0xb3f0e",
    "Element": "0xb3f10",
    "Sprite": "0xb3f13",
    "Special": "0xb3f1c",
    "Spell": "0xb3f20",
    "ManaCost": "0xb3f28",
    "StunFrames": "0xb3f2a",
    "Range": "0xb3f2c",
    "Extra": "0xb3f2e"
  },
  "Heaven Sword Special": {
    "Attack": "0xb3fdc",
    "Defense": "0xb3fde",
    "Element": "0xb3fe0",
    "Sprite": "0xb3fe3",
    "Special": "0xb3fec",
    "Spell": "0xb3ff0",
    "ManaCost": "0xb3ff8",
    "StunFrames": "0xb3ffa",
    "Range": "0xb3ffc",
    "Extra": "0xb3ffe"
  },
  "Leather Shield Spell": {
    "Attack": "0xb4010",
    "Defense": "0xb4012",
    "Element": "0xb4014",
    "Sprite": "0xb4017",
    "Special": "0xb4020",
    "Spell": "0xb4024",
    "ManaCost": "0xb402c",
    "StunFrames": "0xb402e",
    "Range": "0xb4030",
    "Extra": "0xb4032"
  },
  "Knight Shield Spell": {
    "Attack": "0xb4044",
    "Defense": "0xb4046",
    "Element": "0xb4048",
    "Sprite": "0xb404b",
    "Special": "0xb4054",
    "Spell": "0xb4058",
    "ManaCost": "0xb4060",
    "StunFrames": "0xb4062",
    "Range": "0xb4064",
    "Extra": "0xb4066"
  },
  "Iron Shield Spell": {
    "Attack": "0xb4078",
    "Defense": "0xb407a",
    "Element": "0xb407c",
    "Sprite": "0xb407f",
    "Special": "0xb4088",
    "Spell": "0xb408c",
    "ManaCost": "0xb4094",
    "StunFrames": "0xb4096",
    "Range": "0xb4098",
    "Extra": "0xb409a"
  },
  "Axelord Shield Spell": {
    "Attack": "0xb40ac",
    "Defense": "0xb40ae",
    "Element": "0xb40b0",
    "Sprite": "0xb40b3",
    "Special": "0xb40bc",
    "Spell": "0xb40c0",
    "ManaCost": "0xb40c8",
    "StunFrames": "0xb40ca",
    "Range": "0xb40cc",
    "Extra": "0xb40ce"
  },
  "Herald Shield Spell": {
    "Attack": "0xb40e0",
    "Defense": "0xb40e2",
    "Element": "0xb40e4",
    "Sprite": "0xb40e7",
    "Special": "0xb40f0",
    "Spell": "0xb40f4",
    "ManaCost": "0xb40fc",
    "StunFrames": "0xb40fe",
    "Range": "0xb4100",
    "Extra": "0xb4102"
  },
  "Dark Shield Spell": {
    "Attack": "0xb4114",
    "Defense": "0xb4116",
    "Element": "0xb4118",
    "Sprite": "0xb411b",
    "Special": "0xb4124",
    "Spell": "0xb4128",
    "ManaCost": "0xb4130",
    "StunFrames": "0xb4132",
    "Range": "0xb4134",
    "Extra": "0xb4136"
  },
  "Goddess Shield Spell": {
    "Attack": "0xb4148",
    "Defense": "0xb414a",
    "Element": "0xb414c",
    "Sprite": "0xb414f",
    "Special": "0xb4158",
    "Spell": "0xb415c",
    "ManaCost": "0xb4164",
    "StunFrames": "0xb4166",
    "Range": "0xb4168",
    "Extra": "0xb416a"
  },
  "Shaman Shield Spell": {
    "Attack": "0xb417c",
    "Defense": "0xb417e",
    "Element": "0xb4180",
    "Sprite": "0xb4183",
    "Special": "0xb418c",
    "Spell": "0xb4190",
    "ManaCost": "0xb4198",
    "StunFrames": "0xb419a",
    "Range": "0xb419c",
    "Extra": "0xb419e"
  },
  "Medusa Shield Spell": {
    "Attack": "0xb41b0",
    "Defense": "0xb41b2",
    "Element": "0xb41b4",
    "Sprite": "0xb41b7",
    "Special": "0xb41c0",
    "Spell": "0xb41c4",
    "ManaCost": "0xb41cc",
    "StunFrames": "0xb41ce",
    "Range": "0xb41d0",
    "Extra": "0xb41d2"
  },
  "Skull Shield Spell": {
    "Attack": "0xb41e4",
    "Defense": "0xb41e6",
    "Element": "0xb41e8",
    "Sprite": "0xb41eb",
    "Special": "0xb41f4",
    "Spell": "0xb41f8",
    "ManaCost": "0xb4200",
    "StunFrames": "0xb4202",
    "Range": "0xb4204",
    "Extra": "0xb4206"
  },
  "Fire Shield Spell": {
    "Attack": "0xb4218",
    "Defense": "0xb421a",
    "Element": "0xb421c",
    "Sprite": "0xb421f",
    "Special": "0xb4228",
    "Spell": "0xb422c",
    "ManaCost": "0xb4234",
    "StunFrames": "0xb4236",
    "Range": "0xb4238",
    "Extra": "0xb423a"
  },
  "Alucard Shield Spell": {
    "Attack": "0xb424c",
    "Defense": "0xb424e",
    "Element": "0xb4250",
    "Sprite": "0xb4253",
    "Special": "0xb425c",
    "Spell": "0xb4260",
    "ManaCost": "0xb4268",
    "StunFrames": "0xb426a",
    "Range": "0xb426c",
    "Extra": "0xb426e"
  },
  "Alucart Shield Spell": {
    "Attack": "0xb4280",
    "Defense": "0xb4282",
    "Element": "0xb4284",
    "Sprite": "0xb4287",
    "Special": "0xb4290",
    "Spell": "0xb4294",
    "ManaCost": "0xb429c",
    "StunFrames": "0xb429e",
    "Range": "0xb42a0",
    "Extra": "0xb42a2"
  }
}