{
  "Slot1": "0x47a3098",
  "Slot2": "0x47a30a0",
  "Slot3": "0x47a30a8",
  "Slot4": "0x47a30b0",
  "Slot5": "0x47a30b8",
  "Slot6": "0x47a30c0",
  "Slot7": "0x47a30c8",
  "Slot8": "0x47a30d0",
  "Slot9": "0x47a30d8",
  "Slot10": "0x47a30e0",
  "Slot11": "0x47a30e8",
  "Slot12": "0x47a30f0",
  "Slot13": "0x47a30f8",
  "Slot14": "0x47a3100",
  "Slot15": "0x47a3108",
  "Slot16": "0x47a3110",
  "Slot17": "0x47a3118",
  "Slot18": "0x47a3120",
  "Slot19": "0x47a3128",
  "Slot20": "0x47a3130",
  "Slot21": "0x47a3138",
  "Slot22": "0x47a3140",
  "Slot23": "0x47a3148",
  "Slot24": "0x47a3150",
  "Slot25": "0x47a3158",
  "Slot26": "0x47a3160",
  "Slot27": "0x47a3168",
  "Slot28": "0x47a3170",
  "Slot29": "0x47a3178",
  "Slot30": "0x47a3180",
  "Slot31": "0x47a3188",
  "Slot32": "0x47a3190",
  "Slot33": "0x47a3198",
  "Slot34": "0x47a31a0",
  "Slot35": "0x47a31a8",
  "Slot36": "0x47a31b0",
  "Slot37": "0x47a31b8",
  "Slot38": "0x47a31c0",
  "Slot39": "0x47a31c8",
  "Slot40": "0x47a31d0",
  "Slot41": "0x47a31d8",
  "Slot42": "0x47a31e0"
}