{
  "Summon Spirit": {
    "ManaCost": "0xb5260",
    "Element": "0xb526a",
    "Attack": "0xb526c"
  },
  "Hellfire": {
    "ManaCost": "0xb527c",
    "Element": "0xb5286",
    "Attack": "0xb5288"
  },
  "Tetra Spirit": {
    "ManaCost": "0xb5298",
    "Element": "0xb52a2",
    "Attack": "0xb52a4"
  },
  "Dark Metamorphosis": {
    "ManaCost": "0xb52b4",
    "Element": "0xb52be",
    "Attack": "0xb52c0"
  },
  "Soul Steal": {
    "ManaCost": "0xb52d0",
    "Element": "0xb52da",
    "Attack": "0xb52dc"
  },
  "Wing Smash": {
    "ManaCost": "0xb52ec",
    "Element": "0xb52f6",
    "Attack": "0xb52f8"
  },
  "Sword Brothers": {
    "ManaCost": "0xb5308",
    "Element": "0xb5312",
    "Attack": "0xb5314"
  },
  "Fire of Bat": {
    "ManaCost": "0xb5340",
    "Element": "0xb534a",
    "Attack": "0xb534c"
  },
  "Force of Echo": {
    "ManaCost": "0xb535c",
    "Element": "0xb5366",
    "Attack": "0xb5368"
  },
  "Wolf Dash Bite": {
    "ManaCost": "0xb5378",
    "Element": "0xb5382",
    "Attack": "0xb5384"
  },
  "Gas Cloud": {
    "ManaCost": "0xb5394",
    "Element": "0xb539e",
    "Attack": "0xb53a0"
  },
  "Wolf Dash": {
    "ManaCost": "0xb53b0",
    "Element": "0xb53ba",
    "Attack": "0xb53bc"
  },
  "Wolf Bite": {
    "ManaCost": "0xb53cc",
    "Element": "0xb53d6",
    "Attack": "0xb53d8"
  },
  "Bat Familiar": {
    "ManaCost": "0xb53e8",
    "Element": "0xb53f2",
    "Attack": "0xb53f4"
  },
  "Bat Familiar Fire": {
    "ManaCost": "0xb5404",
    "Element": "0xb540e",
    "Attack": "0xb5410"
  },
  "Ghost Familiar": {
    "ManaCost": "0xb543c",
    "Element": "0xb5446",
    "Attack": "0xb5448"
  },
  "Sword Familiar": {
    "ManaCost": "0xb5490",
    "Element": "0xb549a",
    "Attack": "0xb549c"
  },
  "Devil Familiar": {
    "ManaCost": "0xb54c8",
    "Element": "0xb54d2",
    "Attack": "0xb54d4"
  },
  "Devil Familiar Fire": {
    "ManaCost": "0xb54e4",
    "Element": "0xb54ee",
    "Attack": "0xb54f0"
  },
  "Devil Familiar Ice": {
    "ManaCost": "0xb5500",
    "Element": "0xb550a",
    "Attack": "0xb550c"
  },
  "Devil Familiar Thunder": {
    "ManaCost": "0xb551c",
    "Element": "0xb5526",
    "Attack": "0xb5528"
  },
  "Devil Familiar Super Thunder": {
    "ManaCost": "0xb5538",
    "Element": "0xb5542",
    "Attack": "0xb5544"
  }
}