{
  "id": "MAP_FORESTS_HEART",
  "name": "ForestsHeart",
  "layout": "LAYOUT_FORESTS_HEART",
  "music": "MUS_ANHEIM_TOWN",
  "region_map_section": "MAPSEC_ANHEIM_TOWN",
  "requires_flash": false,
  "weather": "WEATHER_NONE",
  "map_type": "MAP_TYPE_NONE",
  "allow_cycling": true,
  "allow_escaping": false,
  "allow_running": true,
  "show_map_name": false,
  "battle_scene": "MAP_BATTLE_SCENE_NORMAL",
  "connections": 0,
  "object_events": [

  ],
  "warp_events": [
    {
      "x": 37,
      "y": 42,
      "elevation": 3,
      "dest_map": "MAP_ANHEIM_TOWN",
      "dest_warp_id": "6"
    },
    {
      "x": 37,
      "y": 43,
      "elevation": 3,
      "dest_map": "MAP_ANHEIM_TOWN",
      "dest_warp_id": "7"
    },
    {
      "x": 4,
      "y": 42,
      "elevation": 3,
      "dest_map": "MAP_FORESTS_HEART",
      "dest_warp_id": "4"
    },
    {
      "x": 4,
      "y": 43,
      "elevation": 3,
      "dest_map": "MAP_FORESTS_HEART",
      "dest_warp_id": "5"
    },
    {
      "x": 30,
      "y": 26,
      "elevation": 3,
      "dest_map": "MAP_FORESTS_HEART",
      "dest_warp_id": "2"
    },
    {
      "x": 30,
      "y": 27,
      "elevation": 3,
      "dest_map": "MAP_FORESTS_HEART",
      "dest_warp_id": "3"
    }
  ],
  "coord_events": [

  ],
  "bg_events": [
    {
      "type": "sign",
      "x": 15,
      "y": 9,
      "elevation": 0,
      "player_facing_dir": "BG_EVENT_PLAYER_FACING_ANY",
      "script": "ForestsHeart_Sign"
    }
  ]
}
