{
  "id": "MAP_NORTHSTAR_CITY",
  "name": "NorthstarCity",
  "layout": "LAYOUT_NORTHSTAR_CITY",
  "music": "MUS_UNION_CITY",
  "region_map_section": "MAPSEC_NORTHSTAR_CITY",
  "requires_flash": false,
  "weather": "WEATHER_NONE",
  "map_type": "MAP_TYPE_CITY",
  "allow_cycling": true,
  "allow_escaping": false,
  "allow_running": true,
  "show_map_name": true,
  "battle_scene": "MAP_BATTLE_SCENE_NORMAL",
  "connections": 0,
  "object_events": [
    {
      "graphics_id": "OBJ_EVENT_GFX_EXPERT_M",
      "x": 14,
      "y": 47,
      "elevation": 3,
      "movement_type": "MOVEMENT_TYPE_FACE_DOWN_LEFT_AND_RIGHT",
      "movement_range_x": 0,
      "movement_range_y": 0,
      "trainer_type": "TRAINER_TYPE_NONE",
      "trainer_sight_or_berry_tree_id": "0",
      "script": "NorthstarCity_Old_Man",
      "flag": "0"
    },
    {
      "graphics_id": "OBJ_EVENT_GFX_YOUNGSTER",
      "x": 29,
      "y": 39,
      "elevation": 3,
      "movement_type": "MOVEMENT_TYPE_WANDER_AROUND",
      "movement_range_x": 0,
      "movement_range_y": 0,
      "trainer_type": "TRAINER_TYPE_NONE",
      "trainer_sight_or_berry_tree_id": "0",
      "script": "NorthstarCity_Youngster",
      "flag": "0"
    },
    {
      "graphics_id": "OBJ_EVENT_GFX_MAN_5",
      "x": 31,
      "y": 26,
      "elevation": 3,
      "movement_type": "MOVEMENT_TYPE_WANDER_UP_AND_DOWN",
      "movement_range_x": 0,
      "movement_range_y": 0,
      "trainer_type": "TRAINER_TYPE_NONE",
      "trainer_sight_or_berry_tree_id": "0",
      "script": "NorthstarCity_Thug",
      "flag": "0"
    },
    {
      "graphics_id": "OBJ_EVENT_GFX_MAN_5",
      "x": 28,
      "y": 9,
      "elevation": 3,
      "movement_type": "MOVEMENT_TYPE_LOOK_AROUND",
      "movement_range_x": 0,
      "movement_range_y": 0,
      "trainer_type": "TRAINER_TYPE_NORMAL",
      "trainer_sight_or_berry_tree_id": "3",
      "script": "NorthstarCity_GuitaristViktor",
      "flag": "FLAG_HIDE_NORTHSTAR_CITY_THUGS"
    },
    {
      "graphics_id": "OBJ_EVENT_GFX_MAN_5",
      "x": 31,
      "y": 8,
      "elevation": 3,
      "movement_type": "MOVEMENT_TYPE_LOOK_AROUND",
      "movement_range_x": 0,
      "movement_range_y": 0,
      "trainer_type": "TRAINER_TYPE_NORMAL",
      "trainer_sight_or_berry_tree_id": "3",
      "script": "NorthstarCity_GuitaristMarcus",
      "flag": "FLAG_HIDE_NORTHSTAR_CITY_THUGS"
    },
    {
      "graphics_id": "OBJ_EVENT_GFX_PSYCHIC_M",
      "x": 29,
      "y": 11,
      "elevation": 3,
      "movement_type": "MOVEMENT_TYPE_LOOK_AROUND",
      "movement_range_x": 0,
      "movement_range_y": 0,
      "trainer_type": "TRAINER_TYPE_NORMAL",
      "trainer_sight_or_berry_tree_id": "3",
      "script": "NorthstarCity_PsychicBlake",
      "flag": "FLAG_HIDE_NORTHSTAR_CITY_THUGS"
    },
    {
      "graphics_id": "OBJ_EVENT_GFX_PSYCHIC_M",
      "x": 32,
      "y": 5,
      "elevation": 3,
      "movement_type": "MOVEMENT_TYPE_NONE",
      "movement_range_x": 0,
      "movement_range_y": 0,
      "trainer_type": "TRAINER_TYPE_NONE",
      "trainer_sight_or_berry_tree_id": "0",
      "script": "NorthstarCity_PsychicTony",
      "flag": "FLAG_HIDE_NORTHSTAR_CITY_THUGS"
    },
    {
      "graphics_id": "OBJ_EVENT_GFX_SCHOOL_KID_M",
      "x": 36,
      "y": 46,
      "elevation": 3,
      "movement_type": "MOVEMENT_TYPE_NONE",
      "movement_range_x": 0,
      "movement_range_y": 0,
      "trainer_type": "TRAINER_TYPE_NONE",
      "trainer_sight_or_berry_tree_id": "0",
      "script": "NorthstarCity_Nerd",
      "flag": "0"
    },
    {
      "graphics_id": "OBJ_EVENT_GFX_AQUA_MEMBER_M",
      "x": 43,
      "y": 37,
      "elevation": 3,
      "movement_type": "MOVEMENT_TYPE_WANDER_AROUND",
      "movement_range_x": 0,
      "movement_range_y": 0,
      "trainer_type": "TRAINER_TYPE_NONE",
      "trainer_sight_or_berry_tree_id": "0",
      "script": "NorthstarCity_SUBO_1",
      "flag": "FLAG_NORTHSTAR_TOURNAMENT_REST"
    },
    {
      "graphics_id": "OBJ_EVENT_GFX_MAN_5",
      "x": 45,
      "y": 20,
      "elevation": 3,
      "movement_type": "MOVEMENT_TYPE_FACE_DOWN_AND_RIGHT",
      "movement_range_x": 0,
      "movement_range_y": 0,
      "trainer_type": "TRAINER_TYPE_NONE",
      "trainer_sight_or_berry_tree_id": "0",
      "script": "NorthstarCity_Guitarist",
      "flag": "0"
    },
    {
      "graphics_id": "OBJ_EVENT_GFX_FAT_MAN",
      "x": 49,
      "y": 46,
      "elevation": 3,
      "movement_type": "MOVEMENT_TYPE_NONE",
      "movement_range_x": 0,
      "movement_range_y": 0,
      "trainer_type": "TRAINER_TYPE_NONE",
      "trainer_sight_or_berry_tree_id": "0",
      "script": "NorthstarCity_Fat_Man",
      "flag": "0"
    },
    {
      "graphics_id": "OBJ_EVENT_GFX_AQUA_MEMBER_M",
      "x": 58,
      "y": 41,
      "elevation": 3,
      "movement_type": "MOVEMENT_TYPE_FACE_RIGHT",
      "movement_range_x": 0,
      "movement_range_y": 0,
      "trainer_type": "TRAINER_TYPE_NONE",
      "trainer_sight_or_berry_tree_id": "0",
      "script": "NorthstarCity_SUBO_2",
      "flag": "FLAG_NORTHSTAR_TOURNAMENT_REST"
    },
    {
      "graphics_id": "OBJ_EVENT_GFX_OLD_MAN",
      "x": 65,
      "y": 40,
      "elevation": 3,
      "movement_type": "MOVEMENT_TYPE_LOOK_AROUND",
      "movement_range_x": 0,
      "movement_range_y": 0,
      "trainer_type": "TRAINER_TYPE_NONE",
      "trainer_sight_or_berry_tree_id": "0",
      "script": "NorthstarCity_Old_Man_2",
      "flag": "0"
    },
    {
      "graphics_id": "OBJ_EVENT_GFX_SAILOR",
      "x": 66,
      "y": 53,
      "elevation": 3,
      "movement_type": "MOVEMENT_TYPE_NONE",
      "movement_range_x": 0,
      "movement_range_y": 0,
      "trainer_type": "TRAINER_TYPE_NONE",
      "trainer_sight_or_berry_tree_id": "0",
      "script": "NULL",
      "flag": "FLAG_HIDE_NORTHSTAR_CITY_SAILOR_NEW"
    },
    {
      "graphics_id": "OBJ_EVENT_GFX_MAN_3",
      "x": 65,
      "y": 54,
      "elevation": 3,
      "movement_type": "MOVEMENT_TYPE_WANDER_LEFT_AND_RIGHT",
      "movement_range_x": 0,
      "movement_range_y": 0,
      "trainer_type": "TRAINER_TYPE_NONE",
      "trainer_sight_or_berry_tree_id": "0",
      "script": "NorthstarCity_Ace_Trainer",
      "flag": "FLAG_NORTHSTAR_TOURNAMENT_REST"
    },
    {
      "graphics_id": "OBJ_EVENT_GFX_GIRL_2",
      "x": 73,
      "y": 44,
      "elevation": 3,
      "movement_type": "MOVEMENT_TYPE_WANDER_LEFT_AND_RIGHT",
      "movement_range_x": 0,
      "movement_range_y": 0,
      "trainer_type": "TRAINER_TYPE_NONE",
      "trainer_sight_or_berry_tree_id": "0",
      "script": "NorthstarCity_Girl",
      "flag": "0"
    },
    {
      "graphics_id": "OBJ_EVENT_GFX_POKEFAN_M",
      "x": 70,
      "y": 24,
      "elevation": 3,
      "movement_type": "MOVEMENT_TYPE_WANDER_UP_AND_DOWN",
      "movement_range_x": 0,
      "movement_range_y": 0,
      "trainer_type": "TRAINER_TYPE_NONE",
      "trainer_sight_or_berry_tree_id": "0",
      "script": "NorthstarCity_PokeFan_M",
      "flag": "0"
    },
    {
      "graphics_id": "OBJ_EVENT_GFX_ITEM_BALL",
      "x": 79,
      "y": 13,
      "elevation": 3,
      "movement_type": "MOVEMENT_TYPE_NONE",
      "movement_range_x": 0,
      "movement_range_y": 0,
      "trainer_type": "TRAINER_TYPE_NONE",
      "trainer_sight_or_berry_tree_id": "0",
      "script": "NorthstarCity_EventScript_ItemMaxRepel",
      "flag": "FLAG_ITEM_NORTHSTAR_CITY_MAX_REPEL"
    },
    {
      "graphics_id": "OBJ_EVENT_GFX_WOMAN_3",
      "x": 70,
      "y": 57,
      "elevation": 3,
      "movement_type": "MOVEMENT_TYPE_FACE_DOWN_AND_RIGHT",
      "movement_range_x": 0,
      "movement_range_y": 0,
      "trainer_type": "TRAINER_TYPE_NONE",
      "trainer_sight_or_berry_tree_id": "0",
      "script": "NorthstarCity_Woman_3",
      "flag": "0"
    },
    {
      "graphics_id": "OBJ_EVENT_GFX_FISHERMAN",
      "x": 79,
      "y": 39,
      "elevation": 3,
      "movement_type": "MOVEMENT_TYPE_FACE_RIGHT",
      "movement_range_x": 0,
      "movement_range_y": 0,
      "trainer_type": "TRAINER_TYPE_NONE",
      "trainer_sight_or_berry_tree_id": "0",
      "script": "NorthstarCity_Fisherman",
      "flag": "0"
    },
    {
      "graphics_id": "OBJ_EVENT_GFX_SAILOR",
      "x": 79,
      "y": 35,
      "elevation": 3,
      "movement_type": "MOVEMENT_TYPE_FACE_RIGHT",
      "movement_range_x": 0,
      "movement_range_y": 0,
      "trainer_type": "TRAINER_TYPE_NONE",
      "trainer_sight_or_berry_tree_id": "0",
      "script": "NorthstarCity_Sailor_1",
      "flag": "0"
    },
    {
      "graphics_id": "OBJ_EVENT_GFX_SAILOR",
      "x": 82,
      "y": 29,
      "elevation": 3,
      "movement_type": "MOVEMENT_TYPE_NONE",
      "movement_range_x": 0,
      "movement_range_y": 0,
      "trainer_type": "TRAINER_TYPE_NONE",
      "trainer_sight_or_berry_tree_id": "0",
      "script": "NorthstarCity_Sailor_5",
      "flag": "0"
    },
    {
      "graphics_id": "OBJ_EVENT_GFX_SAILOR",
      "x": 79,
      "y": 19,
      "elevation": 3,
      "movement_type": "MOVEMENT_TYPE_WALK_UP_AND_DOWN",
      "movement_range_x": 1,
      "movement_range_y": 1,
      "trainer_type": "TRAINER_TYPE_NONE",
      "trainer_sight_or_berry_tree_id": "0",
      "script": "NorthstarCity_Sailor_3",
      "flag": "0"
    },
    {
      "graphics_id": "OBJ_EVENT_GFX_SAILOR",
      "x": 87,
      "y": 19,
      "elevation": 3,
      "movement_type": "MOVEMENT_TYPE_WALK_SEQUENCE_UP_LEFT_RIGHT_DOWN",
      "movement_range_x": 1,
      "movement_range_y": 1,
      "trainer_type": "TRAINER_TYPE_NONE",
      "trainer_sight_or_berry_tree_id": "0",
      "script": "NorthstarCity_Sailor_4",
      "flag": "0"
    },
    {
      "graphics_id": "OBJ_EVENT_GFX_GENTLEMAN",
      "x": 88,
      "y": 27,
      "elevation": 3,
      "movement_type": "MOVEMENT_TYPE_WANDER_LEFT_AND_RIGHT",
      "movement_range_x": 0,
      "movement_range_y": 0,
      "trainer_type": "TRAINER_TYPE_NONE",
      "trainer_sight_or_berry_tree_id": "0",
      "script": "LilycoveCity_EventScript_BerryGentleman",
      "flag": "0"
    },
    {
      "graphics_id": "OBJ_EVENT_GFX_SS_TIDAL",
      "x": 87,
      "y": 40,
      "elevation": 3,
      "movement_type": "MOVEMENT_TYPE_NONE",
      "movement_range_x": 0,
      "movement_range_y": 0,
      "trainer_type": "TRAINER_TYPE_NONE",
      "trainer_sight_or_berry_tree_id": "0",
      "script": "NULL",
      "flag": "0"
    },
    {
      "graphics_id": "OBJ_EVENT_GFX_SAILOR",
      "x": 93,
      "y": 36,
      "elevation": 3,
      "movement_type": "MOVEMENT_TYPE_NONE",
      "movement_range_x": 0,
      "movement_range_y": 0,
      "trainer_type": "TRAINER_TYPE_NONE",
      "trainer_sight_or_berry_tree_id": "0",
      "script": "NorthstarCity_Sailor_Boat",
      "flag": "FLAG_HIDE_NORTHSTAR_CITY_SAILOR_TWO"
    },
    {
      "graphics_id": "OBJ_EVENT_GFX_MR_BRINEYS_BOAT",
      "x": 94,
      "y": 36,
      "elevation": 3,
      "movement_type": "MOVEMENT_TYPE_NONE",
      "movement_range_x": 0,
      "movement_range_y": 0,
      "trainer_type": "TRAINER_TYPE_NONE",
      "trainer_sight_or_berry_tree_id": "0",
      "script": "NULL",
      "flag": "FLAG_HIDE_NORTHSTAR_CITY_SAILOR_TWO"
    },
    {
      "graphics_id": "OBJ_EVENT_GFX_SS_TIDAL",
      "x": 97,
      "y": 41,
      "elevation": 3,
      "movement_type": "MOVEMENT_TYPE_NONE",
      "movement_range_x": 0,
      "movement_range_y": 0,
      "trainer_type": "TRAINER_TYPE_NONE",
      "trainer_sight_or_berry_tree_id": "0",
      "script": "NULL",
      "flag": "0"
    },
    {
      "graphics_id": "OBJ_EVENT_GFX_SS_TIDAL",
      "x": 97,
      "y": 44,
      "elevation": 3,
      "movement_type": "MOVEMENT_TYPE_NONE",
      "movement_range_x": 0,
      "movement_range_y": 0,
      "trainer_type": "TRAINER_TYPE_NONE",
      "trainer_sight_or_berry_tree_id": "0",
      "script": "NULL",
      "flag": "0"
    },
    {
      "graphics_id": "OBJ_EVENT_GFX_SS_TIDAL",
      "x": 108,
      "y": 45,
      "elevation": 3,
      "movement_type": "MOVEMENT_TYPE_NONE",
      "movement_range_x": 0,
      "movement_range_y": 0,
      "trainer_type": "TRAINER_TYPE_NONE",
      "trainer_sight_or_berry_tree_id": "0",
      "script": "NULL",
      "flag": "0"
    },
    {
      "graphics_id": "OBJ_EVENT_GFX_AQUA_MEMBER_M",
      "x": 92,
      "y": 43,
      "elevation": 3,
      "movement_type": "MOVEMENT_TYPE_LOOK_AROUND",
      "movement_range_x": 0,
      "movement_range_y": 0,
      "trainer_type": "TRAINER_TYPE_NONE",
      "trainer_sight_or_berry_tree_id": "0",
      "script": "NorthstarCity_SUBO_3",
      "flag": "FLAG_NORTHSTAR_TOURNAMENT_REST"
    },
    {
      "graphics_id": "OBJ_EVENT_GFX_SAILOR",
      "x": 103,
      "y": 46,
      "elevation": 3,
      "movement_type": "MOVEMENT_TYPE_FACE_LEFT",
      "movement_range_x": 0,
      "movement_range_y": 0,
      "trainer_type": "TRAINER_TYPE_NONE",
      "trainer_sight_or_berry_tree_id": "0",
      "script": "NorthstarCity_Sailor_2",
      "flag": "0"
    },
    {
      "graphics_id": "OBJ_EVENT_GFX_AQUA_MEMBER_M",
      "x": 104,
      "y": 26,
      "elevation": 3,
      "movement_type": "MOVEMENT_TYPE_NONE",
      "movement_range_x": 0,
      "movement_range_y": 0,
      "trainer_type": "TRAINER_TYPE_NONE",
      "trainer_sight_or_berry_tree_id": "0",
      "script": "NULL",
      "flag": "FLAG_HIDE_NORTHSTAR_CITY_SUBO_GOV"
    },
    {
      "graphics_id": "OBJ_EVENT_GFX_DEVON_EMPLOYEE",
      "x": 104,
      "y": 27,
      "elevation": 3,
      "movement_type": "MOVEMENT_TYPE_FACE_UP",
      "movement_range_x": 0,
      "movement_range_y": 0,
      "trainer_type": "TRAINER_TYPE_NONE",
      "trainer_sight_or_berry_tree_id": "0",
      "script": "NULL",
      "flag": "FLAG_HIDE_NORTHSTAR_CITY_SUBO_GOV"
    },
    {
      "graphics_id": "OBJ_EVENT_GFX_AQUA_MEMBER_M",
      "x": 104,
      "y": 28,
      "elevation": 3,
      "movement_type": "MOVEMENT_TYPE_FACE_UP",
      "movement_range_x": 0,
      "movement_range_y": 0,
      "trainer_type": "TRAINER_TYPE_NONE",
      "trainer_sight_or_berry_tree_id": "0",
      "script": "NULL",
      "flag": "FLAG_HIDE_NORTHSTAR_CITY_SUBO_GOV"
    },
    {
      "graphics_id": "OBJ_EVENT_GFX_BURIED_ITEM_BALL",
      "x": 50,
      "y": 6,
      "elevation": 0,
      "movement_type": "MOVEMENT_TYPE_NONE",
      "movement_range_x": 0,
      "movement_range_y": 0,
      "trainer_type": "TRAINER_TYPE_NONE",
      "trainer_sight_or_berry_tree_id": "0",
      "script": "NorthstarCity_EventScript_Zinc",
      "flag": "FLAG_NORTHSTAR_CITY_ZINC"
    },
    {
      "graphics_id": "OBJ_EVENT_GFX_LIGHTHOUSE_1",
      "x": 106,
      "y": 28,
      "elevation": -1,
      "movement_type": "MOVEMENT_TYPE_NONE",
      "movement_range_x": 0,
      "movement_range_y": 0,
      "trainer_type": "TRAINER_TYPE_NONE",
      "trainer_sight_or_berry_tree_id": "0",
      "script": "NULL",
      "flag": "0"
    },
    {
      "graphics_id": "OBJ_EVENT_GFX_LIGHTHOUSE_2",
      "x": 106,
      "y": 24,
      "elevation": 0,
      "movement_type": "MOVEMENT_TYPE_NONE",
      "movement_range_x": 0,
      "movement_range_y": 0,
      "trainer_type": "TRAINER_TYPE_NONE",
      "trainer_sight_or_berry_tree_id": "0",
      "script": "NULL",
      "flag": "0"
    },
    {
      "graphics_id": "OBJ_EVENT_GFX_ANTENNAE",
      "x": 68,
      "y": 33,
      "elevation": 0,
      "movement_type": "MOVEMENT_TYPE_NONE",
      "movement_range_x": 0,
      "movement_range_y": 0,
      "trainer_type": "TRAINER_TYPE_NONE",
      "trainer_sight_or_berry_tree_id": "0",
      "script": "NULL",
      "flag": "0"
    },
    {
      "graphics_id": "OBJ_EVENT_GFX_ANTENNAE",
      "x": 54,
      "y": 51,
      "elevation": 0,
      "movement_type": "MOVEMENT_TYPE_NONE",
      "movement_range_x": 0,
      "movement_range_y": 0,
      "trainer_type": "TRAINER_TYPE_NONE",
      "trainer_sight_or_berry_tree_id": "0",
      "script": "NULL",
      "flag": "0"
    },
    {
      "graphics_id": "OBJ_EVENT_GFX_ANTENNAE",
      "x": 27,
      "y": 51,
      "elevation": 0,
      "movement_type": "MOVEMENT_TYPE_NONE",
      "movement_range_x": 0,
      "movement_range_y": 0,
      "trainer_type": "TRAINER_TYPE_NONE",
      "trainer_sight_or_berry_tree_id": "0",
      "script": "NULL",
      "flag": "0"
    },
    {
      "graphics_id": "OBJ_EVENT_GFX_SWINGS",
      "x": 27,
      "y": 6,
      "elevation": 0,
      "movement_type": "MOVEMENT_TYPE_NONE",
      "movement_range_x": 0,
      "movement_range_y": 0,
      "trainer_type": "TRAINER_TYPE_NONE",
      "trainer_sight_or_berry_tree_id": "0",
      "script": "NULL",
      "flag": "0"
    },
    {
      "graphics_id": "OBJ_EVENT_GFX_NORTHSTAR_BOAT",
      "x": 83,
      "y": 33,
      "elevation": 0,
      "movement_type": "MOVEMENT_TYPE_FACE_SEQUENCE_DOWN_UP_LEFT",
      "movement_range_x": 0,
      "movement_range_y": 0,
      "trainer_type": "TRAINER_TYPE_NONE",
      "trainer_sight_or_berry_tree_id": "0",
      "script": "NULL",
      "flag": "0"
    },
    {
      "graphics_id": "OBJ_EVENT_GFX_NORTHSTAR_BOAT",
      "x": 91,
      "y": 33,
      "elevation": 0,
      "movement_type": "MOVEMENT_TYPE_FACE_SEQUENCE_DOWN_UP_LEFT",
      "movement_range_x": 0,
      "movement_range_y": 0,
      "trainer_type": "TRAINER_TYPE_NONE",
      "trainer_sight_or_berry_tree_id": "0",
      "script": "NULL",
      "flag": "0"
    },
    {
      "graphics_id": "OBJ_EVENT_GFX_NORTHSTAR_BOAT",
      "x": 99,
      "y": 33,
      "elevation": 0,
      "movement_type": "MOVEMENT_TYPE_FACE_SEQUENCE_DOWN_UP_LEFT",
      "movement_range_x": 0,
      "movement_range_y": 0,
      "trainer_type": "TRAINER_TYPE_NONE",
      "trainer_sight_or_berry_tree_id": "0",
      "script": "NULL",
      "flag": "0"
    },
    {
      "graphics_id": "OBJ_EVENT_GFX_WALREIN",
      "x": 20,
      "y": 59,
      "elevation": 0,
      "movement_type": "MOVEMENT_TYPE_NONE",
      "movement_range_x": 0,
      "movement_range_y": 0,
      "trainer_type": "TRAINER_TYPE_NONE",
      "trainer_sight_or_berry_tree_id": "0",
      "script": "NULL",
      "flag": "0"
    },
    {
      "graphics_id": "OBJ_EVENT_GFX_SPHEAL",
      "x": 22,
      "y": 58,
      "elevation": 0,
      "movement_type": "MOVEMENT_TYPE_NONE",
      "movement_range_x": 0,
      "movement_range_y": 0,
      "trainer_type": "TRAINER_TYPE_NONE",
      "trainer_sight_or_berry_tree_id": "0",
      "script": "NULL",
      "flag": "0"
    },
    {
      "graphics_id": "OBJ_EVENT_GFX_SPHEAL",
      "x": 23,
      "y": 59,
      "elevation": 0,
      "movement_type": "MOVEMENT_TYPE_NONE",
      "movement_range_x": 0,
      "movement_range_y": 0,
      "trainer_type": "TRAINER_TYPE_NONE",
      "trainer_sight_or_berry_tree_id": "0",
      "script": "NULL",
      "flag": "0"
    },
    {
      "graphics_id": "OBJ_EVENT_GFX_SPHEAL",
      "x": 18,
      "y": 59,
      "elevation": 0,
      "movement_type": "MOVEMENT_TYPE_NONE",
      "movement_range_x": 0,
      "movement_range_y": 0,
      "trainer_type": "TRAINER_TYPE_NONE",
      "trainer_sight_or_berry_tree_id": "0",
      "script": "NULL",
      "flag": "0"
    },
    {
      "graphics_id": "OBJ_EVENT_GFX_TEALA",
      "x": 64,
      "y": 52,
      "elevation": 0,
      "movement_type": "MOVEMENT_TYPE_NONE",
      "movement_range_x": 0,
      "movement_range_y": 0,
      "trainer_type": "TRAINER_TYPE_NONE",
      "trainer_sight_or_berry_tree_id": "0",
      "script": "NorthstarCity_Receptionist",
      "flag": "FLAG_NORTHSTAR_LIGHTHOUSE_COMPLETE"
    },
    {
      "graphics_id": "OBJ_EVENT_GFX_TEALA",
      "x": 68,
      "y": 52,
      "elevation": 0,
      "movement_type": "MOVEMENT_TYPE_NONE",
      "movement_range_x": 0,
      "movement_range_y": 0,
      "trainer_type": "TRAINER_TYPE_NONE",
      "trainer_sight_or_berry_tree_id": "0",
      "script": "NorthstarCity_Receptionist",
      "flag": "FLAG_NORTHSTAR_LIGHTHOUSE_COMPLETE"
    }
  ],
  "warp_events": [
    {
      "x": 21,
      "y": 45,
      "elevation": 3,
      "dest_map": "MAP_NORTHSTAR_CITY_POKEMON_CENTER_1F",
      "dest_warp_id": "1"
    },
    {
      "x": 7,
      "y": 47,
      "elevation": 3,
      "dest_map": "MAP_NORTHSTAR_CITY_INTERLINK",
      "dest_warp_id": "3"
    },
    {
      "x": 7,
      "y": 48,
      "elevation": 3,
      "dest_map": "MAP_NORTHSTAR_CITY_INTERLINK",
      "dest_warp_id": "4"
    },
    {
      "x": 7,
      "y": 49,
      "elevation": 3,
      "dest_map": "MAP_NORTHSTAR_CITY_INTERLINK",
      "dest_warp_id": "5"
    },
    {
      "x": 37,
      "y": 42,
      "elevation": 3,
      "dest_map": "MAP_NORTHSTAR_CITY_APARTMENTS",
      "dest_warp_id": "1"
    },
    {
      "x": 38,
      "y": 42,
      "elevation": 3,
      "dest_map": "MAP_NORTHSTAR_CITY_APARTMENTS",
      "dest_warp_id": "2"
    },
    {
      "x": 36,
      "y": 10,
      "elevation": 3,
      "dest_map": "MAP_NORTHSTAR_CITY_HOUSE1",
      "dest_warp_id": "1"
    },
    {
      "x": 47,
      "y": 28,
      "elevation": 3,
      "dest_map": "MAP_NORTHSTAR_CITY_HOUSE2",
      "dest_warp_id": "0"
    },
    {
      "x": 71,
      "y": 41,
      "elevation": 3,
      "dest_map": "MAP_NORTHSTAR_CITY_HOUSE3",
      "dest_warp_id": "0"
    },
    {
      "x": 35,
      "y": 28,
      "elevation": 3,
      "dest_map": "MAP_NORTHSTAR_CITY_TRAINER_SCHOOL",
      "dest_warp_id": "0"
    },
    {
      "x": 56,
      "y": 22,
      "elevation": 3,
      "dest_map": "MAP_NORTHSTAR_CITY_STORAGE_FACILITY",
      "dest_warp_id": "0"
    },
    {
      "x": 64,
      "y": 51,
      "elevation": 3,
      "dest_map": "MAP_NORTHSTAR_CITY_TOURNAMENT_1F",
      "dest_warp_id": "1"
    },
    {
      "x": 68,
      "y": 51,
      "elevation": 3,
      "dest_map": "MAP_NORTHSTAR_CITY_TOURNAMENT_1F",
      "dest_warp_id": "2"
    },
    {
      "x": 52,
      "y": 29,
      "elevation": 3,
      "dest_map": "MAP_NORTHSTAR_CITY_MART",
      "dest_warp_id": "0"
    },
    {
      "x": 79,
      "y": 26,
      "elevation": 3,
      "dest_map": "MAP_NORTHSTAR_CITY_SHIPPING_CENTER",
      "dest_warp_id": "0"
    },
    {
      "x": 106,
      "y": 28,
      "elevation": 3,
      "dest_map": "MAP_NORTHSTAR_CITY_LIGHTHOUSE",
      "dest_warp_id": "0"
    },
    {
      "x": 92,
      "y": 36,
      "elevation": 0,
      "dest_map": "MAP_NORTHSTAR_CITY",
      "dest_warp_id": "0"
    }
  ],
  "coord_events": [
    {
      "type": "trigger",
      "x": 100,
      "y": 26,
      "elevation": 0,
      "var": "VAR_STORYLINE_STATE",
      "var_value": "25",
      "script": "NorthstarCity_Storyline_SUBO"
    },
    {
      "type": "trigger",
      "x": 100,
      "y": 27,
      "elevation": 0,
      "var": "VAR_STORYLINE_STATE",
      "var_value": "25",
      "script": "NorthstarCity_Storyline_SUBO"
    },
    {
      "type": "trigger",
      "x": 100,
      "y": 28,
      "elevation": 0,
      "var": "VAR_STORYLINE_STATE",
      "var_value": "25",
      "script": "NorthstarCity_Storyline_SUBO"
    }
  ],
  "bg_events": [
    {
      "type": "sign",
      "x": 10,
      "y": 46,
      "elevation": 0,
      "player_facing_dir": "BG_EVENT_PLAYER_FACING_ANY",
      "script": "NorthstarCity_Sign"
    },
    {
      "type": "sign",
      "x": 11,
      "y": 46,
      "elevation": 0,
      "player_facing_dir": "BG_EVENT_PLAYER_FACING_ANY",
      "script": "NorthstarCity_Sign"
    },
    {
      "type": "sign",
      "x": 69,
      "y": 52,
      "elevation": 0,
      "player_facing_dir": "BG_EVENT_PLAYER_FACING_ANY",
      "script": "NorthstarCity_Tournament_Sign"
    },
    {
      "type": "sign",
      "x": 63,
      "y": 52,
      "elevation": 0,
      "player_facing_dir": "BG_EVENT_PLAYER_FACING_ANY",
      "script": "NorthstarCity_Tournament_Sign"
    },
    {
      "type": "hidden_item",
      "x": 22,
      "y": 33,
      "elevation": 3,
      "item": "ITEM_ULTRA_BALL",
      "flag": "FLAG_HIDDEN_ITEM_NORTHSTAR_CITY_ULTRA_BALL"
    },
    {
      "type": "hidden_item",
      "x": 65,
      "y": 29,
      "elevation": 3,
      "item": "ITEM_FULL_HEAL",
      "flag": "FLAG_HIDDEN_ITEM_NORTHSTAR_CITY_FULL_HEAL"
    },
    {
      "type": "hidden_item",
      "x": 75,
      "y": 28,
      "elevation": 3,
      "item": "ITEM_SNOWBALL",
      "flag": "FLAG_HIDDEN_ITEM_NORTHSTAR_CITY_SNOWBALL"
    }
  ]
}
