<?xml version="1.0" encoding="UTF-8"?>
<files>
  <file name="CTWSB.png" source="original">
    <mtime>1756267716</mtime>
    <size>58982</size>
    <md5>0b0233e2cf58cd33922efec8244f9ec7</md5>
    <crc32>6e9fba53</crc32>
    <sha1>0e82d3293c5896dd346175d243bcbe3a9797a240</sha1>
    <format>PNG</format>
  </file>
  <file name="CTWSB_thumb.jpg" source="derivative">
    <format>JPEG Thumb</format>
    <original>CTWSB.png</original>
    <mtime>1756269265</mtime>
    <size>7348</size>
    <md5>89ba6023cb1c0cf915a8610fc7e1f24c</md5>
    <crc32>f4f4deef</crc32>
    <sha1>7054c2fe7bde476ddd1823d79a0ec513f38d586b</sha1>
  </file>
  <file name="CTWSC.png" source="original">
    <mtime>1756267720</mtime>
    <size>8816</size>
    <md5>190aae85e8c5c2e4817003995eeeaeb2</md5>
    <crc32>d7d15e80</crc32>
    <sha1>4d46f51aa44701ad4b24af4d84ec7f4040f40815</sha1>
    <format>PNG</format>
  </file>
  <file name="CTWSC_thumb.jpg" source="derivative">
    <format>JPEG Thumb</format>
    <original>CTWSC.png</original>
    <mtime>1756269273</mtime>
    <size>4882</size>
    <md5>a01c09b3fccc6d26b3ff81e7d0b636d2</md5>
    <crc32>c012985a</crc32>
    <sha1>2c86fd4b5def792862b2e53a3ed253ae52566c2f</sha1>
  </file>
  <file name="CTWSD.png" source="original">
    <mtime>1756267724</mtime>
    <size>51193</size>
    <md5>b23f40bb2e3d1f998c47e691bb8306c2</md5>
    <crc32>d64c9f37</crc32>
    <sha1>40359b232e1ab6d97b8c96a2556f3836e2b1b493</sha1>
    <format>PNG</format>
  </file>
  <file name="CTWSD_thumb.jpg" source="derivative">
    <format>JPEG Thumb</format>
    <original>CTWSD.png</original>
    <mtime>1756269283</mtime>
    <size>8055</size>
    <md5>301fcd5de7e11ec8998f6a43fc5c900f</md5>
    <crc32>e3c7a87c</crc32>
    <sha1>09eb7935b82b511c0d4fb582afe0305b6e859f2d</sha1>
  </file>
  <file name="Clock Tower WonderSwan English Teaser.png" source="original">
    <mtime>1756267712</mtime>
    <size>35590</size>
    <md5>9319724e9c853c6544c2bd49e8099859</md5>
    <crc32>0e852741</crc32>
    <sha1>d29ed9e3b5265048f7c565d4c441dd418e0aa2dc</sha1>
    <format>PNG</format>
  </file>
  <file name="Clock Tower WonderSwan English Teaser_thumb.jpg" source="derivative">
    <format>JPEG Thumb</format>
    <original>Clock Tower WonderSwan English Teaser.png</original>
    <mtime>1756269251</mtime>
    <size>5711</size>
    <md5>75a1320966ea9b4c4b5e8b2c77b7c25c</md5>
    <crc32>0e901028</crc32>
    <sha1>22848966b7726677a00a51aabf49cd3c225e64ee</sha1>
  </file>
  <file name="Clock Tower for WonderSwan (English V1-1).ips" source="original">
    <mtime>1756267690</mtime>
    <size>186997</size>
    <md5>e09f3d669c18b890d2bdd1ea73d69bae</md5>
    <crc32>4a2255dd</crc32>
    <sha1>3e7352e609b66fdd3a5738a20d4c21098c197827</sha1>
    <format>Unknown</format>
    <viruscheck>1756268135</viruscheck>
  </file>
  <file name="Readme.txt" source="original">
    <mtime>1756267730</mtime>
    <size>707</size>
    <md5>b2e545588c7d181bdcaa918bc520be2b</md5>
    <crc32>d501666c</crc32>
    <sha1>0cd1e4f0e5f88df68ea494ef8ece5f717d474a15</sha1>
    <format>Text</format>
    <viruscheck>1756268135</viruscheck>
  </file>
  <file name="__ia_thumb.jpg" source="original">
    <mtime>1756267800</mtime>
    <size>7105</size>
    <md5>ea69d678e0eedf2c15c7c1ff05af4594</md5>
    <crc32>15e05fb6</crc32>
    <sha1>dc465c089b9ed88f6599b31d247cd1fbec446635</sha1>
    <format>Item Tile</format>
  </file>
  <file name="clock-tower-for-wonder-swan-english-v-1-1_archive.torrent" source="metadata">
    <btih>e256aea1bc3ad7d198fbeca5145c4ceee42d1c31</btih>
    <mtime>1756269422</mtime>
    <size>4323</size>
    <md5>6bde725bff26f09c959cfe7de067952f</md5>
    <crc32>bf86a474</crc32>
    <sha1>f6cf221f67065daf2a71d40e8e5eba14300d4f5a</sha1>
    <format>Archive BitTorrent</format>
  </file>
  <file name="clock-tower-for-wonder-swan-english-v-1-1_files.xml" source="original">
    <format>Metadata</format>
    <md5>faab73002a441127adf8c84866a4bd9f</md5>
    <summation>md5</summation>
  </file>
  <file name="clock-tower-for-wonder-swan-english-v-1-1_meta.sqlite" source="original">
    <mtime>1756267760</mtime>
    <size>57344</size>
    <md5>fcfd01be0a49fc32dd043b2f10189401</md5>
    <crc32>c9a13b79</crc32>
    <sha1>11761cac877b00e97e20c2ea615d7bc2cc7bdd94</sha1>
    <format>Metadata</format>
  </file>
  <file name="clock-tower-for-wonder-swan-english-v-1-1_meta.xml" source="original">
    <mtime>1756269421</mtime>
    <size>2800</size>
    <md5>7d5e173384ceac2e00f03e1a30c28332</md5>
    <crc32>43efcdd6</crc32>
    <sha1>413c0d3216059f60c97472685014e9ddb5f2a6c8</sha1>
    <format>Metadata</format>
  </file>
  <file name="image (2).png" source="original">
    <mtime>1756267726</mtime>
    <size>21132</size>
    <md5>d7e8f3bdcb3bc6b0f2dd5db575ce488e</md5>
    <crc32>b99deb6e</crc32>
    <sha1>002405a40f029a8022f94372c5570eb61d86864c</sha1>
    <format>PNG</format>
  </file>
  <file name="image (2)_thumb.jpg" source="derivative">
    <format>JPEG Thumb</format>
    <original>image (2).png</original>
    <mtime>1756269290</mtime>
    <size>8410</size>
    <md5>6d25c65c5fbd6fd243a54c5a48bc9744</md5>
    <crc32>74f0b98d</crc32>
    <sha1>829fbaef54be16974024cbdc320f87e62ee73222</sha1>
  </file>
  <file name="image.png" source="original">
    <mtime>1756267728</mtime>
    <size>12517</size>
    <md5>8315496c2e714808d1dd1eb4e799a5f3</md5>
    <crc32>1fc9873d</crc32>
    <sha1>a47233d633a50a58c8b41997130127232f85a531</sha1>
    <format>PNG</format>
  </file>
  <file name="image_thumb.jpg" source="derivative">
    <format>JPEG Thumb</format>
    <original>image.png</original>
    <mtime>1756269300</mtime>
    <size>7881</size>
    <md5>1d1f4c9dd1623e81005e58b9ffc8fb7d</md5>
    <crc32>24fb0112</crc32>
    <sha1>4337fde98793eb05cd7ddfdc7c50cc7539c16b93</sha1>
  </file>
</files>
