<?xml version="1.0" encoding="UTF-8"?>
<metadata>
  <identifier>clock-tower-for-wonder-swan-english-v-1-1</identifier>
  <mediatype>data</mediatype>
  <collection>opensource_media</collection>
  <creator>Human Entertainment, Naxat, BobSchneeder45</creator>
  <date>2025-08-26</date>
  <description>Team C.U.T.S. presents a surprise release for the last official port of the first Clock Tower game!&lt;br /&gt;Clock Tower originally released in 1995 for the Super Famicom system.&lt;br /&gt;The survival horror cult-classic has seen ports for Windows 95 in 1997,&lt;br /&gt;The PlayStation port also saw release in 1997,&lt;br /&gt;Finally, a port released in 1999 for the Bandai WonderSwan.&lt;br /&gt;Over the years, English fan translations have released for all ports of Clock Tower, except for one...&lt;br /&gt;Thanks to BobSchneeder45 (Clock Tower Deluxe &amp;amp; Clock Tower: Rewind mode) the possibility is now a reality!&lt;br /&gt;Presenting an English fan patch for Clock Tower WonderSwan!&lt;br /&gt;Tested &amp;amp; working, this patch is based off of the SFC Aeon Genesis patch, with tweaks to match Rewind terminology!&lt;br /&gt;You must have your own copy of the game in order to apply the patch to the ROM.&lt;br /&gt;A ROM is not provided in this zip.&lt;br /&gt;Thank you Bob for creating this patch! Enjoy this unique port of Clock Tower translated in English right now!&lt;br /&gt;&lt;br /&gt;Follow Team C.U.T.S. for more on all things Clock Tower:&lt;br /&gt;https://x.com/thefirstfear&lt;br /&gt;https://bsky.app/profile/thefirstfear.bsky.social&lt;br /&gt;https://www.youtube.com/@thefirstfear/videos&lt;br /&gt;https://www.redbubble.com/people/TeamCUTS/explore?asc=u&amp;amp;page=1&amp;amp;sortOrder=recent&lt;br /&gt;&lt;br /&gt;This patch is not being sold for profit. This patch is not associated with, affiliated with, or endorsed by Sunsoft, Capcom, WayForward, or Limited Run Games.&lt;br /&gt;All Rights belong to the original rights holders.</description>
  <language>eng</language>
  <scanner>Internet Archive HTML5 Uploader 1.7.0</scanner>
  <subject>wonderswan</subject>
  <subject>clock</subject>
  <subject>tower</subject>
  <subject>retro</subject>
  <subject>horror</subject>
  <subject>game</subject>
  <subject>english</subject>
  <subject>fan</subject>
  <subject>translation</subject>
  <subject>patch</subject>
  <subject>ワンダースワン</subject>
  <subject>クロックタワー</subject>
  <title>Clock Tower for WonderSwan (English Fan Patch V.1.1)</title>
  <uploader>cradleunderthestar@gmail.com</uploader>
  <publicdate>2025-08-27 04:08:39</publicdate>
  <addeddate>2025-08-27 04:08:39</addeddate>
  <curation>[curator]validator@archive.org[/curator][date]20250827041535[/date][comment]checked for malware[/comment]</curation>
</metadata>
