0	\c(0)を倒した	\c(0) defeated.
1	\c(0)の攻撃力が上がった	\c(0)'s attack power up.
2	\c(0)の攻撃力がかなり上がった	\c(0)'s attack power way up.
3	\c(0)の防御力が上がった	\c(0)'s defense power up.
4	\c(0)の防御力がかなり上がった	\c(0)'s defense power way up.
5	\c(0)の行動力が上がった	\c(0)'s speed up.
6	\c(0)の行動力がかなり上がった	\c(0)'s speed way up.
7	\c(0)のブレイク防御力が上がった	\c(0)'s break guard up.
8	\c(0)のブレイク防御力がかなり上がった	\c(0)'s break guard way up.
9	\c(0)のブレイク攻撃力が上がった	\c(0)'s break attack up.
10	\c(0)のブレイク攻撃力がかなり上がった	\c(0)'s break attack way up.
11	\c(0)のＨＰが少しずつ回復していく	\c(0)'s HP is recovering steadily.
12	\c(0)のＨＰがみるみる回復していく	\c(0)'s HP is recovering fast.
13	\c(0)のブレイクゲージが少しづく回復していく	\c(0)'s break gauge is recovering.
14	\c(0)のブレイクゲージがみるみる回復していく	\c(0)'s break gauge is recovering fast.
15	\c(0)の拳にＨＰ吸収効果がついた	\c(0)'s fist has HP drain effect.
16	\c(0)の状態異常がすべて回復した	\c(0) recovered from bad statuses.
17	\c(0)の次の一撃の威力がアップ	\c(0)'s next attack power is up.
18	\c(0)の次の一撃の威力がアップ	\c(0)'s next attack power is up.
19	\c(0)の次の攻撃力が増加した	\c(0)'s next attack power increased.
20	\c(0)の次に受けるダメージを無効化した	\c(0) will ignore the next attack.
21	\c(0)は無敵になった	\c(0) is invincible.
22	\c(0)の防御力が上がり、ＨＰがみるみる回復していく	\c(0)'s DEF up and HP recovering fast.
23	\c(0)の攻撃力・防御力・行動力が上がった	\c(0)'s ATK, DEF and speed up.
24	\c(0)の全能力が上がり、無敵になった	\c(0) all abilities up and became invincible.
25	\c(0)の攻撃力と防御力が上がった	\c(0)'s attack and defense up.
26	ハースの叫びで世界が震える……！	Hars' scream shakes the world!
27	\c(0)が次に与えるブレイクダメージが上がった	\c(0) next break damage up.
28	\c(0)はあらゆる攻撃にひるまなくなった	\c(0) is unflinching.
29	状態異常にかかりやすくなった	It's easier to inflict bad statuses.
30	斬撃、打撃、射突のいずれかの防御力が上がった	Slash, blow and shot defense up.
31	ガードしろ！	Guard this!
32	ガードするな！	Don't guard!
33	これ以上チャージできない！	Can't charge any more!
34	\c(0)のブレイクゲージが全回復した	\c(0)'s break gauge fully recovered.
35	\c(0)の攻撃力が上がり、ＨＰが回復していく	\c(0)'s attack up and HP recovered.
36	このバトルからは逃げられない！	I can't run from this battle!
37	\c(0)の次の銃の威力がアップ	\c(0)'s next gun attack power up.
38	\c(1)の攻撃力が上がった	\c(1)'s attack up.
39	\c(1)の行動力が上がった	\c(1)'s speed up.
40	\c(1)のブレイク攻撃力が上がった	\c(1)'s break attack up.
41	\c(1)の攻撃力が上がった	\c(1)'s attack up.
42	\c(1)の行動力が上がった	\c(1)'s speed up.
43	\c(1)のブレイク攻撃力が上がった	\c(1)'s break attack up.
44	\c(0)の攻撃力が下がった	\c(0)'s attack down.
45	\c(0)の攻撃力がかなり下がった	\c(0)'s attack way down.
46	\c(0)の防御力が下がった	\c(0)'s defense down
47	\c(0)の防御力がかなり下がった	\c(0)'s defense way down.
48	\c(0)の行動力が下がった	\c(0)'s speed down.
49	\c(0)の行動力がかなり下がった	\c(0)'s speed way down.
50	\c(0)のブレイク防御力が下がった	\c(0)'s break defense down.
51	\c(0)のブレイク防御力がかなり下がった	\c(0)'s break defense way down.
52	\c(0)のブレイク攻撃力が下がった	\c(0)'s break attack down.
53	\c(0)のブレイク攻撃力がかなり下がった	\c(0)'s break attack way down.
54	\c(0)は猛毒にかかった	\c(0) is poisoned.
55	\c(0)の猛毒が重症化した	\c(0) is seriously poisoned.
56	\c(0)は麻痺にかかった	\c(0) is paralyzed.
57	\c(0)の麻痺が重症化した	\c(0) is seriously paralyzed.
58	\c(0)のＲスキルが封印された	\c(0)'s R skills are sealed.
59	\c(0)の○ボタンが封印された	\c(0)'s O button is sealed.
60	\c(0)の△ボタンが封印された	\c(0)'s △ button is sealed.
61	\c(0)の□ボタンが封印された	\c(0)'s □ button is sealed.
62	\c(0)の×ボタンが封印された	\c(0)'s × button is sealed.
63	ジグのスタイルスイッチが封印された	Zig's style switch is sealed.
64	\c(0)のＨＰが少しずつ減っていく	\c(0)'s HP is decreasing.
65	\c(0)のＨＰがみるみる減っていく	\c(0)'s HP is falling fast.
66	\c(0)のブレイクゲージが少しずつ減っていく	\c(0)'s break gauge is decreasing.
67	\c(0)のブレイクゲージがみるみる減っていく	\c(0)'s break gauge is falling fast.
68	\c(0)は動くことができない	\c(0) can't move.
69	\c(0)の最大ＨＰがロックされた	\c(0)'s max HP is locked.
70	\c(0)の最大ＳＰが５になった	\c(0)'s max SP became 5.
71	\c(0)のブレイクゲージの回復が止まった	\c(0) break gauge recovery stopped.
72	\c(0)の攻撃力が元に戻った	\c(0)'s attack returned to normal.
73	\c(0)の攻撃力が元に戻った	\c(0)'s attack returned to normal.
74	\c(0)の防御力が元に戻った	\c(0)'s defense returned to normal.
75	\c(0)の防御力が元に戻った	\c(0)'s defense returned to normal.
76	\c(0)の行動力が元に戻った	\c(0)'s speed returned to normal.
77	\c(0)の行動力が元に戻った	\c(0)'s speed returned to normal.
78	\c(0)のブレイク攻撃力が元に戻った	\c(0)'s break attack returned to normal.
79	\c(0)のブレイク攻撃力が元に戻った	\c(0)'s break attack returned to normal.
80	\c(0)のブレイク防御力が元に戻った	\c(0)'s break attack returned to normal.
81	\c(0)のブレイク防御力が元に戻った	\c(0)'s break attack returned to normal.
82	\c(0)の猛毒が終了した	\c(0)'s poisoning ended.
83	\c(0)の麻痺が終了した	\c(0)'s paralysis ended.
84	\c(0)のＲスキル封印が解けた	\c(0) can use R skills again.
85	\c(0)の○ボタン封印が解けた	\c(0) can use the ○ button again.
86	\c(0)の△ボタン封印が解けた	\c(0) can use the △ button again.
87	\c(0)の□ボタン封印が解けた	\c(0) can use the □ button again.
88	\c(0)の×ボタン封印が解けた	\c(0) can use the × button again.
89	\c(0)のスタイルスイッチ封印が解けた	\c(0) can use style switch again.
90	\c(0)のブレイクゲージが元に戻った	\c(0)'s break gauge is back to normal.
91	\c(0)のブレイクゲージ回復が終了した	\c(0)'s break gauge recovery is normal.
92	\c(0)のＨＰ回復の効果が終了した	\c(0)'s HP recovery effect ended.
93	\c(0)は動けるようになった	\c(0) can move again.
94	\c(0)のＨＰロックが解けた	\c(0)'s HP lock was released.
95	\c(0)のＳＰロックが解けた	\c(0)'s SP lock was released.
96	\c(0)の拳のＨＰ吸収効果が解けた	\c(0)'s fist's HP absorb effect ended.
97	\c(0)の無敵が終了した	\c(0) invincibility ended.
98	\c(0)のＨＰが減らなくなった	\c(0) HP stabilized.
99	\c(0)のSPが元に戻った	\c(0) SP is back to normal.
100	\c(0)のハガネソウルが解けた	\c(0)'s steel soul effect ended.
101	\c(0)の無秩序結界が解けた	\c(0)'s confusion ended.
102	まだまだ！	Bring it on!
	まだまだ！	Bring it on!
103	負けられん！	I can't lose here!
104	これが最大です	This is the max.
	これ以上は絶対に増やさない事！	Can't increase any more!
