0	ジグ	Zig
1	レン	Ren
2	ファズ	Faz
3	ユーリ	Yuri
4	センゴク	Sengoku
5	タイロン	Tylong
6	ロザ	Rosa
7	イゴリダ	Igrida
8	ガルガノ	Galgano
9	ゼブリラ	Sebrina
10	ノーマ	Norma
11	ハース	Hars
12	ポッド	Pod
13	ベイガー	Beyger
14	リド	Rid
15	バルバロ	Barbaro
16	トレンス	Torrence
17	ソシオ	Soshio
18	ギル	Gil
19	ノーチェ	Noce
20	リオネル	Lionel
21	ビンザー	Vinzer
22	クロヴァ	Clover
23	ワスター	Wasta
24	イェオリ	Georg
25	グレコ	Gleco
26	ピンス	Pince
27	バッス	Basse
28	ゾンマ	Zonma
29	プロポ	Propo
30	シャルネ	Shalne
31	モルト	Molt
32	マイケル	Michel
33	ギュスタブ	Gustave
34	リリア	Lilia
35	プリシラ	Priscilla
36	タルナーダ	Talnarda
37	ケリー	Kelly
38	欠番王子	The Unknown
39	エルクリア	Elkria
40	チッタ	Tita
41	ルーク	Luke
42	ウネルマ	Unelma
43	フェオン	Feon
44	ルシオ	Lucio
45	イブキ	Ibuki
46	ウォーレン	Warren
47	ナルソス	Narses
48	パルピェーダ	Palpiada
49	ボトヴィッド	Botvid
50	ホフマン	Hoffman
51	ハッサン	Hassan
52	イザベラ	Isabella
53	ギョック	Gyock
54	アヴァール	Avarus
55	ゲーニー	Gany
56	ヤヨイ	Yayoi
57	アーニャ	Anya
58	スカリー	Sculley
59	ナージャ	Nadja
60	ビャッケ	Byakke
61	ニコール	Nicole
62	オルヴァー	Orver
63	シン	Sin
64	レガロ	Regalo
65	ガストン	Gaston
66	レイネ	Reine
67	レイネ	Reine
68	アンナ	Anna
69	ヨア	Yoa
70	ベティ	Betty
71	ヲグル	Wogure
72	メディア	Medea
73	モモ	Momo
74	ツァーフリア	Zarflia
75	ラクスリア	Luxuria
76	ナタン	Natan
77	ムゥ	Mwu
78	グルトン	Gourtong
79	エラスト	Erast
80	サーニャ	Sanya
81	ユミール	Yumil
82	メリッサ	Melissa
83	ロビーナ	Robina
84	ゴンザレス	Gonzalez
85	ネローナ	Nerona
86	ラバディナ	Ravadina
87	ヴィクトル	Victor
88	ベルトルド	Berthold
89	ヤッパ	Yappa
90	ミント	Mint
91	マクシム	Maxim
92	カレン	Karen
93	ティティコ	Titico
94	エイネ	Eine
95	欠番王子	The Unknown
96	仮面の男	Masked Man
97	ダミー01	X
98	ダミー02	X
99	ダミー03	X
100	ダミー04	X
101	ダミー05	X
102	ダミー06	X
103	ダミー07	X
104	ダミー08	X
105	ダミー09	X
106	ダミー10	X
107	ダミー11	X
108	ダミー12	X
109	ダミー13	X
110	ダミー14	X
111	ダミー15	X
112	ダミー16	X
113	ダミー17	X
114	ダミー18	X
115	ダミー19	X
116	ダミー20	X
117	ダミー21	X
118	ダミー22	X
119	ダミー23	X
120	ダミー24	X
121	ダミー25	X
122	ダミー26	X
123	ダミー27	X
124	ダミー28	X
125	ダミー29	X
126	ダミー30	X
127	ダミー31	X
128	ダミー32	X
129	ダミー33	X
130	ダミー34	X
131	マキス	Makis
132	ミシー	Mishi
133	ヴェード	Ved
134		
135		
136		
137		
138		
139		
140		
141		
142		
143		
144		
145		
146		
147		
148		
149		
150		
151		
152		
153		
154		
155		
156		
157		
158		
159		
160		
161		
162		
163		
164		
165		
166		
167		
168		
169		
170		
171		
172		
173		
174		
175		
176		
177		
178		
179		
180		
181		
182		
183		
184		
185		
186		
187		
188		
189		
190		
191		
192		
193		
194		
195		
196		
197		
198		
199		
200		
201		
202		
203		
204		
205		
206		
207		
208		
209		
210		
211		
212		
213		
214		
215		
216		
217		
218		
219		
220		
221		
222		
223		
224		
225		
226		
227		
228		
229		
230		
231		
232		
233		
234		
235		
236		
237		
238		
239		
240		
241		
242		
243		
244		
245		
246		
247		
248		
249		
250		
251		
252		
253		
254		
255		
