0	使い古された短剣	Worn-out short sword.	Used Short Sword
	戦いの傷跡が生々しい	Bears battle scars.	
1	スタンダードな短剣	Standard short sword.	Scramsax
	クセがなく扱いやすい	It's easy to use.	
2	太い刃が特徴の短剣	A thick blade is its	Gladius
	戦士達が避けて通れぬ一本	special feature.	
3	湾曲した刃で急所を突く	Curved blade strikes	Harper
	暗器を起源とする短剣	vitals. Has dark origin.	
4	刀身に毒素を含ませた短剣	Blade is poison-soaked.	Viper
	猛毒効果	Adds poison status.	
5	二又の刃を持つ短剣	Has two blades.	Orthros
	ＨＰ吸収効果	HP drain effect.	
6	傑作として名高い短剣	A famous masterpiece.	Naga
	これ以上なき機能美を誇る	Boasts functional beauty.	
7	神々しい蒼き短剣	A divine blue color.	Neptune
	それはもはや触れうる奇跡	Can't believe I got it.	
8	短剣（サブ武器９）のせつめい	X	
	短剣（サブ武器９）の２ぎょうめ	X	
9	短剣（サブ武器１０）のせつめい	X	
	短剣（サブ武器１０）の２ぎょうめ	X	
10	短剣（サブ武器１１）のせつめい	X	
	短剣（サブ武器１１）の２ぎょうめ	X	
11	短剣（サブ武器１２）のせつめい	X	
	短剣（サブ武器１２）の２ぎょうめ	X	
12	短剣（サブ武器１３）のせつめい	X	
	短剣（サブ武器１３）の２ぎょうめ	X	
13	短剣（サブ武器１４）のせつめい	X	
	短剣（サブ武器１４）の２ぎょうめ	X	
14	短剣（サブ武器１５）のせつめい	X	
	短剣（サブ武器１５）の２ぎょうめ	X	
15	短剣（サブ武器１６）のせつめい	X	
	短剣（サブ武器１６）の２ぎょうめ	X	
16	短剣（サブ武器１７）のせつめい	X	
	短剣（サブ武器１７）の２ぎょうめ	X	
17	短剣（サブ武器１８）のせつめい	X	
	短剣（サブ武器１８）の２ぎょうめ	X	
18	短剣（サブ武器１９）のせつめい	X	
	短剣（サブ武器１９）の２ぎょうめ	X	
19	短剣（サブ武器２０）のせつめい	X	
	短剣（サブ武器２０）の２ぎょうめ	X	
20	短剣（サブ武器２１）のせつめい	X	
	短剣（サブ武器２１）の２ぎょうめ	X	
21	短剣（サブ武器２２）のせつめい	X	
	短剣（サブ武器２２）の２ぎょうめ	X	
22	短剣（サブ武器２３）のせつめい	X	
	短剣（サブ武器２３）の２ぎょうめ	X	
23	短剣（サブ武器２４）のせつめい	X	
	短剣（サブ武器２４）の２ぎょうめ	X	
24	短剣（サブ武器２５）のせつめい	X	
	短剣（サブ武器２５）の２ぎょうめ	X	
25	短剣（サブ武器２６）のせつめい	X	
	短剣（サブ武器２６）の２ぎょうめ	X	
26	短剣（サブ武器２７）のせつめい	X	
	短剣（サブ武器２７）の２ぎょうめ	X	
27	短剣（サブ武器２８）のせつめい	X	
	短剣（サブ武器２８）の２ぎょうめ	X	
28	短剣（サブ武器２９）のせつめい	X	
	短剣（サブ武器２９）の２ぎょうめ	X	
29	短剣（サブ武器３０）のせつめい	X	
	短剣（サブ武器３０）の２ぎょうめ	X	
30	短剣（サブ武器３１）のせつめい	X	
	短剣（サブ武器３１）の２ぎょうめ	X	
31	短剣（サブ武器３２）のせつめい	X	
	短剣（サブ武器３２）の２ぎょうめ	X	
32	若木で作られた盾	Made of a tree. Only	Wood Shield
	旅の気休め程度にはなる	enough for a traveler.	
33	青銅で作られた円盾	Round. The most popular	Bronze Shield
	ガンドアでは一番人気	model in Ghandoar.	
34	余った鉄で作られた盾	Made of scrap iron.	Iron Shield
	急ごしらえだが効果は抜群	Improvised, but great.	
35	中央に突起をあしらった盾	Raised in the middle to	Hexa Shield
	盾への衝撃を拡散させる	scatter incoming attacks.	
36	槍であり、盾でもある逸品	A spear and also a shield.	Spike Shield
	防御こそ、最大の攻撃	Defense is the best offense.	
37	亀の甲羅をあしらった盾	Made of Tortoise shell.	Shell Shield
	いわば、身につける要塞	It's your own fortress.	
38	未知の金属で作られた盾	Made of unknown metal.	Ajax's Shield
	所有者を万難から護る	Protects its owner well.	
39	英雄たちに受け継がれる盾	Inherited by heroes. Guides	Aegis Shield
	手にするものを覇道へ導く	its owner to victory.	
40	盾△（サブ武器４１）のせつめい	X	
	盾△（サブ武器４１）の２ぎょうめ	X	
41	盾△（サブ武器４２）のせつめい	X	
	盾△（サブ武器４２）の２ぎょうめ	X	
42	盾△（サブ武器４３）のせつめい	X	
	盾△（サブ武器４３）の２ぎょうめ	X	
43	盾△（サブ武器４４）のせつめい	X	
	盾△（サブ武器４４）の２ぎょうめ	X	
44	盾△（サブ武器４５）のせつめい	X	
	盾△（サブ武器４５）の２ぎょうめ	X	
45	盾△（サブ武器４６）のせつめい	X	
	盾△（サブ武器４６）の２ぎょうめ	X	
46	盾△（サブ武器４７）のせつめい	X	
	盾△（サブ武器４７）の２ぎょうめ	X	
47	盾△（サブ武器４８）のせつめい	X	
	盾△（サブ武器４８）の２ぎょうめ	X	
48	盾△（サブ武器４９）のせつめい	X	
	盾△（サブ武器４９）の２ぎょうめ	X	
49	盾△（サブ武器５０）のせつめい	X	
	盾△（サブ武器５０）の２ぎょうめ	X	
50	盾△（サブ武器５１）のせつめい	X	
	盾△（サブ武器５１）の２ぎょうめ	X	
51	盾△（サブ武器５２）のせつめい	X	
	盾△（サブ武器５２）の２ぎょうめ	X	
52	盾△（サブ武器５３）のせつめい	X	
	盾△（サブ武器５３）の２ぎょうめ	X	
53	盾△（サブ武器５４）のせつめい	X	
	盾△（サブ武器５４）の２ぎょうめ	X	
54	盾△（サブ武器５５）のせつめい	X	
	盾△（サブ武器５５）の２ぎょうめ	X	
55	盾△（サブ武器５６）のせつめい	X	
	盾△（サブ武器５６）の２ぎょうめ	X	
56	盾△（サブ武器５７）のせつめい	X	
	盾△（サブ武器５７）の２ぎょうめ	X	
57	盾△（サブ武器５８）のせつめい	X	
	盾△（サブ武器５８）の２ぎょうめ	X	
58	盾△（サブ武器５９）のせつめい	X	
	盾△（サブ武器５９）の２ぎょうめ	X	
59	盾△（サブ武器６０）のせつめい	X	
	盾△（サブ武器６０）の２ぎょうめ	X	
60	盾△（サブ武器６１）のせつめい	X	
	盾△（サブ武器６１）の２ぎょうめ	X	
61	盾△（サブ武器６２）のせつめい	X	
	盾△（サブ武器６２）の２ぎょうめ	X	
62	盾△（サブ武器６３）のせつめい	X	
	盾△（サブ武器６３）の２ぎょうめ	X	
63	盾△（サブ武器６４）のせつめい	X	
	盾△（サブ武器６４）の２ぎょうめ	X	
64	ニビ鉄で作られた軽銃	Light gun of nibi metal.	Shot & Fire
	扱いやすいが臭いがひどい	Easy to use but stinky.	
65	二つの銃口を持つ重銃	Heavy double-barrel gun.	Two & Ice
	反動は大きいが威力は強い	Strong but big recoil.	
66	楽器を模した重銃	Heavy instrument-like gun.	Dizzy & Sound
	爆音で獣たちが逃げ出す	Beasts run from its sound.	
67	一回りコンパクトな軽銃	Compact light gun.	Bound & Dance
	技術の粋を集めた一丁	Packed with tech.	
68	絶大な威力を誇る重銃	Powerful heavy gun.	Bomber & Fire
	あらゆるものを灰に帰す	Turns all to ash.	
69	ゼブリラコレクション軽銃	Light gun in Zebrila's	Gold & Sun
	黄金色の太陽が身を焦がす	collection.	
70	重銃と呼ばれる武器が	Though called heavy,	Heavy & Time
	たどりついた一つの回答	only one answer.	
71	父が想い、子が鍛える	Made with thoughts	Balbaro&Galgano
	親子の想いが結実した軽銃	of parent and child.	
72	銃▼（サブ武器７３）のせつめい	X	
	銃▼（サブ武器７３）の２ぎょうめ	X	
73	銃▼（サブ武器７４）のせつめい	X	
	銃▼（サブ武器７４）の２ぎょうめ	X	
74	銃▼（サブ武器７５）のせつめい	X	
	銃▼（サブ武器７５）の２ぎょうめ	X	
75	銃▼（サブ武器７６）のせつめい	X	
	銃▼（サブ武器７６）の２ぎょうめ	X	
76	銃▼（サブ武器７７）のせつめい	X	
	銃▼（サブ武器７７）の２ぎょうめ	X	
77	銃▼（サブ武器７８）のせつめい	X	
	銃▼（サブ武器７８）の２ぎょうめ	X	
78	銃▼（サブ武器７９）のせつめい	X	
	銃▼（サブ武器７９）の２ぎょうめ	X	
79	銃▼（サブ武器８０）のせつめい	X	
	銃▼（サブ武器８０）の２ぎょうめ	X	
80	銃▼（サブ武器８１）のせつめい	X	
	銃▼（サブ武器８１）の２ぎょうめ	X	
81	銃▼（サブ武器８２）のせつめい	X	
	銃▼（サブ武器８２）の２ぎょうめ	X	
82	銃▼（サブ武器８３）のせつめい	X	
	銃▼（サブ武器８３）の２ぎょうめ	X	
83	銃▼（サブ武器８４）のせつめい	X	
	銃▼（サブ武器８４）の２ぎょうめ	X	
84	銃▼（サブ武器８５）のせつめい	X	
	銃▼（サブ武器８５）の２ぎょうめ	X	
85	銃▼（サブ武器８６）のせつめい	X	
	銃▼（サブ武器８６）の２ぎょうめ	X	
86	銃▼（サブ武器８７）のせつめい	X	
	銃▼（サブ武器８７）の２ぎょうめ	X	
87	銃▼（サブ武器８８）のせつめい	X	
	銃▼（サブ武器８８）の２ぎょうめ	X	
88	銃▼（サブ武器８９）のせつめい	X	
	銃▼（サブ武器８９）の２ぎょうめ	X	
89	銃▼（サブ武器９０）のせつめい	X	
	銃▼（サブ武器９０）の２ぎょうめ	X	
90	銃▼（サブ武器９１）のせつめい	X	
	銃▼（サブ武器９１）の２ぎょうめ	X	
91	銃▼（サブ武器９２）のせつめい	X	
	銃▼（サブ武器９２）の２ぎょうめ	X	
92	銃▼（サブ武器９３）のせつめい	X	
	銃▼（サブ武器９３）の２ぎょうめ	X	
93	銃▼（サブ武器９４）のせつめい	X	
	銃▼（サブ武器９４）の２ぎょうめ	X	
94	銃▼（サブ武器９５）のせつめい	X	
	銃▼（サブ武器９５）の２ぎょうめ	X	
95	銃▼（サブ武器９６）のせつめい	X	
	銃▼（サブ武器９６）の２ぎょうめ	X	
96	使い古された篭手	Worn-out. Stuffy when	Ancient Gauntlet
	長時間つけると蒸れる	used for long periods.	
97	鋼鉄で強化された篭手	The steel has raised its	Steel Gauntlet
	威力を高め、使用者を護る	power to protect the user.	
98	徹底的に強度に拘った篭手	Well made. Equipment	Thorn Gauntlet
	必勝必殺の勝負装備	for battles to the death.	
99	稀少な獣の皮を使った篭手	Made w beast skin. Feels	Reckless Gauntlet
	腕にジャストフィット	great on the arms.	
100	鉤爪がついている篭手	Made w claws. Its majesty	Feral Gauntlet
	その偉容は敵の戦意を殺ぐ	chips away enemy morale.	
101	戦闘部族トライドの篭手	Used in Toraido warrior	Bloodshot Gauntlet
	森羅万象の声が聞こえる	tribe. Voice of creation.	
102	伝説の格闘家Jの遺品	Was owned by fighter	Blue Moon Gauntlet
	手にするだけで力みなぎる	J. Fills you with power.	
103	神の左腕と呼ばれる篭手	Called god's left hand.	Lion Gauntlet
	装備者を世の理の外へ誘う	It's out of this world.	
104	小手（サブ武１０５）のせつめい	X	
	小手（サブ武１０５）の２ぎょうめ	X	
105	小手（サブ武１０６）のせつめい	X	
	小手（サブ武１０６）の２ぎょうめ	X	
106	小手（サブ武１０７）のせつめい	X	
	小手（サブ武１０７）の２ぎょうめ	X	
107	小手（サブ武１０８）のせつめい	X	
	小手（サブ武１０８）の２ぎょうめ	X	
108	小手（サブ武１０９）のせつめい	X	
	小手（サブ武１０９）の２ぎょうめ	X	
109	小手（サブ武１１０）のせつめい	X	
	小手（サブ武１１０）の２ぎょうめ	X	
110	小手（サブ武１１１）のせつめい	X	
	小手（サブ武１１１）の２ぎょうめ	X	
111	小手（サブ武１１２）のせつめい	X	
	小手（サブ武１１２）の２ぎょうめ	X	
112	小手（サブ武１１３）のせつめい	X	
	小手（サブ武１１３）の２ぎょうめ	X	
113	小手（サブ武１１４）のせつめい	X	
	小手（サブ武１１４）の２ぎょうめ	X	
114	小手（サブ武１１５）のせつめい	X	
	小手（サブ武１１５）の２ぎょうめ	X	
115	小手（サブ武１１６）のせつめい	X	
	小手（サブ武１１６）の２ぎょうめ	X	
116	小手（サブ武１１７）のせつめい	X	
	小手（サブ武１１７）の２ぎょうめ	X	
117	小手（サブ武１１８）のせつめい	X	
	小手（サブ武１１８）の２ぎょうめ	X	
118	小手（サブ武１１９）のせつめい	X	
	小手（サブ武１１９）の２ぎょうめ	X	
119	小手（サブ武１２０）のせつめい	X	
	小手（サブ武１２０）の２ぎょうめ	X	
120	小手（サブ武１２１）のせつめい	X	
	小手（サブ武１２１）の２ぎょうめ	X	
121	小手（サブ武１２２）のせつめい	X	
	小手（サブ武１２２）の２ぎょうめ	X	
122	小手（サブ武１２３）のせつめい	X	
	小手（サブ武１２３）の２ぎょうめ	X	
123	小手（サブ武１２４）のせつめい	X	
	小手（サブ武１２４）の２ぎょうめ	X	
124	小手（サブ武１２５）のせつめい	X	
	小手（サブ武１２５）の２ぎょうめ	X	
125	小手（サブ武１２６）のせつめい	X	
	小手（サブ武１２６）の２ぎょうめ	X	
126	小手（サブ武１２７）のせつめい	X	
	小手（サブ武１２７）の２ぎょうめ	X	
127	小手（サブ武１２８）のせつめい	X	
	小手（サブ武１２８）の２ぎょうめ	X	
