0	カンタレラの民族衣装	Cantelera native dress.	Cantelera Clothes
	鮮やかな色彩が特徴的	Characteristic bright colors.	
1	機構から支給される制服	Uniform of the legion.	Bazalta Uniform
	着用必須ではない	It's not mandatory.	
2	各地の情報を書き込む地図	Map w info on each area.	Travel Map
	移動を楽にしてくれる	Moving around is a cinch.	
3	修練の記録を書き込む手帳	Book to record training.	Training Book
	トライアルログと呼ばれる	Called Trial Log.	
4	別名ランカーズファイル	AKA Ranker File. Book	Ranker Book
	戦いの記録を書き込む手帳	for recording battles.	
5	ガンドアの各層をつなぐ	I can use the cable car	Cable Car Pass
	ケーブルカーを利用できる	joining parts of Ghandoar.	
6	バザルタ鉄道の乗車許可証	Can go to Karkinos station	Rail Pass
	カルキノス荒地駅に行ける	on the Bazalta railroad.	
7	ジグの部屋の鍵だが	Key to Zig's room.	Zig's Room Key
	めったに施錠されていない	It's rarely locked.	
8	マイヤールの森の	Mark of permssion to	Miyar Forest Pass
	通行を許可された証	go to Miyar Forest.	
9	ドネイ回廊の	Mark of permssion to	Donea Pass
	通行を許可された証	go to Donea Corridor.	
10	ベリエ街道の	Mark of permssion to	Belier Road Pass
	通行を許可された証	go to Belier Road.	
11	鉄道の追加乗車許可証	Mark of permssion to	Ravine Train Pass
	レオン峡谷駅に行ける	go to Leon Canyon.	
12	ウィルゴー砂漠の	Mark of permssion to	Virgo Desert Pass
	通行を許可された証	go to Virgo Desert.	X
13	■（貴重品　１４）■のせつめい	X	X
14	■（貴重品　１５）■のせつめい	X	X
15	■（貴重品　１６）■のせつめい	X	X
16	■（貴重品　１７）■のせつめい	X	X
17	■（貴重品　１８）■のせつめい	X	X
18	■（貴重品　１９）■のせつめい	X	X
19	■（貴重品　２０）■のせつめい	X	X
20	■（貴重品　２１）■のせつめい	X	X
21	■（貴重品　２２）■のせつめい	X	X
22	■（貴重品　２３）■のせつめい	X	X
23	■（貴重品　２４）■のせつめい	X	X
24	■（貴重品　２５）■のせつめい	X	X
25	■（貴重品　２６）■のせつめい	X	X
26	■（貴重品　２７）■のせつめい	X	X
27	■（貴重品　２８）■のせつめい	X	X
28	■（貴重品　２９）■のせつめい	X	X
29	■（貴重品　３０）■のせつめい	X	X
30	■（貴重品　３１）■のせつめい	X	X
31	■（貴重品　３２）■のせつめい	X	X
32	■（貴重品　３３）■のせつめい	X	X
33	■（貴重品　３４）■のせつめい	X	X
34	■（貴重品　３５）■のせつめい	X	X
35	■（貴重品　３６）■のせつめい	X	X
36	■（貴重品　３７）■のせつめい	X	X
37	■（貴重品　３８）■のせつめい	X	X
38	■（貴重品　３９）■のせつめい	X	X
39	■（貴重品　４０）■のせつめい	X	X
40	■（貴重品　４１）■のせつめい	X	X
41	■（貴重品　４２）■のせつめい	X	X
42	■（貴重品　４３）■のせつめい	X	X
43	■（貴重品　４４）■のせつめい	X	X
44	■（貴重品　４５）■のせつめい	X	X
45	■（貴重品　４６）■のせつめい	X	X
46	■（貴重品　４７）■のせつめい	X	X
47	■（貴重品　４８）■のせつめい	X	X
48	■（貴重品　４９）■のせつめい	X	
49	修練に関する品	Training-related item.	Manji Grass
	万病に効くという薬草	Herb for the sick.	
50	修練に関する品	Training-related item.	Khadmore Clay
	カドモール水源で採った泥	From Khadmore riverbed.	
51	修練に関する品	Training-related item.	Belier Clay
	ベリエ街道で採った泥	From Belier Road.	
52	修練に関する品	Training-related item.	Miyar Clay
	マイヤールの森で採った泥	From Miyar Forest.	
53	修練に関する品	Training-related item.	Virgil's Ring
	深い青色に輝く美しい指環	Deep blue shine.	
54	修練に関する品	Training-related item.	Beatrice's Ring
	深い赤色に輝く美しい指環	Deep red shine.	
55	修練に関する品	Training-related item.	Ice Spirit Drop
	宝石のように輝く氷の結晶	Shines like a gem.	
56	修練に関する品	Training-related item.	Glacier Water
	氷河から汲んだ冷たい水	Cold water from glacier.	
57	修練に関する品	Training-related item.	Precious Coin
	特別な石から作ったコイン	Made from special stone.	
58	修練に関する品	Training-related item.	Guardian Coin
	持ち主を守るというコイン	Protects its possessor.	
59	修練に関する品	Training-related item.	Kloris Flower
	レン組に手向ける清楚な花	Offered by Ren's group.	
60	修練に関する品	Training-related item.	Pom Fruit
	甘い香りが漂う果実	Sweet-smelling.	
61	修練に関する品	Training-related item.	Mandra Fluid
	砂サソリの毒を中和する薬	For scorpion venom.	
62	修練に関する品	Training-related item.	Stolen Shield
	高級商店から盗まれた逸品	Stolen from high-end store.	
63	修練に関する品	Training-related item.	Black Bag
	怪しさ満点の重たい袋	Heavy, suspicious bag.	
64	修練に関する品	Training-related item.	Stolen Goods
	悪徳商人が売っていた品々	Sold by corrupt merchant.	
65	修練に関する品	Training-related item.	Helerite
	資源として活用される鉱石	Has practical applications.	
66	修練に関する品	Training-related item.	Tari Stone
	とても希少価値の高い石	Rare and valuable.	
67	修練に関する品	Training-related item.	Plum Flower
	香水の原料として有名な花	For making perfume.	
68	修練に関する品	Training-related item.	Outpost Bulletin
	様々な連絡が載った回覧板	Contacts are written on it.	
69	修練に関する品	Training-related item.	Propo's Sword
	衛兵プロポから奪った剣	Stolen from the guard.	X
70	■（貴重品　７１）■のせつめい	X	X
71	■（貴重品　７２）■のせつめい	X	X
72	■（貴重品　７３）■のせつめい	X	X
73	■（貴重品　７４）■のせつめい	X	X
74	■（貴重品　７５）■のせつめい	X	X
75	■（貴重品　７６）■のせつめい	X	X
76	■（貴重品　７７）■のせつめい	X	X
77	■（貴重品　７８）■のせつめい	X	X
78	■（貴重品　７９）■のせつめい	X	X
79	■（貴重品　８０）■のせつめい	X	X
80	■（貴重品　８１）■のせつめい	X	X
81	■（貴重品　８２）■のせつめい	X	X
82	■（貴重品　８３）■のせつめい	X	X
83	■（貴重品　８４）■のせつめい	X	X
84	■（貴重品　８５）■のせつめい	X	X
85	■（貴重品　８６）■のせつめい	X	X
86	■（貴重品　８７）■のせつめい	X	X
87	■（貴重品　８８）■のせつめい	X	X
88	■（貴重品　８９）■のせつめい	X	X
89	■（貴重品　９０）■のせつめい	X	X
90	■（貴重品　９１）■のせつめい	X	X
91	■（貴重品　９２）■のせつめい	X	X
92	■（貴重品　９３）■のせつめい	X	X
93	■（貴重品　９４）■のせつめい	X	X
94	■（貴重品　９５）■のせつめい	X	X
95	■（貴重品　９６）■のせつめい	X	X
96	■（貴重品　９７）■のせつめい	X	X
97	■（貴重品　９８）■のせつめい	X	X
98	■（貴重品　９９）■のせつめい	X	
99	カイトに頼まれた品	From Kaito. Thin, strong,	Regis' Thread
	細くて丈夫な使いやすい糸	and easy to use.	
100	ケイトンに頼まれた品	From Keyton. Old fash-	Crimson Book
	古めかしいが品のいい手帳	ioned but refined book.	
101	誰かの心の扉を開ける鍵	Opens door to someone's	Master Key
	…かもしれない	heart...maybe.	X
102	■（貴重品１０３）■のせつめい	X	X
103	■（貴重品１０４）■のせつめい	X	X
104	■（貴重品１０５）■のせつめい	X	X
105	■（貴重品１０６）■のせつめい	X	X
106	■（貴重品１０７）■のせつめい	X	X
107	■（貴重品１０８）■のせつめい	X	X
108	■（貴重品１０９）■のせつめい	X	X
109	■（貴重品１１０）■のせつめい	X	X
110	■（貴重品１１１）■のせつめい	X	X
111	■（貴重品１１２）■のせつめい	X	X
112	■（貴重品１１３）■のせつめい	X	X
113	■（貴重品１１４）■のせつめい	X	X
114	■（貴重品１１５）■のせつめい	X	X
115	■（貴重品１１６）■のせつめい	X	X
116	■（貴重品１１７）■のせつめい	X	X
117	■（貴重品１１８）■のせつめい	X	X
118	■（貴重品１１９）■のせつめい	X	X
119	■（貴重品１２０）■のせつめい	X	
120	この証を持つ者こそ	He with this mark is	Mark: Last Ranker
	真のラストランカーである	the true Last Ranker.	
121	再び目の前に現れた	Proof of defeating	Mark: Absolute Zero
	ユーリを打ち倒した証	Yuri.	
122	再び目の前に現れた	Proof of defeating	Mark: Bow of Light
	ロザを打ち倒した証	Rosa.	
123	再び目の前に現れた	Proof of defeating	Mark: Desktop Dou
	ゼブリラを打ち倒した証	Rosa.	
124	再び目の前に現れた	Proof of defeating	Mark: Fascinating Beauty
	ノーマを打ち倒した証	Zebrila.	
125	再び目の前に現れた	Proof of defeating	Mark: Mountain Crusher
	センゴクを打ち倒した証	Sengoku.	
126	再び目の前に現れた	Proof of defeating	Mark: Mud Fist Master
	ベイガーを打ち倒した証	Bayger.	
127	■（貴重品１２８）■のせつめい	X	
128	■（貴重品１２９）■のせつめい	X	
129	■（貴重品１３０）■のせつめい	X	
130	■（貴重品１３１）■のせつめい	X	
131	■（貴重品１３２）■のせつめい	X	
132	■（貴重品１３３）■のせつめい	X	
133	■（貴重品１３４）■のせつめい	X	
134	■（貴重品１３５）■のせつめい	X	
135	■（貴重品１３６）■のせつめい	X	
136	■（貴重品１３７）■のせつめい	X	
137	■（貴重品１３８）■のせつめい	X	
138	■（貴重品１３９）■のせつめい	X	
139	■（貴重品１４０）■のせつめい	X	
140	■（貴重品１４１）■のせつめい	X	
141	■（貴重品１４２）■のせつめい	X	
142	■（貴重品１４３）■のせつめい	X	
143	■（貴重品１４４）■のせつめい	X	
144	■（貴重品１４５）■のせつめい	X	
145	■（貴重品１４６）■のせつめい	X	
146	■（貴重品１４７）■のせつめい	X	
147	■（貴重品１４８）■のせつめい	X	
148	■（貴重品１４９）■のせつめい	X	
149	■（貴重品１５０）■のせつめい	X	
150	■（貴重品１５１）■のせつめい	X	
151	■（貴重品１５２）■のせつめい	X	
152	■（貴重品１５３）■のせつめい	X	
153	■（貴重品１５４）■のせつめい	X	
154	■（貴重品１５５）■のせつめい	X	
155	■（貴重品１５６）■のせつめい	X	
156	■（貴重品１５７）■のせつめい	X	
157	■（貴重品１５８）■のせつめい	X	
158	■（貴重品１５９）■のせつめい	X	
159	■（貴重品１６０）■のせつめい	X	
160	■（貴重品１６１）■のせつめい	X	
161	■（貴重品１６２）■のせつめい	X	
162	■（貴重品１６３）■のせつめい	X	
163	■（貴重品１６４）■のせつめい	X	
164	■（貴重品１６５）■のせつめい	X	
165	■（貴重品１６６）■のせつめい	X	
166	■（貴重品１６７）■のせつめい	X	
167	■（貴重品１６８）■のせつめい	X	
168	■（貴重品１６９）■のせつめい	X	
169	■（貴重品１７０）■のせつめい	X	
170	■（貴重品１７１）■のせつめい	X	
171	■（貴重品１７２）■のせつめい	X	
172	■（貴重品１７３）■のせつめい	X	
173	■（貴重品１７４）■のせつめい	X	
174	■（貴重品１７５）■のせつめい	X	
175	■（貴重品１７６）■のせつめい	X	
176	■（貴重品１７７）■のせつめい	X	
177	■（貴重品１７８）■のせつめい	X	
178	■（貴重品１７９）■のせつめい	X	
179	■（貴重品１８０）■のせつめい	X	
180	■（貴重品１８１）■のせつめい	X	
181	■（貴重品１８２）■のせつめい	X	
182	■（貴重品１８３）■のせつめい	X	
183	■（貴重品１８４）■のせつめい	X	
184	■（貴重品１８５）■のせつめい	X	
185	■（貴重品１８６）■のせつめい	X	
186	■（貴重品１８７）■のせつめい	X	
187	■（貴重品１８８）■のせつめい	X	
188	■（貴重品１８９）■のせつめい	X	
189	■（貴重品１９０）■のせつめい	X	
190	■（貴重品１９１）■のせつめい	X	
191	■（貴重品１９２）■のせつめい	X	
192	■（貴重品１９３）■のせつめい	X	
193	■（貴重品１９４）■のせつめい	X	
194	■（貴重品１９５）■のせつめい	X	
195	■（貴重品１９６）■のせつめい	X	
196	■（貴重品１９７）■のせつめい	X	
197	■（貴重品１９８）■のせつめい	X	
198	■（貴重品１９９）■のせつめい	X	
199	■（貴重品２００）■のせつめい	X	
200	■（貴重品２０１）■のせつめい	X	
201	■（貴重品２０２）■のせつめい	X	
202	■（貴重品２０３）■のせつめい	X	
203	■（貴重品２０４）■のせつめい	X	
204	■（貴重品２０５）■のせつめい	X	
205	■（貴重品２０６）■のせつめい	X	
206	■（貴重品２０７）■のせつめい	X	
207	■（貴重品２０８）■のせつめい	X	
208	■（貴重品２０９）■のせつめい	X	
209	■（貴重品２１０）■のせつめい	X	
210	■（貴重品２１１）■のせつめい	X	
211	■（貴重品２１２）■のせつめい	X	
212	■（貴重品２１３）■のせつめい	X	
213	■（貴重品２１４）■のせつめい	X	
214	■（貴重品２１５）■のせつめい	X	
215	■（貴重品２１６）■のせつめい	X	
216	■（貴重品２１７）■のせつめい	X	
217	■（貴重品２１８）■のせつめい	X	
218	■（貴重品２１９）■のせつめい	X	
219	■（貴重品２２０）■のせつめい	X	
220	■（貴重品２２１）■のせつめい	X	
221	■（貴重品２２２）■のせつめい	X	
222	■（貴重品２２３）■のせつめい	X	
223	■（貴重品２２４）■のせつめい	X	
224	■（貴重品２２５）■のせつめい	X	
225	■（貴重品２２６）■のせつめい	X	
226	■（貴重品２２７）■のせつめい	X	
227	■（貴重品２２８）■のせつめい	X	
228	■（貴重品２２９）■のせつめい	X	
229	■（貴重品２３０）■のせつめい	X	
230	■（貴重品２３１）■のせつめい	X	
231	■（貴重品２３２）■のせつめい	X	
232	■（貴重品２３３）■のせつめい	X	
233	■（貴重品２３４）■のせつめい	X	
234	■（貴重品２３５）■のせつめい	X	
235	■（貴重品２３６）■のせつめい	X	
236	■（貴重品２３７）■のせつめい	X	
237	■（貴重品２３８）■のせつめい	X	
238	■（貴重品２３９）■のせつめい	X	
239	■（貴重品２４０）■のせつめい	X	
240	■（貴重品２４１）■のせつめい	X	
241	■（貴重品２４２）■のせつめい	X	
242	■（貴重品２４３）■のせつめい	X	
243	■（貴重品２４４）■のせつめい	X	
244	■（貴重品２４５）■のせつめい	X	
245	■（貴重品２４６）■のせつめい	X	
246	■（貴重品２４７）■のせつめい	X	
247	■（貴重品２４８）■のせつめい	X	
248	■（貴重品２４９）■のせつめい	X	
249	■（貴重品２５０）■のせつめい	X	
250	■（貴重品２５１）■のせつめい	X	
251	■（貴重品２５２）■のせつめい	X	
252	■（貴重品２５３）■のせつめい	X	
253	■（貴重品２５４）■のせつめい	X	
254	■（貴重品２５５）■のせつめい	X	
255	■（貴重品２５６）■のせつめい	X	
