0	ジグ	Zig
1	レン	Ren
2	ファズ	Faz
3	ユーリ	Yuri
4	センゴク	Sengoku
5	タイロン	Tylong
6	ロザ	Rosa
7	イゴリダ	Igrida
8	ガルガノ	Galgano
9	セブリラ	Sebrina
10	ノーマ	Norma
11	ハース	Hars
12	ポッド	Pod
13	ベイガー	Beyger
14	トレンス	Torrence
15	ソシオ	Soshio
16	ギル	Gil
17	ノーチェ	Noce
18	リオネル	Lionel
19	ビンザー	Vinzer
20	クロヴァ	Clover
21	ワスター	Wasta
22	イェオリ	Georg
23	グレコ	Gleco
24	ピンス	Pince
25	バッス	Basse
26	ゾンマ	Zonma
27	プロポ	Propo
28	シャルネ	Shalne
29	モルト	Molt
30	マイケル	Michel
31	ギュスタブ	Gustave
32	リリア	Lilia
33	プリシラ	Priscilla
34	タルナーダ	Talnarda
35	ケリー	Kelly
36	ケリー	Kelly
37	エルクリア	Elkria
38	チッタ	Tita
39	ルーク	Luke
40	ウネルマ	Unelma
41	フェオン	Feon
42	ルシオ	Lucio
43	イブキ	Ibuki
44	ウォーレン	Warren
45	ナルソス	Narses
46	パルピェーダ	Palpiada
47	ボトヴィッド	Botvid
48	ホフマン	Hoffman
49	ハッサン	Hassan
50	イザベラ	Isabella
51	ギョック	Gyock
52	アヴァール	Avarus
53	ゲーニー	Gany
54	ヤヨイ	Yayoi
55	アーニャ	Anya
56	スカリー	Sculley
57	ナージャ	Nadja
58	ビャッケ	Byakke
59	ニコール	Nicole
60	オルヴァー	Orver
61	シン	Sin
62	レガロ	Regalo
63	ガストン	Gaston
64	レイネ	Reine
65	レイネ	Reine
66	アンナ	Anna
67	ヨア	Yoa
68	ベティ	Betty
69	ヲグル	Wogure
70	メディア	Medea
71	モモ	Momo
72	ツァーフリア	Zarflia
73	ラクスリア	Luxuria
74	ナタン	Natan
75	ムゥ	Mwu
76	グルトン	Gourtong
77	エラスト	Erast
78	サーニャ	Sanya
79	ユミール	Yumil
80	メリッサ	Melissa
81	ロビーナ	Robina
82	ゴンザレス	Gonzalez
83	ネローナ	Nerona
84	ラバディナ	Ravadina
85	ヴィクトル	Victor
86	ベルトルド	Berthold
87	ヤッパ	Yappa
88	ミント	Mint
89	マクシム	Maxim
90	カレン	Karen
91	ティティコ	Titico
92	エイネ	Eine
93	エイネ	Eine
94	ランカー93	X
95	ランカー94	X
96	ランカー95	X
97	ランカー96	X
98	ランカー97	X
99	ランカー98	X
100	ランカー99	X
101	ランカー100	X
102	ランカー101	X
103	ランカー102	X
104	ランカー103	X
105	ランカー104	X
106	ランカー105	X
107	ランカー106	X
108	ランカー107	X
109	ランカー108	X
110	ランカー109	X
111	ランカー110	X
112	ランカー111	X
113	ランカー112	X
114	ランカー113	X
115	ランカー114	X
116	ランカー115	X
117	ランカー116	X
118	ランカー117	X
119	ランカー118	X
120	ランカー119	X
121	ランカー120	X
122	ランカー121	X
123	ランカー122	X
124	ランカー123	X
125	ランカー124	X
126	ランカー125	X
127	ランカー126	X
