t_kan_00	カンタレラ	Cantelera	9
t_kan_01	崩壊カンタレラ	Destroyed Cantelera	19
i_kan_00	ジグの家	Zig's House	11
i_kan_01	ファズの家	Faz's House	11
i_kan_02	集会所	Meeting Hall	12
i_kan_03	民家	House	5
t_gan_00	大橋	Longbridge	10
t_gan_01	下区：商業区	Market District	15
t_gan_02	下区：ランカー居住区	Ranker Quarters	15
t_gan_03	下区：闘技場前	Arena District	14
t_gan_04	タイロン租界	Tylong Compound	15
t_gan_05	バザルタ出張所前	Bazalta Office	14
t_gan_06	上区：噴水広場前	Fountain Plaza	14
t_gan_07	隠し通路	Hidden Passage	14
t_gan_08	バザルタ本部前	Bazalta HQ	10
t_gan_09	バルコニー	Balcony	7
i_gan_00	宿屋グッドナイト	Goodnite Inn	12
i_gan_01	宵の間	Dusk Room	9
i_gan_02	商店デイライト	Daylight	8
i_gan_03	高級商店サンセット	Sunset	6
i_gan_04	病院	Hospital	8
i_gan_05	酒場トワイライト	Twilight	8
i_gan_06	タイロン部屋	Tylong's Room	13
i_gan_07	map_i_gan_07	map_i_gan_07	12
i_gan_08	バザルタ出張所	Bazalta Office	14
i_gan_09	ケーブルカー駅	Tram Station	12
i_gan_10	ガンドア鉄道駅	Rail Station	12
i_gan_11	租界民家	House	5
i_gan_12	租界民家	House	5
i_gan_13	租界民家	House	5
i_gan_14	下区民家	House	5
i_gan_15	下区民家	House	5
i_gan_16	下区民家	House	5
i_gan_17	上区民家	House	5
i_gan_18	上区民家	House	5
i_gan_19	上区民家	House	5
i_gan_20	上区民家	House	5
i_gan_21	下区寄宿舎Ａ棟	Barracks A	10
i_gan_22	租界寄宿舎	Barracks T	10
i_gan_23	２０１号室	Room 201	8
i_gan_24	３０１号室	Room 301	8
i_gan_25	部屋・壱	Room One	8
i_gan_26	闘技場受付	Arena Desk	10
i_gan_27	控え室	Waiting Room	12
i_gan_28	闘技場ステージ	Arena Stage	11
i_gan_29	下区民家	House	5
i_gan_30	下区寄宿舎Ｂ棟	Barracks B	10
i_gan_31	夜半の間	Midnight Room	13
i_gan_32	暁の間	Dawn Room	9
i_gan_33	２０２号室	Room 202	8
i_gan_34	２０３号室	Room 203	8
i_gan_35	３０２号室	Room 302	8
i_gan_36	部屋・弐	Room Two	8
i_bas_00	エントランス	Entrance	8
i_bas_01	地下３階通路	B3 Corridor	11
i_bas_02	地下２階通路	B2 Corridor	11
i_bas_03	地下１階通路	B1 Corridor	11
i_bas_04	執務室前通路	Office Passage	14
i_bas_05	自室前通路	Room Passage	12
i_bas_06	最上階通路	Penthouse Passage	17
i_bas_07	七騎士の間	Round Table	11
i_bas_08	書庫	Library	7
i_bas_09	訓練室	Training Room	13
i_bas_10	ジグの部屋	Zig's Room	10
i_bas_11	ファズの部屋	Faz's Room	10
i_bas_12	レンの部屋	Ren's Room	10
i_bas_13	執務室	Office	6
i_bas_14	map_i_bas_14	map_i_bas_14	12
t_ant_00	迫り来る恐怖	Looming Dread	13
t_ant_01	完全なる死滅	Complete Destruction	20
t_ant_02	一握の希望	Glimmer of Hope	15
t_ant_03	過去と未来の連結	Link of Past and Future	23
t_ant_04	絶望のバルコニー	Balcony of Despair	18
i_ant_00	居住跡地	Destroyed House	15
d_mai_00	安堵の出口	Exit	4
d_mai_01	迷いの小路	Lane of the Lost	16
d_mai_02	意味深な広場	Plaza of Meaning	16
d_mai_03	涼しげな川べり	Refreshing Riverbank	20
d_mai_04	静かな湖畔	Quiet Lakeshore	15
d_dne_00	森林との出入口	Forest Entrance	15
d_dne_01	生温い風道	Road of Warm Wind	17
d_dne_02	朽ちた階段	Crumbling Stairs	16
d_dne_03	旧休息広場	Old Rest Area	13
d_dne_04	閉ざされた道	Closed Road	11
d_dne_05	放置された横穴	Abandoned Cave	14
d_cad_00	水源入り口	Riverbed Entrance	17
d_cad_01	ちょっとした分岐	Fork in the Road	16
d_cad_02	転がり落ちる人生	Tumbling Life	13
d_cad_03	あべこべな寄り道	Divergent Paths	15
d_cad_04	水源最深部	Riverbed Depths	15
d_luk_00	ラ・キット遺跡入り口	La-Kit Entrance	15
d_luk_01	第一の当落選	First Choice	12
d_luk_02	広がる壁画	Vast Mural	10
d_luk_03	精神統一の間	Concentration	13
d_luk_04	血と汗と涙と誇り	Pride of Blood and Sweat	24
d_luk_05	過去への遺路	Path to the Past	16
d_luk_06	心技体の見極め	Judge of Strength	17
d_luk_07	最後の間	The Final Room	14
d_luk_08	最後の間	The Final Room	14
d_sod_00	峡谷との出入口	Ravine Entrance	15
d_sod_01	強者への厳道	Path of the Strong	18
d_sod_02	身を切る冷風	Cutting Cold Wind	17
d_sod_03	強者かの選別	Test of the Strong	18
d_sod_04	氷河との出入口	Glacier Entrance	16
d_nis_00	広がる白道	Moon's Wide Path	16
d_nis_01	ためらいの明道	Path of Fading Light	20
d_nis_02	挫折の寒道	Gloomy Wintry Path	18
d_nis_03	挫折の寒道	Gloomy Wintry Path	18
d_nis_04	わずかな希望	Glimmer of Hope	15
d_rez_00	海岸入り口	Coast Entrance	14
d_rez_01	荒れる海岸道	Stormy Coast Path	17
d_rez_02	かすかな光明	Dim Light	9
d_rez_03	鳴動する鼓動	Rumbling Beat	13
d_rez_04	静寂と狂気の狭間	Between Silence & Insanity	26
d_khi_00	ケイロニア高原０	Keronia Plateau 0	17
d_khi_01	広がる高原	Vast Plateau	12
d_khi_02	荒れた脇道	Neglected Byroad	16
d_khi_03	決意の高台	Decisive High Ground	20
d_khi_04	ケイロニア砦門前	Fort Keronia Gate	17
d_dou_00	要塞戦車ドオウ甲板	Fort Tank Dou Deck	18
d_dou_01	要塞戦車ドオウ配管	Fort Tank Dou Pipes	19
d_dou_02	要塞戦車ドオウ中枢	Fort Tank Dou Center	20
d_dou_03	要塞戦車ドオウ３	Fort Tank Dou 3	15
d_dou_04	要塞戦車ドオウ４	Fort Tank Dou 4	15
d_kfo_00	ケイロニア砦前	Fort Keronia	12
d_kfo_01	ケイロニア砦１Ｆ	Fort Keronia 1F	15
d_kfo_02	ケイロニア砦２Ｆ	Fort Keronia 2F	15
d_kfo_03	ケイロニア砦３Ｆ	Fort Keronia 3F	15
d_kfo_04	ケイロニア砦司令室	Fort Commander's Room	21
d_sal_00	離宮庭園	Imperial Garden	15
d_sal_01	中央ロビー	Central Lobby	13
d_sal_02	私設駅	Private Station	15
d_sal_03	宝物一時保管所	Treasure Room	13
d_sal_04	貴重品鑑賞部屋	Display Room	12
d_bas_00	map_d_bas_00	map_d_bas_00	12
d_bas_01	map_d_bas_01	map_d_bas_01	12
d_bas_02	map_d_bas_02	map_d_bas_02	12
d_bas_03	map_d_bas_03	map_d_bas_03	12
d_bas_04	map_d_bas_04	map_d_bas_04	12
d_zek_00	絶海	Distant Seas	12
d_kou_00	カンタレラへの道	Cantelera Path	14
d_kou_01	それぞれの三叉路	Three-Forked Road	17
d_kou_02	風が抜ける道	Wind-Blown Path	15
d_kou_03	ガンドア近郊の道	Ghandoar Outskirts	18
d_kou_04	砂漠への道	Path to the Desert	18
d_sin_00	ガンドアへの道	Path to Ghandoar	16
d_sin_01	マイヤールへの道	Path to Miyar	13
d_sin_02	ドネイ回廊への道	Path to Donea	13
d_sin_03	海岸へ向かう道	Path to Coast	13
d_sab_00	砂漠入り口	Desert Entrance	15
d_sab_01	吹き荒ぶ砂嵐	Raging Sandstorm	16
d_sab_02	蛇道	Serpentine Path	15
d_sab_03	水源への道	Path to Riverbed	16
d_obt_00	鉄道乗車場	Rail Station	12
d_obt_01	戦塵駆ける地	Battlefield	11
d_obt_02	無数の縦穴	Bottomless Pit	14
d_obt_03	故郷を想う台地	Hometown Plateau	16
d_obt_04	強盾なる盆地	Shield Basin	12
d_hei_00	張り詰めた空気	Strained Atmosphere	19
d_hei_01	嘆きの弦道	Grief Bow Path	14
d_hei_02	息詰まる行き止まり	Stifiling Dead End	18
d_hei_03	海岸への道	Path to Coast	13
d_can_00	鉄道乗車場	Rail Stop	9
d_can_01	一時の安息地	Rest Stop	9
d_can_02	ソダー回廊への道	Path to Soder Corridor	22
d_can_03	二つのため息橋	Bridge of Two Sighs	19
d_can_04	ケイロニア高原への道	Path to Keronia Plateau	23
d_riv_00	ガンドアへの道	Ghandoar Road	13
d_riv_01	静かな河川道	Quiet River Path	16
d_riv_02	荘厳な空間	Solemn Refuge	13
d_riv_03	離宮近郊の道	Path to Villa Outskirts	23
d_riv_04	遥かなる戦の中で	In a Battle Far Away	20
