戦候機構バザルタ	Bazalta Legion
カンタレラ	Cantelera
トーロ荒地	Toro Wasteland
リブラ森林	Libra Forest
マイヤールの森	Miyar Forest
ベリエ街道	Belier Road
ドネイ回廊	Donea Corridor
ウィルゴー砂漠	Virgo Desert
カドモール水源	Kadmore Riverbed
カルキノス荒地	Karkinos Wasteland
ラ・キット遺跡	La-Kit Ruins
レオン峡谷	Leon Canyon
ソダー回廊	Soder Corridor
ニシュラ氷河	Nishula Glacier
いにしえの回廊	Ancient Corridor
フィッシェ街道	Fishe Road
レゾナール海岸	Lesonar Coast
ケイロニア高原	Keronia Plateau
ケイロニア砦	Fort Keronia
サルバトーレ離宮	Salvatore Estate
要塞戦車ドオウ	Fort Tank Dou
絶海	Distant Seas
イベント	Event
