{
  "id": "MAP_UNDERGROUND_PATH_NORTH_SOUTH_TUNNEL",
  "name": "UndergroundPath_NorthSouthTunnel",
  "layout": "LAYOUT_UNDERGROUND_PATH_NORTH_SOUTH_TUNNEL",
  "music": "MUS_ROUTE1",
  "region_map_section": "MAPSEC_UNDERGROUND_PATH",
  "requires_flash": false,
  "weather": "WEATHER_NONE",
  "map_type": "MAP_TYPE_INDOOR",
  "allow_cycling": true,
  "allow_escaping": false,
  "allow_running": true,
  "show_map_name": true,
  "floor_number": 0,
  "battle_scene": "MAP_BATTLE_SCENE_NORMAL",
  "connections": 0,
  "object_events": [

  ],
  "warp_events": [
    {
      "x": 5,
      "y": 4,
      "elevation": 3,
      "dest_map": "MAP_UNDERGROUND_PATH_NORTH_ENTRANCE",
      "dest_warp_id": "2"
    },
    {
      "x": 2,
      "y": 41,
      "elevation": 3,
      "dest_map": "MAP_UNDERGROUND_PATH_SOUTH_ENTRANCE",
      "dest_warp_id": "2"
    }
  ],
  "coord_events": [

  ],
  "bg_events": [
    {
      "type": "hidden_item",
      "x": 4,
      "y": 35,
      "elevation": 0,
      "item": "ITEM_X_SPECIAL",
      "flag": "FLAG_HIDDEN_ITEM_UNDERGROUND_PATH_NORTH_SOUTH_TUNNEL_X_SPECIAL",
      "quantity": 1,
      "underfoot": false
    },
    {
      "type": "hidden_item",
      "x": 3,
      "y": 4,
      "elevation": 0,
      "item": "ITEM_FULL_RESTORE",
      "flag": "FLAG_HIDDEN_ITEM_UNDERGROUND_PATH_NORTH_SOUTH_TUNNEL_FULL_RESTORE",
      "quantity": 1,
      "underfoot": false
    }
  ]
}
