<?xml version="1.0" encoding="UTF-8"?>
<files>
  <file name="MMZ4 Broken Costs.ips" source="original">
    <mtime>1748881818</mtime>
    <size>27</size>
    <md5>1b3e5d5677a212f42e7ca59fef2a6b84</md5>
    <crc32>0bf45cb8</crc32>
    <sha1>6a63693f5d2265c2cda94bd7178b3d7615eb7d22</sha1>
    <format>Unknown</format>
    <viruscheck>1748882171</viruscheck>
  </file>
  <file name="MMZ4 Fifth Cost.ips" source="original">
    <mtime>1748863008</mtime>
    <size>27</size>
    <md5>be0b3ed1148ba33aa3bc050d03004898</md5>
    <crc32>a7bff93a</crc32>
    <sha1>3521f8527ed53bea9849516bfbd93484583ba313</sha1>
    <format>Unknown</format>
    <viruscheck>1748863385</viruscheck>
  </file>
  <file name="MMZ4 Half Cost.ips" source="original">
    <mtime>1748863028</mtime>
    <size>27</size>
    <md5>82819070d2ae819c0b0ecf0302559547</md5>
    <crc32>c2fc2b1c</crc32>
    <sha1>351999868186d8e90f986ad48ea53e5df996a667</sha1>
    <format>Unknown</format>
    <viruscheck>1748863385</viruscheck>
  </file>
  <file name="MMZ4 Sixth Cost.ips" source="original">
    <mtime>1748881821</mtime>
    <size>27</size>
    <md5>78f1c3cd7dde4e0bcede228652cc3377</md5>
    <crc32>f02bf4e2</crc32>
    <sha1>66bdfb7640f37942700e0899672081330a89678c</sha1>
    <format>Unknown</format>
    <viruscheck>1748882171</viruscheck>
  </file>
  <file name="MMZ4 Third Cost.ips" source="original">
    <mtime>1748945843</mtime>
    <size>27</size>
    <md5>5bcbfdfb4e7d09cd58b94fd2c1dde9e1</md5>
    <crc32>7d77b777</crc32>
    <sha1>dd5b9d798761bcf53b2e6ba615919ce9e43e06db</sha1>
    <format>Unknown</format>
    <viruscheck>1748946160</viruscheck>
  </file>
  <file name="mmz4-cyber-elf-cost-reduction-patch_archive.torrent" source="metadata">
    <btih>a640a8fbc4a5587c2434e0761802e037d162aa80</btih>
    <mtime>1748945852</mtime>
    <size>2536</size>
    <md5>895fb0df2852f00823d1ff472571f513</md5>
    <crc32>44b143a7</crc32>
    <sha1>1e7c2decb8655581582f40013eda3bdd03f62c2d</sha1>
    <format>Archive BitTorrent</format>
  </file>
  <file name="mmz4-cyber-elf-cost-reduction-patch_files.xml" source="original">
    <format>Metadata</format>
    <md5>6b58cf9a09ad5ad3fb014a279b45283d</md5>
    <summation>md5</summation>
  </file>
  <file name="mmz4-cyber-elf-cost-reduction-patch_meta.sqlite" source="original">
    <mtime>1748945848</mtime>
    <size>32768</size>
    <md5>677746de4f738a3dcbe31a3b761ef3d5</md5>
    <crc32>6befb4de</crc32>
    <sha1>38033a361fb7ffe49e5cb3be73bd1da2baeeafb5</sha1>
    <format>Metadata</format>
  </file>
  <file name="mmz4-cyber-elf-cost-reduction-patch_meta.xml" source="original">
    <mtime>1748945828</mtime>
    <size>3130</size>
    <md5>c1692b31aadc52a50f4dd130f6f5da79</md5>
    <crc32>ef8ef5b2</crc32>
    <sha1>ac897943546b63bb11f057a453d46a2d3cf13321</sha1>
    <format>Metadata</format>
  </file>
</files>
