<?xml version="1.0" encoding="UTF-8"?>
<metadata>
  <identifier>mmz4-cyber-elf-cost-reduction-patch</identifier>
  <mediatype>software</mediatype>
  <collection>open_source_software</collection>
  <description>&lt;div&gt;Just a quick little ROM patch I made for the US GBA version of Zero 4 to reduce the cost of the Cyber-Elf upgrades. I found in my casual playthrough I get around 1500 E Crystals and that's with exploring the stages as well, and that's a common complaint with Zero 4 as well with how grindy it is and this will hopefully alleviate some of that. Despite all that, this is still my second favorite game in the Zero series behind Zero 3.&lt;/div&gt;&lt;div&gt;&lt;br /&gt;&lt;/div&gt;&lt;div&gt;This patch is only intended for the US ROM of the game since that's what it was made with. I'll go over how you can replace the costs yourself later in the description.&lt;/div&gt;&lt;div&gt;&lt;br /&gt;&lt;/div&gt;&lt;div&gt;&lt;div&gt;There are five variants of the patch: one that halves the costs (to be more in line with Z2 or Z3), one that thirds the costs (slightly less grinding than reducing by half, but more in line with Z2 or Z3), one that fifths the costs (to comfortably max it out by endgame), one that sixths the costs (to match Z1 Revisited's approach and to ensure you'll have all the elf upgrades at the end of the game), and one that's completely broken and basically you'll have it maxed by the end of your first or second stage.&lt;/div&gt;&lt;div&gt;&lt;br /&gt;&lt;/div&gt;&lt;div&gt;Cost Breakdowns per Patch&lt;/div&gt;&lt;div&gt;&lt;br /&gt;&lt;/div&gt;&lt;div&gt;Vanilla 50/100/300/600/1000/1500/3500&lt;/div&gt;&lt;div&gt;Half 25/50/150/300/500/750/1750&lt;/div&gt;&lt;div&gt;Third 20/40/100/200/340/500/1160&lt;/div&gt;&lt;div&gt;Fifth 10/20/60/120/200/300/700&lt;/div&gt;&lt;div&gt;Sixth 10/20/50/100/170/250/580&lt;/div&gt;&lt;div&gt;Broken 10/20/30/40/50/60/70&lt;/div&gt;&lt;/div&gt;&lt;div&gt;&lt;br /&gt;&lt;/div&gt;&lt;div&gt;This patch should be compatible with other patches like the Restoration mod, but I haven't tested that at the moment. &lt;b&gt;Do not apply more than one of these patches at once as they replace the same bytes in the ROM&lt;/b&gt;&lt;/div&gt;&lt;div&gt;&lt;br /&gt;&lt;/div&gt;&lt;div&gt;To do this yourself with any region of a Z4 ROM, search for 32 00 64 00 2C 01 58 02 E8 03 DC 05 AC 0D in a hex editor (the last 4 bytes starting from DC work as well) and replace them with whatever 2 byte little endian hex numbers you'd like.&lt;/div&gt;&lt;div&gt;&lt;br /&gt;&lt;/div&gt;&lt;div&gt;Hope you all enjoy!&lt;/div&gt;</description>
  <scanner>Internet Archive HTML5 Uploader 1.7.0</scanner>
  <subject>Megaman</subject>
  <subject>Rockman</subject>
  <subject>ROM Hack</subject>
  <subject>Patch</subject>
  <title>Mega Man Zero 4 Cyber-Elf Cost Reduction Patch</title>
  <uploader>mattisawesome750@gmail.com</uploader>
  <publicdate>2025-06-02 11:17:08</publicdate>
  <addeddate>2025-06-02 11:17:08</addeddate>
  <curation>[curator]validator@archive.org[/curator][date]20250602112305[/date][comment]checked for malware[/comment]</curation>
</metadata>
