{
    "$schema": "https://raw.githubusercontent.com/qwertymodo/msupcmplusplus/master/configs/schema#",
    "game": "Doom",
    "normalization": -15,
    "output_prefix": "doom_msu1",
	"verbosity": 3,
    "tracks": [
        {
            "track_number": 1,
            "file": "d_intro.flac",
            "use_option": 2,
            "options": [
                {
                    "option": 1,
                    "trim_start": 0
                },
                {
                    "option": 2,
                    "loop": 0
                }
            ]
        },
        {
            "track_number": 2,
            "file": "d_inter.flac",
            "use_option": 2,
            "options": [
                {
                    "option": 1,
                    "trim_start": 0
                },
                {
                    "option": 2,
                    "trim_end": 8565971,
                    "loop": 0
                }
            ]
        },
        {
            "track_number": 11,
            "file": "d_e1m1.flac",
            "use_option": 2,
            "options": [
                {
                    "option": 1,
                    "trim_start": 0
                },
                {
                    "option": 2,
                    "trim_end": 4159321,
                    "loop": 0
                }
            ]
        },
        {
            "track_number": 12,
            "file": "d_e1m2.flac",
            "use_option": 2,
            "options": [
                {
                    "option": 1,
                    "trim_start": 0
                },
                {
                    "option": 2,
                    "loop": 142653
                }
            ]
        },
        {
            "track_number": 13,
            "file": "d_e1m3.flac",
            "use_option": 2,
            "options": [
                {
                    "option": 1,
                    "trim_start": 0
                },
                {
                    "option": 2,
					"trim_end": 11785033,
                    "loop": 0
                }
            ]
        },
        {
            "track_number": 14,
            "file": "d_e1m4.flac",
            "use_option": 2,
            "options": [
                {
                    "option": 1,
                    "trim_start": 0
                },
                {
                    "option": 2,
					"trim_end": 7394220,
                    "loop": 0
                }
            ]
        },
        {
            "track_number": 15,
            "file": "d_e1m5.flac",
            "use_option": 2,
            "options": [
                {
                    "option": 1,
                    "trim_start": 0
                },
                {
                    "option": 2,
					"trim_end": 7106391,
                    "loop": 0
                }
            ]
        },
        {
            "track_number": 16,
            "file": "d_e1m6.flac",
            "use_option": 2,
            "options": [
                {
                    "option": 1,
                    "trim_start": 0
                },
                {
                    "option": 2,
					"trim_end": 3638882,
                    "loop": 0
                }
            ]
        },
        {
            "track_number": 17,
            "file": "d_e1m7.flac",
            "use_option": 2,
            "options": [
                {
                    "option": 1,
                    "trim_start": 0
                },
                {
                    "option": 2,
					"trim_end": 6535911,
                    "loop": 0
                }
            ]
        },
        {
            "track_number": 18,
            "file": "d_e1m8.flac",
            "use_option": 2,
            "options": [
                {
                    "option": 1,
                    "trim_start": 0
                },
                {
                    "option": 2,
					"trim_end": 6585809,
                    "loop": 0
                }
            ]
        },
        {
            "track_number": 19,
            "file": "d_e1m9.flac",
            "use_option": 2,
            "options": [
                {
                    "option": 1,
                    "trim_start": 0
                },
                {
                    "option": 2,
					"trim_end": 5951290,
                    "loop": 0
                }
            ]
        },
        {
            "track_number": 21,
            "file": "d_e2m1.flac",
            "use_option": 2,
            "options": [
                {
                    "option": 1,
                    "trim_start": 0
                },
                {
                    "option": 2,
					"trim_end": 6605847,
                    "loop": 0
                }
            ]
        },
        {
            "track_number": 22,
            "file": "d_e2m2.flac",
            "use_option": 2,
            "options": [
                {
                    "option": 1,
                    "trim_start": 0
                },
                {
                    "option": 2,
					"trim_end": 6585987,
                    "loop": 0
                }
            ]
        },
        {
            "track_number": 24,
            "file": "d_e2m4.flac",
            "use_option": 2,
            "options": [
                {
                    "option": 1,
                    "trim_start": 0
                },
                {
                    "option": 2,
					"trim_end": 10805717,
                    "loop": 0
                }
            ]
        },
        {
            "track_number": 26,
            "file": "d_e2m6.flac",
            "use_option": 2,
            "options": [
                {
                    "option": 1,
                    "trim_start": 0
                },
                {
                    "option": 2,
					"trim_end": 7599398,
                    "loop": 0
                }
            ]
        },
        {
            "track_number": 27,
            "file": "d_e2m7.flac",
            "use_option": 2,
            "options": [
                {
                    "option": 1,
                    "trim_start": 0
                },
                {
                    "option": 2,
					"trim_end": 4525641,
                    "loop": 0
                }
            ]
        },
        {
            "track_number": 28,
            "file": "d_e2m8.flac",
            "use_option": 2,
            "options": [
                {
                    "option": 1,
                    "trim_start": 0
                },
                {
                    "option": 2,
					"trim_end": 7708574,
                    "loop": 0
                }
            ]
        },
        {
            "track_number": 29,
            "file": "d_e2m9.flac",
            "use_option": 2,
            "options": [
                {
                    "option": 1,
                    "trim_start": 0
                },
                {
                    "option": 2,
					"trim_end": 4116233,
                    "loop": 0
                }
            ]
        },
        {
            "track_number": 32,
            "file": "d_e3m2.flac",
            "use_option": 2,
            "options": [
                {
                    "option": 1,
                    "trim_start": 0
                },
                {
                    "option": 2,
					"trim_end": 5030453,
                    "loop": 0
                }
            ]
        },
        {
            "track_number": 33,
            "file": "d_e3m3.flac",
            "use_option": 2,
            "options": [
                {
                    "option": 1,
                    "trim_start": 0
                },
                {
                    "option": 2,
					"trim_end": 5238469,
                    "loop": 0
                }
            ]
        },
        {
            "track_number": 38,
            "file": "d_e3m8.flac",
            "use_option": 2,
            "options": [
                {
                    "option": 1,
                    "trim_start": 0
                },
                {
                    "option": 2,
					"trim_end": 4116852,
                    "loop": 0
                }
            ]
        }
    ]
}