{
  "id": "MAP_SIX_ISLAND_ALTERING_CAVE",
  "name": "SixIsland_AlteringCave",
  "layout": "LAYOUT_SIX_ISLAND_ALTERING_CAVE",
  "music": "MUS_SEVII_CAVE",
  "region_map_section": "MAPSEC_ALTERING_CAVE",
  "requires_flash": false,
  "weather": "WEATHER_NONE",
  "map_type": "MAP_TYPE_UNDERGROUND",
  "allow_cycling": true,
  "allow_escaping": true,
  "allow_running": true,
  "show_map_name": true,
  "floor_number": 0,
  "battle_scene": "MAP_BATTLE_SCENE_NORMAL",
  "connections": 0,
  "object_events": [

  ],
  "warp_events": [
    {
      "x": 18,
      "y": 22,
      "elevation": 3,
      "dest_map": "MAP_SIX_ISLAND_OUTCAST_ISLAND",
      "dest_warp_id": "0"
    }
  ],
  "coord_events": [

  ],
  "bg_events": [

  ]
}
