Shakugan no Shana,Author:  Yashichiro Takahashi,Illust.: Noizi Ito,28
Sword Art Online,Author:  Reki Kawahara,Illust.: abec,26
A Certain Magical Index,Author:  Kazuma Kamachi,Illust.: Kiyotaka Haimura,28
My Little Sister Can't Be This Cute,Author:  Tsukasa Fushimi,Illust.: Hiro Kanzaki,18
Durarara!!,Author:  Ryohgo Narita,Illust.: 	Suzuhito Yasuda,21
Accel World,Author:  Reki Kawahara,Illust.: HIMA,17
Ro-Kyu-Bu!,Author:  Sagu Aoyama,Illust.: Tinkle,28
The Irregular at Magic High School,Author:  Tsutomu Sato,Illust.: Kana Ishida,11
Toradora!,Author:  Yuyuko Takemiya,Illust.: Yasu,17
Strike the Blood,Author:  Gakuto Mikumo,Illust.: Manyako,16
Black Bullet,Author:  Shiden Kanzaki,Illust.: Saki Ukai,18
The Devil Is a Part-Timer!,Author:  Satoshi Wakabara,Illust.: 029,13
Heavy Object,Author:  Kazuma Kamachi,Illust.: Ryo Nagi,23
Spice and Wolf,Author:  Isuna Hasekura,Illust.: Ju Ayakura,25
Boogiepop and Others,Author:  Kouhei Kadono,Illust.: Kouji Ogata,33
Golden Time,Author:  Yuyuko Takemiya,Illust.: Eeji Komatsu,25
Kino's Journey: the Beautiful World,Author:  Keiichi Sigsawa,Illust.: Kouhaku Kuroboshi,16
The Pet Girl of Sakurasou,Author:  Hajime Kamoshida,Illust.: Keeji Mizoguchi,33
Ground Control to Psychoelectric Girl,Author:  Hitoma Iruma,Illust.: Buriki,18
Bludgeoning Angel Dokuro-Chan,Author:  Masaki Okayu,Illust.: Torishimo,23
Iriya no Sora - UFO no Natsu,Author:  Mizuhito Akiyama,Illust.: Eeji Komatsu,23
Horizon in the Middle of Nowhere,Author:  Minoru Kawakami,Illust.: Satoyasu(TENKY),39
Grimoire of Zero,Author:  Kakeru Kobashiri,Illust.: Yoshinori Shizuma,9
Do you wish to buy for 1000CP?,,,
You don't have enough CP.,,,
%DPAD_H%SELECT %OK%VIEW %CANCEL%BACK,,,
%DPAD_ON%MOVE %OK%NEXT PAGE %SQUARE%PREV. PAGE %CANCEL%BACK %R%ZOOM %TRIANGLE%DEFAULT VIEW %SELECT%%START%HIDE MENU,,,
