0,Fighting Climax Ignition logo,main,1000,0
1,Shana artwork 1,main,1000,0
2,Shana artwork 2,main,1000,0
3,Shana artwork 3,main,1000,0
4,Asuna artwork 1,main,1000,0
5,Asuna artwork 2,main,1000,0
6,Asuna artwork 3,main,1000,0
7,Mikoto Misaka artwork 1,main,1000,0
8,Mikoto Misaka artwork 2,main,1000,0
9,Mikoto Misaka artwork 3,main,1000,0
10,Kirino Kosaka artwork 1,main,1000,0
11,Kirino Kosaka artwork 2,main,1000,0
12,Kirino Kosaka artwork 3,main,1000,0
13,Shizuo Heiwajima artwork 1,main,1000,0
14,Shizuo Heiwajima artwork 2,main,1000,0
16,Kuroyukihime artwork 1,main,1000,0
17,Kuroyukihime artwork 2,main,1000,0
18,Kuroyukihime artwork 3,main,1000,0
19,Tomoka Minato artwork 1,main,1000,0
20,Tomoka Minato artwork 2,main,1000,0
21,Tomoka Minato artwork 3,main,1000,0
22,Kirito artwork 1,main,1000,0
23,Kirito artwork 2,main,1000,0
24,Kirito artwork 3,main,1000,0
25,Miyuki Shiba artwork 1,main,1000,0
26,Miyuki Shiba artwork 2,main,1000,0
27,Miyuki Shiba artwork 3,main,1000,0
28,Taiga Aisaka artwork 1,main,1000,0
29,Taiga Aisaka artwork 2,main,1000,0
30,Taiga Aisaka artwork 3,main,1000,0
31,Yukina Himeragi artwork 1,main,1000,0
32,Yukina Himeragi artwork 2,main,1000,0
33,Yukina Himeragi artwork 3,main,1000,0
34,Rentaro Satomi artwork 1,main,1000,0
35,Rentaro Satomi artwork 2,main,1000,0
36,Rentaro Satomi artwork 3,main,1000,0
43,Emi Yusa artwork 1,main,1000,0
44,Emi Yusa artwork 2,main,1000,0
45,Emi Yusa artwork 3,main,1000,0
46,Qwenthur artwork 1,main,1000,0
47,Qwenthur artwork 2,main,1000,0
49,Havia artwork 1,main,1000,0
50,Havia artwork 2,main,1000,0
51,Milinda artwork 1,main,1000,0
52,Milinda artwork 2,main,1000,0
53,Tatsuya Shiba artwork 1,main,1000,0
54,Tatsuya Shiba artwork 2,main,1000,0
55,Kuroko Shirai artwork 1,main,1000,0
56,Kuroko Shirai artwork 2,main,1000,0
57,Yuuki artwork 1,main,1000,1
58,Yuuki artwork 2,main,1000,1
59,Yuuki artwork 3,main,1000,1
60,Ako artwork 1,main,1000,2
61,Ako artwork 2,main,1000,2
62,Ako artwork 3,main,1000,2
37,Akira Yuki artwork 1,main,1000,0
38,Akira Yuki artwork 2,main,1000,0
39,Akira Yuki artwork 3,main,1000,0
40,Selvaria Bles artwork 1,main,1000,0
41,Selvaria Bles artwork 2,main,1000,0
42,Selvaria Bles artwork 3,main,1000,0
1001,Wilhelmina artwork ,support,1000,0
1002,Leafa artwork ,support,1000,0
1003,Toma Kamijo artwork ,support,1000,0
1004,Kuroneko artwork ,support,1000,0
1005,Celty Sturluson artwork ,support,1000,0
1006,Haruyuki Arita artwork ,support,1000,0
1007,Innocent Charm artwork ,support,1000,0
1008,Holo artwork ,support,1000,0
1009,Koko Kaga artwork ,support,1000,0
1010,Boogiepop artwork ,support,1000,0
1011,Kino artwork ,support,1000,0
1012,Mashiro Shiina artwork ,support,1000,0
1013,Erio Towa artwork ,support,1000,0
1014,Sadao Mao artwork ,support,1000,0
1015,Tatsuya Shiba artwork ,support,1000,0
1016,Ryuuji Takasu artwork ,support,1000,0
1017,Kojou Akatsuki artwork ,support,1000,0
1018,Enju Aihara artwork ,support,1000,0
1019,Dokuro-chan artwork ,support,1000,0
1020,Accelerator artwork ,support,1000,0
1021,Izaya Orihara artwork ,support,1000,0
1024,Froleytia artwork ,support,1000,0
1025,Iriya Kana artwork ,support,1000,0
1026,Tomo Asama artwork ,support,1000,0
1027,Zero artwork ,support,1000,0
1028,Kazari Uiharu artwork ,support,1000,0
1029,LLENN artwork ,support,1000,1
1030,Rusian artwork ,support,1000,2
1022,Pai Chan artwork ,support,1000,0
1023,Alicia Melchiott artwork ,support,1000,0
2001,Shana sprite 1,dot,1000,0
2500,Shana sprite 2,dot,1000,0
2501,Shana sprite 3,dot,1000,0
2002,Asuna sprite 1,dot,1000,0
2502,Asuna sprite 2,dot,1000,0
2503,Asuna sprite 3,dot,1000,0
2003,Mikoto Misaka sprite 1,dot,1000,0
2504,Mikoto Misaka sprite 2,dot,1000,0
2505,Mikoto Misaka sprite 3,dot,1000,0
2004,Kirino Kosaka sprite 1,dot,1000,0
2506,Kirino Kosaka sprite 2,dot,1000,0
2507,Kirino Kosaka sprite 3,dot,1000,0
2005,Shizuo Heiwajima sprite 1,dot,1000,0
2508,Shizuo Heiwajima sprite 2,dot,1000,0
2509,Shizuo Heiwajima sprite 3,dot,1000,0
2006,Kuroyukihime sprite 1,dot,1000,0
2510,Kuroyukihime sprite 2,dot,1000,0
2511,Kuroyukihime sprite 3,dot,1000,0
2007,Tomoka Minato sprite 1,dot,1000,0
2512,Tomoka Minato sprite 2,dot,1000,0
2513,Tomoka Minato sprite 3,dot,1000,0
2008,Kirito sprite 1,dot,1000,0
2514,Kirito sprite 2,dot,1000,0
2515,Kirito sprite 3,dot,1000,0
2009,Miyuki Shiba sprite 1,dot,1000,0
2516,Miyuki Shiba sprite 2,dot,1000,0
2517,Miyuki Shiba sprite 3,dot,1000,0
2010,Taiga Aisaka sprite 1,dot,1000,0
2518,Taiga Aisaka sprite 2,dot,1000,0
2519,Taiga Aisaka sprite 3,dot,1000,0
2011,Yukina Himeragi sprite 1,dot,1000,0
2520,Yukina Himeragi sprite 2,dot,1000,0
2521,Yukina Himeragi sprite 3,dot,1000,0
2012,Rentaro Satomi sprite 1,dot,1000,0
2522,Rentaro Satomi sprite 2,dot,1000,0
2523,Rentaro Satomi sprite 3,dot,1000,0
2015,Emi Yusa sprite 1,dot,1000,0
2528,Emi Yusa sprite 2,dot,1000,0
2529,Emi Yusa sprite 3,dot,1000,0
2016,Qwenthur sprite 1,dot,1000,0
2530,Qwenthur sprite 2,dot,1000,0
2531,Qwenthur sprite 3,dot,1000,0
2017,Havia sprite ,dot,1000,0
2018,Tatsuya Shiba sprite 1,dot,1000,0
2532,Tatsuya Shiba sprite 2,dot,1000,0
2533,Tatsuya Shiba sprite 3,dot,1000,0
2019,Kuroko Shirai sprite 1,dot,1000,0
2534,Kuroko Shirai sprite 2,dot,1000,0
2535,Kuroko Shirai sprite 3,dot,1000,0
2020,Yuuki sprite 1,dot,1000,1
2536,Yuuki sprite 2,dot,1000,1
2537,Yuuki sprite 3,dot,1000,1
2021,Ako sprite 1,dot,1000,2
2538,Ako sprite 2,dot,1000,2
2539,Ako sprite 3,dot,1000,2
2013,Akira Yuki sprite 1,dot,1000,0
2524,Akira Yuki sprite 2,dot,1000,0
2525,Akira Yuki sprite 3,dot,1000,0
2014,Selvaria Bles sprite 1,dot,1000,0
2526,Selvaria Bles sprite 2,dot,1000,0
2527,Selvaria Bles sprite 3,dot,1000,0
2101,Wilhelmina sprite 1,dot,1000,0
2601,Wilhelmina sprite 2,dot,1000,0
2102,Leafa sprite 1,dot,1000,0
2602,Leafa sprite 2,dot,1000,0
2103,Toma Kamijo sprite 1,dot,1000,0
2603,Toma Kamijo sprite 2,dot,1000,0
2104,Kuroneko sprite 1,dot,1000,0
2604,Kuroneko sprite 2,dot,1000,0
2105,Celty Sturluson sprite 1,dot,1000,0
2605,Celty Sturluson sprite 2,dot,1000,0
2106,Haruyuki Arita sprite 1,dot,1000,0
2606,Haruyuki Arita sprite 2,dot,1000,0
2107,Innocent Charm sprite 1,dot,1000,0
2607,Innocent Charm sprite 2,dot,1000,0
2108,Holo sprite 1,dot,1000,0
2608,Holo sprite 2,dot,1000,0
2109,Koko Kaga sprite 1,dot,1000,0
2609,Koko Kaga sprite 2,dot,1000,0
2110,Boogiepop sprite 1,dot,1000,0
2610,Boogiepop sprite 2,dot,1000,0
2111,Kino sprite 1,dot,1000,0
2611,Kino sprite 2,dot,1000,0
2112,Mashiro Shiina sprite 1,dot,1000,0
2612,Mashiro Shiina sprite 2,dot,1000,0
2113,Erio Towa sprite 1,dot,1000,0
2613,Erio Towa sprite 2,dot,1000,0
2114,Sadao Mao sprite 1,dot,1000,0
2614,Sadao Mao sprite 2,dot,1000,0
2115,Tatsuya Shiba(�r) sprite 1,dot,1000,0
2615,Tatsuya Shiba(�r) sprite 2,dot,1000,0
2116,Ryuuji Takasu sprite 1,dot,1000,0
2616,Ryuuji Takasu sprite 2,dot,1000,0
2117,Kojou Akatsuki sprite 1,dot,1000,0
2617,Kojou Akatsuki sprite 2,dot,1000,0
2118,Enju Aihara sprite 1,dot,1000,0
2618,Enju Aihara sprite 2,dot,1000,0
2119,Dokuro-chan sprite 1,dot,1000,0
2619,Dokuro-chan sprite 2,dot,1000,0
2120,Accelerator sprite 1,dot,1000,0
2620,Accelerator sprite 2,dot,1000,0
2121,Izaya Orihara sprite 1,dot,1000,0
2621,Izaya Orihara sprite 2,dot,1000,0
2124,Froleytia sprite 1,dot,1000,0
2624,Froleytia sprite 2,dot,1000,0
2125,Iriya Kana sprite 1,dot,1000,0
2625,Iriya Kana sprite 2,dot,1000,0
2126,Tomo Asama sprite 1,dot,1000,0
2626,Tomo Asama sprite 2,dot,1000,0
2127,Zero sprite 1,dot,1000,0
2627,Zero sprite 2,dot,1000,0
2128,Kazari Uiharu sprite 1,dot,1000,0
2628,Kazari Uiharu sprite 2,dot,1000,0
2129,LLENN sprite 1,dot,1000,1
2629,LLENN sprite 2,dot,1000,1
2130,Rusian sprite 1,dot,1000,2
2630,Rusian sprite 2,dot,1000,2
2122,Pai Chan sprite 1,dot,1000,0
2622,Pai Chan sprite 2,dot,1000,0
2123,Alicia Melchiott sprite 1,dot,1000,0
2623,Alicia Melchiott sprite 2,dot,1000,0
9000,No Icon,special,1000,0
4017,Business Suit,special,1000,0
4018,Crown,special,1000,0
4019,Fist,special,1000,0
4020,Shaking Hands,special,1000,0
4021,Symbol of Peace,special,1000,0
4022,Lever,special,1000,0
4023,Button,special,1000,0
4024,Skull,special,1000,0
4025,No Smoking,special,1000,0
4026,Rookie's Insignia,special,1000,0
4027,Heart,special,1000,0
4028,Diamond,special,1000,0
4029,Spade,special,1000,0
4030,Club,special,1000,0
4031,Diamond,special,1000,0
4032,Gemstone,special,1000,0
4033,Stone,special,1000,0
4034,Wolf Silhouette,special,1000,0
4035,Eagle Silhouette,special,1000,0
4036,Horse Silhouette,special,1000,0
4037,Killer Whale Silhouette,special,1000,0
4038,Crab Silhouette,special,1000,0
4039,Marlin Silhouette,special,1000,0
4040,Stag Beetle Silhouette,special,1000,0
4041,Bees Silhouette,special,1000,0
4042,Beetle Silhouette,special,1000,0
4043,Letter S,special,1000,0
4044,Letter A,special,1000,0
4045,Letter B,special,1000,0
4046,Letter C,special,1000,0
4047,Letters SSR,special,1000,0
4048,Letters UR,special,1000,0
4049,King Piece,special,1000,0
4050,Queen Piece,special,1000,0
4051,Pawn Piece,special,1000,0
4052,USS,special,1000,0
4053,Battleship,special,1000,0
4054,Submarine,special,1000,0
4055,Cyber-line,special,1000,0
4056,Cyber-square,special,1000,0
4057,Cyber-circuit,special,1000,0
4058,Tamago Sushi,special,1000,0
4059,Uni Gunkan,special,1000,0
4060,Toro Sushi,special,1000,0
4061,Pizza,special,1000,0
4062,Steak,special,1000,0
4063,Fried Shrimp,special,1000,0
4064,Wine,special,1000,0
4065,Canned Drink,special,1000,0
4066,Soft Drink,special,1000,0
4067,Watermelon,special,1000,0
4068,Apple,special,1000,0
4069,Banana,special,1000,0
4070,Paper Plane,special,1000,0
4071,Wrench,special,1000,0
4072,Magnet,special,1000,0
4073,Yotsuba,special,1000,0
4074,Autumn Leaf,special,1000,0
4075,Mushroom,special,1000,0
4076,Yaezakura Kamon,special,1000,0
4077,Inazumabishi Kamon,special,1000,0
4078,Umekikkou Kamon,special,1000,0
4079,Trump Card Warning,special,1000,0
4080,Do Not Run,special,1000,0
4081,Pose Indication Sign,special,1000,0
4082,Shuriken,special,1000,0
4083,Kunai,special,1000,0
4084,Tachi,special,1000,0
4085,Racecar,special,1000,0
4086,Truck,special,1000,0
4087,Excavator,special,1000,0
5001,Melon Bread,special,1000,0
5002,Knights' Clan Emblem,special,1000,0
5003,Geko Dai,special,1000,0
5004,Bag,special,1000,0
5005,NO Sign,special,1000,0
5006,Butterfly Accesory,special,1000,0
5007,Basketball,special,1000,0
5008,Elucidator & Dark Repulser,special,1000,0
5009,Palmtop Tiger,special,1000,0
5010,Snowflake,special,1000,0
5011,Guitar Case,special,1000,0
5012,Black Bullet,special,1000,0
6001,Mask,special,1000,0
6002,Fairy Wings,special,1000,0
6003,Right Hand,special,1000,0
6004,Black Cat Ears,special,1000,0
6005,PDA,special,1000,0
6006,Neuro-Linke,special,1000,0
6007,Rabbit Plushie,special,1000,0
6008,Wheat,special,1000,0
6009,Bouqet,special,1000,0
6010,Taijitu,special,1000,0
6011,Hat,special,1000,0
6012,Baumkuchen,special,1000,0
6013,Signal,special,1000,0
6014,Burger Combo,special,1000,0
6015,Silverhorn Trident,special,1000,0
6016,Ryuuji's Cleaning Stick,special,1000,0
6017,Wings and Chain Emblem,special,1000,0
6018,Boots,special,1000,0
6019,Esukariborugu,special,1000,0
6020,Last Order,special,1000,0
6021,Knife,special,1000,0
6024,Alas Ramus,special,1000,0
6025,Baby Magnum,special,1000,0
6026,Black Manta,special,1000,0
6027,Judgment Armband,special,1000,0
6028,Hanami,special,1000,0
6029,Zero's Book,special,1000,0
6030,Flower Heads,special,1000,0
6031,Yuuki's Sword,special,1000,1
6032,Pink Hat,special,1000,1
6033,Glittering Rod,special,1000,2
6034,Main Shield,special,1000,2
5013,Virtua Fighter - Akira,special,1000,0
6022,Virtua Fighter - Pai,special,1000,0
5014,Spear,special,1000,0
6023,Little Red Riding Hood's Breads,special,1000,0
7001,Shana ball,ball,1000,0
7002,Asuna ball,ball,1000,0
7003,Mikoto Misaka ball,ball,1000,0
7004,Kirino Kosaka ball,ball,1000,0
7005,Shizuo Heiwajima ball,ball,1000,0
7006,Kuroyukihime ball,ball,1000,0
7007,Tomoka Minato ball,ball,1000,0
7008,Kirito ball,ball,1000,0
7009,Miyuki Shiba ball,ball,1000,0
7010,Taiga Aisaka ball,ball,1000,0
7011,Yukina Himeragi ball,ball,1000,0
7012,Rentaro Satomi ball,ball,1000,0
7015,Emi Yusa ball,ball,1000,0
7016,Qwenthur ball,ball,1000,0
7017,Tatsuya Shiba ball,ball,1000,0
7018,Kuroko Shirai ball,ball,1000,0
7019,Yuuki ball,ball,1000,1
7020,Ako ball,ball,1000,2
7013,Akira Yuki ball,ball,1000,0
7014,Selvaria Bles ball,ball,1000,0
