0,Normal (Blue),normal,1000,0
1,Normal (Green),normal,1000,0
2,Normal (Red),normal,1000,0
3,Metal (Purple),normal,1000,0
4,Metal (Yellow),normal,1000,0
5,Blackboard,normal,1000,0
6,Lithograph (Lavastone),normal,1000,0
7,Lithograph (Greenstone),normal,1000,0
8,Notebook (Blue),normal,1000,0
9,Notebook (Peach),normal,1000,0
10,Cloth (Green),normal,1000,0
11,Cloth (Red),normal,1000,0
12,Smartphone,normal,1000,0
13,Electronic,normal,1000,0
14,Clear (Green),normal,1000,0
15,Clear (Purple),normal,1000,0
16,Woodcut,normal,1000,0
17,Leather,normal,1000,0
100,Shana,main,6000,0
101,Asuna,main,6000,0
103,Mikoto Misaka,main,6000,0
104,Kirino Kousaka,main,6000,0
107,Shizuo Heiwajima,main,6000,0
105,Kuroyukihime,main,6000,0
106,Tomoka Minato,main,6000,0
102,Kirito,main,6000,0
108,Miyuki Shiba,main,6000,0
109,Taiga Aisaka,main,6000,0
110,Yukina Himeragi,main,6000,0
111,Rentaro Satomi,main,6000,0
114,Emi Yusa,main,6000,0
115,Qwenthur,main,6000,0
116,Havia,main,6000,0
117,Milinda,main,6000,0
118,Tatsuya Shiba,main,6000,0
119,Kuroko Shirai,main,6000,0
120,Yuuki,main,6000,1
121,Ako,main,6000,2
112,Akira,main,6000,0
113,Selvaria,main,6000,0
200,Wilhelmina,support,5000,0
201,Leafa,support,5000,0
202,Touma Kamijo,support,5000,0
203,Kuroneko,support,5000,0
204,Celty,support,5000,0
205,Haruyuki,support,5000,0
206,Innocent Charm,support,5000,0
207,Holo,support,5000,0
210,Kouko Kaga,support,5000,0
208,Boogiepop,support,5000,0
211,Kino,support,5000,0
212,Mashiro Shiina,support,5000,0
213,Erio Touwa,support,5000,0
209,Sadao Maou,support,5000,0
214,Tatsuya Shiba,support,5000,0
215,Ryuji Takasu,support,5000,0
216,Kojyo Akatsuki,support,5000,0
217,Enju Aihara,support,5000,0
218,Dokuro,support,5000,0
219,Accelerator,support,5000,0
220,Izaya Orihara,support,5000,0
223,Frolaytia,support,5000,0
224,Kana Iriya,support,5000,0
225,Tomo Asama,support,5000,0
226,Zero,support,5000,0
227,Kazari Uiharu,support,5000,0
228,LLENN,support,5000,1
229,Rusian,support,5000,2
221,Pai,support,5000,0
222,Alicia,support,5000,0
