{
  "id": "MAP_PINLEAF_TOWN_INN_2F",
  "name": "PinleafTown_Inn_2F",
  "layout": "LAYOUT_PINLEAF_TOWN_INN_2F",
  "music": "MUS_GREENDALE_VILLAGE",
  "region_map_section": "MAPSEC_PINLEAF_TOWN",
  "requires_flash": false,
  "weather": "WEATHER_NONE",
  "map_type": "MAP_TYPE_INDOOR",
  "allow_cycling": false,
  "allow_escaping": false,
  "allow_running": true,
  "show_map_name": false,
  "battle_scene": "MAP_BATTLE_SCENE_NORMAL",
  "connections": 0,
  "object_events": [
    {
      "graphics_id": "OBJ_EVENT_GFX_EXPERT_M",
      "x": 5,
      "y": 10,
      "elevation": 3,
      "movement_type": "MOVEMENT_TYPE_FACE_LEFT",
      "movement_range_x": 0,
      "movement_range_y": 0,
      "trainer_type": "TRAINER_TYPE_NONE",
      "trainer_sight_or_berry_tree_id": "0",
      "script": "PinleafTown_Inn_2F_Old_Man_TM_Rest",
      "flag": "0"
    }
  ],
  "warp_events": [
    {
      "x": 9,
      "y": 9,
      "elevation": 3,
      "dest_map": "MAP_PINLEAF_TOWN_INN_1F",
      "dest_warp_id": "2"
    },
    {
      "x": 1,
      "y": 9,
      "elevation": 3,
      "dest_map": "MAP_PINLEAF_TOWN_INN_2F",
      "dest_warp_id": "2"
    },
    {
      "x": 1,
      "y": 5,
      "elevation": 3,
      "dest_map": "MAP_PINLEAF_TOWN_INN_2F",
      "dest_warp_id": "1"
    }
  ],
  "coord_events": [

  ],
  "bg_events": [
    {
      "type": "sign",
      "x": 4,
      "y": 3,
      "elevation": 0,
      "player_facing_dir": "BG_EVENT_PLAYER_FACING_ANY",
      "script": "Route119_WeatherInstitute_1F_EventScript_Bed"
    },
    {
      "type": "sign",
      "x": 4,
      "y": 4,
      "elevation": 0,
      "player_facing_dir": "BG_EVENT_PLAYER_FACING_ANY",
      "script": "Route119_WeatherInstitute_1F_EventScript_Bed"
    },
    {
      "type": "sign",
      "x": 4,
      "y": 5,
      "elevation": 0,
      "player_facing_dir": "BG_EVENT_PLAYER_FACING_ANY",
      "script": "Route119_WeatherInstitute_1F_EventScript_Bed"
    },
    {
      "type": "sign",
      "x": 8,
      "y": 8,
      "elevation": 0,
      "player_facing_dir": "BG_EVENT_PLAYER_FACING_ANY",
      "script": "PinleafTown_Inn_2F_Sign_Door_Locked"
    },
    {
      "type": "hidden_item",
      "x": 5,
      "y": 2,
      "elevation": 3,
      "item": "ITEM_RARE_CANDY",
      "flag": "FLAG_HIDDEN_ITEM_PINLEAF_TOWN_INN_2F_RARE_CANDY"
    },
    {
      "type": "sign",
      "x": 1,
      "y": 11,
      "elevation": 0,
      "player_facing_dir": "BG_EVENT_PLAYER_FACING_ANY",
      "script": "PinleafTown_Inn_2F_Sign_Door_Locked"
    },
    {
      "type": "sign",
      "x": 8,
      "y": 11,
      "elevation": 0,
      "player_facing_dir": "BG_EVENT_PLAYER_FACING_ANY",
      "script": "PinleafTown_Inn_2F_Sign_Door_Locked"
    }
  ]
}
