<?xml version="1.0" encoding="UTF-8"?>
<metadata>
  <identifier>chrisrlillo-lm64</identifier>
  <mediatype>software</mediatype>
  <collection>open_source_software</collection>
  <creator>Christopher Rios Lillo (kurtcobainnirvanaxd)</creator>
  <date>2010</date>
  <description>Romhack based on Luigi's Mansion for the GameCube, though it is just a soulless reskin made in Toad's Tool 64 to match its scariness poorly compared to Luigi's Mansion. (cringe)&lt;div&gt;Texture pack were also going to be included as well, but as we've seen we don't see any texture pack scattering across the internet and Chris has lost it as well. So uh, enjoy, I guess?&lt;br /&gt;&lt;div&gt;&lt;br /&gt;&lt;/div&gt;&lt;div&gt;This romhack is not from Mariocrash, but from the B3313 (you might've already known about this hack, since it's popular) creator, ChrisRLillo. This is just a reupload from late 2021-early 2022, on notvillager.neocities.org (my site!), albeit with more stuff like the console-compatible patch. The truth can be seen in the second picture.&lt;/div&gt;&lt;div&gt;&lt;b&gt;This requires a legally-dumped and perfectly matched SM64 USA ROM.&lt;/b&gt;&lt;/div&gt;&lt;div&gt;&lt;br /&gt;&lt;/div&gt;&lt;div&gt;Unaligned DMA must be turned off before playing this rom hack. This can be found in Project64 3.0.1. (Configuration, turn off hide advanced settings -&amp;gt; Defaults, then turn off unaligned DMA and apply)&lt;/div&gt;&lt;div&gt;&lt;br /&gt;&lt;/div&gt;&lt;div&gt;&lt;b&gt;For archival purposes only.&lt;/b&gt;&lt;/div&gt;&lt;/div&gt;</description>
  <language>eng</language>
  <scanner>Internet Archive HTML5 Uploader 1.7.0</scanner>
  <subject>sm64</subject>
  <subject>super mario 64</subject>
  <subject>rom hack</subject>
  <subject>reskin</subject>
  <subject>retexture</subject>
  <subject>cringe</subject>
  <title>Luigi's Mansion 64</title>
  <uploader>notvillager64@protonmail.com</uploader>
  <publicdate>2023-12-07 10:35:00</publicdate>
  <addeddate>2023-12-07 10:35:00</addeddate>
  <curation>[curator]validator@archive.org[/curator][date]20231207104155[/date][comment]checked for malware[/comment]</curation>
  <year>2010</year>
</metadata>
