<?xml version="1.0" encoding="UTF-8"?>
<files>
  <file name="Official Luigis Mansion 64 - original build ED.bps" source="original">
    <mtime>1701945274</mtime>
    <size>2569035</size>
    <md5>b1b94089319839cc65acb1e47049372d</md5>
    <crc32>2144df1c</crc32>
    <sha1>219cc8e8eafe0e81aa1a012071afcaef09e52e6f</sha1>
    <format>Unknown</format>
    <viruscheck>1701945715</viruscheck>
  </file>
  <file name="Official Luigis Mansion 64 - original build.bps" source="original">
    <mtime>1701945348</mtime>
    <size>2569022</size>
    <md5>04a3821e03b6bf24c897ea89e35afdc7</md5>
    <crc32>2144df1c</crc32>
    <sha1>56861f2426c17c101c77f898fa40401bcfa81155</sha1>
    <format>Unknown</format>
    <viruscheck>1701945715</viruscheck>
  </file>
  <file name="__ia_thumb.jpg" source="original">
    <mtime>1701945397</mtime>
    <size>14971</size>
    <md5>863e1b67e4be3031edd48fce5f78a5ef</md5>
    <crc32>800371d6</crc32>
    <sha1>b0107ba82c61e17a019713084e79cee6f987b64b</sha1>
    <format>Item Tile</format>
    <rotation>0</rotation>
  </file>
  <file name="chrisrlillo-lm64_archive.torrent" source="metadata">
    <btih>ce41b060dd829d254688734620980125d416f992</btih>
    <mtime>1731017338</mtime>
    <size>2994</size>
    <md5>b1f82e482eb58fb15a21232d11f21319</md5>
    <crc32>dd419109</crc32>
    <sha1>a5be33db278d5a0a4a69299e567c535a0aa667c9</sha1>
    <format>Archive BitTorrent</format>
  </file>
  <file name="chrisrlillo-lm64_files.xml" source="original">
    <format>Metadata</format>
    <md5>2b7dc9ea3235166ef873c4e122931e4b</md5>
    <summation>md5</summation>
  </file>
  <file name="chrisrlillo-lm64_meta.sqlite" source="original">
    <mtime>1701945391</mtime>
    <size>36864</size>
    <md5>a5451487a79c7d88584feff6fa7f1aa3</md5>
    <crc32>aea7a519</crc32>
    <sha1>d16b22fded0ce8f1d8b31ff52552d40b3b7760dd</sha1>
    <format>Metadata</format>
  </file>
  <file name="chrisrlillo-lm64_meta.xml" source="original">
    <mtime>1731017336</mtime>
    <size>2167</size>
    <md5>f21c18aab4c3e2deddca407b135fc3ba</md5>
    <crc32>a41e2381</crc32>
    <sha1>3d8776ebd3183e023ffa229cae67c2139f6442df</sha1>
    <format>Metadata</format>
  </file>
  <file name="chrisrlillo-lm64_preview.jpg" source="original">
    <mtime>1701945351</mtime>
    <size>129620</size>
    <md5>4cbf8e402fa26d4bb7af838d04f70fc3</md5>
    <crc32>0823aab0</crc32>
    <sha1>7cdebaa943b95c3d40946a017848024a58e4f53d</sha1>
    <format>JPEG</format>
    <rotation>0</rotation>
  </file>
  <file name="chrisrlillo-lm64_preview_thumb.jpg" source="derivative">
    <format>JPEG Thumb</format>
    <original>chrisrlillo-lm64_preview.jpg</original>
    <mtime>1701945747</mtime>
    <size>9831</size>
    <md5>2daa07dd591ec1cbfd5320ea44cf489c</md5>
    <crc32>ebe37994</crc32>
    <sha1>86581fc49051ed7b7af17eae5955ee2a0e6f8007</sha1>
  </file>
  <file name="truth.PNG" source="original">
    <mtime>1701945354</mtime>
    <size>62729</size>
    <md5>8db290c74f7ce1bc750adf0a408c19e1</md5>
    <crc32>f74beb0a</crc32>
    <sha1>20db9fee716f06023f8275447fd0d2aef0d2425b</sha1>
    <format>PNG</format>
  </file>
  <file name="truth_thumb.jpg" source="derivative">
    <format>JPEG Thumb</format>
    <original>truth.PNG</original>
    <mtime>1701945742</mtime>
    <size>5826</size>
    <md5>296fd916cc4c00aa0370440cf1013bef</md5>
    <crc32>c2a7f3b6</crc32>
    <sha1>1106e82464b40223b28a8a6f5b5bfb4bee1293a3</sha1>
  </file>
</files>
