<?xml version="1.0" encoding="UTF-8"?>
<metadata>
  <identifier>alex-kidd-in-miracle-world-sms-voyage-asorceress-vacation-mod</identifier>
  <mediatype>software</mediatype>
  <collection>open_source_software</collection>
  <description>A rom hack from this dude https://twitter.com/ichigobankai_/status/1366669656212316162</description>
  <scanner>Internet Archive HTML5 Uploader 1.6.4</scanner>
  <subject>Game</subject>
  <title>Alex Kidd In Miracle World SMS Voyage ASorceress Vacation Mod 1.03</title>
  <uploader>deakproue@gmail.com</uploader>
  <collection>community</collection>
  <publicdate>2021-03-02 12:42:57</publicdate>
  <addeddate>2021-03-02 12:42:57</addeddate>
  <curation>[curator]validator@archive.org[/curator][date]20210302124812[/date][comment]checked for malware[/comment]</curation>
</metadata>
