<?xml version="1.0" encoding="UTF-8"?>
<files>
  <file name="AlexKiddInMiracleWorld-SMS-VoyageASorceressVacation-Mod-1.03.zip" source="original">
    <mtime>1614688946</mtime>
    <size>141484</size>
    <md5>afa7cf2eb97e7994688d6185125d4e53</md5>
    <crc32>7db77638</crc32>
    <sha1>35b8c4e8e1e9efc6405148f66fcdee0f457cefb0</sha1>
    <format>ZIP</format>
  </file>
  <file name="alex-kidd-in-miracle-world-sms-voyage-asorceress-vacation-mod_archive.torrent" source="metadata">
    <btih>e2da5f7a3f6fed84975158160e3c094a36ee2ad4</btih>
    <mtime>1614689292</mtime>
    <size>2109</size>
    <md5>25fd6ddb4d5c40b7fa8583489b723bf3</md5>
    <crc32>d664d8e1</crc32>
    <sha1>fb2cf0ecceedc4a2df60fe9a91dc3501a017131b</sha1>
    <format>Archive BitTorrent</format>
  </file>
  <file name="alex-kidd-in-miracle-world-sms-voyage-asorceress-vacation-mod_files.xml" source="original">
    <format>Metadata</format>
    <md5>8ee8002c3be1959f16e766df4823ae65</md5>
    <summation>md5</summation>
  </file>
  <file name="alex-kidd-in-miracle-world-sms-voyage-asorceress-vacation-mod_meta.sqlite" source="original">
    <mtime>1614688984</mtime>
    <size>11264</size>
    <md5>d6b24bbc8034935315055f1d7f0d6395</md5>
    <crc32>d48e82a6</crc32>
    <sha1>45dc02853791b78d287fbb5b0422a0c312ccbec7</sha1>
    <format>Metadata</format>
  </file>
  <file name="alex-kidd-in-miracle-world-sms-voyage-asorceress-vacation-mod_meta.xml" source="original">
    <mtime>1614689292</mtime>
    <size>819</size>
    <md5>d408461c33a0d67abdffbfebbbe91f80</md5>
    <crc32>aeaf455d</crc32>
    <sha1>f01713b171c0c578f5ee1ed361726a078728759a</sha1>
    <format>Metadata</format>
  </file>
</files>
