{
  "id": "MAP_SEAFOAM_ISLANDS_B2F",
  "name": "SeafoamIslands_B2F",
  "layout": "LAYOUT_SEAFOAM_ISLANDS_B2F",
  "music": "MUS_VIRIDIAN_FOREST",
  "region_map_section": "MAPSEC_SEAFOAM_ISLANDS",
  "requires_flash": false,
  "weather": "WEATHER_NONE",
  "map_type": "MAP_TYPE_UNDERGROUND",
  "allow_cycling": true,
  "allow_escaping": true,
  "allow_running": true,
  "show_map_name": true,
  "floor_number": 0,
  "battle_scene": "MAP_BATTLE_SCENE_NORMAL",
  "connections": 0,
  "object_events": [
    {
      "type": "object",
      "graphics_id": "OBJ_EVENT_GFX_PUSHABLE_BOULDER",
      "x": 23,
      "y": 6,
      "elevation": 3,
      "movement_type": "MOVEMENT_TYPE_FACE_DOWN",
      "movement_range_x": 0,
      "movement_range_y": 0,
      "trainer_type": "FLAG_HIDE_SEAFOAM_B3F_BOULDER_2",
      "trainer_sight_or_berry_tree_id": "0",
      "script": "EventScript_StrengthBoulder",
      "flag": "FLAG_HIDE_SEAFOAM_B2F_BOULDER_2",
      "in_connection": false
    },
    {
      "type": "object",
      "graphics_id": "OBJ_EVENT_GFX_PUSHABLE_BOULDER",
      "x": 18,
      "y": 6,
      "elevation": 3,
      "movement_type": "MOVEMENT_TYPE_FACE_DOWN",
      "movement_range_x": 0,
      "movement_range_y": 0,
      "trainer_type": "FLAG_HIDE_SEAFOAM_B3F_BOULDER_1",
      "trainer_sight_or_berry_tree_id": "0",
      "script": "EventScript_StrengthBoulder",
      "flag": "FLAG_HIDE_SEAFOAM_B2F_BOULDER_1",
      "in_connection": false
    }
  ],
  "warp_events": [
    {
      "x": 5,
      "y": 3,
      "elevation": 0,
      "dest_map": "MAP_SEAFOAM_ISLANDS_B1F",
      "dest_warp_id": "3"
    },
    {
      "x": 13,
      "y": 7,
      "elevation": 0,
      "dest_map": "MAP_SEAFOAM_ISLANDS_B1F",
      "dest_warp_id": "4"
    },
    {
      "x": 19,
      "y": 15,
      "elevation": 0,
      "dest_map": "MAP_SEAFOAM_ISLANDS_B1F",
      "dest_warp_id": "5"
    },
    {
      "x": 25,
      "y": 11,
      "elevation": 0,
      "dest_map": "MAP_SEAFOAM_ISLANDS_B1F",
      "dest_warp_id": "6"
    },
    {
      "x": 5,
      "y": 13,
      "elevation": 0,
      "dest_map": "MAP_SEAFOAM_ISLANDS_B3F",
      "dest_warp_id": "0"
    },
    {
      "x": 25,
      "y": 3,
      "elevation": 0,
      "dest_map": "MAP_SEAFOAM_ISLANDS_B3F",
      "dest_warp_id": "1"
    },
    {
      "x": 25,
      "y": 14,
      "elevation": 0,
      "dest_map": "MAP_SEAFOAM_ISLANDS_B3F",
      "dest_warp_id": "2"
    },
    {
      "x": 18,
      "y": 7,
      "elevation": 0,
      "dest_map": "MAP_SEAFOAM_ISLANDS_B2F",
      "dest_warp_id": "0"
    },
    {
      "x": 23,
      "y": 7,
      "elevation": 0,
      "dest_map": "MAP_SEAFOAM_ISLANDS_B2F",
      "dest_warp_id": "0"
    },
    {
      "x": 19,
      "y": 6,
      "elevation": 0,
      "dest_map": "MAP_SEAFOAM_ISLANDS_B3F",
      "dest_warp_id": "5"
    },
    {
      "x": 22,
      "y": 6,
      "elevation": 0,
      "dest_map": "MAP_SEAFOAM_ISLANDS_B3F",
      "dest_warp_id": "6"
    }
  ],
  "coord_events": [

  ],
  "bg_events": [
    {
      "type": "hidden_item",
      "x": 15,
      "y": 15,
      "elevation": 0,
      "item": "ITEM_NUGGET",
      "flag": "FLAG_HIDDEN_ITEM_SEAFOAM_ISLANDS_B2F_NUGGET",
      "quantity": 1,
      "underfoot": false
    }
  ]
}
