{
  "Potion Slot": "0x47a30a0",
  "High Potion Slot": "0x47a30a8",
  "Elixir Slot": "0x47a30b0",
  "Mana Prism Slot": "0x47a30b8",
  "Antivenom Slot": "0x47a30c0",
  "Uncurse Slot": "0x47a30c8",
  "Hammer Slot": "0x47a30d0",
  "Magic Missile Slot": "0x47a30d8",
  "Bwaka Knife Slot": "0x47a30e0",
  "Boomerang Slot": "0x47a30e8",
  "Javelin Slot": "0x47a30f0",
  "Fire Boomerang Slot": "0x47a30f8",
  "Shuriken Slot": "0x47a3100",
  "Cross Shuriken Slot": "0x47a3108",
  "Buffalo Star Slot": "0x47a3110",
  "Flame Star Slot": "0x47a3118",
  "Library Card Slot": "0x47a3120",
  "Meal Ticket Slot": "0x47a3128",
  "Saber Slot": "0x47a3130",
  "Mace Slot": "0x47a3138",
  "Damascus Sword Slot": "0x47a3140",
  "Firebrand Slot": "0x47a3148",
  "Icebrand Slot": "0x47a3150",
  "Thunderbrand Slot": "0x47a3158",
  "Harper Slot": "0x47a3160",
  "Leather Shield Slot": "0x47a3168",
  "Iron Shield Slot": "0x47a3170",
  "Velvet Hat Slot": "0x47a3178",
  "Leather Hat Slot": "0x47a3180",
  "Circlet Slot": "0x47a3188",
  "Silver Crown Slot": "0x47a3190",
  "Iron Cuirass Slot": "0x47a3198",
  "Steel Cuirass Slot": "0x47a31a0",
  "Diamond Plate Slot": "0x47a31a8",
  "Reverse Cloak Slot": "0x47a31b0",
  "Elven Cloak Slot": "0x47a31b8",
  "Joseph's Cloak Slot": "0x47a31c0",
  "Medal Slot": "0x47a31c8",
  "Ring of Pales Slot": "0x47a31d0",
  "Gauntlet Slot": "0x47a31d8",
  "Duplicator Slot": "0x47a31e0"
}