Species;Dexnumber;Name;HP;ATK;DEF;SPD;SPC;Type1;Type2;CatchRate;BaseExp;Move1;Move2;Move3;Move4;GrowthRate;TM01: Dynamicpunch;TM02: Razor Wind;TM03: Swords Dance;TM04: Aeroblast/Air Slash;TM05: Triple Kick/Dizzy Punch;TM06: Toxic;TM07: Horn Drill;TM08: Body Slam;TM09: Take Down;TM10: Double-Edge;TM11: Bubblebeam/Signal Beam;TM12: Octazooka;TM13: Ice Beam;TM14: Blizzard;TM15: Hyper Beam;TM16: Pay Day;TM17: Submission;TM18: Counter;TM19: Seismic Toss;TM20: Rage/Steel Wing;TM21: Giga Drain;TM22: Solarbeam;TM23: Dragonbreath;TM24: Thunderbolt;TM25: Thunder;TM26: Earthquake;TM27: Fissure;TM28: Dig;TM29: Psychic;TM30: Shadow Ball;TM31: Mimic;TM32: Double Team;TM33: Reflect;TM34: Bide/Burning Mist;TM35: Metronome;TM36: Sludge Bomb;TM37: Megahorn;TM38: Flamethower;TM39: Swift;TM40: Skull Bash;TM41: Wood Hammer/Seed Bomb;TM42: Dream Eater;TM43: Sky Attack;TM44: Rest;TM45: Thunder Wave;TM46: Noise Pulse;TM47: Explosion;TM48: Rock Slide;TM49: Tri Attack;TM50: Substitute;HM01: Cut;HM02: Fly;HM03: Surf;HM04: Strength;HM05: Flash;Learnset;
000;112;Rhydon;105;130;120;40;45;GROUND;ROCK;60;204;Horn Attack;Tail Whip;Stomp;Fury Attack;Slow;1;0;1;0;1;1;1;1;1;1;0;1;1;1;1;1;1;1;1;0;0;0;1;1;1;1;1;1;0;0;1;1;0;0;0;0;1;1;0;1;0;0;0;1;0;1;0;1;0;1;1;0;1;1;0;20;Mud-Slap;25;Rock Smash;30;Stomp;35;Fury Attack;40;Rock Slide;46;Scary Face;52;Earthquake;58;Megahorn;64;Horn Drill;
001;115;Kangaskhan;105;95;80;90;40;NORMAL;NORMAL;45;175;Comet Punch;Tail Whip;00_Glitch move;00_Glitch move;Medium Fast;1;0;0;0;1;1;0;1;1;1;0;1;1;1;1;0;1;1;1;0;0;1;0;1;1;1;1;1;0;1;1;1;0;1;0;0;0;1;0;1;0;0;0;1;0;1;0;1;0;1;1;0;1;1;0; 8;Bite;16;Disable;24;Rage;30;Sing;38;Mega Punch;46;Dizzy Punch;50;Outrage;
002;032;NidoranM;46;57;40;50;40;POISON;POISON;235;60;Leer;Sharp Point;00_Glitch move;00_Glitch move;Medium Slow;0;0;0;0;0;1;1;1;1;1;0;0;1;1;0;0;0;1;0;0;0;0;0;1;1;0;0;1;0;0;1;1;1;0;0;1;0;0;0;1;0;0;0;1;0;0;0;0;0;1;1;0;0;1;0; 5;Poison Sting; 9;Horn Attack;13;Double Kick;17;Focus Energy;21;Fury Attack;25;Poison Jab;29;Lovely Kiss;33;Skull Bash;37;Toxic;41;Horn Drill;45;Morning Sun;
003;035;Clefairy;70;45;48;35;60;FAIRY;FAIRY;150;68;Pound;Growl;Defense Curl;00_Glitch move;Fast;1;0;0;0;1;1;0;1;1;1;1;1;1;1;0;0;1;1;1;0;0;1;0;1;1;0;0;1;1;1;1;1;1;0;1;0;0;1;1;1;0;1;0;1;1;1;0;0;1;1;0;0;0;1;1; 5;Fairy Wind;13;Sing;17;Double Slap;21;Charm;25;Minimize;29;DrainingKiss;33;Metronome;37;Moonlight;41;Play Rough;45;Light Screen;48;Light Screen;49;Moonblast;53;Dice Roll;
004;021;Spearow;40;60;30;70;31;NORMAL;FLYING;255;58;Peck;Growl;00_Glitch move;00_Glitch move;Medium Fast;0;1;0;1;0;1;0;0;1;1;0;0;0;0;0;0;0;0;0;1;0;0;0;0;0;0;0;0;0;0;1;1;0;0;0;0;0;0;1;0;0;0;1;1;0;1;0;0;1;1;0;1;0;0;0; 5;Sharp Point;10;Leer;15;Fury Attack;20;Focus Energy;25;Feint Attack;30;Mirror Move;35;Drill Peck;40;Agility;45;Razor Wind;50;Sky Attack;
005;100;Voltorb;40;30;50;100;55;ELECTRIC;ELECTRIC;190;103;Tackle;Screech;00_Glitch move;00_Glitch move;Medium Fast;0;0;0;0;0;1;0;0;1;1;1;0;0;0;0;0;0;0;0;0;0;0;0;1;1;0;0;0;0;1;1;1;1;0;0;0;0;0;1;0;0;0;0;1;1;1;1;0;0;1;0;0;0;0;1; 7;ThunderShock;12;Rollout;17;Sonic Boom;22;Spark;27;SelfDestruct;32;Agility;37;Swift;42;Light Screen;47;Noise Pulse;52;Shock Smog;57;Explosion;
006;034;Nidoking;81;102;77;85;85;POISON;GROUND;45;195;Sharp Point;Horn Attack;Double Kick;00_Glitch move;Medium Slow;1;0;0;0;1;1;1;1;1;1;0;1;1;1;1;1;1;1;1;0;0;0;0;1;1;1;1;1;0;1;1;1;1;1;0;1;1;1;0;1;0;0;0;1;0;1;0;1;0;1;1;0;1;1;0; 1;Thrash; 5;Poison Sting; 9;Horn Attack;18;Thrash;33;Megahorn;
007;080;Slowbro;95;75;110;30;80;WATER;PSYCHIC;75;164;Confusion;Water Gun;Disable;Headbutt;Medium Fast;1;0;0;0;1;1;0;1;1;1;1;1;1;1;1;1;1;1;1;0;0;0;0;0;0;1;1;1;1;1;1;1;1;0;1;0;0;1;1;1;0;1;0;1;1;1;0;0;1;1;0;0;1;1;1; 1;Iron Defense;11;Water Gun;18;Disable;22;Headbutt;27;Growl;33;Surf;36;Iron Defense;44;Amnesia;55;Psychic;
008;002;Ivysaur;60;62;63;60;80;GRASS;POISON;45;141;Tackle;Growl;Leech Seed;00_Glitch move;Medium Slow;0;1;1;0;0;1;0;1;1;1;0;0;0;0;0;0;0;0;0;0;1;1;0;0;0;0;0;1;0;0;1;1;1;0;0;1;0;0;0;1;1;0;0;1;0;0;0;0;0;1;1;0;0;1;1; 7;Leech Seed;10;Vine Whip;15;PoisonPowder;15;Sleep Powder;19;StringShot;24;Razor Leaf;28;Sweet Scent;33;Growth;38;Sludge Bomb;38;Seed Bomb;43;Synthesis;49;Petal Dance;56;Solar Beam;
009;103;Exeggutor;95;95;85;55;125;WOOD;PSYCHIC;45;212;Barrage;Hypnosis;Seed Bomb;Egg bomb;Slow;0;0;1;0;0;1;0;0;1;1;0;0;0;0;1;0;0;0;0;0;1;1;0;0;0;1;0;0;1;1;1;1;1;0;0;1;0;0;0;0;1;1;0;1;0;1;1;0;1;1;0;0;0;1;1; 1;Stomp;28;Stomp;40;Wood Hammer;
010;108;Lickitung;90;55;75;30;60;NORMAL;ABNORMAL;45;127;Lick;Supersonic;00_Glitch move;00_Glitch move;Medium Fast;1;0;1;0;1;1;0;1;1;1;0;1;1;1;1;0;1;1;1;0;0;1;0;1;1;1;1;1;0;1;1;1;0;1;0;0;0;1;0;1;0;1;0;1;0;1;0;1;0;1;1;0;1;1;0; 5;Double Slap; 9;Wrap;13;Disable;17;Laughing Gas;21;Stomp;25;Defense Curl;25;Rollout;29;Odd Wave;33;Slam;33;Rollout;37;Screech;41;Body Slam;45;Thrash;49;Dice Roll;
011;102;Exeggcute;60;40;80;40;60;WOOD;PSYCHIC;90;98;Barrage;Hypnosis;00_Glitch move;00_Glitch move;Slow;0;0;1;0;0;1;0;0;1;1;0;0;0;0;0;0;0;0;0;0;1;1;0;0;0;0;0;0;1;1;1;1;1;0;0;1;0;0;0;0;1;1;0;1;0;1;1;0;1;1;0;0;0;1;1; 5;Reflect;10;Leech Seed;15;Mega Drain;20;Confusion;25;Synthesis;30;PoisonPowder;30;Stun Spore;30;Sleep Powder;35;Seed Bomb;40;Egg bomb;45;Solar Beam;
012;088;Grimer;80;80;50;25;40;POISON;POISON;190;90;Pound;Disable;00_Glitch move;00_Glitch move;Medium Fast;1;0;0;0;1;1;0;1;1;0;0;1;0;0;0;0;0;0;0;0;1;0;0;1;1;0;0;1;0;1;1;1;0;1;1;1;0;1;0;0;0;0;0;1;0;0;1;1;0;1;0;0;0;1;0; 5;Harden;10;Mud-Slap;15;Sludge;20;Poison Gas;25;Miasma;30;Minimize;35;Screech;40;Sludge Bomb;45;Toxic;50;Acid Armor;
013;094;Gengar;60;65;60;110;130;GHOST;GAS;45;190;Lick;Confuse Ray;Night Shade;00_Glitch move;Medium Slow;1;0;0;0;1;1;0;1;1;1;0;0;0;0;1;0;1;1;1;0;1;0;0;1;1;0;0;0;1;1;1;1;0;1;1;1;0;0;0;1;0;1;0;1;1;1;1;0;0;1;0;0;0;1;0; 3;Smog;10;Laughing Gas;17;Disable;24;Shadow Ball;32;Miasma;40;Hypnosis;40;Dream Eater;48;Dark Pulse;56;Burning Mist;
014;029;NidoranF;55;47;52;41;40;POISON;POISON;235;59;Growl;Tackle;00_Glitch move;00_Glitch move;Medium Slow;0;0;0;0;0;1;0;1;1;1;0;0;1;1;0;0;0;1;0;0;0;0;0;1;1;0;0;1;0;0;1;1;1;0;0;1;0;0;0;1;0;0;0;1;0;0;0;0;0;1;1;0;0;1;0; 5;Poison Sting; 9;Scratch;13;Double Kick;17;Tail Whip;21;Bite;25;Fury Swipes;29;Lovely Kiss;33;Crunch;37;Toxic;41;Super Fang;45;Moonlight;
015;031;Nidoqueen;90;92;87;76;85;POISON;GROUND;45;194;Tackle;Scratch;Double Kick;00_Glitch move;Medium Slow;1;0;0;0;1;1;1;1;1;1;0;1;1;1;1;1;1;1;1;0;0;0;0;1;1;1;1;1;0;1;1;1;1;1;0;1;0;1;0;1;0;0;0;1;0;1;0;1;0;1;1;0;1;1;0; 1;Body Slam; 5;Poison Sting; 9;Scratch;18;Body Slam;33;Counter;
016;104;Cubone;50;50;95;35;40;GROUND;GROUND;190;87;Growl;00_Glitch move;00_Glitch move;00_Glitch move;Medium Fast;1;0;1;0;0;1;0;1;1;1;0;1;1;1;0;0;1;1;1;0;0;0;0;0;0;1;1;1;0;0;1;1;0;1;0;0;0;1;1;1;0;0;0;1;0;0;0;1;0;1;0;0;0;1;0; 5;Tail Whip; 9;Bone Club;13;Headbutt;17;Leer;21;Focus Energy;25;Bonemerang;29;Sing;33;Twig Slap;37;Iron Head;41;Swords Dance;45;Bone Rush;49;Thrash;
017;111;Rhyhorn;80;85;95;25;30;GROUND;ROCK;120;135;Horn Attack;Tail Whip;00_Glitch move;00_Glitch move;Slow;0;0;1;0;0;1;1;1;1;1;0;0;1;1;0;0;0;1;0;0;0;0;1;1;1;1;1;1;0;0;1;1;0;0;0;0;1;1;0;1;0;0;0;1;0;1;0;1;0;1;0;0;0;1;0;20;Mud-Slap;25;Rock Smash;30;Stomp;35;Fury Attack;40;Rock Slide;45;Scary Face;50;Earthquake;55;Megahorn;60;Horn Drill;
018;131;Lapras;130;85;80;60;95;WATER;ICE;45;219;Water Gun;Growl;00_Glitch move;00_Glitch move;Slow;0;0;0;0;0;1;1;1;1;1;1;1;1;1;1;0;0;0;0;0;0;1;1;1;1;0;1;0;1;0;1;1;1;0;0;0;1;0;0;1;0;1;0;1;0;1;0;0;0;1;0;0;1;1;0;12;Icy Wind;16;Sing;20;Mist;24;Body Slam;28;Surf;32;Confuse Ray;36;Ice Beam;42;Hyper Voice;48;Dragon Pulse;54;Hydro Pump;60;Skull Bash;
019;059;Arcanine;90;110;80;95;80;FIRE;FIRE;75;213;Ember;Leer;Bite;Flame Wheel;Slow;0;0;0;0;0;1;0;1;1;1;0;0;0;0;1;0;0;0;0;0;0;1;1;0;0;0;0;1;0;0;1;1;1;1;0;0;0;1;1;1;0;0;0;1;0;1;0;0;0;1;0;0;0;1;0; 1;ExtremeSpeed;
020;151;Mew;100;100;100;100;100;PSYCHIC;PSYCHIC;03;220;Confusion;Disable;Swift;Psychic;Medium Slow;1;1;1;1;1;1;1;1;1;1;1;1;1;1;1;1;1;1;1;1;1;1;1;1;1;1;1;1;1;1;1;1;1;1;1;1;1;1;1;1;1;1;1;1;1;1;1;1;1;1;1;1;1;1;1;20;Mega Punch;30;Metronome;40;Psychic;51;Transform;60;AncientPower;70;Dark Pulse;
021;130;Gyarados;95;125;79;81;100;WATER;WIND;45;214;Tackle;Leer;Dragon Rage;Waterfall;Slow;0;1;0;0;0;1;0;1;1;1;0;1;1;1;1;0;0;0;0;0;0;0;1;1;1;1;0;0;0;0;1;1;1;1;0;0;0;1;0;1;0;0;0;1;1;1;0;0;0;1;0;1;1;1;0; 1;Bite;25;Dragon Rage;30;Leer;35;Twister;40;Waterfall;45;Crunch;50;Dragon Pulse;55;Hydro Pump;60;Outrage;65;Hyper Beam;
022;090;Shellder;30;65;100;40;45;WATER;WATER;190;97;Tackle;Withdraw;00_Glitch move;00_Glitch move;Slow;0;0;0;0;0;1;0;0;1;1;0;1;1;1;0;0;0;0;0;0;0;0;0;0;0;0;0;0;0;0;1;1;1;0;0;0;0;0;1;0;0;0;0;1;0;0;1;0;1;1;0;0;1;0;0; 8;Supersonic;16;Clamp;24;Iron Defense;32;Aurora Beam;40;Leer;48;Ice Beam;
023;072;Tentacool;40;40;35;70;100;WATER;POISON;190;105;Acid;Constrict;00_Glitch move;00_Glitch move;Slow;0;0;1;0;0;1;0;0;1;1;0;1;1;1;0;0;0;0;0;0;1;0;0;0;0;0;0;0;0;0;1;1;1;0;0;1;0;0;1;1;0;0;0;1;0;1;0;0;0;1;1;0;1;0;0; 7;Supersonic;13;Wrap;18;Poison Sting;22;Water Gun;27;Confuse Ray;33;Barrier;37;Surf;40;Screech;44;Poison Jab;48;Hydro Pump;
024;092;Gastly;30;35;30;80;100;GHOST;GAS;190;95;Lick;Confuse Ray;Night Shade;00_Glitch move;Medium Slow;0;0;0;0;0;1;0;0;0;0;0;0;0;0;0;0;0;0;0;0;1;0;0;1;1;0;0;0;1;1;1;1;0;1;0;1;0;0;0;0;0;1;0;1;0;1;1;0;0;1;0;0;0;0;0; 3;Smog;10;Laughing Gas;17;Disable;24;Shadow Ball;31;Miasma;38;Hypnosis;38;Dream Eater;45;Dark Pulse;52;Burning Mist;
025;123;Scyther;70;110;80;105;55;BUG;WIND;45;187;Quick Attack;Leer;00_Glitch move;00_Glitch move;Medium Fast;0;1;1;1;0;1;0;0;1;1;0;0;0;0;1;0;0;1;0;1;0;0;0;0;0;0;0;0;0;0;1;1;0;0;0;0;0;0;1;1;0;0;0;1;0;1;0;0;0;1;1;1;0;0;0;10;Razor Leaf;15;Focus Energy;20;Slash;25;Double Team;30;X-Scissor;35;Swords Dance;40;Air Slash;45;Morning Sun;50;Razor Wind;55;Agility;
026;120;Staryu;30;45;55;85;70;WATER;WATER;225;106;Tackle;Harden;00_Glitch move;00_Glitch move;Slow;0;0;0;0;0;1;0;0;1;1;1;1;1;1;0;0;0;0;0;0;0;0;0;1;1;0;0;0;1;0;1;1;1;0;0;0;0;0;1;1;0;0;0;1;1;1;0;0;1;1;0;0;1;0;1;12;Water Gun;17;Twister;22;Psywave;27;Recover;32;Swift;37;Minimize;42;Aurora Beam;47;Light Screen;52;Hydro Pump;
027;009;Blastoise;79;83;100;78;85;WATER;WATER;45;210;Tackle;Tail Whip;Bubble;Water Gun;Medium Slow;1;0;0;0;1;1;0;1;1;1;1;1;1;1;1;0;1;1;1;0;0;0;0;0;0;1;1;1;0;0;1;1;1;1;0;0;0;0;0;1;0;0;0;1;0;1;0;1;0;1;0;0;1;1;0; 1;Flash Cannon; 8;Bubble;11;Withdraw;15;Water Gun;20;Bite;25;Waterfall;30;Iron Defense;35;Skull Bash;41;Haze;47;Hydro Pump;53;Zap Cannon;
028;127;Pinsir;65;125;100;85;55;BUG;BUG;45;200;Vise Grip;Harden;00_Glitch move;00_Glitch move;Slow;0;0;1;0;0;1;0;1;1;1;0;0;0;0;1;0;1;0;1;0;0;0;0;0;0;1;0;1;0;0;1;1;0;0;0;0;0;0;0;0;0;0;0;1;0;0;0;1;0;1;1;0;0;1;0;25;Seismic Toss;30;X-Scissor;36;Focus Energy;43;Slash;49;Swords Dance;54;Guillotine;
029;114;Tangela;65;55;115;60;100;GRASS;GRASS;45;166;Constrict;Bind;00_Glitch move;00_Glitch move;Medium Fast;0;0;1;0;0;1;0;1;1;1;0;0;0;0;1;0;0;0;0;0;1;1;0;0;0;0;0;0;0;0;1;1;1;0;0;1;0;0;0;1;1;0;0;1;0;0;0;0;0;1;1;0;0;0;1; 5;Absorb;10;Leech Seed;15;PoisonPowder;15;Stun Spore;15;Sleep Powder;20;Vine Whip;25;Bind;30;Mega Drain;35;Synthesis;40;Slam;45;Growth;50;Giga Drain;55;AncientPower;
030;152;Chikorita;45;49;65;45;65;GRASS;GRASS;45;64;Tackle;Growl;00_Glitch move;00_Glitch move;Medium Slow;0;0;1;0;0;1;0;1;1;1;0;0;0;0;0;0;0;1;0;0;1;1;0;0;0;0;0;0;0;0;1;1;1;0;0;0;0;0;0;1;1;0;0;1;0;0;0;0;0;1;1;0;0;0;1; 7;Sweet Scent;12;Razor Leaf;15;Reflect;18;PoisonPowder;22;Leech Seed;25;Synthesis;29;Body Slam;32;Mega Drain;36;Light Screen;42;Giga Drain;50;Solar Beam;
031;153;Bayleef;60;62;80;60;80;GRASS;GRASS;45;141;Tackle;Growl;Sweet Scent;00_Glitch move;Medium Slow;0;0;1;0;0;1;0;1;1;1;0;0;0;0;0;0;0;1;0;0;1;1;0;0;0;0;0;0;0;0;1;1;1;0;0;0;0;0;0;1;1;0;0;1;0;0;0;0;0;1;1;0;0;1;1; 7;Sweet Scent;12;Razor Leaf;15;Reflect;19;PoisonPowder;24;Leech Seed;28;Synthesis;33;Body Slam;37;Mega Drain;42;Light Screen;49;Giga Drain;55;Solar Beam;
032;058;Growlithe;55;70;45;60;50;FIRE;FIRE;190;91;Ember;Leer;00_Glitch move;00_Glitch move;Slow;0;0;0;0;0;1;0;1;1;1;0;0;0;0;0;0;0;0;0;0;0;0;1;0;0;0;0;1;0;0;1;1;1;1;0;0;0;1;1;1;0;0;0;1;0;1;0;0;0;1;0;0;0;1;0; 6;Bite;12;Flame Wheel;18;Agility;24;Take Down;30;Charm;36;Crunch;42;Roar;48;Play Rough;54;Flamethrower;60;Morning Sun;66;Outrage;
033;095;Onix;35;45;160;70;30;ROCK;GROUND;45;108;Tackle;Harden;00_Glitch move;00_Glitch move;Medium Fast;0;0;0;0;0;1;0;1;1;1;0;0;0;0;0;0;0;0;0;0;0;0;1;0;0;1;1;1;0;0;1;1;0;0;0;0;0;0;0;1;0;0;0;1;0;0;1;1;0;1;0;0;0;1;0;10;Bind;15;Sharpen;20;Rock Throw;25;Dig;30;Rage;35;Slam;40;DragonBreath;45;Rock Slide;50;Screech;
034;022;Fearow;65;90;65;100;61;NORMAL;FLYING;90;162;Peck;Growl;Leer;00_Glitch move;Medium Fast;0;1;0;1;0;1;0;0;1;1;0;0;0;0;1;1;0;0;0;1;0;0;0;0;0;0;0;0;0;0;1;1;0;0;0;0;0;0;1;0;0;0;1;1;0;1;0;0;1;1;0;1;0;0;0; 5;Sharp Point;10;Leer;15;Fury Attack;21;Focus Energy;27;Feint Attack;33;Mirror Move;39;Drill Peck;45;Agility;51;Razor Wind;57;Sky Attack;
035;016;Pidgey;40;45;40;56;35;NORMAL;FLYING;255;55;Gust;00_Glitch move;00_Glitch move;00_Glitch move;Medium Slow;0;1;0;1;0;1;0;0;1;1;0;0;0;0;0;0;0;0;0;1;0;0;0;0;0;0;0;0;0;0;1;1;1;0;0;0;0;0;1;0;0;0;1;1;0;1;0;0;0;1;0;1;0;0;0; 5;Sand Attack; 9;Quick Attack;13;Twister;17;Whirlwind;21;Wing Attack;25;Feint Attack;29;Air Slash;33;Agility;37;Steel Wing;41;Mirror Move;45;Sky Attack;
036;079;Slowpoke;90;65;65;15;40;WATER;PSYCHIC;190;99;Confusion;00_Glitch move;00_Glitch move;00_Glitch move;Medium Fast;0;0;0;0;0;1;0;1;1;1;1;1;1;1;0;1;0;0;0;0;0;0;0;0;0;1;1;1;1;1;1;1;1;0;0;0;0;1;1;1;0;1;0;1;1;1;0;0;1;1;0;0;1;1;1;11;Water Gun;18;Disable;22;Headbutt;27;Growl;33;Surf;40;Amnesia;48;Psychic;
037;064;Kadabra;40;35;30;105;120;PSYCHIC;PSYCHIC;100;145;Teleport;Confusion;Disable;00_Glitch move;Medium Slow;1;0;0;0;1;1;0;1;1;1;1;0;0;0;0;0;1;1;1;0;0;0;0;0;0;0;0;1;1;1;1;1;1;0;1;0;0;0;1;1;0;1;0;1;1;1;0;0;1;1;0;0;0;0;1; 1;Kinesis;15;Kinesis;16;Confusion;22;Disable;28;Psybeam;34;Recover;40;Psychic;46;Reflect;
038;075;Graveler;55;95;115;35;45;ROCK;GROUND;120;134;Tackle;Defense Curl;00_Glitch move;00_Glitch move;Medium Slow;1;0;0;0;1;1;0;1;1;1;0;0;0;0;0;0;1;1;1;0;0;0;0;0;0;1;1;1;0;0;1;1;0;0;1;0;0;1;0;0;0;0;0;1;0;1;1;1;0;1;0;0;0;1;0; 6;Rock Smash;11;Rock Throw;16;Mud-Slap;21;SelfDestruct;27;Iron Defense;33;Rollout;39;Rock Slide;45;Earthquake;51;Explosion;
039;113;Chansey;250;05;05;50;105;NORMAL;NORMAL;30;255;Pound;Charm;Double Slap;Defense Curl;Fast;1;0;0;0;1;1;0;1;1;1;0;1;1;1;1;0;1;1;1;0;0;1;0;1;1;1;0;0;1;1;1;1;1;0;1;0;0;1;1;1;0;1;0;1;1;1;0;1;1;1;0;0;0;1;1; 5;Sweet Kiss;10;DrainingKiss;15;Sing;20;Laughing Gas;25;Sweet Scent;30;Soft-Boiled;35;Minimize;40;Hyper Voice;45;Light Screen;50;Egg bomb;55;Double-Edge;
040;067;Machoke;80;100;70;45;50;FIGHTING;FIGHTING;90;146;Karate Chop;Leer;Meditate;00_Glitch move;Medium Slow;1;0;0;0;1;1;0;1;1;1;0;0;0;0;0;0;1;1;1;0;0;0;0;0;0;1;1;1;0;0;1;1;0;0;1;0;0;1;0;1;0;0;0;1;0;1;0;1;0;1;0;0;0;1;0; 5;Meditate;10;Low Kick;15;Rock Smash;20;Focus Energy;25;Mega Punch;31;Seismic Toss;37;Submission;43;Scary Face;49;DynamicPunch;49;Cross Chop;55;Thrash;
041;122;Mr. Mime;40;45;65;90;100;PSYCHIC;FAIRY;45;136;Pound;Confusion;Barrier;00_Glitch move;Medium Fast;1;0;0;0;1;1;0;1;1;1;1;0;0;0;1;0;1;1;1;0;0;1;0;1;1;0;0;0;1;1;1;1;1;0;1;0;0;0;0;1;0;1;0;1;1;1;0;0;0;1;0;0;0;0;1; 7;Meditate;11;Double Slap;15;Psywave;19;Laughing Gas;23;Mimic;27;Odd Wave;31;Light Screen;31;Reflect;35;Dizzy Punch;41;Psychic;45;Substitute;
042;106;Hitmonlee;50;120;53;87;35;FIGHTING;FIGHTING;45;139;Double Kick;Meditate;Rock Smash;00_Glitch move;Medium Fast;1;0;1;0;1;1;0;1;1;1;0;0;0;0;0;0;1;1;1;0;0;0;0;0;0;1;0;0;0;0;1;1;0;1;1;0;0;0;1;1;0;0;0;1;0;1;0;1;0;1;0;0;0;1;0; 1;Double Kick;28;Stomp;33;Rolling Kick;38;Jump Kick;43;Focus Energy;48;Hi Jump Kick;53;Mega Kick;
043;107;Hitmonchan;50;105;79;76;35;FIGHTING;FIGHTING;45;140;Comet Punch;Agility;Rock Smash;00_Glitch move;Medium Fast;1;0;1;0;1;1;0;1;1;1;0;0;0;0;0;0;1;1;1;0;0;0;0;0;0;1;0;0;0;0;1;1;0;1;1;0;0;0;1;1;0;0;0;1;0;1;0;1;0;1;0;0;0;1;0; 1;Comet Punch;28;Dizzy Punch;33;Counter;38;Fire Punch;38;Ice Punch;38;ThunderPunch;43;Mega Punch;48;Mach Punch;53;DynamicPunch;
044;024;Arbok;60;95;69;80;65;POISON;POISON;90;147;Wrap;Leer;Poison Sting;00_Glitch move;Medium Fast;0;0;0;0;0;1;0;1;1;1;0;0;0;0;1;0;0;0;0;0;1;0;0;0;0;1;1;1;0;0;1;1;0;1;0;1;0;0;0;1;1;0;0;1;0;0;0;1;0;1;0;0;0;1;0; 1;Crunch;10;Poison Sting;15;Crunch;20;Glare;26;Acid;32;Screech;38;Poison Jab;44;Haze;50;Toxic;
045;047;Parasect;60;95;80;30;80;BUG;GRASS;75;128;Scratch;Vise Grip;Leech Life;Stun Spore;Medium Fast;0;0;1;0;0;1;0;1;1;1;0;0;0;0;1;0;0;1;0;0;1;1;0;0;0;0;0;1;0;0;1;1;1;0;0;1;0;0;0;1;1;0;0;1;0;1;0;0;0;1;1;0;0;0;1;10;Leech Life;15;Stun Spore;20;Mega Drain;26;Spore;32;Slash;38;Seed Bomb;44;Growth;50;X-Scissor;56;Synthesis;
046;054;Psyduck;50;52;48;55;50;WATER;ABNORMAL;190;80;Scratch;Tail Whip;00_Glitch move;00_Glitch move;Medium Fast;1;0;0;0;1;1;0;1;1;1;1;1;1;1;0;1;1;1;1;0;0;0;0;0;0;0;0;1;1;0;1;1;0;0;1;0;0;0;1;1;0;0;0;1;0;1;0;0;1;1;0;0;1;1;1; 5;Bubble;10;Disable;15;Confusion;20;Water Gun;25;Odd Wave;30;Amnesia;35;Cross Chop;40;Fury Swipes;45;Hypnosis;50;Hydro Pump;55;Petal Dance;
047;096;Drowzee;60;48;45;42;90;PSYCHIC;ABNORMAL;190;102;Pound;Hypnosis;00_Glitch move;00_Glitch move;Medium Fast;1;0;0;0;0;1;0;1;1;1;1;1;0;0;0;0;1;1;1;0;0;0;0;0;0;0;0;0;1;1;1;1;1;1;1;0;0;0;1;1;0;1;0;1;1;1;0;0;1;1;0;0;0;0;1; 4;Disable; 8;Confusion;12;Laughing Gas;16;Odd Wave;20;Low Kick;24;Headbutt;28;Poison Gas;28;Miasma;32;Psychic;36;Meditate;40;Dream Eater;44;Amnesia;48;Shock Smog;52;Dice Roll;
048;076;Golem;80;120;130;45;55;ROCK;GROUND;45;177;Tackle;Defense Curl;00_Glitch move;00_Glitch move;Medium Slow;1;0;0;0;1;1;0;1;1;1;0;0;0;0;1;0;1;1;1;0;0;0;0;0;0;1;1;1;0;0;1;1;0;0;1;0;0;1;0;0;0;0;0;1;0;1;1;1;0;1;0;0;0;1;0; 6;Rock Smash;11;Rock Throw;16;Mud-Slap;21;SelfDestruct;27;Iron Defense;33;Rollout;39;Rock Slide;45;Earthquake;51;Explosion;
049;223;Cranidos;67;125;40;58;30;ROCK;ROCK;45;99;Headbutt;Leer;00_Glitch move;00_Glitch move;Fast;0;0;1;0;0;1;1;0;1;1;0;0;1;1;0;0;1;1;0;0;0;0;1;1;1;1;1;1;0;0;1;1;1;0;0;0;1;1;0;1;0;0;0;1;0;1;0;1;0;1;0;0;0;1;0; 6;Focus Energy;11;Bite;13;Rock Throw;16;Rock Smash;21;Scary Face;26;Take Down;31;Crunch;36;Rock Slide;41;Screech;46;Iron Head;51;Skull Bash;56;AncientPower;
050;126;Magmar;65;95;57;93;85;FIRE;FIRE;45;167;Ember;Leer;00_Glitch move;00_Glitch move;Medium Fast;1;0;0;0;1;1;0;1;1;1;0;1;0;0;1;0;1;1;1;0;0;0;0;0;0;0;0;0;1;0;1;1;0;0;1;0;0;1;0;1;0;0;0;1;0;1;0;0;0;1;0;0;0;1;0; 7;Smog;14;Feint Attack;21;Flame Wheel;28;Smokescreen;34;Cross Chop;40;Fire Punch;45;Fire Spin;49;Confuse Ray;54;Flamethrower;57;Miasma;60;Fire Blast;
051;183;Pupitar;70;84;70;51;70;ROCK;GROUND;45;144;Mud-Slap;Screech;Rock Slide;Thrash;Slow;0;0;0;0;0;1;1;1;1;1;0;0;0;0;1;0;0;0;0;0;0;0;0;0;0;1;1;1;0;1;1;1;0;1;0;0;1;0;0;1;0;0;0;1;0;1;0;1;0;1;0;0;0;0;0; 1;Iron Defense; 8;Mud-Slap;15;Rock Throw;22;Screech;29;Rock Slide;29;Iron Defense;37;Crunch;45;Scary Face;53;Thrash;61;Earthquake;70;Hyper Beam;
052;125;Electabuzz;65;83;57;105;85;ELECTRIC;ELECTRIC;45;156;Quick Attack;Leer;00_Glitch move;00_Glitch move;Medium Fast;1;0;0;0;1;1;0;1;1;1;1;0;0;0;1;0;1;1;1;0;0;0;0;1;1;0;0;0;1;0;1;1;1;0;1;0;0;0;1;1;0;0;0;1;1;1;0;0;0;1;0;0;0;1;1; 7;ThunderShock;14;Meditate;21;Spark;28;Rolling Kick;35;Screech;42;ThunderPunch;49;Light Screen;54;Thunder;
053;082;Magneton;50;60;95;70;120;ELECTRIC;STEEL;60;161;Tackle;Supersonic;ThunderShock;00_Glitch move;Medium Fast;0;0;0;0;0;1;0;0;1;1;1;0;0;0;1;0;0;0;0;0;0;0;0;1;1;0;0;0;0;0;1;1;1;0;0;0;0;0;1;0;0;0;0;1;1;1;1;0;1;1;0;0;0;0;1; 1;Tri Attack; 5;ThunderShock;10;Rollout;15;Spark;20;Sonic Boom;25;Flash Cannon;29;Tri Attack;31;Swift;37;Thunder Wave;43;Thunderbolt;49;Iron Defense;55;Screech;61;Zap Cannon;
054;109;Koffing;40;65;95;35;60;POISON;GAS;190;114;Tackle;Smog;00_Glitch move;00_Glitch move;Medium Fast;0;0;0;0;0;1;0;1;0;0;0;1;0;0;0;0;0;0;0;0;0;0;0;1;1;0;0;0;0;1;1;1;0;1;0;1;0;1;0;0;0;0;0;1;0;0;1;0;0;1;0;0;0;0;1;10;Laughing Gas;15;Poison Gas;20;Sludge;25;Smokescreen;30;Miasma;35;SelfDestruct;40;Haze;45;Burning Mist;50;Explosion;
055;155;Cyndaquil;39;52;43;65;50;FIRE;FIRE;45;65;Tackle;Leer;00_Glitch move;00_Glitch move;Medium Slow;0;0;0;0;0;1;0;1;1;1;0;0;0;0;0;0;1;1;0;0;0;0;0;0;0;0;0;1;0;0;1;1;0;0;0;0;0;1;1;1;0;0;0;1;0;0;0;0;0;1;1;0;0;0;0; 9;Ember;15;Defense Curl;15;Rollout;19;Quick Attack;24;Flame Wheel;30;Swift;36;Flamethrower;42;Play Rough;48;Double-Edge;54;Fire Blast;
056;056;Mankey;40;80;35;70;45;FIGHTING;FIGHTING;190;74;Scratch;Leer;00_Glitch move;00_Glitch move;Medium Fast;1;0;0;0;1;1;0;1;1;1;0;0;0;0;0;1;1;1;1;0;0;0;0;1;1;1;0;1;0;0;1;1;0;1;1;0;0;0;1;1;1;0;0;1;0;0;0;1;0;1;0;0;0;1;0; 3;Mud-Slap; 9;Low Kick;15;Meditate;21;Karate Chop;27;Fury Swipes;33;Focus Energy;39;Burning Mist;45;Thrash;51;Cross Chop;57;Outrage;
057;086;Seel;65;45;55;45;70;WATER;WATER;190;100;Headbutt;Growl;00_Glitch move;00_Glitch move;Medium Fast;0;0;0;0;0;1;1;1;1;1;1;1;1;1;0;1;0;0;0;0;0;0;0;0;0;0;0;0;0;0;1;1;0;0;0;0;1;0;0;1;0;0;0;1;0;1;0;0;0;1;0;0;1;1;0; 5;Water Gun; 9;Lick;13;Icy Wind;17;Rest;21;Aurora Beam;25;Waterfall;29;Laughing Gas;33;Take Down;37;Ice Beam;
058;050;Diglett;10;55;25;95;45;GROUND;GROUND;255;81;Scratch;00_Glitch move;00_Glitch move;00_Glitch move;Medium Fast;0;0;1;0;0;1;0;1;1;1;0;0;0;0;0;0;0;0;0;0;0;0;0;0;0;1;1;1;0;0;1;1;0;0;0;1;0;0;0;0;0;0;0;1;0;0;0;1;0;1;1;0;0;0;0; 5;Growl;10;Mud-Slap;15;Dig;20;Sand Attack;25;Slash;35;Earthquake;50;Fissure;
059;128;Tauros;75;100;95;110;70;NORMAL;NORMAL;45;211;Tackle;Tail Whip;00_Glitch move;00_Glitch move;Slow;0;0;0;0;0;1;1;1;1;1;0;0;1;1;1;0;0;0;0;0;0;1;0;1;1;1;1;1;0;0;1;1;0;0;0;0;1;1;0;1;0;0;0;1;0;0;0;1;0;1;0;0;1;1;0; 3;Rage;10;Quick Attack;17;Stomp;24;Scary Face;31;Iron Head;38;Take Down;45;Outrage;52;Double-Edge;
060;156;Quilava;58;64;58;80;65;FIRE;FIRE;45;142;Tackle;Leer;00_Glitch move;00_Glitch move;Medium Slow;0;0;0;0;0;1;0;1;1;1;0;0;0;0;0;0;1;1;0;0;0;0;0;0;0;0;0;1;0;0;1;1;0;0;0;0;0;1;1;1;0;0;0;1;0;0;0;0;0;1;1;0;0;1;0; 6;Smokescreen; 9;Ember;16;Defense Curl;16;Rollout;20;Quick Attack;26;Flame Wheel;33;Swift;40;Flamethrower;47;Play Rough;54;Double-Edge;61;Fire Blast;
061;157;Typhlosion;78;84;78;100;85;FIRE;FIRE;45;209;Tackle;Leer;00_Glitch move;00_Glitch move;Medium Slow;1;0;0;0;1;1;0;1;1;1;0;0;0;0;1;0;1;1;1;0;0;1;0;0;0;1;1;1;0;1;1;1;0;1;0;0;0;1;1;1;0;0;0;1;0;1;0;1;0;1;1;0;0;1;0; 6;Smokescreen; 9;Ember;16;Defense Curl;16;Rollout;20;Quick Attack;26;Flame Wheel;33;Swift;42;Flamethrower;51;Play Rough;60;Double-Edge;69;Fire Blast;
062;158;Totodile;50;65;64;43;44;WATER;WATER;45;66;Scratch;Leer;00_Glitch move;00_Glitch move;Medium Slow;1;1;1;0;1;1;0;1;1;1;0;1;1;1;0;0;1;1;1;0;0;0;1;0;0;0;1;1;0;0;1;1;0;1;0;0;0;0;0;1;0;0;0;1;0;0;0;1;0;1;1;0;1;0;0; 5;Rage;10;Water Gun;15;Bite;20;Scary Face;25;Slash;30;Waterfall;35;Screech;40;Crunch;45;Hydro Pump;50;Mega Kick;
063;083;Farfetch'd;52;90;55;60;58;FLYING;WOOD;45;94;Peck;Sand Attack;00_Glitch move;00_Glitch move;Medium Fast;0;1;1;1;0;1;0;1;1;1;0;0;0;0;0;0;0;1;0;1;0;0;0;0;0;0;0;0;0;0;1;1;1;0;0;0;0;0;1;1;1;0;1;1;0;0;0;0;0;1;1;1;0;0;0; 5;Twig Slap; 7;Leer;15;Fury Attack;19;Cut;23;Swords Dance;27;Slash;31;Agility;35;Razor Leaf;39;Night Slash;43;Air Slash;47;Poison Jab;
064;048;Venonat;60;55;50;45;40;BUG;POISON;190;75;Tackle;Disable;00_Glitch move;00_Glitch move;Medium Fast;0;0;0;0;0;1;0;0;1;1;1;0;0;0;0;0;0;0;0;0;1;1;0;0;0;0;0;0;1;0;1;1;1;0;0;1;0;0;1;0;0;0;0;1;0;1;0;0;0;1;0;0;0;0;1; 7;Leech Life;12;Confusion;17;PoisonPowder;17;Stun Spore;22;Psybeam;27;Sleep Powder;32;Sludge Bomb;37;Signal Beam;42;Psychic;47;Morning Sun;
065;149;Dragonite;91;134;95;80;100;DRAGON;WIND;45;218;ExtremeSpeed;Whirlwind;Barrier;Wrap;Slow;1;1;0;1;1;1;1;1;1;1;0;1;1;1;1;0;0;0;0;1;0;0;1;1;1;1;0;0;0;0;1;1;1;1;1;0;0;1;1;1;0;0;0;1;1;1;0;1;0;1;1;1;1;1;0; 1;Air Slash; 2;Leer;10;Thunder Wave;15;Twister;20;Agility;35;Slam;45;Dragon Rage;50;Air Slash;55;DragonBreath;60;Hyper Beam;70;Outrage;
066;159;Croconaw;65;80;80;58;59;WATER;WATER;45;143;Scratch;Leer;00_Glitch move;00_Glitch move;Medium Slow;1;1;1;0;1;1;0;1;1;1;0;1;1;1;0;0;1;1;1;0;0;0;1;0;0;0;1;1;0;0;1;1;0;1;0;0;0;0;0;1;0;0;0;1;0;1;0;1;0;1;1;0;1;1;0; 5;Rage;10;Water Gun;15;Bite;21;Scary Face;27;Slash;33;Waterfall;39;Screech;45;Crunch;51;Hydro Pump;57;Mega Kick;
067;160;Feraligatr;85;105;100;78;79;WATER;WATER;45;210;Scratch;Leer;00_Glitch move;00_Glitch move;Medium Slow;1;1;1;0;1;1;0;1;1;1;0;1;1;1;1;0;1;1;1;0;0;0;1;0;0;1;1;1;0;0;1;1;0;1;0;0;0;0;0;1;0;0;0;1;0;1;0;1;0;1;1;0;1;1;0; 1;Outrage; 5;Rage;10;Water Gun;15;Bite;21;Scary Face;27;Slash;34;Waterfall;41;Screech;48;Crunch;55;Hydro Pump;62;Mega Kick;
068;161;Houndour;45;60;30;65;80;DARK;FIRE;120;114;Leer;Ember;00_Glitch move;00_Glitch move;Slow;0;0;0;0;0;1;0;1;1;1;0;0;0;0;0;0;1;1;0;0;0;1;1;0;0;0;1;1;0;1;1;1;0;1;0;1;0;1;1;1;0;1;0;1;0;1;0;0;0;1;0;0;0;0;0; 7;Charm;12;Smog;17;Bite;22;Super Fang;27;Feint Attack;32;Hyper Voice;37;Roar;42;Crunch;47;Flamethrower;52;Dark Pulse;57;Burning Mist;
069;084;Doduo;35;85;45;75;35;NORMAL;FLYING;190;96;Peck;Growl;00_Glitch move;00_Glitch move;Medium Fast;0;0;1;1;0;1;0;1;1;1;0;0;0;0;0;0;0;0;0;1;0;0;0;0;0;0;0;0;0;0;1;1;1;0;0;0;0;0;1;1;0;0;1;1;0;1;0;0;1;1;0;1;0;0;0; 4;Rage; 9;Quick Attack;13;Sharp Point;17;Fury Attack;21;Noise Pulse;25;Drill Peck;29;Tri Attack;33;Agility;37;Jump Kick;41;Thrash;45;Swords Dance;
070;060;Poliwag;40;50;40;90;40;WATER;WATER;255;77;Bubble;00_Glitch move;00_Glitch move;00_Glitch move;Medium Slow;0;0;0;0;0;1;0;1;1;1;0;1;1;1;0;0;0;0;0;0;0;0;0;0;0;0;0;1;1;0;1;1;0;0;0;0;0;0;0;1;0;0;0;1;0;1;0;0;0;1;0;0;1;0;0; 7;Growth;12;Low Kick;16;Hypnosis;19;Water Gun;25;Double Slap;31;Body Slam;38;Amnesia;45;Hydro Pump;
071;124;Jynx;65;50;35;95;95;ICE;PSYCHIC;45;137;Pound;Lovely Kiss;Powder Snow;00_Glitch move;Medium Fast;1;0;0;0;1;1;0;1;1;1;1;1;1;1;1;0;1;1;1;0;0;0;0;0;0;0;0;0;1;1;1;1;1;0;1;0;0;0;0;1;0;1;0;1;0;1;0;0;0;1;0;0;0;0;1; 8;Sweet Kiss;13;DrainingKiss;18;Lick;23;Double Slap;28;Ice Punch;33;Body Slam;38;Hyper Voice;43;Dream Eater;48;Thrash;53;Screech;58;Blizzard;
072;146;Moltres;90;100;90;90;125;FIRE;FLYING;03;217;Gust;Ember;00_Glitch move;00_Glitch move;Slow;0;1;0;1;0;1;0;0;1;1;0;0;0;0;1;0;0;0;0;1;0;1;0;0;0;0;0;0;0;0;1;1;1;0;0;0;0;1;1;0;0;0;1;1;0;1;0;0;0;1;0;1;0;0;0;25;Twister;40;Fire Spin;50;Flamethrower;55;Agility;60;Fire Blast;65;Air Slash;70;Morning Sun;75;Sky Attack;80;Solar Beam;90;AncientPower;100;Sacred Fire;
073;144;Articuno;90;85;100;85;125;ICE;FLYING;03;215;Peck;Powder Snow;00_Glitch move;00_Glitch move;Slow;0;1;0;1;0;1;0;0;1;1;1;1;1;1;1;0;0;0;0;1;0;0;0;0;0;0;0;0;0;0;1;1;1;0;0;0;0;0;1;0;0;0;1;1;0;1;0;0;0;1;0;1;0;0;0;25;Twister;40;Icy Wind;50;Ice Beam;55;Agility;60;Blizzard;65;Mist;70;Reflect;75;Sky Attack;80;Haze;90;AncientPower;100;Aeroblast;
074;145;Zapdos;90;90;85;100;125;ELECTRIC;FLYING;03;216;Peck;ThunderShock;00_Glitch move;00_Glitch move;Slow;0;1;0;0;0;1;0;0;1;1;1;0;0;0;1;0;0;0;0;1;0;0;0;1;1;0;0;0;0;0;1;1;1;0;0;0;0;0;1;0;0;0;1;1;1;1;0;0;0;1;0;1;0;0;1;25;Twister;40;Thunder Wave;50;Thunderbolt;55;Agility;60;Thunder;70;Light Screen;75;Sky Attack;80;Zap Cannon;90;AncientPower;100;Shock Smog;
075;132;Ditto;48;48;48;48;48;ABNORMAL;ABNORMAL;35;61;Transform;00_Glitch move;00_Glitch move;00_Glitch move;Medium Fast;0;0;0;0;0;0;0;0;0;0;0;0;0;0;0;0;0;0;0;0;0;0;0;0;0;0;0;0;0;0;0;0;0;0;0;0;0;0;0;0;0;0;0;0;0;0;0;0;0;0;0;0;0;0;0;
076;052;Meowth;40;45;35;90;40;NORMAL;NORMAL;255;69;Scratch;Growl;00_Glitch move;00_Glitch move;Medium Fast;0;0;0;0;0;1;0;1;1;1;0;1;0;0;0;1;0;0;0;0;0;0;0;1;1;0;0;1;0;1;1;1;0;0;0;0;0;0;1;1;1;1;0;1;1;1;0;0;0;1;1;0;0;0;1;12;Bite;17;Pay Day;22;Screech;27;Night Slash;32;Hypnosis;37;Fury Swipes;42;Play Rough;47;Slash;52;Dice Roll;57;Petal Dance;
077;098;Krabby;30;105;90;50;25;WATER;WATER;225;115;Bubble;Leer;00_Glitch move;00_Glitch move;Medium Fast;0;0;1;0;0;1;0;1;1;1;0;1;1;1;0;0;0;0;0;0;0;0;0;0;0;0;0;1;0;0;1;1;0;0;0;0;0;0;0;0;0;0;0;1;0;0;0;1;0;1;1;0;1;1;0; 5;Vise Grip;10;Harden;15;Metal Claw;20;Rock Smash;25;Bubble Beam;30;Stomp;35;X-Scissor;40;Crabhammer;45;Guillotine;
078;162;Houndoom;75;90;50;95;110;DARK;FIRE;45;204;Ember;Charm;Smog;Bite;Slow;0;0;0;0;0;1;0;1;1;1;0;0;0;0;1;0;1;1;0;0;0;1;1;0;0;0;1;1;0;1;1;1;0;1;0;1;0;1;1;1;0;1;0;1;0;1;0;0;0;1;0;0;0;1;0; 1;Bone Rush; 7;Charm;12;Smog;17;Bite;22;Super Fang;28;Feint Attack;34;Hyper Voice;40;Roar;46;Crunch;52;Flamethrower;58;Dark Pulse;64;Burning Mist;
079;163;Heracross;80;125;75;85;40;BUG;FIGHTING;45;200;Tackle;Leer;00_Glitch move;00_Glitch move;Slow;0;0;1;0;1;1;1;1;1;1;0;0;0;0;1;0;1;1;1;0;0;0;0;0;0;1;1;1;0;0;1;1;0;0;0;0;1;0;0;1;0;0;0;1;0;1;0;1;0;1;1;0;0;1;0; 6;Horn Attack;12;Rock Smash;18;Fury Attack;24;Counter;30;Pin Missile;36;Swords Dance;42;Night Slash;48;Seismic Toss;54;Megahorn;
080;164;Yanma;65;65;45;95;75;BUG;WIND;75;147;Tackle;Leer;00_Glitch move;00_Glitch move;Medium Fast;0;1;1;1;0;1;0;0;1;1;1;0;0;0;0;0;0;0;0;1;1;1;1;0;0;0;0;0;1;1;1;1;0;0;0;0;0;0;1;0;0;1;0;1;0;1;0;0;1;1;0;1;1;0;1; 7;StringShot;12;Double Team;17;Sonic Boom;22;Agility;27;Wing Attack;32;Signal Beam;37;Supersonic;42;AncientPower;47;Air Slash;52;Noise Pulse;
081;037;Vulpix;38;41;40;65;65;FIRE;FIRE;190;63;Ember;Tail Whip;00_Glitch move;00_Glitch move;Medium Fast;0;0;0;0;0;1;0;1;1;1;0;0;0;0;0;0;0;0;0;0;0;0;0;0;0;0;0;1;0;0;1;1;1;0;0;0;0;1;1;1;0;0;0;1;0;1;0;0;0;1;0;0;0;0;0; 5;Quick Attack; 9;Disable;13;Flame Wheel;17;Roar;21;Feint Attack;23;Confuse Ray;27;Fire Spin;31;Flamethrower;35;Hypnosis;39;Fire Blast;43;Miasma;
082;038;Ninetales;73;76;75;100;100;FIRE;FIRE;75;178;Ember;Tail Whip;Quick Attack;Disable;Medium Fast;0;0;0;0;0;1;0;1;1;1;0;0;0;0;1;0;0;0;0;0;0;1;1;0;0;0;0;1;1;1;1;1;1;0;0;0;0;1;1;1;0;1;0;1;0;1;0;0;0;1;0;0;0;0;0;
083;025;Pikachu;35;55;40;90;50;ELECTRIC;ELECTRIC;190;82;ThunderShock;Growl;00_Glitch move;00_Glitch move;Medium Fast;1;0;0;0;1;1;0;1;1;1;1;0;0;0;0;1;1;1;1;0;0;0;0;1;1;0;0;1;0;0;1;1;1;0;0;0;0;0;1;1;0;0;0;1;1;1;0;0;0;1;0;0;1;1;1; 5;Double Slap; 9;Thunder Wave;16;Quick Attack;20;Spark;26;Swift;30;Sing;33;Agility;37;Iron Tail;43;Thunder;50;ExtremeSpeed;
084;026;Raichu;60;90;55;110;90;ELECTRIC;ELECTRIC;75;122;ThunderShock;Growl;Double Slap;Thunder Wave;Medium Fast;1;0;0;0;1;1;0;1;1;1;1;0;0;0;1;1;1;1;1;0;0;0;0;1;1;0;0;1;0;0;1;1;1;0;0;0;0;0;1;1;0;0;0;1;1;1;0;0;0;1;0;0;1;1;1; 1;ThunderPunch;
085;224;Rampardos;97;165;60;58;50;ROCK;ROCK;45;199;Headbutt;Leer;00_Glitch move;00_Glitch move;Fast;0;0;1;0;0;1;1;0;1;1;0;0;1;1;1;0;1;1;0;0;0;0;1;1;1;1;1;1;0;0;1;1;1;1;0;0;1;1;1;1;0;0;0;1;0;1;0;1;0;1;1;0;1;1;0;32;Crunch;38;Rock Slide;44;Screech;50;Iron Head;56;Skull Bash;62;AncientPower;68;Outrage;
086;194;Sneasel;55;95;55;115;75;DARK;ICE;60;132;Scratch;Leer;00_Glitch move;00_Glitch move;Medium Slow;1;1;1;0;1;1;0;0;1;1;0;1;1;1;0;1;1;1;0;0;0;0;0;0;0;0;0;1;0;1;1;1;1;0;1;0;0;0;1;0;0;1;0;1;0;0;0;0;0;1;1;0;1;1;0; 5;Quick Attack;10;Feint Attack;15;Icy Wind;20;Metal Claw;25;Ice Punch;30;Agility;35;Fury Swipes;40;Swords Dance;45;Slash;50;Screech;
087;147;Dratini;41;64;45;50;50;DRAGON;DRAGON;45;67;Wrap;Leer;00_Glitch move;00_Glitch move;Slow;0;0;0;0;0;1;0;1;1;1;0;1;1;1;1;0;0;0;0;0;0;0;1;1;1;0;0;0;0;0;1;1;1;1;0;0;0;1;1;1;0;0;0;1;1;1;0;0;0;1;0;0;1;0;0;10;Thunder Wave;15;Twister;20;Agility;30;Slam;40;Dragon Rage;45;DragonBreath;50;Hyper Beam;60;Outrage;
088;148;Dragonair;61;84;65;70;70;DRAGON;WIND;45;144;Wrap;Leer;Thunder Wave;00_Glitch move;Slow;0;0;0;0;0;1;1;1;1;1;0;1;1;1;1;0;0;0;0;0;0;0;1;1;1;0;0;0;0;0;1;1;1;1;0;0;0;1;1;1;0;0;0;1;1;1;0;0;0;1;0;0;1;0;0;10;Thunder Wave;15;Twister;20;Agility;35;Slam;45;Dragon Rage;50;DragonBreath;55;Hyper Beam;65;Outrage;
089;140;Kabuto;30;80;90;55;45;ROCK;WATER;45;119;Scratch;Harden;00_Glitch move;00_Glitch move;Medium Fast;0;0;0;0;0;1;0;1;1;1;0;1;1;1;0;0;0;0;0;0;1;0;0;0;0;0;0;1;0;0;1;1;1;0;0;0;0;0;0;0;0;0;0;1;0;0;0;1;0;1;0;0;1;0;0;17;Mud-Slap;20;Rock Throw;23;Absorb;26;Leer;30;Slash;34;Swords Dance;39;Night Slash;44;Rock Slide;49;Hydro Pump;54;AncientPower;
090;141;Kabutops;60;115;105;80;70;ROCK;WATER;45;201;Scratch;Harden;Mud-Slap;Rock Throw;Medium Fast;0;1;1;0;0;1;0;1;1;1;0;1;1;1;1;0;1;0;1;0;1;0;0;0;0;0;0;1;0;0;1;1;1;0;0;0;0;0;0;1;0;0;0;1;0;0;0;1;0;1;1;0;1;0;0;17;Mud-Slap;20;Rock Throw;23;Absorb;26;Leer;30;Slash;34;Swords Dance;39;Night Slash;46;Rock Slide;53;Hydro Pump;60;AncientPower;
091;116;Horsea;30;40;70;60;70;WATER;WATER;225;83;Bubble;Smog;00_Glitch move;00_Glitch move;Medium Fast;0;1;0;0;0;1;0;0;1;1;1;1;1;1;0;0;0;0;0;0;0;0;1;0;0;0;0;0;0;0;1;1;0;1;0;0;0;0;1;1;0;0;0;1;0;1;0;0;0;1;0;0;1;0;0; 5;Smokescreen; 9;Leer;13;Water Gun;17;Twister;21;Octazooka;25;Focus Energy;29;DragonBreath;33;Miasma;37;Agility;41;Waterfall;45;Haze;49;Burning Mist;53;Dragon Pulse;57;Hydro Pump;
092;117;Seadra;55;65;95;85;95;WATER;WATER;75;155;Bubble;Smog;00_Glitch move;00_Glitch move;Medium Fast;0;1;0;0;0;1;0;0;1;1;1;1;1;1;1;0;0;0;0;0;0;0;1;0;0;0;0;0;0;0;1;1;0;1;0;0;0;0;1;1;0;0;0;1;0;1;0;0;0;1;0;0;1;0;0; 5;Smokescreen; 9;Leer;13;Water Gun;17;Twister;25;Focus Energy;29;DragonBreath;34;Miasma;39;Agility;44;Waterfall;49;Haze;54;Burning Mist;59;Dragon Pulse;64;Hydro Pump;
093;166;Spinarak;40;60;40;30;40;BUG;POISON;255;54;Poison Sting;StringShot;00_Glitch move;00_Glitch move;Fast;0;0;0;0;0;1;0;1;0;1;1;0;0;0;0;0;0;0;0;0;1;1;0;0;0;0;0;1;1;0;1;1;0;0;0;1;1;0;0;0;0;1;0;1;0;1;0;0;0;1;0;0;0;0;1; 6;Scary Face;12;Leech Life;18;Night Shade;24;Nothing;30;Fury Swipes;36;Pin Missile;42;Agility;48;Psychic;54;Megahorn;
094;167;Ariados;70;90;70;40;60;BUG;POISON;90;134;Poison Sting;Leer;Sharp Point;Night Shade;Fast;0;0;1;0;0;1;0;1;0;1;1;0;0;0;1;0;0;0;0;0;1;1;0;0;0;0;0;1;1;1;1;1;0;0;0;1;1;0;0;0;0;1;0;1;0;1;0;0;0;1;0;0;0;0;1; 1;Swords Dance; 6;Scary Face;12;Leech Life;18;Night Shade;25;Poison Jab;32;Fury Swipes;39;Pin Missile;46;Agility;53;Psychic;60;Megahorn;
095;027;Sandshrew;50;75;85;40;30;GROUND;GROUND;255;93;Scratch;00_Glitch move;00_Glitch move;00_Glitch move;Medium Fast;1;0;1;0;0;1;0;1;1;1;0;0;0;0;0;0;1;1;1;0;0;0;0;0;0;1;1;1;0;0;1;1;0;0;0;0;0;0;1;1;0;0;0;1;0;0;0;1;0;1;1;0;0;1;0; 5;Poison Sting; 8;Sand Attack;12;Metal Claw;16;Slash;20;Rollout;25;Nothing;30;Fury Swipes;35;Swords Dance;40;Earthquake;
096;028;Sandslash;75;100;110;65;55;GROUND;GROUND;90;163;Scratch;Poison Sting;Pin Missile;00_Glitch move;Medium Fast;1;0;1;0;0;1;0;1;1;1;0;0;0;0;1;0;1;1;1;0;0;0;0;0;0;1;1;1;0;0;1;1;0;0;0;0;0;0;1;1;0;0;0;1;0;0;0;1;0;1;1;0;0;1;0; 5;Poison Sting; 8;Sand Attack;12;Metal Claw;16;Slash;20;Rollout;26;Dig;32;Fury Swipes;38;Swords Dance;44;Earthquake;
097;138;Omanyte;35;40;100;35;90;ROCK;WATER;45;120;Water Gun;Withdraw;00_Glitch move;00_Glitch move;Medium Fast;0;0;0;0;0;1;0;1;1;1;0;1;1;1;0;0;0;0;0;0;0;0;0;0;0;0;0;0;0;0;1;1;1;0;0;0;0;0;0;0;0;0;0;1;0;0;0;1;0;1;0;0;1;0;0;17;Constrict;20;Rock Throw;23;Horn Attack;26;Leer;30;Bite;34;Spike Cannon;39;Rollout;44;Rock Slide;49;Hydro Pump;54;AncientPower;
098;139;Omastar;70;60;125;55;115;ROCK;WATER;45;199;Water Gun;Withdraw;Horn Attack;00_Glitch move;Medium Fast;0;0;0;0;0;1;1;1;1;1;0;1;1;1;1;0;1;0;1;0;0;0;0;0;0;0;0;0;0;0;1;1;1;0;0;0;0;0;0;1;0;0;0;1;0;0;0;1;0;1;0;0;1;0;0; 1;Pin Missile;17;Constrict;20;Rock Throw;23;Horn Attack;26;Leer;30;Bite;34;Spike Cannon;39;Rollout;46;Rock Slide;53;Hydro Pump;59;AncientPower;
099;039;Jigglypuff;115;45;20;20;25;SOUND;FAIRY;170;76;Sing;Pound;00_Glitch move;00_Glitch move;Fast;1;0;0;0;1;1;0;1;1;1;0;1;1;1;0;0;1;1;1;0;0;1;0;1;1;0;0;1;1;1;1;1;1;1;1;0;0;1;1;1;0;1;0;1;1;1;0;0;1;1;0;0;0;1;1; 7;Fairy Wind;11;Disable;15;Defense Curl;15;Rollout;19;Double Slap;23;Laughing Gas;27;Rest;31;Body Slam;35;Charm;39;Double-Edge;39;Hyper Voice;43;Play Rough;47;Mimic;51;Bass Tremor;55;Moonblast;
100;040;Wigglytuff;140;70;45;45;85;SOUND;FAIRY;50;109;Sing;Disable;Defense Curl;Double Slap;Fast;1;0;0;0;1;1;0;1;1;1;0;1;1;1;1;0;1;1;1;0;0;1;0;1;1;0;0;1;1;1;1;1;1;1;1;0;0;1;1;1;0;1;0;1;1;1;0;0;1;1;0;0;0;1;1;
101;133;Eevee;55;55;50;55;65;NORMAL;NORMAL;45;92;Tackle;Sand Attack;00_Glitch move;00_Glitch move;Medium Fast;0;0;0;0;0;1;0;1;1;1;0;0;0;0;0;1;0;0;0;0;0;0;0;0;0;0;0;1;0;1;1;1;1;1;0;0;0;0;1;1;0;0;0;1;0;0;0;0;0;1;0;0;0;0;0; 6;Sand Attack;12;Growl;18;Quick Attack;24;Growth;30;Bite;36;Charm;42;Take Down;48;Sing;54;Double-Edge;
102;136;Flareon;65;130;60;65;110;FIRE;FIRE;45;198;Tackle;Sand Attack;Quick Attack;00_Glitch move;Medium Fast;0;0;0;0;0;1;0;1;1;1;0;0;0;0;1;1;0;0;0;0;0;0;0;0;0;0;0;1;0;1;1;1;1;1;0;0;0;1;1;1;0;0;0;1;0;1;0;0;0;1;0;0;0;1;0; 1;Ember;24;Focus Energy;30;Bite;36;Flamethrower;42;Fire Spin;48;Burning Mist;54;Fire Blast;
103;135;Jolteon;65;65;60;130;110;ELECTRIC;ELECTRIC;45;197;Tackle;Sand Attack;Quick Attack;00_Glitch move;Medium Fast;0;0;0;0;0;1;0;1;1;1;1;0;0;0;1;1;0;0;0;0;0;0;0;1;1;0;0;1;0;1;1;1;1;1;0;0;0;0;1;1;0;0;0;1;1;1;0;0;0;1;0;0;0;1;1; 1;ThunderShock;24;Spark;30;Thunder Wave;36;Double Kick;42;Agility;48;Pin Missile;54;Thunder;
104;134;Vaporeon;130;65;60;65;110;WATER;WATER;45;196;Tackle;Sand Attack;Quick Attack;00_Glitch move;Medium Fast;0;0;0;0;0;1;0;1;1;1;1;1;1;1;1;1;0;0;0;0;0;0;0;0;0;0;0;1;0;1;1;1;1;1;0;0;0;0;1;1;0;0;0;1;0;1;0;0;0;1;0;0;1;1;0; 1;Water Gun;37;Bubble Beam;40;Bite;42;Acid Armor;44;Haze;48;Mist;54;Hydro Pump;
105;066;Machop;70;80;50;35;35;FIGHTING;FIGHTING;180;88;Karate Chop;Leer;00_Glitch move;00_Glitch move;Medium Slow;1;0;0;0;1;1;0;1;1;1;0;0;0;0;0;0;1;1;1;0;0;0;0;0;0;1;1;1;0;0;1;1;0;0;1;0;0;1;0;1;0;0;0;1;0;1;0;1;0;1;0;0;0;1;0; 5;Meditate;10;Low Kick;15;Rock Smash;20;Focus Energy;25;Mega Punch;30;Seismic Toss;35;Submission;40;Scary Face;45;DynamicPunch;45;Cross Chop;50;Thrash;
106;041;Zubat;40;45;35;55;40;POISON;WIND;255;54;Leech Life;00_Glitch move;00_Glitch move;00_Glitch move;Medium Fast;0;1;0;1;0;1;0;0;1;1;0;0;0;0;0;0;0;0;0;1;1;0;0;0;0;0;0;0;0;1;1;1;0;1;0;1;0;0;1;0;0;0;1;1;0;1;0;0;0;1;0;1;0;0;0; 5;Supersonic;10;Gust;15;Bite;20;Confuse Ray;25;Wing Attack;30;Poison Jab;35;Air Slash;40;Crunch;45;Haze;
107;023;Ekans;35;60;44;55;40;POISON;POISON;255;62;Wrap;Leer;00_Glitch move;00_Glitch move;Medium Fast;0;0;0;0;0;1;0;1;1;1;0;0;0;0;0;0;0;0;0;0;1;0;0;0;0;1;1;1;0;0;1;1;0;0;0;1;0;0;0;1;1;0;0;1;0;0;0;1;0;1;0;0;0;1;0;10;Poison Sting;15;Bite;20;Glare;25;Acid;30;Screech;35;Poison Jab;40;Haze;45;Toxic;
108;046;Paras;35;70;55;25;55;BUG;GRASS;190;70;Scratch;00_Glitch move;00_Glitch move;00_Glitch move;Medium Fast;0;0;1;0;0;1;0;1;1;1;0;0;0;0;0;0;0;1;0;0;1;1;0;0;0;0;0;1;0;0;1;1;1;0;0;1;0;0;0;1;1;0;0;1;0;1;0;0;0;1;1;0;0;0;1; 5;Vise Grip;10;Leech Life;15;Stun Spore;20;Mega Drain;25;Spore;30;Slash;35;Seed Bomb;40;Growth;45;X-Scissor;50;Synthesis;
109;061;Poliwhirl;65;65;65;90;50;WATER;WATER;120;131;Bubble;Growth;Low Kick;Hypnosis;Medium Slow;0;0;0;0;1;1;0;1;1;1;0;1;1;1;0;0;1;1;1;0;0;0;0;0;0;1;1;1;1;0;1;1;0;0;1;0;0;0;0;1;0;0;0;1;0;1;0;0;0;1;0;0;1;1;0; 7;Growth;12;Low Kick;16;Hypnosis;19;Water Gun;26;Double Slap;33;Body Slam;41;Amnesia;49;Hydro Pump;
110;062;Poliwrath;90;95;95;70;90;WATER;FIGHTING;45;185;Hypnosis;Water Gun;Double Slap;DynamicPunch;Medium Slow;1;0;0;0;1;1;0;1;1;1;0;1;1;1;1;0;1;1;1;0;0;0;0;0;0;1;1;1;1;0;1;1;0;0;1;0;0;0;0;1;0;0;0;1;0;1;0;0;0;1;0;0;1;1;0; 1;Submission;50;DynamicPunch;
111;013;Weedle;40;35;30;50;20;BUG;POISON;255;52;Poison Sting;StringShot;00_Glitch move;00_Glitch move;Medium Fast;0;0;0;0;0;0;0;0;0;0;0;0;0;0;0;0;0;0;0;0;0;0;0;0;0;0;0;0;0;0;0;0;0;0;0;0;0;0;0;0;0;0;0;0;0;0;0;0;0;0;0;0;0;0;0;
112;014;Kakuna;45;25;50;35;25;BUG;POISON;120;71;Harden;00_Glitch move;00_Glitch move;00_Glitch move;Medium Fast;0;0;0;0;0;0;0;0;0;0;0;0;0;0;0;0;0;0;0;0;0;0;0;0;0;0;0;0;0;0;0;0;0;0;0;0;0;0;0;0;0;0;0;0;0;0;0;0;0;0;0;0;0;0;0;
113;015;Beedrill;65;90;40;75;45;BUG;POISON;45;159;Fury Attack;00_Glitch move;00_Glitch move;00_Glitch move;Medium Fast;0;1;1;1;0;1;0;0;1;1;0;0;0;0;1;0;0;0;0;0;1;1;0;0;0;0;0;0;0;0;1;1;1;1;0;1;0;0;1;1;0;0;0;1;0;0;0;0;0;1;1;0;0;0;1; 1;Sharp Point;14;Fury Attack;18;Focus Energy;22;Twineedle;26;Rage;30;Pin Missile;34;Agility;38;Poison Jab;42;Outrage;
114;218;Raikou;90;85;75;115;115;ELECTRIC;ELECTRIC;03;216;Bite;Leer;00_Glitch move;00_Glitch move;Slow;0;0;0;0;0;1;0;1;1;1;1;0;0;0;1;0;0;0;0;0;0;0;0;1;1;0;0;1;0;1;1;1;1;1;0;0;0;0;1;1;0;0;0;1;1;1;0;0;1;1;1;0;0;1;1;11;Roar;16;ThunderShock;21;Quick Attack;31;Spark;41;Crunch;51;Reflect;61;ExtremeSpeed;71;Thunder;81;Shock Smog;91;Zap Cannon;
115;085;Dodrio;60;110;70;110;60;NORMAL;FLYING;45;158;Peck;Growl;Fury Attack;Quick Attack;Medium Fast;0;0;1;1;0;1;0;1;1;1;0;0;0;0;1;0;0;0;0;1;0;0;0;0;0;0;0;0;0;0;1;1;1;0;0;0;0;0;1;1;0;0;1;1;0;1;0;0;1;1;0;1;0;0;0; 1;Tri Attack; 4;Rage; 9;Quick Attack;13;Sharp Point;17;Fury Attack;21;Noise Pulse;25;Drill Peck;29;Tri Attack;34;Agility;39;Jump Kick;44;Thrash;49;Swords Dance;
116;057;Primeape;65;105;60;95;70;FIGHTING;FIGHTING;75;149;Scratch;Leer;Mud-Slap;Low Kick;Medium Fast;1;0;0;0;1;1;0;1;1;1;0;0;0;0;1;1;1;1;1;0;0;0;0;1;1;1;0;1;0;0;1;1;0;1;1;0;0;0;1;1;1;0;0;1;0;0;0;1;0;1;0;0;0;1;0; 1;Rage; 3;Mud-Slap; 9;Low Kick;15;Meditate;21;Karate Chop;27;Fury Swipes;28;Rage Fist;35;Focus Energy;43;Burning Mist;51;Thrash;59;Cross Chop;67;Outrage;
117;051;Dugtrio;35;100;50;120;70;GROUND;GROUND;50;153;Scratch;Growl;Dig;Slash;Medium Fast;0;0;1;0;0;1;0;1;1;1;0;0;0;0;1;0;0;0;0;0;0;0;0;0;0;1;1;1;0;0;1;1;0;0;0;1;0;0;0;0;0;0;0;1;0;0;0;1;1;1;1;0;0;0;0; 1;Tri Attack;10;Growl;15;Dig;20;Sand Attack;26;Night Slash;37;Earthquake;53;Fissure;
118;049;Venomoth;70;65;60;90;90;BUG;POISON;75;138;Tackle;Disable;Signal Beam;Confusion;Medium Fast;0;1;0;1;0;1;0;0;1;1;1;0;0;0;1;0;0;0;0;0;1;1;0;0;0;0;0;0;1;1;1;1;1;0;0;1;0;0;1;0;0;1;0;1;0;1;0;0;0;1;0;1;0;0;1; 1;Air Slash; 7;Leech Life;12;Confusion;17;PoisonPowder;17;Stun Spore;22;Psybeam;27;Sleep Powder;33;Sludge Bomb;39;Air Slash;45;Psychic;51;Morning Sun;
119;087;Dewgong;90;70;80;70;95;WATER;ICE;75;176;Headbutt;Growl;Water Gun;00_Glitch move;Medium Fast;0;0;0;0;0;1;1;1;1;1;1;1;1;1;1;1;0;0;0;0;0;0;0;0;0;0;0;0;0;0;1;1;0;0;0;0;1;0;0;1;0;0;0;1;0;1;0;0;0;1;0;0;1;1;0; 9;Lick;13;Icy Wind;17;Rest;21;Aurora Beam;25;Waterfall;29;Take Down;33;Ice Beam;38;Blizzard;
120;168;Chinchou;75;38;38;67;56;WATER;ELECTRIC;190;90;Bubble;Thunder Wave;00_Glitch move;00_Glitch move;Slow;0;0;0;0;0;1;0;0;1;1;1;1;1;1;0;0;0;0;0;0;0;0;0;1;1;0;0;0;0;0;1;1;0;0;0;0;0;0;0;0;0;0;0;1;1;1;0;0;0;1;0;0;1;0;1; 5;Supersonic;13;Water Gun;13;Bubble;17;Confuse Ray;21;Bubble Beam;25;Spark;29;Signal Beam;33;Mist;37;Take Down;41;Hydro Pump;45;Zap Cannon;
121;169;Lanturn;125;58;58;67;76;WATER;ELECTRIC;75;156;Supersonic;Splash;Water Gun;Spark;Slow;0;0;0;0;0;1;0;0;1;1;1;1;1;1;1;0;0;0;0;0;0;0;0;1;1;0;0;0;0;0;1;1;0;0;0;0;0;0;0;1;0;0;0;1;1;1;0;0;0;1;0;0;1;0;1; 5;Supersonic;13;Water Gun;17;Confuse Ray;21;Bubble Beam;25;Spark;30;Signal Beam;35;Mist;40;Take Down;45;Hydro Pump;50;Zap Cannon;
122;010;Caterpie;45;30;35;45;20;BUG;BUG;255;53;Tackle;StringShot;00_Glitch move;00_Glitch move;Medium Fast;0;0;0;0;0;0;0;0;0;0;0;0;0;0;0;0;0;0;0;0;0;0;0;0;0;0;0;0;0;0;0;0;0;0;0;0;0;0;0;0;0;0;0;0;0;0;0;0;0;0;0;0;0;0;0;
123;011;Metapod;50;20;55;30;25;BUG;BUG;120;72;Harden;00_Glitch move;00_Glitch move;00_Glitch move;Medium Fast;0;0;0;0;0;0;0;0;0;0;0;0;0;0;0;0;0;0;0;0;0;0;0;0;0;0;0;0;0;0;0;0;0;0;0;0;0;0;0;0;0;0;0;0;0;0;0;0;0;0;0;0;0;0;0;
124;012;Butterfree;60;45;50;70;90;BUG;WIND;45;160;Confusion;Sweet Scent;00_Glitch move;00_Glitch move;Medium Fast;0;1;0;1;0;1;0;0;1;1;1;0;0;0;1;0;0;0;0;0;1;1;0;0;0;0;0;0;1;1;1;1;1;0;0;0;0;0;1;0;0;1;0;1;0;1;0;0;0;1;0;1;0;0;1; 1;Gust;10;Gust;14;Confusion;18;PoisonPowder;18;Stun Spore;18;Sleep Powder;22;Supersonic;26;Psybeam;30;Signal Beam;34;Whirlwind;38;Air Slash;42;Morning Sun;
125;068;Machamp;90;130;80;55;65;FIGHTING;FIGHTING;45;193;Karate Chop;Leer;Meditate;Mach Punch;Medium Slow;1;0;1;0;1;1;0;1;1;1;0;0;0;0;1;0;1;1;1;0;0;0;0;0;0;1;1;1;0;0;1;1;0;0;1;0;0;1;0;1;0;0;0;1;0;1;0;1;0;1;0;0;0;1;0; 5;Meditate;10;Low Kick;15;Rock Smash;20;Focus Energy;25;Mega Punch;31;Seismic Toss;37;Submission;43;Scary Face;49;DynamicPunch;49;Cross Chop;55;Thrash;
126;170;Swinub;50;50;40;50;30;ICE;GROUND;225;78;Tackle;Mud-Slap;00_Glitch move;00_Glitch move;Slow;0;0;0;0;0;1;0;1;1;1;0;1;1;1;0;0;0;0;0;0;0;0;0;0;0;1;1;1;0;0;1;1;1;0;0;0;0;0;0;1;0;0;0;1;0;0;0;1;0;1;0;0;0;1;0;10;Powder Snow;17;Defense Curl;24;Take Down;28;Icy Wind;31;Mist;38;Blizzard;45;Amnesia;52;Whirlwind;58;AncientPower;
127;055;Golduck;80;82;78;85;80;WATER;ABNORMAL;75;174;Scratch;Tail Whip;Disable;00_Glitch move;Medium Fast;1;0;0;0;1;1;0;1;1;1;1;1;1;1;1;1;1;1;1;0;0;0;0;0;0;0;0;1;1;0;1;1;0;0;1;0;0;0;1;1;0;0;0;1;0;1;0;0;1;1;0;0;1;1;1; 5;Bubble;10;Disable;15;Confusion;20;Water Gun;25;Odd Wave;30;Amnesia;36;Cross Chop;42;Fury Swipes;48;Hypnosis;54;Hydro Pump;
128;097;Hypno;85;73;70;67;115;PSYCHIC;ABNORMAL;75;165;Pound;Hypnosis;Disable;Confusion;Medium Fast;1;0;0;0;0;1;0;1;1;1;1;1;0;0;1;0;1;1;1;0;0;0;0;0;0;0;0;0;1;1;1;1;1;1;1;0;0;0;1;1;0;1;0;1;1;1;0;0;1;1;0;0;0;0;1; 1;Barrier; 4;Disable; 8;Confusion;12;Laughing Gas;16;Odd Wave;20;Low Kick;24;Headbutt;29;Poison Gas;29;Miasma;34;Psychic;39;Meditate;44;Dream Eater;49;Amnesia;54;Shock Smog;59;Dice Roll;
129;042;Golbat;75;80;70;90;75;POISON;WIND;90;171;Leech Life;Bite;00_Glitch move;00_Glitch move;Medium Fast;0;1;0;1;0;1;0;0;1;1;0;0;0;0;1;0;0;0;0;1;1;0;0;0;0;0;0;0;0;1;1;1;0;1;0;1;0;0;1;0;0;0;1;1;0;1;0;0;0;1;0;1;0;0;0; 1;Screech; 5;Supersonic;10;Gust;15;Bite;20;Confuse Ray;26;Wing Attack;32;Poison Jab;38;Air Slash;46;Crunch;52;Haze;
130;150;Mewtwo;106;110;90;130;154;PSYCHIC;PSYCHIC;03;220;Confusion;Disable;Swift;Psychic;Slow;1;0;0;0;1;1;0;1;1;1;1;1;1;1;1;1;1;1;1;0;0;1;0;1;1;1;0;0;1;1;1;1;1;0;1;0;0;1;1;1;0;1;0;1;1;1;0;1;1;1;0;0;0;1;1;60;AncientPower;63;Barrier;66;Psychic;70;Recover;75;Mist;81;Amnesia;88;Dark Pulse;
131;143;Snorlax;160;110;65;30;65;NORMAL;NORMAL;25;154;Tackle;Defense Curl;Rest;00_Glitch move;Slow;1;0;0;0;1;1;0;1;1;1;0;1;1;1;1;1;1;1;1;0;0;1;0;1;1;1;1;1;1;1;1;1;1;0;1;0;0;1;0;1;1;0;0;1;0;1;0;1;0;1;0;0;1;1;0; 5;Harden;10;Lick;15;Headbutt;20;Bite;25;Amnesia;30;Rest;35;Body Slam;40;Metronome;45;Lovely Kiss;50;Double-Edge;55;Bass Tremor;60;SelfDestruct;
132;129;Magikarp;20;10;55;80;20;WATER;WATER;255;20;Splash;00_Glitch move;00_Glitch move;00_Glitch move;Slow;0;0;0;0;0;0;0;0;0;0;0;0;0;0;0;0;0;0;0;0;0;0;0;0;0;0;0;0;0;0;0;0;0;0;0;0;0;0;0;0;0;0;0;0;0;0;0;0;0;0;0;0;0;0;0;15;Tackle;30;Hydro Pump;
133;171;Piloswine;100;100;80;50;60;ICE;GROUND;75;160;Tackle;Mud-Slap;Powder Snow;Defense Curl;Slow;0;0;0;0;0;1;1;1;1;1;0;1;1;1;1;0;0;0;0;0;0;0;0;0;0;1;1;1;0;0;1;1;1;0;0;0;1;0;0;1;0;0;0;1;0;0;0;1;0;1;0;0;0;1;0; 1;Fury Attack;10;Powder Snow;17;Defense Curl;24;Take Down;28;Icy Wind;31;Mist;32;Fury Attack;40;Blizzard;49;Amnesia;58;AncientPower;
134;196;Tyrogue;35;35;35;35;35;FIGHTING;FIGHTING;75;91;Tackle;Rock Smash;00_Glitch move;00_Glitch move;Medium Fast;1;0;0;0;1;1;0;1;1;1;0;0;0;0;0;0;1;1;1;0;0;0;0;0;0;1;0;0;0;0;1;1;0;0;1;0;0;0;1;1;0;0;0;1;0;1;0;1;0;1;0;0;0;1;0; 5;Rage;15;Focus Energy;25;Dizzy Punch;35;Mach Punch;
135;089;Muk;105;105;75;50;65;POISON;POISON;75;157;Pound;Disable;Poison Gas;00_Glitch move;Medium Fast;1;0;0;0;1;1;0;1;1;0;0;1;0;0;1;0;0;0;0;0;1;0;0;1;1;0;0;1;0;1;1;1;0;1;1;1;0;1;1;0;0;0;0;1;0;0;1;1;0;1;0;0;0;1;0; 1;Moonblast; 5;Harden;10;Mud-Slap;15;Sludge;20;Poison Gas;25;Miasma;30;Minimize;35;Screech;41;Sludge Bomb;47;Toxic;53;Acid Armor;
136;220;Suicune;100;75;115;85;115;WATER;WIND;03;215;Bite;Leer;00_Glitch move;00_Glitch move;Slow;0;1;0;1;0;1;0;1;1;1;1;1;1;1;1;0;0;0;0;0;0;0;0;0;0;0;0;1;0;1;1;1;1;1;0;0;0;0;1;1;0;0;0;1;0;1;0;0;1;1;1;0;1;0;0;11;Roar;16;Gust;21;Icy Wind;31;Bubble Beam;41;Aurora Beam;51;Mist;61;ExtremeSpeed;71;Hydro Pump;81;Blizzard;91;Aeroblast;
137;099;Kingler;55;130;115;75;50;WATER;WATER;60;206;Bubble;Leer;Harden;Metal Claw;Medium Fast;0;0;1;0;0;1;0;1;1;1;0;1;1;1;1;0;0;0;0;0;0;0;0;0;0;0;0;1;0;0;1;1;0;0;0;0;0;0;0;0;0;0;0;1;0;0;0;1;0;1;1;0;1;1;0; 5;Vise Grip;10;Harden;15;Metal Claw;20;Rock Smash;25;Guillotine;25;Bubble Beam;31;Stomp;37;X-Scissor;43;Crabhammer;49;Guillotine;
138;091;Cloyster;50;95;180;70;85;WATER;ICE;60;203;Withdraw;Supersonic;Clamp;Aurora Beam;Slow;0;0;0;0;0;1;0;1;1;1;1;1;1;1;1;0;0;0;0;0;0;0;0;0;0;0;0;0;0;0;1;1;1;0;0;0;0;0;1;0;0;0;0;1;0;1;1;0;1;1;0;0;1;0;0; 1;Spike Cannon;50;Pin Missile;
139;196;Tyrogue;35;35;35;35;35;FIGHTING;FIGHTING;75;91;Tackle;Rock Smash;00_Glitch move;00_Glitch move;Medium Fast;1;0;0;0;1;1;0;1;1;1;0;0;0;0;0;0;1;1;1;0;0;0;0;0;0;1;0;0;0;0;1;1;0;0;1;0;0;0;1;1;0;0;0;1;0;1;0;1;0;1;0;0;0;1;0;
140;101;Electrode;60;50;70;150;80;ELECTRIC;ELECTRIC;60;150;Tackle;Screech;Rollout;ThunderShock;Medium Fast;0;0;0;0;0;1;0;0;1;1;1;0;0;0;1;0;0;0;0;0;0;0;0;1;1;0;0;0;0;1;1;1;1;0;0;0;0;0;1;1;1;0;0;1;1;1;1;0;0;1;0;0;0;0;1; 7;ThunderShock;12;Rollout;17;Sonic Boom;22;Spark;27;SelfDestruct;33;Agility;39;Swift;45;Light Screen;57;Shock Smog;63;Explosion;
141;036;Clefable;95;70;73;60;95;FAIRY;FAIRY;25;129;Sing;Double Slap;Minimize;Metronome;Fast;1;0;0;0;1;1;0;1;1;1;1;1;1;1;1;0;1;1;1;0;0;1;0;1;1;0;0;1;1;1;1;1;1;0;1;0;0;1;1;1;0;1;0;1;1;1;0;0;1;1;0;0;0;1;1;
142;110;Weezing;65;90;120;60;85;POISON;GAS;60;173;Tackle;Smog;Sludge;00_Glitch move;Medium Fast;0;0;0;0;0;1;0;1;0;0;0;1;0;0;1;0;0;0;0;0;0;0;0;1;1;0;0;0;0;1;1;1;0;1;0;1;0;1;0;0;0;0;0;1;0;0;1;0;1;1;0;0;0;0;1;10;Laughing Gas;15;Poison Gas;20;Sludge;25;Smokescreen;30;Miasma;36;SelfDestruct;42;Haze;48;Burning Mist;54;Explosion;
143;053;Persian;65;70;60;115;65;NORMAL;NORMAL;90;148;Scratch;Growl;Bite;Screech;Medium Fast;0;0;0;0;0;1;0;1;1;1;0;1;0;0;1;1;0;0;0;0;0;0;0;1;1;0;0;1;0;1;1;1;0;0;0;0;0;0;1;1;1;1;0;1;1;1;0;0;0;1;1;0;0;0;1; 1;Swift;12;Bite;17;Pay Day;22;Screech;27;Night Slash;33;Hypnosis;39;Fury Swipes;45;Play Rough;51;Slash;57;Dice Roll;
144;105;Marowak;60;80;110;45;50;GROUND;GROUND;75;124;Bone Club;Growl;Leer;Focus Energy;Medium Fast;1;0;1;0;0;1;0;1;1;1;0;1;1;1;1;0;1;1;1;0;0;0;0;0;0;1;1;1;0;0;1;1;0;1;0;0;0;1;1;1;0;0;0;1;0;0;0;1;0;1;0;0;0;1;0; 1;Rage; 5;Tail Whip; 9;Bone Club;13;Headbutt;17;Leer;21;Focus Energy;25;Bonemerang;30;Sing;35;Twig Slap;40;Iron Head;45;Swords Dance;50;Bone Rush;55;Rage;
145;229;Noibat;40;30;35;55;45;SOUND;DRAGON;190;59;Supersonic;Tackle;00_Glitch move;00_Glitch move;Medium Fast;0;1;0;1;0;1;0;0;1;1;0;0;0;0;0;0;0;0;0;1;0;1;1;0;0;0;0;0;1;1;1;1;0;1;0;0;0;0;1;0;0;1;1;1;0;1;0;0;0;1;1;1;0;0;0; 5;Leech Life; 9;Gust;13;Bite;17;Wing Attack;21;Agility;25;Noise Pulse;29;Moonlight;33;Razor Wind;37;Whirlwind;41;Super Fang;45;Screech;49;Air Slash;53;Hyper Voice;57;Outrage;
146;093;Haunter;45;50;45;95;115;GHOST;GAS;90;126;Lick;Confuse Ray;Night Shade;00_Glitch move;Medium Slow;0;0;0;0;0;1;0;0;0;0;0;0;0;0;0;0;0;0;0;0;1;0;0;1;1;0;0;0;1;1;1;1;0;1;1;1;0;0;0;0;0;1;0;1;0;1;1;0;0;1;0;0;0;0;0; 3;Smog;10;Laughing Gas;17;Disable;24;Shadow Ball;32;Miasma;40;Hypnosis;40;Dream Eater;48;Dark Pulse;56;Burning Mist;
147;063;Abra;25;20;15;90;105;PSYCHIC;PSYCHIC;200;73;Teleport;00_Glitch move;00_Glitch move;00_Glitch move;Medium Slow;1;0;0;0;1;1;0;1;1;1;1;0;0;0;0;0;1;1;1;0;0;0;0;0;0;0;0;0;1;1;1;1;1;0;1;0;0;0;1;1;0;1;0;1;1;1;0;0;1;1;0;0;0;0;1;
148;065;Alakazam;55;50;45;120;135;PSYCHIC;PSYCHIC;50;186;Teleport;Confusion;Disable;Kinesis;Medium Slow;1;0;0;0;1;1;0;1;1;1;1;0;0;0;1;0;1;1;1;0;0;0;0;0;0;0;0;1;1;1;1;1;1;0;1;0;0;0;1;1;0;1;0;1;1;1;0;0;1;1;0;0;0;0;1;16;Confusion;22;Disable;28;Psybeam;34;Recover;40;Psychic;46;Reflect;
149;017;Pidgeotto;63;60;55;71;50;NORMAL;FLYING;120;113;Gust;Sand Attack;00_Glitch move;00_Glitch move;Medium Slow;0;1;0;1;0;1;0;0;1;1;0;0;0;0;0;0;0;0;0;1;0;0;0;0;0;0;0;0;0;0;1;1;1;0;0;0;0;0;1;0;0;0;1;1;0;1;0;0;0;1;0;1;0;0;0; 5;Sand Attack; 9;Quick Attack;13;Twister;17;Whirlwind;27;Feint Attack;31;Wing Attack;32;Air Slash;37;Agility;42;Steel Wing;47;Mirror Move;52;Sky Attack;
150;018;Pidgeot;83;80;75;101;70;NORMAL;FLYING;45;172;Gust;Sand Attack;Quick Attack;00_Glitch move;Medium Slow;0;1;0;1;0;1;0;0;1;1;0;0;0;0;1;0;0;0;0;1;0;0;0;0;0;0;0;0;0;0;1;1;1;0;0;0;0;0;1;0;0;0;1;1;0;1;0;0;0;1;0;1;0;0;0; 5;Sand Attack; 9;Quick Attack;13;Twister;17;Whirlwind;22;Wing Attack;27;Feint Attack;32;Air Slash;38;Agility;44;Steel Wing;50;Mirror Move;56;Sky Attack;
151;121;Starmie;60;75;85;115;100;WATER;PSYCHIC;60;207;Tackle;Harden;Water Gun;Psywave;Slow;0;0;0;0;0;1;0;0;1;1;1;1;1;1;1;0;0;0;0;0;0;0;0;1;1;0;0;0;1;0;1;1;1;0;0;0;0;0;1;1;0;1;0;1;1;1;0;0;1;1;0;0;1;0;1;
152;001;Bulbasaur;45;49;49;45;65;GRASS;POISON;45;64;Tackle;Growl;00_Glitch move;00_Glitch move;Medium Slow;0;1;1;0;0;1;0;1;1;1;0;0;0;0;0;0;0;0;0;0;1;1;0;0;0;0;0;1;0;0;1;1;1;0;0;1;0;0;0;1;1;0;0;1;0;0;0;0;0;1;1;0;0;1;1; 7;Leech Seed;10;Vine Whip;15;PoisonPowder;15;Sleep Powder;18;StringShot;22;Razor Leaf;25;Sweet Scent;29;Growl;33;Sludge Bomb;33;Seed Bomb;37;Synthesis;42;Petal Dance;48;Solar Beam;
153;003;Venusaur;80;82;83;80;100;GRASS;POISON;45;208;Tackle;Growl;Leech Seed;Vine Whip;Medium Slow;0;1;1;0;0;1;0;1;1;1;0;0;0;0;1;0;0;0;0;0;1;1;0;0;0;1;0;1;0;0;1;1;1;1;0;1;0;0;0;1;1;0;0;1;0;1;0;0;0;1;1;0;0;1;1;15;PoisonPowder;15;Sleep Powder;19;StringShot;24;Razor Leaf;28;Sweet Scent;34;Growth;36;Petal Dance;40;Sludge Bomb;40;Seed Bomb;46;Synthesis;53;Wood Hammer;61;Solar Beam;
154;073;Tentacruel;80;70;65;100;120;WATER;POISON;60;205;Acid;Constrict;Supersonic;Wrap;Slow;0;0;1;0;0;1;0;0;1;1;0;1;1;1;1;0;0;0;0;0;1;0;0;0;0;0;0;0;0;0;1;1;1;0;0;1;0;0;1;1;0;0;0;1;0;1;0;0;0;1;1;0;1;0;0; 7;Supersonic;13;Wrap;18;Poison Sting;22;Water Gun;25;Constrict;27;Confuse Ray;34;Barrier;39;Surf;43;Screech;48;Poison Jab;53;Hydro Pump;
155;173;Natu;40;50;45;70;70;PSYCHIC;FLYING;190;73;Peck;Leer;00_Glitch move;00_Glitch move;Medium Fast;0;1;0;1;0;1;0;0;1;1;1;0;0;0;0;0;0;0;0;1;1;1;0;0;0;0;0;0;1;1;1;1;1;0;1;0;0;0;1;0;0;1;1;1;1;1;0;0;1;1;0;1;0;0;1; 5;Sharp Point;10;Night Shade;20;Teleport;25;Odd Wave;30;Psywave;40;Confuse Ray;45;Air Slash;50;Psychic;
156;118;Goldeen;45;67;60;63;50;WATER;WATER;225;111;Peck;Tail Whip;00_Glitch move;00_Glitch move;Medium Fast;0;0;1;0;0;1;1;1;1;1;1;1;1;1;0;0;0;0;0;0;0;0;0;0;0;0;0;0;0;0;1;1;0;0;0;0;1;0;1;1;0;0;0;1;0;0;0;0;0;1;0;0;1;0;0; 5;Water Gun;10;Supersonic;15;Horn Attack;20;Bubble Beam;25;Fury Attack;30;Waterfall;35;Agility;40;Megahorn;45;Swords Dance;50;Hydro Pump;55;Horn Drill;
157;119;Seaking;80;92;65;68;80;WATER;WATER;60;170;Peck;Tail Whip;Water Gun;Supersonic;Medium Fast;0;0;1;0;0;1;1;1;1;1;1;1;1;1;1;0;0;0;0;0;0;0;0;0;0;0;0;0;0;0;1;1;0;0;0;0;1;0;1;1;0;0;0;1;0;0;0;0;0;1;0;0;1;0;0; 1;Poison Jab; 5;Water Gun;10;Supersonic;15;Horn Attack;20;Bubble Beam;25;Fury Attack;30;Waterfall;36;Agility;42;Megahorn;48;Swords Dance;54;Hydro Pump;60;Horn Drill;
158;174;Xatu;65;75;70;95;95;PSYCHIC;FLYING;75;171;Peck;Leer;Night Shade;Teleport;Medium Fast;0;1;0;1;0;1;0;0;1;1;1;0;0;0;1;0;0;0;0;1;1;1;0;0;0;0;0;0;1;1;1;1;1;0;1;0;0;0;1;0;0;1;1;1;1;1;0;0;1;1;0;1;0;0;1; 5;Sharp Point;10;Night Shade;20;Teleport;26;Odd Wave;32;Psywave;43;Confuse Ray;49;Air Slash;55;Psychic;
159;175;Mareep;55;40;40;35;65;ELECTRIC;ELECTRIC;235;59;Tackle;Growl;00_Glitch move;00_Glitch move;Medium Slow;0;0;0;0;0;1;0;1;1;1;1;0;0;0;0;0;0;0;0;0;0;0;0;1;1;0;0;1;0;0;1;1;1;0;0;0;0;0;1;1;0;0;0;1;1;1;0;0;1;1;0;0;0;0;1; 8;ThunderShock;13;Thunder Wave;18;Take Down;23;Cotton Spore;28;Signal Beam;33;Light Screen;38;Thunder;
160;176;Flaaffy;70;55;55;45;80;ELECTRIC;ELECTRIC;120;117;Tackle;Growl;ThunderShock;00_Glitch move;Medium Slow;1;0;0;0;1;1;0;1;1;1;1;0;0;0;0;0;1;1;1;0;0;0;0;1;1;0;0;1;0;0;1;1;1;0;0;0;0;0;1;1;0;0;0;1;1;1;0;0;1;1;0;0;0;1;1; 8;ThunderShock;13;Thunder Wave;19;Take Down;25;Cotton Spore;31;Signal Beam;37;Light Screen;43;Thunder;
161;219;Entei;115;115;85;100;90;FIRE;FIRE;03;217;Bite;Leer;00_Glitch move;00_Glitch move;Slow;0;0;0;0;0;1;0;1;1;1;0;0;0;0;1;0;0;0;0;0;0;1;0;0;0;0;0;1;0;1;1;1;1;1;0;0;0;1;1;1;0;0;0;1;0;1;0;0;1;1;1;0;0;1;1;11;Roar;16;Ember;21;Stomp;31;Flamethrower;41;Crunch;51;Fire Spin;61;ExtremeSpeed;71;Fire Blast;81;Burning Mist;91;Sacred Fire;
162;077;Ponyta;50;85;55;90;65;FIRE;FIRE;190;152;Ember;Tail Whip;00_Glitch move;00_Glitch move;Medium Fast;0;0;0;0;0;1;1;1;1;1;0;0;0;0;0;0;0;0;0;0;0;1;0;0;0;0;0;0;0;0;1;1;1;0;0;0;0;1;1;1;0;0;0;1;0;1;0;0;0;1;0;0;0;1;0;22;Stomp;27;Flame Wheel;31;Growl;35;Low Kick;39;Hypnosis;43;Fire Spin;47;Take Down;51;Agility;55;Fire Blast;
163;078;Rapidash;65;100;70;105;80;FIRE;FIRE;60;192;Ember;Tail Whip;Stomp;Poison Jab;Medium Fast;0;0;1;0;0;1;1;1;1;1;0;0;0;0;1;1;0;0;0;0;0;1;0;0;0;0;0;0;0;0;1;1;1;0;0;0;1;1;1;1;0;0;0;1;0;1;0;0;0;1;0;0;0;1;0; 1;Fury Attack;22;Stomp;27;Flame Wheel;31;Growl;35;Low Kick;39;Hypnosis;44;Fire Spin;49;Take Down;54;Agility;59;Megahorn;
164;019;Rattata;30;56;35;72;25;NORMAL;NORMAL;255;57;Tackle;Tail Whip;00_Glitch move;00_Glitch move;Medium Fast;0;0;0;0;0;1;0;1;1;1;0;1;1;1;0;0;0;1;0;0;0;0;0;1;1;0;0;1;0;1;1;1;0;1;0;1;0;0;1;1;0;0;0;1;1;0;0;0;0;1;1;0;0;0;0;12;Bite;17;Hyper Fang;22;Focus Energy;27;Crunch;32;Super Fang;37;Miasma;42;Double-Edge;
165;020;Raticate;55;81;60;97;50;NORMAL;NORMAL;90;116;Tackle;Tail Whip;Quick Attack;00_Glitch move;Medium Fast;0;0;1;0;0;1;0;1;1;1;0;1;1;1;1;0;0;1;0;0;0;0;0;1;1;0;0;1;0;1;1;1;0;1;0;1;0;0;1;1;0;0;0;1;1;0;0;0;0;1;1;0;0;1;0; 1;Scary Face; 7;Quick Attack;12;Bite;17;Hyper Fang;23;Focus Energy;29;Crunch;35;Super Fang;41;Miasma;47;Double-Edge;
166;033;Nidorino;61;72;57;65;55;POISON;POISON;120;118;Leer;Sharp Point;Horn Attack;00_Glitch move;Medium Slow;0;0;0;0;0;1;1;1;1;1;0;1;1;1;0;0;0;1;0;0;0;0;0;1;1;0;0;1;0;0;1;1;1;0;0;1;0;0;0;1;0;0;0;1;0;0;0;0;0;1;1;0;0;1;0; 5;Poison Sting; 9;Horn Attack;13;Double Kick;18;Focus Energy;23;Fury Attack;28;Poison Jab;33;Lovely Kiss;38;Skull Bash;43;Toxic;48;Horn Drill;53;Morning Sun;
167;030;Nidorina;70;62;67;56;55;POISON;POISON;120;117;Growl;Tackle;Scratch;00_Glitch move;Medium Slow;0;0;0;0;0;1;1;1;1;1;0;1;1;1;0;0;0;1;0;0;0;0;0;1;1;0;0;1;0;0;1;1;1;0;0;1;0;0;0;1;0;0;0;1;0;0;0;0;0;1;1;0;0;1;0; 5;Poison Sting; 9;Scratch;13;Double Kick;18;Tail Whip;23;Bite;28;Fury Swipes;33;Lovely Kiss;38;Crunch;43;Toxic;48;Super Fang;53;Moonlight;
168;074;Geodude;40;80;100;20;30;ROCK;GROUND;255;86;Tackle;Defense Curl;00_Glitch move;00_Glitch move;Medium Slow;1;0;0;0;1;1;0;1;1;1;0;0;0;0;0;0;1;1;1;0;0;0;0;0;0;1;1;1;0;0;1;1;0;0;1;0;0;1;0;0;0;0;0;1;0;1;1;1;0;1;0;0;0;1;0; 6;Rock Smash;11;Rock Throw;16;Mud-Slap;21;SelfDestruct;26;Iron Defense;31;Rollout;36;Rock Slide;41;Earthquake;46;Explosion;
169;137;Porygon;65;60;70;40;75;ABNORMAL;ABNORMAL;45;130;Sharp Point;Sharpen;Conversion;00_Glitch move;Medium Fast;0;0;0;0;0;1;0;0;1;1;1;0;1;1;1;0;0;0;0;0;0;1;0;1;1;0;0;0;1;1;1;1;1;0;0;0;0;0;1;1;0;1;0;1;1;1;0;0;1;1;0;0;0;0;1;10;Spark;15;Psybeam;20;Barrier;25;Noise Pulse;30;Recover;35;Cyber Crush;40;Thunder Wave;45;3-D Attack;50;Agility;55;Zap Cannon;60;Hyper Beam;
170;142;Aerodactyl;80;105;65;130;60;ROCK;FLYING;45;202;Wing Attack;Agility;00_Glitch move;00_Glitch move;Slow;0;1;0;0;0;1;0;0;1;1;0;0;0;0;1;0;0;0;0;1;0;0;1;0;0;1;0;0;0;0;1;1;1;1;0;0;0;1;1;0;0;0;1;1;0;0;0;1;0;1;0;1;0;1;0; 5;Rock Throw;10;Bite;15;Roar;20;Supersonic;25;Twister;30;Take Down;35;Fly;40;Crunch;45;Rock Slide;50;Iron Head;55;AncientPower;60;Hyper Beam;
171;192;Gligar;65;75;105;85;35;GROUND;FLYING;60;108;Poison Sting;Vise Grip;00_Glitch move;00_Glitch move;Medium Slow;0;1;1;0;0;1;1;0;1;1;0;0;0;0;0;0;0;1;0;1;0;0;0;0;0;1;1;1;0;0;1;1;0;0;0;1;0;0;1;0;0;1;0;1;0;1;0;1;0;1;1;1;0;1;0; 5;Sand Attack; 9;Metal Claw;13;Harden;17;Quick Attack;21;Wing Attack;25;Feint Attack;29;Slash;33;Screech;37;X-Scissor;41;Night Slash;45;Poison Jab;49;Swords Dance;53;Earthquake;57;Guillotine;
172;081;Magnemite;25;35;70;45;95;ELECTRIC;STEEL;190;89;Tackle;Supersonic;00_Glitch move;00_Glitch move;Medium Fast;0;0;0;0;0;1;0;0;1;1;1;0;0;0;0;0;0;0;0;0;0;0;0;1;1;0;0;0;0;0;1;1;1;0;0;0;0;0;1;0;0;0;0;1;1;1;1;0;0;1;0;0;0;0;1; 5;ThunderShock;10;Rollout;15;Spark;20;Sonic Boom;25;Flash Cannon;30;Swift;35;Thunder Wave;40;Thunderbolt;45;Iron Defense;50;Screech;55;Zap Cannon;
173;178;Marill;70;20;50;40;50;WATER;FAIRY;190;58;Tackle;Defense Curl;00_Glitch move;00_Glitch move;Fast;1;0;0;0;1;1;0;1;1;1;0;1;1;1;0;1;1;0;1;0;0;0;0;0;0;0;0;1;0;0;1;1;0;0;1;0;0;0;1;1;0;0;0;1;0;1;0;0;0;1;0;0;1;1;0; 3;Tail Whip; 7;Water Gun;11;Double Slap;15;Rollout;19;Bubble Beam;23;Dizzy Punch;27;Charm;31;Waterfall;35;Play Rough;39;Double-Edge;43;Hydro Pump;
174;179;Azumarill;100;50;80;50;80;WATER;FAIRY;75;153;Tackle;Defense Curl;Tail Whip;Water Gun;Fast;1;0;0;0;1;1;0;1;1;1;0;1;1;1;1;1;1;0;1;0;0;0;0;0;0;0;0;1;0;0;1;1;0;0;1;0;0;0;1;1;0;0;0;1;0;1;0;0;0;1;0;0;1;1;0; 3;Tail Whip; 7;Water Gun;11;Double Slap;15;Rollout;20;Bubble Beam;25;Dizzy Punch;30;Charm;35;Waterfall;40;Play Rough;45;Double-Edge;50;Hydro Pump;
175;004;Charmander;39;52;43;65;50;FIRE;FIRE;45;65;Scratch;Growl;00_Glitch move;00_Glitch move;Medium Slow;1;0;1;0;1;1;0;1;1;1;0;0;0;0;0;0;1;1;1;0;0;0;1;0;0;0;0;1;0;0;1;1;1;0;0;0;0;1;1;1;0;0;0;1;0;0;0;1;0;1;1;0;0;1;0; 7;Ember;11;Metal Claw;15;Smokescreen;19;Rage;23;DragonBreath;27;Slash;31;Flamethrower;35;Crunch;39;Miasma;43;Fire Blast;47;Dragon Pulse;
176;007;Squirtle;44;48;65;43;50;WATER;WATER;45;66;Tackle;Tail Whip;00_Glitch move;00_Glitch move;Medium Slow;1;0;0;0;1;1;0;1;1;1;0;1;1;1;0;0;1;1;1;0;0;0;0;0;0;0;0;1;0;0;1;1;1;1;0;0;0;0;0;1;0;0;0;1;0;1;0;1;0;1;0;0;1;1;0; 7;Bubble;11;Withdraw;15;Water Gun;19;Bite;23;Waterfall;27;Iron Defense;31;Skull Bash;35;Haze;39;Hydro Pump;43;Zap Cannon;
177;005;Charmeleon;58;64;58;80;65;FIRE;FIRE;45;142;Scratch;Growl;Ember;00_Glitch move;Medium Slow;1;0;1;0;1;1;0;1;1;1;0;0;0;0;0;0;1;1;1;0;0;0;1;0;0;0;0;1;0;0;1;1;1;0;0;0;0;1;1;1;0;0;0;1;0;0;0;1;0;1;1;0;0;1;0; 7;Ember;11;Metal Claw;15;Smokescreen;20;Rage;25;DragonBreath;30;Slash;35;Flamethrower;40;Crunch;45;Miasma;50;Fire Blast;55;Dragon Pulse;
178;008;Wartortle;59;63;80;58;65;WATER;WATER;45;143;Tackle;Tail Whip;Bubble;00_Glitch move;Medium Slow;1;0;0;0;1;1;0;1;1;1;0;1;1;1;0;0;1;1;1;0;0;0;0;0;0;0;0;1;0;0;1;1;1;1;0;0;0;0;0;1;0;0;0;1;0;1;0;1;0;1;0;0;1;1;0;11;Withdraw;15;Water Gun;20;Bite;25;Waterfall;30;Iron Defense;35;Skull Bash;40;Haze;45;Hydro Pump;50;Zap Cannon;
179;006;Charizard;78;84;78;100;85;FIRE;FLYING;45;209;Scratch;Growl;Ember;Outrage;Medium Slow;1;0;1;1;1;1;0;1;1;1;0;0;0;0;1;0;1;1;1;1;0;1;1;0;0;1;1;1;0;0;1;1;1;1;0;0;0;1;1;1;0;0;0;1;0;0;0;1;0;1;1;1;0;1;0; 1;Air Slash; 7;Ember;11;Metal Claw;15;Smokescreen;20;Rage;25;DragonBreath;30;Slash;35;Flamethrower;35;Air Slash;41;Crunch;47;Miasma;53;Fire Blast;59;Dragon Pulse;65;Fire Spin;
180;180;Murkrow;60;85;42;91;85;DARK;FLYING;30;107;Peck;00_Glitch move;00_Glitch move;00_Glitch move;Medium Slow;0;1;0;1;0;1;0;0;1;1;0;0;0;0;1;0;0;0;0;1;0;0;0;0;0;0;0;0;1;1;1;1;0;1;1;0;0;0;1;0;0;1;1;1;1;1;0;0;0;1;0;1;0;0;0;16;Feint Attack;21;Wing Attack;26;Night Shade;31;Haze;36;Night Slash;41;Air Slash;46;Whirlwind;51;Dark Pulse;
181;000;NOMON;00;00;00;00;00;NORMAL;NORMAL;00;00;00_Glitch move;00_Glitch move;00_Glitch move;00_Glitch move;Medium Fast;0;0;0;0;0;0;0;0;0;0;0;0;0;0;0;0;0;0;0;0;0;0;0;0;0;0;0;0;0;0;0;0;0;0;0;0;0;0;0;0;0;0;0;0;0;0;0;0;0;0;0;0;0;0;0;
182;198;Misdreavus;60;60;60;85;85;GHOST;SOUND;45;147;Growl;Psywave;00_Glitch move;00_Glitch move;Fast;0;0;0;0;0;1;0;0;0;1;0;1;0;0;1;0;0;0;0;0;0;0;0;1;1;0;0;0;1;1;1;1;0;0;0;0;0;0;1;0;0;1;0;1;1;1;0;0;1;1;0;0;0;0;1;11;Confuse Ray;16;Sing;21;Psybeam;26;Noise Pulse;31;Shadow Ball;36;Night Shade;41;Hyper Voice;46;Hypnosis;51;Dark Pulse;
183;182;Larvitar;50;64;50;41;50;ROCK;GROUND;45;67;Bite;Leer;00_Glitch move;00_Glitch move;Slow;0;0;0;0;0;1;1;1;1;1;0;0;0;0;1;0;0;0;0;0;0;0;0;0;0;1;1;1;0;1;1;1;0;1;0;0;1;0;0;1;0;0;0;1;0;1;0;1;0;1;0;0;0;0;0; 8;Mud-Slap;15;Rock Throw;22;Screech;29;Rock Slide;36;Crunch;43;Scary Face;50;Thrash;57;Earthquake;65;Hyper Beam;
184;043;Oddish;45;50;55;30;75;GRASS;POISON;255;78;Absorb;00_Glitch move;00_Glitch move;00_Glitch move;Medium Slow;0;0;1;0;0;1;0;0;1;1;0;0;0;0;0;0;0;0;0;0;1;1;0;0;0;0;0;0;0;0;1;1;1;0;0;1;0;0;0;0;1;0;0;1;0;0;0;0;0;1;1;0;0;0;1; 5;Acid;10;Leech Seed;15;PoisonPowder;15;Stun Spore;15;Sleep Powder;20;Growth;25;Mega Drain;30;Miasma;30;Sweet Scent;35;Giga Drain;40;Moonlight;45;Petal Dance;50;Moonblast;55;Solar Beam;
185;044;Gloom;60;65;70;40;85;GRASS;POISON;120;132;Absorb;Acid;Leech Seed;Sweet Scent;Medium Slow;0;0;1;0;0;1;0;0;1;1;0;0;0;0;0;0;0;0;0;0;1;1;0;0;0;0;0;0;0;0;1;1;1;0;0;1;0;0;0;0;1;0;0;1;0;0;0;0;0;1;1;0;0;0;1; 5;Acid;10;Leech Seed;15;PoisonPowder;15;Stun Spore;15;Sleep Powder;20;Growth;26;Mega Drain;32;Miasma;32;Sweet Scent;38;Giga Drain;44;Moonlight;50;Petal Dance;56;Moonblast;62;Solar Beam;
186;045;Vileplume;75;80;85;50;105;GRASS;POISON;45;184;Stun Spore;Sleep Powder;Sweet Scent;Petal Dance;Medium Slow;0;0;1;0;1;1;0;1;1;1;0;0;0;0;1;0;0;0;0;0;1;1;0;0;0;0;0;0;0;0;1;1;1;1;0;1;0;0;0;0;1;0;0;1;0;0;0;0;0;1;1;0;0;0;1;33;Burning Mist;
187;069;Bellsprout;50;75;35;40;70;WOOD;POISON;255;84;Vine Whip;Growth;00_Glitch move;00_Glitch move;Medium Slow;0;0;1;0;0;1;0;0;1;1;0;1;0;0;0;0;0;0;0;0;1;1;0;0;0;0;0;0;0;0;1;1;1;0;0;1;0;0;0;0;1;0;0;1;0;0;0;0;0;1;1;0;0;0;1; 5;Leech Life; 9;Wrap;13;Sweet Scent;17;DrainingKiss;20;PoisonPowder;20;Stun Spore;20;Sleep Powder;25;Acid;29;Twig Slap;33;Razor Leaf;37;Poison Jab;41;Slam;45;Lovely Kiss;49;Seed Bomb;53;Morning Sun;
188;070;Weepinbell;65;90;50;55;85;WOOD;POISON;120;151;Vine Whip;Growth;Wrap;00_Glitch move;Medium Slow;0;0;1;0;0;1;0;1;1;1;0;1;0;0;0;0;0;0;0;0;1;1;0;0;0;0;0;0;0;0;1;1;1;0;0;1;0;0;1;0;1;0;0;1;0;0;0;0;0;1;1;0;0;0;1; 5;Leech Life; 9;Wrap;13;Sweet Scent;17;DrainingKiss;20;PoisonPowder;20;Stun Spore;20;Sleep Powder;26;Acid;31;Twig Slap;36;Razor Leaf;41;Poison Jab;46;Slam;51;Lovely Kiss;56;Seed Bomb;61;Morning Sun;
189;071;Victreebel;80;105;65;70;100;WOOD;POISON;45;191;Sleep Powder;Stun Spore;Poison Jab;Seed Bomb;Medium Slow;0;0;1;0;0;1;0;1;1;1;0;1;0;0;1;0;0;0;0;0;1;1;0;0;0;0;0;0;0;0;1;1;1;0;0;1;0;0;1;0;1;0;0;1;0;0;0;0;0;1;1;0;0;0;1;50;Swords Dance;
190;185;Phanpy;90;60;60;40;40;GROUND;GROUND;120;124;Tackle;Growl;00_Glitch move;00_Glitch move;Medium Fast;0;0;0;0;0;1;0;1;1;1;0;1;0;0;0;0;1;1;0;0;0;0;0;0;0;1;1;1;0;0;1;1;0;0;0;0;0;0;0;1;1;0;0;1;0;1;0;1;0;1;0;0;0;1;0; 7;Mud-Slap;13;Water Gun;16;Scary Face;19;Headbutt;22;Defense Curl;22;Rollout;25;Take Down;28;Charm;32;Iron Head;37;Play Rough;43;Bass Tremor;49;Double-Edge;
191;186;Donphan;90;120;120;50;60;GROUND;GROUND;60;189;Roar;Defense Curl;Headbutt;Double-Edge;Medium Fast;0;0;0;0;0;1;0;1;1;1;0;1;0;0;1;0;1;1;0;0;0;0;0;0;0;1;1;1;0;0;1;1;0;0;0;0;1;0;0;1;1;0;0;1;0;1;0;1;0;1;0;0;0;1;0; 1;Fury Attack; 7;Mud-Slap;13;Water Gun;16;Scary Face;19;Headbutt;22;Defense Curl;22;Rollout;24;Fury Attack;26;Take Down;30;Charm;35;Iron Head;41;Play Rough;48;Bass Tremor;55;Earthquake;
192;189;Togepi;35;20;65;20;40;FAIRY;FAIRY;190;74;Charm;Growl;00_Glitch move;00_Glitch move;Fast;0;0;0;0;1;1;0;1;1;1;1;0;0;0;0;1;0;1;1;0;0;1;0;0;0;0;0;0;1;1;1;1;1;0;1;0;0;1;1;1;0;1;0;1;1;1;0;0;1;1;0;0;0;0;1; 7;Metronome;13;Fairy Wind;19;Sweet Kiss;25;DrainingKiss;31;Tri Attack;37;Defense Curl;37;Rollout;43;Moonblast;49;Double-Edge;55;Soft-Boiled;61;AncientPower;
193;190;Togetic;55;40;85;40;80;FAIRY;FLYING;75;114;Charm;Growl;Metronome;Fairy Wind;Fast;1;1;0;1;1;1;0;1;1;1;1;0;0;0;1;1;1;1;1;1;0;1;0;0;0;0;0;0;1;1;1;1;1;0;1;0;0;1;1;1;0;1;1;1;1;1;0;0;1;1;0;1;0;0;1;19;Sweet Kiss;26;DrainingKiss;33;Tri Attack;40;Air Slash;47;Moonblast;54;Double-Edge;61;AncientPower;
194;187;Wooper;55;45;45;15;25;WATER;GROUND;255;52;Water Gun;Tail Whip;00_Glitch move;00_Glitch move;Medium Fast;1;0;0;0;0;1;0;1;1;1;0;1;1;1;0;0;0;1;0;0;0;0;0;0;0;1;1;1;0;0;1;1;0;0;1;1;0;0;0;1;0;0;0;1;0;1;0;1;0;1;0;0;1;0;1; 6;Mud-Slap;11;Slam;16;Scary Face;21;Recover;26;Miasma;31;Waterfall;36;Amnesia;41;Earthquake;46;Toxic;51;Mist;51;Haze;56;Hydro Pump;
195;188;Quagsire;95;85;85;35;65;WATER;GROUND;90;137;Water Gun;Tail Whip;Mud-Slap;Slam;Medium Fast;1;0;0;0;1;1;0;1;1;1;0;1;1;1;1;0;0;1;1;0;0;0;0;0;0;1;1;1;0;0;1;1;0;0;1;1;0;0;0;1;0;0;0;1;0;1;0;1;0;1;0;0;1;1;1;16;Scary Face;22;Recover;28;Miasma;34;Waterfall;40;Amnesia;46;Earthquake;52;Toxic;58;Mist;58;Haze;64;Hydro Pump;
196;200;Espeon;65;65;60;110;130;PSYCHIC;PSYCHIC;45;197;Tackle;Sand Attack;Quick Attack;00_Glitch move;Medium Fast;0;0;0;0;0;1;0;1;1;1;1;0;0;0;1;1;0;0;0;0;0;0;0;0;0;0;0;1;1;1;1;1;1;1;0;0;0;0;1;1;0;1;0;1;1;1;0;0;0;1;1;0;0;0;1; 1;Confusion;24;Tail Whip;30;Bite;36;Psybeam;42;Swift;48;Psychic;54;Morning Sun;
197;201;Umbreon;95;65;110;65;60;DARK;DARK;45;197;Tackle;Sand Attack;Quick Attack;00_Glitch move;Medium Fast;0;0;0;0;0;1;0;1;1;1;0;0;0;0;1;1;0;0;0;0;0;0;0;0;0;0;0;1;1;1;1;1;1;1;0;0;0;0;1;1;0;1;0;1;1;1;0;0;0;1;1;0;0;0;1; 1;Feint Attack;24;Tail Whip;30;Confuse Ray;36;Night Shade;42;Screech;48;Dark Pulse;54;Moonlight;
198;133;Eevee;55;55;50;55;65;NORMAL;NORMAL;45;92;Tackle;Sand Attack;00_Glitch move;00_Glitch move;Medium Fast;0;0;0;0;0;1;0;1;1;1;0;0;0;0;0;1;0;0;0;0;0;0;0;0;0;0;0;1;0;1;1;1;1;1;0;0;0;0;1;1;0;0;0;1;0;0;0;0;0;1;0;0;0;0;0;
199;133;Eevee;55;55;50;55;65;NORMAL;NORMAL;45;92;Tackle;Sand Attack;00_Glitch move;00_Glitch move;Medium Fast;0;0;0;0;0;1;0;1;1;1;0;0;0;0;0;1;0;0;0;0;0;0;0;0;0;0;0;1;0;1;1;1;1;1;0;0;0;0;1;1;0;0;0;1;0;0;0;0;0;1;0;0;0;0;0;
200;133;Eevee;55;55;50;55;65;NORMAL;NORMAL;45;92;Tackle;Sand Attack;00_Glitch move;00_Glitch move;Medium Fast;0;0;0;0;0;1;0;1;1;1;0;0;0;0;0;1;0;0;0;0;0;0;0;0;0;0;0;1;0;1;1;1;1;1;0;0;0;0;1;1;0;0;0;1;0;0;0;0;0;1;0;0;0;0;0;
201;184;Tyranitar;100;134;110;61;100;ROCK;DARK;45;218;Rock Slide;Thrash;Dark Pulse;Crunch;Slow;1;0;0;0;1;1;1;1;1;1;0;0;1;1;1;0;1;1;1;0;0;0;1;1;1;1;1;1;0;1;1;1;0;1;0;0;1;1;0;1;0;0;0;1;1;1;0;1;0;1;1;0;1;1;0; 8;Mud-Slap;15;Rock Throw;22;Screech;29;Rock Slide;37;Crunch;45;Scary Face;53;Thrash;62;Earthquake;72;Hyper Beam;
202;216;Crobat;85;90;80;130;80;POISON;WIND;90;204;Leech Life;Screech;Bite;00_Glitch move;Medium Fast;0;1;0;1;0;1;0;0;1;1;0;0;0;0;1;0;0;0;0;1;1;0;0;0;0;0;0;0;0;1;1;1;0;1;0;1;0;0;1;0;0;0;1;1;0;1;0;0;0;1;0;1;0;0;0; 1;Poison Jab; 5;Supersonic;10;Gust;15;Bite;20;Confuse Ray;26;Wing Attack;32;Poison Jab;38;Air Slash;46;Crunch;53;Haze;
203;177;Ampharos;90;75;85;55;115;ELECTRIC;ELECTRIC;45;194;Growl;ThunderShock;Thunder Wave;Cotton Spore;Medium Slow;1;0;0;0;1;1;0;1;1;1;1;0;0;0;1;0;1;1;1;0;0;0;1;1;1;0;0;1;0;0;1;1;1;0;0;0;0;0;1;1;0;0;0;1;1;1;0;0;1;1;0;0;0;1;1; 1;Dragon Pulse; 8;ThunderShock;13;Thunder Wave;19;Take Down;25;Cotton Spore;30;ThunderPunch;32;Signal Beam;39;Light Screen;46;Thunder;50;Zap Cannon;
204;221;Lugia;106;90;130;110;154;PSYCHIC;WIND;03;220;Aeroblast;00_Glitch move;00_Glitch move;00_Glitch move;Slow;0;1;0;1;0;1;0;1;1;1;1;1;1;1;1;0;0;0;0;1;1;0;1;1;1;1;0;0;1;1;1;1;1;0;0;0;0;0;1;1;0;1;1;1;1;1;0;0;0;1;0;1;1;1;1;11;Gust;22;Confusion;33;Recover;44;Hydro Pump;50;Aeroblast;55;Mist;66;Psychic;77;Whirlwind;88;AncientPower;99;Sky Attack;
205;222;Ho-Oh;106;130;90;90;154;FIRE;FLYING;03;220;Sacred Fire;00_Glitch move;00_Glitch move;00_Glitch move;Slow;0;1;0;1;0;1;0;1;1;1;1;0;0;0;1;0;0;0;0;1;1;1;1;1;1;1;0;0;1;1;1;1;1;0;0;0;0;1;1;0;0;1;1;1;1;1;0;0;0;1;0;1;0;1;1;11;Ember;22;Gust;33;Recover;44;Fire Blast;50;Sacred Fire;55;Reflect;66;Swift;77;Whirlwind;88;AncientPower;99;Sky Attack;
206;204;Magnezone;70;70;115;60;130;ELECTRIC;STEEL;30;211;Supersonic;Spark;Sonic Boom;Flash Cannon;Medium Fast;0;0;0;0;0;1;0;1;1;1;1;0;0;0;1;0;0;0;0;0;0;0;0;1;1;0;0;0;0;0;1;1;1;0;0;0;0;0;1;0;0;0;0;1;1;1;1;0;1;1;0;0;0;0;1; 1;Iron Head; 5;ThunderShock;10;Rollout;15;Spark;20;Sonic Boom;25;Flash Cannon;31;Swift;37;Thunder Wave;43;Thunderbolt;49;Iron Defense;55;Screech;61;Zap Cannon;
207;217;Politoed;90;75;75;70;100;WATER;SOUND;45;185;Mud-Slap;Bubble Beam;Hydro Pump;Hypnosis;Medium Slow;1;0;0;0;1;1;0;1;1;1;0;1;1;1;1;0;1;1;1;0;0;0;0;0;0;1;1;1;1;0;1;1;0;0;1;0;0;0;0;1;0;0;0;1;0;1;0;0;0;1;0;0;1;1;0; 1;Hyper Voice;16;Hypnosis;19;Water Gun;26;Double Slap;30;Hyper Voice;33;Body Slam;41;Amnesia;49;Hydro Pump;55;Jump Kick;
208;214;Rhyperior;115;140;130;40;55;GROUND;ROCK;30;217;Fury Attack;Horn Drill;Scary Face;Poison Jab;Slow;1;0;1;0;1;1;1;1;1;1;0;1;1;1;1;1;1;1;1;0;0;0;1;1;1;1;1;1;0;0;1;1;0;0;0;0;1;1;0;1;0;0;0;1;0;1;0;1;0;1;1;0;1;1;0;20;Mud-Slap;25;Rock Smash;30;Stomp;35;Fury Attack;40;Rock Slide;46;Scary Face;52;Earthquake;58;Megahorn;64;Horn Drill;
209;215;Blissey;255;10;10;55;135;NORMAL;NORMAL;30;255;Hyper Voice;Light Screen;Egg bomb;Double-Edge;Fast;1;0;0;0;1;1;0;1;1;1;0;1;1;1;1;0;1;1;1;0;0;1;0;1;1;1;0;0;1;1;1;1;1;0;1;0;0;1;1;1;0;1;0;1;1;1;0;1;1;1;0;0;0;1;1; 5;Sweet Kiss;10;DrainingKiss;15;Sing;20;Laughing Gas;25;Sweet Scent;30;Soft-Boiled;35;Minimize;40;Hyper Voice;45;Light Screen;50;Egg bomb;55;Double-Edge;
210;209;Tangrowth;100;100;125;50;110;GRASS;GRASS;30;211;Vine Whip;AncientPower;Giga Drain;Sleep Powder;Medium Fast;0;0;1;0;1;1;0;1;1;1;0;0;0;0;1;0;0;1;1;0;1;1;0;0;0;1;1;0;0;0;1;1;1;0;0;1;0;0;0;1;1;0;0;1;0;0;0;1;0;1;1;0;0;1;0; 5;Absorb;10;Leech Seed;15;PoisonPowder;15;Stun Spore;15;Sleep Powder;20;Vine Whip;25;Bind;30;Mega Drain;35;Synthesis;40;Slam;45;Growth;50;Giga Drain;55;AncientPower;
211;213;Kingdra;75;95;95;85;95;WATER;DRAGON;45;207;Smog;Leer;Octazooka;00_Glitch move;Medium Fast;0;1;0;0;0;1;0;1;1;1;1;1;1;1;1;0;0;0;0;0;0;0;1;0;0;0;0;0;0;0;1;1;0;1;0;0;0;0;1;1;0;0;0;1;0;1;0;0;0;1;0;0;1;0;0; 1;Outrage; 5;Smokescreen; 9;Leer;13;Water Gun;17;Twister;21;Octazooka;25;Focus Energy;29;DragonBreath;34;Miasma;39;Agility;44;Waterfall;49;Haze;54;Burning Mist;59;Dragon Pulse;64;Hydro Pump;
212;207;Porygon2;85;80;90;60;95;ABNORMAL;ABNORMAL;45;180;Tackle;Defense Curl;Conversion;Spark;Medium Fast;0;0;0;0;0;1;0;0;1;1;1;0;1;1;1;0;0;0;0;0;0;1;0;1;1;0;0;0;1;1;1;1;1;0;0;0;0;0;1;1;0;1;0;1;1;1;0;0;1;1;0;0;0;0;1;15;Psybeam;20;Barrier;25;Noise Pulse;30;Recover;35;Cyber Crush;40;Thunder Wave;45;3-D Attack;50;Agility;55;Zap Cannon;60;Hyper Beam;
213;208;Porygon-Z;85;80;70;90;135;ABNORMAL;SOUND;30;185;Psybeam;Recover;Agility;Tri Attack;Medium Fast;0;0;0;0;0;1;0;0;1;1;1;0;1;1;1;0;0;0;0;0;0;1;0;1;1;0;0;0;1;1;1;1;1;0;0;0;0;0;1;1;0;1;0;1;1;1;0;0;1;1;0;0;0;0;1;10;Spark;15;Psybeam;20;Barrier;25;Noise Pulse;30;Recover;35;Cyber Crush;40;Thunder Wave;45;3-D Attack;50;Agility;55;Zap Cannon;60;Hyper Beam;
214;181;Honchkrow;100;125;53;71;105;DARK;FLYING;30;187;Wing Attack;Feint Attack;Night Shade;Haze;Medium Slow;0;1;0;1;0;1;0;0;1;1;0;0;0;0;1;0;0;0;0;1;0;0;0;0;0;0;0;0;1;1;1;1;0;1;1;0;0;0;1;0;0;1;1;1;1;1;0;0;0;1;0;1;0;0;0;51;Sky Attack;
215;199;Mismagius;60;60;60;105;105;GHOST;SOUND;45;187;Confuse Ray;Sing;Psywave;Night Shade;Fast;0;0;0;0;0;1;0;0;0;1;0;1;0;0;1;0;0;0;0;0;0;0;0;1;1;0;0;0;1;1;1;1;0;0;0;0;0;0;1;0;0;1;0;1;1;1;0;0;1;1;0;0;0;0;1;11;Confuse Ray;16;Sing;21;Psybeam;26;Noise Pulse;31;Shadow Ball;36;Night Shade;41;Hyper Voice;46;Hypnosis;51;Dark Pulse;
216;202;Leafeon;65;110;130;95;65;GRASS;GRASS;45;196;Tackle;Sand Attack;Quick Attack;00_Glitch move;Medium Fast;0;0;1;0;0;1;0;1;1;1;0;0;0;0;1;1;0;0;0;0;1;1;0;0;0;0;0;1;0;1;1;1;1;1;0;0;0;0;1;1;1;0;0;1;0;1;0;0;0;1;1;0;0;1;1; 1;Razor Leaf;24;Focus Energy;30;Leech Seed;36;Giga Drain;42;Swords Dance;48;Synthesis;54;Solar Beam;
217;203;Glaceon;65;60;110;65;110;ICE;ICE;45;196;Tackle;Sand Attack;Quick Attack;00_Glitch move;Medium Fast;0;0;0;0;0;1;0;1;1;1;1;0;1;1;1;1;0;0;0;0;0;0;0;0;0;0;0;1;0;1;1;1;1;1;0;0;0;0;1;1;0;0;0;1;0;1;0;0;0;1;0;0;0;1;0; 1;Icy Wind;24;Tail Whip;30;Bite;36;Aurora Beam;42;Ice Beam;48;Barrier;54;Blizzard;
218;205;Electivire;75;123;67;95;85;ELECTRIC;ELECTRIC;30;199;Screech;ThunderPunch;Rolling Kick;Meditate;Medium Fast;1;0;0;0;1;1;0;1;1;1;1;0;0;0;1;0;1;1;1;0;0;0;0;1;1;1;1;1;1;0;1;1;1;0;1;0;0;1;1;1;0;0;0;1;1;1;0;1;0;1;0;0;0;1;1; 7;ThunderShock;14;Meditate;21;Spark;28;Cross Chop;35;Screech;42;ThunderPunch;49;Light Screen;54;Thunder;60;Bass Tremor;
219;206;Magmortar;75;95;67;83;95;FIRE;FIRE;30;199;Smokescreen;Fire Punch;Fire Spin;Confuse Ray;Medium Fast;1;0;0;0;1;1;0;1;1;1;0;1;0;0;1;0;1;1;1;0;0;1;0;1;0;1;1;0;1;0;1;1;0;1;1;1;0;1;0;1;0;0;0;1;0;1;0;1;0;1;0;0;0;1;0; 7;Smog;14;Feint Attack;21;Flame Wheel;28;Smokescreen;34;Cross Chop;40;Fire Punch;45;Fire Spin;49;Confuse Ray;54;Flamethrower;57;Miasma;60;Fire Blast;
220;172;Mamoswine;110;130;80;80;70;ICE;GROUND;50;207;Take Down;AncientPower;Fury Attack;Blizzard;Slow;0;0;0;0;0;1;1;1;1;1;0;1;1;1;1;0;1;1;0;0;0;0;0;0;0;1;1;1;0;0;1;1;1;0;0;0;1;0;0;1;0;0;0;1;0;0;0;1;0;1;0;0;0;1;0;10;Powder Snow;17;Defense Curl;24;Take Down;28;Icy Wind;31;Mist;33;Fury Attack;40;Blizzard;49;Amnesia;58;AncientPower;
221;165;Yanmega;86;76;86;95;116;BUG;WIND;30;198;Supersonic;Swift;Wing Attack;Screech;Medium Fast;0;1;1;1;0;1;0;0;1;1;1;0;0;0;1;0;0;0;0;1;1;1;1;0;0;0;0;0;1;1;1;1;0;0;0;0;0;0;1;0;0;1;0;1;0;1;0;0;1;1;0;1;1;0;0; 7;StringShot;12;Double Team;17;Sonic Boom;22;Agility;27;Wing Attack;32;Signal Beam;37;Supersonic;42;AncientPower;50;Air Slash;57;Noise Pulse;
222;197;Hitmontop;50;95;95;70;35;FIGHTING;FIGHTING;45;138;Sharp Point;Double Team;Rock Smash;00_Glitch move;Medium Fast;1;0;0;0;1;1;1;1;1;1;0;0;0;0;0;0;1;1;1;0;0;0;0;0;0;1;0;1;0;0;1;1;0;1;1;0;0;0;1;1;0;0;0;1;0;1;0;1;0;1;0;0;0;1;0; 1;Twister;18;Quick Attack;23;Sharp Point;28;Dizzy Punch;33;Counter;38;Dig;43;Agility;48;Triple Kick;53;Horn Drill;
223;212;Slowking;95;75;80;30;110;WATER;PSYCHIC;70;164;Confusion;Water Gun;Disable;Headbutt;Medium Fast;1;0;0;0;1;1;0;1;1;1;1;1;1;1;1;1;1;1;1;0;0;0;0;0;0;1;1;1;1;1;1;1;1;0;1;0;1;1;1;1;0;1;0;1;1;1;0;1;1;1;0;0;1;1;1; 1;Amnesia;11;Water Gun;18;Disable;22;Headbutt;27;Growl;33;Surf;37;Iron Defense;44;Amnesia;55;Psychic;
224;191;Togekiss;85;50;95;80;120;FAIRY;FLYING;30;220;Metronome;Fairy Wind;Air Slash;DrainingKiss;Fast;1;1;0;1;1;1;0;1;1;1;1;0;0;0;1;1;1;1;1;1;0;1;0;0;0;0;0;0;1;1;1;1;1;0;1;0;0;1;1;1;0;1;1;1;1;1;0;0;1;1;0;1;0;0;1; 1;ExtremeSpeed;40;Egg bomb;50;Sky Attack;60;Dice Roll;
225;211;Steelix;75;85;200;30;55;STEEL;GROUND;25;196;Rock Throw;Dig;Rage;Iron Defense;Medium Fast;0;0;0;0;0;1;0;1;1;1;0;0;0;0;1;0;0;0;0;0;0;0;1;0;0;1;1;1;0;0;1;1;0;1;0;0;0;0;0;1;0;0;0;1;0;0;1;1;0;1;1;0;0;1;0; 1;Iron Head;35;Slam;40;DragonBreath;45;Iron Tail;50;Crunch;
226;193;Gliscor;75;95;125;95;45;GROUND;FLYING;30;192;Harden;Quick Attack;Feint Attack;Vise Grip;Medium Slow;0;1;1;0;0;1;1;0;1;1;0;0;0;0;1;0;0;1;1;1;0;0;0;0;0;1;1;1;0;0;1;1;0;0;0;1;0;0;1;0;0;1;1;1;0;1;0;1;0;1;1;1;0;1;0; 5;Sand Attack; 9;Metal Claw;13;Harden;17;Quick Attack;21;Wing Attack;25;Feint Attack;29;Slash;33;Screech;37;X-Scissor;41;Night Slash;45;Poison Jab;49;Swords Dance;53;Earthquake;57;Guillotine;65;Sky Attack;
227;210;Scizor;70;130;100;65;55;BUG;STEEL;25;200;Double Team;Slash;X-Scissor;Crabhammer;Medium Fast;1;1;1;1;0;1;0;0;1;1;0;0;0;0;1;0;1;1;1;1;0;0;0;0;0;0;0;0;0;0;1;1;0;0;0;0;0;0;1;1;0;0;0;1;0;1;0;0;0;1;1;1;0;0;0; 1;Metal Claw;25;Iron Defense;30;Night Slash;35;Swords Dance;40;Steel Wing;45;Morning Sun;50;Razor Wind;55;Iron Head;
228;195;Weavile;70;120;65;125;85;DARK;ICE;45;199;Quick Attack;Slash;Feint Attack;Fury Swipes;Medium Slow;1;1;1;0;1;1;0;0;1;1;0;1;1;1;1;1;1;1;0;0;0;0;0;0;0;0;0;1;0;1;1;1;1;0;1;0;0;0;1;0;0;1;0;1;0;0;0;0;0;1;1;0;1;1;0; 1;Night Slash;15;Icy Wind;20;Metal Claw;25;Ice Punch;30;Agility;35;Fury Swipes;40;Swords Dance;45;Night Slash;50;Screech;
229;154;Meganium;80;82;100;80;100;GRASS;GRASS;45;208;Tackle;Growl;00_Glitch move;00_Glitch move;Medium Slow;0;0;1;0;0;1;0;1;1;1;0;0;0;0;1;0;0;1;0;0;1;1;0;0;0;1;1;0;0;0;1;1;1;0;0;0;0;0;0;1;1;0;0;1;0;1;0;0;0;1;1;0;0;1;1; 1;Petal Dance; 7;Sweet Scent;12;Razor Leaf;15;Reflect;19;PoisonPowder;24;Leech Seed;28;Synthesis;31;Petal Dance;34;Body Slam;39;Mega Drain;45;Light Screen;53;Giga Drain;60;Solar Beam;
230;225;Sylveon;95;65;65;60;130;FAIRY;FAIRY;03;184;Tackle;Sand Attack;Quick Attack;00_Glitch move;Medium Fast;0;0;0;0;0;1;0;1;1;1;0;0;0;0;1;1;0;0;0;0;0;0;0;0;0;0;0;1;1;1;1;1;1;1;1;0;0;0;1;1;0;1;0;1;0;1;0;0;0;1;1;0;0;0;1; 1;Fairy Wind;24;Tail Whip;30;DrainingKiss;36;Light Screen;42;Play Rough;48;Swift;54;Moonblast;
231;226;Annihilape;110;115;80;90;90;FIGHTING;GHOST;03;200;Scratch;Leer;Rage Fist;00_Glitch move;Medium Fast;1;0;0;0;1;1;0;1;1;1;0;0;0;0;1;1;1;1;1;0;0;0;0;1;1;1;1;1;0;1;1;1;0;1;1;0;0;0;1;1;1;1;0;1;0;0;0;1;0;1;0;0;0;1;0; 1;Rage Fist; 3;Mud-Slap; 9;Low Kick;15;Meditate;21;Karate Chop;27;Fury Swipes;28;Rage Fist;35;Focus Energy;43;Burning Mist;51;Thrash;55;Outrage;59;Cross Chop;
232;227;G.Weezing;65;90;120;60;85;GAS;FAIRY;60;173;StrangeSteam;Smog;Poison Gas;Fairy Wind;Medium Fast;0;0;0;0;0;1;0;0;0;0;0;1;0;0;1;0;0;0;0;0;0;0;0;1;1;0;0;0;0;1;1;1;0;1;0;1;0;1;0;0;0;1;0;1;0;0;1;0;1;1;0;0;0;0;1; 1;StrangeSteam;10;Laughing Gas;15;Sweet Scent;20;Sludge;25;Smokescreen;30;Play Rough;35;StrangeSteam;36;SelfDestruct;42;Haze;48;Burning Mist;54;Explosion;
233;228;Lickilicky;110;85;95;50;80;NORMAL;ABNORMAL;30;193;Lick;Supersonic;00_Glitch move;00_Glitch move;Medium Fast;1;0;1;0;1;1;0;0;1;1;0;1;1;1;1;0;1;1;1;0;0;1;0;1;1;1;1;1;0;1;1;1;0;1;0;0;0;1;0;1;0;1;0;1;0;1;1;1;0;1;1;0;1;1;0; 5;Double Slap; 9;Wrap;13;Disable;17;Laughing Gas;21;Stomp;25;Defense Curl;25;Rollout;29;Odd Wave;33;Slam;37;Screech;41;Body Slam;45;Thrash;49;Dice Roll;53;Explosion;
234;230;Noivern;85;70;80;123;97;SOUND;DRAGON;45;187;Supersonic;Tackle;Leech Life;Gust;Medium Fast;0;1;0;1;0;1;0;1;1;1;0;0;0;0;1;0;0;0;0;1;0;1;1;0;0;0;0;0;1;1;1;1;0;1;0;0;0;1;1;1;0;1;1;1;0;1;0;0;0;1;1;1;0;0;0; 1;Dragon Pulse; 5;Leech Life; 9;Gust;13;Bite;17;Wing Attack;21;Agility;25;Noise Pulse;29;Moonlight;33;Razor Wind;37;Whirlwind;42;Super Fang;47;Screech;52;Air Slash;57;Hyper Voice;62;Outrage;
235;255;?????;01;01;01;01;01;ABNORMAL;ABNORMAL;00;00;Tackle;00_Glitch move;00_Glitch move;00_Glitch move;Medium Fast;0;0;0;0;0;0;0;0;0;0;0;0;0;0;0;0;0;0;0;0;0;0;0;0;0;0;0;0;0;0;0;0;0;0;0;0;0;0;0;0;0;0;0;0;0;0;0;0;0;0;0;0;0;0;0;
236;255;?????;01;01;01;01;01;ABNORMAL;ABNORMAL;00;00;Tackle;00_Glitch move;00_Glitch move;00_Glitch move;Medium Fast;0;0;0;0;0;0;0;0;0;0;0;0;0;0;0;0;0;0;0;0;0;0;0;0;0;0;0;0;0;0;0;0;0;0;0;0;0;0;0;0;0;0;0;0;0;0;0;0;0;0;0;0;0;0;0;
237;255;?????;01;01;01;01;01;ABNORMAL;ABNORMAL;00;00;Tackle;00_Glitch move;00_Glitch move;00_Glitch move;Medium Fast;0;0;0;0;0;0;0;0;0;0;0;0;0;0;0;0;0;0;0;0;0;0;0;0;0;0;0;0;0;0;0;0;0;0;0;0;0;0;0;0;0;0;0;0;0;0;0;0;0;0;0;0;0;0;0;
238;255;?????;01;01;01;01;01;ABNORMAL;ABNORMAL;00;00;Tackle;00_Glitch move;00_Glitch move;00_Glitch move;Medium Fast;0;0;0;0;0;0;0;0;0;0;0;0;0;0;0;0;0;0;0;0;0;0;0;0;0;0;0;0;0;0;0;0;0;0;0;0;0;0;0;0;0;0;0;0;0;0;0;0;0;0;0;0;0;0;0;
239;255;?????;01;01;01;01;01;ABNORMAL;ABNORMAL;00;00;Tackle;00_Glitch move;00_Glitch move;00_Glitch move;Medium Fast;0;0;0;0;0;0;0;0;0;0;0;0;0;0;0;0;0;0;0;0;0;0;0;0;0;0;0;0;0;0;0;0;0;0;0;0;0;0;0;0;0;0;0;0;0;0;0;0;0;0;0;0;0;0;0;
240;255;?????;01;01;01;01;01;ABNORMAL;ABNORMAL;00;00;Tackle;00_Glitch move;00_Glitch move;00_Glitch move;Medium Fast;0;0;0;0;0;0;0;0;0;0;0;0;0;0;0;0;0;0;0;0;0;0;0;0;0;0;0;0;0;0;0;0;0;0;0;0;0;0;0;0;0;0;0;0;0;0;0;0;0;0;0;0;0;0;0;
241;255;?????;01;01;01;01;01;ABNORMAL;ABNORMAL;00;00;Tackle;00_Glitch move;00_Glitch move;00_Glitch move;Medium Fast;0;0;0;0;0;0;0;0;0;0;0;0;0;0;0;0;0;0;0;0;0;0;0;0;0;0;0;0;0;0;0;0;0;0;0;0;0;0;0;0;0;0;0;0;0;0;0;0;0;0;0;0;0;0;0;
242;255;?????;01;01;01;01;01;ABNORMAL;ABNORMAL;00;00;Tackle;00_Glitch move;00_Glitch move;00_Glitch move;Medium Fast;0;0;0;0;0;0;0;0;0;0;0;0;0;0;0;0;0;0;0;0;0;0;0;0;0;0;0;0;0;0;0;0;0;0;0;0;0;0;0;0;0;0;0;0;0;0;0;0;0;0;0;0;0;0;0;
243;255;?????;01;01;01;01;01;ABNORMAL;ABNORMAL;00;00;Tackle;00_Glitch move;00_Glitch move;00_Glitch move;Medium Fast;0;0;0;0;0;0;0;0;0;0;0;0;0;0;0;0;0;0;0;0;0;0;0;0;0;0;0;0;0;0;0;0;0;0;0;0;0;0;0;0;0;0;0;0;0;0;0;0;0;0;0;0;0;0;0;
244;255;?????;01;01;01;01;01;ABNORMAL;ABNORMAL;00;00;Tackle;00_Glitch move;00_Glitch move;00_Glitch move;Medium Fast;0;0;0;0;0;0;0;0;0;0;0;0;0;0;0;0;0;0;0;0;0;0;0;0;0;0;0;0;0;0;0;0;0;0;0;0;0;0;0;0;0;0;0;0;0;0;0;0;0;0;0;0;0;0;0;
245;255;?????;01;01;01;01;01;ABNORMAL;ABNORMAL;00;00;Tackle;00_Glitch move;00_Glitch move;00_Glitch move;Medium Fast;0;0;0;0;0;0;0;0;0;0;0;0;0;0;0;0;0;0;0;0;0;0;0;0;0;0;0;0;0;0;0;0;0;0;0;0;0;0;0;0;0;0;0;0;0;0;0;0;0;0;0;0;0;0;0;
246;255;?????;01;01;01;01;01;ABNORMAL;ABNORMAL;00;00;Tackle;00_Glitch move;00_Glitch move;00_Glitch move;Medium Fast;0;0;0;0;0;0;0;0;0;0;0;0;0;0;0;0;0;0;0;0;0;0;0;0;0;0;0;0;0;0;0;0;0;0;0;0;0;0;0;0;0;0;0;0;0;0;0;0;0;0;0;0;0;0;0;
247;255;?????;01;01;01;01;01;ABNORMAL;ABNORMAL;00;00;Tackle;00_Glitch move;00_Glitch move;00_Glitch move;Medium Fast;0;0;0;0;0;0;0;0;0;0;0;0;0;0;0;0;0;0;0;0;0;0;0;0;0;0;0;0;0;0;0;0;0;0;0;0;0;0;0;0;0;0;0;0;0;0;0;0;0;0;0;0;0;0;0;
248;255;?????;01;01;01;01;01;ABNORMAL;ABNORMAL;00;00;Tackle;00_Glitch move;00_Glitch move;00_Glitch move;Medium Fast;0;0;0;0;0;0;0;0;0;0;0;0;0;0;0;0;0;0;0;0;0;0;0;0;0;0;0;0;0;0;0;0;0;0;0;0;0;0;0;0;0;0;0;0;0;0;0;0;0;0;0;0;0;0;0;
249;255;?????;01;01;01;01;01;ABNORMAL;ABNORMAL;00;00;Tackle;00_Glitch move;00_Glitch move;00_Glitch move;Medium Fast;0;0;0;0;0;0;0;0;0;0;0;0;0;0;0;0;0;0;0;0;0;0;0;0;0;0;0;0;0;0;0;0;0;0;0;0;0;0;0;0;0;0;0;0;0;0;0;0;0;0;0;0;0;0;0;
250;255;?????;01;01;01;01;01;ABNORMAL;ABNORMAL;00;00;Tackle;00_Glitch move;00_Glitch move;00_Glitch move;Medium Fast;0;0;0;0;0;0;0;0;0;0;0;0;0;0;0;0;0;0;0;0;0;0;0;0;0;0;0;0;0;0;0;0;0;0;0;0;0;0;0;0;0;0;0;0;0;0;0;0;0;0;0;0;0;0;0;
251;252;Phancero;178;137;57;128;85;GHOST;FLYING;03;216;Sharp Point;Lick;00_Glitch move;00_Glitch move;Slow;0;1;1;1;0;1;0;0;1;1;0;1;0;1;1;1;1;1;1;1;0;1;0;0;1;1;1;0;1;1;1;1;0;0;0;0;0;0;1;1;0;1;1;1;1;1;0;0;1;1;1;1;1;0;0; 5;Gust;10;Teleport;15;Water Gun;20;Agility;25;Wing Attack;30;Acid Armor;35;Leech Seed;40;Icy Wind;50;Shadow Ball;60;Cyber Crush;70;Tri Attack;80;Wrap;90;Sky Attack;100;Hi Jump Kick;
252;255;?????;01;01;01;01;01;ABNORMAL;ABNORMAL;00;00;Tackle;00_Glitch move;00_Glitch move;00_Glitch move;Medium Fast;0;0;0;0;0;0;0;0;0;0;0;0;0;0;0;0;0;0;0;0;0;0;0;0;0;0;0;0;0;0;0;0;0;0;0;0;0;0;0;0;0;0;0;0;0;0;0;0;0;0;0;0;0;0;0;
253;255;?????;01;01;01;01;01;ABNORMAL;ABNORMAL;00;00;Tackle;00_Glitch move;00_Glitch move;00_Glitch move;Medium Fast;0;0;0;0;0;0;0;0;0;0;0;0;0;0;0;0;0;0;0;0;0;0;0;0;0;0;0;0;0;0;0;0;0;0;0;0;0;0;0;0;0;0;0;0;0;0;0;0;0;0;0;0;0;0;0;
254;255;?????;01;01;01;01;01;ABNORMAL;ABNORMAL;00;00;Tackle;00_Glitch move;00_Glitch move;00_Glitch move;Medium Fast;0;0;0;0;0;0;0;0;0;0;0;0;0;0;0;0;0;0;0;0;0;0;0;0;0;0;0;0;0;0;0;0;0;0;0;0;0;0;0;0;0;0;0;0;0;0;0;0;0;0;0;0;0;0;0;
255;255;?????;01;01;01;01;01;ABNORMAL;ABNORMAL;00;00;Tackle;00_Glitch move;00_Glitch move;00_Glitch move;Medium Fast;0;0;0;0;0;0;0;0;0;0;0;0;0;0;0;0;0;0;0;0;0;0;0;0;0;0;0;0;0;0;0;0;0;0;0;0;0;0;0;0;0;0;0;0;0;0;0;0;0;0;0;0;0;0;0;


Press enter to exit...