{
  "id": "MAP_GREENDALE_VILLAGE_ROSE_HOUSE",
  "name": "GreendaleVillage_RoseHouse",
  "layout": "LAYOUT_GREENDALE_VILLAGE_ROSE_HOUSE",
  "music": "MUS_GREENDALE_VILLAGE",
  "region_map_section": "MAPSEC_GREENDALE_VILLAGE",
  "requires_flash": false,
  "weather": "WEATHER_NONE",
  "map_type": "MAP_TYPE_INDOOR",
  "allow_cycling": false,
  "allow_escaping": false,
  "allow_running": true,
  "show_map_name": false,
  "battle_scene": "MAP_BATTLE_SCENE_NORMAL",
  "connections": 0,
  "object_events": [
    {
      "graphics_id": "OBJ_EVENT_GFX_MAN_1",
      "x": 2,
      "y": 3,
      "elevation": 3,
      "movement_type": "MOVEMENT_TYPE_WANDER_LEFT_AND_RIGHT",
      "movement_range_x": 1,
      "movement_range_y": 0,
      "trainer_type": "TRAINER_TYPE_NONE",
      "trainer_sight_or_berry_tree_id": "0",
      "script": "GreendaleVillage_RoseHouse_Father",
      "flag": "0"
    },
    {
      "graphics_id": "OBJ_EVENT_GFX_POKEFAN_F",
      "x": 4,
      "y": 5,
      "elevation": 3,
      "movement_type": "MOVEMENT_TYPE_FACE_RIGHT",
      "movement_range_x": 0,
      "movement_range_y": 0,
      "trainer_type": "TRAINER_TYPE_NONE",
      "trainer_sight_or_berry_tree_id": "0",
      "script": "GreendaleVillage_RoseHouse_Mother",
      "flag": "0"
    }
  ],
  "warp_events": [
    {
      "x": 2,
      "y": 7,
      "elevation": 3,
      "dest_map": "MAP_GREENDALE_VILLAGE",
      "dest_warp_id": "3"
    },
    {
      "x": 3,
      "y": 7,
      "elevation": 3,
      "dest_map": "MAP_GREENDALE_VILLAGE",
      "dest_warp_id": "3"
    }
  ],
  "coord_events": [

  ],
  "bg_events": [
    {
      "type": "sign",
      "x": 3,
      "y": 2,
      "elevation": 0,
      "player_facing_dir": "BG_EVENT_PLAYER_FACING_ANY",
      "script": "Refrigerator_Sign"
    }
  ]
}
