{
  "id": "MAP_SILPH_CO_2F",
  "name": "SilphCo_2F",
  "layout": "LAYOUT_SILPH_CO_2F",
  "music": "MUS_SILPH",
  "region_map_section": "MAPSEC_SILPH_CO",
  "requires_flash": false,
  "weather": "WEATHER_NONE",
  "map_type": "MAP_TYPE_INDOOR",
  "allow_cycling": false,
  "allow_escaping": true,
  "allow_running": true,
  "show_map_name": true,
  "floor_number": 2,
  "battle_scene": "MAP_BATTLE_SCENE_NORMAL",
  "connections": 0,
  "object_events": [
    {
      "type": "object",
      "graphics_id": "OBJ_EVENT_GFX_ROCKET_M",
      "x": 24,
      "y": 7,
      "elevation": 3,
      "movement_type": "MOVEMENT_TYPE_FACE_UP",
      "movement_range_x": 1,
      "movement_range_y": 1,
      "trainer_type": "TRAINER_TYPE_NORMAL",
      "trainer_sight_or_berry_tree_id": "3",
      "script": "SilphCo_2F_EventScript_Grunt2",
      "flag": "FLAG_HIDE_SILPH_ROCKETS",
      "in_connection": false
    },
    {
      "type": "object",
      "graphics_id": "OBJ_EVENT_GFX_SCIENTIST",
      "x": 24,
      "y": 13,
      "elevation": 3,
      "movement_type": "MOVEMENT_TYPE_FACE_LEFT",
      "movement_range_x": 1,
      "movement_range_y": 1,
      "trainer_type": "TRAINER_TYPE_NORMAL",
      "trainer_sight_or_berry_tree_id": "4",
      "script": "SilphCo_2F_EventScript_Jerry",
      "flag": "FLAG_HIDE_SILPH_ROCKETS",
      "in_connection": false
    },
    {
      "type": "object",
      "graphics_id": "OBJ_EVENT_GFX_ROCKET_M",
      "x": 16,
      "y": 11,
      "elevation": 3,
      "movement_type": "MOVEMENT_TYPE_FACE_UP",
      "movement_range_x": 1,
      "movement_range_y": 1,
      "trainer_type": "TRAINER_TYPE_NORMAL",
      "trainer_sight_or_berry_tree_id": "3",
      "script": "SilphCo_2F_EventScript_Grunt1",
      "flag": "FLAG_HIDE_SILPH_ROCKETS",
      "in_connection": false
    },
    {
      "type": "object",
      "graphics_id": "OBJ_EVENT_GFX_SCIENTIST",
      "x": 5,
      "y": 12,
      "elevation": 3,
      "movement_type": "MOVEMENT_TYPE_FACE_DOWN",
      "movement_range_x": 1,
      "movement_range_y": 1,
      "trainer_type": "TRAINER_TYPE_NORMAL",
      "trainer_sight_or_berry_tree_id": "3",
      "script": "SilphCo_2F_EventScript_Connor",
      "flag": "FLAG_HIDE_SILPH_ROCKETS",
      "in_connection": false
    },
    {
      "type": "object",
      "graphics_id": "OBJ_EVENT_GFX_WORKER_F",
      "x": 10,
      "y": 1,
      "elevation": 0,
      "movement_type": "MOVEMENT_TYPE_FACE_UP",
      "movement_range_x": 1,
      "movement_range_y": 1,
      "trainer_type": "TRAINER_TYPE_NONE",
      "trainer_sight_or_berry_tree_id": "0",
      "script": "SilphCo_2F_EventScript_TM36Gift",
      "flag": "0",
      "in_connection": false
    }
  ],
  "warp_events": [
    {
      "x": 26,
      "y": 0,
      "elevation": 3,
      "dest_map": "MAP_SILPH_CO_3F",
      "dest_warp_id": "0"
    },
    {
      "x": 3,
      "y": 3,
      "elevation": 3,
      "dest_map": "MAP_SILPH_CO_3F",
      "dest_warp_id": "8"
    },
    {
      "x": 13,
      "y": 3,
      "elevation": 3,
      "dest_map": "MAP_SILPH_CO_8F",
      "dest_warp_id": "5"
    },
    {
      "x": 24,
      "y": 0,
      "elevation": 3,
      "dest_map": "MAP_SILPH_CO_1F",
      "dest_warp_id": "3"
    },
    {
      "x": 9,
      "y": 15,
      "elevation": 3,
      "dest_map": "MAP_SILPH_CO_6F",
      "dest_warp_id": "1"
    },
    {
      "x": 27,
      "y": 15,
      "elevation": 3,
      "dest_map": "MAP_SILPH_CO_8F",
      "dest_warp_id": "2"
    },
    {
      "x": 20,
      "y": 0,
      "elevation": 0,
      "dest_map": "MAP_SILPH_CO_ELEVATOR",
      "dest_warp_id": "0"
    }
  ],
  "coord_events": [

  ],
  "bg_events": [
    {
      "type": "sign",
      "x": 4,
      "y": 4,
      "elevation": 0,
      "player_facing_dir": "BG_EVENT_PLAYER_FACING_ANY",
      "script": "SilphCo_2F_EventScript_Door1"
    },
    {
      "type": "sign",
      "x": 5,
      "y": 4,
      "elevation": 0,
      "player_facing_dir": "BG_EVENT_PLAYER_FACING_ANY",
      "script": "SilphCo_2F_EventScript_Door1"
    },
    {
      "type": "sign",
      "x": 4,
      "y": 10,
      "elevation": 0,
      "player_facing_dir": "BG_EVENT_PLAYER_FACING_ANY",
      "script": "SilphCo_2F_EventScript_Door2"
    },
    {
      "type": "sign",
      "x": 5,
      "y": 10,
      "elevation": 0,
      "player_facing_dir": "BG_EVENT_PLAYER_FACING_ANY",
      "script": "SilphCo_2F_EventScript_Door2"
    },
    {
      "type": "sign",
      "x": 29,
      "y": 0,
      "elevation": 0,
      "player_facing_dir": "BG_EVENT_PLAYER_FACING_ANY",
      "script": "SilphCo_2F_EventScript_FloorSign"
    }
  ]
}
