{
  "id": "MAP_ROUTE2",
  "name": "Route2",
  "layout": "LAYOUT_ROUTE2",
  "music": "MUS_ROUTE1",
  "region_map_section": "MAPSEC_ROUTE_2",
  "requires_flash": false,
  "weather": "WEATHER_SUNNY",
  "map_type": "MAP_TYPE_ROUTE",
  "allow_cycling": true,
  "allow_escaping": false,
  "allow_running": true,
  "show_map_name": false,
  "floor_number": 0,
  "battle_scene": "MAP_BATTLE_SCENE_NORMAL",
  "connections": [
    {
      "map": "MAP_PEWTER_CITY",
      "offset": -5,
      "direction": "up"
    },
    {
      "map": "MAP_VIRIDIAN_CITY",
      "offset": 1,
      "direction": "down"
    }
  ],
  "object_events": [
    {
      "type": "object",
      "graphics_id": "OBJ_EVENT_GFX_CUT_TREE",
      "x": 16,
      "y": 37,
      "elevation": 3,
      "movement_type": "MOVEMENT_TYPE_FACE_DOWN",
      "movement_range_x": 1,
      "movement_range_y": 1,
      "trainer_type": "TRAINER_TYPE_NONE",
      "trainer_sight_or_berry_tree_id": "0",
      "script": "EventScript_CutTree",
      "flag": "FLAG_TEMP_16",
      "in_connection": true
    },
    {
      "type": "object",
      "graphics_id": "OBJ_EVENT_GFX_CUT_TREE",
      "x": 23,
      "y": 52,
      "elevation": 3,
      "movement_type": "MOVEMENT_TYPE_FACE_DOWN",
      "movement_range_x": 1,
      "movement_range_y": 1,
      "trainer_type": "TRAINER_TYPE_NONE",
      "trainer_sight_or_berry_tree_id": "0",
      "script": "EventScript_CutTree",
      "flag": "FLAG_TEMP_15",
      "in_connection": false
    },
    {
      "type": "object",
      "graphics_id": "OBJ_EVENT_GFX_CUT_TREE",
      "x": 16,
      "y": 10,
      "elevation": 3,
      "movement_type": "MOVEMENT_TYPE_FACE_DOWN",
      "movement_range_x": 1,
      "movement_range_y": 1,
      "trainer_type": "TRAINER_TYPE_NONE",
      "trainer_sight_or_berry_tree_id": "0",
      "script": "EventScript_CutTree",
      "flag": "FLAG_TEMP_18",
      "in_connection": true
    },
    {
      "type": "object",
      "graphics_id": "OBJ_EVENT_GFX_CUT_TREE",
      "x": 26,
      "y": 23,
      "elevation": 3,
      "movement_type": "MOVEMENT_TYPE_FACE_DOWN",
      "movement_range_x": 1,
      "movement_range_y": 1,
      "trainer_type": "TRAINER_TYPE_NONE",
      "trainer_sight_or_berry_tree_id": "0",
      "script": "EventScript_CutTree",
      "flag": "FLAG_TEMP_17",
      "in_connection": false
    },
    {
      "type": "object",
      "graphics_id": "OBJ_EVENT_GFX_ITEM_BALL",
      "x": 24,
      "y": 45,
      "elevation": 3,
      "movement_type": "MOVEMENT_TYPE_FACE_DOWN",
      "movement_range_x": 1,
      "movement_range_y": 1,
      "trainer_type": "TRAINER_TYPE_NONE",
      "trainer_sight_or_berry_tree_id": "0",
      "script": "Route2_EventScript_ItemHP_Up",
      "flag": "FLAG_HIDE_ROUTE2_HP_UP",
      "in_connection": false
    },
    {
      "type": "object",
      "graphics_id": "OBJ_EVENT_GFX_ITEM_BALL",
      "x": 24,
      "y": 54,
      "elevation": 3,
      "movement_type": "MOVEMENT_TYPE_FACE_DOWN",
      "movement_range_x": 1,
      "movement_range_y": 1,
      "trainer_type": "TRAINER_TYPE_NONE",
      "trainer_sight_or_berry_tree_id": "0",
      "script": "Route2_EventScript_ItemMoonStone",
      "flag": "FLAG_HIDE_ROUTE2_MOON_STONE",
      "in_connection": false
    },
    {
      "type": "object",
      "graphics_id": "OBJ_EVENT_GFX_CUT_TREE",
      "x": 17,
      "y": 85,
      "elevation": 8,
      "movement_type": "MOVEMENT_TYPE_NONE",
      "movement_range_x": 0,
      "movement_range_y": 0,
      "trainer_type": "TRAINER_TYPE_NORMAL",
      "trainer_sight_or_berry_tree_id": "3",
      "script": "0x0",
      "flag": "0",
      "in_connection": true
    },
    {
      "type": "object",
      "graphics_id": "OBJ_EVENT_GFX_CUT_TREE",
      "x": 23,
      "y": 68,
      "elevation": 3,
      "movement_type": "MOVEMENT_TYPE_FACE_DOWN",
      "movement_range_x": 1,
      "movement_range_y": 1,
      "trainer_type": "TRAINER_TYPE_NONE",
      "trainer_sight_or_berry_tree_id": "0",
      "script": "EventScript_CutTree",
      "flag": "FLAG_TEMP_19"
    },
    {
      "type": "object",
      "graphics_id": "OBJ_EVENT_GFX_CUT_TREE",
      "x": 23,
      "y": 60,
      "elevation": 3,
      "movement_type": "MOVEMENT_TYPE_FACE_DOWN",
      "movement_range_x": 1,
      "movement_range_y": 1,
      "trainer_type": "TRAINER_TYPE_NONE",
      "trainer_sight_or_berry_tree_id": "0",
      "script": "EventScript_CutTree",
      "flag": "FLAG_TEMP_14",
      "in_connection": true
    },
    {
      "type": "clone",
      "graphics_id": "OBJ_EVENT_GFX_VAR_0",
      "x": 19,
      "y": 78,
      "target_local_id": 4,
      "target_map": "MAP_VIRIDIAN_CITY"
    }
  ],
  "warp_events": [
    {
      "x": 14,
      "y": 11,
      "elevation": 3,
      "dest_map": "MAP_ROUTE2_VIRIDIAN_FOREST_NORTH_ENTRANCE",
      "dest_warp_id": "2"
    },
    {
      "x": 14,
      "y": 11,
      "elevation": 3,
      "dest_map": "MAP_ROUTE2_VIRIDIAN_FOREST_NORTH_ENTRANCE",
      "dest_warp_id": "0"
    },
    {
      "x": 14,
      "y": 43,
      "elevation": 3,
      "dest_map": "MAP_ROUTE2_VIRIDIAN_FOREST_SOUTH_ENTRANCE",
      "dest_warp_id": "0"
    },
    {
      "x": 23,
      "y": 9,
      "elevation": 3,
      "dest_map": "MAP_DIGLETTS_CAVE_NORTH_ENTRANCE",
      "dest_warp_id": "1"
    },
    {
      "x": 26,
      "y": 19,
      "elevation": 0,
      "dest_map": "MAP_ROUTE2_HOUSE",
      "dest_warp_id": "0"
    },
    {
      "x": 26,
      "y": 39,
      "elevation": 3,
      "dest_map": "MAP_ROUTE2_EAST_BUILDING",
      "dest_warp_id": "0"
    },
    {
      "x": 27,
      "y": 35,
      "elevation": 3,
      "dest_map": "MAP_ROUTE2_EAST_BUILDING",
      "dest_warp_id": "2"
    },
    {
      "x": 28,
      "y": 35,
      "elevation": 3,
      "dest_map": "MAP_ROUTE2_EAST_BUILDING",
      "dest_warp_id": "2"
    },
    {
      "x": 14,
      "y": 43,
      "elevation": 3,
      "dest_map": "MAP_ROUTE2_VIRIDIAN_FOREST_SOUTH_ENTRANCE",
      "dest_warp_id": "0"
    }
  ],
  "coord_events": [

  ],
  "bg_events": [
    {
      "type": "sign",
      "x": 22,
      "y": 11,
      "elevation": 0,
      "player_facing_dir": "BG_EVENT_PLAYER_FACING_ANY",
      "script": "Route2_EventScript_DiglettsCaveSign"
    },
    {
      "type": "sign",
      "x": 16,
      "y": 65,
      "elevation": 0,
      "player_facing_dir": "BG_EVENT_PLAYER_FACING_ANY",
      "script": "Route2_EventScript_RouteSign"
    }
  ]
}
