[
  {
    "Key": "Slot1",
    "Value": {
      "Price": "0x47a3098"
    }
  },
  {
    "Key": "Slot2",
    "Value": {
      "Price": "0x47a30a0"
    }
  },
  {
    "Key": "Slot3",
    "Value": {
      "Price": "0x47a30a8"
    }
  },
  {
    "Key": "Slot4",
    "Value": {
      "Price": "0x47a30b0"
    }
  },
  {
    "Key": "Slot5",
    "Value": {
      "Price": "0x47a30b8"
    }
  },
  {
    "Key": "Slot6",
    "Value": {
      "Price": "0x47a30c0"
    }
  },
  {
    "Key": "Slot7",
    "Value": {
      "Price": "0x47a30c8"
    }
  },
  {
    "Key": "Slot8",
    "Value": {
      "Price": "0x47a30d0"
    }
  },
  {
    "Key": "Slot9",
    "Value": {
      "Price": "0x47a30d8"
    }
  },
  {
    "Key": "Slot10",
    "Value": {
      "Price": "0x47a30e0"
    }
  },
  {
    "Key": "Slot11",
    "Value": {
      "Price": "0x47a30e8"
    }
  },
  {
    "Key": "Slot12",
    "Value": {
      "Price": "0x47a30f0"
    }
  },
  {
    "Key": "Slot13",
    "Value": {
      "Price": "0x47a30f8"
    }
  },
  {
    "Key": "Slot14",
    "Value": {
      "Price": "0x47a3100"
    }
  },
  {
    "Key": "Slot15",
    "Value": {
      "Price": "0x47a3108"
    }
  },
  {
    "Key": "Slot16",
    "Value": {
      "Price": "0x47a3110"
    }
  },
  {
    "Key": "Slot17",
    "Value": {
      "Price": "0x47a3118"
    }
  },
  {
    "Key": "Slot18",
    "Value": {
      "Price": "0x47a3120"
    }
  },
  {
    "Key": "Slot19",
    "Value": {
      "Price": "0x47a3128"
    }
  },
  {
    "Key": "Slot20",
    "Value": {
      "Price": "0x47a3130"
    }
  },
  {
    "Key": "Slot21",
    "Value": {
      "Price": "0x47a3138"
    }
  },
  {
    "Key": "Slot22",
    "Value": {
      "Price": "0x47a3140"
    }
  },
  {
    "Key": "Slot23",
    "Value": {
      "Price": "0x47a3148"
    }
  },
  {
    "Key": "Slot24",
    "Value": {
      "Price": "0x47a3150"
    }
  },
  {
    "Key": "Slot25",
    "Value": {
      "Price": "0x47a3158"
    }
  },
  {
    "Key": "Slot26",
    "Value": {
      "Price": "0x47a3160"
    }
  },
  {
    "Key": "Slot27",
    "Value": {
      "Price": "0x47a3168"
    }
  },
  {
    "Key": "Slot28",
    "Value": {
      "Price": "0x47a3170"
    }
  },
  {
    "Key": "Slot29",
    "Value": {
      "Price": "0x47a3178"
    }
  },
  {
    "Key": "Slot30",
    "Value": {
      "Price": "0x47a3180"
    }
  },
  {
    "Key": "Slot31",
    "Value": {
      "Price": "0x47a3188"
    }
  },
  {
    "Key": "Slot32",
    "Value": {
      "Price": "0x47a3190"
    }
  },
  {
    "Key": "Slot33",
    "Value": {
      "Price": "0x47a3198"
    }
  },
  {
    "Key": "Slot34",
    "Value": {
      "Price": "0x47a31a0"
    }
  },
  {
    "Key": "Slot35",
    "Value": {
      "Price": "0x47a31a8"
    }
  },
  {
    "Key": "Slot36",
    "Value": {
      "Price": "0x47a31b0"
    }
  },
  {
    "Key": "Slot37",
    "Value": {
      "Price": "0x47a31b8"
    }
  },
  {
    "Key": "Slot38",
    "Value": {
      "Price": "0x47a31c0"
    }
  },
  {
    "Key": "Slot39",
    "Value": {
      "Price": "0x47a31c8"
    }
  },
  {
    "Key": "Slot40",
    "Value": {
      "Price": "0x47a31d0"
    }
  },
  {
    "Key": "Slot41",
    "Value": {
      "Price": "0x47a31d8"
    }
  },
  {
    "Key": "Slot42",
    "Value": {
      "Price": "0x47a31e0"
    }
  }
]