{
  "id": "MAP_CAVE_OF_ORIGIN_UNUSED_RUBY_SAPPHIRE_MAP1",
  "name": "CaveOfOrigin_UnusedRubySapphireMap1",
  "layout": "LAYOUT_CAVE_OF_ORIGIN_UNUSED_RUBY_SAPPHIRE_MAP1",
  "music": "MUS_ABANDONED_SHIP_OF_ORIGIN",
  "region_map_section": "MAPSEC_CAVE_OF_ORIGIN",
  "requires_flash": true,
  "weather": "WEATHER_NONE",
  "map_type": "MAP_TYPE_UNDERGROUND",
  "allow_cycling": true,
  "allow_escaping": true,
  "allow_running": true,
  "show_map_name": true,
  "battle_scene": "MAP_BATTLE_SCENE_NORMAL",
  "connections": null,
  "object_events": [],
  "warp_events": [
    {
      "x": 13,
      "y": 5,
      "elevation": 3,
      "dest_map": "MAP_CAVE_OF_ORIGIN_1F",
      "dest_warp_id": "1"
    },
    {
      "x": 5,
      "y": 11,
      "elevation": 3,
      "dest_map": "MAP_CAVE_OF_ORIGIN_UNUSED_RUBY_SAPPHIRE_MAP2",
      "dest_warp_id": "0"
    }
  ],
  "coord_events": [],
  "bg_events": []
}
