{
  "id": "MAP_PALACE_OF_ICE_INSIDE",
  "name": "PalaceOfIce_Inside",
  "layout": "LAYOUT_PALACE_OF_ICE_INSIDE",
  "music": "MUS_ICE_PALACE",
  "region_map_section": "MAPSEC_PALACE_OF_ICE",
  "requires_flash": false,
  "weather": "WEATHER_NONE",
  "map_type": "MAP_TYPE_NONE",
  "allow_cycling": false,
  "allow_escaping": true,
  "allow_running": true,
  "show_map_name": false,
  "battle_scene": "MAP_BATTLE_SCENE_NORMAL",
  "connections": 0,
  "object_events": [
    {
      "graphics_id": "OBJ_EVENT_GFX_REGICE_FOLLOWER",
      "x": 29,
      "y": 28,
      "elevation": 3,
      "movement_type": "MOVEMENT_TYPE_NONE",
      "movement_range_x": 0,
      "movement_range_y": 0,
      "trainer_type": "TRAINER_TYPE_NONE",
      "trainer_sight_or_berry_tree_id": "0",
      "script": "NULL",
      "flag": "0"
    }
  ],
  "warp_events": [

  ],
  "coord_events": [

  ],
  "bg_events": [

  ]
}
