<?xml version="1.0" encoding="UTF-8"?>
<metadata>
  <identifier>terranigma-2-x-enemy-xp</identifier>
  <mediatype>data</mediatype>
  <collection>opensource_media</collection>
  <creator>FaydGamer</creator>
  <date>2025-03-26</date>
  <description>Easymode for Terranigma &lt;div&gt;&lt;br /&gt;&lt;/div&gt;&lt;div&gt;Multiple patchs; &lt;/div&gt;&lt;div&gt;Doubles Xp gained from Bosses. &lt;/div&gt;&lt;div&gt;Doubles Xp gained from Enemies.&lt;/div&gt;&lt;div&gt;Doubles Gold Amount dropped from Enemies. &lt;/div&gt;&lt;div&gt;Changes drop rate to 100% chance (will make 50%)&lt;/div&gt;</description>
  <scanner>Internet Archive HTML5 Uploader 1.7.0</scanner>
  <subject>Terranigma</subject>
  <title>Terranigma Easymode</title>
  <subject>Rom Hacks</subject>
  <uploader>faydpromotions@gmail.com</uploader>
  <publicdate>2025-03-27 02:48:49</publicdate>
  <addeddate>2025-03-27 02:48:49</addeddate>
  <curation>[curator]validator@archive.org[/curator][date]20250327030321[/date][comment]checked for malware[/comment]</curation>
</metadata>
