<?xml version="1.0" encoding="UTF-8"?>
<files>
  <file name="Terranigma 2X Boss XP.ips" source="original">
    <mtime>1743043793</mtime>
    <size>172</size>
    <md5>f9eddb8035b007e18963ceb042217ff1</md5>
    <crc32>48f322ee</crc32>
    <sha1>da300ab7d5b453bafce5858c39206f8f3f116f37</sha1>
    <format>Unknown</format>
    <viruscheck>1743044600</viruscheck>
  </file>
  <file name="Terranigma 2X Enemy XP.ips" source="original">
    <mtime>1743043865</mtime>
    <size>1301</size>
    <md5>434cebf53ef681f158268f50bbe3a83f</md5>
    <crc32>de2bc8e3</crc32>
    <sha1>1e684c1b20e091e0b36f1bae8e9811ef2dfde12c</sha1>
    <format>Unknown</format>
    <viruscheck>1743044600</viruscheck>
  </file>
  <file name="Terranigma 2X Gold Drops.ips" source="original">
    <mtime>1743043937</mtime>
    <size>1120</size>
    <md5>09b5b61b8464453d1d306a61f0d9fa73</md5>
    <crc32>70678813</crc32>
    <sha1>0215632dcf35a64e819ef1f7c549b29c3fda2a4e</sha1>
    <format>Unknown</format>
    <viruscheck>1743044600</viruscheck>
  </file>
  <file name="Terranigma Drop Chance 100%.ips" source="original">
    <mtime>1743043706</mtime>
    <size>1061</size>
    <md5>40ea8e391df0fb54fefc42b51c9cfa75</md5>
    <crc32>2589730b</crc32>
    <sha1>a4972bfc647996390af39ed87db08d11e3fb178e</sha1>
    <format>Unknown</format>
    <viruscheck>1743044600</viruscheck>
  </file>
  <file name="terranigma-2-x-enemy-xp_archive.torrent" source="metadata">
    <btih>9a7db32dca3bed99bc07a60fda0cfa5283d1b196</btih>
    <mtime>1743044601</mtime>
    <size>2298</size>
    <md5>ee0d9e8abf6b8264e25b87aeb0daf64e</md5>
    <crc32>41850af9</crc32>
    <sha1>5b534feac338c810c7d012ca73d6160cd34ea8f2</sha1>
    <format>Archive BitTorrent</format>
  </file>
  <file name="terranigma-2-x-enemy-xp_files.xml" source="original">
    <format>Metadata</format>
    <md5>83f3324e1e6b74824a894ccf4a48f6a0</md5>
    <summation>md5</summation>
  </file>
  <file name="terranigma-2-x-enemy-xp_meta.sqlite" source="original">
    <mtime>1743043985</mtime>
    <size>36864</size>
    <md5>f95a01a20ce8b9a98045997b55714ea3</md5>
    <crc32>b610697b</crc32>
    <sha1>7ed5fb3e28bef7a467afc817c3e2047723c8ce18</sha1>
    <format>Metadata</format>
  </file>
  <file name="terranigma-2-x-enemy-xp_meta.xml" source="original">
    <mtime>1743044601</mtime>
    <size>1049</size>
    <md5>a2d1e45f23f70ff3257fd87fb1521c3c</md5>
    <crc32>8f26ad2c</crc32>
    <sha1>20cd3e6b477241d86f2437966a16d436cd421f42</sha1>
    <format>Metadata</format>
  </file>
</files>
