{
  "id": "MAP_DRIFTSTREAM_TOWN",
  "name": "DriftstreamTown",
  "layout": "LAYOUT_DRIFTSTREAM_TOWN",
  "music": "MUS_ABANDONED_MUSEUM",
  "region_map_section": "MAPSEC_DRIFTSTREAM_TOWN",
  "requires_flash": false,
  "weather": "WEATHER_NONE",
  "map_type": "MAP_TYPE_TOWN",
  "allow_cycling": true,
  "allow_escaping": false,
  "allow_running": false,
  "show_map_name": true,
  "battle_scene": "MAP_BATTLE_SCENE_NORMAL",
  "connections": 0,
  "object_events": [

  ],
  "warp_events": [

  ],
  "coord_events": [

  ],
  "bg_events": [

  ]
}
