<?xml version="1.0" encoding="UTF-8"?>
<files>
  <file name="Takua 64 (NO MUSIC) Build.zip" source="original">
    <mtime>1700224132</mtime>
    <size>14863783</size>
    <md5>9aadfc7f3aca622c008aafb4b85dcc7b</md5>
    <crc32>d76beea1</crc32>
    <sha1>82175172eef9f23b766c9c3e19aa2d0af22ca5c7</sha1>
    <format>ZIP</format>
    <filecount>1</filecount>
    <viruscheck>1700225103</viruscheck>
  </file>
  <file name="Takua 64 (V1.1) (AglabCamVersion).zip" source="original">
    <mtime>1700224467</mtime>
    <size>14925249</size>
    <md5>cc1604df9ebcafe5b82b12da26c98351</md5>
    <crc32>5d1ad3ed</crc32>
    <sha1>0d106703b1ffd12817ecb6e3025b65ae8ec174c8</sha1>
    <format>ZIP</format>
    <filecount>1</filecount>
    <viruscheck>1700225103</viruscheck>
  </file>
  <file name="Takua 64 (v.1.1) HahliVersion!.zip" source="original">
    <mtime>1700224196</mtime>
    <size>14924752</size>
    <md5>d9b4f39dad2d542d40efcbde49b96860</md5>
    <crc32>c9a99d9f</crc32>
    <sha1>ff02dbb0bd3ef023e498423108c32a101302ebc6</sha1>
    <format>ZIP</format>
    <filecount>1</filecount>
    <viruscheck>1700225103</viruscheck>
  </file>
  <file name="Takua 64 (v1.0).zip" source="original">
    <mtime>1700224307</mtime>
    <size>14923978</size>
    <md5>a232406762a36aef51688945e466c19c</md5>
    <crc32>5b53a44d</crc32>
    <sha1>39118d0014a2632167c151ae54af4415bc560ae1</sha1>
    <format>ZIP</format>
    <filecount>1</filecount>
    <viruscheck>1700225103</viruscheck>
  </file>
  <file name="Takua 64 (v1.1).zip" source="original">
    <mtime>1700224606</mtime>
    <size>14925151</size>
    <md5>e2431240206701b41b38d6bad882afa8</md5>
    <crc32>925aa154</crc32>
    <sha1>2bbb7505de6272c510d3834b86ca88cea2645808</sha1>
    <format>ZIP</format>
    <filecount>1</filecount>
    <viruscheck>1700225103</viruscheck>
  </file>
  <file name="Takua64.png" source="original">
    <mtime>1700224621</mtime>
    <size>1130470</size>
    <md5>b60e2431254dba523e2e733ea0a1ecc4</md5>
    <crc32>e718b74a</crc32>
    <sha1>23821f0396c66202beb4425cbc61c0df7f7071f3</sha1>
    <format>PNG</format>
  </file>
  <file name="Takua64_thumb.jpg" source="derivative">
    <format>JPEG Thumb</format>
    <original>Takua64.png</original>
    <mtime>1700225156</mtime>
    <size>10010</size>
    <md5>a464d80105a4c03c03e6498be71fd360</md5>
    <crc32>4871f97f</crc32>
    <sha1>8a0bdecbe3210ccdc8fca6f1f1761378add24fa1</sha1>
  </file>
  <file name="__ia_thumb.jpg" source="original">
    <mtime>1700224653</mtime>
    <size>19105</size>
    <md5>4e7d0a105a7f462d70f02ecdbca67225</md5>
    <crc32>e20d443e</crc32>
    <sha1>7a3306bcb56e024afe7cb281e640cab673f06f9e</sha1>
    <format>Item Tile</format>
    <rotation>0</rotation>
  </file>
  <file name="takua-64-super-mario-64-total-conversion-mod_archive.torrent" source="metadata">
    <btih>c3b594e2dc67ba28c92724b54a3950887afd1676</btih>
    <mtime>1700225159</mtime>
    <size>6079</size>
    <md5>994bce2ab7cf00d719d8366e78147bc2</md5>
    <crc32>3a7ddf3a</crc32>
    <sha1>06217eed35262dbb643faea3eaf15b4e15ec90ac</sha1>
    <format>Archive BitTorrent</format>
  </file>
  <file name="takua-64-super-mario-64-total-conversion-mod_files.xml" source="original">
    <format>Metadata</format>
    <md5>fb3755c6f9271802dac4d8d60116fe68</md5>
    <summation>md5</summation>
  </file>
  <file name="takua-64-super-mario-64-total-conversion-mod_meta.sqlite" source="original">
    <mtime>1700224646</mtime>
    <size>45056</size>
    <md5>9a975938ab19401f0a3a718cd8cd599b</md5>
    <crc32>7d05e8f1</crc32>
    <sha1>41506d0ade59022891e06702c3f085fdd148d645</sha1>
    <format>Metadata</format>
  </file>
  <file name="takua-64-super-mario-64-total-conversion-mod_meta.xml" source="original">
    <mtime>1700225154</mtime>
    <size>2000</size>
    <md5>c91123889b03c23bb23a7e8071d6724a</md5>
    <crc32>731bacd5</crc32>
    <sha1>318e4cefbabe35632f69d39634dba8a71d34e8f0</sha1>
    <format>Metadata</format>
  </file>
</files>
