<?xml version="1.0" encoding="UTF-8"?>
<metadata>
  <identifier>takua-64-super-mario-64-total-conversion-mod</identifier>
  <mediatype>texts</mediatype>
  <collection>opensource</collection>
  <creator>Superstupidy</creator>
  <date>2023-09-28</date>
  <description>Takua 64 (Bionicle64) is a major SM64 ROM Hack created by Superstupidy. It is a total conversion mod of the world of Bionicle, including environment and level design inspired by games like Metroid Prime, Tomb Raider, and the majority of Bionicle games. With 99 "Toa Stones" to find and collect, this hack features 12 levels, each with multiple areas to explore and challenges to overcome. Most of the followed characters are replaced/designed based on Bionicle's world while still keeping Mario 64's gimmick aspect and gameplay style.</description>
  <language>eng</language>
  <licenseurl>https://creativecommons.org/licenses/by/4.0/</licenseurl>
  <scanner>Internet Archive HTML5 Uploader 1.7.0</scanner>
  <subject>Lego</subject>
  <title>Takua 64 (Super Mario 64 - Total Conversion Mod)</title>
  <subject>Bionicle</subject>
  <subject>Nintendo 64</subject>
  <subject>Super Mario</subject>
  <subject>Mario Bros</subject>
  <subject>Super Mario Bros</subject>
  <subject>Conversion Mod</subject>
  <subject>Super Mario 64</subject>
  <subject>SM64</subject>
  <subject>Tomb Raider</subject>
  <subject>Metroid Prime</subject>
  <subject>Fanmade</subject>
  <subject>Fan Made</subject>
  <subject>Fan Hack</subject>
  <subject>Game Mod</subject>
  <subject>Rom Hack</subject>
  <uploader>billthesomething@gmail.com</uploader>
  <publicdate>2023-11-17 12:29:39</publicdate>
  <addeddate>2023-11-17 12:29:39</addeddate>
  <curation>[curator]validator@archive.org[/curator][date]20231117124503[/date][comment]checked for malware[/comment]</curation>
  <identifier-access>http://archive.org/details/takua-64-super-mario-64-total-conversion-mod</identifier-access>
  <identifier-ark>ark:/13960/s29b0zj46st</identifier-ark>
</metadata>
