<?xml version="1.0" encoding="UTF-8"?>
<files>
  <file name="ChronoTrigger_swedish.zip" source="original">
    <mtime>1672070257</mtime>
    <size>140050</size>
    <md5>7aff34eb7d49588d18ef717fb6e407ce</md5>
    <crc32>2f0bb80e</crc32>
    <sha1>b0d5a6572073da87becfd3948338a6aa81002e1d</sha1>
    <format>ZIP</format>
    <viruscheck>1672070591</viruscheck>
  </file>
  <file name="chrono-trigger-swedish_archive.torrent" source="metadata">
    <btih>89ce0fc99bb1ed7c0f5833dde59a3ace66f8a3c2</btih>
    <mtime>1672087884</mtime>
    <size>1720</size>
    <md5>a98c116ef0e2da98b3f89b96c2606f70</md5>
    <crc32>b8a2f4df</crc32>
    <sha1>5dab0f9e1898ab87a3952394ade84b889967b24d</sha1>
    <format>Archive BitTorrent</format>
  </file>
  <file name="chrono-trigger-swedish_files.xml" source="original">
    <format>Metadata</format>
    <md5>f00e5e355ba7d85a14f317a6861984c4</md5>
    <summation>md5</summation>
  </file>
  <file name="chrono-trigger-swedish_meta.sqlite" source="original">
    <mtime>1672070282</mtime>
    <size>28672</size>
    <md5>18595408bd41ce129726d360d326d3ea</md5>
    <crc32>71b96f91</crc32>
    <sha1>66e68eb0b7d7101e710fb6c06f532b8fd3372257</sha1>
    <format>Metadata</format>
  </file>
  <file name="chrono-trigger-swedish_meta.xml" source="original">
    <mtime>1672087883</mtime>
    <size>2947</size>
    <md5>b3a35cfeac0b57f1defb02155bb31fd9</md5>
    <crc32>95a60a5d</crc32>
    <sha1>add58216e768bd798be4467ec3aee0b9e7802634</sha1>
    <format>Metadata</format>
  </file>
</files>
