<?xml version="1.0" encoding="UTF-8"?>
<metadata>
  <identifier>chrono-trigger-swedish</identifier>
  <mediatype>software</mediatype>
  <chrono>1</chrono>
  <collection>open_source_software</collection>
  <collection>community</collection>
  <creator>Mattias Thorelli</creator>
  <description>Romhack swedish translation for Chrono Trigger&lt;div&gt;&lt;br /&gt;&lt;/div&gt;&lt;div&gt;&lt;div&gt;July 29th 2013&lt;/div&gt;&lt;div&gt;&lt;br /&gt;&lt;/div&gt;&lt;div&gt;This is a pretty much complete translation of Chrono Trigger into Swedish. It's been on the way since 2004, when there was an active game translation scene in Sweden. In the past few years I've only fiddled with it from time to time, when I needed something to do and didn't have the strength to do anything else. So everything is done for my own sake, and although I've looked at both the english translation and the japanese original text, I think purists might find things to bother them. ^^;&lt;/div&gt;&lt;div&gt;&lt;br /&gt;&lt;/div&gt;&lt;div&gt;Everything is translated except for the introduction- and ending credits, and the names of the eras in Epoch. I may return to this some day and try to fix that. Sorry about typos and bugs - I've tried, but I probably haven't found them all!&lt;/div&gt;&lt;div&gt;&lt;br /&gt;&lt;/div&gt;&lt;div&gt;Translated with Chronotools 1.12.4 by Bisqwit.&lt;/div&gt;&lt;/div&gt;&lt;div&gt;-&lt;/div&gt;&lt;div&gt;&lt;div&gt;29 Juli 2013&lt;/div&gt;&lt;div&gt;&lt;br /&gt;&lt;/div&gt;&lt;div&gt;Det här är en i det närmaste komplett översättning av Chrono Trigger till svenska. Den har varit på gång sedan 2004, då det fanns en aktiv spelöversättarscen i Sverige. De senaste åren har jag bara hållit på med den då och då när jag behövt något att pyssla med och inte orkat något annat. Allt är således gjort för min egen skull, och trots att översättningen skett både med den engelska och den japanska texten i huvudet kommer purister förmodligen hitta en del störande moment.&lt;/div&gt;&lt;div&gt;&lt;br /&gt;&lt;/div&gt;&lt;div&gt;Allt är översatt utom start- och sluttexter och namnen på tidsperioderna i Epoch. Kanske går jag tillbaka någon gång och ger mig på det också. Jag ber om ursäkt för typos och buggar - jag har försökt men förmodligen inte hittat alla!&lt;/div&gt;&lt;div&gt;&lt;br /&gt;&lt;/div&gt;&lt;div&gt;Översatt med Chronotools 1.12.4 av Bisqwit. &lt;/div&gt;&lt;/div&gt;</description>
  <language>swe</language>
  <scanner>Internet Archive HTML5 Uploader 1.7.0</scanner>
  <subject>romhack</subject>
  <subject>chrono trigger</subject>
  <title>Chrono Trigger Swedish translation (romhack)</title>
  <uploader>neptunon@gmail.com</uploader>
  <publicdate>2022-12-26 15:57:56</publicdate>
  <addeddate>2022-12-26 15:57:56</addeddate>
  <curation>[curator]validator@archive.org[/curator][date]20221226160311[/date][comment]checked for malware[/comment]</curation>
</metadata>
