{
  "id": "MAP_SAFARI_ZONE_SECRET_HOUSE",
  "name": "SafariZone_SecretHouse",
  "layout": "LAYOUT_SAFARI_ZONE_SECRET_HOUSE",
  "music": "MUS_EVOLUTION",
  "region_map_section": "MAPSEC_KANTO_SAFARI_ZONE",
  "requires_flash": false,
  "weather": "WEATHER_NONE",
  "map_type": "MAP_TYPE_INDOOR",
  "allow_cycling": false,
  "allow_escaping": false,
  "allow_running": false,
  "show_map_name": false,
  "floor_number": 0,
  "battle_scene": "MAP_BATTLE_SCENE_NORMAL",
  "connections": 0,
  "object_events": [
    {
      "type": "object",
      "graphics_id": "OBJ_EVENT_GFX_MG_DELIVERYMAN",
      "x": 3,
      "y": 3,
      "elevation": 3,
      "movement_type": "MOVEMENT_TYPE_FACE_DOWN",
      "movement_range_x": 1,
      "movement_range_y": 1,
      "trainer_type": "TRAINER_TYPE_NONE",
      "trainer_sight_or_berry_tree_id": "0",
      "script": "SafariZone_SecretHouse_EventScript_Attendant",
      "flag": "0",
      "in_connection": false
    }
  ],
  "warp_events": [
    {
      "x": 2,
      "y": 7,
      "elevation": 3,
      "dest_map": "MAP_SAFARI_ZONE_WEST",
      "dest_warp_id": "8"
    },
    {
      "x": 3,
      "y": 7,
      "elevation": 3,
      "dest_map": "MAP_SAFARI_ZONE_WEST",
      "dest_warp_id": "8"
    }
  ],
  "coord_events": [

  ],
  "bg_events": [

  ]
}
