<?xml version="1.0" encoding="UTF-8"?>
<files>
  <file name="EBB Girl Ninten v1.4-0.png" source="original">
    <mtime>1756877251</mtime>
    <size>3705</size>
    <md5>9113df0e0099fcc3ba39cca539bb281a</md5>
    <crc32>bfb7b953</crc32>
    <sha1>beb70bd5e6cc2e0688be40b9a9559add2a758219</sha1>
    <format>PNG</format>
  </file>
  <file name="EBB Girl Ninten v1.4-0_thumb.jpg" source="derivative">
    <format>JPEG Thumb</format>
    <original>EBB Girl Ninten v1.4-0.png</original>
    <mtime>1756877682</mtime>
    <size>9053</size>
    <md5>ec11634931badb4a25c72ed1ec4581ef</md5>
    <crc32>78f40efe</crc32>
    <sha1>71512c67ece260e405ded73f2ee9400e5e9ce105</sha1>
  </file>
  <file name="EBBGirlNinten.zip" source="original">
    <mtime>1756877233</mtime>
    <size>8413</size>
    <md5>72414065f5b8dba37b792856e4b7b5ce</md5>
    <crc32>b01b4cb6</crc32>
    <sha1>a6a17f008650126b290e71dfe552d35f047ed349</sha1>
    <format>ZIP</format>
    <filecount>2</filecount>
    <viruscheck>1756877615</viruscheck>
  </file>
  <file name="__ia_thumb.jpg" source="original">
    <mtime>1756877299</mtime>
    <size>8079</size>
    <md5>363a127fe111f9e1117484d98b03d6e5</md5>
    <crc32>da385259</crc32>
    <sha1>65d5b7fe38b1f46da107a287c7664c22609e3930</sha1>
    <format>Item Tile</format>
  </file>
  <file name="ebbgirl-ninten_archive.torrent" source="metadata">
    <btih>550115f5be8bc43ed92ac44d7b6f79dbffa3209c</btih>
    <mtime>1756877708</mtime>
    <size>2545</size>
    <md5>cc716668ab0a981cd6838d26c7f80137</md5>
    <crc32>f89955c2</crc32>
    <sha1>46e756f349127c3c5a672b22d8524afb65979dd2</sha1>
    <format>Archive BitTorrent</format>
  </file>
  <file name="ebbgirl-ninten_files.xml" source="original">
    <format>Metadata</format>
    <md5>3e5f5fa2b23cc0d8587b80941deaf2b0</md5>
    <summation>md5</summation>
  </file>
  <file name="ebbgirl-ninten_meta.sqlite" source="original">
    <mtime>1756877266</mtime>
    <size>32768</size>
    <md5>89435b262150697c476cf87eb0d8c8e4</md5>
    <crc32>bba5b31a</crc32>
    <sha1>a96fb084b734f539ccaa21d471c7b988baed9f65</sha1>
    <format>Metadata</format>
  </file>
  <file name="ebbgirl-ninten_meta.xml" source="original">
    <mtime>1756877615</mtime>
    <size>1515</size>
    <md5>e3cebe85de53ed29a55d18eb2d4fea11</md5>
    <crc32>5221c51a</crc32>
    <sha1>59aabe91da12b4b9beb494de6448651d025b3859</sha1>
    <format>Metadata</format>
  </file>
  <file name="ebbworking-0.png" source="original">
    <mtime>1756877255</mtime>
    <size>10277</size>
    <md5>24b76961c2fba5f6c4cf1f76fb17ebec</md5>
    <crc32>5ea26675</crc32>
    <sha1>6c1d90ab73349f12c35212c751406707c4844c80</sha1>
    <format>PNG</format>
  </file>
  <file name="ebbworking-0_thumb.jpg" source="derivative">
    <format>JPEG Thumb</format>
    <original>ebbworking-0.png</original>
    <mtime>1756877695</mtime>
    <size>13888</size>
    <md5>b83876d9aa245105272519fb07e1990a</md5>
    <crc32>e00ed7bd</crc32>
    <sha1>bf2323404744cda0ca14491447ee025164154a87</sha1>
  </file>
</files>
