<?xml version="1.0" encoding="UTF-8"?>
<metadata>
  <identifier>ebbgirl-ninten</identifier>
  <mediatype>software</mediatype>
  <collection>open_source_software</collection>
  <creator>Sailor Loonie</creator>
  <date>2025-09-02</date>
  <description>&lt;p&gt;EarthBound Beginnings is a ROM hack that simply changes the main 
character into a girl! This was done so that certain players may feel a 
closer connection to their main character.&lt;/p&gt;
&lt;p&gt;The changes are listed below:&lt;/p&gt;
&lt;ul&gt;&lt;li&gt;Various pronouns and references to the main character have been changed to feminine variants.&lt;/li&gt;&lt;li&gt;The main character’s graphics have been updated to have longer hair&lt;/li&gt;&lt;li&gt;The main character can now equip the Magic Ribbon, and can get it earlier from the Ground-Swimming Cat&lt;/li&gt;&lt;li&gt;A minor character was changed in Spookane, who gets named after the main character.&lt;/li&gt;&lt;/ul&gt;
&lt;p&gt;I hope you enjoy the hack!&lt;/p&gt;&lt;br /&gt;</description>
  <language>eng</language>
  <scanner>Internet Archive HTML5 Uploader 1.7.0</scanner>
  <subject>earthbound beginnings earth bound zero eb gender girl</subject>
  <title>EarthBound Beginnings - Girl Ninten</title>
  <uploader>dj.capn.b@gmail.com</uploader>
  <publicdate>2025-09-03 05:27:34</publicdate>
  <addeddate>2025-09-03 05:27:34</addeddate>
  <curation>[curator]validator@archive.org[/curator][date]20250903053335[/date][comment]checked for malware[/comment]</curation>
</metadata>
