<?xml version="1.0" encoding="UTF-8"?>
<files>
  <file name="Mario Bros. Fixed Luigi.ips" source="original">
    <mtime>1744748559</mtime>
    <size>16</size>
    <md5>ecd7fdace642ce308007c467937434b1</md5>
    <crc32>559a5897</crc32>
    <sha1>4cd6fb56bb21cb55689185f1d046f8fea9cdf0da</sha1>
    <format>Unknown</format>
    <viruscheck>1744748979</viruscheck>
  </file>
  <file name="Screenshot-2025-04-08-140153.png" source="original">
    <mtime>1744748581</mtime>
    <size>494</size>
    <md5>f45a1d707fb43bda1e990d0271ef02b4</md5>
    <crc32>7f018aa4</crc32>
    <sha1>93ba09792367a49acfb4be5a4a3e8e29ca0c5f03</sha1>
    <format>PNG</format>
  </file>
  <file name="Screenshot-2025-04-08-140153_thumb.jpg" source="derivative">
    <format>JPEG Thumb</format>
    <original>Screenshot-2025-04-08-140153.png</original>
    <mtime>1744749000</mtime>
    <size>7819</size>
    <md5>db1753f139827f614453f3ae24db3036</md5>
    <crc32>e11fd58f</crc32>
    <sha1>939e59e36cb31b0c45363876e9055e2d5235a4c4</sha1>
  </file>
  <file name="__ia_thumb.jpg" source="original">
    <mtime>1744748651</mtime>
    <size>12668</size>
    <md5>0035529d3abf7d485a4bd6cb516cd07d</md5>
    <crc32>a281cd33</crc32>
    <sha1>65bcd4069171182c7f5cbecaddc267425b7ba6c7</sha1>
    <format>Item Tile</format>
  </file>
  <file name="mario-bros.-fixed-luigi_archive.torrent" source="metadata">
    <btih>95c827999a6f2a4d20841caefbc9c024710bf16d</btih>
    <mtime>1744749016</mtime>
    <size>2300</size>
    <md5>0808518be6d91796b112eb94515f89de</md5>
    <crc32>3e2a9725</crc32>
    <sha1>7ff4d1f3f6675607bb280676740b075c05dfd233</sha1>
    <format>Archive BitTorrent</format>
  </file>
  <file name="mario-bros.-fixed-luigi_files.xml" source="original">
    <format>Metadata</format>
    <md5>be4a151edb428f86b478b21baf4dcbcd</md5>
    <summation>md5</summation>
  </file>
  <file name="mario-bros.-fixed-luigi_meta.sqlite" source="original">
    <mtime>1744748616</mtime>
    <size>28672</size>
    <md5>0117bd5e52cdd9704ec150c5d3d58ea3</md5>
    <crc32>6f6c9732</crc32>
    <sha1>105462bf191f24c315f78f4e4c230be8c65b40b4</sha1>
    <format>Metadata</format>
  </file>
  <file name="mario-bros.-fixed-luigi_meta.xml" source="original">
    <mtime>1744748979</mtime>
    <size>1097</size>
    <md5>9fe35c3c551321e5ae8db1ab85a056dc</md5>
    <crc32>9e3d864f</crc32>
    <sha1>d581609614d5e9090a3ad9c872bd35275120c65f</sha1>
    <format>Metadata</format>
  </file>
</files>
