<?xml version="1.0" encoding="UTF-8"?>
<metadata>
  <identifier>mario-bros.-fixed-luigi</identifier>
  <mediatype>data</mediatype>
  <collection>opensource_media</collection>
  <creator>T-Bone112244</creator>
  <date>2025-04-08</date>
  <description>this is a small hack of Mario Bros. that gives Luigi his palette from the “Luigi Bros.” section from Super Mario 3D World.</description>
  <language>eng</language>
  <scanner>Internet Archive HTML5 Uploader 1.7.0</scanner>
  <subject>nes</subject>
  <title>Mario Bros. with Luigi Bros. palette</title>
  <subject>nintendo entertainment system</subject>
  <subject>mario</subject>
  <subject>super mario</subject>
  <subject>mario bros.</subject>
  <subject>romhack</subject>
  <subject>hack</subject>
  <subject>mod</subject>
  <subject>romhacking</subject>
  <uploader>foxytristan.112244@gmail.com</uploader>
  <publicdate>2025-04-15 20:23:17</publicdate>
  <addeddate>2025-04-15 20:23:17</addeddate>
  <curation>[curator]validator@archive.org[/curator][date]20250415202939[/date][comment]checked for malware[/comment]</curation>
</metadata>
