{
  "id": "MAP_ROUTE18",
  "name": "Route18",
  "layout": "LAYOUT_ROUTE18",
  "music": "MUS_ROUTE3",
  "region_map_section": "MAPSEC_ROUTE_18",
  "requires_flash": false,
  "weather": "WEATHER_SUNNY",
  "map_type": "MAP_TYPE_ROUTE",
  "allow_cycling": true,
  "allow_escaping": false,
  "allow_running": true,
  "show_map_name": false,
  "floor_number": 0,
  "battle_scene": "MAP_BATTLE_SCENE_NORMAL",
  "connections": [
    {
      "map": "MAP_ROUTE17",
      "offset": 0,
      "direction": "up"
    },
    {
      "map": "MAP_FUCHSIA_CITY",
      "offset": -8,
      "direction": "right"
    }
  ],
  "object_events": [
    {
      "type": "object",
      "graphics_id": "OBJ_EVENT_GFX_COOLTRAINER_M",
      "x": 42,
      "y": 13,
      "elevation": 3,
      "movement_type": "MOVEMENT_TYPE_FACE_LEFT",
      "movement_range_x": 1,
      "movement_range_y": 1,
      "trainer_type": "TRAINER_TYPE_NORMAL",
      "trainer_sight_or_berry_tree_id": "4",
      "script": "Route18_EventScript_Jacob",
      "flag": "0",
      "in_connection": false
    },
    {
      "type": "object",
      "graphics_id": "OBJ_EVENT_GFX_COOLTRAINER_M",
      "x": 40,
      "y": 15,
      "elevation": 3,
      "movement_type": "MOVEMENT_TYPE_FACE_LEFT",
      "movement_range_x": 1,
      "movement_range_y": 1,
      "trainer_type": "TRAINER_TYPE_NORMAL",
      "trainer_sight_or_berry_tree_id": "3",
      "script": "Route18_EventScript_Ramiro",
      "flag": "0",
      "in_connection": false
    },
    {
      "type": "object",
      "graphics_id": "OBJ_EVENT_GFX_COOLTRAINER_M",
      "x": 36,
      "y": 11,
      "elevation": 3,
      "movement_type": "MOVEMENT_TYPE_FACE_RIGHT",
      "movement_range_x": 1,
      "movement_range_y": 1,
      "trainer_type": "TRAINER_TYPE_NORMAL",
      "trainer_sight_or_berry_tree_id": "3",
      "script": "Route18_EventScript_Wilton",
      "flag": "0",
      "in_connection": false
    }
  ],
  "warp_events": [
    {
      "x": 33,
      "y": 9,
      "elevation": 3,
      "dest_map": "MAP_ROUTE18_EAST_ENTRANCE_1F",
      "dest_warp_id": "3"
    },
    {
      "x": 40,
      "y": 9,
      "elevation": 3,
      "dest_map": "MAP_ROUTE18_EAST_ENTRANCE_1F",
      "dest_warp_id": "4"
    },
    {
      "x": 33,
      "y": 8,
      "elevation": 3,
      "dest_map": "MAP_ROUTE18_EAST_ENTRANCE_1F",
      "dest_warp_id": "0"
    },
    {
      "x": 40,
      "y": 8,
      "elevation": 3,
      "dest_map": "MAP_ROUTE18_EAST_ENTRANCE_1F",
      "dest_warp_id": "1"
    }
  ],
  "coord_events": [

  ],
  "bg_events": [
    {
      "type": "sign",
      "x": 33,
      "y": 5,
      "elevation": 0,
      "player_facing_dir": "BG_EVENT_PLAYER_FACING_ANY",
      "script": "Route18_EventScript_CyclingRoadSign"
    },
    {
      "type": "sign",
      "x": 43,
      "y": 7,
      "elevation": 0,
      "player_facing_dir": "BG_EVENT_PLAYER_FACING_ANY",
      "script": "Route18_EventScript_RouteSign"
    }
  ]
}
