{
  "id": "MAP_CELADON_CITY_DEPARTMENT_STORE_ROOF",
  "name": "CeladonCity_DepartmentStore_Roof",
  "layout": "LAYOUT_CELADON_CITY_DEPARTMENT_STORE_ROOF",
  "music": "MUS_POKE_CENTER",
  "region_map_section": "MAPSEC_CELADON_CITY",
  "requires_flash": false,
  "weather": "WEATHER_NONE",
  "map_type": "MAP_TYPE_INDOOR",
  "allow_cycling": false,
  "allow_escaping": false,
  "allow_running": false,
  "show_map_name": true,
  "floor_number": 127,
  "battle_scene": "MAP_BATTLE_SCENE_NORMAL",
  "connections": 0,
  "object_events": [
    {
      "type": "object",
      "graphics_id": "OBJ_EVENT_GFX_COOLTRAINER_M",
      "x": 10,
      "y": 4,
      "elevation": 3,
      "movement_type": "MOVEMENT_TYPE_FACE_LEFT",
      "movement_range_x": 1,
      "movement_range_y": 1,
      "trainer_type": "TRAINER_TYPE_NONE",
      "trainer_sight_or_berry_tree_id": "0",
      "script": "CeladonCity_DepartmentStore_Roof_EventScript_CooltrainerM",
      "flag": "0",
      "in_connection": false
    },
    {
      "type": "object",
      "graphics_id": "OBJ_EVENT_GFX_LITTLE_GIRL",
      "x": 5,
      "y": 5,
      "elevation": 3,
      "movement_type": "MOVEMENT_TYPE_WANDER_AROUND",
      "movement_range_x": 2,
      "movement_range_y": 1,
      "trainer_type": "TRAINER_TYPE_NONE",
      "trainer_sight_or_berry_tree_id": "0",
      "script": "CeladonCity_DepartmentStore_Roof_EventScript_ThirstyGirl",
      "flag": "0",
      "in_connection": false
    }
  ],
  "warp_events": [
    {
      "x": 15,
      "y": 2,
      "elevation": 3,
      "dest_map": "MAP_CELADON_CITY_DEPARTMENT_STORE_5F",
      "dest_warp_id": "2"
    }
  ],
  "coord_events": [

  ],
  "bg_events": [
    {
      "type": "sign",
      "x": 13,
      "y": 2,
      "elevation": 0,
      "player_facing_dir": "BG_EVENT_PLAYER_FACING_ANY",
      "script": "CeladonCity_DepartmentStore_Roof_EventScript_FloorSign"
    },
    {
      "type": "sign",
      "x": 10,
      "y": 1,
      "elevation": 0,
      "player_facing_dir": "BG_EVENT_PLAYER_FACING_ANY",
      "script": "CeladonCity_DepartmentStore_Roof_EventScript_VendingMachine"
    },
    {
      "type": "sign",
      "x": 11,
      "y": 1,
      "elevation": 0,
      "player_facing_dir": "BG_EVENT_PLAYER_FACING_ANY",
      "script": "CeladonCity_DepartmentStore_Roof_EventScript_VendingMachine"
    },
    {
      "type": "sign",
      "x": 12,
      "y": 2,
      "elevation": 0,
      "player_facing_dir": "BG_EVENT_PLAYER_FACING_ANY",
      "script": "CeladonCity_DepartmentStore_Roof_EventScript_VendingMachine"
    }
  ]
}
