{
  "id": "MAP_NORTHSTAR_CITY_STORAGE_FACILITY",
  "name": "NorthstarCity_StorageFacility",
  "layout": "LAYOUT_NORTHSTAR_CITY_STORAGE_FACILITY",
  "music": "MUS_UNION_CITY",
  "region_map_section": "MAPSEC_NORTHSTAR_CITY",
  "requires_flash": false,
  "weather": "WEATHER_NONE",
  "map_type": "MAP_TYPE_INDOOR",
  "allow_cycling": false,
  "allow_escaping": false,
  "allow_running": true,
  "show_map_name": false,
  "battle_scene": "MAP_BATTLE_SCENE_NORMAL",
  "connections": 0,
  "object_events": [
    {
      "graphics_id": "OBJ_EVENT_GFX_ITEM_BALL",
      "x": 5,
      "y": 2,
      "elevation": 3,
      "movement_type": "MOVEMENT_TYPE_NONE",
      "movement_range_x": 0,
      "movement_range_y": 0,
      "trainer_type": "TRAINER_TYPE_NONE",
      "trainer_sight_or_berry_tree_id": "0",
      "script": "NorthstarCity_EventScript_ItemNestBall",
      "flag": "FLAG_ITEM_NORTHSTAR_CITY_NEST_BALL"
    }
  ],
  "warp_events": [
    {
      "x": 3,
      "y": 7,
      "elevation": 3,
      "dest_map": "MAP_NORTHSTAR_CITY",
      "dest_warp_id": "10"
    },
    {
      "x": 2,
      "y": 7,
      "elevation": 3,
      "dest_map": "MAP_NORTHSTAR_CITY",
      "dest_warp_id": "10"
    }
  ],
  "coord_events": [

  ],
  "bg_events": [

  ]
}
