{
  "id": "MAP_SSANNE_1F_CORRIDOR",
  "name": "SSAnne_1F_Corridor",
  "layout": "LAYOUT_SSANNE_1F_CORRIDOR",
  "music": "MUS_SS_ANNE",
  "region_map_section": "MAPSEC_S_S_ANNE",
  "requires_flash": false,
  "weather": "WEATHER_NONE",
  "map_type": "MAP_TYPE_INDOOR",
  "allow_cycling": false,
  "allow_escaping": false,
  "allow_running": true,
  "show_map_name": true,
  "floor_number": 0,
  "battle_scene": "MAP_BATTLE_SCENE_NORMAL",
  "connections": 0,
  "object_events": [
    {
      "type": "object",
      "graphics_id": "OBJ_EVENT_GFX_SAILOR",
      "x": 27,
      "y": 5,
      "elevation": 3,
      "movement_type": "MOVEMENT_TYPE_LOOK_AROUND",
      "movement_range_x": 1,
      "movement_range_y": 1,
      "trainer_type": "TRAINER_TYPE_NONE",
      "trainer_sight_or_berry_tree_id": "0",
      "script": "SSAnne_1F_Corridor_EventScript_Sailor",
      "flag": "0",
      "in_connection": false
    },
    {
      "type": "object",
      "graphics_id": "OBJ_EVENT_GFX_TEACHY_TV_HOST",
      "x": 12,
      "y": 6,
      "elevation": 3,
      "movement_type": "MOVEMENT_TYPE_WANDER_LEFT_AND_RIGHT",
      "movement_range_x": 1,
      "movement_range_y": 1,
      "trainer_type": "TRAINER_TYPE_NONE",
      "trainer_sight_or_berry_tree_id": "0",
      "script": "SSAnne_1F_Corridor_EventScript_WorkerM",
      "flag": "0",
      "in_connection": false
    }
  ],
  "warp_events": [
    {
      "x": 2,
      "y": 6,
      "elevation": 3,
      "dest_map": "MAP_SSANNE_2F_CORRIDOR",
      "dest_warp_id": "0"
    },
    {
      "x": 27,
      "y": 0,
      "elevation": 3,
      "dest_map": "MAP_SSANNE_EXTERIOR",
      "dest_warp_id": "1"
    },
    {
      "x": 26,
      "y": 0,
      "elevation": 0,
      "dest_map": "MAP_SSANNE_EXTERIOR",
      "dest_warp_id": "1"
    },
    {
      "x": 3,
      "y": 16,
      "elevation": 0,
      "dest_map": "MAP_SSANNE_KITCHEN",
      "dest_warp_id": "0"
    },
    {
      "x": 37,
      "y": 15,
      "elevation": 3,
      "dest_map": "MAP_SSANNE_B1F_CORRIDOR",
      "dest_warp_id": "0"
    },
    {
      "x": 7,
      "y": 8,
      "elevation": 3,
      "dest_map": "MAP_SSANNE_1F_ROOM1",
      "dest_warp_id": "0"
    },
    {
      "x": 11,
      "y": 8,
      "elevation": 3,
      "dest_map": "MAP_SSANNE_1F_ROOM2",
      "dest_warp_id": "0"
    },
    {
      "x": 15,
      "y": 8,
      "elevation": 3,
      "dest_map": "MAP_SSANNE_1F_ROOM3",
      "dest_warp_id": "0"
    },
    {
      "x": 19,
      "y": 8,
      "elevation": 3,
      "dest_map": "MAP_SSANNE_1F_ROOM4",
      "dest_warp_id": "0"
    },
    {
      "x": 23,
      "y": 8,
      "elevation": 3,
      "dest_map": "MAP_SSANNE_1F_ROOM5",
      "dest_warp_id": "0"
    },
    {
      "x": 31,
      "y": 8,
      "elevation": 3,
      "dest_map": "MAP_SSANNE_1F_ROOM7",
      "dest_warp_id": "0"
    },
    {
      "x": 27,
      "y": 10,
      "elevation": 3,
      "dest_map": "MAP_SSANNE_1F_ROOM6",
      "dest_warp_id": "0"
    }
  ],
  "coord_events": [

  ],
  "bg_events": [

  ]
}
