﻿<?xml version="1.0" encoding="utf-8" ?>
<Patches>
    <Patch name="Deep Dungeon Maps Have Constant Partial Light">
        <Description>
            All your Deep Dungeon maps will start dimly lit by default. Map will not update when crystals are dropped. Using ChangeMap() to them with event commands may mess up lighting. Includes fix for TIGER glitch crash.
            Light levels default to one step above zero light. Each higher light level increments by 03 up to a max increment of 09. For example, the light levels for TERMINATE could be:
            F1 (zero light)
            F4 (default)
            F7
            FA
            FD (fully lit).
        </Description>

        <Variable file="MAP_MAP107_GNS" offset="30" default="B0" name="NOGIAS Light Level" />
        <Variable file="MAP_MAP105_GNS" offset="44" default="F4" name="TERMINATE Light Level" />
        <Variable file="MAP_MAP106_GNS" offset="30" default="51" name="DELTA Light Level" />
        <Variable file="MAP_MAP110_GNS" offset="30" default="D0" name="VALKYRIES Light Level" />
        <Variable file="MAP_MAP111_GNS" offset="30" default="2D" name="MLAPAN Light Level" />
        <Variable file="MAP_MAP112_GNS" offset="30" default="8C" name="TIGER Light Level" />
        <Variable file="MAP_MAP109_GNS" offset="30" default="71" name="BRIDGE Light Level" />
        <Variable file="MAP_MAP108_GNS" offset="30" default="10" name="VOYAGE Light Level" />
        <Variable file="MAP_MAP113_GNS" offset="30" default="EA" name="HORROR Light Level" />
        <Variable file="MAP_MAP114_GNS" offset="30" default="4B" name="END Light Level" />

        <!-- Fixes for map glitched second level and crashes https://ffhacktics.com/smf/index.php?topic=12268.msg226249#msg226249 -->
        <Location file="MAP_MAP105_GNS" offset="49" mode="DATA">
            18
        </Location>
        <Location file="MAP_MAP112_GNS" offset="35" mode="DATA">
            18
        </Location>

        <!-- Fix to prevent map from updating when a crystal is dropped -->
        <Location file="BATTLE_BIN" offset="00070d84" mode="ASM" offsetMode="RAM">
                        ori r2, r0, 0x00	# make it so the map can't update when a crystal is laid
		</Location>	
    </Patch>
</Patches>
