<?xml version="1.0" encoding="utf-8" ?> 

<Patches>

    <Patch name="JP awarded as if Gained JP UP is always active">
        <Author> From Glain.xml </Author>
        <Description>
            All gained JP gets the boost that Gained JP UP would have given.  Gained JP UP has no effect.
        </Description>
        
        <Location file="BATTLE_BIN" offset="17E9A4" mode="ASM" offsetMode="RAM"> 
            nop     # overwrites 0017e9a4: 10400006 beq r2,r0,0x0017e9c0	Branch if Unit doesn't have Gained JP Up
	    </Location>
        <Location file="BATTLE_BIN" offset="18DEC0" mode="ASM" offsetMode="RAM">
		    nop
	    </Location>
    </Patch>

    <Patch name="EXP and JP at end of battle (Per enemy) (no KO check)">
        <Author> Extracted from Glain.xml "EXP and JP only at end of battle". Edits by MrGudenheim </Author>
        <Description>
            This version rewards experience per enemy, regardless of each enemy status at end of battle.
            EXP and JP are awarded at end of battle. Calls "Award_EXP_and_JP_for_actions", which is not modified by this hack, which means any dead or petrified units at the end of the battle will not gain exp or jp.
            Recommend using with "Dead units can gain exp" and "Dead units can gain jp" hacks.
            EXP amount (per enemy) = MIN((Base Exp Gain variable + Enemy Level - Unit Level), 1)
            JP amount (per enemy) = Given in the "Award_EXP_and_JP_for_actions" routine. Vanilla formula is (Earned JP) = (Job Lv * 2) + [(Unit's Level / 4) + 8].
            Variables:
                BaseExpGain: Used in above Experience formula (default 18).
                UseEnemyExp: Set to True to use the enemy experience ENTD value instead of BaseExpGain in the above calculation.
                <!-- GiveExpForNonKOEnemy: Set to True to gain experience from enemies not KOed at end of battle. Relevant for assassination battles. NOT IMPLEMENTED -->
        </Description>

        <Variable name="BaseExpGain" bytes="1" default="12" symbol="true" />
        <Variable name="UseEnemyExp" bytes="1" default="00" symbol="true" preset="boolean" />
        
        <Location file="BATTLE_BIN" offset="15D520" mode="ASM" offsetMode="RAM">
            #   Parameters:
            #       a0 = Unit
            #       a1 = IsGuest

            @award_exp_hook:
                    addiu   sp, sp, -32         
                    sw      s0, 4(sp)           # used to store base unit       
                    sw      s1, 8(sp)           # used for storing iterating loop
                    sw      s2, 12(sp)          # used for storing iterated unit
                    sw      s3, 16(sp)          # used for storing unit misc data pointer
                    sw      s4, 20(sp)          # used for storing IsGuest
                    sw      ra, 24(sp)          

                    move    s0, a0              # s0 = base unit
                    move    s4, a1              # s4 = IsGuest
        
                    lbu     a0, 0x18a(s0)       # a0 = (base) Unit ID (ENTD)
                    <!--  https://ffhacktics.com/wiki/Get_Unit_Misc_ID_By_Unit_Index -->
                    jal     0x8008ce20          # returns v0 = Unit Misc ID of specified unit, if unit misc data exists for a unit with the specified index; -1, otherwise # next line will be executed before jumping
                    nop
                    <!--  https://ffhacktics.com/wiki/Get_Unit_Misc_Data_Pointer -->
                    jal     0x8007a6e4          # returns v0 = (Unit misc data pointer) or zero if ID had no corresponding data # next line will be executed before jumping
                    move    a0, v0              # a0 = return of "Get_Unit_Misc_ID_By_Unit_Index"
                    move    s3, v0              # s3 = return of "Get_Unit_Misc_Data_Pointer"
        
                    li      s1, 0               # s1 = 0 (used later for iterating loop)
                    la      s2, 0x801908cc      # s2 = iterated Unit Data start (Unit ID * 0x1c0 for specific location)
                award_exp_hook_loop:
                    move    a0, s2              # a0 = iterated unit
                    <!--  https://ffhacktics.com/wiki/Does_Unit_Have_Status_In_Set -->
                    jal     0x8005e1b0          # returns v0 = true (1) if unit has at least one status in the set, false (0) otherwise # next line will be executed before jumping
                    li      a1, 0               # a1 = 0 (statusSet = KO)
                    lbu     t0, 0x1ba(s2)       # t0 = iterated unit Modified ENTD Flags
                    # beq     v0, zero, award_exp_hook_loop_bottom    # if iterated unit is not KO, skip giving exp and go to next unit (ie. only gain experience per KOed unit) # next line will be executed before jumping
                    nop                         # Replaced above line with nop to allow gaining exp per enemy, regardless of status
                    andi    t0, t0, 0x30                            # t0 = (t0 bitwiseAND 0x30) # t0 = 0x30 if iterated unit team is Light Blue, 0x20 if green, 0x10 if red, 0x00 if blue 
                    beq     t0, zero, award_exp_hook_loop_bottom    # if iterated unit is blue (aka player), skip giving exp and go to next unit (ie. only gain experience per enemy unit)
                    nop
        
                    lbu     t1, 0x22(s2)        #   iterated unit Level
                    lbu     t2, 0x22(s0)        #   base Unit Level
        
                .if %UseEnemyExp
                    lbu     t0, 0x21(s2)        #   iterated unit Experience
                    nop
                    beq     t0, zero, award_exp_hook_loop_check
                    nop
                .endif
    
                    li      t0, %BaseExpGain
        
                award_exp_hook_loop_check:
                    addu    t0, t0, t2          #   Add base unit level
                    subu    t0, t0, t1          #   Subtract iterated unit level
        
                    sltu    t1, zero, t0        # t1 = (0 lessthan ((%BaseExpGain OR iterated unit exp) + Unit Level - Enemy Level)) # in other words t1 = 1 if exp to give is greater than zero
                    bne     t1, zero, award_exp_hook_loop_gain  #   if (t1 != 0) branch # if exp to give is greater than zero, go to award_exp_hook_loop_gain # next line will be executed before jumping
                    li      t1, 1               # t1 = 1
                    li      t0, 1               # t0 = 1
        
                award_exp_hook_loop_gain:        
                    lui     t2, 0x8019      #
                    sb      t1, 0x38e8(t2)  # "can earn Exp/JP" flag = t1 # t1 should = 1 (aka true) since it must be 1 to branch to this function
                    sb      t0, 0x38e7(t2)  # Earned Experience = t0 # awarded later in "Award_EXP_and_JP_for_actions"
        
                    #   Award EXP and JP
                    lbu     a0, 0x18a(s0)   # a0 = base unit ID
                    <!-- https://ffhacktics.com/wiki/Award_EXP_and_JP_for_actions -->
                    jal     0x8017e7e4      # returns v0 = 0 if unit can earn exp/jp, v0 = -1 if unit cannot # next line will be executed before jumping
                    addiu   a1, s3, 0x1b0   # a1 = Misc Unit Data Pointer? + 1b0 [Earned Experience (For Display?)]
        
                    lui     t0, 0x8019
                    sb      zero, 0x38e8(t0) # "can earn Exp/JP" flag = 0
        
                award_exp_hook_loop_bottom:
                    addiu   s1, s1, 1                       # add to loop counter
                    sltiu   t0, s1, 21                      # t0 = 1 as long as s1 less than 0x21 
                    bne     t0, zero, award_exp_hook_loop   # if (t0 != 0) go to award_exp_hook_loop # in other words do the award_exp_hook_loop 32 times # next line will be executed before jumping
                    addiu   s2, s2, 0x1c0                   # s2 = next unit

                award_exp_hook_past_loop:
                    move    a0, s0
                    <!-- https://ffhacktics.com/wiki/Save_Unit_to_Party -->
                    jal     0x80059bb0  # next line will be executed before jumping
                    move    a1, s4      # a1 = IsGuest
        
                    lw      ra, 24(sp)
                    lw      s4, 20(sp)
                    lw      s3, 16(sp)
                    lw      s2, 12(sp)
                    lw      s1, 8(sp)
                    lw      s0, 4(sp)
                    addiu   sp, sp, 32
                    jr      ra
                    nop
        </Location>

        <!-- https://ffhacktics.com/wiki/Post-battle_(0x1c4740) -->  
        <!-- End of battle calls the above (including "Save unit to party" at the end) --> 
        <Location file="EVENT_REQUIRE_OUT" offset="1C48D0" mode="ASM" offsetMode="RAM">
                    jal     @award_exp_hook
        </Location>
    </Patch>

    <Patch name="EXP and JP at end of battle (x5)">
        <Author> Based on "EXP and JP only at end of battle" by Glain. Significant changes by MrGudenheim </Author>
        <Description>
            EXP and JP are awarded at end of battle. Calls "Award_EXP_and_JP_for_actions", which is not modified by this hack, which means any dead or petrified units at the end of the battle will not gain exp or jp.
            Recommend using with "Dead units can gain exp" and "Dead units can gain jp" hacks.
            
            EXP amount = 5 * {ExpToGain + [CatchUpMultiplier * (RamzaLevel - UnitLevel)]}
            JP amount = Given in the "Award_EXP_and_JP_for_actions" routine (5 times). Vanilla formula is (Earned JP) = (Job Lv * 2) + [(Unit's Level / 4) + 8].
            
            Variables:
            ExpToGain (default 18): Used in above equation.
            CatchUpExp (default true): If false, EXP amount = 5 * ExpToGain
            CatchUpMultiplier (default 4): Used in the above EXP equation. Goes up exponentially - a value of 0x02 multiplies by 4, a value of 0x03 multiplies by 8
        </Description>
        
        <Variable name="ExpToGain"         bytes="1" default="12" symbol="true" />
        <Variable name="CatchUpExp"        bytes="1" default="01" symbol="true" preset="boolean" />
        <Variable name="CatchUpMultiplier" bytes="1"  default="02" symbol="true" />
        
        <Location file="BATTLE_BIN" offset="15D520" mode="ASM" offsetMode="RAM">
            #   Parameters:
            #       a0 = Unit
            #       a1 = IsGuest

            @award_exp_hook:
                    addiu   sp, sp, -32         
                    sw      s0, 4(sp)           # used to store base unit 
                    sw      s3, 16(sp)          # used for storing unit misc data pointer
                    sw      s4, 20(sp)          # used for storing IsGuest
                    sw      ra, 24(sp)

                    move    s0, a0              # s0 = base unit
                    move    s4, a1              # s4 = IsGuest
        
                    lbu     a0, 0x18a(s0)       # a0 = (base) Unit ID (ENTD)
                    <!-- https://ffhacktics.com/wiki/Get_Unit_Misc_ID_By_Unit_Index -->
                    jal     0x8008ce20          # returns v0 = Unit Misc ID of specified unit, if unit misc data exists for a unit with the specified index; -1, otherwise # next line will be executed before jumping
                    nop
                    <!-- https://ffhacktics.com/wiki/Get_Unit_Misc_Data_Pointer -->
                    jal     0x8007a6e4          # returns v0 = (Unit misc data pointer) or zero if ID had no corresponding data # next line will be executed before jumping
                    move    a0, v0              # a0 = return of "Get_Unit_Misc_ID_By_Unit_Index"
                    move    s3, v0              # s3 = return of "Get_Unit_Misc_Data_Pointer"

                    li      t1, 1               # t1 = 1
                    lui     t2, 0x8019
                    sb      t1, 0x38e8(t2)      # "can earn Exp/JP" flag = 1
                
                    addu      t4, zero, zero    #   initialize extra exp to zero
                .if %CatchUpExp
                    <!-- https://ffhacktics.com/wiki/World_Stats -->
                    # use Ramza's level
                    li      t3, 0x80057F74      #   unit 1's world data (always Ramza unless another hack does something weird) 
                    lbu     t3, 0x16(t3)        #   unit 1's level
                    
                    # use highest party level https://ffhacktics.com/wiki/Calculate_Highest_Party_Level
                    # li      t3, 0x80066308      #   highest party level # when used instead of Ramza's level, caused bug where units were given very high exp?
                    
                    lbu     t2, 0x22(s0)        #   base Unit Level # https://ffhacktics.com/wiki/Battle_Stats
                    nop                         #   give time for data to load
                    subu    t4, t3, t2          #   RamzaLevel - unit level

                    sll     t4, t4, %CatchUpMultiplier          #   t4 = (HighestPartyLevel - unit level) * (2^CatchUpMultiplier)
                .endif

                award_exp:
                    addiu   t0, zero, %ExpToGain
                    addu    t0, t0, t4          # t0 = ExpToGain + t4

                    lui     t2, 0x8019
                    nop
                    sb      t0, 0x38e7(t2)      # Earned Experience = t0 # awarded later in "Award_EXP_and_JP_for_actions" routine

                    #   Award EXP and JP 1
                    lbu     a0, 0x18a(s0)       # a0 = base unit ID
                    <!-- https://ffhacktics.com/wiki/Award_EXP_and_JP_for_actions -->
                    jal     0x8017e7e4          # returns v0 = 0 if unit can earn exp/jp, v0 = -1 if unit cannot # next line will be executed before jumping
                    addiu   a1, s3, 0x1b0       # a1 = Misc Unit Data Pointer? + 1b0 [Earned Experience (For Display?)]

                    #   Award EXP and JP 2
                    lbu     a0, 0x18a(s0)       
                    jal     0x8017e7e4          
                    addiu   a1, s3, 0x1b0       

                    #   Award EXP and JP 3
                    lbu     a0, 0x18a(s0)       
                    jal     0x8017e7e4          
                    addiu   a1, s3, 0x1b0       

                    #   Award EXP and JP 4
                    lbu     a0, 0x18a(s0)       
                    jal     0x8017e7e4          
                    addiu   a1, s3, 0x1b0       

                    #   Award EXP and JP 5
                    lbu     a0, 0x18a(s0)       
                    jal     0x8017e7e4          
                    addiu   a1, s3, 0x1b0

                    lui     t0, 0x8019
                    sb      zero, 0x38e8(t0)    # "can earn Exp/JP" flag = 0
        
                    move    a0, s0
                    <!-- https://ffhacktics.com/wiki/Save_Unit_to_Party -->
                    jal     0x80059bb0          # next line will be executed before jumping
                    move    a1, s4              # a1 = IsGuest
        
                    lw      ra, 24(sp)
                    lw      s4, 20(sp)
                    lw      s3, 16(sp)
                    lw      s0, 4(sp)
                    addiu   sp, sp, 32
                    jr      ra
                    nop
        </Location>

        <!-- https://ffhacktics.com/wiki/Post-battle_(0x1c4740) -->
        <!-- End of battle calls the above (including "Save unit to party" at the end) -->
        <Location file="EVENT_REQUIRE_OUT" offset="1C48D0" mode="ASM" offsetMode="RAM">
                    jal     @award_exp_hook
        </Location>
    </Patch>

    <Patch name="No EXP or JP from actions">
        <Author> Extracted from Glain.xml "EXP and JP only at end of battle" by MrGudenheim. </Author>
        <Description>
            Exp and jp will not be gained from using actions.
            Can be used with "EXP and JP at end of battle" hack to award jp only at end of battle.
        </Description>

        <!-- In "Main ability loading routine?" (https://ffhacktics.com/wiki/Main_ability_loading_routine) set "can earn Exp/JP" flag = 0. Prevents exp/jp from ever being earned by abilities -->
        <Location file="BATTLE_BIN" offset="17D114" mode="ASM" offsetMode="RAM">
                    sb      zero, 0x38e8(at)    # "can earn Exp/JP" flag = 0
        </Location>
    </Patch>

    <Patch name="Dead units can gain exp">
        <Description>
            When exp is to be awarded to a unit, this hack skips the check if the unit is dead, crystal, petrified, or treasure.
            Recommend using this if also using "EXP and JP at end of battle" so units dead at end of battle still recieve exp.
            (JP has a separate check that needs to be overwritten, see "Dead units can gain jp" hack)
        </Description>
        <Author> MrGudenheim </Author>
        
        <!-- In award EXP/JP for actions (https://ffhacktics.com/wiki/Award_EXP_and_JP_for_actions), don't check if unit is Dead/Crystal or Petrify/Treasure -->
        <Location file="BATTLE_BIN" offset="17E878" offsetMode="RAM" mode="ASM">
                nop
                nop
        </Location>
        <Location file="BATTLE_BIN" offset="17E894" offsetMode="RAM" mode="ASM">
                nop
                nop
        </Location>
    </Patch>

    <Patch name="Dead units can gain jp">
        <Description>
            When jp is to be stored to a unit, this hack skips the check if the unit is dead, crystal, or treasure. This means they can get regular jp and spillover jp.
            The step to store JP only occurs if exp was earned? Recommend using this with "Dead units can gain exp".
            Recommend using this if also using "EXP and JP at end of battle" so units dead at end of battle still recieve exp and jp.
        </Description>
        <Author> MrGudenheim </Author>

        <!-- In Store JP (https://ffhacktics.com/wiki/Store_JP;_Calculate_Unlocked_Jobs), don't check if unit is Dead/Crystal or Petrify/Treasure -->
        <Location file="BATTLE_BIN" offset="17eacc" offsetMode="RAM" mode="ASM">
                nop     # overwrite Branch if Unit is a Crystal/Dead
        </Location>
        <Location file="BATTLE_BIN" offset="17eae0" offsetMode="RAM" mode="ASM">
                nop     # overwrite Branch if Unit is a Treasure
        </Location>
    </Patch>

    <Patch name="Override gain jp formula with constant value">
        <Author> MrGudenheim </Author>
        <Description>
            Gain a set jp amount each time jp is earned. Will override earlier jp calcuations such as the "JP Gain formula" hack. Spillover still occurs. Still affected (or not) by Gained JP Up.
            Default value gives 22jp gained.
        </Description>
        
        <Variable name="JpGain" bytes="2" default="0016" symbol="true" />
        
        <!-- In award EXP/JP for actions (https://ffhacktics.com/wiki/Award_EXP_and_JP_for_actions), overwrite the jp calcuation -->
        <Location file="BATTLE_BIN" offset="17e94c" mode="ASM" offsetMode="RAM">
                addiu r17,r0,%JpGain     # overwrites 0017e94c: 00438821 addu r17,r2,r3		r17 (Earned JP) = (Job Lv * 2) + [(Unit's Level / 4) + 8] 
        </Location>
    </Patch>

    <Patch name="JP Gain formula">
        <Author> Extracted from original by Xjamxx. Variables added by MrGudenheim </Author>
        <Description>
            (Earned JP) = (Job Lv * JobLevelMultiplier) + [(Unit's Level / UnitLevelDivisor) + JpGainBase]
            Default values are vanilla formula: (Earned JP) = (Job Lv * 2) + [(Unit's Level / 4) + 8]
            JobLevelMultiplier and UnitLevelDivisor go up exponentially. A value of 01 multiplies or divides by 2, a value of 03 multiplies or divides by 8.
        </Description>
        
        <Variable name="JobLevelMultiplier" bytes="1"   default="01"    symbol="true" />
        <Variable name="UnitLevelDivisor"   bytes="1"   default="02"    symbol="true" />
        <Variable name="JpGainBase"         bytes="1"   default="08"  symbol="true" />
        
        <!-- https://ffhacktics.com/wiki/Award_EXP_and_JP_for_actions -->
        <Location file="BATTLE_BIN" offset="17E934" mode="ASM" offsetMode="RAM">
                sll v0,s7,%JobLevelMultiplier   #   v0 = Job Lv * (2^JobLevelMultiplier)
                srl v1,s1,%UnitLevelDivisor     #   v1 = Unit's Level / (2^UnitLevelDivisor)
                addiu v1,v1,%JpGainBase         #   v1 = [Unit's Level / (2^UnitLevelDivisor)] + JpGainBase

                # 0017e94c: 00438821 addu r17,r2,r3		r17 (Earned JP) = (Job Lv * 2) + [(Unit's Level / 4) + 8] 
        </Location> 
    </Patch>

    <Patch name="JP + X per Battle">
        <Author> Extracted from Eldiran.xml. Edits by MrGudenheim </Author>
        <Description>
            Adds 'JpToAdd' (default 130) JP to current job of all units at the start of battle. Exists in Move/Jump +X Calculation subroutine (see wiki).
            Code takes place inside SCUS at 5e950   
            Huge thanks to Choto!
        </Description>
        
        <Variable name="JpToAdd" bytes="1"   default="82"    symbol="true" />
        
        <!-- write a jump instruction into https://ffhacktics.com/wiki/Move/Jump_%2BX_Calculation -->
        <Location file="SCUS_942_21" offset="5c8f4" mode="ASM" offsetmode="RAM"> 		
            j 0x0005e950
        </Location>
        <Location file="SCUS_942_21" offset="5e950" mode="ASM" offsetmode="RAM">
            # r4 and r5 from Move/Jump + X Calculation
            # r4 = Unit data pointer 	
            # r5 = Input value   
            
            # I did not fully understand this. Any comments may be incorrect -MrGudenheim 
            lbu r2,0x0003(r4)       # r2 = job id?		
            addiu r3,r0,0x004a      # r3 = 0x004a offset for squire?    	
            addiu r6,r0,0x0013      # r6 = 0x0013 offset for chocobo? less than this is generic?   	
            sub r2,r2,r3            # r2 = job id - 0x004a (squire)?		
            sub r3,r2,r6            # r3 = job id - 0x004a (squire) - 0x0013 (chocobo)?		
            bltz r3,0x00000020      # if (r3 lessthan 0 (if job is generic?)) branch to 8 lines down	(next line is ran first?) 	
            lhu r3,0x0028(r5)       # r3 = job total jp?		
            addu r2,r0,r0           # r2 = 0		
            bltz r2,0x0000001c      # if (r2 lessthan 0) branch to 7 lines down	(next line is ran first)
            add r2,r2,r2            # r2 = r2 + r2		
            addiu r5,r2,0x00dc      # r5 = r2 + 		
            addu r5,r5,r4           # r5 = r5 + unit id		
            lhu r2,0x0000(r5)       # 		
            addiu r3,r3,%JpToAdd    # r3 = r3 + 130 #
            addiu r2,r2,%JpToAdd    # r2 = r2 + 130		
            sh r2,0x0000(r5)        # store jp?		
            sh r3,0x0028(r5)        # store total jp?		
            j 0x0005c8f8            # jump back to Move/Jump +X Calculation	
            lhu r2,0x002a(r4)       #
        </Location>
    </Patch>

    <Patch name="25 Jp at the end of Battle">
        <Author> Orkney. Shared on discord by Kokojo </Author>
        <Description>    25 jp for every unit in battle    </Description>
        
        <Location file="BATTLE_BIN" offset="119F38">
            71520508
            1980093C
        </Location>
        <Location file="BATTLE_BIN" offset="ED9C4">
            E4FFBD27
            1000BFAF
            1400B3AF
            1800B0AF
            CC082435
            00009034
            00001330
            01000292
            FF000334
            06004310
            0D000234
            B50102A2
            FE37060C
            00000436
            1980093C
            0D3920A1
            01007326
            1500622A
            F4FF4014
            C0011026
            1000BF8F
            1400B38F
            1800B08F
            0800E003
            1C00BD27
        </Location>
    </Patch>
    
</Patches>