<?xml version="1.0" encoding="UTF-8"?>
<files>
  <file name="Peach's Fury.bps" source="original">
    <mtime>1644938386</mtime>
    <size>16245133</size>
    <md5>4a721a4bebf86f8ce8550aa148a6a5cf</md5>
    <crc32>2144df1c</crc32>
    <sha1>463ad063c106d2298ee15d6bd274226db3be8899</sha1>
    <format>Unknown</format>
    <viruscheck>1644938428</viruscheck>
  </file>
  <file name="peachs-fury_archive.torrent" source="metadata">
    <btih>6536735278cbeed62912431338cde1de5b54c219</btih>
    <mtime>1644938429</mtime>
    <size>2231</size>
    <md5>606aa4911d0a7ae29fed150e619031ec</md5>
    <crc32>4e2483ea</crc32>
    <sha1>0382a0af232c768873d82ff0abf37928d461a71a</sha1>
    <format>Archive BitTorrent</format>
  </file>
  <file name="peachs-fury_files.xml" source="original">
    <format>Metadata</format>
    <md5>fed24e5878638cb5602163d01d57dcef</md5>
    <summation>md5</summation>
  </file>
  <file name="peachs-fury_meta.sqlite" source="original">
    <mtime>1644938418</mtime>
    <size>20480</size>
    <md5>b37f0612e807ecb943fb1b8fcb737763</md5>
    <crc32>f794a63e</crc32>
    <sha1>8f5cfd8f75cae11864b6452fa57fa2921f5ae104</sha1>
    <format>Metadata</format>
  </file>
  <file name="peachs-fury_meta.xml" source="original">
    <mtime>1644938428</mtime>
    <size>887</size>
    <md5>46248c8566d427d7ee1e23f06505b980</md5>
    <crc32>8b70a535</crc32>
    <sha1>c3c0e0d488273f172dd608b087dfbf53bf5214c6</sha1>
    <format>Metadata</format>
  </file>
</files>
