<?xml version="1.0" encoding="UTF-8"?>
<metadata>
  <identifier>peachs-fury</identifier>
  <mediatype>data</mediatype>
  <collection>opensource_media</collection>
  <creator>Kaze Emanuar</creator>
  <date>2022-02-05</date>
  <description>This is a rom hack gor SM64&lt;div&gt;You can patch your USA Rom on this website:&lt;/div&gt;&lt;div&gt;https://hack64.net/tools/patcher.php&lt;br /&gt;&lt;/div&gt;</description>
  <scanner>Internet Archive HTML5 Uploader 1.6.4</scanner>
  <subject>mario mario64</subject>
  <title>Peach's Fury Super Mario 64 Hack</title>
  <uploader>et_der_ausserirdische@eclipso.it</uploader>
  <collection>community</collection>
  <publicdate>2022-02-15 15:20:13</publicdate>
  <addeddate>2022-02-15 15:20:13</addeddate>
  <curation>[curator]validator@archive.org[/curator][date]20220215152028[/date][comment]checked for malware[/comment]</curation>
</metadata>
