<?xml version="1.0" encoding="UTF-8"?>
<metadata>
  <identifier>terranigma-2-x-enemy-hp</identifier>
  <mediatype>data</mediatype>
  <collection>opensource_media</collection>
  <creator>FaydGamer</creator>
  <date>2025-04-15</date>
  <description>&lt;span style="color:rgb(44,44,44);font-family:'Helvetica Neue', Helvetica, Arial, sans-serif;font-size:14px;background-color:rgb(255,255,255);"&gt;Terranigma Harder Enemys&lt;/span&gt;&lt;div style="color:rgb(44,44,44);font-family:'Helvetica Neue', Helvetica, Arial, sans-serif;font-size:14px;background-color:rgb(255,255,255);"&gt;&lt;br /&gt;&lt;/div&gt;&lt;div style="color:rgb(44,44,44);font-family:'Helvetica Neue', Helvetica, Arial, sans-serif;font-size:14px;background-color:rgb(255,255,255);"&gt;Increased Enemy Hp by 2X&lt;/div&gt;</description>
  <scanner>Internet Archive HTML5 Uploader 1.7.0</scanner>
  <subject>Terranigma Redux</subject>
  <title>Terranigma 2X Enemy Hp</title>
  <uploader>faydpromotions@gmail.com</uploader>
  <publicdate>2025-04-15 16:46:57</publicdate>
  <addeddate>2025-04-15 16:46:57</addeddate>
  <curation>[curator]validator@archive.org[/curator][date]20250415165238[/date][comment]checked for malware[/comment]</curation>
</metadata>
