<?xml version="1.0" encoding="UTF-8"?>
<files>
  <file name="Terranigma 2X Enemy hp.ips" source="original">
    <mtime>1744735547</mtime>
    <size>1101</size>
    <md5>1e4fc4240233d452a09f25d1a08a87e2</md5>
    <crc32>1b471a5b</crc32>
    <sha1>ee1cb347b2ecc9315c6fe87484a30a36a7557359</sha1>
    <format>Unknown</format>
    <viruscheck>1744735958</viruscheck>
  </file>
  <file name="terranigma-2-x-enemy-hp_archive.torrent" source="metadata">
    <btih>1cb564a3c27f7553124248a73f429b782f92857c</btih>
    <mtime>1744735960</mtime>
    <size>1756</size>
    <md5>6e41fcb04611e7b0a6500f7b53c7f1ac</md5>
    <crc32>158ba29c</crc32>
    <sha1>f9641b18bf5f1d3b25cb8004345b302924b4f48e</sha1>
    <format>Archive BitTorrent</format>
  </file>
  <file name="terranigma-2-x-enemy-hp_files.xml" source="original">
    <format>Metadata</format>
    <md5>953765dd40f6b2a6c5b4d3d2b24de90e</md5>
    <summation>md5</summation>
  </file>
  <file name="terranigma-2-x-enemy-hp_meta.sqlite" source="original">
    <mtime>1744735635</mtime>
    <size>20480</size>
    <md5>28dc6bd8f7722cee11af20b8c09796cc</md5>
    <crc32>85b2d4ea</crc32>
    <sha1>2eed9bf05f7ecf622364c3c4c1e7d6851a70531b</sha1>
    <format>Metadata</format>
  </file>
  <file name="terranigma-2-x-enemy-hp_meta.xml" source="original">
    <mtime>1744735959</mtime>
    <size>1222</size>
    <md5>1420effe556ba12a89b94b11988b703e</md5>
    <crc32>c5772abc</crc32>
    <sha1>3e88f81d4a2aac5364be7f846c084d6d9f15ed03</sha1>
    <format>Metadata</format>
  </file>
</files>
