{
  "Bare Fists": "0xb10dc",
  "Monster Vial 1": "0xb1110",
  "Monster Vial 2": "0xb1144",
  "Monster Vial 3": "0xb1178",
  "Shield Rod": "0xb11ac",
  "Leather Shield": "0xb11e0",
  "Knight Shield": "0xb1214",
  "Iron Shield": "0xb1248",
  "Axelord Shield": "0xb127c",
  "Herald Shield": "0xb12b0",
  "Dark Shield": "0xb12e4",
  "Goddess Shield": "0xb1318",
  "Shaman Shield": "0xb134c",
  "Medusa Shield": "0xb1380",
  "Skull Shield": "0xb13b4",
  "Fire Shield": "0xb13e8",
  "Alucard Shield": "0xb141c",
  "Sword of Dawn": "0xb1450",
  "Basilard": "0xb1484",
  "Short Sword": "0xb14b8",
  "Combat Knife": "0xb14ec",
  "Nunchaku": "0xb1520",
  "Were Bane": "0xb1554",
  "Rapier": "0xb1588",
  "Karma Coin": "0xb15bc",
  "Magic Missile": "0xb1720",
  "Red Rust": "0xb1754",
  "Takemitsu": "0xb1788",
  "Shotel": "0xb17bc",
  "Orange": "0xb17f0",
  "Apple": "0xb1824",
  "Banana": "0xb1858",
  "Grapes": "0xb188c",
  "Strawberry": "0xb18c0",
  "Pineapple": "0xb18f4",
  "Peanuts": "0xb1928",
  "Toadstool": "0xb195c",
  "Shiitake": "0xb1990",
  "Cheesecake": "0xb19c4",
  "Shortcake": "0xb19f8",
  "Tart": "0xb1a2c",
  "Parfait": "0xb1a60",
  "Pudding": "0xb1a94",
  "Ice Cream": "0xb1ac8",
  "Frankfurter": "0xb1afc",
  "Hamburger": "0xb1b30",
  "Pizza": "0xb1b64",
  "Cheese": "0xb1b98",
  "Ham And Eggs": "0xb1bcc",
  "Omelette": "0xb1c00",
  "Morning Set": "0xb1c34",
  "Lunch A": "0xb1c68",
  "Lunch B": "0xb1c9c",
  "Curry Rice": "0xb1cd0",
  "Gyros Plate": "0xb1d04",
  "Spaghetti": "0xb1d38",
  "Grape Juice": "0xb1d6c",
  "Barley Tea": "0xb1da0",
  "Green Tea": "0xb1dd4",
  "Natou": "0xb1e08",
  "Ramen": "0xb1e3c",
  "Miso Soup": "0xb1e70",
  "Sushi": "0xb1ea4",
  "Pork Bun": "0xb1ed8",
  "Red Bean Bun": "0xb203c",
  "Chinese Bun": "0xb2070",
  "Dim Sum Set": "0xb20a4",
  "Pot Roast": "0xb20d8",
  "Sirloin": "0xb210c",
  "Turkey": "0xb2140",
  "Meal Ticket": "0xb2174",
  "Neutron Bomb": "0xb21a8",
  "Power of Sire": "0xb21dc",
  "Pentagram": "0xb2210",
  "Bat Pentagram": "0xb2244",
  "Shuriken": "0xb2278",
  "Cross Shuriken": "0xb22ac",
  "Buffalo Star": "0xb22e0",
  "Flame Star": "0xb2314",
  "Tnt": "0xb2348",
  "Bwaka Knife": "0xb237c",
  "Boomerang": "0xb23b0",
  "Javelin": "0xb23e4",
  "Tyrfing": "0xb2418",
  "Namakura": "0xb244c",
  "Knuckle Duster": "0xb2480",
  "Gladius": "0xb24b4",
  "Scimitar": "0xb24e8",
  "Cutlass": "0xb251c",
  "Saber": "0xb2550",
  "Falchion": "0xb2584",
  "Broadsword": "0xb25b8",
  "Bekatowa": "0xb25ec",
  "Damascus Sword": "0xb2620",
  "Hunter Sword": "0xb2654",
  "Estoc": "0xb2688",
  "Bastard Sword": "0xb26bc",
  "Jewel Knuckles": "0xb26f0",
  "Claymore": "0xb2724",
  "Talwar": "0xb2758",
  "Katana": "0xb278c",
  "Flamberge": "0xb27c0",
  "Iron Fist": "0xb27f4",
  "Zwei Hander": "0xb2828",
  "Sword of Hador": "0xb298c",
  "Luminus": "0xb29c0",
  "Harper": "0xb29f4",
  "Obsidian Sword": "0xb2a28",
  "Gram": "0xb2a5c",
  "Jewel Sword": "0xb2a90",
  "Mormegil": "0xb2ac4",
  "Firebrand": "0xb2af8",
  "Thunderbrand": "0xb2b2c",
  "Icebrand": "0xb2b60",
  "Stone Sword": "0xb2b94",
  "Holy Sword": "0xb2bc8",
  "Terminus Est": "0xb2bfc",
  "Marsil": "0xb2c30",
  "Dark Blade": "0xb2c64",
  "Heaven Sword": "0xb2c98",
  "Fist of Tulkas": "0xb2ccc",
  "Gurthang": "0xb2d00",
  "Mourneblade": "0xb2d34",
  "Alucard Sword": "0xb2d68",
  "Mablung Sword": "0xb2d9c",
  "Badelaire": "0xb2dd0",
  "Sword Familiar": "0xb2e04",
  "Great Sword": "0xb2e38",
  "Mace": "0xb2e6c",
  "Morningstar": "0xb2ea0",
  "Holy Rod": "0xb2ed4",
  "Star Flail": "0xb2f08",
  "Moon Rod": "0xb2f3c",
  "Chakram": "0xb2f70",
  "Fire Boomerang": "0xb2fa4",
  "Iron Ball": "0xb2fd8",
  "Holbein Dagger": "0xb300c",
  "Blue Knuckles": "0xb3040",
  "Dynamite": "0xb3074",
  "Osafune Katana": "0xb30a8",
  "Masamune": "0xb30dc",
  "Muramasa": "0xb3110",
  "Heart Refresh": "0xb3144",
  "Runesword": "0xb32a8",
  "Antivenom": "0xb32dc",
  "Uncurse": "0xb3310",
  "Life Apple": "0xb3344",
  "Hammer": "0xb3378",
  "Str. Potion": "0xb33ac",
  "Luck Potion": "0xb33e0",
  "Smart Potion": "0xb3414",
  "Attack Potion": "0xb3448",
  "Shield Potion": "0xb347c",
  "Resist Fire": "0xb34b0",
  "Resist Thunder": "0xb34e4",
  "Resist Ice": "0xb3518",
  "Resist Stone": "0xb354c",
  "Resist Holy": "0xb3580",
  "Resist Dark": "0xb35b4",
  "Potion": "0xb35e8",
  "High Potion": "0xb361c",
  "Elixir": "0xb3650",
  "Manna Prism": "0xb3684",
  "Vorpal Blade": "0xb36b8",
  "Crissaegrim": "0xb36ec",
  "Yasutsuna": "0xb3720",
  "Library Card": "0xb3754",
  "Alucart Shield": "0xb3788",
  "Alucart Sword": "0xb37bc",
  "Holy Rod Special": "0xb3824",
  "Star Flail Special": "0xb3858",
  "Moon Rod Special": "0xb388c",
  "Shield Rod Special": "0xb38c0",
  "Basilard Special": "0xb38f4",
  "Combat Knife Special": "0xb3928",
  "Shotel Special": "0xb395c",
  "Sword of Dawn Special": "0xb3990",
  "Thunderbrand Special": "0xb39c4",
  "Firebrand Special": "0xb39f8",
  "Marsil Special": "0xb3a2c",
  "Icebrand Special": "0xb3a60",
  "Claymore Thrust": "0xb3bc4",
  "Flamberge Thrust": "0xb3bf8",
  "Zwei Hander Thrust": "0xb3c2c",
  "Obsidian Sword Thrust": "0xb3c60",
  "Iron Fist Special": "0xb3c94",
  "Fist of Tulkas Special": "0xb3cc8",
  "Fist of Tulkas Fireball": "0xb3cfc",
  "Katana Special": "0xb3d30",
  "Were Bane Special": "0xb3d64",
  "Rapier Special": "0xb3d98",
  "Osafune Katana Special": "0xb3dcc",
  "Osafune Katana Warp": "0xb3e00",
  "Masamune Warp": "0xb3e34",
  "Gurthang Special": "0xb3e68",
  "Holy Sword Special": "0xb3e9c",
  "Alucard Sword Warp": "0xb3ed0",
  "Jewel Sword Special": "0xb3f04",
  "Heaven Sword Special": "0xb3fd4",
  "Leather Shield Spell": "0xb4008",
  "Knight Shield Spell": "0xb403c",
  "Iron Shield Spell": "0xb4070",
  "Axelord Shield Spell": "0xb40a4",
  "Herald Shield Spell": "0xb40d8",
  "Dark Shield Spell": "0xb410c",
  "Goddess Shield Spell": "0xb4140",
  "Shaman Shield Spell": "0xb4174",
  "Medusa Shield Spell": "0xb41a8",
  "Skull Shield Spell": "0xb41dc",
  "Fire Shield Spell": "0xb4210",
  "Alucard Shield Spell": "0xb4244",
  "Alucart Shield Spell": "0xb4278"
}