{
  "id": "MAP_PORT_BALINA",
  "name": "PortBalina",
  "layout": "LAYOUT_PORT_BALINA",
  "music": "MUS_ABANDONED_MUSEUM",
  "region_map_section": "MAPSEC_PORT_BALINA",
  "requires_flash": false,
  "weather": "WEATHER_NONE",
  "map_type": "MAP_TYPE_TOWN",
  "allow_cycling": true,
  "allow_escaping": false,
  "allow_running": true,
  "show_map_name": true,
  "battle_scene": "MAP_BATTLE_SCENE_NORMAL",
  "connections": 0,
  "object_events": [

  ],
  "warp_events": [
    {
      "x": 23,
      "y": 5,
      "elevation": 0,
      "dest_map": "MAP_PORT_BALINA",
      "dest_warp_id": "0"
    }
  ],
  "coord_events": [

  ],
  "bg_events": [

  ]
}
