{
  "id": "MAP_FIERY_PATH",
  "name": "FieryPath",
  "layout": "LAYOUT_FIERY_PATH",
  "music": "MUS_PETALBURG_WOODS",
  "region_map_section": "MAPSEC_FIERY_PATH",
  "requires_flash": false,
  "weather": "WEATHER_NONE",
  "map_type": "MAP_TYPE_UNDERGROUND",
  "allow_cycling": true,
  "allow_escaping": true,
  "allow_running": true,
  "show_map_name": true,
  "battle_scene": "MAP_BATTLE_SCENE_NORMAL",
  "connections": 0,
  "object_events": [
    {
      "graphics_id": "OBJ_EVENT_GFX_ITEM_BALL",
      "x": 8,
      "y": 3,
      "elevation": 3,
      "movement_type": "MOVEMENT_TYPE_LOOK_AROUND",
      "movement_range_x": 1,
      "movement_range_y": 1,
      "trainer_type": "TRAINER_TYPE_NONE",
      "trainer_sight_or_berry_tree_id": "ITEM_TM_TOXIC",
      "script": "Common_EventScript_FindItem",
      "flag": "FLAG_ITEM_FIERY_PATH_TM_TOXIC"
    },
    {
      "graphics_id": "OBJ_EVENT_GFX_PUSHABLE_BOULDER",
      "x": 10,
      "y": 15,
      "elevation": 3,
      "movement_type": "MOVEMENT_TYPE_LOOK_AROUND",
      "movement_range_x": 0,
      "movement_range_y": 0,
      "trainer_type": "TRAINER_TYPE_NONE",
      "trainer_sight_or_berry_tree_id": "0",
      "script": "EventScript_StrengthBoulder",
      "flag": "FLAG_TEMP_11"
    },
    {
      "graphics_id": "OBJ_EVENT_GFX_PUSHABLE_BOULDER",
      "x": 17,
      "y": 15,
      "elevation": 3,
      "movement_type": "MOVEMENT_TYPE_LOOK_AROUND",
      "movement_range_x": 0,
      "movement_range_y": 0,
      "trainer_type": "TRAINER_TYPE_NONE",
      "trainer_sight_or_berry_tree_id": "0",
      "script": "EventScript_StrengthBoulder",
      "flag": "FLAG_TEMP_12"
    },
    {
      "graphics_id": "OBJ_EVENT_GFX_PUSHABLE_BOULDER",
      "x": 8,
      "y": 11,
      "elevation": 3,
      "movement_type": "MOVEMENT_TYPE_LOOK_AROUND",
      "movement_range_x": 0,
      "movement_range_y": 0,
      "trainer_type": "TRAINER_TYPE_NONE",
      "trainer_sight_or_berry_tree_id": "0",
      "script": "EventScript_StrengthBoulder",
      "flag": "FLAG_TEMP_13"
    },
    {
      "graphics_id": "OBJ_EVENT_GFX_PUSHABLE_BOULDER",
      "x": 3,
      "y": 12,
      "elevation": 3,
      "movement_type": "MOVEMENT_TYPE_LOOK_AROUND",
      "movement_range_x": 0,
      "movement_range_y": 0,
      "trainer_type": "TRAINER_TYPE_NONE",
      "trainer_sight_or_berry_tree_id": "0",
      "script": "EventScript_StrengthBoulder",
      "flag": "FLAG_TEMP_14"
    },
    {
      "graphics_id": "OBJ_EVENT_GFX_PUSHABLE_BOULDER",
      "x": 6,
      "y": 23,
      "elevation": 3,
      "movement_type": "MOVEMENT_TYPE_LOOK_AROUND",
      "movement_range_x": 0,
      "movement_range_y": 0,
      "trainer_type": "TRAINER_TYPE_NONE",
      "trainer_sight_or_berry_tree_id": "0",
      "script": "EventScript_StrengthBoulder",
      "flag": "FLAG_TEMP_15"
    },
    {
      "graphics_id": "OBJ_EVENT_GFX_PUSHABLE_BOULDER",
      "x": 5,
      "y": 24,
      "elevation": 3,
      "movement_type": "MOVEMENT_TYPE_LOOK_AROUND",
      "movement_range_x": 0,
      "movement_range_y": 0,
      "trainer_type": "TRAINER_TYPE_NONE",
      "trainer_sight_or_berry_tree_id": "0",
      "script": "EventScript_StrengthBoulder",
      "flag": "FLAG_TEMP_16"
    },
    {
      "graphics_id": "OBJ_EVENT_GFX_ITEM_BALL",
      "x": 7,
      "y": 32,
      "elevation": 3,
      "movement_type": "MOVEMENT_TYPE_LOOK_AROUND",
      "movement_range_x": 1,
      "movement_range_y": 1,
      "trainer_type": "TRAINER_TYPE_NONE",
      "trainer_sight_or_berry_tree_id": "ITEM_FIRE_STONE",
      "script": "Common_EventScript_FindItem",
      "flag": "FLAG_ITEM_FIERY_PATH_FIRE_STONE"
    }
  ],
  "warp_events": [
    {
      "x": 26,
      "y": 36,
      "elevation": 3,
      "dest_map": "MAP_ROUTE112",
      "dest_warp_id": "4"
    },
    {
      "x": 26,
      "y": 4,
      "elevation": 3,
      "dest_map": "MAP_ROUTE112",
      "dest_warp_id": "5"
    }
  ],
  "coord_events": [
    {
      "type": "trigger",
      "x": 10,
      "y": 15,
      "elevation": 3,
      "var": "VAR_FIERY_PATH_BOULDERS_STATE",
      "var_value": "0",
      "script": "FieryPath_EventScript_BoulderTrigger1"
    },
    {
      "type": "trigger",
      "x": 10,
      "y": 14,
      "elevation": 3,
      "var": "VAR_FIERY_PATH_BOULDERS_STATE",
      "var_value": "0",
      "script": "FieryPath_EventScript_BoulderTrigger2"
    },
    {
      "type": "trigger",
      "x": 12,
      "y": 11,
      "elevation": 3,
      "var": "VAR_FIERY_PATH_BOULDERS_STATE",
      "var_value": "0",
      "script": "FieryPath_EventScript_BoulderTrigger3"
    },
    {
      "type": "trigger",
      "x": 6,
      "y": 22,
      "elevation": 3,
      "var": "VAR_FIERY_PATH_BOULDERS_STATE",
      "var_value": "0",
      "script": "FieryPath_EventScript_BoulderTrigger4"
    },
    {
      "type": "trigger",
      "x": 7,
      "y": 23,
      "elevation": 3,
      "var": "VAR_FIERY_PATH_BOULDERS_STATE",
      "var_value": "0",
      "script": "FieryPath_EventScript_BoulderTrigger5"
    },
    {
      "type": "trigger",
      "x": 5,
      "y": 21,
      "elevation": 3,
      "var": "VAR_FIERY_PATH_BOULDERS_STATE",
      "var_value": "0",
      "script": "FieryPath_EventScript_BoulderTrigger6"
    }
  ],
  "bg_events": [

  ]
}
