{
  "Summon Spirit": "0xb5254",
  "Hellfire": "0xb5270",
  "Tetra Spirit": "0xb528c",
  "Dark Metamorphosis": "0xb52a8",
  "Soul Steal": "0xb52c4",
  "Wing Smash": "0xb52e0",
  "Sword Brothers": "0xb52fc",
  "Fire of Bat": "0xb5334",
  "Force of Echo": "0xb5350",
  "Wolf Dash Bite": "0xb536c",
  "Gas Cloud": "0xb5388",
  "Wolf Dash": "0xb53a4",
  "Wolf Bite": "0xb53c0",
  "Bat Familiar": "0xb53dc",
  "Bat Familiar Fire": "0xb53f8",
  "Ghost Familiar 1": "0xb5414",
  "Ghost Familiar 2": "0xb5430",
  "Sword Familiar 1": "0xb544c",
  "Sword Familiar 2": "0xb5468",
  "Sword Familiar 3": "0xb5484",
  "Devil Familiar 1": "0xb54a0",
  "Devil Familiar 2": "0xb54bc",
  "Devil Familiar Fire": "0xb54d8",
  "Devil Familiar Ice": "0xb54f4",
  "Devil Familiar Thunder": "0xb5510",
  "Devil Familiar Super Thunder": "0xb552c"
}