{
  "id": "MAP_ROCKET_HIDEOUT_B4F",
  "name": "RocketHideout_B4F",
  "layout": "LAYOUT_ROCKET_HIDEOUT_B4F",
  "music": "MUS_ROCKET_HIDEOUT",
  "region_map_section": "MAPSEC_ROCKET_HIDEOUT",
  "requires_flash": false,
  "weather": "WEATHER_NONE",
  "map_type": "MAP_TYPE_INDOOR",
  "allow_cycling": false,
  "allow_escaping": true,
  "allow_running": true,
  "show_map_name": true,
  "floor_number": -4,
  "battle_scene": "MAP_BATTLE_SCENE_INDOOR_2",
  "connections": 0,
  "object_events": [
    {
      "type": "object",
      "graphics_id": "OBJ_EVENT_GFX_GIOVANNI",
      "x": 17,
      "y": 3,
      "elevation": 3,
      "movement_type": "MOVEMENT_TYPE_FACE_DOWN",
      "movement_range_x": 1,
      "movement_range_y": 1,
      "trainer_type": "TRAINER_TYPE_NONE",
      "trainer_sight_or_berry_tree_id": "0",
      "script": "RocketHideout_B4F_EventScript_Giovanni",
      "flag": "FLAG_HIDE_HIDEOUT_GIOVANNI",
      "in_connection": false
    },
    {
      "type": "object",
      "graphics_id": "OBJ_EVENT_GFX_ITEM_BALL",
      "x": 17,
      "y": 2,
      "elevation": 3,
      "movement_type": "MOVEMENT_TYPE_FACE_DOWN",
      "movement_range_x": 1,
      "movement_range_y": 1,
      "trainer_type": "TRAINER_TYPE_NONE",
      "trainer_sight_or_berry_tree_id": "0",
      "script": "RocketHideout_B4F_EventScript_SilphScope",
      "flag": "FLAG_HIDE_SILPH_SCOPE",
      "in_connection": false
    },
    {
      "type": "object",
      "graphics_id": "OBJ_EVENT_GFX_ROCKET_M",
      "x": 3,
      "y": 2,
      "elevation": 3,
      "movement_type": "MOVEMENT_TYPE_FACE_DOWN",
      "movement_range_x": 1,
      "movement_range_y": 1,
      "trainer_type": "TRAINER_TYPE_NORMAL",
      "trainer_sight_or_berry_tree_id": "1",
      "script": "RocketHideout_B4F_EventScript_Grunt1",
      "flag": "FLAG_HIDE_MISC_KANTO_ROCKETS",
      "in_connection": false
    },
    {
      "type": "object",
      "graphics_id": "OBJ_EVENT_GFX_ITEM_BALL",
      "x": 2,
      "y": 2,
      "elevation": 3,
      "movement_type": "MOVEMENT_TYPE_FACE_DOWN",
      "movement_range_x": 1,
      "movement_range_y": 1,
      "trainer_type": "TRAINER_TYPE_NONE",
      "trainer_sight_or_berry_tree_id": "0",
      "script": "RocketHideout_B4F_EventScript_LiftKey",
      "flag": "FLAG_HIDE_LIFT_KEY",
      "in_connection": false
    },
    {
      "type": "object",
      "graphics_id": "OBJ_EVENT_GFX_ROCKET_M",
      "x": 18,
      "y": 12,
      "elevation": 3,
      "movement_type": "MOVEMENT_TYPE_FACE_DOWN",
      "movement_range_x": 1,
      "movement_range_y": 1,
      "trainer_type": "TRAINER_TYPE_NORMAL",
      "trainer_sight_or_berry_tree_id": "0",
      "script": "RocketHideout_B4F_EventScript_Grunt3",
      "flag": "FLAG_HIDE_MISC_KANTO_ROCKETS",
      "in_connection": false
    },
    {
      "type": "object",
      "graphics_id": "OBJ_EVENT_GFX_ROCKET_M",
      "x": 15,
      "y": 12,
      "elevation": 3,
      "movement_type": "MOVEMENT_TYPE_FACE_DOWN",
      "movement_range_x": 1,
      "movement_range_y": 1,
      "trainer_type": "TRAINER_TYPE_NORMAL",
      "trainer_sight_or_berry_tree_id": "0",
      "script": "RocketHideout_B4F_EventScript_Grunt2",
      "flag": "FLAG_HIDE_MISC_KANTO_ROCKETS",
      "in_connection": false
    },
    {
      "type": "object",
      "graphics_id": "OBJ_EVENT_GFX_ITEM_BALL",
      "x": 1,
      "y": 4,
      "elevation": 3,
      "movement_type": "MOVEMENT_TYPE_FACE_DOWN",
      "movement_range_x": 1,
      "movement_range_y": 1,
      "trainer_type": "TRAINER_TYPE_NONE",
      "trainer_sight_or_berry_tree_id": "0",
      "script": "RocketHideout_B4F_EventScript_ItemTM02",
      "flag": "FLAG_HIDE_ROCKET_HIDEOUT_B4F_TM02",
      "in_connection": false
    },
    {
      "type": "object",
      "graphics_id": "OBJ_EVENT_GFX_ITEM_BALL",
      "x": 2,
      "y": 12,
      "elevation": 0,
      "movement_type": "MOVEMENT_TYPE_FACE_DOWN",
      "movement_range_x": 1,
      "movement_range_y": 1,
      "trainer_type": "TRAINER_TYPE_NONE",
      "trainer_sight_or_berry_tree_id": "0",
      "script": "RocketHideout_B4F_EventScript_ItemHPUp",
      "flag": "FLAG_HIDE_ROCKET_HIDEOUT_B4F_HP_UP",
      "in_connection": false
    },
    {
      "type": "object",
      "graphics_id": "OBJ_EVENT_GFX_ITEM_BALL",
      "x": 4,
      "y": 20,
      "elevation": 0,
      "movement_type": "MOVEMENT_TYPE_FACE_DOWN",
      "movement_range_x": 1,
      "movement_range_y": 1,
      "trainer_type": "TRAINER_TYPE_NONE",
      "trainer_sight_or_berry_tree_id": "0",
      "script": "RocketHideout_B4F_EventScript_ItemIron",
      "flag": "FLAG_HIDE_ROCKET_HIDEOUT_B4F_IRON",
      "in_connection": false
    }
  ],
  "warp_events": [
    {
      "x": 11,
      "y": 10,
      "elevation": 3,
      "dest_map": "MAP_ROCKET_HIDEOUT_B3F",
      "dest_warp_id": "1"
    },
    {
      "x": 17,
      "y": 15,
      "elevation": 0,
      "dest_map": "MAP_ROCKET_HIDEOUT_ELEVATOR",
      "dest_warp_id": "0"
    },
    {
      "x": 16,
      "y": 15,
      "elevation": 0,
      "dest_map": "MAP_ROCKET_HIDEOUT_ELEVATOR",
      "dest_warp_id": "0"
    }
  ],
  "coord_events": [

  ],
  "bg_events": [
    {
      "type": "hidden_item",
      "x": 17,
      "y": 1,
      "elevation": 0,
      "item": "ITEM_SUPER_POTION",
      "flag": "FLAG_HIDDEN_ITEM_ROCKET_HIDEOUT_B4F_SUPER_POTION",
      "quantity": 1,
      "underfoot": false
    }
  ]
}
