<wiidisc version="1" root="">
  <id game="RZT" />
  <region type="E" />
  <options>
    <section name="WSR Swordplay Showdown Wild Mode">
      <option name="Swordplay Showdown Wild Mode">
        <choice name="Wild Stages">
          <patch id="swf100miiswildstages" />
        </choice>
      </option>
    </section>
  </options>
 <patch id="swf100miiswildstages">
    <file disc="/Stage/SwfScene/Kumite.carc" external="/WSR Swordplay Showdown 100 Miis Wild Stages/SwfScene/KumiteWild100.carc" offset="" />
  </patch>
</wiidisc>