<?xml version="1.0" encoding="UTF-8"?>
<files>
  <file name="Beta Reborn! (DEMO).bps" source="original">
    <mtime>1708987892</mtime>
    <size>2941450</size>
    <md5>502f5da44d08d0f6af8ea07b4bf1a087</md5>
    <crc32>2144df1c</crc32>
    <sha1>ad942f2487a3243ecfc96c91bbb12e20ecfc5497</sha1>
    <format>Unknown</format>
    <viruscheck>1708988229</viruscheck>
  </file>
  <file name="beta-reborn-demo_archive.torrent" source="metadata">
    <btih>0599d175b4b85150c63d92a1a440a8fc7cae44ed</btih>
    <mtime>1708988231</mtime>
    <size>1793</size>
    <md5>80f271fd710e9d1d8ba9510fa538f0b7</md5>
    <crc32>08bdf8f4</crc32>
    <sha1>14dd7ea3a8288abeb86265f6ab23ca200b073c0e</sha1>
    <format>Archive BitTorrent</format>
  </file>
  <file name="beta-reborn-demo_files.xml" source="original">
    <format>Metadata</format>
    <md5>24a50aa469b653dabf57ff129cdfd03f</md5>
    <summation>md5</summation>
  </file>
  <file name="beta-reborn-demo_meta.sqlite" source="original">
    <mtime>1708987915</mtime>
    <size>20480</size>
    <md5>34b232ea44567b51dc5856975d43dffd</md5>
    <crc32>2930cdd4</crc32>
    <sha1>018f96c8f69e7c47b1773d82f7b96fd60bf294bd</sha1>
    <format>Metadata</format>
  </file>
  <file name="beta-reborn-demo_meta.xml" source="original">
    <mtime>1708988229</mtime>
    <size>823</size>
    <md5>8f1ab0f1b8f2b9861b54b2519fab6af8</md5>
    <crc32>02e73b50</crc32>
    <sha1>eb214dee70d58ad30c4442292ac13907fd4f3dc6</sha1>
    <format>Metadata</format>
  </file>
</files>
