<?xml version="1.0" encoding="UTF-8"?>
<metadata>
  <identifier>beta-reborn-demo</identifier>
  <mediatype>software</mediatype>
  <collection>open_source_software</collection>
  <creator>Sync</creator>
  <date>2024</date>
  <description>This is my romhack! I put a lot of effort of this one!&lt;div&gt;&lt;br /&gt;&lt;/div&gt;&lt;div&gt;YT - @dasync64&lt;/div&gt;</description>
  <language>eng</language>
  <scanner>Internet Archive HTML5 Uploader 1.7.0</scanner>
  <subject>Super Mario 64</subject>
  <title>Beta Reborn! (DEMO)</title>
  <uploader>benjaminnoahcardozo@gmail.com</uploader>
  <publicdate>2024-02-26 22:51:49</publicdate>
  <addeddate>2024-02-26 22:51:49</addeddate>
  <curation>[curator]validator@archive.org[/curator][date]20240226225709[/date][comment]checked for malware[/comment]</curation>
</metadata>
