<?xml version="1.0" encoding="UTF-8"?>
<files>
  <file name="Nosferatu - Arcade Action readme.txt" source="original">
    <mtime>1757730672</mtime>
    <size>2015</size>
    <md5>931389add361e8166504d8dd2a2e982f</md5>
    <crc32>aef7233a</crc32>
    <sha1>ea7b8353716258aad026590126028a4c66e8bc90</sha1>
    <format>Text</format>
    <viruscheck>1757731010</viruscheck>
  </file>
  <file name="Nosferatu - Arcade Action.ips" source="original">
    <mtime>1757705614</mtime>
    <size>26705</size>
    <md5>631b2ac83669eea3371a27374f474065</md5>
    <crc32>a3e00b01</crc32>
    <sha1>fcbc66eaf1a162ff42487fb78e26490e9ba0a36a</sha1>
    <format>Unknown</format>
    <viruscheck>1757706000</viruscheck>
  </file>
  <file name="Nosferatu title.png" source="original">
    <mtime>1757706632</mtime>
    <size>26982</size>
    <md5>7bbb2b794fd7f0c60940e4765f514b8e</md5>
    <crc32>0fc37058</crc32>
    <sha1>5829bc7befdcd8b5e8bd844d4a02cb024e72c8db</sha1>
    <format>PNG</format>
  </file>
  <file name="Nosferatu title_thumb.jpg" source="derivative">
    <format>JPEG Thumb</format>
    <original>Nosferatu title.png</original>
    <mtime>1757707207</mtime>
    <size>10065</size>
    <md5>051dcb122b00df5a14f4eb0c9756af4d</md5>
    <crc32>257d3612</crc32>
    <sha1>fe047e3f61aad497b668c98647bdbed4a9b61bf6</sha1>
  </file>
  <file name="__ia_thumb.jpg" source="original">
    <mtime>1757707171</mtime>
    <size>14831</size>
    <md5>a9413f1d0ca5aae9073d2a0040fb6ac2</md5>
    <crc32>1c2ba1b4</crc32>
    <sha1>738367241cdf254b567bf2cbcee49726566c2892</sha1>
    <format>Item Tile</format>
  </file>
  <file name="nosferatu-arcade-action_archive.torrent" source="metadata">
    <btih>9b09a46eabe01d5410c4fcb2a9bcfb3fee84d082</btih>
    <mtime>1757730691</mtime>
    <size>2470</size>
    <md5>e5c0aea8b473f0d7e84eb99255366858</md5>
    <crc32>626a8a06</crc32>
    <sha1>cdaa273169b03dd0eea95f282d55d7eabd55dd0d</sha1>
    <format>Archive BitTorrent</format>
  </file>
  <file name="nosferatu-arcade-action_files.xml" source="original">
    <format>Metadata</format>
    <md5>b984f367dfd98a7ad3bddf237a514ea1</md5>
    <summation>md5</summation>
  </file>
  <file name="nosferatu-arcade-action_meta.sqlite" source="original">
    <mtime>1757730687</mtime>
    <size>20480</size>
    <md5>ebe360c0e9d83c3c4506c24dff2576ab</md5>
    <crc32>652d1012</crc32>
    <sha1>691e87d2c4d242f33f49442dfc0ec91f937059fc</sha1>
    <format>Metadata</format>
  </file>
  <file name="nosferatu-arcade-action_meta.xml" source="original">
    <mtime>1757706000</mtime>
    <size>785</size>
    <md5>10018446dc0973c42f395d4cc7109338</md5>
    <crc32>ea1a1d03</crc32>
    <sha1>1e6dfe946621392265c45184d5cea6c0ffdb7110</sha1>
    <format>Metadata</format>
  </file>
</files>
