<?xml version="1.0" encoding="UTF-8"?>
<metadata>
  <identifier>nosferatu-arcade-action</identifier>
  <mediatype>software</mediatype>
  <collection>open_source_software</collection>
  <creator>advancedpillow</creator>
  <date>2025-09-12</date>
  <description>Nosferatu (SNES) mod</description>
  <scanner>Internet Archive HTML5 Uploader 1.7.0</scanner>
  <subject>nosferatu</subject>
  <title>Nosferatu - Arcade Action</title>
  <subject>snes</subject>
  <subject>romhack</subject>
  <subject>mod</subject>
  <uploader>ovthreow45@gmail.com</uploader>
  <publicdate>2025-09-12 19:33:50</publicdate>
  <addeddate>2025-09-12 19:33:50</addeddate>
  <curation>[curator]validator@archive.org[/curator][date]20250912194000[/date][comment]checked for malware[/comment]</curation>
</metadata>
