<?xml version="1.0" encoding="UTF-8"?>
<metadata>
  <identifier>patch_202505</identifier>
  <mediatype>software</mediatype>
  <collection>open_source_software</collection>
  <description>&lt;div&gt;IPS and BPS patch files for Super LUEshi World 4.02.4 ROM Hack, based on SMW for SNES&lt;/div&gt;&lt;div&gt;&lt;br /&gt;&lt;/div&gt;&lt;div&gt;downloaded from&lt;/div&gt;&lt;div&gt;&lt;br /&gt;&lt;/div&gt;&lt;div&gt;https://smwdb.me/db/8/8ab1425b915f14b802d863840de09ea725505980/index.htm&lt;/div&gt;&lt;div&gt;&lt;br /&gt;&lt;/div&gt;&lt;div&gt;see also https://archive.org/details/super-lueshi-world-v-4.02.4-by-lueshi-402-smw-hack&lt;/div&gt;</description>
  <scanner>Internet Archive HTML5 Uploader 1.7.0</scanner>
  <subject>lue</subject>
  <subject>luelinks</subject>
  <subject>lueshi</subject>
  <subject>rom</subject>
  <title>Super LUEshi World (V4.02.4) ROM patch files</title>
  <uploader>tenletters100@gmail.com</uploader>
  <publicdate>2025-05-21 16:31:54</publicdate>
  <addeddate>2025-05-21 16:31:54</addeddate>
  <curation>[curator]validator@archive.org[/curator][date]20250521163823[/date][comment]checked for malware[/comment]</curation>
</metadata>
