<?xml version="1.0" encoding="UTF-8"?>
<files>
  <file name="patch.bps" source="original">
    <mtime>1747845115</mtime>
    <size>144817</size>
    <md5>8d3aa7cb523248000a07ca2beb2c275b</md5>
    <crc32>2144df1c</crc32>
    <sha1>2103f86a689a2152d128f46bd1a144ee477a99c5</sha1>
    <format>Unknown</format>
    <viruscheck>1747845503</viruscheck>
  </file>
  <file name="patch.ips" source="original">
    <mtime>1747845070</mtime>
    <size>341575</size>
    <md5>d91dab8d007c40ef2094cdfd042e055d</md5>
    <crc32>3e951aac</crc32>
    <sha1>91c78034970a1d635622fd2b1a0971f2d49eef7d</sha1>
    <format>Unknown</format>
    <viruscheck>1747845503</viruscheck>
  </file>
  <file name="patch_202505_archive.torrent" source="metadata">
    <btih>0390e404dbbb5b6674809db705cc290f859714ae</btih>
    <mtime>1747859675</mtime>
    <size>1806</size>
    <md5>877e8f8872c048c4dbfe2fdf46706498</md5>
    <crc32>a4f71797</crc32>
    <sha1>d37fcc26ae6a4130197bd19544cf67816329e8ae</sha1>
    <format>Archive BitTorrent</format>
  </file>
  <file name="patch_202505_files.xml" source="original">
    <format>Metadata</format>
    <md5>07a174bf14d4e7a1f12bd5cb0963c0a1</md5>
    <summation>md5</summation>
  </file>
  <file name="patch_202505_meta.sqlite" source="original">
    <mtime>1747845133</mtime>
    <size>20480</size>
    <md5>6859f9fb6090d640569252308b40533c</md5>
    <crc32>28dd9edf</crc32>
    <sha1>66ab4f0689d4e10a6227d7ecdda8450cf44f3c20</sha1>
    <format>Metadata</format>
  </file>
  <file name="patch_202505_meta.xml" source="original">
    <mtime>1747859674</mtime>
    <size>1167</size>
    <md5>f69134ca2a81edc01448e148d45f9075</md5>
    <crc32>cb076186</crc32>
    <sha1>dac7e0c04be038fd11962d7b688c58b4f4c15518</sha1>
    <format>Metadata</format>
  </file>
</files>
