{
  "id": "MAP_PINLEAF_TOWN",
  "name": "PinleafTown",
  "layout": "LAYOUT_PINLEAF_TOWN",
  "music": "MUS_GREENDALE_VILLAGE",
  "region_map_section": "MAPSEC_PINLEAF_TOWN",
  "requires_flash": false,
  "weather": "WEATHER_NONE",
  "map_type": "MAP_TYPE_TOWN",
  "allow_cycling": true,
  "allow_escaping": false,
  "allow_running": true,
  "show_map_name": true,
  "battle_scene": "MAP_BATTLE_SCENE_FARM",
  "connections": [
    {
      "map": "MAP_ROUTE10",
      "offset": 29,
      "direction": "right"
    },
    {
      "map": "MAP_ROUTE11",
      "offset": 18,
      "direction": "left"
    }
  ],
  "object_events": [
    {
      "graphics_id": "OBJ_EVENT_GFX_QUINTY_PLUMP",
      "x": 45,
      "y": 23,
      "elevation": 3,
      "movement_type": "MOVEMENT_TYPE_NONE",
      "movement_range_x": 0,
      "movement_range_y": 0,
      "trainer_type": "TRAINER_TYPE_NONE",
      "trainer_sight_or_berry_tree_id": "0",
      "script": "NULL",
      "flag": "FLAG_HIDE_PINLEAF_TOWN_TYLER"
    },
    {
      "graphics_id": "OBJ_EVENT_GFX_ITEM_BALL",
      "x": 56,
      "y": 44,
      "elevation": 3,
      "movement_type": "MOVEMENT_TYPE_NONE",
      "movement_range_x": 0,
      "movement_range_y": 0,
      "trainer_type": "TRAINER_TYPE_NONE",
      "trainer_sight_or_berry_tree_id": "0",
      "script": "PinleafTown_EventScript_ItemElixir",
      "flag": "FLAG_ITEM_PINLEAF_TOWN_ELIXIR"
    },
    {
      "graphics_id": "OBJ_EVENT_GFX_CUTTABLE_TREE",
      "x": 58,
      "y": 42,
      "elevation": 3,
      "movement_type": "MOVEMENT_TYPE_NONE",
      "movement_range_x": 0,
      "movement_range_y": 0,
      "trainer_type": "TRAINER_TYPE_NONE",
      "trainer_sight_or_berry_tree_id": "0",
      "script": "EventScript_CutTree",
      "flag": "FLAG_TEMP_7"
    },
    {
      "graphics_id": "OBJ_EVENT_GFX_COWGIRL",
      "x": 59,
      "y": 32,
      "elevation": 3,
      "movement_type": "MOVEMENT_TYPE_LOOK_AROUND",
      "movement_range_x": 0,
      "movement_range_y": 0,
      "trainer_type": "TRAINER_TYPE_NORMAL",
      "trainer_sight_or_berry_tree_id": "2",
      "script": "PinleafTown_EventScript_Bambi",
      "flag": "0"
    },
    {
      "graphics_id": "OBJ_EVENT_GFX_BEAUTY",
      "x": 58,
      "y": 18,
      "elevation": 3,
      "movement_type": "MOVEMENT_TYPE_WANDER_LEFT_AND_RIGHT",
      "movement_range_x": 0,
      "movement_range_y": 0,
      "trainer_type": "TRAINER_TYPE_NONE",
      "trainer_sight_or_berry_tree_id": "0",
      "script": "PinleafTown_Flower_Girl",
      "flag": "0"
    },
    {
      "graphics_id": "OBJ_EVENT_GFX_OLD_MAN",
      "x": 60,
      "y": 21,
      "elevation": 3,
      "movement_type": "MOVEMENT_TYPE_NONE",
      "movement_range_x": 0,
      "movement_range_y": 0,
      "trainer_type": "TRAINER_TYPE_NONE",
      "trainer_sight_or_berry_tree_id": "0",
      "script": "PinleafTown_Old_Man",
      "flag": "0"
    },
    {
      "graphics_id": "OBJ_EVENT_GFX_PIDGEY",
      "x": 70,
      "y": 53,
      "elevation": 3,
      "movement_type": "MOVEMENT_TYPE_NONE",
      "movement_range_x": 0,
      "movement_range_y": 0,
      "trainer_type": "TRAINER_TYPE_NONE",
      "trainer_sight_or_berry_tree_id": "0",
      "script": "NULL",
      "flag": "0"
    },
    {
      "graphics_id": "OBJ_EVENT_GFX_GILL",
      "x": 8,
      "y": 7,
      "elevation": 3,
      "movement_type": "MOVEMENT_TYPE_FACE_DOWN_AND_RIGHT",
      "movement_range_x": 0,
      "movement_range_y": 0,
      "trainer_type": "TRAINER_TYPE_NONE",
      "trainer_sight_or_berry_tree_id": "0",
      "script": "PinleafTown_Man_2",
      "flag": "0"
    },
    {
      "graphics_id": "OBJ_EVENT_GFX_YOUNGSTER",
      "x": 42,
      "y": 47,
      "elevation": 3,
      "movement_type": "MOVEMENT_TYPE_FACE_UP_LEFT_AND_RIGHT",
      "movement_range_x": 0,
      "movement_range_y": 0,
      "trainer_type": "TRAINER_TYPE_NORMAL",
      "trainer_sight_or_berry_tree_id": "1",
      "script": "PinleafTown_EventScript_Ben",
      "flag": "0"
    },
    {
      "graphics_id": "OBJ_EVENT_GFX_BUG_CATCHER",
      "x": 59,
      "y": 51,
      "elevation": 3,
      "movement_type": "MOVEMENT_TYPE_WALK_SEQUENCE_UP_LEFT_DOWN_RIGHT",
      "movement_range_x": 9,
      "movement_range_y": 5,
      "trainer_type": "TRAINER_TYPE_NORMAL",
      "trainer_sight_or_berry_tree_id": "3",
      "script": "PinleafTown_EventScript_James",
      "flag": "0"
    },
    {
      "graphics_id": "OBJ_EVENT_GFX_BUTTERFREE",
      "x": 53,
      "y": 48,
      "elevation": 3,
      "movement_type": "MOVEMENT_TYPE_NONE",
      "movement_range_x": 0,
      "movement_range_y": 0,
      "trainer_type": "TRAINER_TYPE_NONE",
      "trainer_sight_or_berry_tree_id": "0",
      "script": "NULL",
      "flag": "0"
    },
    {
      "graphics_id": "OBJ_EVENT_GFX_BEEDRILL",
      "x": 56,
      "y": 49,
      "elevation": 3,
      "movement_type": "MOVEMENT_TYPE_NONE",
      "movement_range_x": 0,
      "movement_range_y": 0,
      "trainer_type": "TRAINER_TYPE_NONE",
      "trainer_sight_or_berry_tree_id": "0",
      "script": "NULL",
      "flag": "0"
    },
    {
      "graphics_id": "OBJ_EVENT_GFX_POKEFAN_F",
      "x": 60,
      "y": 59,
      "elevation": 3,
      "movement_type": "MOVEMENT_TYPE_FACE_DOWN_LEFT_AND_RIGHT",
      "movement_range_x": 0,
      "movement_range_y": 0,
      "trainer_type": "TRAINER_TYPE_NONE",
      "trainer_sight_or_berry_tree_id": "0",
      "script": "PinleafTown_Woman",
      "flag": "0"
    },
    {
      "graphics_id": "OBJ_EVENT_GFX_MAN_4",
      "x": 50,
      "y": 62,
      "elevation": 3,
      "movement_type": "MOVEMENT_TYPE_WANDER_LEFT_AND_RIGHT",
      "movement_range_x": 0,
      "movement_range_y": 0,
      "trainer_type": "TRAINER_TYPE_NONE",
      "trainer_sight_or_berry_tree_id": "0",
      "script": "PinleafTown_Man_1",
      "flag": "0"
    },
    {
      "graphics_id": "OBJ_EVENT_GFX_MAN_5",
      "x": 31,
      "y": 54,
      "elevation": 3,
      "movement_type": "MOVEMENT_TYPE_WANDER_RIGHT_AND_LEFT",
      "movement_range_x": 0,
      "movement_range_y": 0,
      "trainer_type": "TRAINER_TYPE_NONE",
      "trainer_sight_or_berry_tree_id": "0",
      "script": "PinleafTown_Guitarist",
      "flag": "0"
    },
    {
      "graphics_id": "OBJ_EVENT_GFX_MAN_3",
      "x": 19,
      "y": 55,
      "elevation": 3,
      "movement_type": "MOVEMENT_TYPE_WANDER_AROUND",
      "movement_range_x": 0,
      "movement_range_y": 0,
      "trainer_type": "TRAINER_TYPE_NONE",
      "trainer_sight_or_berry_tree_id": "0",
      "script": "PinleafTown_Son",
      "flag": "0"
    },
    {
      "graphics_id": "OBJ_EVENT_GFX_OLD_WOMAN",
      "x": 20,
      "y": 38,
      "elevation": 3,
      "movement_type": "MOVEMENT_TYPE_WANDER_AROUND",
      "movement_range_x": 0,
      "movement_range_y": 0,
      "trainer_type": "TRAINER_TYPE_NONE",
      "trainer_sight_or_berry_tree_id": "0",
      "script": "PinleafTown_Old_Lady",
      "flag": "0"
    },
    {
      "graphics_id": "OBJ_EVENT_GFX_SUDOWOODO_FOLLOWER",
      "x": 28,
      "y": 29,
      "elevation": 3,
      "movement_type": "MOVEMENT_TYPE_NONE",
      "movement_range_x": 0,
      "movement_range_y": 0,
      "trainer_type": "TRAINER_TYPE_NONE",
      "trainer_sight_or_berry_tree_id": "0",
      "script": "PinleafTown_Sudowoodo3",
      "flag": "FLAG_HIDE_PINLEAF_TOWN_SUDOWOODO_3"
    },
    {
      "graphics_id": "OBJ_EVENT_GFX_AQUA_MEMBER_M",
      "x": 36,
      "y": 23,
      "elevation": 3,
      "movement_type": "MOVEMENT_TYPE_NONE",
      "movement_range_x": 0,
      "movement_range_y": 0,
      "trainer_type": "TRAINER_TYPE_NONE",
      "trainer_sight_or_berry_tree_id": "0",
      "script": "PinleafTown_SUBO_2",
      "flag": "FLAG_HIDE_PINLEAF_TOWN_SUBO"
    },
    {
      "graphics_id": "OBJ_EVENT_GFX_AQUA_MEMBER_F",
      "x": 36,
      "y": 24,
      "elevation": 3,
      "movement_type": "MOVEMENT_TYPE_FACE_UP",
      "movement_range_x": 0,
      "movement_range_y": 0,
      "trainer_type": "TRAINER_TYPE_NONE",
      "trainer_sight_or_berry_tree_id": "0",
      "script": "PinleafTown_SUBO_1",
      "flag": "FLAG_HIDE_PINLEAF_TOWN_SUBO"
    },
    {
      "graphics_id": "OBJ_EVENT_GFX_SUDOWOODO_FOLLOWER",
      "x": 37,
      "y": 15,
      "elevation": 3,
      "movement_type": "MOVEMENT_TYPE_NONE",
      "movement_range_x": 0,
      "movement_range_y": 0,
      "trainer_type": "TRAINER_TYPE_NONE",
      "trainer_sight_or_berry_tree_id": "0",
      "script": "PinleafTown_Sudowoodo1",
      "flag": "FLAG_HIDE_PINLEAF_TOWN_SUDOWOODO_1"
    },
    {
      "graphics_id": "OBJ_EVENT_GFX_SUDOWOODO_FOLLOWER",
      "x": 38,
      "y": 16,
      "elevation": 3,
      "movement_type": "MOVEMENT_TYPE_NONE",
      "movement_range_x": 0,
      "movement_range_y": 0,
      "trainer_type": "TRAINER_TYPE_NONE",
      "trainer_sight_or_berry_tree_id": "0",
      "script": "PinleafTown_Sudowoodo2",
      "flag": "FLAG_HIDE_PINLEAF_TOWN_SUDOWOODO_2"
    },
    {
      "graphics_id": "OBJ_EVENT_GFX_FAT_MAN",
      "x": 9,
      "y": 7,
      "elevation": 3,
      "movement_type": "MOVEMENT_TYPE_NONE",
      "movement_range_x": 0,
      "movement_range_y": 0,
      "trainer_type": "TRAINER_TYPE_NONE",
      "trainer_sight_or_berry_tree_id": "0",
      "script": "PinleafTown_SUBO_3",
      "flag": "0"
    },
    {
      "graphics_id": "OBJ_EVENT_GFX_FAT_MAN",
      "x": 17,
      "y": 22,
      "elevation": 3,
      "movement_type": "MOVEMENT_TYPE_NONE",
      "movement_range_x": 0,
      "movement_range_y": 0,
      "trainer_type": "TRAINER_TYPE_NONE",
      "trainer_sight_or_berry_tree_id": "0",
      "script": "PinleafTown_Fat_Guy",
      "flag": "0"
    },
    {
      "graphics_id": "OBJ_EVENT_GFX_TWIN",
      "x": 36,
      "y": 61,
      "elevation": 3,
      "movement_type": "MOVEMENT_TYPE_WANDER_LEFT_AND_RIGHT",
      "movement_range_x": 0,
      "movement_range_y": 0,
      "trainer_type": "TRAINER_TYPE_NONE",
      "trainer_sight_or_berry_tree_id": "0",
      "script": "PinleafTown_Little_Girl",
      "flag": "0"
    },
    {
      "graphics_id": "OBJ_EVENT_GFX_MAN_3",
      "x": 33,
      "y": 64,
      "elevation": 3,
      "movement_type": "MOVEMENT_TYPE_NONE",
      "movement_range_x": 0,
      "movement_range_y": 0,
      "trainer_type": "TRAINER_TYPE_NONE",
      "trainer_sight_or_berry_tree_id": "0",
      "script": "PinleafTown_Little_Ace_Trainer",
      "flag": "0"
    },
    {
      "graphics_id": "OBJ_EVENT_GFX_NATU",
      "x": 32,
      "y": 64,
      "elevation": 3,
      "movement_type": "MOVEMENT_TYPE_NONE",
      "movement_range_x": 0,
      "movement_range_y": 0,
      "trainer_type": "TRAINER_TYPE_NONE",
      "trainer_sight_or_berry_tree_id": "0",
      "script": "PinleafTown_Natu",
      "flag": "0"
    },
    {
      "graphics_id": "OBJ_EVENT_GFX_MANIAC",
      "x": 54,
      "y": 6,
      "elevation": 3,
      "movement_type": "MOVEMENT_TYPE_LOOK_AROUND",
      "movement_range_x": 0,
      "movement_range_y": 0,
      "trainer_type": "TRAINER_TYPE_NONE",
      "trainer_sight_or_berry_tree_id": "0",
      "script": "PinleafTown_Maniac",
      "flag": "0"
    },
    {
      "graphics_id": "OBJ_EVENT_GFX_RANCHER",
      "x": 47,
      "y": 51,
      "elevation": 0,
      "movement_type": "MOVEMENT_TYPE_FACE_DOWN_AND_RIGHT",
      "movement_range_x": 0,
      "movement_range_y": 0,
      "trainer_type": "TRAINER_TYPE_NONE",
      "trainer_sight_or_berry_tree_id": "0",
      "script": "PinleafTown_Man_2",
      "flag": "0"
    },
    {
      "graphics_id": "OBJ_EVENT_GFX_MART_EMPLOYEE",
      "x": 69,
      "y": 57,
      "elevation": 3,
      "movement_type": "MOVEMENT_TYPE_NONE",
      "movement_range_x": 0,
      "movement_range_y": 0,
      "trainer_type": "TRAINER_TYPE_NONE",
      "trainer_sight_or_berry_tree_id": "0",
      "script": "PinleafTown_Vendor",
      "flag": "0"
    }
  ],
  "warp_events": [
    {
      "x": 48,
      "y": 21,
      "elevation": 3,
      "dest_map": "MAP_PINLEAF_TOWN_INN_1F",
      "dest_warp_id": "0"
    },
    {
      "x": 46,
      "y": 59,
      "elevation": 3,
      "dest_map": "MAP_PINLEAF_TOWN_HOUSE1",
      "dest_warp_id": "0"
    },
    {
      "x": 34,
      "y": 59,
      "elevation": 3,
      "dest_map": "MAP_PINLEAF_TOWN_HOUSE2",
      "dest_warp_id": "0"
    },
    {
      "x": 41,
      "y": 53,
      "elevation": 3,
      "dest_map": "MAP_PINLEAF_TOWN_HOUSE3",
      "dest_warp_id": "0"
    },
    {
      "x": 34,
      "y": 53,
      "elevation": 3,
      "dest_map": "MAP_PINLEAF_TOWN_MART",
      "dest_warp_id": "0"
    },
    {
      "x": 46,
      "y": 46,
      "elevation": 3,
      "dest_map": "MAP_PINLEAF_TOWN_FARM_HOUSE",
      "dest_warp_id": "0"
    },
    {
      "x": 38,
      "y": 38,
      "elevation": 3,
      "dest_map": "MAP_PINLEAF_TOWN_HOUSE4",
      "dest_warp_id": "0"
    },
    {
      "x": 52,
      "y": 14,
      "elevation": 3,
      "dest_map": "MAP_PINLEAF_TOWN_STORAGE_FACILITY",
      "dest_warp_id": "0"
    },
    {
      "x": 60,
      "y": 16,
      "elevation": 3,
      "dest_map": "MAP_PINLEAF_TOWN_FLOWER_SHOP",
      "dest_warp_id": "0"
    },
    {
      "x": 23,
      "y": 22,
      "elevation": 3,
      "dest_map": "MAP_PINLEAF_TOWN_HOUSE5",
      "dest_warp_id": "0"
    }
  ],
  "coord_events": [

  ],
  "bg_events": [
    {
      "type": "sign",
      "x": 37,
      "y": 59,
      "elevation": 0,
      "player_facing_dir": "BG_EVENT_PLAYER_FACING_ANY",
      "script": "PinleafTown_Sign"
    },
    {
      "type": "sign",
      "x": 44,
      "y": 21,
      "elevation": 0,
      "player_facing_dir": "BG_EVENT_PLAYER_FACING_ANY",
      "script": "PinleafTown_Sign_Inn"
    },
    {
      "type": "sign",
      "x": 20,
      "y": 22,
      "elevation": 0,
      "player_facing_dir": "BG_EVENT_PLAYER_FACING_ANY",
      "script": "PinleafTown_Sign_Letterbox"
    },
    {
      "type": "sign",
      "x": 66,
      "y": 57,
      "elevation": 0,
      "player_facing_dir": "BG_EVENT_PLAYER_FACING_ANY",
      "script": "PinleafTown_Sign_Letterbox"
    },
    {
      "type": "hidden_item",
      "x": 46,
      "y": 36,
      "elevation": 0,
      "item": "ITEM_NEEDLE",
      "flag": "FLAG_HIDDEN_ITEM_UNDERWATER_126_BIG_PEARL"
    }
  ]
}
