{
  "id": "MAP_EVER_GRANDE_CITY_PHOEBES_ROOM",
  "name": "EverGrandeCity_PhoebesRoom",
  "layout": "LAYOUT_EVER_GRANDE_CITY_PHOEBES_ROOM",
  "music": "MUS_VICTORY_ROAD",
  "region_map_section": "MAPSEC_EVER_GRANDE_CITY",
  "requires_flash": false,
  "weather": "WEATHER_NONE",
  "map_type": "MAP_TYPE_INDOOR",
  "allow_cycling": false,
  "allow_escaping": false,
  "allow_running": false,
  "show_map_name": false,
  "battle_scene": "MAP_BATTLE_SCENE_PHOEBE",
  "connections": 0,
  "object_events": [
    {
      "graphics_id": "OBJ_EVENT_GFX_PHOEBE",
      "x": 6,
      "y": 5,
      "elevation": 3,
      "movement_type": "MOVEMENT_TYPE_FACE_DOWN",
      "movement_range_x": 0,
      "movement_range_y": 0,
      "trainer_type": "TRAINER_TYPE_NONE",
      "trainer_sight_or_berry_tree_id": "0",
      "script": "EverGrandeCity_PhoebesRoom_EventScript_Phoebe",
      "flag": "0"
    }
  ],
  "warp_events": [
    {
      "x": 6,
      "y": 13,
      "elevation": 3,
      "dest_map": "MAP_EVER_GRANDE_CITY_HALL1",
      "dest_warp_id": 1
    },
    {
      "x": 6,
      "y": 2,
      "elevation": 0,
      "dest_map": "MAP_EVER_GRANDE_CITY_HALL2",
      "dest_warp_id": 0
    }
  ],
  "coord_events": [

  ],
  "bg_events": [

  ]
}
