<?xml version="1.0" encoding="UTF-8"?>
<files>
  <file name="Armored Core - Project Phantasma (U) UNDUB v1.1 beta.xdelta" source="original">
    <mtime>1638233183</mtime>
    <size>17769951</size>
    <md5>5969653bac13a9827cd062e049a2a263</md5>
    <crc32>8833f538</crc32>
    <sha1>bda0dfbc585e4a42509f9a9632ea3d3ac2f8376b</sha1>
    <format>Unknown</format>
    <viruscheck>1638233821</viruscheck>
  </file>
  <file name="armored_core_pp_undub_patch_archive.torrent" source="metadata">
    <btih>452343cf700737e4b0b30abb1a5b856f6da6b11e</btih>
    <mtime>1671015436</mtime>
    <size>2459</size>
    <md5>6c5ab27f478da989ef9fca9e974e7f80</md5>
    <crc32>4336d7e7</crc32>
    <sha1>6daf45a60ca2041e4e29500f78f45d4e7cc2fa72</sha1>
    <format>Archive BitTorrent</format>
  </file>
  <file name="armored_core_pp_undub_patch_files.xml" source="original">
    <format>Metadata</format>
    <md5>4db5da032c07202bcf94150dd04e0d44</md5>
    <summation>md5</summation>
  </file>
  <file name="armored_core_pp_undub_patch_meta.sqlite" source="original">
    <mtime>1638233188</mtime>
    <size>20480</size>
    <md5>eedb9d1a9c7c0316173c087c9a677fcd</md5>
    <crc32>34eb88f6</crc32>
    <sha1>a6b5899d9fdca88aeac20e6ccf652168a714f61a</sha1>
    <format>Metadata</format>
  </file>
  <file name="armored_core_pp_undub_patch_meta.xml" source="original">
    <mtime>1671015435</mtime>
    <size>2028</size>
    <md5>a19a94e05be5f732b53bfe953981e03e</md5>
    <crc32>f30f6691</crc32>
    <sha1>8bca3e4c4088bb169fcac1eca79dc15ecef9a375</sha1>
    <format>Metadata</format>
  </file>
</files>
