<?xml version="1.0" encoding="UTF-8"?>
<metadata>
  <identifier>armored_core_pp_undub_patch</identifier>
  <mediatype>software</mediatype>
  <collection>open_source_software</collection>
  <collection>community</collection>
  <creator>swosho</creator>
  <date>2021-11-30</date>
  <description>&lt;div&gt;Apply to a &lt;a href="http://redump.org/disc/15417/" rel="nofollow"&gt;Redump-compliant&lt;/a&gt; North American BIN:&lt;/div&gt;&lt;div&gt;CRC32: AAA1EF9C | MD5: 91BADB09339EE7E3B6D235609E8DA1BE&lt;/div&gt;&lt;div&gt;&lt;br /&gt;&lt;/div&gt;&lt;div&gt;Undubbed completely.&lt;/div&gt;&lt;div&gt;&lt;div&gt;Unfortunately, there's an issue with a significant amount of XA-type voice clips cutting out prematurely, and I've no clue how to backport the Japanese textbox timings it yet.&lt;/div&gt;&lt;div&gt;&lt;br /&gt;&lt;/div&gt;&lt;div&gt;&lt;a href="https://github.com/IvanDSM/KingsFieldRE/" rel="nofollow"&gt;checksum_tool&lt;/a&gt; by &lt;b&gt;&lt;i&gt;IvanDSM&lt;/i&gt;&lt;/b&gt; was used for calculating new checksums for the edited files.&lt;br /&gt;&lt;/div&gt;&lt;div&gt;&lt;br /&gt;&lt;/div&gt;&lt;div&gt;Version history:&lt;/div&gt;&lt;div&gt;2021-09-11 (v1.0 beta): Initial release.&lt;/div&gt;&lt;div&gt;2021-11-30 (v1.1 beta): Fixed the endless loading screens.&lt;/div&gt;&lt;/div&gt;</description>
  <language>eng</language>
  <language>jpn</language>
  <scanner>Internet Archive HTML5 Uploader 1.6.4</scanner>
  <subject>PlayStation</subject>
  <subject>PS1</subject>
  <subject>PSX</subject>
  <subject>Undub</subject>
  <subject>Mod</subject>
  <subject>FromSoftware</subject>
  <subject>ASCII Entertainment</subject>
  <subject>SLUS-00670</subject>
  <title>Armored Core: Project Phantasma UNDUB patch</title>
  <uploader>swosho@gmail.com</uploader>
  <publicdate>2021-09-11 03:56:05</publicdate>
  <addeddate>2021-09-11 03:56:05</addeddate>
  <curation>[curator]validator@archive.org[/curator][date]20210911040206[/date][comment]checked for malware[/comment]</curation>
  <year>2021</year>
</metadata>
