<?xml version="1.0" encoding="UTF-8"?>
<reviews itemIdentifier="96fartballs">
  <review>
    <reviewtitle>スーパーマリオサン100</reviewtitle>
    <reviewbody>Hi its me SuperMarioSan100. I made a new account because my old account got copyrighted by Nintendo. This hack is great and I love it.
</reviewbody>
    <stars>5</stars>
    <reviewer>garl0k</reviewer>
    <reviewdate>2023-11-10 01:48:39</reviewdate>
    <createdate>2023-11-10 01:48:39</createdate>
    <reviewer_itemname>@dudah16</reviewer_itemname>
  </review>
  <review>
    <reviewtitle>woah</reviewtitle>
    <reviewbody>this is great</reviewbody>
    <stars>5</stars>
    <reviewer>stalechilibeans</reviewer>
    <reviewdate>2023-11-17 03:29:32</reviewdate>
    <createdate>2023-11-17 03:29:32</createdate>
    <reviewer_itemname>@stalechilibeans</reviewer_itemname>
  </review>
  <review>
    <reviewtitle>fuckign awesome</reviewtitle>
    <reviewbody>rated C for cum</reviewbody>
    <stars>5</stars>
    <reviewer>Tee(archives)</reviewer>
    <reviewdate>2025-01-18 05:45:17</reviewdate>
    <createdate>2025-01-18 05:45:17</createdate>
    <reviewer_itemname>@tee_archives_</reviewer_itemname>
  </review>
  <info>
    <num_reviews>3</num_reviews>
    <avg_rating>5.00</avg_rating>
  </info>
</reviews>
