<?xml version="1.0" encoding="UTF-8"?>
<metadata>
  <identifier>96fartballs</identifier>
  <mediatype>software</mediatype>
  <collection>open_source_software</collection>
  <creator>crustman</creator>
  <date>2023-11-08</date>
  <description>&lt;div&gt;&lt;div&gt;&lt;div&gt;96fartballs, or known as “mariosan Adventure 7” is a joke hack created by crustian, SonicAlex500, Sunkaroo, and SuperGarlic64 that revolves around “mariosan” exploring old stuff from the beta community and stopping “Chrisbrutalagresion / Christopher Rios Lillo.” to save Kalhi Balto, also known as Darkspire17.&lt;/div&gt;&lt;/div&gt;&lt;div&gt;&lt;br /&gt;&lt;/div&gt;&lt;div&gt;&lt;b&gt;NOTE: We do NOT have any bias towards Chris, nor anybody in the “B3313” drama. Throughout the game, you will see many references to other communities, Sonic 1, et cetera...&lt;/b&gt;&lt;br /&gt;&lt;/div&gt;&lt;div&gt;&lt;b&gt;You need an original US ROM of Super Mario 64 in order to patch &amp;amp; play this. Also, this romhack doesn't require an expansion pak to play the game.&lt;/b&gt;&lt;/div&gt;&lt;/div&gt;&lt;div&gt;&lt;br /&gt;&lt;/div&gt;&lt;div&gt;&lt;div&gt;&lt;b&gt;Credits:&lt;/b&gt;&lt;/div&gt;&lt;div&gt;Crustman - Lead Developer (https://www.youtube.com/@crustman123)&lt;/div&gt;&lt;div&gt;SonicAlex500 (https://www.youtube.com/@sonicalex500)&lt;/div&gt;&lt;div&gt;SuperGarlic64 - A lot of stuff, including the box art &amp;amp; cartridge design (https://www.youtube.com/@supergarlic64)&lt;/div&gt;&lt;div&gt;Sunkaroo (https://www.youtube.com/@sunkylikescerealandmilk)&lt;/div&gt;&lt;div&gt;&lt;br /&gt;&lt;/div&gt;&lt;div&gt;Special Thanks To&lt;/div&gt;&lt;div&gt;SuperMarioSan100 (https://www.youtube.com/@supermariosan1007)&lt;/div&gt;&lt;div&gt;XKoop7321 (https://www.youtube.com/@xkoop7321tempacc)&lt;/div&gt;&lt;div&gt;Kyle/SpongeToo (https://www.youtube.com/@spongetoo)&lt;/div&gt;&lt;/div&gt;</description>
  <language>eng</language>
  <scanner>Internet Archive Win95 Uploader V.1016A</scanner>
  <subject>96flashbacks</subject>
  <subject>96fartball</subject>
  <subject>s crustman</subject>
  <subject>supergarlic64</subject>
  <subject>sonicalex500</subject>
  <subject>supermariosan</subject>
  <title>96fartballs: mariosan adventure 7</title>
  <uploader>notvillager64@protonmail.com</uploader>
  <publicdate>2023-11-09 17:01:02</publicdate>
  <addeddate>2023-11-09 17:01:02</addeddate>
  <curation>[curator]validator@archive.org[/curator][date]20231109170246[/date][comment]checked for malware[/comment]</curation>
  <year>2023</year>
</metadata>
