<?xml version="1.0" encoding="UTF-8"?>
<files>
  <file name="96fartballs - Full Boxart + Cartridge Label/boxart-full.png" source="original">
    <mtime>1699613944</mtime>
    <size>3681837</size>
    <md5>40e52ff51fc74b5819dc88001b4293f4</md5>
    <crc32>b2ac9c64</crc32>
    <sha1>d2f7f36421e8a7ded27e06f25625f019d58857e4</sha1>
    <format>PNG</format>
  </file>
  <file name="96fartballs - Full Boxart + Cartridge Label/cartlabel.png" source="original">
    <mtime>1699581192</mtime>
    <size>411892</size>
    <md5>fb4b040caa6de6850b0eb63a35d33f6f</md5>
    <crc32>642e4df7</crc32>
    <sha1>b7a8d799bbe952dc6dd11217d868d854633175f3</sha1>
    <format>PNG</format>
  </file>
  <file name="96fartballs - mariosan adventure 7 (First Release).bps" source="original">
    <mtime>1699549237</mtime>
    <size>22727664</size>
    <md5>f7308a0df87f557eda16c2275156574e</md5>
    <crc32>2144df1c</crc32>
    <sha1>a241399de2c44310565de632c5585c945ac9778f</sha1>
    <format>Unknown</format>
    <viruscheck>1699549366</viruscheck>
  </file>
  <file name="96fartballs_archive.torrent" source="metadata">
    <btih>c36bea7a7d236cc942eb061c93c8ca02b06486e5</btih>
    <mtime>1737179125</mtime>
    <size>3702</size>
    <md5>00a2fdc36dce5b1cb9663b21ef8b26a1</md5>
    <crc32>b6863083</crc32>
    <sha1>6b6ade0043050ac965e424cc24fae88d9a3d6e49</sha1>
    <format>Archive BitTorrent</format>
  </file>
  <file name="96fartballs_boxart.png" source="original">
    <mtime>1699581977</mtime>
    <size>953470</size>
    <md5>864dffda3a1d194675904e632461ca0f</md5>
    <crc32>e1f34f49</crc32>
    <sha1>74fa85f7416d42d3f59b2c3a56dbcb96a2d58834</sha1>
    <format>PNG</format>
  </file>
  <file name="96fartballs_boxart_thumb.jpg" source="derivative">
    <format>JPEG Thumb</format>
    <original>96fartballs_boxart.png</original>
    <mtime>1699582068</mtime>
    <size>10238</size>
    <md5>703087c0ce16f90c328f175fd3cab74d</md5>
    <crc32>8980a346</crc32>
    <sha1>bfcad41ba297ef747b3c8db7938ea6713b7fb5c3</sha1>
  </file>
  <file name="96fartballs_files.xml" source="original">
    <format>Metadata</format>
    <md5>76340601a521decf733dc7af951a5318</md5>
    <summation>md5</summation>
  </file>
  <file name="96fartballs_meta.sqlite" source="original">
    <mtime>1699613956</mtime>
    <size>32768</size>
    <md5>67bfeaeba9fb94a1fbe41b70e4a2db8f</md5>
    <crc32>1c0450d7</crc32>
    <sha1>e7011b3c5de2fd4de81a65753d46a4639aa46ada</sha1>
    <format>Metadata</format>
  </file>
  <file name="96fartballs_meta.xml" source="original">
    <mtime>1731017338</mtime>
    <size>2560</size>
    <md5>850b93ef1ffa6b3e38cc0542c683134c</md5>
    <crc32>fb30018a</crc32>
    <sha1>562e36616dbf4faff425a89d4ee93b1467493ed2</sha1>
    <format>Metadata</format>
  </file>
  <file name="96fartballs_reviews.xml" source="original">
    <mtime>1737179123</mtime>
    <size>1281</size>
    <md5>3ab29f3601dc5f1039b0a2db525108e2</md5>
    <crc32>3cf6348d</crc32>
    <sha1>754c1ae7a975b62f83562e38c41ba89e5c45e087</sha1>
    <format>Metadata</format>
  </file>
  <file name="__ia_thumb.jpg" source="original">
    <mtime>1699613959</mtime>
    <size>11201</size>
    <md5>0dfa28250369fc842c80dfe126835b96</md5>
    <crc32>c053cd8a</crc32>
    <sha1>990dfedaeafcde2be97e12f45e97d88e518a769c</sha1>
    <format>Item Tile</format>
    <rotation>0</rotation>
  </file>
</files>
