<?xml version="1.0" encoding="UTF-8"?>
<metadata>
  <identifier>brutal-mario-fan-completion</identifier>
  <mediatype>software</mediatype>
  <collection>softwarecapsules_consoles</collection>
  <collection>softwarecapsules</collection>
  <collection>loggedin</collection>
  <creator>Carol</creator>
  <date>2008</date>
  <description>&lt;div&gt;Brutal Mario World, also known as Super Kitiku Mario, is a Super Mario World ROM hack created by a mysterious Japanese ROM-hacker who goes by the name of Carol.&lt;/div&gt;&lt;div&gt;&lt;br /&gt;&lt;/div&gt;&lt;div&gt;This hack ROM was never finished, here you will find the last demo of the hack ROM both in japanese and english and a fan-made completion of it. &lt;/div&gt;&lt;div&gt;&lt;br /&gt;&lt;/div&gt;&lt;div&gt;The ROMs are prepatched, so you won't need to patch them.&lt;/div&gt;</description>
  <language>jpn</language>
  <scanner>Internet Archive HTML5 Uploader 1.6.4</scanner>
  <subject>Nintendo</subject>
  <subject>unofficial</subject>
  <subject>hackrom</subject>
  <subject>fangame</subject>
  <subject>Mario</subject>
  <subject>Super Mario World</subject>
  <subject>rom hack</subject>
  <title>Brutal Mario World</title>
  <uploader>salsandav041009@gmail.com</uploader>
  <publicdate>2021-03-24 07:31:53</publicdate>
  <addeddate>2021-03-24 07:31:53</addeddate>
  <curation>[curator]validator@archive.org[/curator][date]20210324074141[/date][comment]checked for malware[/comment]</curation>
  <year>2008</year>
  <access-restricted-item>true</access-restricted-item>
</metadata>
