<?xml version="1.0" encoding="UTF-8"?>
<files>
  <file name="23bcf872-19fa-4ad3-bb22-73bb7c59e47b.jpg" source="original">
    <mtime>1616571124</mtime>
    <size>33385</size>
    <md5>0ca5968e349dc627908c76b58eaf8fa8</md5>
    <crc32>9e720efb</crc32>
    <sha1>9ab741be779c9cf7f56bc9f92c219cd119655951</sha1>
    <format>JPEG</format>
    <rotation>0</rotation>
    <private>true</private>
  </file>
  <file name="23bcf872-19fa-4ad3-bb22-73bb7c59e47b_thumb.jpg" source="derivative">
    <format>JPEG Thumb</format>
    <original>23bcf872-19fa-4ad3-bb22-73bb7c59e47b.jpg</original>
    <mtime>1616571723</mtime>
    <size>8177</size>
    <md5>f1ff1872333980f7256b3d60d316e00b</md5>
    <crc32>47532eb3</crc32>
    <sha1>919ec5f5217798e604a07bbb7e970e7866ebd440</sha1>
    <private>true</private>
  </file>
  <file name="Brutal Mario Demo 7.5 EN.zip" source="original">
    <mtime>1616571106</mtime>
    <size>323607</size>
    <md5>d8c67edfc993435ec3bac3ebc073724e</md5>
    <crc32>02a78a37</crc32>
    <sha1>d716ba70cb5b9dc481d8ada0659a87e19ba12fc7</sha1>
    <format>ZIP</format>
    <filecount>3</filecount>
    <private>true</private>
  </file>
  <file name="Brutal Mario Demo 7.5 JP.zip" source="original">
    <mtime>1616571079</mtime>
    <size>1949591</size>
    <md5>013536adab069ab0193dc156f29c1e08</md5>
    <crc32>441bf020</crc32>
    <sha1>59cc5868c937f6e162197628a47c6fd0ea997a81</sha1>
    <format>ZIP</format>
    <filecount>1</filecount>
    <private>true</private>
  </file>
  <file name="Brutal Mario fan completion.zip" source="original">
    <mtime>1616571120</mtime>
    <size>4699153</size>
    <md5>69175129edc66f4365acb7ba2f4091d3</md5>
    <crc32>ef16654a</crc32>
    <sha1>e332c3edd5df4f6aa0367630455b829cf801537c</sha1>
    <format>ZIP</format>
    <filecount>3</filecount>
    <private>true</private>
  </file>
  <file name="__ia_thumb.jpg" source="original">
    <mtime>1629257805</mtime>
    <size>15608</size>
    <md5>c2cf69f54556376f0dcd8c772662300f</md5>
    <crc32>415ae0a8</crc32>
    <sha1>c9bcb1a9b7feff5a377ab48396b12ca9e745edde</sha1>
    <format>Item Tile</format>
    <rotation>0</rotation>
  </file>
  <file name="brutal-mario-fan-completion_archive.torrent" source="metadata">
    <btih>6ed50ab212bc329c7b9e7bc39a88a5a5ae65b9b8</btih>
    <mtime>1738758989</mtime>
    <size>12</size>
    <md5>b90acad44e90b94cd054765f05a9a713</md5>
    <crc32>f9dbd566</crc32>
    <sha1>7340ce619f32b96b7c3cac52e20438a0fed00d25</sha1>
    <format>Archive BitTorrent</format>
    <private>true</private>
  </file>
  <file name="brutal-mario-fan-completion_files.xml" source="original">
    <format>Metadata</format>
    <md5>a021edb4d6afeb8c35e3564a5862282f</md5>
    <summation>md5</summation>
  </file>
  <file name="brutal-mario-fan-completion_meta.sqlite" source="original">
    <mtime>1616571150</mtime>
    <size>20480</size>
    <md5>2255ee853d98d1943a2b13b3f485128b</md5>
    <crc32>4f169601</crc32>
    <sha1>dfb2c0fd2aa4219c478e07b7aa92780b4246f887</sha1>
    <format>Metadata</format>
  </file>
  <file name="brutal-mario-fan-completion_meta.xml" source="original">
    <mtime>1725234256</mtime>
    <size>1547</size>
    <md5>016494882bea1ee2aada3458cbb7aa5e</md5>
    <crc32>748a4720</crc32>
    <sha1>76352d9bbadb99fd09fc952d814f84d4c92ae966</sha1>
    <format>Metadata</format>
  </file>
</files>
