<?xml version="1.0" encoding="UTF-8"?>
<files>
  <file name="Armored Core - Master of Arena CD1 (U) UNDUB v1.1 beta.xdelta" source="original">
    <mtime>1638233155</mtime>
    <size>15488860</size>
    <md5>5cce56d743ed498a26574137eebc9302</md5>
    <crc32>dd0a7650</crc32>
    <sha1>089b5b72905ce525e4b2262df0d0d1a54e90954d</sha1>
    <format>Unknown</format>
    <viruscheck>1638233865</viruscheck>
  </file>
  <file name="Armored Core - Master of Arena CD2 (U) UNDUB v1.1 beta.xdelta" source="original">
    <mtime>1638233161</mtime>
    <size>15488810</size>
    <md5>b06f43d04211b3ba040e4ce3b20ad05b</md5>
    <crc32>967e618c</crc32>
    <sha1>8b22a1df41c28c1464bfac6e331f6c26e0264348</sha1>
    <format>Unknown</format>
    <viruscheck>1638233865</viruscheck>
  </file>
  <file name="armored_core_moa_undub_patch_archive.torrent" source="metadata">
    <btih>ca49378409662738ca11e619cca66d00db714c61</btih>
    <mtime>1671015461</mtime>
    <size>3212</size>
    <md5>92416cb986051b170cf6b56b403dd46a</md5>
    <crc32>c3ba9180</crc32>
    <sha1>64799ffee802bf74ed775faa25a92f6057c4b40f</sha1>
    <format>Archive BitTorrent</format>
  </file>
  <file name="armored_core_moa_undub_patch_files.xml" source="original">
    <format>Metadata</format>
    <md5>3a19fc9247ae9560291be59831eb64fc</md5>
    <summation>md5</summation>
  </file>
  <file name="armored_core_moa_undub_patch_meta.sqlite" source="original">
    <mtime>1638233163</mtime>
    <size>32768</size>
    <md5>583557591c68e8946afb10ff2ec3b10c</md5>
    <crc32>5b36937f</crc32>
    <sha1>87c09d1c00d977f8c5b2195afd055faa8b2b7bf2</sha1>
    <format>Metadata</format>
  </file>
  <file name="armored_core_moa_undub_patch_meta.xml" source="original">
    <mtime>1671015460</mtime>
    <size>2233</size>
    <md5>c6e3050ba1ef5ddc9272d3fc1fe44eba</md5>
    <crc32>aa3e872f</crc32>
    <sha1>fbac1217e1f52c744d0495215227d2011096af01</sha1>
    <format>Metadata</format>
  </file>
</files>
