<?xml version="1.0" encoding="UTF-8"?>
<files>
  <file name="3541 - Pokemon Platinum Version (US)(XenoPhobia).zip" source="original">
    <mtime>1713689238</mtime>
    <size>50826351</size>
    <md5>c090f4bb36134dc5ec84aebea977829b</md5>
    <crc32>a0cffc68</crc32>
    <sha1>d1bfcf1ede533993e739f54692ea9fdeeca8c401</sha1>
    <format>ZIP</format>
    <filecount>1</filecount>
  </file>
  <file name="Wulfie Platinum (TC Shenanigans).delta" source="original">
    <mtime>1713689273</mtime>
    <size>253465</size>
    <md5>cc29dc79b34e6ffed4aa9fa05dfab153</md5>
    <crc32>24909536</crc32>
    <sha1>cffa05bfd7875ca452b35600e4f940007f732f43</sha1>
    <format>Unknown</format>
    <viruscheck>1713689617</viruscheck>
  </file>
  <file name="Wulfie Platinum (TC Shenanigans).zip" source="original">
    <mtime>1713689271</mtime>
    <size>50827748</size>
    <md5>8a151d37301924ebb88a87673818325e</md5>
    <crc32>32d05d03</crc32>
    <sha1>37253cd6784e32a43a063745a07e9a35eae7acaa</sha1>
    <format>ZIP</format>
    <filecount>1</filecount>
  </file>
  <file name="wulfie-platinum-tc-shenanigans_archive.torrent" source="metadata">
    <btih>a30737e809b1a2ae5ae3a039915ea249354e6633</btih>
    <mtime>1713689621</mtime>
    <size>6118</size>
    <md5>3e98aa2866eb0cc8d46cd69e3e15a5c7</md5>
    <crc32>b88cc609</crc32>
    <sha1>4882934c265728aa804db19b6ce99c757ef5f334</sha1>
    <format>Archive BitTorrent</format>
  </file>
  <file name="wulfie-platinum-tc-shenanigans_files.xml" source="original">
    <format>Metadata</format>
    <md5>6c3dbff772495f5da68f6f9cf339be5c</md5>
    <summation>md5</summation>
  </file>
  <file name="wulfie-platinum-tc-shenanigans_meta.sqlite" source="original">
    <mtime>1713689290</mtime>
    <size>28672</size>
    <md5>64ea8aaf537b46b4448322f15454ed8f</md5>
    <crc32>b63d7454</crc32>
    <sha1>486f845ef3b8a8a1e48c1af5faf34f21cd43e0a2</sha1>
    <format>Metadata</format>
  </file>
  <file name="wulfie-platinum-tc-shenanigans_meta.xml" source="original">
    <mtime>1713689617</mtime>
    <size>793</size>
    <md5>27396da144937d369aa5bb933ccb14b0</md5>
    <crc32>13b562b9</crc32>
    <sha1>0013fd6475de14f8b000bf47e015405198013045</sha1>
    <format>Metadata</format>
  </file>
</files>
