<?xml version="1.0" encoding="UTF-8"?>
<metadata>
  <identifier>wulfie-platinum-tc-shenanigans</identifier>
  <mediatype>software</mediatype>
  <collection>open_source_software</collection>
  <description>a romhack of Pokemon Platinum that swaps Lucas with my OC as well as the original rom used to make the hack which I know works with the patch</description>
  <scanner>Internet Archive HTML5 Uploader 1.7.0</scanner>
  <subject>Pokemon</subject>
  <title>Wulfie Platinum ( TC Shenanigans)</title>
  <uploader>lavuiislessthan6characters@gmail.com</uploader>
  <publicdate>2024-04-21 08:47:37</publicdate>
  <addeddate>2024-04-21 08:47:37</addeddate>
  <curation>[curator]validator@archive.org[/curator][date]20240421085337[/date][comment]checked for malware[/comment]</curation>
</metadata>
