{
  "id": "MAP_PINLEAF_TOWN_HOUSE5",
  "name": "PinleafTown_House5",
  "layout": "LAYOUT_PINLEAF_TOWN_HOUSE5",
  "music": "MUS_GREENDALE_VILLAGE",
  "region_map_section": "MAPSEC_PINLEAF_TOWN",
  "requires_flash": false,
  "weather": "WEATHER_NONE",
  "map_type": "MAP_TYPE_INDOOR",
  "allow_cycling": false,
  "allow_escaping": false,
  "allow_running": true,
  "show_map_name": false,
  "battle_scene": "MAP_BATTLE_SCENE_NORMAL",
  "connections": 0,
  "object_events": [

  ],
  "warp_events": [
    {
      "x": 4,
      "y": 6,
      "elevation": 3,
      "dest_map": "MAP_PINLEAF_TOWN",
      "dest_warp_id": "9"
    },
    {
      "x": 5,
      "y": 6,
      "elevation": 3,
      "dest_map": "MAP_PINLEAF_TOWN",
      "dest_warp_id": "9"
    }
  ],
  "coord_events": [

  ],
  "bg_events": [
    {
      "type": "sign",
      "x": 7,
      "y": 2,
      "elevation": 0,
      "player_facing_dir": "BG_EVENT_PLAYER_FACING_ANY",
      "script": "Refrigerator_Sign"
    }
  ]
}
