<?xml version="1.0" encoding="UTF-8"?>
<metadata>
  <identifier>call-of-cthulhu</identifier>
  <mediatype>data</mediatype>
  <collection>opensource_media</collection>
  <creator>Yashum</creator>
  <date>2013-08-29</date>
  <description>Often called one of the greatest ROM hacks of all time, as well as perhaps the best horror-based Super Mario fangame ever made, Call of Cthulhu is a ROM hack of Super Mario World made by SMW Central user Yashum as a birthday gift for someone (presumably named Luisa) uploaded to the site on August 29th, 2012. Sadly, on November 13th of that year, the hack was removed from the site per the author's request, and for a long time, the hack was supposedly lost from the Internet.&lt;div&gt;&lt;br /&gt;&lt;/div&gt;&lt;div&gt;Thankfully, it turns out that the original patch was available for download from a file collection called "&lt;a href="https://www.smwcentral.net/?p=files&amp;u=7012" rel="nofollow"&gt;Thomas' Files&lt;/a&gt;", made by SMW Central staff member Thomas. To prevent the file from disappearing again, it is being uploaded here to the Internet Archive for preservation reasons.&lt;/div&gt;</description>
  <language>eng</language>
  <licenseurl>https://creativecommons.org/licenses/by-sa/4.0/</licenseurl>
  <scanner>Internet Archive HTML5 Uploader 1.6.4</scanner>
  <subject>super mario</subject>
  <title>Call Of Cthulhu</title>
  <subject>mario</subject>
  <subject>super mario bros</subject>
  <subject>video game</subject>
  <subject>playable</subject>
  <subject>romhack</subject>
  <subject>hack</subject>
  <subject>game</subject>
  <subject>patch</subject>
  <subject>ips</subject>
  <subject>nintendo</subject>
  <subject>smw</subject>
  <uploader>2gr82b2l8@gmail.com</uploader>
  <collection>community</collection>
  <publicdate>2021-04-06 05:34:34</publicdate>
  <addeddate>2021-04-06 05:34:34</addeddate>
  <curation>[curator]validator@archive.org[/curator][date]20210406054454[/date][comment]checked for malware[/comment]</curation>
</metadata>
