<?xml version="1.0" encoding="UTF-8"?>
<files>
  <file name="Call of Cthulhu.ips" source="original">
    <mtime>1617687244</mtime>
    <size>882067</size>
    <md5>f60d53d13d68a229565c41afca5e2744</md5>
    <crc32>611b47b4</crc32>
    <sha1>644250ce574c47b5e6b9c075c09c07f1fb13a763</sha1>
    <format>Unknown</format>
  </file>
  <file name="call-of-cthulhu_archive.torrent" source="metadata">
    <btih>b93d25b0ae768a1cc1418c6a8fd9dbbdb4117c18</btih>
    <mtime>1617687923</mtime>
    <size>1671</size>
    <md5>9ee8eeb2161d80a4a24f17f8b3350bcf</md5>
    <crc32>86f91138</crc32>
    <sha1>1a42eed8559291845512e62e80fbd5e7bb4befae</sha1>
    <format>Archive BitTorrent</format>
  </file>
  <file name="call-of-cthulhu_files.xml" source="original">
    <format>Metadata</format>
    <md5>5c902dc91352e5f42f1a4cdf5f6cee67</md5>
    <summation>md5</summation>
  </file>
  <file name="call-of-cthulhu_meta.sqlite" source="original">
    <mtime>1617687282</mtime>
    <size>15360</size>
    <md5>ac6a72c65636fd8f523589b259908c27</md5>
    <crc32>207e2ca1</crc32>
    <sha1>e1d2717d02e705ca2f715adc70872d5635a7c9a1</sha1>
    <format>Metadata</format>
  </file>
  <file name="call-of-cthulhu_meta.xml" source="original">
    <mtime>1619723918</mtime>
    <size>2013</size>
    <md5>8dc4146cbba718281c0d0a39fd0af5f3</md5>
    <crc32>79adeab0</crc32>
    <sha1>9ef632c8ee8af605c40b811b73fd378fbff9a49e</sha1>
    <format>Metadata</format>
  </file>
</files>
