<?xml version="1.0" encoding="UTF-8"?>
<metadata>
  <identifier>final-fantasy-v-clean-editions-snes-romhack-1.98-snes-hack</identifier>
  <mediatype>software</mediatype>
  <collection>open_source_software</collection>
  <description>CREDITS TO ORIGINAL AUTHORS, UPLOADED FOR ARCHIVAL PURPOSES ONLY.&lt;div&gt;&lt;br /&gt;&lt;/div&gt;&lt;div&gt;&lt;div&gt;https://romhackplaza.org/romhacks/final-fantasy-v-clean-editions-snes/&lt;/div&gt;&lt;div&gt;https://xj4cks.notion.site/FFV-Clean-Editions-bfe70f9215bd4cc881fc803ae684359e?pvs=27&amp;amp;qid=&amp;amp;origin=&lt;/div&gt;&lt;/div&gt;</description>
  <scanner>Internet Archive HTML5 Uploader 1.7.0</scanner>
  <subject>eng</subject>
  <title>Final Fantasy V Clean Editions ( SNES) Romhack 1.98 SNES HACK</title>
  <uploader>Vetches99@gmail.com</uploader>
  <publicdate>2025-07-14 11:55:07</publicdate>
  <addeddate>2025-07-14 11:55:07</addeddate>
  <curation>[curator]validator@archive.org[/curator][date]20250714120037[/date][comment]checked for malware[/comment]</curation>
</metadata>
