<?xml version="1.0" encoding="UTF-8"?>
<files>
  <file name="Final Fantasy V Clean Editions (SNES) Romhack 1.98 SNES HACK.zip" source="original">
    <mtime>1752494084</mtime>
    <size>10935446</size>
    <md5>75de3e4fefc7736bbed3b3e49d6a7b2a</md5>
    <crc32>583dc75c</crc32>
    <sha1>548f90b9c632da5567e27cda8355b7d4cbb3bef6</sha1>
    <format>ZIP</format>
    <filecount>16</filecount>
    <viruscheck>1752494437</viruscheck>
  </file>
  <file name="final-fantasy-v-clean-editions-snes-romhack-1.98-snes-hack_archive.torrent" source="metadata">
    <btih>1396c22b9112b1ee75c0ac39b2809eeaf0a790c0</btih>
    <mtime>1752494439</mtime>
    <size>2516</size>
    <md5>7793cee64809ee0f133f8f23eb8fe0de</md5>
    <crc32>55f9ec9c</crc32>
    <sha1>3d51ec4373a983fb283894ddcd0b2e09b04f78dd</sha1>
    <format>Archive BitTorrent</format>
  </file>
  <file name="final-fantasy-v-clean-editions-snes-romhack-1.98-snes-hack_files.xml" source="original">
    <format>Metadata</format>
    <md5>8dbc648a3518413a972dfa5e5744b2c6</md5>
    <summation>md5</summation>
  </file>
  <file name="final-fantasy-v-clean-editions-snes-romhack-1.98-snes-hack_meta.sqlite" source="original">
    <mtime>1752494122</mtime>
    <size>20480</size>
    <md5>2d335ba3ec3f63bbb9c99fb1fd157b8e</md5>
    <crc32>1102df66</crc32>
    <sha1>347f565ab05290a53515cc80939909bafcb9137d</sha1>
    <format>Metadata</format>
  </file>
  <file name="final-fantasy-v-clean-editions-snes-romhack-1.98-snes-hack_meta.xml" source="original">
    <mtime>1752494437</mtime>
    <size>1040</size>
    <md5>baa6f14f22aa306bea28e8ba02ed17f7</md5>
    <crc32>34774a0b</crc32>
    <sha1>44edf07803fc13c1e9fe14c3bb35cb8834cf8898</sha1>
    <format>Metadata</format>
  </file>
</files>
