<?xml version="1.0" encoding="UTF-8"?>
<files>
  <file name="B3313_v0.1.bps" source="original">
    <mtime>1694017007</mtime>
    <size>10262608</size>
    <md5>6c030514782571d4044ccdabd4d68e17</md5>
    <crc32>2144df1c</crc32>
    <sha1>6ec780469ec5cfdb56f7cf60c9b5bdee413e02d4</sha1>
    <format>Unknown</format>
    <viruscheck>1694017466</viruscheck>
  </file>
  <file name="b3313v0.1_archive.torrent" source="metadata">
    <btih>b88d1f94e3801f170cd7c7511df04e699716d4ac</btih>
    <mtime>1694533018</mtime>
    <size>2002</size>
    <md5>8ab626f86bb91616ad71be373e8ca864</md5>
    <crc32>84631391</crc32>
    <sha1>0bd73c99d47c4cc773cbc0507e7f09852b81f125</sha1>
    <format>Archive BitTorrent</format>
  </file>
  <file name="b3313v0.1_files.xml" source="original">
    <format>Metadata</format>
    <md5>f4793f6390ed64d27cd1481af02ee47a</md5>
    <summation>md5</summation>
  </file>
  <file name="b3313v0.1_meta.sqlite" source="original">
    <mtime>1694017085</mtime>
    <size>20480</size>
    <md5>0378a83721edb60d2301d30102217639</md5>
    <crc32>78485741</crc32>
    <sha1>e02b9b144ba34b9185210f2b217c12d097c9ba58</sha1>
    <format>Metadata</format>
  </file>
  <file name="b3313v0.1_meta.xml" source="original">
    <mtime>1694017466</mtime>
    <size>932</size>
    <md5>3502bd0458d53edd0752e230db6383a8</md5>
    <crc32>49947514</crc32>
    <sha1>dcccf836d5f54bdfbe4710ae27a3d17abe0c8546</sha1>
    <format>Metadata</format>
  </file>
  <file name="b3313v0.1_reviews.xml" source="original">
    <mtime>1694533014</mtime>
    <size>943</size>
    <md5>e84980ff69b56edc58657d2aa97b1f39</md5>
    <crc32>f8fa65e2</crc32>
    <sha1>36ec3f6178b2a0d2361d7b905e8faf4ce7ce111f</sha1>
    <format>Metadata</format>
  </file>
</files>
