<?xml version="1.0" encoding="UTF-8"?>
<metadata>
  <identifier>b3313v0.1</identifier>
  <mediatype>data</mediatype>
  <collection>opensource_media</collection>
  <creator>B3313 Team</creator>
  <date>2021-02-19</date>
  <description>B3313 v0.1 leaked beta.&lt;div&gt;If idk,B3313 is an Super Mario 64 romhack themed to beta and "personalized copies".&lt;/div&gt;</description>
  <language>eng</language>
  <licenseurl>https://creativecommons.org/licenses/by-nc-nd/4.0/</licenseurl>
  <scanner>Internet Archive HTML5 Uploader 1.7.0</scanner>
  <subject>b3313</subject>
  <title>B3313 V0.1</title>
  <subject>beta</subject>
  <subject>mario</subject>
  <uploader>chervennyy.egor@gmail.com</uploader>
  <publicdate>2023-09-06 16:17:40</publicdate>
  <addeddate>2023-09-06 16:17:40</addeddate>
  <curation>[curator]validator@archive.org[/curator][date]20230906162426[/date][comment]checked for malware[/comment]</curation>
</metadata>
