<?xml version="1.0" encoding="UTF-8"?>
<reviews itemIdentifier="b3313v0.1">
  <review>
    <reviewtitle>Nice try.</reviewtitle>
    <reviewbody>The 0.1 you posted is a reskin. The real 0.1 is currently lost to this day.

Nice job sir. Nice job.</reviewbody>
    <stars>0</stars>
    <reviewer>notvillager</reviewer>
    <reviewdate>2023-09-10 07:18:09</reviewdate>
    <createdate>2023-09-10 07:18:09</createdate>
    <reviewer_itemname>@notvillager</reviewer_itemname>
  </review>
  <review>
    <reviewtitle>To @novillager</reviewtitle>
    <reviewbody>I found it in the b3313 wiki.I not really know is it real</reviewbody>
    <stars>0</stars>
    <reviewer>SM64-land</reviewer>
    <reviewdate>2023-09-12 15:35:14</reviewdate>
    <createdate>2023-09-12 15:35:14</createdate>
    <reviewer_itemname>@user82326</reviewer_itemname>
  </review>
  <info>
    <num_reviews>2</num_reviews>
    <avg_rating>0.00</avg_rating>
  </info>
</reviews>
