{
  "id": "MAP_HORIZON_ISLAND_SOUTH_COAST_PEAK",
  "name": "HorizonIslandSouthCoastPeak",
  "layout": "LAYOUT_HORIZON_ISLAND_SOUTH_COAST_PEAK",
  "music": "MUS_ABANDONED_MUSEUM",
  "region_map_section": "MAPSEC_LITTLEROOT_TOWN",
  "requires_flash": false,
  "weather": "WEATHER_NONE",
  "map_type": "MAP_TYPE_ROUTE",
  "show_map_name": true,
  "battle_scene": "MAP_BATTLE_SCENE_NORMAL",
  "connections": 0,
  "object_events": [

  ],
  "warp_events": [

  ],
  "coord_events": [

  ],
  "bg_events": [

  ],
  "allow_cycling": true,
  "allow_escaping": false,
  "allow_running": true
}
