<?xml version="1.0" encoding="UTF-8"?>
<metadata>
  <identifier>earth-bound-nnh</identifier>
  <mediatype>data</mediatype>
  <collection>opensource_media</collection>
  <creator>DeltaDev (DELTA_PIXELS)</creator>
  <date>2023-07-27</date>
  <description>A Earthbound rom hack made by me (No Earthbound rom included, just patch arquive).</description>
  <language>english-handwritten</language>
  <scanner>Internet Archive HTML5 Uploader 1.7.0</scanner>
  <subject>Earhbound</subject>
  <title>Earth Bound NNH</title>
  <subject>game</subject>
  <subject>rom hack</subject>
  <subject>modification</subject>
  <uploader>sansmeme124@gmail.com</uploader>
  <publicdate>2023-07-27 17:37:09</publicdate>
  <addeddate>2023-07-27 17:37:09</addeddate>
  <curation>[curator]validator@archive.org[/curator][date]20230727174440[/date][comment]checked for malware[/comment]</curation>
</metadata>
