<?xml version="1.0" encoding="UTF-8"?>
<files>
  <file name="NNH-HACK.zip" source="original">
    <mtime>1690479302</mtime>
    <size>2048956</size>
    <md5>b2100ae33bd6034e48dfe2d7371b712d</md5>
    <crc32>3bf1b959</crc32>
    <sha1>57dd8830bde8934c23680f56307e1f04f71159b0</sha1>
    <format>ZIP</format>
    <filecount>2</filecount>
    <viruscheck>1690479880</viruscheck>
  </file>
  <file name="earth-bound-nnh_archive.torrent" source="metadata">
    <btih>e5ff7f18a98aecedd59f7f4f98ccfb5f8b3ed60c</btih>
    <mtime>1690479886</mtime>
    <size>1734</size>
    <md5>0e7d6ca7dc04ebd396e8d5b2a86856dd</md5>
    <crc32>17c4b591</crc32>
    <sha1>402ed353d303cd83ce9d09ef8b417b6715c9286d</sha1>
    <format>Archive BitTorrent</format>
  </file>
  <file name="earth-bound-nnh_files.xml" source="original">
    <format>Metadata</format>
    <md5>ac5014e92148e16f38ee1ca1d74ac004</md5>
    <summation>md5</summation>
  </file>
  <file name="earth-bound-nnh_meta.sqlite" source="original">
    <mtime>1690479477</mtime>
    <size>20480</size>
    <md5>0b25ba16fb28e144f7d76e0f8cab0869</md5>
    <crc32>e2adfe9d</crc32>
    <sha1>3577ab7babcf0de0f2c30133996394c67332d915</sha1>
    <format>Metadata</format>
  </file>
  <file name="earth-bound-nnh_meta.xml" source="original">
    <mtime>1690479880</mtime>
    <size>884</size>
    <md5>8ed7423e1a3aa377238b64c05a3aabaa</md5>
    <crc32>62d839ee</crc32>
    <sha1>4e06228821af5b6bcf1ecf9c4d3b953c3b44fc87</sha1>
    <format>Metadata</format>
  </file>
</files>
