{
  "id": "MAP_FUCHSIA_CITY_HOUSE3",
  "name": "FuchsiaCity_House3",
  "layout": "LAYOUT_HOUSE1",
  "music": "MUS_FUCHSIA",
  "region_map_section": "MAPSEC_FUCHSIA_CITY",
  "requires_flash": false,
  "weather": "WEATHER_NONE",
  "map_type": "MAP_TYPE_INDOOR",
  "allow_cycling": false,
  "allow_escaping": false,
  "allow_running": false,
  "show_map_name": false,
  "floor_number": 0,
  "battle_scene": "MAP_BATTLE_SCENE_NORMAL",
  "connections": 0,
  "object_events": [
    {
      "type": "object",
      "graphics_id": "OBJ_EVENT_GFX_BALDING_MAN",
      "x": 2,
      "y": 4,
      "elevation": 3,
      "movement_type": "MOVEMENT_TYPE_FACE_RIGHT",
      "movement_range_x": 1,
      "movement_range_y": 1,
      "trainer_type": "TRAINER_TYPE_NONE",
      "trainer_sight_or_berry_tree_id": "0",
      "script": "FuchsiaCity_House3_EventScript_MoveDeleter",
      "flag": "0",
      "in_connection": false
    }
  ],
  "warp_events": [
    {
      "x": 2,
      "y": 7,
      "elevation": 3,
      "dest_map": "MAP_FUCHSIA_CITY",
      "dest_warp_id": "10"
    }
  ],
  "coord_events": [

  ],
  "bg_events": [

  ]
}
