<?xml version="1.0" encoding="UTF-8"?>
<metadata>
  <identifier>CHODIUS_hack</identifier>
  <mediatype>software</mediatype>
  <collection>clearancebin_unsorted</collection>
  <creator>Gilbert Cheung</creator>
  <date>1998-02-03</date>
  <description>&lt;div&gt;Hey everybody!&lt;/div&gt;&lt;div&gt;&lt;br /&gt;&lt;/div&gt;&lt;div&gt;Here it is: CHODIUS, a hack of Gradius for the NES in INes format.&lt;/div&gt;&lt;div&gt;All the hackings are totally done by myself =3, have fun on it!&lt;/div&gt;&lt;div&gt;Usage: Included is the IPS patch for Chodius, you need to find the original Gradius rom yourself (why? think!), you may need an IPS patcher, for your system also (snestool and ucon are good examples).&lt;/div&gt;&lt;div&gt;&lt;br /&gt;&lt;/div&gt;&lt;div&gt;By the way, if you can't read Chinese numerials, see c_table.gif&lt;/div&gt;&lt;div&gt;included in the ZIP file.&lt;/div&gt;</description>
  <language>chi</language>
  <scanner>Internet Archive HTML5 Uploader 1.6.4</scanner>
  <subject>NES</subject>
  <subject>Gradius</subject>
  <subject>romhack</subject>
  <subject>hack</subject>
  <subject>ines</subject>
  <subject>ips patch</subject>
  <subject>nesticle</subject>
  <title>CHODIUS (Gradius hack)</title>
  <uploader>jakubziemkiewicz@op.pl</uploader>
  <publicdate>2021-08-24 20:58:36</publicdate>
  <addeddate>2021-08-24 20:58:36</addeddate>
  <curation>[curator]validator@archive.org[/curator][date]20210824210355[/date][comment]checked for malware[/comment]</curation>
  <collection>clearancebin</collection>
</metadata>
