<?xml version="1.0" encoding="UTF-8"?>
<files>
  <file name="CHODIUS.ZIP" source="original">
    <mtime>1629838690</mtime>
    <size>21293</size>
    <md5>060dc4c1b42bb942837d29962cfac20b</md5>
    <crc32>2311a771</crc32>
    <sha1>a160ed2d0a87051b6396eb1d6c6ef4dbf8edeff5</sha1>
    <format>ZIP</format>
    <viruscheck>1629839035</viruscheck>
    <filecount>3</filecount>
  </file>
  <file name="CHODIUS_hack_archive.torrent" source="metadata">
    <btih>8c1f35daaa1e2d475a8e77d6df2c0053e4eb18ef</btih>
    <mtime>1676607880</mtime>
    <size>2111</size>
    <md5>1e14eb697628dac2da22c5466b427169</md5>
    <crc32>e67a5bc5</crc32>
    <sha1>bd4eacfd6e2c46fba67591ce72e79741e1142544</sha1>
    <format>Archive BitTorrent</format>
  </file>
  <file name="CHODIUS_hack_files.xml" source="original">
    <format>Metadata</format>
    <md5>d699688629e375444fb6142d8014ff25</md5>
    <summation>md5</summation>
  </file>
  <file name="CHODIUS_hack_meta.sqlite" source="original">
    <mtime>1629838723</mtime>
    <size>28672</size>
    <md5>3ab6c3d1fb342b95668e5c6346b8c782</md5>
    <crc32>4457ec9f</crc32>
    <sha1>ce6dd707670184fa8b465d969502e640c3e41466</sha1>
    <format>Metadata</format>
  </file>
  <file name="CHODIUS_hack_meta.xml" source="original">
    <mtime>1676607879</mtime>
    <size>1546</size>
    <md5>cbebb1c694e238f4de901ebbc789b324</md5>
    <crc32>9631617e</crc32>
    <sha1>7d70fd8f0b4172d5ba1d06c792365b82aec30305</sha1>
    <format>Metadata</format>
  </file>
  <file name="__ia_thumb.jpg" source="original">
    <mtime>1629839143</mtime>
    <size>9696</size>
    <md5>5b1c226a3a6a5657c29f2f65f854195d</md5>
    <crc32>47feee53</crc32>
    <sha1>d27b8c5ab796280af4619ec57f8e7c31f37e11b8</sha1>
    <format>Item Tile</format>
    <rotation>0</rotation>
  </file>
  <file name="title.png" source="original">
    <mtime>1629838719</mtime>
    <size>2692</size>
    <md5>bb315f5c89347d0d07cccfd74dddd59c</md5>
    <crc32>f7583eb6</crc32>
    <sha1>fdfb7457b01693f6e2aad4ef8e3cb92325064ca3</sha1>
    <format>PNG</format>
  </file>
  <file name="title_thumb.jpg" source="derivative">
    <format>JPEG Thumb</format>
    <original>title.png</original>
    <mtime>1629839084</mtime>
    <size>7395</size>
    <md5>dc4fe60cf6c549f2c9bbe539e6eff1d4</md5>
    <crc32>1e240720</crc32>
    <sha1>7fa685b7c9f6124ea7dd63c81c1d6f48c4094b2b</sha1>
  </file>
</files>
