{
  "id": "MAP_ROCKFALL_CAVE_B1F",
  "name": "RockfallCave_B1F",
  "layout": "LAYOUT_ROCKFALL_CAVE_B1F",
  "music": "MUS_CAVE",
  "region_map_section": "MAPSEC_ROCKFALL_CAVE",
  "requires_flash": true,
  "weather": "WEATHER_NONE",
  "map_type": "MAP_TYPE_UNDERGROUND",
  "allow_cycling": true,
  "allow_escaping": true,
  "allow_running": true,
  "show_map_name": false,
  "battle_scene": "MAP_BATTLE_SCENE_NORMAL",
  "connections": 0,
  "object_events": [
    {
      "graphics_id": "OBJ_EVENT_GFX_ITEM_BALL",
      "x": 40,
      "y": 30,
      "elevation": 3,
      "movement_type": "MOVEMENT_TYPE_NONE",
      "movement_range_x": 0,
      "movement_range_y": 0,
      "trainer_type": "TRAINER_TYPE_NONE",
      "trainer_sight_or_berry_tree_id": "0",
      "script": "RockfallCave_B1F_EventScript_ItemTM31",
      "flag": "FLAG_ITEM_ROCKFALL_CAVE_B1F_TM_31"
    },
    {
      "graphics_id": "OBJ_EVENT_GFX_ITEM_BALL",
      "x": 3,
      "y": 16,
      "elevation": 3,
      "movement_type": "MOVEMENT_TYPE_NONE",
      "movement_range_x": 0,
      "movement_range_y": 0,
      "trainer_type": "TRAINER_TYPE_NONE",
      "trainer_sight_or_berry_tree_id": "0",
      "script": "RockfallCave_B1F_EventScript_ItemEscapeRope",
      "flag": "FLAG_ITEM_ROCKFALL_CAVE_B1F_ESCAPE_ROPE"
    },
    {
      "graphics_id": "OBJ_EVENT_GFX_CAMPER",
      "x": 6,
      "y": 15,
      "elevation": 3,
      "movement_type": "MOVEMENT_TYPE_FACE_LEFT",
      "movement_range_x": 0,
      "movement_range_y": 0,
      "trainer_type": "TRAINER_TYPE_NONE",
      "trainer_sight_or_berry_tree_id": "0",
      "script": "RockfallCave_B1F_Ranger",
      "flag": "FLAG_HIDE_ROCKFALL_CAVE_B1F_RANGER"
    },
    {
      "graphics_id": "OBJ_EVENT_GFX_LARVITAR_OW",
      "x": 6,
      "y": 9,
      "elevation": 3,
      "movement_type": "MOVEMENT_TYPE_WALK_IN_PLACE_UP",
      "movement_range_x": 0,
      "movement_range_y": 0,
      "trainer_type": "TRAINER_TYPE_NONE",
      "trainer_sight_or_berry_tree_id": "0",
      "script": "RockfallCave_B1F_Larvitar",
      "flag": "FLAG_HIDE_ROCKFALL_CAVE_B1F_LARVITAR"
    },
    {
      "graphics_id": "OBJ_EVENT_GFX_MISDREAVUS",
      "x": 24,
      "y": 31,
      "elevation": 0,
      "movement_type": "MOVEMENT_TYPE_NONE",
      "movement_range_x": 0,
      "movement_range_y": 0,
      "trainer_type": "TRAINER_TYPE_NONE",
      "trainer_sight_or_berry_tree_id": "0",
      "script": "NULL",
      "flag": "0"
    },
    {
      "graphics_id": "OBJ_EVENT_GFX_ZUBAT",
      "x": 33,
      "y": 14,
      "elevation": 0,
      "movement_type": "MOVEMENT_TYPE_NONE",
      "movement_range_x": 0,
      "movement_range_y": 0,
      "trainer_type": "TRAINER_TYPE_NONE",
      "trainer_sight_or_berry_tree_id": "0",
      "script": "NULL",
      "flag": "0"
    },
    {
      "graphics_id": "OBJ_EVENT_GFX_CHARMANDER_OW",
      "x": 5,
      "y": 14,
      "elevation": 0,
      "movement_type": "MOVEMENT_TYPE_NONE",
      "movement_range_x": 0,
      "movement_range_y": 0,
      "trainer_type": "TRAINER_TYPE_NONE",
      "trainer_sight_or_berry_tree_id": "0",
      "script": "RockfallCave_B1F_Charmander",
      "flag": "FLAG_HIDE_ROCKFALL_CAVE_B1F_RANGER"
    }
  ],
  "warp_events": [
    {
      "x": 39,
      "y": 3,
      "elevation": 0,
      "dest_map": "MAP_ROCKFALL_CAVE_1F",
      "dest_warp_id": "4"
    }
  ],
  "coord_events": [
    {
      "type": "trigger",
      "x": 7,
      "y": 15,
      "elevation": 0,
      "var": "VAR_RANGER_EVENT_1",
      "var_value": "1",
      "script": "RockfallCave_B1F_RangerEvent1Main"
    }
  ],
  "bg_events": [
    {
      "type": "hidden_item",
      "x": 6,
      "y": 23,
      "elevation": 0,
      "item": "ITEM_MOON_STONE",
      "flag": "FLAG_HIDDEN_ITEM_VICTORY_ROAD_B2F_ELIXIR"
    }
  ]
}
