{
  "id": "MAP_ANHEIM_TOWN",
  "name": "AnheimTown",
  "layout": "LAYOUT_ANHEIM_TOWN",
  "music": "MUS_ANHEIM_TOWN",
  "region_map_section": "MAPSEC_ANHEIM_TOWN",
  "requires_flash": false,
  "weather": "WEATHER_NONE",
  "map_type": "MAP_TYPE_TOWN",
  "allow_cycling": true,
  "allow_escaping": false,
  "allow_running": true,
  "show_map_name": true,
  "battle_scene": "MAP_BATTLE_SCENE_NORMAL",
  "connections": 0,
  "object_events": [
    {
      "graphics_id": "OBJ_EVENT_GFX_ITEM_BALL",
      "x": 46,
      "y": 61,
      "elevation": 3,
      "movement_type": "MOVEMENT_TYPE_NONE",
      "movement_range_x": 0,
      "movement_range_y": 0,
      "trainer_type": "TRAINER_TYPE_NONE",
      "trainer_sight_or_berry_tree_id": "0",
      "script": "AnheimTown_EventScript_ItemHPUp",
      "flag": "FLAG_ITEM_ANHEIM_TOWN_HP_UP"
    },
    {
      "graphics_id": "OBJ_EVENT_GFX_BOY_3",
      "x": 34,
      "y": 34,
      "elevation": 3,
      "movement_type": "MOVEMENT_TYPE_WANDER_AROUND",
      "movement_range_x": 0,
      "movement_range_y": 0,
      "trainer_type": "TRAINER_TYPE_NONE",
      "trainer_sight_or_berry_tree_id": "0",
      "script": "AnheimTown_Boy",
      "flag": "0"
    },
    {
      "graphics_id": "OBJ_EVENT_GFX_TWIN",
      "x": 40,
      "y": 40,
      "elevation": 3,
      "movement_type": "MOVEMENT_TYPE_NONE",
      "movement_range_x": 0,
      "movement_range_y": 0,
      "trainer_type": "TRAINER_TYPE_NONE",
      "trainer_sight_or_berry_tree_id": "0",
      "script": "AnheimTown_Story_Time",
      "flag": "0"
    },
    {
      "graphics_id": "OBJ_EVENT_GFX_OLD_MAN",
      "x": 41,
      "y": 26,
      "elevation": 3,
      "movement_type": "MOVEMENT_TYPE_NONE",
      "movement_range_x": 0,
      "movement_range_y": 0,
      "trainer_type": "TRAINER_TYPE_NONE",
      "trainer_sight_or_berry_tree_id": "0",
      "script": "AnheimTown_Old_Man",
      "flag": "0"
    },
    {
      "graphics_id": "OBJ_EVENT_GFX_EXPERT_M",
      "x": 50,
      "y": 41,
      "elevation": 3,
      "movement_type": "MOVEMENT_TYPE_WANDER_UP_AND_DOWN",
      "movement_range_x": 0,
      "movement_range_y": 0,
      "trainer_type": "TRAINER_TYPE_NONE",
      "trainer_sight_or_berry_tree_id": "0",
      "script": "AnheimTown_Gentleman",
      "flag": "0"
    },
    {
      "graphics_id": "OBJ_EVENT_GFX_LITTLE_GIRL",
      "x": 44,
      "y": 53,
      "elevation": 3,
      "movement_type": "MOVEMENT_TYPE_FACE_DOWN_AND_RIGHT",
      "movement_range_x": 0,
      "movement_range_y": 0,
      "trainer_type": "TRAINER_TYPE_NONE",
      "trainer_sight_or_berry_tree_id": "0",
      "script": "AnheimTown_Little_Girl",
      "flag": "0"
    },
    {
      "graphics_id": "OBJ_EVENT_GFX_POKEFAN_F",
      "x": 45,
      "y": 53,
      "elevation": 3,
      "movement_type": "MOVEMENT_TYPE_FACE_DOWN_LEFT_AND_RIGHT",
      "movement_range_x": 0,
      "movement_range_y": 0,
      "trainer_type": "TRAINER_TYPE_NONE",
      "trainer_sight_or_berry_tree_id": "0",
      "script": "AnheimTown_Mother",
      "flag": "0"
    },
    {
      "graphics_id": "OBJ_EVENT_GFX_GIRL_2",
      "x": 33,
      "y": 45,
      "elevation": 3,
      "movement_type": "MOVEMENT_TYPE_WANDER_LEFT_AND_RIGHT",
      "movement_range_x": 0,
      "movement_range_y": 0,
      "trainer_type": "TRAINER_TYPE_NONE",
      "trainer_sight_or_berry_tree_id": "0",
      "script": "AnheimTown_Girl",
      "flag": "0"
    },
    {
      "graphics_id": "OBJ_EVENT_GFX_ITEM_BALL",
      "x": 61,
      "y": 26,
      "elevation": 3,
      "movement_type": "MOVEMENT_TYPE_NONE",
      "movement_range_x": 0,
      "movement_range_y": 0,
      "trainer_type": "TRAINER_TYPE_NONE",
      "trainer_sight_or_berry_tree_id": "0",
      "script": "AnheimTown_EventScript_ItemEther",
      "flag": "FLAG_ITEM_ANHEIM_TOWN_ETHER"
    },
    {
      "graphics_id": "OBJ_EVENT_GFX_GIRL_1",
      "x": 26,
      "y": 34,
      "elevation": 3,
      "movement_type": "MOVEMENT_TYPE_NONE",
      "movement_range_x": 0,
      "movement_range_y": 0,
      "trainer_type": "TRAINER_TYPE_NONE",
      "trainer_sight_or_berry_tree_id": "0",
      "script": "AnheimTown_Girl_2",
      "flag": "0"
    },
    {
      "graphics_id": "OBJ_EVENT_GFX_SPINARAK",
      "x": 69,
      "y": 44,
      "elevation": 0,
      "movement_type": "MOVEMENT_TYPE_NONE",
      "movement_range_x": 0,
      "movement_range_y": 0,
      "trainer_type": "TRAINER_TYPE_NONE",
      "trainer_sight_or_berry_tree_id": "0",
      "script": "NULL",
      "flag": "0"
    },
    {
      "graphics_id": "OBJ_EVENT_GFX_SPINARAK",
      "x": 32,
      "y": 54,
      "elevation": 0,
      "movement_type": "MOVEMENT_TYPE_NONE",
      "movement_range_x": 0,
      "movement_range_y": 0,
      "trainer_type": "TRAINER_TYPE_NONE",
      "trainer_sight_or_berry_tree_id": "0",
      "script": "NULL",
      "flag": "0"
    },
    {
      "graphics_id": "OBJ_EVENT_GFX_PINECO",
      "x": 61,
      "y": 16,
      "elevation": 0,
      "movement_type": "MOVEMENT_TYPE_NONE",
      "movement_range_x": 0,
      "movement_range_y": 0,
      "trainer_type": "TRAINER_TYPE_NONE",
      "trainer_sight_or_berry_tree_id": "0",
      "script": "NULL",
      "flag": "0"
    },
    {
      "graphics_id": "OBJ_EVENT_GFX_PINECO",
      "x": 71,
      "y": 24,
      "elevation": 0,
      "movement_type": "MOVEMENT_TYPE_NONE",
      "movement_range_x": 0,
      "movement_range_y": 0,
      "trainer_type": "TRAINER_TYPE_NONE",
      "trainer_sight_or_berry_tree_id": "0",
      "script": "NULL",
      "flag": "0"
    },
    {
      "graphics_id": "OBJ_EVENT_GFX_MAN_4",
      "x": 64,
      "y": 55,
      "elevation": 0,
      "movement_type": "MOVEMENT_TYPE_NONE",
      "movement_range_x": 0,
      "movement_range_y": 0,
      "trainer_type": "TRAINER_TYPE_NONE",
      "trainer_sight_or_berry_tree_id": "0",
      "script": "AnheimTown_Man",
      "flag": "0"
    },
    {
      "graphics_id": "OBJ_EVENT_GFX_NINJA_BOY",
      "x": 56,
      "y": 35,
      "elevation": 0,
      "movement_type": "MOVEMENT_TYPE_INVISIBLE",
      "movement_range_x": 0,
      "movement_range_y": 0,
      "trainer_type": "TRAINER_TYPE_NONE",
      "trainer_sight_or_berry_tree_id": "0",
      "script": "AnheimForest_Door",
      "flag": "0"
    }
  ],
  "warp_events": [
    {
      "x": 62,
      "y": 50,
      "elevation": 3,
      "dest_map": "MAP_ANHEIM_TOWN_POKEMON_CENTER_1F",
      "dest_warp_id": "0"
    },
    {
      "x": 43,
      "y": 52,
      "elevation": 3,
      "dest_map": "MAP_ANHEIM_TOWN_HOUSE1",
      "dest_warp_id": "1"
    },
    {
      "x": 44,
      "y": 40,
      "elevation": 3,
      "dest_map": "MAP_ANHEIM_TOWN_HOUSE2",
      "dest_warp_id": "1"
    },
    {
      "x": 62,
      "y": 22,
      "elevation": 3,
      "dest_map": "MAP_ANHEIM_TOWN_MART",
      "dest_warp_id": "0"
    },
    {
      "x": 58,
      "y": 16,
      "elevation": 3,
      "dest_map": "MAP_ROUTE5",
      "dest_warp_id": "0"
    },
    {
      "x": 59,
      "y": 16,
      "elevation": 3,
      "dest_map": "MAP_ROUTE5",
      "dest_warp_id": "1"
    },
    {
      "x": 7,
      "y": 40,
      "elevation": 3,
      "dest_map": "MAP_FORESTS_HEART",
      "dest_warp_id": "0"
    },
    {
      "x": 7,
      "y": 41,
      "elevation": 3,
      "dest_map": "MAP_FORESTS_HEART",
      "dest_warp_id": "1"
    },
    {
      "x": 54,
      "y": 24,
      "elevation": 3,
      "dest_map": "MAP_ANHEIM_TOWN_HOUSE3",
      "dest_warp_id": "1"
    },
    {
      "x": 56,
      "y": 74,
      "elevation": 0,
      "dest_map": "MAP_ANHEIM_FOREST",
      "dest_warp_id": "5"
    },
    {
      "x": 57,
      "y": 74,
      "elevation": 0,
      "dest_map": "MAP_ANHEIM_FOREST",
      "dest_warp_id": "6"
    }
  ],
  "coord_events": [

  ],
  "bg_events": [
    {
      "type": "sign",
      "x": 42,
      "y": 25,
      "elevation": 0,
      "player_facing_dir": "BG_EVENT_PLAYER_FACING_ANY",
      "script": "AnheimTown_Sign_Protector"
    },
    {
      "type": "sign",
      "x": 55,
      "y": 44,
      "elevation": 0,
      "player_facing_dir": "BG_EVENT_PLAYER_FACING_ANY",
      "script": "AnheimTown_Sign"
    },
    {
      "type": "sign",
      "x": 57,
      "y": 37,
      "elevation": 0,
      "player_facing_dir": "BG_EVENT_PLAYER_FACING_ANY",
      "script": "AnheimTown_Sign_Church"
    }
  ]
}
