{
  "id": "MAP_CHANDRA_VILLAGE_PLAYER_HOUSE_1F",
  "name": "ChandraVillage_PlayerHouse_1F",
  "layout": "LAYOUT_CHANDRA_VILLAGE_PLAYER_HOUSE_1F",
  "music": "MUS_CHANDRA_VILLAGE",
  "region_map_section": "MAPSEC_CHANDRA_VILLAGE",
  "requires_flash": false,
  "weather": "WEATHER_NONE",
  "map_type": "MAP_TYPE_INDOOR",
  "allow_cycling": false,
  "allow_escaping": false,
  "allow_running": true,
  "show_map_name": false,
  "battle_scene": "MAP_BATTLE_SCENE_NORMAL",
  "connections": 0,
  "object_events": [
    {
      "graphics_id": "OBJ_EVENT_GFX_MOM",
      "x": 6,
      "y": 5,
      "elevation": 3,
      "movement_type": "MOVEMENT_TYPE_FACE_LEFT",
      "movement_range_x": 0,
      "movement_range_y": 0,
      "trainer_type": "TRAINER_TYPE_NONE",
      "trainer_sight_or_berry_tree_id": "0",
      "script": "ChandraVillage_PlayerHouse_1F_Mother",
      "flag": "0"
    }
  ],
  "warp_events": [
    {
      "x": 4,
      "y": 8,
      "elevation": 3,
      "dest_map": "MAP_CHANDRA_VILLAGE",
      "dest_warp_id": "0"
    },
    {
      "x": 8,
      "y": 2,
      "elevation": 3,
      "dest_map": "MAP_CHANDRA_VILLAGE_PLAYER_HOUSE_2F",
      "dest_warp_id": "0"
    }
  ],
  "coord_events": [
    {
      "type": "trigger",
      "x": 4,
      "y": 8,
      "elevation": 0,
      "var": "VAR_STORYLINE_STATE",
      "var_value": "2",
      "script": "ChandraVillage_Playerhouse_1F_Storyline_State_3_Running_Shoes"
    }
  ],
  "bg_events": [
    {
      "type": "sign",
      "x": 0,
      "y": 2,
      "elevation": 0,
      "player_facing_dir": "BG_EVENT_PLAYER_FACING_ANY",
      "script": "Refrigerator_Sign"
    }
  ]
}
