﻿<wiidisc version="1" root="/Chibi_eng">
    <id game="R24">
      <region type="J" />
    </id>
    <options>
        <section name="CHIBI-ROBO ENGLISH">
            <option name="English translation" id="patcher"  default="1">
                <choice name="Activated"><patch id="mainpatch" /></choice>
            </option>
        </section>
    </options>
    <patch id="mainpatch">
        <file disc="main.dol" external="main.dol" />
        <folder disc="/BIN/" external="BIN/" />
        <folder disc="/TPL/" external="TPL/" />
        <folder disc="/ITEM/" external="ITEM/" />
        <folder disc="/HOW_TO_CHIBIROBO/" external="HOW_TO_CHIBIROBO/" />
        <folder disc="/MOVIE/" external="MOVIE/" />
        <folder disc="/CHIBIHOUSE/" external="CHIBIHOUSE/" />
        <folder disc="/KITCHEN/" external="KITCHEN/" />
        <folder disc="/LIVING/" external="LIVING/" />
        <folder disc="/HBM/" external="HBM/" />
    </patch>
</wiidisc>