{
  "id": "MAP_INDIGO_PLATEAU_POKEMON_CENTER_1F",
  "name": "IndigoPlateau_PokemonCenter_1F",
  "layout": "LAYOUT_INDIGO_PLATEAU_POKEMON_CENTER_1F",
  "music": "MUS_GYM",
  "region_map_section": "MAPSEC_INDIGO_PLATEAU",
  "requires_flash": false,
  "weather": "WEATHER_NONE",
  "map_type": "MAP_TYPE_INDOOR",
  "allow_cycling": false,
  "allow_escaping": false,
  "allow_running": false,
  "show_map_name": false,
  "floor_number": 0,
  "battle_scene": "MAP_BATTLE_SCENE_GYM",
  "connections": 0,
  "object_events": [
    {
      "type": "object",
      "graphics_id": "OBJ_EVENT_GFX_CLERK",
      "x": 0,
      "y": 5,
      "elevation": 3,
      "movement_type": "MOVEMENT_TYPE_FACE_RIGHT",
      "movement_range_x": 1,
      "movement_range_y": 1,
      "trainer_type": "TRAINER_TYPE_NONE",
      "trainer_sight_or_berry_tree_id": "0",
      "script": "IndigoPlateau_PokemonCenter_1F_EventScript_Clerk",
      "flag": "0",
      "in_connection": false
    },
    {
      "type": "object",
      "graphics_id": "OBJ_EVENT_GFX_NURSE",
      "x": 7,
      "y": 5,
      "elevation": 3,
      "movement_type": "MOVEMENT_TYPE_FACE_DOWN",
      "movement_range_x": 1,
      "movement_range_y": 1,
      "trainer_type": "TRAINER_TYPE_NONE",
      "trainer_sight_or_berry_tree_id": "0",
      "script": "IndigoPlateau_PokemonCenter_1F_EventScript_Nurse",
      "flag": "0",
      "in_connection": false
    },
    {
      "type": "object",
      "graphics_id": "OBJ_EVENT_GFX_GYM_GUY",
      "x": 4,
      "y": 9,
      "elevation": 3,
      "movement_type": "MOVEMENT_TYPE_FACE_RIGHT",
      "movement_range_x": 1,
      "movement_range_y": 1,
      "trainer_type": "TRAINER_TYPE_NONE",
      "trainer_sight_or_berry_tree_id": "0",
      "script": "IndigoPlateau_PokemonCenter_1F_EventScript_GymGuy",
      "flag": "0",
      "in_connection": false
    },
    {
      "type": "object",
      "graphics_id": "OBJ_EVENT_GFX_COOLTRAINER_F",
      "x": 5,
      "y": 1,
      "elevation": 3,
      "movement_type": "MOVEMENT_TYPE_FACE_DOWN",
      "movement_range_x": 1,
      "movement_range_y": 1,
      "trainer_type": "TRAINER_TYPE_NONE",
      "trainer_sight_or_berry_tree_id": "0",
      "script": "IndigoPlateau_PokemonCenter_1F_EventScript_DoorGuard",
      "flag": "0",
      "in_connection": false
    },
    {
      "type": "object",
      "graphics_id": "0",
      "x": 0,
      "y": 11,
      "elevation": 0,
      "movement_type": "MOVEMENT_TYPE_INVISIBLE",
      "movement_range_x": 1,
      "movement_range_y": 1,
      "trainer_type": "TRAINER_TYPE_NONE",
      "trainer_sight_or_berry_tree_id": "0",
      "script": "IndigoPlateau_PokemonCenter_1F_EventScript_PokemonJournal",
      "flag": "FLAG_HIDE_POSTGAME_GOSSIPERS",
      "in_connection": false
    },
    {
      "type": "object",
      "graphics_id": "0",
      "x": 1,
      "y": 11,
      "elevation": 0,
      "movement_type": "MOVEMENT_TYPE_INVISIBLE",
      "movement_range_x": 1,
      "movement_range_y": 1,
      "trainer_type": "TRAINER_TYPE_NONE",
      "trainer_sight_or_berry_tree_id": "0",
      "script": "IndigoPlateau_PokemonCenter_1F_EventScript_PokemonJournal",
      "flag": "FLAG_HIDE_POSTGAME_GOSSIPERS",
      "in_connection": false
    },
    {
      "type": "object",
      "graphics_id": "OBJ_EVENT_GFX_CABLE_CLUB_RECEPTIONIST",
      "x": 13,
      "y": 6,
      "elevation": 3,
      "movement_type": "MOVEMENT_TYPE_FACE_DOWN",
      "movement_range_x": 0,
      "movement_range_y": 0,
      "trainer_type": "TRAINER_TYPE_NONE",
      "trainer_sight_or_berry_tree_id": "0",
      "script": "Common_EventScript_DirectCornerAttendant",
      "flag": "0"
    }
  ],
  "warp_events": [
    {
      "x": 8,
      "y": 11,
      "elevation": 3,
      "dest_map": "MAP_INDIGO_PLATEAU_EXTERIOR",
      "dest_warp_id": "1"
    },
    {
      "x": 8,
      "y": 0,
      "elevation": 3,
      "dest_map": "MAP_POKEMON_LEAGUE_LORELEIS_ROOM",
      "dest_warp_id": "0"
    },
    {
      "x": 7,
      "y": 11,
      "elevation": 3,
      "dest_map": "MAP_INDIGO_PLATEAU_EXTERIOR",
      "dest_warp_id": "0"
    },
    {
      "x": 13,
      "y": 7,
      "elevation": 0,
      "dest_map": "MAP_TRADE_CENTER",
      "dest_warp_id": "0"
    }
  ],
  "coord_events": [

  ],
  "bg_events": [

  ]
}
