{
  "id": "MAP_ONE_ISLAND_HOUSE2",
  "name": "OneIsland_House2",
  "layout": "LAYOUT_HOUSE3",
  "music": "MUS_SEVII_123",
  "region_map_section": "MAPSEC_ONE_ISLAND",
  "requires_flash": false,
  "weather": "WEATHER_NONE",
  "map_type": "MAP_TYPE_INDOOR",
  "allow_cycling": false,
  "allow_escaping": false,
  "allow_running": false,
  "show_map_name": false,
  "floor_number": 0,
  "battle_scene": "MAP_BATTLE_SCENE_NORMAL",
  "connections": null,
  "object_events": [
    {
      "type": "object",
      "graphics_id": "OBJ_EVENT_GFX_LASS",
      "x": 9,
      "y": 4,
      "elevation": 3,
      "movement_type": "MOVEMENT_TYPE_LOOK_AROUND",
      "movement_range_x": 1,
      "movement_range_y": 1,
      "trainer_type": "TRAINER_TYPE_NONE",
      "trainer_sight_or_berry_tree_id": "0",
      "script": "OneIsland_House2_EventScript_Lass",
      "flag": "0"
    }
  ],
  "warp_events": [
    {
      "x": 4,
      "y": 7,
      "elevation": 3,
      "dest_map": "MAP_ONE_ISLAND",
      "dest_warp_id": "2"
    }
  ],
  "coord_events": [],
  "bg_events": []
}
