<?xml version="1.0" encoding="UTF-8"?>
<files>
  <file name="Dragon-Quest-5-DS-Monster-Trainer-mod-v1/Dragon-Quest-5-DS-Monster-Trainer-mod-v1.0.ups" source="original">
    <mtime>1608468825</mtime>
    <size>17198</size>
    <md5>dcd5d09e590d34ba7f128f920a69b222</md5>
    <crc32>2144df1c</crc32>
    <sha1>f5a372bdce381541330adf1be0654b5463890902</sha1>
    <format>Unknown</format>
  </file>
  <file name="Dragon-Quest-5-DS-Monster-Trainer-mod-v1/Dragon-Quest-5-Monster-Trainer-Mod-readme.txt" source="original">
    <mtime>1608468842</mtime>
    <size>4333</size>
    <md5>346904fbaec9d47eaadf1f5d435f2c30</md5>
    <crc32>bc1ff4c6</crc32>
    <sha1>002fc2eb002f377dc0b32fbc41ce7284bc06d357</sha1>
    <format>Text</format>
  </file>
  <file name="dq5-ds-monster-trainer_archive.torrent" source="metadata">
    <btih>00f2b2767f82dcc551390930e41a26ace431e413</btih>
    <mtime>1613308200</mtime>
    <size>2024</size>
    <md5>924d61962a068c300968904fb006a8f7</md5>
    <crc32>a7b56d9e</crc32>
    <sha1>e3bd8deae5d800919286d7f4774027ea5c24d028</sha1>
    <format>Archive BitTorrent</format>
  </file>
  <file name="dq5-ds-monster-trainer_files.xml" source="original">
    <format>Metadata</format>
    <md5>a38301581d30d5a114ca2e102145f625</md5>
  </file>
  <file name="dq5-ds-monster-trainer_meta.sqlite" source="original">
    <mtime>1608468863</mtime>
    <size>18432</size>
    <md5>400c1704a6f9bb088fce118bce8aa694</md5>
    <crc32>2f9d4dbd</crc32>
    <sha1>52182ea56ebb324b9c6dc68e4534f47331f41d8e</sha1>
    <format>Metadata</format>
  </file>
  <file name="dq5-ds-monster-trainer_meta.xml" source="original">
    <mtime>1613308200</mtime>
    <size>2011</size>
    <md5>c649a34e51b106fe8189c22833608fdc</md5>
    <crc32>607c16ef</crc32>
    <sha1>9fa0ceddf7c2e5b1e16ff692bb7716925c9e740b</sha1>
    <format>Metadata</format>
  </file>
</files>
