<?xml version="1.0" encoding="UTF-8"?>
<metadata>
  <identifier>dq5-ds-monster-trainer</identifier>
  <mediatype>software</mediatype>
  <collection>open_source_software</collection>
  <creator>ludmeister</creator>
  <date>2012</date>
  <description>This â€œMonster Trainer modâ€ was created to emphasize the monster recruitment feature of Dragon Quest 5. It is understood that players will likely want to travel with the Monster Trainer, Wife, Hero, and Daughter late in the game, but even still players should be given the option of recruiting monsters that provide alternate strategies if the player desires. For those that enjoy the monster training aspects of Dragon Quest 5, this mod offers greater potential for putting together your winning party. Secondarily, it makes monsters easier to recruit, reducing the frustration in grinding to recruit your favorite potential team members. It also aims to give different monsters equipment which is better suited to their abilities and personalities. There are some changes to the stats of some human characters, as well as some monsters, but this is one of ludmeisterâ€™s more subtle gameplay mods, as Dragon Quest 5 was excellently paced and balanced already. Chapter 1 will not play much differently, but Chapters 2 and 3 should be much more fun and engaging.</description>
  <language>eng</language>
  <scanner>Internet Archive HTML5 Uploader 1.6.4</scanner>
  <subject>ludmeister</subject>
  <subject>hack</subject>
  <subject>rom</subject>
  <subject>game</subject>
  <subject>nintendo</subject>
  <subject>zophar</subject>
  <title>Dragon Quest V: Hand of the Heavenly Bride Hack for Nintendo DS</title>
  <uploader>rohan_obrien@icloud.com</uploader>
  <publicdate>2020-12-20 12:54:12</publicdate>
  <addeddate>2020-12-20 12:54:12</addeddate>
  <curation>[curator]validator@archive.org[/curator][date]20201220125938[/date][comment]checked for malware[/comment]</curation>
  <year>2012</year>
  <collection>community</collection>
</metadata>
