<?xml version="1.0" encoding="UTF-8"?>
<metadata>
  <identifier>smw-hack-giuseppes-adventure</identifier>
  <mediatype>software</mediatype>
  <collection>open_source_software</collection>
  <creator>MBJ</creator>
  <date>2022</date>
  <description>&lt;div&gt;You can also check the soundtrack (.FLAC/.MP3) with 48000Hz and Sinc Interpolation here: https://archive.org/details/giuseppes-adventure-ost&lt;/div&gt;&lt;div&gt;&lt;br /&gt;&lt;/div&gt;&lt;div&gt;This is a Super Mario World hack called "Giuseppe's Adventure" made by MBJ in 2022, it's a brazilian mod, so all the texts are in portuguese, here is the "Readme" inside the .zip file, also in portguese:&lt;/div&gt;&lt;div&gt;&lt;br /&gt;&lt;/div&gt;&lt;div&gt;Para instalar a hack, use o Lunar IPS, Floating IPS ou o patcher online&lt;br /&gt;(Que está nesse link https://www.romhacking.net/patch/ aí)&lt;br /&gt;Coloque o Giuseppe's Adventure.IPS como o arquivo de patch&lt;br /&gt;Coloque a ROM de Super Mario World (uma ROM limpa, sem hacks sem nada) no patcher&lt;br /&gt;E assim você terá a ROM!&lt;br /&gt;&lt;br /&gt;O motivo pra não ter a ROM inserida na pasta é para evitar problemas com a Nintendo.&lt;br /&gt;&lt;br /&gt;Hack: MBJ&lt;br /&gt;Ideia do Gebotinha: Turmix Victor&lt;br /&gt;Sprites do Giuseppe, Seph e Gebotinha: MauriN64 e Maker&lt;br /&gt;&lt;br /&gt;Obrigado por ler!&lt;/div&gt;</description>
  <language>por</language>
  <scanner>Internet Archive HTML5 Uploader 1.7.0</scanner>
  <subject>Hack</subject>
  <subject>MOD</subject>
  <subject>IPS</subject>
  <title>Super Mario World Hack - Giuseppe's Adventure 1.0</title>
  <uploader>mbj.nove@gmail.com</uploader>
  <publicdate>2025-08-24 00:42:20</publicdate>
  <addeddate>2025-08-24 00:42:20</addeddate>
  <curation>[curator]validator@archive.org[/curator][date]20250824004841[/date][comment]checked for malware[/comment]</curation>
</metadata>
