<?xml version="1.0" encoding="UTF-8"?>
<files>
  <file name="EU VIREI UM JOGO DE SUPER NINTENDO! 😱 • Giuseppe's Adventure-l9su3FmGfd0.mp4" source="original">
    <mtime>1755998240</mtime>
    <size>12498513</size>
    <md5>dd2cb6b26c8509e6b7cf49c425e2aaa3</md5>
    <crc32>831d370d</crc32>
    <sha1>9546f389dd658763f6a0394c5da849e9ea8f2e04</sha1>
    <format>MPEG4</format>
    <length>30.47</length>
    <width>1920</width>
    <height>1080</height>
  </file>
  <file name="Giuseppe's Adventure - Capa.png" source="original">
    <mtime>1755996143</mtime>
    <size>683201</size>
    <md5>115a544fdc28de02921f8a785b94ce41</md5>
    <crc32>b7cd7acd</crc32>
    <sha1>0376fa1277e2f6db245e0c604930c8ab0fac6c3d</sha1>
    <format>PNG</format>
  </file>
  <file name="Giuseppe's Adventure - Capa_thumb.jpg" source="derivative">
    <format>JPEG Thumb</format>
    <original>Giuseppe's Adventure - Capa.png</original>
    <mtime>1755996703</mtime>
    <size>16143</size>
    <md5>08793aee6b15f22f36385352deb21b3e</md5>
    <crc32>1fcea6c2</crc32>
    <sha1>6b388165211b1a15405e2f469666044315cf1fcd</sha1>
  </file>
  <file name="Giuseppe's Adventure.ips" source="original">
    <mtime>1755996146</mtime>
    <size>1261827</size>
    <md5>f40599c6073d6d249ef9ac1d41945642</md5>
    <crc32>30933071</crc32>
    <sha1>28c1573cad8f9d8eac353662ca7231b4cbc22a8c</sha1>
    <format>Unknown</format>
    <viruscheck>1755996521</viruscheck>
  </file>
  <file name="Leia-Me - Como Instalar.txt" source="original">
    <mtime>1755996149</mtime>
    <size>520</size>
    <md5>43cc0952499a34733b84aecb78a12865</md5>
    <crc32>cc0de69c</crc32>
    <sha1>973eba7859c5c13841371f293b32fb48ba4ea7fc</sha1>
    <format>Text</format>
    <viruscheck>1755996521</viruscheck>
  </file>
  <file name="__ia_thumb.jpg" source="original">
    <mtime>1755999481</mtime>
    <size>10267</size>
    <md5>9cba6b66f209db8cfab3a82a0b0c9305</md5>
    <crc32>9ae214ee</crc32>
    <sha1>4c38fee5245ad78fcdc6cb0e3a44f84d55e26ae3</sha1>
    <format>Item Tile</format>
  </file>
  <file name="smw-hack-giuseppes-adventure.thumbs/EU VIREI UM JOGO DE SUPER NINTENDO! 😱 • Giuseppe's Adventure-l9su3FmGfd0_000001.jpg" source="derivative">
    <format>Thumbnail</format>
    <original>EU VIREI UM JOGO DE SUPER NINTENDO! 😱 • Giuseppe's Adventure-l9su3FmGfd0.mp4</original>
    <mtime>1755998617</mtime>
    <size>51751</size>
    <md5>34c25fbbc56bfffef77f600a9054c21b</md5>
    <crc32>f9d904b7</crc32>
    <sha1>90f0f028fe88af44492deb1da5aafcb52bff419e</sha1>
  </file>
  <file name="smw-hack-giuseppes-adventure.thumbs/EU VIREI UM JOGO DE SUPER NINTENDO! 😱 • Giuseppe's Adventure-l9su3FmGfd0_000010.jpg" source="derivative">
    <format>Thumbnail</format>
    <original>EU VIREI UM JOGO DE SUPER NINTENDO! 😱 • Giuseppe's Adventure-l9su3FmGfd0.mp4</original>
    <mtime>1755998617</mtime>
    <size>53782</size>
    <md5>26d679a3380bae5adcc6702eb896f89e</md5>
    <crc32>5317bcbb</crc32>
    <sha1>0073dc4a1731a8431ed0ab6fd35d92138076024a</sha1>
  </file>
  <file name="smw-hack-giuseppes-adventure.thumbs/EU VIREI UM JOGO DE SUPER NINTENDO! 😱 • Giuseppe's Adventure-l9su3FmGfd0_000015.jpg" source="derivative">
    <format>Thumbnail</format>
    <original>EU VIREI UM JOGO DE SUPER NINTENDO! 😱 • Giuseppe's Adventure-l9su3FmGfd0.mp4</original>
    <mtime>1755998618</mtime>
    <size>62715</size>
    <md5>3ca93790d7e02fd60ee616728af92683</md5>
    <crc32>24098b78</crc32>
    <sha1>18fbaeb84f7050a205dc55055b27e048c8846a78</sha1>
  </file>
  <file name="smw-hack-giuseppes-adventure.thumbs/EU VIREI UM JOGO DE SUPER NINTENDO! 😱 • Giuseppe's Adventure-l9su3FmGfd0_000020.jpg" source="derivative">
    <format>Thumbnail</format>
    <original>EU VIREI UM JOGO DE SUPER NINTENDO! 😱 • Giuseppe's Adventure-l9su3FmGfd0.mp4</original>
    <mtime>1755998619</mtime>
    <size>50099</size>
    <md5>02831e1c5fc91e4bfdee95f2b60eb20b</md5>
    <crc32>037c92eb</crc32>
    <sha1>f4e938584b76090e66844b20c6f56046dcb5c7b6</sha1>
  </file>
  <file name="smw-hack-giuseppes-adventure.thumbs/EU VIREI UM JOGO DE SUPER NINTENDO! 😱 • Giuseppe's Adventure-l9su3FmGfd0_000025.jpg" source="derivative">
    <format>Thumbnail</format>
    <original>EU VIREI UM JOGO DE SUPER NINTENDO! 😱 • Giuseppe's Adventure-l9su3FmGfd0.mp4</original>
    <mtime>1755998621</mtime>
    <size>76123</size>
    <md5>8dfd0e01cfbd8009521c8ca8760b6749</md5>
    <crc32>8078a896</crc32>
    <sha1>c7fe4990e685876b9a944a45a5c41a428945ff60</sha1>
  </file>
  <file name="smw-hack-giuseppes-adventure_archive.torrent" source="metadata">
    <btih>8daa712260be3f8f8132038bf6c64fc24cbd01cc</btih>
    <mtime>1756003851</mtime>
    <size>2801</size>
    <md5>04d3d466a098bacc006a43db02e5363a</md5>
    <crc32>99c5dff7</crc32>
    <sha1>24b10285ef1781b6af26fd03feb6bd2913093478</sha1>
    <format>Archive BitTorrent</format>
  </file>
  <file name="smw-hack-giuseppes-adventure_files.xml" source="original">
    <format>Metadata</format>
    <md5>dac70f6c01b561c80c103133c815c682</md5>
    <summation>md5</summation>
  </file>
  <file name="smw-hack-giuseppes-adventure_meta.sqlite" source="original">
    <mtime>1755998249</mtime>
    <size>36864</size>
    <md5>423779d6d695cb7f604004c5867cb3ee</md5>
    <crc32>af7d7856</crc32>
    <sha1>f8abcf505fda326e54d7b7f0fd51d5c4c1869603</sha1>
    <format>Metadata</format>
  </file>
  <file name="smw-hack-giuseppes-adventure_meta.xml" source="original">
    <mtime>1756003851</mtime>
    <size>1889</size>
    <md5>a6dbbb97660dc30bad0554aa0eb5f91e</md5>
    <crc32>bcd83ab8</crc32>
    <sha1>caf42e7be3f80e7ffbcb2a632a61bd9fec07384b</sha1>
    <format>Metadata</format>
  </file>
</files>
