{
  "id": "MAP_POKEMON_MANSION_B1F",
  "name": "PokemonMansion_B1F",
  "layout": "LAYOUT_POKEMON_MANSION_B1F",
  "music": "MUS_POKE_MANSION",
  "region_map_section": "MAPSEC_POKEMON_MANSION",
  "requires_flash": false,
  "weather": "WEATHER_SHADE",
  "map_type": "MAP_TYPE_INDOOR",
  "allow_cycling": false,
  "allow_escaping": true,
  "allow_running": true,
  "show_map_name": true,
  "floor_number": 0,
  "battle_scene": "MAP_BATTLE_SCENE_INDOOR_2",
  "connections": 0,
  "object_events": [
    {
      "type": "object",
      "graphics_id": "OBJ_EVENT_GFX_ITEM_BALL",
      "x": 5,
      "y": 4,
      "elevation": 3,
      "movement_type": "MOVEMENT_TYPE_FACE_DOWN",
      "movement_range_x": 1,
      "movement_range_y": 1,
      "trainer_type": "TRAINER_TYPE_NONE",
      "trainer_sight_or_berry_tree_id": "0",
      "script": "PokemonMansion_B1F_EventScript_ItemTM22",
      "flag": "FLAG_HIDE_POKEMON_MANSION_B1F_TM22",
      "in_connection": false
    },
    {
      "type": "object",
      "graphics_id": "OBJ_EVENT_GFX_SUPER_NERD",
      "x": 16,
      "y": 23,
      "elevation": 3,
      "movement_type": "MOVEMENT_TYPE_LOOK_AROUND",
      "movement_range_x": 1,
      "movement_range_y": 1,
      "trainer_type": "TRAINER_TYPE_NORMAL",
      "trainer_sight_or_berry_tree_id": "0",
      "script": "PokemonMansion_B1F_EventScript_Lewis",
      "flag": "0",
      "in_connection": false
    },
    {
      "type": "object",
      "graphics_id": "OBJ_EVENT_GFX_SCIENTIST",
      "x": 27,
      "y": 11,
      "elevation": 3,
      "movement_type": "MOVEMENT_TYPE_FACE_DOWN",
      "movement_range_x": 1,
      "movement_range_y": 1,
      "trainer_type": "TRAINER_TYPE_NORMAL",
      "trainer_sight_or_berry_tree_id": "3",
      "script": "PokemonMansion_B1F_EventScript_Ivan",
      "flag": "0",
      "in_connection": false
    },
    {
      "type": "object",
      "graphics_id": "OBJ_EVENT_GFX_ITEM_BALL",
      "x": 19,
      "y": 25,
      "elevation": 3,
      "movement_type": "MOVEMENT_TYPE_FACE_DOWN",
      "movement_range_x": 1,
      "movement_range_y": 1,
      "trainer_type": "TRAINER_TYPE_NONE",
      "trainer_sight_or_berry_tree_id": "0",
      "script": "PokemonMansion_B1F_EventScript_ItemTM14",
      "flag": "FLAG_HIDE_POKEMON_MANSION_B1F_TM14",
      "in_connection": false
    },
    {
      "type": "object",
      "graphics_id": "OBJ_EVENT_GFX_ITEM_BALL",
      "x": 1,
      "y": 22,
      "elevation": 3,
      "movement_type": "MOVEMENT_TYPE_FACE_DOWN",
      "movement_range_x": 1,
      "movement_range_y": 1,
      "trainer_type": "TRAINER_TYPE_NONE",
      "trainer_sight_or_berry_tree_id": "0",
      "script": "PokemonMansion_B1F_EventScript_ItemFullRestore",
      "flag": "FLAG_HIDE_POKEMON_MANSION_B1F_FULL_RESTORE",
      "in_connection": false
    },
    {
      "type": "object",
      "graphics_id": "OBJ_EVENT_GFX_ITEM_BALL",
      "x": 5,
      "y": 13,
      "elevation": 3,
      "movement_type": "MOVEMENT_TYPE_FACE_DOWN",
      "movement_range_x": 1,
      "movement_range_y": 1,
      "trainer_type": "TRAINER_TYPE_NONE",
      "trainer_sight_or_berry_tree_id": "0",
      "script": "PokemonMansion_B1F_EventScript_ItemSecretKey",
      "flag": "FLAG_HIDE_POKEMON_MANSION_B1F_SECRET_KEY",
      "in_connection": false
    },
    {
      "type": "object",
      "graphics_id": "OBJ_EVENT_GFX_POKEDEX",
      "x": 16,
      "y": 20,
      "elevation": 0,
      "movement_type": "MOVEMENT_TYPE_NONE",
      "movement_range_x": 0,
      "movement_range_y": 0,
      "trainer_type": "TRAINER_TYPE_NONE",
      "trainer_sight_or_berry_tree_id": "0",
      "script": "NULL",
      "flag": "0"
    },
    {
      "type": "object",
      "graphics_id": "OBJ_EVENT_GFX_ITEM_BALL",
      "x": 10,
      "y": 2,
      "elevation": 3,
      "movement_type": "MOVEMENT_TYPE_FACE_DOWN",
      "movement_range_x": 1,
      "movement_range_y": 1,
      "trainer_type": "TRAINER_TYPE_NONE",
      "trainer_sight_or_berry_tree_id": "0",
      "script": "PokemonMansion_B1F_EventScript_ItemRareCandy",
      "flag": "FLAG_HIDE_POKEMON_MANSION_B1F_RARE_CANDY",
      "in_connection": false
    }
  ],
  "warp_events": [
    {
      "x": 23,
      "y": 22,
      "elevation": 3,
      "dest_map": "MAP_POKEMON_MANSION_1F",
      "dest_warp_id": "4"
    }
  ],
  "coord_events": [

  ],
  "bg_events": [
    {
      "type": "sign",
      "x": 16,
      "y": 20,
      "elevation": 0,
      "player_facing_dir": "BG_EVENT_PLAYER_FACING_ANY",
      "script": "PokemonMansion_B1F_EventScript_DiarySep1st"
    },
    {
      "type": "sign",
      "x": 18,
      "y": 25,
      "elevation": 0,
      "player_facing_dir": "BG_EVENT_PLAYER_FACING_NORTH",
      "script": "PokemonMansion_B1F_EventScript_Statue"
    },
    {
      "type": "sign",
      "x": 20,
      "y": 3,
      "elevation": 0,
      "player_facing_dir": "BG_EVENT_PLAYER_FACING_NORTH",
      "script": "PokemonMansion_B1F_EventScript_Statue"
    },
    {
      "type": "hidden_item",
      "x": 1,
      "y": 9,
      "elevation": 0,
      "item": "ITEM_RARE_CANDY",
      "flag": "FLAG_HIDDEN_ITEM_POKEMON_MANSION_B1F_RARE_CANDY",
      "quantity": 1,
      "underfoot": false
    }
  ]
}
