{
  "id": "MAP_SEVEN_ISLAND_TANOBY_RUINS_SCUFIB_CHAMBER",
  "name": "SevenIsland_TanobyRuins_ScufibChamber",
  "layout": "LAYOUT_SEVEN_ISLAND_TANOBY_RUINS_SCUFIB_CHAMBER",
  "music": "MUS_SEVII_DUNGEON",
  "region_map_section": "MAPSEC_SCUFIB_CHAMBER",
  "requires_flash": false,
  "weather": "WEATHER_NONE",
  "map_type": "MAP_TYPE_UNDERGROUND",
  "allow_cycling": true,
  "allow_escaping": true,
  "allow_running": true,
  "show_map_name": true,
  "floor_number": 0,
  "battle_scene": "MAP_BATTLE_SCENE_INDOOR_1",
  "connections": 0,
  "object_events": [

  ],
  "warp_events": [
    {
      "x": 11,
      "y": 15,
      "elevation": 3,
      "dest_map": "MAP_SEVEN_ISLAND_TANOBY_RUINS",
      "dest_warp_id": "4"
    }
  ],
  "coord_events": [

  ],
  "bg_events": [

  ]
}
