{
  "id": "MAP_ANHEIM_FOREST",
  "name": "AnheimForest",
  "layout": "LAYOUT_ANHEIM_FOREST",
  "music": "MUS_ANHEIM_FOREST",
  "region_map_section": "MAPSEC_ANHEIM_FOREST",
  "requires_flash": false,
  "weather": "WEATHER_NONE",
  "map_type": "MAP_TYPE_ROUTE",
  "allow_cycling": true,
  "allow_escaping": false,
  "allow_running": true,
  "show_map_name": true,
  "battle_scene": "MAP_BATTLE_SCENE_FOREST",
  "connections": 0,
  "object_events": [
    {
      "graphics_id": "OBJ_EVENT_GFX_KAKUNA",
      "x": 83,
      "y": 31,
      "elevation": 4,
      "movement_type": "MOVEMENT_TYPE_FACE_DOWN",
      "movement_range_x": 0,
      "movement_range_y": 0,
      "trainer_type": "TRAINER_TYPE_NONE",
      "trainer_sight_or_berry_tree_id": "0",
      "script": "NULL",
      "flag": "0"
    },
    {
      "graphics_id": "OBJ_EVENT_GFX_PINECO",
      "x": 76,
      "y": 42,
      "elevation": 4,
      "movement_type": "MOVEMENT_TYPE_FACE_DOWN",
      "movement_range_x": 0,
      "movement_range_y": 0,
      "trainer_type": "TRAINER_TYPE_NONE",
      "trainer_sight_or_berry_tree_id": "0",
      "script": "NULL",
      "flag": "0"
    },
    {
      "graphics_id": "OBJ_EVENT_GFX_METAPOD",
      "x": 73,
      "y": 42,
      "elevation": 4,
      "movement_type": "MOVEMENT_TYPE_FACE_DOWN",
      "movement_range_x": 0,
      "movement_range_y": 0,
      "trainer_type": "TRAINER_TYPE_NONE",
      "trainer_sight_or_berry_tree_id": "0",
      "script": "NULL",
      "flag": "0"
    },
    {
      "graphics_id": "OBJ_EVENT_GFX_KAKUNA",
      "x": 74,
      "y": 53,
      "elevation": 4,
      "movement_type": "MOVEMENT_TYPE_FACE_DOWN",
      "movement_range_x": 0,
      "movement_range_y": 0,
      "trainer_type": "TRAINER_TYPE_NONE",
      "trainer_sight_or_berry_tree_id": "0",
      "script": "NULL",
      "flag": "0"
    },
    {
      "graphics_id": "OBJ_EVENT_GFX_ITEM_BALL",
      "x": 70,
      "y": 43,
      "elevation": 3,
      "movement_type": "MOVEMENT_TYPE_NONE",
      "movement_range_x": 0,
      "movement_range_y": 0,
      "trainer_type": "TRAINER_TYPE_NONE",
      "trainer_sight_or_berry_tree_id": "0",
      "script": "AnheimForest_EventScript_ItemFullHeal",
      "flag": "FLAG_ITEM_ANHEIM_FOREST_FULL_HEAL"
    },
    {
      "graphics_id": "OBJ_EVENT_GFX_KAKUNA",
      "x": 64,
      "y": 39,
      "elevation": 4,
      "movement_type": "MOVEMENT_TYPE_FACE_DOWN",
      "movement_range_x": 0,
      "movement_range_y": 0,
      "trainer_type": "TRAINER_TYPE_NONE",
      "trainer_sight_or_berry_tree_id": "0",
      "script": "AnheimForest_EventScript_Kakuna_2",
      "flag": "FLAG_HIDE_ANHEIM_FOREST_KAKUNA_2"
    },
    {
      "graphics_id": "OBJ_EVENT_GFX_KAKUNA",
      "x": 52,
      "y": 34,
      "elevation": 4,
      "movement_type": "MOVEMENT_TYPE_FACE_DOWN",
      "movement_range_x": 0,
      "movement_range_y": 0,
      "trainer_type": "TRAINER_TYPE_NONE",
      "trainer_sight_or_berry_tree_id": "0",
      "script": "AnheimForest_EventScript_Kakuna_3",
      "flag": "FLAG_HIDE_ANHEIM_FOREST_KAKUNA_3"
    },
    {
      "graphics_id": "OBJ_EVENT_GFX_ITEM_BALL",
      "x": 55,
      "y": 47,
      "elevation": 3,
      "movement_type": "MOVEMENT_TYPE_NONE",
      "movement_range_x": 0,
      "movement_range_y": 0,
      "trainer_type": "TRAINER_TYPE_NONE",
      "trainer_sight_or_berry_tree_id": "0",
      "script": "AnheimForest_EventScript_ItemPokeBall",
      "flag": "FLAG_ITEM_ANHEIM_FOREST_POKE_BALL"
    },
    {
      "graphics_id": "OBJ_EVENT_GFX_METAPOD",
      "x": 57,
      "y": 47,
      "elevation": 4,
      "movement_type": "MOVEMENT_TYPE_FACE_DOWN",
      "movement_range_x": 0,
      "movement_range_y": 0,
      "trainer_type": "TRAINER_TYPE_NONE",
      "trainer_sight_or_berry_tree_id": "0",
      "script": "NULL",
      "flag": "0"
    },
    {
      "graphics_id": "OBJ_EVENT_GFX_KAKUNA",
      "x": 48,
      "y": 46,
      "elevation": 4,
      "movement_type": "MOVEMENT_TYPE_FACE_DOWN",
      "movement_range_x": 0,
      "movement_range_y": 0,
      "trainer_type": "TRAINER_TYPE_NONE",
      "trainer_sight_or_berry_tree_id": "0",
      "script": "NULL",
      "flag": "0"
    },
    {
      "graphics_id": "OBJ_EVENT_GFX_BUG_CATCHER",
      "x": 64,
      "y": 46,
      "elevation": 3,
      "movement_type": "MOVEMENT_TYPE_LOOK_AROUND",
      "movement_range_x": 0,
      "movement_range_y": 0,
      "trainer_type": "TRAINER_TYPE_NORMAL",
      "trainer_sight_or_berry_tree_id": "4",
      "script": "AnheimForest_EventScript_Matthew",
      "flag": "0"
    },
    {
      "graphics_id": "OBJ_EVENT_GFX_CAMPER",
      "x": 58,
      "y": 55,
      "elevation": 3,
      "movement_type": "MOVEMENT_TYPE_WANDER_LEFT_AND_RIGHT",
      "movement_range_x": 0,
      "movement_range_y": 0,
      "trainer_type": "TRAINER_TYPE_NORMAL",
      "trainer_sight_or_berry_tree_id": "3",
      "script": "AnheimForest_EventScript_LARRY",
      "flag": "0"
    },
    {
      "graphics_id": "OBJ_EVENT_GFX_LASS",
      "x": 52,
      "y": 38,
      "elevation": 3,
      "movement_type": "MOVEMENT_TYPE_FACE_RIGHT",
      "movement_range_x": 0,
      "movement_range_y": 0,
      "trainer_type": "TRAINER_TYPE_NORMAL",
      "trainer_sight_or_berry_tree_id": "3",
      "script": "AnheimForest_EventScript_ROBIN",
      "flag": "0"
    },
    {
      "graphics_id": "OBJ_EVENT_GFX_BUG_CATCHER",
      "x": 49,
      "y": 27,
      "elevation": 3,
      "movement_type": "MOVEMENT_TYPE_FACE_DOWN_AND_RIGHT",
      "movement_range_x": 0,
      "movement_range_y": 0,
      "trainer_type": "TRAINER_TYPE_NORMAL",
      "trainer_sight_or_berry_tree_id": "3",
      "script": "AnheimForest_EventScript_DAVIS",
      "flag": "0"
    },
    {
      "graphics_id": "OBJ_EVENT_GFX_PINECO",
      "x": 55,
      "y": 45,
      "elevation": 4,
      "movement_type": "MOVEMENT_TYPE_FACE_DOWN",
      "movement_range_x": 0,
      "movement_range_y": 0,
      "trainer_type": "TRAINER_TYPE_NONE",
      "trainer_sight_or_berry_tree_id": "0",
      "script": "NULL",
      "flag": "0"
    },
    {
      "graphics_id": "OBJ_EVENT_GFX_CUTTABLE_TREE",
      "x": 25,
      "y": 23,
      "elevation": 3,
      "movement_type": "MOVEMENT_TYPE_NONE",
      "movement_range_x": 0,
      "movement_range_y": 0,
      "trainer_type": "TRAINER_TYPE_NONE",
      "trainer_sight_or_berry_tree_id": "0",
      "script": "EventScript_CutTree",
      "flag": "FLAG_TEMP_A"
    },
    {
      "graphics_id": "OBJ_EVENT_GFX_ITEM_BALL",
      "x": 22,
      "y": 27,
      "elevation": 3,
      "movement_type": "MOVEMENT_TYPE_NONE",
      "movement_range_x": 0,
      "movement_range_y": 0,
      "trainer_type": "TRAINER_TYPE_NONE",
      "trainer_sight_or_berry_tree_id": "0",
      "script": "AnheimForest_EventScript_ItemGreatBall",
      "flag": "FLAG_ITEM_ANHEIM_FOREST_GREAT_BALL"
    },
    {
      "graphics_id": "OBJ_EVENT_GFX_ITEM_BALL",
      "x": 30,
      "y": 37,
      "elevation": 3,
      "movement_type": "MOVEMENT_TYPE_NONE",
      "movement_range_x": 0,
      "movement_range_y": 0,
      "trainer_type": "TRAINER_TYPE_NONE",
      "trainer_sight_or_berry_tree_id": "0",
      "script": "AnheimForest_EventScript_ItemAntidote",
      "flag": "FLAG_ITEM_ANHEIM_FOREST_ANTIDOTE"
    },
    {
      "graphics_id": "OBJ_EVENT_GFX_QUINTY_PLUMP",
      "x": 30,
      "y": 22,
      "elevation": 3,
      "movement_type": "MOVEMENT_TYPE_FACE_LEFT",
      "movement_range_x": 0,
      "movement_range_y": 0,
      "trainer_type": "TRAINER_TYPE_NONE",
      "trainer_sight_or_berry_tree_id": "0",
      "script": "NULL",
      "flag": "FLAG_HIDE_ANHEIM_FOREST_TYLER"
    },
    {
      "graphics_id": "OBJ_EVENT_GFX_SPINARAK",
      "x": 40,
      "y": 21,
      "elevation": 3,
      "movement_type": "MOVEMENT_TYPE_NONE",
      "movement_range_x": 0,
      "movement_range_y": 0,
      "trainer_type": "TRAINER_TYPE_NONE",
      "trainer_sight_or_berry_tree_id": "0",
      "script": "AnheimForest_Spinarak",
      "flag": "FLAG_HIDE_ANHEIM_FOREST_SPINARAK"
    },
    {
      "graphics_id": "OBJ_EVENT_GFX_SPINARAK",
      "x": 41,
      "y": 22,
      "elevation": 3,
      "movement_type": "MOVEMENT_TYPE_NONE",
      "movement_range_x": 0,
      "movement_range_y": 0,
      "trainer_type": "TRAINER_TYPE_NONE",
      "trainer_sight_or_berry_tree_id": "0",
      "script": "AnheimForest_Spinarak",
      "flag": "FLAG_HIDE_ANHEIM_FOREST_SPINARAK"
    },
    {
      "graphics_id": "OBJ_EVENT_GFX_SPINARAK",
      "x": 40,
      "y": 23,
      "elevation": 3,
      "movement_type": "MOVEMENT_TYPE_NONE",
      "movement_range_x": 0,
      "movement_range_y": 0,
      "trainer_type": "TRAINER_TYPE_NONE",
      "trainer_sight_or_berry_tree_id": "0",
      "script": "AnheimForest_Spinarak",
      "flag": "FLAG_HIDE_ANHEIM_FOREST_SPINARAK"
    },
    {
      "graphics_id": "OBJ_EVENT_GFX_KAKUNA",
      "x": 33,
      "y": 37,
      "elevation": 4,
      "movement_type": "MOVEMENT_TYPE_FACE_DOWN",
      "movement_range_x": 0,
      "movement_range_y": 0,
      "trainer_type": "TRAINER_TYPE_NONE",
      "trainer_sight_or_berry_tree_id": "0",
      "script": "AnheimForest_EventScript_Kakuna_1",
      "flag": "FLAG_HIDE_ANHEIM_FOREST_KAKUNA_1"
    },
    {
      "graphics_id": "OBJ_EVENT_GFX_AQUA_MEMBER_M",
      "x": 31,
      "y": 45,
      "elevation": 3,
      "movement_type": "MOVEMENT_TYPE_NONE",
      "movement_range_x": 0,
      "movement_range_y": 0,
      "trainer_type": "TRAINER_TYPE_NONE",
      "trainer_sight_or_berry_tree_id": "0",
      "script": "NULL",
      "flag": "FLAG_HIDE_ANHEIM_FOREST_SUBO"
    },
    {
      "graphics_id": "OBJ_EVENT_GFX_BUG_CATCHER",
      "x": 25,
      "y": 37,
      "elevation": 3,
      "movement_type": "MOVEMENT_TYPE_FACE_DOWN_AND_RIGHT",
      "movement_range_x": 0,
      "movement_range_y": 0,
      "trainer_type": "TRAINER_TYPE_NORMAL",
      "trainer_sight_or_berry_tree_id": "4",
      "script": "AnheimForest_EventScript_DOUG",
      "flag": "0"
    },
    {
      "graphics_id": "OBJ_EVENT_GFX_LUCY",
      "x": 30,
      "y": 59,
      "elevation": 3,
      "movement_type": "MOVEMENT_TYPE_JOG_IN_PLACE_LEFT",
      "movement_range_x": 0,
      "movement_range_y": 0,
      "trainer_type": "TRAINER_TYPE_NONE",
      "trainer_sight_or_berry_tree_id": "0",
      "script": "AnheimForest_Lucy",
      "flag": "FLAG_HIDE_ANHEIM_FOREST_LUCY"
    },
    {
      "graphics_id": "OBJ_EVENT_GFX_BEEDRILL_OW",
      "x": 29,
      "y": 59,
      "elevation": 3,
      "movement_type": "MOVEMENT_TYPE_JOG_IN_PLACE_RIGHT",
      "movement_range_x": 0,
      "movement_range_y": 0,
      "trainer_type": "TRAINER_TYPE_NONE",
      "trainer_sight_or_berry_tree_id": "0",
      "script": "AnheimForest_Beedrill",
      "flag": "FLAG_HIDE_ANHEIM_FOREST_BEEDRILL"
    },
    {
      "graphics_id": "OBJ_EVENT_GFX_ITEM_BALL",
      "x": 30,
      "y": 57,
      "elevation": 3,
      "movement_type": "MOVEMENT_TYPE_NONE",
      "movement_range_x": 0,
      "movement_range_y": 0,
      "trainer_type": "TRAINER_TYPE_NONE",
      "trainer_sight_or_berry_tree_id": "0",
      "script": "AnheimForest_EventScript_ItemNestBall",
      "flag": "FLAG_ITEM_ANHEIM_FOREST_NEST_BALL"
    },
    {
      "graphics_id": "OBJ_EVENT_GFX_ITEM_BALL",
      "x": 41,
      "y": 58,
      "elevation": 3,
      "movement_type": "MOVEMENT_TYPE_NONE",
      "movement_range_x": 0,
      "movement_range_y": 0,
      "trainer_type": "TRAINER_TYPE_NONE",
      "trainer_sight_or_berry_tree_id": "0",
      "script": "AnheimForest_EventScript_ItemPotion",
      "flag": "FLAG_ITEM_ANHEIM_FOREST_POTION"
    },
    {
      "graphics_id": "OBJ_EVENT_GFX_METAPOD",
      "x": 18,
      "y": 41,
      "elevation": 4,
      "movement_type": "MOVEMENT_TYPE_FACE_DOWN",
      "movement_range_x": 0,
      "movement_range_y": 0,
      "trainer_type": "TRAINER_TYPE_NONE",
      "trainer_sight_or_berry_tree_id": "0",
      "script": "NULL",
      "flag": "0"
    },
    {
      "graphics_id": "OBJ_EVENT_GFX_KAKUNA",
      "x": 3,
      "y": 39,
      "elevation": 4,
      "movement_type": "MOVEMENT_TYPE_FACE_DOWN",
      "movement_range_x": 0,
      "movement_range_y": 0,
      "trainer_type": "TRAINER_TYPE_NONE",
      "trainer_sight_or_berry_tree_id": "0",
      "script": "NULL",
      "flag": "0"
    },
    {
      "graphics_id": "OBJ_EVENT_GFX_PINECO",
      "x": 8,
      "y": 33,
      "elevation": 4,
      "movement_type": "MOVEMENT_TYPE_FACE_DOWN",
      "movement_range_x": 0,
      "movement_range_y": 0,
      "trainer_type": "TRAINER_TYPE_NONE",
      "trainer_sight_or_berry_tree_id": "0",
      "script": "NULL",
      "flag": "0"
    },
    {
      "graphics_id": "OBJ_EVENT_GFX_POKEFAN_F",
      "x": 6,
      "y": 36,
      "elevation": 3,
      "movement_type": "MOVEMENT_TYPE_NONE",
      "movement_range_x": 0,
      "movement_range_y": 0,
      "trainer_type": "TRAINER_TYPE_NONE",
      "trainer_sight_or_berry_tree_id": "0",
      "script": "AnheimForest_LucysMother",
      "flag": "FLAG_HIDE_ANHEIM_FOREST_LUCYS_PARENTS"
    },
    {
      "graphics_id": "OBJ_EVENT_GFX_MAN_1",
      "x": 7,
      "y": 36,
      "elevation": 3,
      "movement_type": "MOVEMENT_TYPE_NONE",
      "movement_range_x": 0,
      "movement_range_y": 0,
      "trainer_type": "TRAINER_TYPE_NONE",
      "trainer_sight_or_berry_tree_id": "0",
      "script": "AnheimForest_LucysFather",
      "flag": "FLAG_HIDE_ANHEIM_FOREST_LUCYS_PARENTS"
    },
    {
      "graphics_id": "OBJ_EVENT_GFX_KAKUNA",
      "x": 36,
      "y": 11,
      "elevation": 4,
      "movement_type": "MOVEMENT_TYPE_FACE_DOWN",
      "movement_range_x": 0,
      "movement_range_y": 0,
      "trainer_type": "TRAINER_TYPE_NONE",
      "trainer_sight_or_berry_tree_id": "0",
      "script": "NULL",
      "flag": "0"
    },
    {
      "graphics_id": "OBJ_EVENT_GFX_PINECO",
      "x": 27,
      "y": 13,
      "elevation": 4,
      "movement_type": "MOVEMENT_TYPE_FACE_DOWN",
      "movement_range_x": 0,
      "movement_range_y": 0,
      "trainer_type": "TRAINER_TYPE_NONE",
      "trainer_sight_or_berry_tree_id": "0",
      "script": "NULL",
      "flag": "0"
    },
    {
      "graphics_id": "OBJ_EVENT_GFX_METAPOD",
      "x": 29,
      "y": 11,
      "elevation": 4,
      "movement_type": "MOVEMENT_TYPE_FACE_DOWN",
      "movement_range_x": 0,
      "movement_range_y": 0,
      "trainer_type": "TRAINER_TYPE_NONE",
      "trainer_sight_or_berry_tree_id": "0",
      "script": "NULL",
      "flag": "0"
    },
    {
      "graphics_id": "OBJ_EVENT_GFX_AZUMARILL",
      "x": 31,
      "y": 45,
      "elevation": 0,
      "movement_type": "MOVEMENT_TYPE_INVISIBLE",
      "movement_range_x": 0,
      "movement_range_y": 0,
      "trainer_type": "TRAINER_TYPE_NONE",
      "trainer_sight_or_berry_tree_id": "0",
      "script": "AnheimForest_Door",
      "flag": "FLAG_HIDE_ANHEIM_FOREST_DOOR"
    },
    {
      "graphics_id": "OBJ_EVENT_GFX_SPINARAK",
      "x": 38,
      "y": 22,
      "elevation": 0,
      "movement_type": "MOVEMENT_TYPE_NONE",
      "movement_range_x": 0,
      "movement_range_y": 0,
      "trainer_type": "TRAINER_TYPE_NONE",
      "trainer_sight_or_berry_tree_id": "0",
      "script": "NULL",
      "flag": "FLAG_HIDE_ANHEIM_FOREST_SPINARAK"
    },
    {
      "graphics_id": "OBJ_EVENT_GFX_SPINARAK",
      "x": 42,
      "y": 21,
      "elevation": 0,
      "movement_type": "MOVEMENT_TYPE_NONE",
      "movement_range_x": 0,
      "movement_range_y": 0,
      "trainer_type": "TRAINER_TYPE_NONE",
      "trainer_sight_or_berry_tree_id": "0",
      "script": "AnheimForest_Spinarak",
      "flag": "FLAG_HIDE_ANHEIM_FOREST_SPINARAK"
    },
    {
      "graphics_id": "OBJ_EVENT_GFX_BERRY_TREE",
      "x": 66,
      "y": 25,
      "elevation": 0,
      "movement_type": "MOVEMENT_TYPE_BERRY_TREE_GROWTH",
      "movement_range_x": 0,
      "movement_range_y": 0,
      "trainer_type": "TRAINER_TYPE_NONE",
      "trainer_sight_or_berry_tree_id": "BERRY_TREE_ROUTE_112_PECHA_1",
      "script": "BerryTreeScript",
      "flag": "0"
    },
    {
      "graphics_id": "OBJ_EVENT_GFX_BERRY_TREE",
      "x": 65,
      "y": 25,
      "elevation": 0,
      "movement_type": "MOVEMENT_TYPE_BERRY_TREE_GROWTH",
      "movement_range_x": 0,
      "movement_range_y": 0,
      "trainer_type": "TRAINER_TYPE_NONE",
      "trainer_sight_or_berry_tree_id": "BERRY_TREE_ROUTE_112_RAWST_1",
      "script": "BerryTreeScript",
      "flag": "0"
    }
  ],
  "warp_events": [
    {
      "x": 78,
      "y": 61,
      "elevation": 3,
      "dest_map": "MAP_ROUTE3",
      "dest_warp_id": "4"
    },
    {
      "x": 79,
      "y": 61,
      "elevation": 3,
      "dest_map": "MAP_ROUTE3",
      "dest_warp_id": "5"
    },
    {
      "x": 31,
      "y": 45,
      "elevation": 3,
      "dest_map": "MAP_ANHEIM_FOREST_HOUSE1",
      "dest_warp_id": "2"
    },
    {
      "x": 6,
      "y": 35,
      "elevation": 3,
      "dest_map": "MAP_ROUTE4",
      "dest_warp_id": "0"
    },
    {
      "x": 7,
      "y": 35,
      "elevation": 3,
      "dest_map": "MAP_ROUTE4",
      "dest_warp_id": "1"
    },
    {
      "x": 32,
      "y": 13,
      "elevation": 3,
      "dest_map": "MAP_ANHEIM_TOWN",
      "dest_warp_id": "9"
    },
    {
      "x": 33,
      "y": 13,
      "elevation": 3,
      "dest_map": "MAP_ANHEIM_TOWN",
      "dest_warp_id": "10"
    }
  ],
  "coord_events": [
    {
      "type": "trigger",
      "x": 26,
      "y": 47,
      "elevation": 0,
      "var": "VAR_STORYLINE_STATE",
      "var_value": "12",
      "script": "AnheimForest_SUBO"
    },
    {
      "type": "trigger",
      "x": 26,
      "y": 48,
      "elevation": 0,
      "var": "VAR_STORYLINE_STATE",
      "var_value": "12",
      "script": "AnheimForest_SUBO"
    },
    {
      "type": "trigger",
      "x": 36,
      "y": 21,
      "elevation": 0,
      "var": "VAR_STORYLINE_STATE",
      "var_value": "14",
      "script": "AnheimForest_Tyler_Encounter"
    },
    {
      "type": "trigger",
      "x": 36,
      "y": 22,
      "elevation": 0,
      "var": "VAR_STORYLINE_STATE",
      "var_value": "14",
      "script": "AnheimForest_Tyler_Encounter"
    }
  ],
  "bg_events": [
    {
      "type": "sign",
      "x": 77,
      "y": 46,
      "elevation": 0,
      "player_facing_dir": "BG_EVENT_PLAYER_FACING_ANY",
      "script": "AnheimForest_Sign"
    },
    {
      "type": "sign",
      "x": 12,
      "y": 37,
      "elevation": 0,
      "player_facing_dir": "BG_EVENT_PLAYER_FACING_ANY",
      "script": "AnheimForest_Sign_Route_4"
    },
    {
      "type": "sign",
      "x": 34,
      "y": 14,
      "elevation": 0,
      "player_facing_dir": "BG_EVENT_PLAYER_FACING_ANY",
      "script": "AnheimForest_Sign_Town"
    },
    {
      "type": "hidden_item",
      "x": 72,
      "y": 25,
      "elevation": 0,
      "item": "ITEM_LEAF_STONE",
      "flag": "FLAG_HIDDEN_ITEM_VICTORY_ROAD_1F_ULTRA_BALL"
    }
  ]
}
