{
  "id": "MAP_ROUTE11_EAST_ENTRANCE_1F",
  "name": "Route11_EastEntrance_1F",
  "layout": "LAYOUT_ENTRANCE_1F",
  "music": "MUS_VERMILLION",
  "region_map_section": "MAPSEC_ROUTE_11",
  "requires_flash": false,
  "weather": "WEATHER_NONE",
  "map_type": "MAP_TYPE_INDOOR",
  "allow_cycling": true,
  "allow_escaping": false,
  "allow_running": true,
  "show_map_name": false,
  "floor_number": 0,
  "battle_scene": "MAP_BATTLE_SCENE_NORMAL",
  "connections": 0,
  "object_events": [
    {
      "type": "object",
      "graphics_id": "OBJ_EVENT_GFX_POLICEMAN",
      "x": 4,
      "y": 1,
      "elevation": 3,
      "movement_type": "MOVEMENT_TYPE_LOOK_AROUND",
      "movement_range_x": 1,
      "movement_range_y": 1,
      "trainer_type": "TRAINER_TYPE_NONE",
      "trainer_sight_or_berry_tree_id": "0",
      "script": "Route11_EastEntrance_1F_EventScript_TopGuard",
      "flag": "0",
      "in_connection": false
    }
  ],
  "warp_events": [
    {
      "x": 0,
      "y": 4,
      "elevation": 3,
      "dest_map": "MAP_ROUTE11",
      "dest_warp_id": "1"
    },
    {
      "x": 0,
      "y": 5,
      "elevation": 3,
      "dest_map": "MAP_ROUTE11",
      "dest_warp_id": "3"
    },
    {
      "x": 7,
      "y": 4,
      "elevation": 3,
      "dest_map": "MAP_ROUTE11",
      "dest_warp_id": "2"
    },
    {
      "x": 7,
      "y": 5,
      "elevation": 3,
      "dest_map": "MAP_ROUTE11",
      "dest_warp_id": "4"
    },
    {
      "x": 6,
      "y": 8,
      "elevation": 3,
      "dest_map": "MAP_ROUTE11_EAST_ENTRANCE_2F",
      "dest_warp_id": "0"
    }
  ],
  "coord_events": [

  ],
  "bg_events": [

  ]
}
