﻿<?xml version="1.0" encoding="utf-8"?>
<Book Count="2">
	<Sheet Name="共通" Count="52">
		<Header>
			<Param Name="名前" Ident="Name" Type="PublicString" Min="" Max="" Chg=""/>
			<Param Name="条件式" Ident="Condition" Type="string[]" Min="" Max="" Chg=""/>
			<Param Name="計算式" Ident="Function" Type="string[]" Min="" Max="" Chg=""/>
		</Header>
		<Data>
			<Param Name="ユニット攻撃力計算" Condition="攻撃属性 == 魔法属性;" Function="魔力;力;"/>
			<Param Name="ユニット防御力計算" Condition="相手の攻撃属性 == 魔法属性;" Function="魔防;守備;"/>
			<Param Name="攻撃力計算" Condition="" Function="ユニット攻撃力 + 武器攻撃力 * 武器特効;"/>
			<Param Name="防御力計算" Condition="" Function="ユニット防御力 + 地形防御;"/>
			<Param Name="命中値計算" Condition="" Function="技*2 + int(幸運/2) + 武器命中 + 支援命中;"/>
			<Param Name="回避値計算" Condition="" Function="攻撃速度*2 + int(幸運/2) + 武器回避 + 支援回避 + 地形回避;"/>
			<Param Name="必殺値計算" Condition="" Function="int(技/2) + 武器必殺 + 支援必殺;"/>
			<Param Name="必殺回避計算" Condition="" Function="幸運 + 武器必殺回避 + 支援必殺回避;"/>
			<Param Name="威力計算" Condition="" Function="max(攻撃力 - 相手の防御力, 0);"/>
			<Param Name="割込み威力計算" Condition="" Function="威力計算;"/>
			<Param Name="命中率計算" Condition="" Function="命中値 - 相手の回避値;"/>
			<Param Name="必殺率計算" Condition="" Function="必殺値 - 相手の必殺回避;"/>
			<Param Name="妨害杖命中値計算" Condition="" Function="魔力+技+武器命中;"/>
			<Param Name="妨害杖回避値計算" Condition="" Function="int((魔防*3+幸運)/2)+地形回避;"/>
			<Param Name="後キャン発動位置" Condition="" Function="0.5;"/>
			<Param Name="ブレイク時後キャン発動位置" Condition="" Function="0.75;"/>
			<Param Name="重い動作速度" Condition="" Function="1;"/>
			<Param Name="素早い動作速度" Condition="" Function="1;"/>
			<Param Name="間合い判断値" Condition="" Function="0.5;"/>
			<Param Name="攻撃速度計算" Condition="" Function="速さ - max(武器の重さ - 体格, 0);"/>
			<Param Name="相性補正" Condition="武器相性 == 有利;武器相性 == 不利;" Function="0;0;0;"/>
			<Param Name="追撃条件" Condition="攻撃速度 - 相手の攻撃速度 &gt;= 5;" Function="1;0;"/>
			<Param Name="チェインアタック威力計算" Condition="" Function="max(相手のMaxHP*0.1, 1);"/>
			<Param Name="チェインアタック命中率計算" Condition="" Function="80;"/>
			<Param Name="チェインアタック必殺率計算" Condition="" Function="0;"/>
			<Param Name="チェインガードダメージ" Condition="" Function="HP * 0.2;"/>
			<Param Name="エンゲージガードダメージ" Condition="" Function="0;"/>
			<Param Name="レベル差" Condition="相手のレベル != 0;" Function="(相手のレベル + 相手の内部レベル) - (レベル + 内部レベル);0;"/>
			<Param Name="戦闘基本値" Condition="難易度 == ルナティック;難易度 == ハード;" Function="戦闘基本値ルナティック( レベル差 );戦闘基本値ハード( レベル差 );戦闘基本値ノーマル( レベル差 );"/>
			<Param Name="戦闘最低保証値" Condition="難易度 == ルナティック;難易度 == ハード;" Function="戦闘最低保証値ルナティック( 相手のレベル + 相手の内部レベル );戦闘最低保証値ハード( 相手のレベル + 相手の内部レベル );戦闘最低保証値ノーマル( 相手のレベル + 相手の内部レベル );"/>
			<Param Name="戦闘減衰値" Condition="難易度 == ルナティック;" Function="max( 相手の与戦闘経験累積数 - 2, 0 );0;"/>
			<Param Name="戦闘経験値" Condition="" Function="max( 戦闘基本値, 戦闘最低保証値 ) - 戦闘減衰値;"/>
			<Param Name="チェインアタック経験値" Condition="難易度 == ルナティック;難易度 == ハード;" Function="clamp( チェインアタック基本値ルナティック( レベル差 ) * チェインアタック回数, 0, 15 );clamp( チェインアタック基本値ハード( レベル差 ) * チェインアタック回数, 0, 30 );clamp( チェインアタック基本値ノーマル( レベル差 ) * チェインアタック回数, 0, 30 );"/>
			<Param Name="撃破基本値" Condition="難易度 == ルナティック;難易度 == ハード;" Function="撃破基本値ルナティック( レベル差 );撃破基本値ハード( レベル差 );撃破基本値ノーマル( レベル差 );"/>
			<Param Name="撃破最低保証値" Condition="難易度 == ルナティック;難易度 == ハード;" Function="撃破最低保証値ルナティック( 相手のレベル + 相手の内部レベル );撃破最低保証値ハード( 相手のレベル + 相手の内部レベル );撃破最低保証値ノーマル( 相手のレベル + 相手の内部レベル );"/>
			<Param Name="撃破経験値" Condition="" Function="max( 撃破基本値, 撃破最低保証値 );"/>
			<Param Name="戦闘経験計算" Condition="闘技場中 == 0;クリア済み == 0 &amp;&amp; 難易度 == ルナティック;" Function="clamp( 戦闘経験値 + チェインアタック経験値, 0, 100 );10;闘技場戦闘経験値( レベル差 );"/>
			<Param Name="撃破経験計算" Condition="闘技場中 == 0;クリア済み == 0 &amp;&amp; 難易度 == ルナティック;" Function="clamp(戦闘経験値 + チェインアタック経験値 + 撃破経験値, 1, 100);10;clamp( 闘技場戦闘経験値( レベル差 ) + 闘技場撃破経験値( レベル差 ), 1, 100 );"/>
			<Param Name="杖減衰値" Condition="難易度 == ルナティック;難易度 == ハード;" Function="杖減衰値ルナティック( レベル + 内部レベル );杖減衰値ハード( レベル + 内部レベル );杖減衰値ノーマル( レベル + 内部レベル );"/>
			<Param Name="杖補助レベル差減衰値" Condition="難易度 == ルナティック;難易度 == ハード;" Function="補助レベル差減衰値ルナティック( レベル差 );補助レベル差減衰値ハード( レベル差 );補助レベル差減衰値ノーマル( レベル差 );"/>
			<Param Name="杖経験計算" Condition="" Function="clamp( 杖経験値 + 杖減衰値 + 杖補助レベル差減衰値, 1, 100);"/>
			<Param Name="踊り基本値" Condition="難易度 == ルナティック;難易度 == ハード;" Function="踊り基本値ルナティック( レベル + 内部レベル );踊り基本値ハード( レベル + 内部レベル );踊り基本値ノーマル( レベル + 内部レベル );"/>
			<Param Name="踊り補助レベル差減衰値" Condition="難易度 == ルナティック;難易度 == ハード;" Function="補助レベル差減衰値ルナティック( レベル差 );補助レベル差減衰値ハード( レベル差 );補助レベル差減衰値ノーマル( レベル差 );"/>
			<Param Name="踊り経験計算" Condition="" Function="clamp( 踊り基本値 + 踊り補助レベル差減衰値, 1, 100 );"/>
			<Param Name="チェインガード基本値" Condition="難易度 == ルナティック;難易度 == ハード;" Function="ガード基本値ルナティック( レベル + 内部レベル );ガード基本値ハード( レベル + 内部レベル );ガード基本値ノーマル( レベル + 内部レベル );"/>
			<Param Name="チェインガード補助レベル差減衰値" Condition="難易度 == ルナティック;難易度 == ハード;" Function="補助レベル差減衰値ルナティック( レベル差 );補助レベル差減衰値ハード( レベル差 );補助レベル差減衰値ノーマル( レベル差 );"/>
			<Param Name="チェインガード経験計算" Condition="" Function="clamp( チェインガード基本値 + チェインガード補助レベル差減衰値, 1, 100 );"/>
			<Param Name="召喚基本値" Condition="難易度 == ルナティック;難易度 == ハード;" Function="召喚基本値ルナティック( レベル + 内部レベル );召喚基本値ハード( レベル + 内部レベル );召喚基本値ノーマル( レベル + 内部レベル );"/>
			<Param Name="召喚経験計算" Condition="" Function="clamp( 召喚基本値, 1, 100 );"/>
			<Param Name="エンチャント基本値" Condition="難易度 == ルナティック;難易度 == ハード;" Function="エンチャント基本値ルナティック( レベル + 内部レベル );エンチャント基本値ハード( レベル + 内部レベル );エンチャント基本値ノーマル( レベル + 内部レベル );"/>
			<Param Name="エンチャント経験計算" Condition="" Function="clamp( エンチャント基本値, 1, 100 );"/>
			<Param Name="内部レベル計算" Condition="難易度 == ルナティック;難易度 == ハード;" Function="clamp( 内部レベル + レベル-1, 0, 50 );clamp( 内部レベル + レベル-1, 0, 40 );clamp( 内部レベル + レベル-1, 0, 30 );"/>
		</Data>
	</Sheet>
	<Sheet Name="経験値テーブル" Count="35">
		<Header>
			<Param Name="関数名" Ident="Name" Type="PublicString" Min="" Max="" Chg=""/>
			<Param Name="-39" Ident="M39" Type="int" Min="" Max="" Chg=""/>
			<Param Name="-38" Ident="M38" Type="int" Min="" Max="" Chg=""/>
			<Param Name="-37" Ident="M37" Type="int" Min="" Max="" Chg=""/>
			<Param Name="-36" Ident="M36" Type="int" Min="" Max="" Chg=""/>
			<Param Name="-35" Ident="M35" Type="int" Min="" Max="" Chg=""/>
			<Param Name="-34" Ident="M34" Type="int" Min="" Max="" Chg=""/>
			<Param Name="-33" Ident="M33" Type="int" Min="" Max="" Chg=""/>
			<Param Name="-32" Ident="M32" Type="int" Min="" Max="" Chg=""/>
			<Param Name="-31" Ident="M31" Type="int" Min="" Max="" Chg=""/>
			<Param Name="-30" Ident="M30" Type="int" Min="" Max="" Chg=""/>
			<Param Name="-29" Ident="M29" Type="int" Min="" Max="" Chg=""/>
			<Param Name="-28" Ident="M28" Type="int" Min="" Max="" Chg=""/>
			<Param Name="-27" Ident="M27" Type="int" Min="" Max="" Chg=""/>
			<Param Name="-26" Ident="M26" Type="int" Min="" Max="" Chg=""/>
			<Param Name="-25" Ident="M25" Type="int" Min="" Max="" Chg=""/>
			<Param Name="-24" Ident="M24" Type="int" Min="" Max="" Chg=""/>
			<Param Name="-23" Ident="M23" Type="int" Min="" Max="" Chg=""/>
			<Param Name="-22" Ident="M22" Type="int" Min="" Max="" Chg=""/>
			<Param Name="-21" Ident="M21" Type="int" Min="" Max="" Chg=""/>
			<Param Name="-20" Ident="M20" Type="int" Min="" Max="" Chg=""/>
			<Param Name="-19" Ident="M19" Type="int" Min="" Max="" Chg=""/>
			<Param Name="-18" Ident="M18" Type="int" Min="" Max="" Chg=""/>
			<Param Name="-17" Ident="M17" Type="int" Min="" Max="" Chg=""/>
			<Param Name="-16" Ident="M16" Type="int" Min="" Max="" Chg=""/>
			<Param Name="-15" Ident="M15" Type="int" Min="" Max="" Chg=""/>
			<Param Name="-14" Ident="M14" Type="int" Min="" Max="" Chg=""/>
			<Param Name="-13" Ident="M13" Type="int" Min="" Max="" Chg=""/>
			<Param Name="-12" Ident="M12" Type="int" Min="" Max="" Chg=""/>
			<Param Name="-11" Ident="M11" Type="int" Min="" Max="" Chg=""/>
			<Param Name="-10" Ident="M10" Type="int" Min="" Max="" Chg=""/>
			<Param Name="-9" Ident="M09" Type="int" Min="" Max="" Chg=""/>
			<Param Name="-8" Ident="M08" Type="int" Min="" Max="" Chg=""/>
			<Param Name="-7" Ident="M07" Type="int" Min="" Max="" Chg=""/>
			<Param Name="-6" Ident="M06" Type="int" Min="" Max="" Chg=""/>
			<Param Name="-5" Ident="M05" Type="int" Min="" Max="" Chg=""/>
			<Param Name="-4" Ident="M04" Type="int" Min="" Max="" Chg=""/>
			<Param Name="-3" Ident="M03" Type="int" Min="" Max="" Chg=""/>
			<Param Name="-2" Ident="M02" Type="int" Min="" Max="" Chg=""/>
			<Param Name="-1" Ident="M01" Type="int" Min="" Max="" Chg=""/>
			<Param Name="0" Ident="N00" Type="int" Min="" Max="" Chg=""/>
			<Param Name="+1" Ident="P01" Type="int" Min="" Max="" Chg=""/>
			<Param Name="+2" Ident="P02" Type="int" Min="" Max="" Chg=""/>
			<Param Name="+3" Ident="P03" Type="int" Min="" Max="" Chg=""/>
			<Param Name="+4" Ident="P04" Type="int" Min="" Max="" Chg=""/>
			<Param Name="+5" Ident="P05" Type="int" Min="" Max="" Chg=""/>
			<Param Name="+6" Ident="P06" Type="int" Min="" Max="" Chg=""/>
			<Param Name="+7" Ident="P07" Type="int" Min="" Max="" Chg=""/>
			<Param Name="+8" Ident="P08" Type="int" Min="" Max="" Chg=""/>
			<Param Name="+9" Ident="P09" Type="int" Min="" Max="" Chg=""/>
			<Param Name="+10" Ident="P10" Type="int" Min="" Max="" Chg=""/>
			<Param Name="+11" Ident="P11" Type="int" Min="" Max="" Chg=""/>
			<Param Name="+12" Ident="P12" Type="int" Min="" Max="" Chg=""/>
			<Param Name="+13" Ident="P13" Type="int" Min="" Max="" Chg=""/>
			<Param Name="+14" Ident="P14" Type="int" Min="" Max="" Chg=""/>
			<Param Name="+15" Ident="P15" Type="int" Min="" Max="" Chg=""/>
			<Param Name="+16" Ident="P16" Type="int" Min="" Max="" Chg=""/>
			<Param Name="+17" Ident="P17" Type="int" Min="" Max="" Chg=""/>
			<Param Name="+18" Ident="P18" Type="int" Min="" Max="" Chg=""/>
			<Param Name="+19" Ident="P19" Type="int" Min="" Max="" Chg=""/>
			<Param Name="+20" Ident="P20" Type="int" Min="" Max="" Chg=""/>
			<Param Name="+21" Ident="P21" Type="int" Min="" Max="" Chg=""/>
			<Param Name="+22" Ident="P22" Type="int" Min="" Max="" Chg=""/>
			<Param Name="+23" Ident="P23" Type="int" Min="" Max="" Chg=""/>
			<Param Name="+24" Ident="P24" Type="int" Min="" Max="" Chg=""/>
			<Param Name="+25" Ident="P25" Type="int" Min="" Max="" Chg=""/>
			<Param Name="+26" Ident="P26" Type="int" Min="" Max="" Chg=""/>
			<Param Name="+27" Ident="P27" Type="int" Min="" Max="" Chg=""/>
			<Param Name="+28" Ident="P28" Type="int" Min="" Max="" Chg=""/>
			<Param Name="+29" Ident="P29" Type="int" Min="" Max="" Chg=""/>
			<Param Name="+30" Ident="P30" Type="int" Min="" Max="" Chg=""/>
			<Param Name="+31" Ident="P31" Type="int" Min="" Max="" Chg=""/>
			<Param Name="+32" Ident="P32" Type="int" Min="" Max="" Chg=""/>
			<Param Name="+33" Ident="P33" Type="int" Min="" Max="" Chg=""/>
			<Param Name="+34" Ident="P34" Type="int" Min="" Max="" Chg=""/>
			<Param Name="+35" Ident="P35" Type="int" Min="" Max="" Chg=""/>
			<Param Name="+36" Ident="P36" Type="int" Min="" Max="" Chg=""/>
			<Param Name="+37" Ident="P37" Type="int" Min="" Max="" Chg=""/>
			<Param Name="+38" Ident="P38" Type="int" Min="" Max="" Chg=""/>
			<Param Name="+39" Ident="P39" Type="int" Min="" Max="" Chg=""/>
			<Param Name="+40" Ident="P40" Type="int" Min="" Max="" Chg=""/>
		</Header>
		<Data>
			<Param Name="戦闘基本値ノーマル" M39="0" M38="0" M37="0" M36="0" M35="0" M34="0" M33="0" M32="0" M31="0" M30="0" M29="0" M28="0" M27="0" M26="0" M25="0" M24="0" M23="0" M22="0" M21="0" M20="0" M19="0" M18="0" M17="0" M16="0" M15="0" M14="0" M13="0" M12="0" M11="0" M10="0" M09="0" M08="1" M07="1" M06="2" M05="3" M04="4" M03="4" M02="4" M01="5" N00="6" P01="6" P02="7" P03="7" P04="8" P05="8" P06="8" P07="8" P08="8" P09="8" P10="9" P11="9" P12="10" P13="10" P14="11" P15="11" P16="11" P17="11" P18="12" P19="12" P20="12" P21="12" P22="12" P23="12" P24="12" P25="12" P26="12" P27="12" P28="12" P29="12" P30="12" P31="12" P32="12" P33="12" P34="12" P35="12" P36="12" P37="12" P38="12" P39="12" P40="12"/>
			<Param Name="戦闘基本値ハード" M39="0" M38="0" M37="0" M36="0" M35="0" M34="0" M33="0" M32="0" M31="0" M30="0" M29="0" M28="0" M27="0" M26="0" M25="0" M24="0" M23="0" M22="0" M21="0" M20="0" M19="0" M18="0" M17="0" M16="0" M15="0" M14="0" M13="0" M12="0" M11="0" M10="0" M09="0" M08="0" M07="0" M06="1" M05="2" M04="3" M03="3" M02="3" M01="4" N00="4" P01="4" P02="5" P03="5" P04="6" P05="6" P06="6" P07="6" P08="6" P09="6" P10="7" P11="7" P12="8" P13="8" P14="8" P15="8" P16="8" P17="8" P18="9" P19="9" P20="9" P21="9" P22="9" P23="9" P24="9" P25="9" P26="9" P27="9" P28="9" P29="9" P30="9" P31="9" P32="9" P33="9" P34="9" P35="9" P36="9" P37="9" P38="9" P39="9" P40="9"/>
			<Param Name="戦闘基本値ルナティック" M39="0" M38="0" M37="0" M36="0" M35="0" M34="0" M33="0" M32="0" M31="0" M30="0" M29="0" M28="0" M27="0" M26="0" M25="0" M24="0" M23="0" M22="0" M21="0" M20="0" M19="0" M18="0" M17="0" M16="0" M15="0" M14="0" M13="0" M12="0" M11="0" M10="0" M09="0" M08="0" M07="0" M06="0" M05="0" M04="1" M03="2" M02="3" M01="3" N00="4" P01="4" P02="4" P03="4" P04="4" P05="4" P06="4" P07="4" P08="4" P09="4" P10="4" P11="4" P12="4" P13="4" P14="4" P15="4" P16="4" P17="4" P18="4" P19="4" P20="4" P21="4" P22="4" P23="4" P24="4" P25="4" P26="4" P27="4" P28="4" P29="4" P30="4" P31="4" P32="4" P33="4" P34="4" P35="4" P36="4" P37="4" P38="4" P39="4" P40="4"/>
			<Param Name="戦闘最低保証値ノーマル" M39="1" M38="1" M37="1" M36="1" M35="1" M34="1" M33="1" M32="1" M31="1" M30="1" M29="1" M28="1" M27="1" M26="1" M25="1" M24="1" M23="1" M22="1" M21="1" M20="1" M19="1" M18="1" M17="1" M16="1" M15="1" M14="1" M13="1" M12="1" M11="1" M10="1" M09="1" M08="1" M07="1" M06="1" M05="1" M04="1" M03="1" M02="1" M01="1" N00="1" P01="1" P02="1" P03="1" P04="1" P05="1" P06="1" P07="1" P08="1" P09="1" P10="1" P11="1" P12="1" P13="1" P14="1" P15="1" P16="1" P17="1" P18="1" P19="1" P20="1" P21="1" P22="1" P23="1" P24="1" P25="1" P26="1" P27="1" P28="1" P29="1" P30="1" P31="1" P32="1" P33="2" P34="3" P35="4" P36="4" P37="5" P38="6" P39="6" P40="6"/>
			<Param Name="戦闘最低保証値ハード" M39="1" M38="1" M37="1" M36="1" M35="1" M34="1" M33="1" M32="1" M31="1" M30="1" M29="1" M28="1" M27="1" M26="1" M25="1" M24="1" M23="1" M22="1" M21="1" M20="1" M19="1" M18="1" M17="1" M16="1" M15="1" M14="1" M13="1" M12="1" M11="1" M10="1" M09="1" M08="1" M07="1" M06="1" M05="1" M04="1" M03="1" M02="1" M01="1" N00="1" P01="1" P02="1" P03="1" P04="1" P05="1" P06="1" P07="1" P08="1" P09="1" P10="1" P11="1" P12="1" P13="1" P14="1" P15="1" P16="1" P17="1" P18="1" P19="1" P20="1" P21="1" P22="1" P23="1" P24="1" P25="1" P26="1" P27="1" P28="1" P29="1" P30="1" P31="1" P32="1" P33="1" P34="2" P35="3" P36="3" P37="4" P38="4" P39="4" P40="4"/>
			<Param Name="戦闘最低保証値ルナティック" M39="1" M38="1" M37="1" M36="1" M35="1" M34="1" M33="1" M32="1" M31="1" M30="1" M29="1" M28="1" M27="1" M26="1" M25="1" M24="1" M23="1" M22="1" M21="1" M20="1" M19="1" M18="1" M17="1" M16="1" M15="1" M14="1" M13="1" M12="1" M11="1" M10="1" M09="1" M08="1" M07="1" M06="1" M05="1" M04="1" M03="1" M02="1" M01="1" N00="1" P01="1" P02="1" P03="1" P04="1" P05="1" P06="1" P07="1" P08="1" P09="1" P10="1" P11="1" P12="1" P13="1" P14="1" P15="1" P16="1" P17="1" P18="1" P19="1" P20="1" P21="1" P22="1" P23="1" P24="1" P25="1" P26="1" P27="1" P28="1" P29="1" P30="1" P31="1" P32="1" P33="1" P34="1" P35="1" P36="1" P37="2" P38="3" P39="3" P40="3"/>
			<Param Name="チェインアタック基本値ノーマル" M39="0" M38="0" M37="0" M36="0" M35="0" M34="0" M33="0" M32="0" M31="0" M30="0" M29="0" M28="0" M27="0" M26="0" M25="0" M24="0" M23="0" M22="0" M21="0" M20="0" M19="0" M18="0" M17="0" M16="0" M15="0" M14="0" M13="0" M12="0" M11="0" M10="0" M09="0" M08="0" M07="0" M06="1" M05="1" M04="1" M03="1" M02="1" M01="1" N00="1" P01="1" P02="1" P03="1" P04="1" P05="1" P06="1" P07="1" P08="2" P09="2" P10="2" P11="2" P12="2" P13="2" P14="2" P15="2" P16="2" P17="2" P18="2" P19="2" P20="2" P21="2" P22="2" P23="2" P24="2" P25="2" P26="2" P27="2" P28="2" P29="2" P30="2" P31="2" P32="2" P33="2" P34="2" P35="2" P36="2" P37="2" P38="2" P39="2" P40="2"/>
			<Param Name="チェインアタック基本値ハード" M39="0" M38="0" M37="0" M36="0" M35="0" M34="0" M33="0" M32="0" M31="0" M30="0" M29="0" M28="0" M27="0" M26="0" M25="0" M24="0" M23="0" M22="0" M21="0" M20="0" M19="0" M18="0" M17="0" M16="0" M15="0" M14="0" M13="0" M12="0" M11="0" M10="0" M09="0" M08="0" M07="0" M06="0" M05="0" M04="0" M03="0" M02="1" M01="1" N00="1" P01="1" P02="1" P03="1" P04="1" P05="1" P06="1" P07="1" P08="1" P09="1" P10="1" P11="1" P12="1" P13="1" P14="2" P15="2" P16="2" P17="2" P18="2" P19="2" P20="2" P21="2" P22="2" P23="2" P24="2" P25="2" P26="2" P27="2" P28="2" P29="2" P30="2" P31="2" P32="2" P33="2" P34="2" P35="2" P36="2" P37="2" P38="2" P39="2" P40="2"/>
			<Param Name="チェインアタック基本値ルナティック" M39="0" M38="0" M37="0" M36="0" M35="0" M34="0" M33="0" M32="0" M31="0" M30="0" M29="0" M28="0" M27="0" M26="0" M25="0" M24="0" M23="0" M22="0" M21="0" M20="0" M19="0" M18="0" M17="0" M16="0" M15="0" M14="0" M13="0" M12="0" M11="0" M10="0" M09="0" M08="0" M07="0" M06="0" M05="0" M04="0" M03="0" M02="0" M01="0" N00="0" P01="0" P02="0" P03="0" P04="0" P05="0" P06="1" P07="1" P08="1" P09="1" P10="1" P11="1" P12="1" P13="1" P14="1" P15="1" P16="1" P17="1" P18="1" P19="1" P20="1" P21="1" P22="1" P23="1" P24="1" P25="1" P26="1" P27="1" P28="1" P29="1" P30="1" P31="1" P32="1" P33="1" P34="1" P35="1" P36="1" P37="1" P38="1" P39="1" P40="1"/>
			<Param Name="撃破基本値ノーマル" M39="1" M38="1" M37="1" M36="1" M35="1" M34="1" M33="1" M32="1" M31="1" M30="1" M29="1" M28="1" M27="1" M26="1" M25="1" M24="1" M23="1" M22="1" M21="1" M20="1" M19="1" M18="1" M17="1" M16="1" M15="1" M14="1" M13="1" M12="1" M11="1" M10="1" M09="1" M08="1" M07="1" M06="3" M05="4" M04="7" M03="10" M02="14" M01="18" N00="21" P01="23" P02="26" P03="28" P04="31" P05="33" P06="35" P07="37" P08="39" P09="40" P10="42" P11="44" P12="45" P13="47" P14="49" P15="50" P16="52" P17="54" P18="55" P19="57" P20="57" P21="57" P22="57" P23="57" P24="57" P25="57" P26="57" P27="57" P28="57" P29="57" P30="57" P31="57" P32="57" P33="57" P34="57" P35="57" P36="57" P37="57" P38="57" P39="57" P40="57"/>
			<Param Name="撃破基本値ハード" M39="1" M38="1" M37="1" M36="1" M35="1" M34="1" M33="1" M32="1" M31="1" M30="1" M29="1" M28="1" M27="1" M26="1" M25="1" M24="1" M23="1" M22="1" M21="1" M20="1" M19="1" M18="1" M17="1" M16="1" M15="1" M14="1" M13="1" M12="1" M11="1" M10="1" M09="1" M08="1" M07="1" M06="1" M05="3" M04="5" M03="9" M02="14" M01="18" N00="21" P01="23" P02="26" P03="28" P04="31" P05="33" P06="35" P07="37" P08="39" P09="40" P10="42" P11="44" P12="45" P13="47" P14="49" P15="50" P16="52" P17="54" P18="55" P19="57" P20="57" P21="57" P22="57" P23="57" P24="57" P25="57" P26="57" P27="57" P28="57" P29="57" P30="57" P31="57" P32="57" P33="57" P34="57" P35="57" P36="57" P37="57" P38="57" P39="57" P40="57"/>
			<Param Name="撃破基本値ルナティック" M39="1" M38="1" M37="1" M36="1" M35="1" M34="1" M33="1" M32="1" M31="1" M30="1" M29="1" M28="1" M27="1" M26="1" M25="1" M24="1" M23="1" M22="1" M21="1" M20="1" M19="1" M18="1" M17="1" M16="1" M15="1" M14="1" M13="1" M12="1" M11="1" M10="1" M09="1" M08="1" M07="1" M06="1" M05="3" M04="4" M03="8" M02="12" M01="15" N00="18" P01="20" P02="22" P03="24" P04="27" P05="28" P06="29" P07="30" P08="31" P09="32" P10="33" P11="34" P12="35" P13="36" P14="37" P15="38" P16="39" P17="40" P18="41" P19="42" P20="43" P21="44" P22="45" P23="46" P24="46" P25="46" P26="46" P27="46" P28="46" P29="46" P30="46" P31="46" P32="46" P33="46" P34="46" P35="46" P36="46" P37="46" P38="46" P39="46" P40="46"/>
			<Param Name="撃破最低保証値ノーマル" M39="1" M38="1" M37="1" M36="1" M35="1" M34="1" M33="1" M32="1" M31="1" M30="1" M29="1" M28="1" M27="1" M26="1" M25="1" M24="1" M23="1" M22="1" M21="1" M20="1" M19="1" M18="1" M17="1" M16="1" M15="1" M14="1" M13="1" M12="1" M11="1" M10="1" M09="1" M08="1" M07="1" M06="1" M05="1" M04="1" M03="1" M02="1" M01="1" N00="1" P01="1" P02="1" P03="1" P04="1" P05="1" P06="1" P07="1" P08="1" P09="1" P10="1" P11="1" P12="1" P13="1" P14="1" P15="1" P16="1" P17="1" P18="1" P19="1" P20="1" P21="1" P22="1" P23="1" P24="1" P25="1" P26="1" P27="1" P28="1" P29="1" P30="1" P31="1" P32="1" P33="2" P34="3" P35="4" P36="4" P37="5" P38="6" P39="6" P40="6"/>
			<Param Name="撃破最低保証値ハード" M39="1" M38="1" M37="1" M36="1" M35="1" M34="1" M33="1" M32="1" M31="1" M30="1" M29="1" M28="1" M27="1" M26="1" M25="1" M24="1" M23="1" M22="1" M21="1" M20="1" M19="1" M18="1" M17="1" M16="1" M15="1" M14="1" M13="1" M12="1" M11="1" M10="1" M09="1" M08="1" M07="1" M06="1" M05="1" M04="1" M03="1" M02="1" M01="1" N00="1" P01="1" P02="1" P03="1" P04="1" P05="1" P06="1" P07="1" P08="1" P09="1" P10="1" P11="1" P12="1" P13="1" P14="1" P15="1" P16="1" P17="1" P18="1" P19="1" P20="1" P21="1" P22="1" P23="1" P24="1" P25="1" P26="1" P27="1" P28="1" P29="1" P30="1" P31="1" P32="1" P33="1" P34="1" P35="2" P36="3" P37="4" P38="4" P39="5" P40="5"/>
			<Param Name="撃破最低保証値ルナティック" M39="1" M38="1" M37="1" M36="1" M35="1" M34="1" M33="1" M32="1" M31="1" M30="1" M29="1" M28="1" M27="1" M26="1" M25="1" M24="1" M23="1" M22="1" M21="1" M20="1" M19="1" M18="1" M17="1" M16="1" M15="1" M14="1" M13="1" M12="1" M11="1" M10="1" M09="1" M08="1" M07="1" M06="1" M05="1" M04="1" M03="1" M02="1" M01="1" N00="1" P01="1" P02="1" P03="1" P04="1" P05="1" P06="1" P07="1" P08="1" P09="1" P10="1" P11="1" P12="1" P13="1" P14="1" P15="1" P16="1" P17="1" P18="1" P19="1" P20="1" P21="1" P22="1" P23="1" P24="1" P25="1" P26="1" P27="1" P28="1" P29="1" P30="1" P31="1" P32="1" P33="1" P34="1" P35="1" P36="2" P37="3" P38="4" P39="4" P40="4"/>
			<Param Name="杖減衰値ノーマル" M39="0" M38="0" M37="0" M36="0" M35="0" M34="0" M33="0" M32="0" M31="0" M30="0" M29="0" M28="0" M27="0" M26="0" M25="0" M24="0" M23="0" M22="0" M21="0" M20="0" M19="0" M18="0" M17="0" M16="0" M15="0" M14="0" M13="0" M12="0" M11="0" M10="0" M09="0" M08="0" M07="0" M06="0" M05="0" M04="0" M03="0" M02="0" M01="0" N00="0" P01="0" P02="0" P03="-1" P04="-1" P05="-1" P06="-2" P07="-2" P08="-2" P09="-3" P10="-3" P11="-3" P12="-4" P13="-4" P14="-4" P15="-6" P16="-6" P17="-6" P18="-7" P19="-7" P20="-7" P21="-8" P22="-8" P23="-9" P24="-9" P25="-10" P26="-10" P27="-12" P28="-12" P29="-13" P30="-13" P31="-14" P32="-14" P33="-15" P34="-15" P35="-16" P36="-16" P37="-18" P38="-18" P39="-19" P40="-19"/>
			<Param Name="杖減衰値ハード" M39="-6" M38="-6" M37="-6" M36="-6" M35="-6" M34="-6" M33="-6" M32="-6" M31="-6" M30="-6" M29="-6" M28="-6" M27="-6" M26="-6" M25="-6" M24="-6" M23="-6" M22="-6" M21="-6" M20="-6" M19="-6" M18="-6" M17="-6" M16="-6" M15="-6" M14="-6" M13="-6" M12="-6" M11="-6" M10="-6" M09="-6" M08="-6" M07="-6" M06="-6" M05="-6" M04="-6" M03="-6" M02="-6" M01="-6" N00="-6" P01="-6" P02="-6" P03="-7" P04="-7" P05="-7" P06="-8" P07="-8" P08="-8" P09="-9" P10="-9" P11="-9" P12="-10" P13="-10" P14="-10" P15="-12" P16="-12" P17="-12" P18="-13" P19="-13" P20="-13" P21="-14" P22="-14" P23="-15" P24="-15" P25="-16" P26="-16" P27="-18" P28="-18" P29="-19" P30="-19" P31="-20" P32="-20" P33="-21" P34="-21" P35="-22" P36="-22" P37="-24" P38="-24" P39="-25" P40="-25"/>
			<Param Name="杖減衰値ルナティック" M39="-12" M38="-12" M37="-12" M36="-12" M35="-12" M34="-12" M33="-12" M32="-12" M31="-12" M30="-12" M29="-12" M28="-12" M27="-12" M26="-12" M25="-12" M24="-12" M23="-12" M22="-12" M21="-12" M20="-12" M19="-12" M18="-12" M17="-12" M16="-12" M15="-12" M14="-12" M13="-12" M12="-12" M11="-12" M10="-12" M09="-12" M08="-12" M07="-12" M06="-12" M05="-12" M04="-12" M03="-12" M02="-12" M01="-12" N00="-12" P01="-12" P02="-12" P03="-13" P04="-13" P05="-13" P06="-14" P07="-14" P08="-14" P09="-15" P10="-15" P11="-15" P12="-16" P13="-16" P14="-16" P15="-18" P16="-18" P17="-18" P18="-19" P19="-19" P20="-19" P21="-20" P22="-20" P23="-21" P24="-21" P25="-22" P26="-22" P27="-24" P28="-24" P29="-25" P30="-25" P31="-26" P32="-26" P33="-27" P34="-27" P35="-28" P36="-28" P37="-30" P38="-30" P39="-31" P40="-31"/>
			<Param Name="踊り基本値ノーマル" M39="13" M38="13" M37="13" M36="13" M35="13" M34="13" M33="13" M32="13" M31="13" M30="13" M29="13" M28="13" M27="13" M26="13" M25="13" M24="13" M23="13" M22="13" M21="13" M20="13" M19="13" M18="13" M17="13" M16="13" M15="13" M14="13" M13="13" M12="13" M11="13" M10="13" M09="13" M08="13" M07="13" M06="13" M05="13" M04="13" M03="13" M02="13" M01="13" N00="13" P01="13" P02="13" P03="12" P04="12" P05="12" P06="12" P07="12" P08="12" P09="11" P10="11" P11="11" P12="10" P13="10" P14="10" P15="9" P16="9" P17="9" P18="8" P19="8" P20="8" P21="8" P22="8" P23="8" P24="8" P25="8" P26="8" P27="8" P28="8" P29="8" P30="8" P31="8" P32="8" P33="8" P34="8" P35="8" P36="8" P37="8" P38="8" P39="8" P40="8"/>
			<Param Name="踊り基本値ハード" M39="13" M38="13" M37="13" M36="13" M35="13" M34="13" M33="13" M32="13" M31="13" M30="13" M29="13" M28="13" M27="13" M26="13" M25="13" M24="13" M23="13" M22="13" M21="13" M20="13" M19="13" M18="13" M17="13" M16="13" M15="13" M14="13" M13="13" M12="13" M11="13" M10="13" M09="13" M08="13" M07="13" M06="13" M05="13" M04="13" M03="13" M02="13" M01="13" N00="13" P01="13" P02="13" P03="12" P04="12" P05="12" P06="12" P07="12" P08="12" P09="11" P10="11" P11="11" P12="10" P13="10" P14="10" P15="9" P16="9" P17="9" P18="8" P19="8" P20="8" P21="8" P22="8" P23="8" P24="8" P25="8" P26="8" P27="8" P28="8" P29="8" P30="8" P31="8" P32="8" P33="8" P34="8" P35="8" P36="8" P37="8" P38="8" P39="8" P40="8"/>
			<Param Name="踊り基本値ルナティック" M39="13" M38="13" M37="13" M36="13" M35="13" M34="13" M33="13" M32="13" M31="13" M30="13" M29="13" M28="13" M27="13" M26="13" M25="13" M24="13" M23="13" M22="13" M21="13" M20="13" M19="13" M18="13" M17="13" M16="13" M15="13" M14="13" M13="13" M12="13" M11="13" M10="13" M09="13" M08="13" M07="13" M06="13" M05="13" M04="13" M03="13" M02="13" M01="13" N00="13" P01="13" P02="13" P03="12" P04="12" P05="12" P06="12" P07="12" P08="12" P09="11" P10="11" P11="11" P12="10" P13="10" P14="10" P15="9" P16="9" P17="9" P18="8" P19="8" P20="8" P21="8" P22="8" P23="8" P24="8" P25="8" P26="8" P27="8" P28="8" P29="8" P30="8" P31="8" P32="8" P33="8" P34="8" P35="8" P36="8" P37="8" P38="8" P39="8" P40="8"/>
			<Param Name="ガード基本値ノーマル" M39="13" M38="13" M37="13" M36="13" M35="13" M34="13" M33="13" M32="13" M31="13" M30="13" M29="13" M28="13" M27="13" M26="13" M25="13" M24="13" M23="13" M22="13" M21="13" M20="13" M19="13" M18="13" M17="13" M16="13" M15="13" M14="13" M13="13" M12="13" M11="13" M10="13" M09="13" M08="13" M07="13" M06="13" M05="13" M04="13" M03="13" M02="13" M01="13" N00="13" P01="13" P02="13" P03="12" P04="12" P05="12" P06="12" P07="12" P08="12" P09="11" P10="11" P11="11" P12="10" P13="10" P14="10" P15="9" P16="9" P17="9" P18="8" P19="8" P20="8" P21="8" P22="8" P23="8" P24="8" P25="8" P26="8" P27="8" P28="8" P29="8" P30="8" P31="8" P32="8" P33="8" P34="8" P35="8" P36="8" P37="8" P38="8" P39="8" P40="8"/>
			<Param Name="ガード基本値ハード" M39="10" M38="10" M37="10" M36="10" M35="10" M34="10" M33="10" M32="10" M31="10" M30="10" M29="10" M28="10" M27="10" M26="10" M25="10" M24="10" M23="10" M22="10" M21="10" M20="10" M19="10" M18="10" M17="10" M16="10" M15="10" M14="10" M13="10" M12="10" M11="10" M10="10" M09="10" M08="10" M07="10" M06="10" M05="10" M04="10" M03="10" M02="10" M01="10" N00="10" P01="10" P02="10" P03="9" P04="9" P05="9" P06="9" P07="9" P08="9" P09="8" P10="8" P11="8" P12="8" P13="8" P14="8" P15="7" P16="7" P17="7" P18="6" P19="6" P20="6" P21="6" P22="6" P23="6" P24="6" P25="6" P26="6" P27="6" P28="6" P29="6" P30="6" P31="6" P32="6" P33="6" P34="6" P35="6" P36="6" P37="6" P38="6" P39="6" P40="6"/>
			<Param Name="ガード基本値ルナティック" M39="5" M38="5" M37="5" M36="5" M35="5" M34="5" M33="5" M32="5" M31="5" M30="5" M29="5" M28="5" M27="5" M26="5" M25="5" M24="5" M23="5" M22="5" M21="5" M20="5" M19="5" M18="5" M17="5" M16="5" M15="5" M14="5" M13="5" M12="5" M11="5" M10="5" M09="5" M08="5" M07="5" M06="5" M05="5" M04="5" M03="5" M02="5" M01="5" N00="5" P01="5" P02="5" P03="5" P04="5" P05="5" P06="5" P07="5" P08="5" P09="5" P10="5" P11="5" P12="5" P13="5" P14="5" P15="5" P16="5" P17="5" P18="5" P19="5" P20="5" P21="5" P22="5" P23="5" P24="5" P25="5" P26="5" P27="5" P28="5" P29="5" P30="5" P31="5" P32="5" P33="5" P34="5" P35="5" P36="5" P37="5" P38="5" P39="5" P40="5"/>
			<Param Name="補助レベル差減衰値ノーマル" M39="-42" M38="-41" M37="-40" M36="-39" M35="-38" M34="-36" M33="-35" M32="-34" M31="-33" M30="-32" M29="-30" M28="-29" M27="-28" M26="-27" M25="-26" M24="-24" M23="-23" M22="-22" M21="-21" M20="-20" M19="-18" M18="-17" M17="-16" M16="-15" M15="-14" M14="-12" M13="-11" M12="-10" M11="-9" M10="-8" M09="-6" M08="-5" M07="-4" M06="-3" M05="-2" M04="-1" M03="0" M02="0" M01="0" N00="0" P01="0" P02="0" P03="0" P04="0" P05="0" P06="0" P07="0" P08="0" P09="0" P10="0" P11="0" P12="0" P13="0" P14="0" P15="0" P16="0" P17="0" P18="0" P19="0" P20="0" P21="0" P22="0" P23="0" P24="0" P25="0" P26="0" P27="0" P28="0" P29="0" P30="0" P31="0" P32="0" P33="0" P34="0" P35="0" P36="0" P37="0" P38="0" P39="0" P40="0"/>
			<Param Name="補助レベル差減衰値ハード" M39="-89" M38="-87" M37="-84" M36="-82" M35="-80" M34="-77" M33="-75" M32="-72" M31="-70" M30="-68" M29="-65" M28="-63" M27="-60" M26="-58" M25="-56" M24="-53" M23="-51" M22="-48" M21="-46" M20="-44" M19="-41" M18="-39" M17="-36" M16="-34" M15="-32" M14="-29" M13="-27" M12="-24" M11="-22" M10="-20" M09="-17" M08="-15" M07="-12" M06="-10" M05="-8" M04="-5" M03="-3" M02="-1" M01="0" N00="0" P01="0" P02="0" P03="0" P04="0" P05="0" P06="0" P07="0" P08="0" P09="0" P10="0" P11="0" P12="0" P13="0" P14="0" P15="0" P16="0" P17="0" P18="0" P19="0" P20="0" P21="0" P22="0" P23="0" P24="0" P25="0" P26="0" P27="0" P28="0" P29="0" P30="0" P31="0" P32="0" P33="0" P34="0" P35="0" P36="0" P37="0" P38="0" P39="0" P40="0"/>
			<Param Name="補助レベル差減衰値ルナティック" M39="-134" M38="-130" M37="-126" M36="-123" M35="-119" M34="-116" M33="-112" M32="-108" M31="-105" M30="-101" M29="-98" M28="-94" M27="-90" M26="-87" M25="-83" M24="-80" M23="-76" M22="-72" M21="-69" M20="-65" M19="-62" M18="-58" M17="-54" M16="-51" M15="-47" M14="-44" M13="-40" M12="-36" M11="-33" M10="-29" M09="-26" M08="-22" M07="-18" M06="-15" M05="-11" M04="-8" M03="-4" M02="-2" M01="-1" N00="0" P01="0" P02="0" P03="0" P04="0" P05="0" P06="0" P07="0" P08="0" P09="0" P10="0" P11="0" P12="0" P13="0" P14="0" P15="0" P16="0" P17="0" P18="0" P19="0" P20="0" P21="0" P22="0" P23="0" P24="0" P25="0" P26="0" P27="0" P28="0" P29="0" P30="0" P31="0" P32="0" P33="0" P34="0" P35="0" P36="0" P37="0" P38="0" P39="0" P40="0"/>
			<Param Name="闘技場戦闘経験値" M39="5" M38="5" M37="5" M36="5" M35="5" M34="5" M33="5" M32="5" M31="5" M30="5" M29="5" M28="5" M27="5" M26="5" M25="5" M24="5" M23="5" M22="5" M21="5" M20="5" M19="5" M18="5" M17="5" M16="5" M15="5" M14="5" M13="5" M12="5" M11="5" M10="5" M09="5" M08="5" M07="5" M06="5" M05="6" M04="7" M03="8" M02="9" M01="10" N00="10" P01="10" P02="12" P03="14" P04="16" P05="18" P06="20" P07="20" P08="20" P09="20" P10="20" P11="20" P12="20" P13="20" P14="20" P15="20" P16="20" P17="20" P18="20" P19="20" P20="20" P21="20" P22="20" P23="20" P24="20" P25="20" P26="20" P27="20" P28="20" P29="20" P30="20" P31="20" P32="20" P33="20" P34="20" P35="20" P36="20" P37="20" P38="20" P39="20" P40="20"/>
			<Param Name="闘技場撃破経験値" M39="10" M38="10" M37="10" M36="10" M35="10" M34="10" M33="10" M32="10" M31="10" M30="10" M29="10" M28="10" M27="10" M26="10" M25="10" M24="10" M23="10" M22="10" M21="10" M20="10" M19="10" M18="10" M17="10" M16="10" M15="10" M14="10" M13="10" M12="10" M11="10" M10="10" M09="10" M08="10" M07="10" M06="10" M05="12" M04="14" M03="16" M02="18" M01="20" N00="20" P01="20" P02="22" P03="24" P04="26" P05="28" P06="30" P07="30" P08="30" P09="30" P10="30" P11="30" P12="30" P13="30" P14="30" P15="30" P16="30" P17="30" P18="30" P19="30" P20="30" P21="30" P22="30" P23="30" P24="30" P25="30" P26="30" P27="30" P28="30" P29="30" P30="30" P31="30" P32="30" P33="30" P34="30" P35="30" P36="30" P37="30" P38="30" P39="30" P40="30"/>
			<Param Name="召喚基本値ノーマル" M39="15" M38="15" M37="15" M36="15" M35="15" M34="15" M33="15" M32="15" M31="15" M30="15" M29="15" M28="15" M27="15" M26="15" M25="15" M24="15" M23="15" M22="15" M21="15" M20="15" M19="15" M18="15" M17="15" M16="15" M15="15" M14="15" M13="15" M12="15" M11="15" M10="15" M09="15" M08="15" M07="15" M06="15" M05="15" M04="15" M03="15" M02="15" M01="15" N00="15" P01="15" P02="15" P03="15" P04="15" P05="14" P06="14" P07="14" P08="14" P09="13" P10="13" P11="13" P12="13" P13="12" P14="12" P15="12" P16="12" P17="11" P18="11" P19="11" P20="11" P21="10" P22="10" P23="10" P24="10" P25="9" P26="9" P27="9" P28="9" P29="8" P30="8" P31="8" P32="8" P33="7" P34="7" P35="7" P36="7" P37="6" P38="6" P39="6" P40="5"/>
			<Param Name="召喚基本値ハード" M39="15" M38="15" M37="15" M36="15" M35="15" M34="15" M33="15" M32="15" M31="15" M30="15" M29="15" M28="15" M27="15" M26="15" M25="15" M24="15" M23="15" M22="15" M21="15" M20="15" M19="15" M18="15" M17="15" M16="15" M15="15" M14="15" M13="15" M12="15" M11="15" M10="15" M09="15" M08="15" M07="15" M06="15" M05="15" M04="15" M03="15" M02="15" M01="15" N00="15" P01="15" P02="15" P03="15" P04="14" P05="14" P06="14" P07="13" P08="13" P09="13" P10="12" P11="12" P12="12" P13="11" P14="11" P15="11" P16="10" P17="10" P18="10" P19="9" P20="9" P21="9" P22="8" P23="8" P24="8" P25="7" P26="7" P27="7" P28="6" P29="6" P30="6" P31="5" P32="5" P33="5" P34="4" P35="4" P36="4" P37="3" P38="3" P39="3" P40="3"/>
			<Param Name="召喚基本値ルナティック" M39="10" M38="10" M37="10" M36="10" M35="10" M34="10" M33="10" M32="10" M31="10" M30="10" M29="10" M28="10" M27="10" M26="10" M25="10" M24="10" M23="10" M22="10" M21="10" M20="10" M19="10" M18="10" M17="10" M16="10" M15="10" M14="10" M13="10" M12="10" M11="10" M10="10" M09="10" M08="10" M07="10" M06="10" M05="10" M04="10" M03="10" M02="10" M01="10" N00="10" P01="10" P02="10" P03="10" P04="10" P05="9" P06="9" P07="9" P08="9" P09="8" P10="8" P11="8" P12="8" P13="7" P14="7" P15="7" P16="7" P17="6" P18="6" P19="6" P20="6" P21="5" P22="5" P23="5" P24="5" P25="4" P26="4" P27="4" P28="4" P29="3" P30="3" P31="3" P32="3" P33="2" P34="2" P35="2" P36="2" P37="1" P38="1" P39="1" P40="1"/>
			<Param Name="エンチャント基本値ノーマル" M39="15" M38="15" M37="15" M36="15" M35="15" M34="15" M33="15" M32="15" M31="15" M30="15" M29="15" M28="15" M27="15" M26="15" M25="15" M24="15" M23="15" M22="15" M21="15" M20="15" M19="15" M18="15" M17="15" M16="15" M15="15" M14="15" M13="15" M12="15" M11="15" M10="15" M09="15" M08="15" M07="15" M06="15" M05="15" M04="15" M03="15" M02="15" M01="15" N00="15" P01="15" P02="15" P03="14" P04="14" P05="14" P06="14" P07="14" P08="14" P09="13" P10="13" P11="13" P12="12" P13="12" P14="12" P15="11" P16="11" P17="11" P18="10" P19="10" P20="10" P21="10" P22="10" P23="10" P24="10" P25="10" P26="10" P27="10" P28="10" P29="10" P30="10" P31="10" P32="10" P33="10" P34="10" P35="10" P36="10" P37="10" P38="10" P39="10" P40="10"/>
			<Param Name="エンチャント基本値ハード" M39="15" M38="15" M37="15" M36="15" M35="15" M34="15" M33="15" M32="15" M31="15" M30="15" M29="15" M28="15" M27="15" M26="15" M25="15" M24="15" M23="15" M22="15" M21="15" M20="15" M19="15" M18="15" M17="15" M16="15" M15="15" M14="15" M13="15" M12="15" M11="15" M10="15" M09="15" M08="15" M07="15" M06="15" M05="15" M04="15" M03="15" M02="15" M01="15" N00="15" P01="15" P02="15" P03="14" P04="14" P05="14" P06="14" P07="14" P08="14" P09="13" P10="13" P11="13" P12="12" P13="12" P14="12" P15="11" P16="11" P17="11" P18="10" P19="10" P20="10" P21="10" P22="10" P23="10" P24="10" P25="10" P26="10" P27="10" P28="10" P29="10" P30="10" P31="10" P32="10" P33="10" P34="10" P35="10" P36="10" P37="10" P38="10" P39="10" P40="10"/>
			<Param Name="エンチャント基本値ルナティック" M39="15" M38="15" M37="15" M36="15" M35="15" M34="15" M33="15" M32="15" M31="15" M30="15" M29="15" M28="15" M27="15" M26="15" M25="15" M24="15" M23="15" M22="15" M21="15" M20="15" M19="15" M18="15" M17="15" M16="15" M15="15" M14="15" M13="15" M12="15" M11="15" M10="15" M09="15" M08="15" M07="15" M06="15" M05="15" M04="15" M03="15" M02="15" M01="15" N00="15" P01="15" P02="15" P03="14" P04="14" P05="14" P06="14" P07="14" P08="14" P09="13" P10="13" P11="13" P12="12" P13="12" P14="12" P15="11" P16="11" P17="11" P18="10" P19="10" P20="10" P21="10" P22="10" P23="10" P24="10" P25="10" P26="10" P27="10" P28="10" P29="10" P30="10" P31="10" P32="10" P33="10" P34="10" P35="10" P36="10" P37="10" P38="10" P39="10" P40="10"/>
		</Data>
	</Sheet>
</Book>