{
  "id": "MAP_ROUTE11",
  "name": "Route11",
  "layout": "LAYOUT_ROUTE11",
  "music": "MUS_ROUTE11",
  "region_map_section": "MAPSEC_ROUTE_11",
  "requires_flash": false,
  "weather": "WEATHER_SUNNY",
  "map_type": "MAP_TYPE_ROUTE",
  "allow_cycling": true,
  "allow_escaping": false,
  "allow_running": true,
  "show_map_name": false,
  "floor_number": 0,
  "battle_scene": "MAP_BATTLE_SCENE_NORMAL",
  "connections": [
    {
      "map": "MAP_VERMILION_CITY",
      "offset": 47,
      "direction": "left"
    },
    {
      "map": "MAP_ROUTE12",
      "offset": 1,
      "direction": "right"
    }
  ],
  "object_events": [
    {
      "type": "object",
      "graphics_id": "OBJ_EVENT_GFX_YOUNGSTER",
      "x": 13,
      "y": 60,
      "elevation": 3,
      "movement_type": "MOVEMENT_TYPE_FACE_LEFT",
      "movement_range_x": 1,
      "movement_range_y": 1,
      "trainer_type": "TRAINER_TYPE_NORMAL",
      "trainer_sight_or_berry_tree_id": "3",
      "script": "Route11_EventScript_Eddie",
      "flag": "0",
      "in_connection": false
    },
    {
      "type": "object",
      "graphics_id": "OBJ_EVENT_GFX_CAMPER",
      "x": 10,
      "y": 69,
      "elevation": 3,
      "movement_type": "MOVEMENT_TYPE_FACE_DOWN",
      "movement_range_x": 1,
      "movement_range_y": 1,
      "trainer_type": "TRAINER_TYPE_NORMAL",
      "trainer_sight_or_berry_tree_id": "3",
      "script": "Route11_EventScript_Hugo",
      "flag": "0",
      "in_connection": false
    },
    {
      "type": "object",
      "graphics_id": "OBJ_EVENT_GFX_YOUNGSTER",
      "x": 22,
      "y": 59,
      "elevation": 3,
      "movement_type": "MOVEMENT_TYPE_FACE_UP",
      "movement_range_x": 1,
      "movement_range_y": 1,
      "trainer_type": "TRAINER_TYPE_NORMAL",
      "trainer_sight_or_berry_tree_id": "4",
      "script": "Route11_EventScript_Dillon",
      "flag": "0",
      "in_connection": false
    },
    {
      "type": "object",
      "graphics_id": "OBJ_EVENT_GFX_YOUNGSTER",
      "x": 22,
      "y": 67,
      "elevation": 3,
      "movement_type": "MOVEMENT_TYPE_FACE_UP",
      "movement_range_x": 8,
      "movement_range_y": 4,
      "trainer_type": "TRAINER_TYPE_NORMAL",
      "trainer_sight_or_berry_tree_id": "4",
      "script": "Route11_EventScript_Dave",
      "flag": "0",
      "in_connection": false
    },
    {
      "type": "object",
      "graphics_id": "OBJ_EVENT_GFX_CAMPER",
      "x": 26,
      "y": 64,
      "elevation": 3,
      "movement_type": "MOVEMENT_TYPE_FACE_DOWN",
      "movement_range_x": 1,
      "movement_range_y": 1,
      "trainer_type": "TRAINER_TYPE_NORMAL",
      "trainer_sight_or_berry_tree_id": "2",
      "script": "Route11_EventScript_Jasper",
      "flag": "0",
      "in_connection": false
    },
    {
      "type": "object",
      "graphics_id": "OBJ_EVENT_GFX_CAMPER",
      "x": 33,
      "y": 58,
      "elevation": 3,
      "movement_type": "MOVEMENT_TYPE_FACE_UP",
      "movement_range_x": 1,
      "movement_range_y": 1,
      "trainer_type": "TRAINER_TYPE_NORMAL",
      "trainer_sight_or_berry_tree_id": "3",
      "script": "Route11_EventScript_Darian",
      "flag": "0",
      "in_connection": false
    },
    {
      "type": "object",
      "graphics_id": "OBJ_EVENT_GFX_SUPER_NERD",
      "x": 36,
      "y": 67,
      "elevation": 3,
      "movement_type": "MOVEMENT_TYPE_FACE_DOWN",
      "movement_range_x": 1,
      "movement_range_y": 1,
      "trainer_type": "TRAINER_TYPE_NORMAL",
      "trainer_sight_or_berry_tree_id": "2",
      "script": "Route11_EventScript_Braxton",
      "flag": "0",
      "in_connection": false
    },
    {
      "type": "object",
      "graphics_id": "OBJ_EVENT_GFX_YOUNGSTER",
      "x": 43,
      "y": 60,
      "elevation": 3,
      "movement_type": "MOVEMENT_TYPE_FACE_RIGHT",
      "movement_range_x": 1,
      "movement_range_y": 4,
      "trainer_type": "TRAINER_TYPE_NORMAL",
      "trainer_sight_or_berry_tree_id": "4",
      "script": "Route11_EventScript_Yasu",
      "flag": "0",
      "in_connection": false
    },
    {
      "type": "object",
      "graphics_id": "OBJ_EVENT_GFX_CAMPER",
      "x": 45,
      "y": 62,
      "elevation": 3,
      "movement_type": "MOVEMENT_TYPE_FACE_DOWN",
      "movement_range_x": 1,
      "movement_range_y": 1,
      "trainer_type": "TRAINER_TYPE_NORMAL",
      "trainer_sight_or_berry_tree_id": "3",
      "script": "Route11_EventScript_Dirk",
      "flag": "0",
      "in_connection": false
    },
    {
      "type": "object",
      "graphics_id": "OBJ_EVENT_GFX_SUPER_NERD",
      "x": 45,
      "y": 71,
      "elevation": 3,
      "movement_type": "MOVEMENT_TYPE_FACE_LEFT",
      "movement_range_x": 1,
      "movement_range_y": 1,
      "trainer_type": "TRAINER_TYPE_NORMAL",
      "trainer_sight_or_berry_tree_id": "3",
      "script": "Route11_EventScript_Bernie",
      "flag": "0",
      "in_connection": false
    }
  ],
  "warp_events": [
    {
      "x": 4,
      "y": 60,
      "elevation": 0,
      "dest_map": "MAP_DIGLETTS_CAVE_SOUTH_ENTRANCE",
      "dest_warp_id": "0"
    },
    {
      "x": 49,
      "y": 63,
      "elevation": 3,
      "dest_map": "MAP_ROUTE11_EAST_ENTRANCE_1F",
      "dest_warp_id": "0"
    },
    {
      "x": 58,
      "y": 63,
      "elevation": 3,
      "dest_map": "MAP_ROUTE11_EAST_ENTRANCE_1F",
      "dest_warp_id": "2"
    },
    {
      "x": 49,
      "y": 64,
      "elevation": 3,
      "dest_map": "MAP_ROUTE11_EAST_ENTRANCE_1F",
      "dest_warp_id": "1"
    },
    {
      "x": 58,
      "y": 64,
      "elevation": 3,
      "dest_map": "MAP_ROUTE11_EAST_ENTRANCE_1F",
      "dest_warp_id": "3"
    }
  ],
  "coord_events": [

  ],
  "bg_events": [
    {
      "type": "sign",
      "x": 1,
      "y": 60,
      "elevation": 3,
      "player_facing_dir": "BG_EVENT_PLAYER_FACING_ANY",
      "script": "Route11_EventScript_DiglettsCaveSign"
    },
    {
      "type": "hidden_item",
      "x": 48,
      "y": 60,
      "elevation": 0,
      "item": "ITEM_ESCAPE_ROPE",
      "flag": "FLAG_HIDDEN_ITEM_ROUTE11_ESCAPE_ROPE",
      "quantity": 1,
      "underfoot": false
    }
  ]
}
