<?xml version="1.0" encoding="UTF-8"?>
<files>
  <file name="Beta Luigi 64.zip" source="original">
    <mtime>1708032211</mtime>
    <size>231587</size>
    <md5>dbd96ea0723fb5f80100b16dcc7ca258</md5>
    <crc32>315f1eff</crc32>
    <sha1>75cbb6a07d81831969db12309736156ac392707d</sha1>
    <format>ZIP</format>
    <filecount>3</filecount>
    <viruscheck>1708032526</viruscheck>
  </file>
  <file name="Beta_Luigi_64.bps" source="original">
    <mtime>1708031821</mtime>
    <size>244188</size>
    <md5>9bc675114dde210bf3ef776c0d05ad33</md5>
    <crc32>2144df1c</crc32>
    <sha1>79628cb95c0fcd80930645e672f132cd2d21ae9f</sha1>
    <format>Unknown</format>
    <viruscheck>1708032165</viruscheck>
  </file>
  <file name="Beta_Luigi_Pinkscreen.bps" source="original">
    <mtime>1708031844</mtime>
    <size>31073</size>
    <md5>48e1f9bda7540a3eee6516ccbfa3c3bb</md5>
    <crc32>2144df1c</crc32>
    <sha1>9c0cf263a75f9f21badd7d5b0a461cf8458cc112</sha1>
    <format>Unknown</format>
    <viruscheck>1708032165</viruscheck>
  </file>
  <file name="Original Video.txt" source="original">
    <mtime>1708032209</mtime>
    <size>43</size>
    <md5>cf2d67ea02f7de82b795945540f7e993</md5>
    <crc32>673621f3</crc32>
    <sha1>663a2a2d651e98cdb0001283d0b9f8a059b7746e</sha1>
    <format>Text</format>
    <viruscheck>1708032526</viruscheck>
  </file>
  <file name="beta-luigi-64_archive.torrent" source="metadata">
    <btih>a83f202740e519cc4eb8c7303bb12703be80e981</btih>
    <mtime>1727715360</mtime>
    <size>2201</size>
    <md5>b7e7583df1ba6eec308a1819c85e0857</md5>
    <crc32>50a15534</crc32>
    <sha1>43666806e5b0f3dc2dbe72ee3862f121aec83470</sha1>
    <format>Archive BitTorrent</format>
  </file>
  <file name="beta-luigi-64_files.xml" source="original">
    <format>Metadata</format>
    <md5>501d483d8f2d4888f772770f74ba413c</md5>
    <summation>md5</summation>
  </file>
  <file name="beta-luigi-64_meta.sqlite" source="original">
    <mtime>1708032213</mtime>
    <size>32768</size>
    <md5>4f14d24dd321e1de3285e02656678aef</md5>
    <crc32>7b379a76</crc32>
    <sha1>1e977b0c6322e259da578ee284899205f9047baa</sha1>
    <format>Metadata</format>
  </file>
  <file name="beta-luigi-64_meta.xml" source="original">
    <mtime>1727715360</mtime>
    <size>1670</size>
    <md5>76fafecb087bd1b204c931b82c2a0e01</md5>
    <crc32>978537fb</crc32>
    <sha1>3252970cc958f23a95e33dabf8560424f7d1e610</sha1>
    <format>Metadata</format>
  </file>
</files>
