<?xml version="1.0" encoding="UTF-8"?>
<metadata>
  <identifier>beta-luigi-64</identifier>
  <mediatype>software</mediatype>
  <collection>open_source_software</collection>
  <creator>Weegeepie</creator>
  <date>2020-07-28</date>
  <description>Attempt at a recreation of the luigi model for super mario 64 following the 2020 nintendo gigaleak, leak that contained a portion of the super mario 64 source code, source code that contained files for luigi who isn't present in the final release of the game&lt;div&gt;&lt;br /&gt;&lt;/div&gt;&lt;div&gt;&lt;br /&gt;&lt;/div&gt;&lt;div&gt;&lt;span style="color:rgb(44,44,44);font-family:'Helvetica Neue', Helvetica, Arial, sans-serif;font-size:14px;background-color:rgb(255,255,255);"&gt;Note: &lt;/span&gt;When I first uploaded this, the controversies weren't confirmed and were still relatively new. &lt;span style="background-color:rgb(255,255,255);color:rgb(44,44,44);font-family:'Helvetica Neue', Helvetica, Arial, sans-serif;font-size:14px;"&gt;I do not condone any of Lucas alias Weegeepie's actions, this behavior is disgusting and should be punished. This is being uploaded solely for preservation/archival purposes.&lt;/span&gt;&lt;/div&gt;</description>
  <scanner>Internet Archive HTML5 Uploader 1.7.0</scanner>
  <subject>Super Mario 64; Rom Hack; Patches</subject>
  <title>Beta Luigi 64 Rom Patches</title>
  <uploader>corinnenowak18@gmail.com</uploader>
  <publicdate>2024-02-15 21:17:22</publicdate>
  <addeddate>2024-02-15 21:17:22</addeddate>
  <curation>[curator]validator@archive.org[/curator][date]20240215212245[/date][comment]checked for malware[/comment]</curation>
  <year>2020</year>
</metadata>
