{
  "id": "MAP_ROUTE11",
  "name": "Route11",
  "layout": "LAYOUT_ROUTE11",
  "music": "MUS_ROUTE_3_4",
  "region_map_section": "MAPSEC_ROUTE_11",
  "requires_flash": false,
  "weather": "WEATHER_NONE",
  "map_type": "MAP_TYPE_ROUTE",
  "allow_cycling": true,
  "allow_escaping": false,
  "allow_running": true,
  "show_map_name": true,
  "battle_scene": "MAP_BATTLE_SCENE_NORMAL",
  "connections": [
    {
      "map": "MAP_PINLEAF_TOWN",
      "offset": -18,
      "direction": "right"
    }
  ],
  "object_events": [
    {
      "graphics_id": "OBJ_EVENT_GFX_RICH_BOY",
      "x": 25,
      "y": 16,
      "elevation": 3,
      "movement_type": "MOVEMENT_TYPE_FACE_LEFT",
      "movement_range_x": 0,
      "movement_range_y": 0,
      "trainer_type": "TRAINER_TYPE_NONE",
      "trainer_sight_or_berry_tree_id": "0",
      "script": "Route11_Boy",
      "flag": "0"
    },
    {
      "graphics_id": "OBJ_EVENT_GFX_GLOOM",
      "x": 17,
      "y": 47,
      "elevation": 0,
      "movement_type": "MOVEMENT_TYPE_NONE",
      "movement_range_x": 0,
      "movement_range_y": 0,
      "trainer_type": "TRAINER_TYPE_NONE",
      "trainer_sight_or_berry_tree_id": "0",
      "script": "Route11_Gloom",
      "flag": "0"
    },
    {
      "graphics_id": "OBJ_EVENT_GFX_VENONAT",
      "x": 14,
      "y": 6,
      "elevation": 0,
      "movement_type": "MOVEMENT_TYPE_NONE",
      "movement_range_x": 0,
      "movement_range_y": 0,
      "trainer_type": "TRAINER_TYPE_NONE",
      "trainer_sight_or_berry_tree_id": "0",
      "script": "NULL",
      "flag": "0"
    },
    {
      "graphics_id": "OBJ_EVENT_GFX_PSYCHIC_M",
      "x": 25,
      "y": 34,
      "elevation": 0,
      "movement_type": "MOVEMENT_TYPE_FACE_DOWN_AND_RIGHT",
      "movement_range_x": 0,
      "movement_range_y": 0,
      "trainer_type": "TRAINER_TYPE_NORMAL",
      "trainer_sight_or_berry_tree_id": "3",
      "script": "Route11_EventScript_Cedric",
      "flag": "0"
    },
    {
      "graphics_id": "OBJ_EVENT_GFX_WOMAN_2",
      "x": 10,
      "y": 36,
      "elevation": 0,
      "movement_type": "MOVEMENT_TYPE_LOOK_AROUND",
      "movement_range_x": 0,
      "movement_range_y": 0,
      "trainer_type": "TRAINER_TYPE_NORMAL",
      "trainer_sight_or_berry_tree_id": "4",
      "script": "Route11_EventScript_Daisy",
      "flag": "0"
    },
    {
      "graphics_id": "OBJ_EVENT_GFX_CYCLING_TRIATHLETE_F",
      "x": 34,
      "y": 46,
      "elevation": 0,
      "movement_type": "MOVEMENT_TYPE_WALK_UP_AND_DOWN",
      "movement_range_x": 0,
      "movement_range_y": 7,
      "trainer_type": "TRAINER_TYPE_NORMAL",
      "trainer_sight_or_berry_tree_id": "3",
      "script": "Route11_EventScript_Jasmine",
      "flag": "0"
    },
    {
      "graphics_id": "OBJ_EVENT_GFX_RUNNING_TRIATHLETE_F",
      "x": 16,
      "y": 47,
      "elevation": 0,
      "movement_type": "MOVEMENT_TYPE_NONE",
      "movement_range_x": 0,
      "movement_range_y": 0,
      "trainer_type": "TRAINER_TYPE_NONE",
      "trainer_sight_or_berry_tree_id": "0",
      "script": "Route11_Safeguard",
      "flag": "0"
    },
    {
      "graphics_id": "OBJ_EVENT_GFX_BERRY_TREE",
      "x": 20,
      "y": 34,
      "elevation": 0,
      "movement_type": "MOVEMENT_TYPE_BERRY_TREE_GROWTH",
      "movement_range_x": 0,
      "movement_range_y": 0,
      "trainer_type": "TRAINER_TYPE_NONE",
      "trainer_sight_or_berry_tree_id": "BERRY_TREE_ROUTE_114_PERSIM_3",
      "script": "BerryTreeScript",
      "flag": "0"
    },
    {
      "graphics_id": "OBJ_EVENT_GFX_BERRY_TREE",
      "x": 19,
      "y": 34,
      "elevation": 0,
      "movement_type": "MOVEMENT_TYPE_BERRY_TREE_GROWTH",
      "movement_range_x": 0,
      "movement_range_y": 0,
      "trainer_type": "TRAINER_TYPE_NONE",
      "trainer_sight_or_berry_tree_id": "BERRY_TREE_ROUTE_115_KELPSY_1",
      "script": "BerryTreeScript",
      "flag": "0"
    }
  ],
  "warp_events": [
    {
      "x": 15,
      "y": 15,
      "elevation": 3,
      "dest_map": "MAP_ROUTE11_HOUSE1",
      "dest_warp_id": "0"
    }
  ],
  "coord_events": [
    {
      "type": "trigger",
      "x": 15,
      "y": 16,
      "elevation": 0,
      "var": "VAR_ERNIE_STATE",
      "var_value": "0",
      "script": "Route11_Ernie"
    }
  ],
  "bg_events": [
    {
      "type": "sign",
      "x": 17,
      "y": 15,
      "elevation": 0,
      "player_facing_dir": "BG_EVENT_PLAYER_FACING_ANY",
      "script": "Route11_Sign_Ernie"
    },
    {
      "type": "sign",
      "x": 27,
      "y": 6,
      "elevation": 0,
      "player_facing_dir": "BG_EVENT_PLAYER_FACING_ANY",
      "script": "Route11_Sign"
    },
    {
      "type": "sign",
      "x": 25,
      "y": 57,
      "elevation": 0,
      "player_facing_dir": "BG_EVENT_PLAYER_FACING_ANY",
      "script": "Route11_Sign_Demo"
    },
    {
      "type": "sign",
      "x": 24,
      "y": 57,
      "elevation": 0,
      "player_facing_dir": "BG_EVENT_PLAYER_FACING_ANY",
      "script": "Route11_Sign_Demo"
    },
    {
      "type": "sign",
      "x": 27,
      "y": 70,
      "elevation": 0,
      "player_facing_dir": "BG_EVENT_PLAYER_FACING_ANY",
      "script": "Route11_YouShouldntBeHere"
    }
  ]
}
