{
  "Sunglasses": 200,
  "Goggles": 4000,
  "Holy Glasses": 8000,
  "Ballroom Mask": 1000,
  "Stone Mask": 8000,
  "Bandanna": 4000,
  "Felt Hat": 500,
  "Leather Hat": 1000,
  "Velvet Hat": 1000,
  "Wizard Hat": 30000,
  "Steel Helm": 4000,
  "Dragon Helm": 50000,
  "Circlet": 4000,
  "Cat-Eye Circlet": 8000,
  "Coral Circlet": 10000,
  "Topaz Circlet": 10000,
  "Gold Circlet": 10000,
  "Opal Circlet": 10000,
  "Beryl Circlet": 10000,
  "Ruby Circlet": 10000,
  "Silver Crown": 12000,
  "Cloth Tunic": 200,
  "Hide Cuirass": 500,
  "Alucart Mail": 500,
  "Bronze Cuirass": 1000,
  "Iron Cuirass": 2000,
  "Healing Mail": 4000,
  "Walk Armor": 8000,
  "Steel Cuirass": 4000,
  "Silver Plate": 8000,
  "Gold Plate": 10000,
  "Mirror Cuirass": 10000,
  "Dark Armor": 10000,
  "Holy Mail": 10000,
  "Ice Mail": 10000,
  "Lightning Mail": 10000,
  "Fire Mail": 10000,
  "Platinum Mail": 12000,
  "Spike Breaker": 15000,
  "Brilliant Mail": 15000,
  "Fury Plate": 20000,
  "Mojo Mail": 20000,
  "Diamond Plate": 15000,
  "Dracula Tunic": 20000,
  "God's Garb": 50000,
  "Axe Lord Armor": 20000,
  "Alucard Mail": 30000,
  "Cloth Cape": 500,
  "Reverse Cloak": 2000,
  "Blood Cloak": 3000,
  "Elven Cloak": 3000,
  "Crystal Cloak": 4000,
  "Royal Cloak": 6000,
  "Joseph's Cloak": 8000,
  "Twilight Cloak": 10000,
  "Zircon": 1500,
  "Aquamarine": 8000,
  "Turquoise": 15000,
  "Onyx": 30000,
  "Garnet": 50000,
  "Opal": 80000,
  "Diamond": 200000,
  "Gold Ring": 4000,
  "Silver Ring": 4000,
  "Lapis Lazuli": 10000,
  "Staurolite": 10000,
  "Ring of Arcana": 2000,
  "Ring of Pales": 4000,
  "Ring of Ares": 30000,
  "Ring of Feanor": 50000,
  "Ring of Varda": 100000,
  "Necklace of J": 8000,
  "Nauglamir": 20000,
  "Moonstone": 10000,
  "Sunstone": 10000,
  "Bloodstone": 2000,
  "Ankh of Life": 4000,
  "Mystic Pendant": 8000,
  "Covenant Stone": 10000,
  "King's Stone": 20000,
  "Medal": 2000,
  "Heart Broach": 8000,
  "Talisman": 10000,
  "Duplicator": 500000,
  "Gauntlet": 8000,
  "Secret Boots": 200,
  "Potion": 800,
  "High Potion": 2000,
  "Elixir": 8000,
  "Manna Prism": 4000,
  "Heart Refresh": 2000,
  "Antivenom": 200,
  "Uncurse": 200,
  "Hammer": 200,
  "Attack Potion": 8000,
  "Shield Potion": 8000,
  "Smart Potion": 4000,
  "Luck Potion": 2000,
  "Str. Potion": 8000,
  "Life Apple": 100000,
  "Resist Fire": 1000,
  "Resist Ice": 1000,
  "Resist Thunder": 1000,
  "Resist Holy": 1000,
  "Resist Dark": 1000,
  "Resist Stone": 500,
  "Library Card": 100,
  "Grapes": 100,
  "Orange": 120,
  "Banana": 140,
  "Pineapple": 160,
  "Apple": 180,
  "Strawberry": 200,
  "Chinese Bun": 200,
  "Green Tea": 200,
  "Shortcake": 220,
  "Tart": 240,
  "Red Bean Bun": 240,
  "Cheesecake": 280,
  "Ice Cream": 300,
  "Barley Tea": 300,
  "Parfait": 320,
  "Pudding": 340,
  "Pork Bun": 340,
  "Cheese": 360,
  "Frankfurter": 380,
  "Grape Juice": 400,
  "Hamburger": 400,
  "Miso Soup": 400,
  "Pizza": 420,
  "Ham And Eggs": 440,
  "Omelette": 460,
  "Morning Set": 480,
  "Lunch A": 500,
  "Lunch B": 520,
  "Spaghetti": 540,
  "Curry Rice": 560,
  "Gyros Plate": 580,
  "Dim Sum Set": 600,
  "Ramen": 600,
  "Shiitake": 600,
  "Natou": 620,
  "Peanuts": 100,
  "Pot Roast": 1000,
  "Turkey": 1600,
  "Sirloin": 2000,
  "Sushi": 2000,
  "Toadstool": 100,
  "Meal Ticket": 2000,
  "Knuckle Duster": 4000,
  "Blue Knuckles": 8000,
  "Jewel Knuckles": 12000,
  "Iron Fist": 20000,
  "Fist of Tulkas": 30000,
  "Basilard": 2000,
  "Combat Knife": 8000,
  "Holbein Dagger": 4000,
  "Short Sword": 500,
  "Stone Sword": 10000,
  "Jewel Sword": 4000,
  "Shotel": 10000,
  "Rapier": 8000,
  "Were Bane": 10000,
  "Gladius": 1000,
  "Scimitar": 2000,
  "Cutlass": 3000,
  "Saber": 4000,
  "Falchion": 6000,
  "Broadsword": 8000,
  "Bekatowa": 10000,
  "Damascus Sword": 15000,
  "Hunter Sword": 20000,
  "Bastard Sword": 30000,
  "Talwar": 50000,
  "Alucart Sword": 500,
  "Tyrfing": 1000,
  "Sword of Hador": 2000,
  "Luminus": 4000,
  "Harper": 8000,
  "Gram": 10000,
  "Dark Blade": 15000,
  "Firebrand": 10000,
  "Icebrand": 10000,
  "Thunderbrand": 10000,
  "Holy Sword": 10000,
  "Mormegil": 10000,
  "Marsil": 15000,
  "Gurthang": 10000,
  "Mablung Sword": 20000,
  "Alucard Sword": 30000,
  "Terminus Est": 12000,
  "Mourneblade": 20000,
  "Badelaire": 10000,
  "Sword Familiar": 10000,
  "Mace": 2000,
  "Morningstar": 4000,
  "Shield Rod": 8000,
  "Holy Rod": 4000,
  "Star Flail": 4000,
  "Moon Rod": 4000,
  "Chakram": 4000,
  "Heaven Sword": 8000,
  "Runesword": 12000,
  "Vorpal Blade": 20000,
  "Crissaegrim": 30000,
  "Claymore": 4000,
  "Sword of Dawn": 8000,
  "Flamberge": 12000,
  "Zwei Hander": 20000,
  "Obsidian Sword": 30000,
  "Great Sword": 50000,
  "Estoc": 30000,
  "Red Rust": 500,
  "Takemitsu": 1000,
  "Namakura": 2000,
  "Muramasa": 4000,
  "Katana": 8000,
  "Osafune Katana": 12000,
  "Yasutsuna": 20000,
  "Masamune": 30000,
  "Nunchaku": 4000,
  "Neutron Bomb": 8000,
  "Power of Sire": 10000,
  "Karma Coin": 1000,
  "Pentagram": 15000,
  "Bat Pentagram": 30000,
  "Monster Vial 1": 4000,
  "Monster Vial 2": 4000,
  "Monster Vial 3": 4000,
  "Magic Missile": 8000,
  "Boomerang": 1000,
  "Fire Boomerang": 2000,
  "Bwaka Knife": 500,
  "Shuriken": 1000,
  "Cross Shuriken": 2000,
  "Buffalo Star": 4000,
  "Flame Star": 8000,
  "Javelin": 1000,
  "Iron Ball": 8000,
  "Tnt": 1000,
  "Dynamite": 50000,
  "Leather Shield": 1000,
  "Knight Shield": 2000,
  "Iron Shield": 4000,
  "Axelord Shield": 8000,
  "Herald Shield": 10000,
  "Dark Shield": 10000,
  "Goddess Shield": 10000,
  "Shaman Shield": 10000,
  "Medusa Shield": 10000,
  "Skull Shield": 10000,
  "Fire Shield": 20000,
  "Alucard Shield": 30000,
  "Alucart Shield": 500
}