<?xml version="1.0" encoding="UTF-8"?>
<metadata>
  <identifier>super-mario-64-luigi-unlocked-v-1.0</identifier>
  <mediatype>software</mediatype>
  <collection>open_source_software</collection>
  <creator>2020Man</creator>
  <date>2024-07-25</date>
  <description>This hack adds Luigi into Super Mario 64. Since it's been four years since the Gigaleak and no one has made a proper import of Luigi into Super Mario 64, I took it upon myself to create the Ultimate Beta Luigi Mod.</description>
  <language>eng</language>
  <scanner>Internet Archive HTML5 Uploader 1.7.0</scanner>
  <subject>Mario</subject>
  <title>Super Mario 64 Luigi Unlocked V 1.0</title>
  <subject>Luigi</subject>
  <subject>n64</subject>
  <subject>Super Mario 64</subject>
  <subject>Beta Luigi</subject>
  <subject>beta</subject>
  <subject>mod</subject>
  <subject>hack</subject>
  <subject>Gigaleak</subject>
  <subject>gigaleak</subject>
  <subject>gigaleak</subject>
  <subject>gigaleak</subject>
  <subject>ROM</subject>
  <subject>Luigi 64</subject>
  <subject>Luigi mod</subject>
  <subject>Luigi hack</subject>
  <subject>beta Luigi hack</subject>
  <subject>Beta Luigi mod</subject>
  <uploader>SamtheSnowmaan@aol.com</uploader>
  <publicdate>2024-07-25 15:18:34</publicdate>
  <addeddate>2024-07-25 15:18:34</addeddate>
  <curation>[curator]validator@archive.org[/curator][date]20240725152353[/date][comment]checked for malware[/comment]</curation>
</metadata>
