<?xml version="1.0" encoding="UTF-8"?>
<files>
  <file name="Super Mario 64 Luigi Unlocked V1.0.zip" source="original">
    <mtime>1721920698</mtime>
    <size>1357955</size>
    <md5>d2a814c2760b55f33f7be5d2e7bfd83e</md5>
    <crc32>4b251102</crc32>
    <sha1>e9c7c6f7cc8d93e018032f324131f9bdb7f19962</sha1>
    <format>ZIP</format>
    <filecount>2</filecount>
    <viruscheck>1721921033</viruscheck>
  </file>
  <file name="super-mario-64-luigi-unlocked-v-1.0_archive.torrent" source="metadata">
    <btih>6656d522b4087af3312865b33def688396119bae</btih>
    <mtime>1721921033</mtime>
    <size>1921</size>
    <md5>12302062b0ea4a298f801e0327f44d56</md5>
    <crc32>398d6eb6</crc32>
    <sha1>ee4627a473626f0f0fbe24e10cb7006eb1e1bbd9</sha1>
    <format>Archive BitTorrent</format>
  </file>
  <file name="super-mario-64-luigi-unlocked-v-1.0_files.xml" source="original">
    <format>Metadata</format>
    <md5>ff4964e90bb8ebd7ba80ce245235bb3e</md5>
    <summation>md5</summation>
  </file>
  <file name="super-mario-64-luigi-unlocked-v-1.0_meta.sqlite" source="original">
    <mtime>1721920720</mtime>
    <size>20480</size>
    <md5>8912d75e5c713e6b50b5bf8000b5bd26</md5>
    <crc32>552124b1</crc32>
    <sha1>478d17144b9fa208ed7c519bf664c863b30c8fe1</sha1>
    <format>Metadata</format>
  </file>
  <file name="super-mario-64-luigi-unlocked-v-1.0_meta.xml" source="original">
    <mtime>1721921033</mtime>
    <size>1447</size>
    <md5>198e082f00121476e4b9d6417c4d3fe6</md5>
    <crc32>39467483</crc32>
    <sha1>16502cb0dc58632b29c18a36fdd3ca2aaf91f079</sha1>
    <format>Metadata</format>
  </file>
</files>
