<?xml version="1.0" encoding="UTF-8"?>
<metadata>
  <identifier>Gamma64</identifier>
  <mediatype>software</mediatype>
  <collection>open_source_software</collection>
  <collection>community</collection>
  <creator>iProgramInCpp</creator>
  <date>2021-09-24</date>
  <description>&lt;div&gt;&lt;b&gt;Gamma64&lt;/b&gt; is a Super Mario 64 hack created by iProgramInCpp. It is a rom hack containing beta elements from 1994 to 1995, that were obtained in the Gigaleak.&lt;/div&gt;&lt;div&gt;&lt;br /&gt;This rom hack is completely Console Compatible, and was made from the decompiled source code.&lt;br /&gt;&lt;br /&gt;&lt;/div&gt;&lt;div&gt;Included in this archive are every version meant for the public, so no leaked versions, and no test versions. The demo is also included here.&lt;br /&gt;&lt;/div&gt;&lt;div&gt;&lt;br /&gt;&lt;/div&gt;&lt;div&gt;If iProgramInCpp wants to take down some of these versions here, he can.&lt;br /&gt;
&lt;/div&gt;</description>
  <language>eng</language>
  <scanner>Internet Archive HTML5 Uploader 1.6.4</scanner>
  <subject>Super Mario 64</subject>
  <title>Gamma64</title>
  <uploader>phil564@proton.me</uploader>
  <publicdate>2022-06-16 19:56:10</publicdate>
  <addeddate>2022-06-16 19:56:10</addeddate>
  <year>2021</year>
  <curation>[curator]validator@archive.org[/curator][date]20220616201757[/date][comment]checked for malware[/comment]</curation>
</metadata>
