<?xml version="1.0" encoding="UTF-8"?>
<files>
  <file name="Builds/Gamma64_V1.00-29c49f00d63ba71428772b032c71ceb9f3a68d17.zip" source="original">
    <mtime>1655409379</mtime>
    <size>2001270</size>
    <md5>3c1399bec62124fb4977e7758503a0f3</md5>
    <crc32>55f3958b</crc32>
    <sha1>4e477a8502e95ef656b372c9310bdf47bd8ac1e6</sha1>
    <format>ZIP</format>
    <viruscheck>1655410677</viruscheck>
    <filecount>1</filecount>
  </file>
  <file name="Builds/Gamma64_V1.01-c94a2f1fd5f67a40ed22cd3514df8780cd2071fb.zip" source="original">
    <mtime>1655409383</mtime>
    <size>2002228</size>
    <md5>49366b62996792645331a5e6d6e68418</md5>
    <crc32>cfbdb957</crc32>
    <sha1>c3d0b530263bc718159ab9a2d464dd8d466daff0</sha1>
    <format>ZIP</format>
    <viruscheck>1655410677</viruscheck>
    <filecount>1</filecount>
  </file>
  <file name="Builds/Gamma64_V1.02-1-cc127c78c2c8435bb2fde79b1db4a65c021d8aa9.zip" source="original">
    <mtime>1655409386</mtime>
    <size>2267084</size>
    <md5>e03cc02f3c4933000c8aabbdbe591ebb</md5>
    <crc32>3327ecfd</crc32>
    <sha1>02912cab63c1875d2674a3e263df3a18545455f3</sha1>
    <format>ZIP</format>
    <viruscheck>1655410677</viruscheck>
    <filecount>2</filecount>
  </file>
  <file name="Builds/Gamma64_V1.02-2-bb1f6d7b2deb5001b361801c22d75fc23ce662f0.zip" source="original">
    <mtime>1655409393</mtime>
    <size>2266858</size>
    <md5>39579dc910b95eb8a5988a96c9743293</md5>
    <crc32>5b008ee6</crc32>
    <sha1>49275d5a499014510a7646c75d0ea5a91b1c2caf</sha1>
    <format>ZIP</format>
    <viruscheck>1655410677</viruscheck>
    <filecount>2</filecount>
  </file>
  <file name="Builds/Gamma64_V1.03-7ee5bf2f099f9e81fe5a646e7232c58410d99316.zip" source="original">
    <mtime>1655409396</mtime>
    <size>2274186</size>
    <md5>3ae7c15fe0b1fab8dc86830a45567394</md5>
    <crc32>0cee6cdd</crc32>
    <sha1>d954512d36151d2e3db7aae18f2cfdf95858aee7</sha1>
    <format>ZIP</format>
    <viruscheck>1655410677</viruscheck>
    <filecount>2</filecount>
  </file>
  <file name="Builds/Gamma64_V1.04-1-76d0434f0caea9698c8c80856ea0db3c1493e402.zip" source="original">
    <mtime>1655409399</mtime>
    <size>2269547</size>
    <md5>158005cb14893ee3d5ca87d63a59ad77</md5>
    <crc32>b8a16b97</crc32>
    <sha1>30a8172f9cee3c092b96111b57103eaff292a6c2</sha1>
    <format>ZIP</format>
    <viruscheck>1655410677</viruscheck>
    <filecount>2</filecount>
  </file>
  <file name="Builds/Gamma64_V1.04-2-8f1e57c570db2d3215d5fb5b2afa033886d48c4a.zip" source="original">
    <mtime>1655409403</mtime>
    <size>2269536</size>
    <md5>cec520707fef2b5006a9af10a1ab0e54</md5>
    <crc32>ca9be1cf</crc32>
    <sha1>3bb7470453d79f731309c426b50900da6b834e00</sha1>
    <format>ZIP</format>
    <viruscheck>1655410677</viruscheck>
    <filecount>2</filecount>
  </file>
  <file name="Builds/Gamma64_V1.05-1-0e5033603e8749cdbfa7ab87ebbd0f73f2d2bd29.zip" source="original">
    <mtime>1655409408</mtime>
    <size>2269520</size>
    <md5>b7eccbd8e324e615fc09090b1bca5276</md5>
    <crc32>1740f1cf</crc32>
    <sha1>280768b88806ca88a4e679ab0f344fe3860b02fe</sha1>
    <format>ZIP</format>
    <viruscheck>1655410677</viruscheck>
    <filecount>2</filecount>
  </file>
  <file name="Builds/Gamma64_V1.05-2-f35f61a030bd7ae038d2bd6f93a828f28547b8a1.zip" source="original">
    <mtime>1655409412</mtime>
    <size>2269460</size>
    <md5>cabc20909628c2c8a9a539df2280c94a</md5>
    <crc32>8d043b76</crc32>
    <sha1>72c36b2bb02659ba00d452e394d9cdfb26c599d5</sha1>
    <format>ZIP</format>
    <viruscheck>1655410677</viruscheck>
    <filecount>2</filecount>
  </file>
  <file name="Builds/Gamma64_V1.05-3-4021b17140c3598d2c509555e67584df5446ec2c.zip" source="original">
    <mtime>1655409418</mtime>
    <size>2269458</size>
    <md5>a88c420ff257cfa400c53efab8c45d02</md5>
    <crc32>fcc56ecf</crc32>
    <sha1>b074f4c88b1b491b57d14cf400b75b2414aebd94</sha1>
    <format>ZIP</format>
    <viruscheck>1655410677</viruscheck>
    <filecount>2</filecount>
  </file>
  <file name="Builds/Gamma64_V1.06-2-6a996c014a3a6e079639ee5d2c256387a2dcd7a5.zip" source="original">
    <mtime>1655409422</mtime>
    <size>2268394</size>
    <md5>8dc06c13c830dc6e3a4d9e9cf1b0806a</md5>
    <crc32>bc91d1a0</crc32>
    <sha1>3b7a619e0f69791a7d85e5ad706144062bec131f</sha1>
    <format>ZIP</format>
    <viruscheck>1655410677</viruscheck>
    <filecount>2</filecount>
  </file>
  <file name="Builds/Gamma64_V1.10-25cfc673797534c1062a5c0583c92abdac496921.zip" source="original">
    <mtime>1655409425</mtime>
    <size>2268444</size>
    <md5>6b7585a36427d420c25d32cdf1afb117</md5>
    <crc32>3e971156</crc32>
    <sha1>9aeb6a44fb88c76f6a5cbef00f5af55a854ce74a</sha1>
    <format>ZIP</format>
    <viruscheck>1655410677</viruscheck>
    <filecount>2</filecount>
  </file>
  <file name="Builds/gamma64demo.bps" source="original">
    <mtime>1655410248</mtime>
    <size>1656388</size>
    <md5>f66d1e7bc7c38d9f92763ec4e5df9dde</md5>
    <crc32>2144df1c</crc32>
    <sha1>5754c4c660d0a73d4594e4cddc5f912960e12bce</sha1>
    <format>Unknown</format>
    <viruscheck>1655410677</viruscheck>
  </file>
  <file name="GLideN64_SUPERMARlO64_GAMMA64_002_thumb.jpg" source="derivative">
    <format>JPEG Thumb</format>
    <original>Screenshots + Release Trailer/1-Gamma64_thumb.png</original>
    <mtime>1655410292</mtime>
    <size>6257</size>
    <md5>a54e4ee7a5ee4da914e57816401d9a5b</md5>
    <crc32>709c6a30</crc32>
    <sha1>1dee78d5537075fb3057eafde3265544c82249ec</sha1>
  </file>
  <file name="Gamma64 - Release &amp; Download.mp4" source="original">
    <mtime>1655410796</mtime>
    <size>10438722</size>
    <md5>7fe296160a9d8c7ea97b53bd56605225</md5>
    <crc32>e5caf45c</crc32>
    <sha1>57232381c0e877be923b47be7cf670366a68570b</sha1>
    <format>MPEG4</format>
    <length>46.72</length>
    <width>1280</width>
    <height>720</height>
  </file>
  <file name="Gamma64.thumbs/Gamma64 - Release &amp; Download_000001.jpg" source="derivative">
    <format>Thumbnail</format>
    <original>Gamma64 - Release &amp; Download.mp4</original>
    <mtime>1655410925</mtime>
    <size>28253</size>
    <md5>c6577563ff004473f2429ee22ea35dcc</md5>
    <crc32>a301bf6e</crc32>
    <sha1>82138be60e3e6c10f9ed86949c8e2c261757253a</sha1>
  </file>
  <file name="Gamma64.thumbs/Gamma64 - Release &amp; Download_000016.jpg" source="derivative">
    <format>Thumbnail</format>
    <original>Gamma64 - Release &amp; Download.mp4</original>
    <mtime>1655410925</mtime>
    <size>38156</size>
    <md5>a4d74d4055825db287025aaf99e3c2b4</md5>
    <crc32>b1a41e26</crc32>
    <sha1>beb2bcd6fdf209bcf6add02bda5d324dd6de118c</sha1>
  </file>
  <file name="Gamma64.thumbs/Gamma64 - Release &amp; Download_000021.jpg" source="derivative">
    <format>Thumbnail</format>
    <original>Gamma64 - Release &amp; Download.mp4</original>
    <mtime>1655410926</mtime>
    <size>32352</size>
    <md5>02c8091bef8bde10b7c05acd3608f8d5</md5>
    <crc32>e60324fb</crc32>
    <sha1>aa0ce5c6866d27c58f17c638f176e4d959763c2c</sha1>
  </file>
  <file name="Gamma64.thumbs/Gamma64 - Release &amp; Download_000026.jpg" source="derivative">
    <format>Thumbnail</format>
    <original>Gamma64 - Release &amp; Download.mp4</original>
    <mtime>1655410926</mtime>
    <size>56880</size>
    <md5>4f07332fcfd31f1ad5b38b3527348c3a</md5>
    <crc32>ae34aad7</crc32>
    <sha1>7e396cbcf8cf2634d2317a04d797f098151e069f</sha1>
  </file>
  <file name="Gamma64.thumbs/Gamma64 - Release &amp; Download_000032.jpg" source="derivative">
    <format>Thumbnail</format>
    <original>Gamma64 - Release &amp; Download.mp4</original>
    <mtime>1655410926</mtime>
    <size>54780</size>
    <md5>e46003d9604c84acb74716e3c60e8a5c</md5>
    <crc32>8dfa1cbe</crc32>
    <sha1>e7c9f3ac055bad957943000fb65c164f74720865</sha1>
  </file>
  <file name="Gamma64.thumbs/Gamma64 - Release &amp; Download_000037.jpg" source="derivative">
    <format>Thumbnail</format>
    <original>Gamma64 - Release &amp; Download.mp4</original>
    <mtime>1655410927</mtime>
    <size>35927</size>
    <md5>642387d08b36034584140c49ea5c9ff7</md5>
    <crc32>7e7244a6</crc32>
    <sha1>b4f6095f1e0b508e3f03e06445afaa1ed4c00700</sha1>
  </file>
  <file name="Gamma64.thumbs/Gamma64 - Release &amp; Download_000042.jpg" source="derivative">
    <format>Thumbnail</format>
    <original>Gamma64 - Release &amp; Download.mp4</original>
    <mtime>1655410927</mtime>
    <size>26580</size>
    <md5>1d33eb0c94d3f1266ef1d876171370ae</md5>
    <crc32>06cf85d3</crc32>
    <sha1>6b7d5e366ecd592af4a0ca7464b7fa959d426274</sha1>
  </file>
  <file name="Gamma64_archive.torrent" source="metadata">
    <btih>4e90141970d835468b20e35d8cf3afc1171e693b</btih>
    <mtime>1658430593</mtime>
    <size>8043</size>
    <md5>f931fb7a7dd8129b7d1d98953a730f63</md5>
    <crc32>0f8b766a</crc32>
    <sha1>e301e96e67405c23e619c75e0e8e0faa1b807d0f</sha1>
    <format>Archive BitTorrent</format>
  </file>
  <file name="Gamma64_files.xml" source="original">
    <format>Metadata</format>
    <md5>cce20ecc7a6e89f21c2684bb93cbf43e</md5>
    <summation>md5</summation>
  </file>
  <file name="Gamma64_meta.sqlite" source="original">
    <mtime>1655410811</mtime>
    <size>90112</size>
    <md5>241ee25a95883a01303cf67245bd409f</md5>
    <crc32>67ec2b68</crc32>
    <sha1>12ad427e2f33d7fd4b8291a65559cb25a39530cd</sha1>
    <format>Metadata</format>
  </file>
  <file name="Gamma64_meta.xml" source="original">
    <mtime>1658430591</mtime>
    <size>1404</size>
    <md5>1348e1af9ee7d6302b9a0578f17adf21</md5>
    <crc32>0bdd671b</crc32>
    <sha1>c0c672800f21c905293d390c869085cceffe9a49</sha1>
    <format>Metadata</format>
  </file>
  <file name="Gamma64_thumb_thumb.jpg" source="derivative">
    <format>JPEG Thumb</format>
    <original>Screenshots + Release Trailer/1-Gamma64_thumb.png</original>
    <mtime>1655410686</mtime>
    <size>6257</size>
    <md5>a54e4ee7a5ee4da914e57816401d9a5b</md5>
    <crc32>709c6a30</crc32>
    <sha1>1dee78d5537075fb3057eafde3265544c82249ec</sha1>
  </file>
  <file name="Logs/Gamma64 - Changelog.txt" source="original">
    <mtime>1655409354</mtime>
    <size>33365</size>
    <md5>db2c08b3df71c16869bb9df8dc6d88c8</md5>
    <crc32>1373ff0a</crc32>
    <sha1>4d0bd977e0e12f933b011646b96945f6490d2430</sha1>
    <format>Text</format>
    <viruscheck>1655410677</viruscheck>
  </file>
  <file name="Logs/Gamma64 - Features.txt" source="original">
    <mtime>1655409372</mtime>
    <size>1766</size>
    <md5>768e7beba398f1991cca972f6b62d350</md5>
    <crc32>b154d660</crc32>
    <sha1>c80eb1294183ed0578454a574ea6b65cc97b91fc</sha1>
    <format>Text</format>
    <viruscheck>1655410677</viruscheck>
  </file>
  <file name="Screenshots + Release Trailer/1-Gamma64_thumb.png" source="original">
    <mtime>1655409427</mtime>
    <size>21978</size>
    <md5>b30e6ed4bcc90568ea7bb18108a4552f</md5>
    <crc32>e18817bf</crc32>
    <sha1>5355f5f32933b075163d3cfbc5672d30877239a6</sha1>
    <format>PNG</format>
  </file>
  <file name="Screenshots + Release Trailer/index.png" source="original">
    <mtime>1655410798</mtime>
    <size>89345</size>
    <md5>3af8b87b58f10b587c3754dba2cc0236</md5>
    <crc32>dc6c5a7f</crc32>
    <sha1>5c5563154c6afba65f65b62e927bde38df2e779a</sha1>
    <format>PNG</format>
  </file>
  <file name="Screenshots + Release Trailer/index2.png" source="original">
    <mtime>1655410800</mtime>
    <size>119904</size>
    <md5>d62dc85e468ad4bc3773f3e12be9fab0</md5>
    <crc32>a46b355f</crc32>
    <sha1>92ac77ceb2539e6352804e5b0c3f83964d70da16</sha1>
    <format>PNG</format>
  </file>
  <file name="Screenshots + Release Trailer/index3.png" source="original">
    <mtime>1655410803</mtime>
    <size>133415</size>
    <md5>ff464ef3370d51741510d96880b67678</md5>
    <crc32>51f56d82</crc32>
    <sha1>fc6ff022a1bba4fa035b671cd48aad80bec1146d</sha1>
    <format>PNG</format>
  </file>
  <file name="Screenshots + Release Trailer/index4.png" source="original">
    <mtime>1655410805</mtime>
    <size>103461</size>
    <md5>888832c397cd6c470b606fa31e9ca054</md5>
    <crc32>2376afce</crc32>
    <sha1>451addb59cd30fa9cdc4ff3585bec9cd76f4543e</sha1>
    <format>PNG</format>
  </file>
  <file name="Screenshots + Release Trailer/index5.png" source="original">
    <mtime>1655410807</mtime>
    <size>115309</size>
    <md5>9c094f5e434dc6cacda7fc40c5310a95</md5>
    <crc32>35da40ee</crc32>
    <sha1>194a39f900938fe5eca4c3e3a8af7354a4a2010d</sha1>
    <format>PNG</format>
  </file>
  <file name="__ia_thumb.jpg" source="original">
    <mtime>1655410961</mtime>
    <size>6529</size>
    <md5>2ea3d50c233b7ad8fe2a6da3d69b5697</md5>
    <crc32>73219002</crc32>
    <sha1>2555dfa5f3fdeb6ae0a4c85b6f80c7167440f05a</sha1>
    <format>Item Tile</format>
    <rotation>0</rotation>
  </file>
</files>
