{
  "id": "MAP_ABANDONED_SHIP_ROOM_B1F",
  "name": "AbandonedShip_Room_B1F",
  "layout": "LAYOUT_ABANDONED_SHIP_ROOM_B1F",
  "music": "MUS_ABANDONED_SHIP",
  "region_map_section": "MAPSEC_ABANDONED_SHIP",
  "requires_flash": false,
  "weather": "WEATHER_SHADE",
  "map_type": "MAP_TYPE_UNDERGROUND",
  "allow_cycling": true,
  "allow_escaping": true,
  "allow_running": true,
  "show_map_name": true,
  "battle_scene": "MAP_BATTLE_SCENE_NORMAL",
  "connections": null,
  "object_events": [
    {
      "graphics_id": "OBJ_EVENT_GFX_ITEM_BALL",
      "x": 4,
      "y": 4,
      "elevation": 3,
      "movement_type": "MOVEMENT_TYPE_LOOK_AROUND",
      "movement_range_x": 1,
      "movement_range_y": 1,
      "trainer_type": "TRAINER_TYPE_NONE",
      "trainer_sight_or_berry_tree_id": "0",
      "script": "AbandonedShip_Room_B1F_EventScript_ItemTMIceBeam",
      "flag": "FLAG_ITEM_ABANDONED_SHIP_ROOMS_B1F_TM_ICE_BEAM"
    }
  ],
  "warp_events": [
    {
      "x": 4,
      "y": 7,
      "elevation": 3,
      "dest_map": "MAP_ABANDONED_SHIP_CORRIDORS_B1F",
      "dest_warp_id": "5"
    },
    {
      "x": 5,
      "y": 7,
      "elevation": 3,
      "dest_map": "MAP_ABANDONED_SHIP_CORRIDORS_B1F",
      "dest_warp_id": "5"
    }
  ],
  "coord_events": [],
  "bg_events": []
}
