{
  "id": "MAP_GREENDALE_VILLAGE",
  "name": "GreendaleVillage",
  "layout": "LAYOUT_GREENDALE_VILLAGE",
  "music": "MUS_GREENDALE_VILLAGE",
  "region_map_section": "MAPSEC_GREENDALE_VILLAGE",
  "requires_flash": false,
  "weather": "WEATHER_NONE",
  "map_type": "MAP_TYPE_TOWN",
  "allow_cycling": true,
  "allow_escaping": false,
  "allow_running": true,
  "show_map_name": true,
  "battle_scene": "MAP_BATTLE_SCENE_FARM",
  "connections": [
    {
      "map": "MAP_ROUTE4",
      "offset": 20,
      "direction": "right"
    },
    {
      "map": "MAP_ROUTE10",
      "offset": 8,
      "direction": "left"
    }
  ],
  "object_events": [
    {
      "graphics_id": "OBJ_EVENT_GFX_NURSE",
      "x": 25,
      "y": 24,
      "elevation": 3,
      "movement_type": "MOVEMENT_TYPE_NONE",
      "movement_range_x": 0,
      "movement_range_y": 0,
      "trainer_type": "TRAINER_TYPE_NONE",
      "trainer_sight_or_berry_tree_id": "0",
      "script": "NULL",
      "flag": "FLAG_BADGE01_GET"
    },
    {
      "graphics_id": "OBJ_EVENT_GFX_NURSE",
      "x": 27,
      "y": 24,
      "elevation": 3,
      "movement_type": "MOVEMENT_TYPE_NONE",
      "movement_range_x": 0,
      "movement_range_y": 0,
      "trainer_type": "TRAINER_TYPE_NONE",
      "trainer_sight_or_berry_tree_id": "0",
      "script": "NULL",
      "flag": "FLAG_BADGE01_GET"
    },
    {
      "graphics_id": "OBJ_EVENT_GFX_REPORTER_F",
      "x": 26,
      "y": 24,
      "elevation": 3,
      "movement_type": "MOVEMENT_TYPE_NONE",
      "movement_range_x": 0,
      "movement_range_y": 0,
      "trainer_type": "TRAINER_TYPE_NONE",
      "trainer_sight_or_berry_tree_id": "0",
      "script": "NULL",
      "flag": "FLAG_BADGE01_GET"
    },
    {
      "graphics_id": "OBJ_EVENT_GFX_OLD_WOMAN",
      "x": 25,
      "y": 8,
      "elevation": 3,
      "movement_type": "MOVEMENT_TYPE_WANDER_AROUND",
      "movement_range_x": 0,
      "movement_range_y": 0,
      "trainer_type": "TRAINER_TYPE_NONE",
      "trainer_sight_or_berry_tree_id": "0",
      "script": "GreendaleVillage_Old_Woman",
      "flag": "0"
    },
    {
      "graphics_id": "OBJ_EVENT_GFX_EXPERT_M",
      "x": 18,
      "y": 41,
      "elevation": 3,
      "movement_type": "MOVEMENT_TYPE_NONE",
      "movement_range_x": 0,
      "movement_range_y": 0,
      "trainer_type": "TRAINER_TYPE_NONE",
      "trainer_sight_or_berry_tree_id": "0",
      "script": "GreendaleVillage_Old_Man",
      "flag": "0"
    },
    {
      "graphics_id": "OBJ_EVENT_GFX_YOUNGSTER",
      "x": 23,
      "y": 27,
      "elevation": 3,
      "movement_type": "MOVEMENT_TYPE_FACE_RIGHT",
      "movement_range_x": 0,
      "movement_range_y": 0,
      "trainer_type": "TRAINER_TYPE_NONE",
      "trainer_sight_or_berry_tree_id": "0",
      "script": "NULL",
      "flag": "FLAG_BADGE01_GET"
    },
    {
      "graphics_id": "OBJ_EVENT_GFX_MAN_3",
      "x": 23,
      "y": 26,
      "elevation": 3,
      "movement_type": "MOVEMENT_TYPE_FACE_RIGHT",
      "movement_range_x": 0,
      "movement_range_y": 0,
      "trainer_type": "TRAINER_TYPE_NONE",
      "trainer_sight_or_berry_tree_id": "0",
      "script": "NULL",
      "flag": "FLAG_BADGE01_GET"
    },
    {
      "graphics_id": "OBJ_EVENT_GFX_PICNICKER",
      "x": 29,
      "y": 26,
      "elevation": 3,
      "movement_type": "MOVEMENT_TYPE_FACE_LEFT",
      "movement_range_x": 0,
      "movement_range_y": 0,
      "trainer_type": "TRAINER_TYPE_NONE",
      "trainer_sight_or_berry_tree_id": "0",
      "script": "NULL",
      "flag": "FLAG_BADGE01_GET"
    },
    {
      "graphics_id": "OBJ_EVENT_GFX_LUCY",
      "x": 30,
      "y": 24,
      "elevation": 3,
      "movement_type": "MOVEMENT_TYPE_NONE",
      "movement_range_x": 0,
      "movement_range_y": 0,
      "trainer_type": "TRAINER_TYPE_NONE",
      "trainer_sight_or_berry_tree_id": "0",
      "script": "NULL",
      "flag": "FLAG_HIDE_GREENDALE_VILLAGE_ROSE"
    },
    {
      "graphics_id": "OBJ_EVENT_GFX_MART_EMPLOYEE",
      "x": 19,
      "y": 25,
      "elevation": 3,
      "movement_type": "MOVEMENT_TYPE_NONE",
      "movement_range_x": 0,
      "movement_range_y": 0,
      "trainer_type": "TRAINER_TYPE_NONE",
      "trainer_sight_or_berry_tree_id": "0",
      "script": "GreendaleVillage_Vendor",
      "flag": "0"
    },
    {
      "graphics_id": "OBJ_EVENT_GFX_RUNNING_TRIATHLETE_F",
      "x": 34,
      "y": 37,
      "elevation": 3,
      "movement_type": "MOVEMENT_TYPE_FACE_LEFT",
      "movement_range_x": 0,
      "movement_range_y": 0,
      "trainer_type": "TRAINER_TYPE_NONE",
      "trainer_sight_or_berry_tree_id": "0",
      "script": "GreendaleVillage_Woman",
      "flag": "0"
    },
    {
      "graphics_id": "OBJ_EVENT_GFX_LITTLE_GIRL",
      "x": 29,
      "y": 40,
      "elevation": 3,
      "movement_type": "MOVEMENT_TYPE_WALK_SEQUENCE_RIGHT_UP_LEFT_DOWN",
      "movement_range_x": 4,
      "movement_range_y": 4,
      "trainer_type": "TRAINER_TYPE_NONE",
      "trainer_sight_or_berry_tree_id": "0",
      "script": "GreendaleVillage_Little_Girl",
      "flag": "0"
    },
    {
      "graphics_id": "OBJ_EVENT_GFX_LITTLE_BOY",
      "x": 29,
      "y": 36,
      "elevation": 3,
      "movement_type": "MOVEMENT_TYPE_WALK_SEQUENCE_DOWN_RIGHT_UP_LEFT",
      "movement_range_x": 4,
      "movement_range_y": 4,
      "trainer_type": "TRAINER_TYPE_NONE",
      "trainer_sight_or_berry_tree_id": "0",
      "script": "GreendaleVillage_Little_Boy",
      "flag": "0"
    },
    {
      "graphics_id": "OBJ_EVENT_GFX_PIDGEY",
      "x": 34,
      "y": 30,
      "elevation": 0,
      "movement_type": "MOVEMENT_TYPE_NONE",
      "movement_range_x": 0,
      "movement_range_y": 0,
      "trainer_type": "TRAINER_TYPE_NONE",
      "trainer_sight_or_berry_tree_id": "0",
      "script": "NULL",
      "flag": "0"
    },
    {
      "graphics_id": "OBJ_EVENT_GFX_ROSELIA",
      "x": 15,
      "y": 21,
      "elevation": 0,
      "movement_type": "MOVEMENT_TYPE_NONE",
      "movement_range_x": 0,
      "movement_range_y": 0,
      "trainer_type": "TRAINER_TYPE_NONE",
      "trainer_sight_or_berry_tree_id": "0",
      "script": "NULL",
      "flag": "0"
    }
  ],
  "warp_events": [
    {
      "x": 22,
      "y": 40,
      "elevation": 3,
      "dest_map": "MAP_GREENDALE_VILLAGE_POKEMON_CENTER_1F",
      "dest_warp_id": "1"
    },
    {
      "x": 34,
      "y": 33,
      "elevation": 3,
      "dest_map": "MAP_GREENDALE_VILLAGE_TRAINER_SCHOOL",
      "dest_warp_id": "0"
    },
    {
      "x": 21,
      "y": 32,
      "elevation": 3,
      "dest_map": "MAP_GREENDALE_VILLAGE_HOUSE1",
      "dest_warp_id": "0"
    },
    {
      "x": 30,
      "y": 24,
      "elevation": 3,
      "dest_map": "MAP_GREENDALE_VILLAGE_ROSE_HOUSE",
      "dest_warp_id": "0"
    },
    {
      "x": 21,
      "y": 24,
      "elevation": 3,
      "dest_map": "MAP_GREENDALE_VILLAGE_MART",
      "dest_warp_id": "0"
    }
  ],
  "coord_events": [
    {
      "type": "trigger",
      "x": 25,
      "y": 30,
      "elevation": 0,
      "var": "VAR_STORYLINE_STATE",
      "var_value": "11",
      "script": "GreendaleVillage_Tournament"
    },
    {
      "type": "trigger",
      "x": 26,
      "y": 30,
      "elevation": 0,
      "var": "VAR_STORYLINE_STATE",
      "var_value": "11",
      "script": "GreendaleVillage_Tournament"
    },
    {
      "type": "trigger",
      "x": 27,
      "y": 30,
      "elevation": 0,
      "var": "VAR_STORYLINE_STATE",
      "var_value": "11",
      "script": "GreendaleVillage_Tournament"
    }
  ],
  "bg_events": [
    {
      "type": "sign",
      "x": 37,
      "y": 40,
      "elevation": 0,
      "player_facing_dir": "BG_EVENT_PLAYER_FACING_ANY",
      "script": "GreendaleVillage_Sign"
    },
    {
      "type": "sign",
      "x": 38,
      "y": 40,
      "elevation": 0,
      "player_facing_dir": "BG_EVENT_PLAYER_FACING_ANY",
      "script": "GreendaleVillage_Sign"
    },
    {
      "type": "sign",
      "x": 31,
      "y": 34,
      "elevation": 0,
      "player_facing_dir": "BG_EVENT_PLAYER_FACING_ANY",
      "script": "GreendaleVillage_Sign_School"
    },
    {
      "type": "sign",
      "x": 26,
      "y": 16,
      "elevation": 0,
      "player_facing_dir": "BG_EVENT_PLAYER_FACING_ANY",
      "script": "GreendaleVillage_Sign_Park"
    },
    {
      "type": "sign",
      "x": 27,
      "y": 16,
      "elevation": 0,
      "player_facing_dir": "BG_EVENT_PLAYER_FACING_ANY",
      "script": "GreendaleVillage_Sign_Park"
    }
  ]
}
