0,0,IVARA REGION,,,,,,,,,,,,
,,,,,,,,,,,,,,
0,0,Cosmos Village,,,,,,,,,,,,
,,Surf,Tentacool,Wailmer,Clauncher,,,,,,,,,
,,Fish (Old Rod),Wailmer,Goldeen,,,,,,,,,,
,,Fish (Good Rod),Wailmer,Goldeen,Corphish,,,,,,,,,
,,Fish (Super Rod),Wailmer,Horsea,Wailord,Corphish,Clauncher,,,,,,,
,,,,,,,,,,,,,,
0,6,Osmanthus City,,,,,,,,,,,,
,,Surf,Tentacool,Magikarp,Marill,Carvanha,,,,,,,,
,,Fish (Old Rod),Magikarp,Tentacool,,,,,,,,,,
,,Fish (Good Rod),Magikarp,Tentacool,Wailmer,,,,,,,,,
,,Fish (Super Rod),Sharpedo,Wailmer,,,,,,,,,,
,,,,,,,,,,,,,,
0,8,Dandelion Village (Ivara League),,,,,,,,,,,,
,,Grass,Buneary,Electrike,Shroomish,Tangela,Drilbur,Skiddo,Morelull,Staravia,Absol,,,
,,Surf,Tentacool,Carvanha,Feebas,,,,,,,,,
,,Fish (Old Rod),Magikarp,Tentacool,,,,,,,,,,
,,Fish (Good Rod),Magikarp,Luvdisc,Wailmer,,,,,,,,,
,,Fish (Super Rod),Luvdisc,Wailmer,Clauncher,,,,,,,,,
,,,,,,,,,,,,,,
0,9,Colchicine City,,,,,,,,,,,,
,,Grass,Tangela,Steenee,Shroomish,Caterpie,Weedle,Combee,Ferroseed,Kangaskhan,Goomy,Skorupi,Tropius,
,,Surf,Lotad,Magikarp,Dewpider,,,,,,,,,
,,Fish (Old Rod),Dewpider,Tentacool,,,,,,,,,,
,,Fish (Good Rod),Dewpider,Tentacool,Carvanha,,,,,,,,,
,,Fish (Super Rod),Sharpedo,Dewpider,Carvanha,,,,,,,,,
,,,,,,,,,,,,,,
24,10,Fluorescent Jungle - North,,,,,,,,,,,,
,,Grass,Morelull,Tangela,Shroomish,Caterpie,Tropius,Combee,Weedle,Bounsweet,Scatterbug,Ferroseed,Steenee,
,,Surf,Lotad,Magikarp,Dewpider,,,,,,,,,
,,Fish (Old Rod),Dewpider,Tentacool,,,,,,,,,,
,,Fish (Good Rod),Dewpider,Tentacool,Carvanha,,,,,,,,,
,,Fish (Super Rod),Sharpedo,Dewpider,Carvanha,,,,,,,,,
,,,,,,,,,,,,,,
24,19,Fluorescent Jungle - South,,,,,,,,,,,,
,,Grass,Steenee,Shroomish,Caterpie,Weedle,Pikachu,Combee,Skorupi,Snubbull,Tropius,Ferroseed,Scyther,
,,Surf,Lotad,Dewpider,Slowpoke,Magikarp,,,,,,,,
,,Fish (Old Rod),Slowpoke,Magikarp,,,,,,,,,,
,,Fish (Good Rod),Dewpider,Slowpoke,Marill,,,,,,,,,
,,Fish (Super Rod),Carvanha,Sharpedo,Magikarp,Slowbro,,,,,,,,
,,,,,,,,,,,,,,
0,15,Purslane Village,,,,,,,,,,,,
,,Surf,Tentacool,Wailmer,Skrelp,,,,,,,,,
,,Fish (Old Rod),Magikarp,Tentacool,,,,,,,,,,
,,Fish (Good Rod),Magikarp,Tentacool,Wailmer,,,,,,,,,
,,Fish (Super Rod),Sharpedo,Wailmer,Clauncher,Dragalge,,,,,,,,
,,,,,,,,,,,,,,
0,16,Plantain Path,,,,,,,,,,,,
,,Grass,Scatterbug,Purrloin,Starly,Bunnelby,Yungoos,Buneary,,,,,,
,,,,,,,,,,,,,,
0,17,Smartweed Path,,,,,,,,,,,,
,,Grass,Purrloin,Scatterbug,Litleo,Lotad,Buneary,Combee,Ralts,Slakoth,,,,
,,Surf,Marill,Dewpider,Magikarp,Goldeen,,,,,,,,
,,Fish (Old Rod),Magikarp,Goldeen,,,,,,,,,,
,,Fish (Good Rod),Magikarp,Goldeen,Binacle,,,,,,,,,
,,Fish (Super Rod),Corphish,Barbaracle,,,,,,,,,,
,,,,,,,,,,,,,,
0,18,Ferns Path,,,,,,,,,,,,
,,Grass,Shroomish,Drilbur,Litleo,Starly,Yungoos,Buneary,Salandit,Scatterbug,Spritzee,Pikachu,,
,,Surf,Tentacool,Spritzee,Aromatisse,,,,,,,,,
,,Fish (Old Rod),Magikarp,Tentacool,,,,,,,,,,
,,Fish (Good Rod),Magikarp,Tentacool,Wailmer,,,,,,,,,
,,Fish (Super Rod),Sharpedo,Wailmer,,,,,,,,,,
,,,,,,,,,,,,,,
0,19,Fatsia Path,,,,,,,,,,,,
,,Grass,Buneary,Scatterbug,Purrloin,Marill,Cutiefly,Yungoos,Shroomish,Skitty,Togedemaru,Spritzee,,
,,Surf,Marill,Magikarp,,,,,,,,,,
,,Fish (All Rod),Magikarp,,,,,,,,,,,
,,,,,,,,,,,,,,
24,11,Cypress Forest,,,,,,,,,,,,
,,Grass,Purrloin,Skorupi,Shroomish,Nincada,Weedle,Combee,Scatterbug,Cutiefly,Slakoth,Gastly,,
,,,,,,,,,,,,,,
0,21,Enhalus Path,,,,,,,,,,,,
,,Surf,Tentacool,Goldeen,Magikarp,,,,,,,,,
,,Fish (Old Rod),Magikarp,Tentacool,,,,,,,,,,
,,Fish (Good Rod),Magikarp,Tentacool,Wailmer,,,,,,,,,
,,Fish (Super Rod),Clauncher,Wailmer,Binacle,Clawitzer,,,,,,,,
,,,,,,,,,,,,,,
0,24,Kelp Path,,,,,,,,,,,,
,,Surf,Tentacool,Wailmer,,,,,,,,,,
,,Fish (Old Rod),Wailmer,Tentacool,,,,,,,,,,
,,Fish (Good Rod),Wailmer,Tentacool,Lanturn,,,,,,,,,
,,Fish (Super Rod),Wailmer,Lanturn,Clauncher,Seadra,,,,,,,,
,,,,,,,,,,,,,,
0,25,Cineraria Path,,,,,,,,,,,,
,,Grass,Purrloin,Tangela,Skiddo,Electrike,Furfrou,Flabebe,Chatot,Swablu,Hawlucha,Spinda,,
,,Surf,Tentacool,Clauncher,Marill,Carvanha,Wailmer,,,,,,,
,,Fish (Old Rod),Magikarp,Tentacool,,,,,,,,,,
,,Fish (Good Rod),Carvanha,Wailmer,,,,,,,,,,
,,Fish (Super Rod),Clauncher,Wailmer,Carvanha,,,,,,,,,
,,,,,,,,,,,,,,
0,27,Crassipes Path,,,,,,,,,,,,
,,Grass,Skitty,Salandit,Spritzee,Pidgey,Fletchling,Litleo,Nincada,Togedemaru,,,,
,,Surf,Magikarp,Marill,,,,,,,,,,
,,Fish (Old Rod),Magikarp,Marill,,,,,,,,,,
,,Fish (Good Rod),Luvdisc,Magikarp,,,,,,,,,,
,,Fish (Super Rod),Marill,Luvdisc,Magikarp,,,,,,,,,
,,,,,,,,,,,,,,
0,28,Burvine Path,,,,,,,,,,,,
,,Grass,Vanillite,Aron,Sneasel,Snorunt,Snover,Mudbray,Geodude,Yungoos,Meditite,,,
,,,,,,,,,,,,,,
24,83,Mt Bruvine Top,,,,,,,,,,,,
,,Grass,Vanillite,Meditite,Zubat,Timburr,Onix,Snover,Geodude,,,,,
,,,,,,,,,,,,,,
24,106,Mt Bruvine 1F,,,,,,,,,,,,
,,Grass,Zubat,Geodude,Timburr,Rhyhorn,Duskull,Drilbur,Abra,Onix,,,,
,,,,,,,,,,,,,,
24,100,Mt Bruvine 2F,,,,,,,,,,,,
,,Grass,Zubat,Golbat,Geodude,Timburr,Gurdurr,Duskull,Aron,Mudbray,Mudsdale,Onix,Steelix,Lairon
,,,,,,,,,,,,,,
24,86,Mt Bruvine 3F,,,,,,,,,,,,
,,Grass,Zubat,Sneasel,Golbat,Snorunt,Geodude,Loudred,Onix,Snover,Graveler,,,
,,,,,,,,,,,,,,
0,29,Saxifrage Path,,,,,,,,,,,,
,,Grass,Vanillite,Snover,Medicham,Meditite,Sneasel,Spheal,Sealeo,Glalie,Abomasnow,,,
,,Rock Smash,Geodude,,,,,,,,,,,
,,,,,,,,,,,,,,
0,30,Lichen River,,,,,,,,,,,,
,,Grass,Vanillite,Snover,Swablu,Absol,Meditite,Snorunt,Vanillish,Medicham,Sneasel,Altaria,Castform,Abomasnow
,,Surf,Goldeen,Spheal,Sealeo,Seaking,,,,,,,,
,,Fish (Old Rod),Magikarp,Spheal,,,,,,,,,,
,,Fish (Good Rod),Magikarp,Spheal,Corphish,,,,,,,,,
,,Fish (Super Rod),Corphish,Wailmer,Crawdaunt,,,,,,,,,
,,,,,,,,,,,,,,
0,31,Cornflower Path,,,,,,,,,,,,
,,Grass,Purrloin,Starly,Nincada,Abra,Hawlucha,Audino,Helioptile,Mienfoo,Pikachu,Meditite,Skitty,
,,,,,,,,,,,,,,
0,32,Brambles Path,,,,,,,,,,,,
,,Grass,Purrloin,Flabebe,Marill,Spritzee,Yungoos,Ralts,Ditto,Scyther,Pinsir,,,
,,Surf,Marill,Goldeen,,,,,,,,,,
,,Fish (Old Rod),Magikarp,Goldeen,,,,,,,,,,
,,Fish (Good Rod),Magikarp,Goldeen,Corphish,,,,,,,,,
,,Fish (Super Rod),Corphish,,,,,,,,,,,
,,,,,,,,,,,,,,
24,7,Fault Cave 1F,,,,,,,,,,,,
,,Grass,Zubat,Growlithe,Mawile,Abra,Riolu,Geodude,Carbink,Onix,,,,
,,,,,,,,,,,,,,
24,8,Fault Cave B1F,,,,,,,,,,,,
,,Grass,Zubat,Sableye,Aron,Growlithe,Abra,Geodude,Mawile,Carbink,Trapinch,Onix,,
,,,,,,,,,,,,,,
24,9,Fault Cave B1F Inner Room,,,,,,,,,,,,
,,Grass,Zubat,Aron,Abra,Sableye,Carbink,,,,,,,
,,Rock Smash,Geodude,,,,,,,,,,,
,,,,,,,,,,,,,,
0,33,Dendrobium Path,,,,,,,,,,,,
,,Grass,Buneary,Electrike,Shroomish,Tangela,Drilbur,Staravia,Morelull,Skiddo,Absol,,,
,,Surf,Lotad,Magikarp,Marill,Carvanha,,,,,,,,
,,Fish (Old Rod),Magikarp,Tentacool,,,,,,,,,,
,,Fish (Good Rod),Magikarp,Tentacool,Carvanha,,,,,,,,,
,,Fish (Super Rod),Sharpedo,Carvanha,,,,,,,,,,
,,,,,,,,,,,,,,
0,34,Salix Path,,,,,,,,,,,,
,,Grass,Buneary,Steenee,Meowth,Vulpix,Salandit,Ferroseed,Exeggcute,Rhyhorn,Persian,Salazzle,Tropius,Spiritomb
,,Surf,Tentacool,Slowpoke,Binacle,Marill,Corphish,,,,,,,
,,Fish (Old Rod),Magikarp,Tentacool,,,,,,,,,,
,,Fish (Good Rod),Magikarp,Corphish,Slowpoke,,,,,,,,,
,,Fish (Super Rod),Carvanha,Corphish,Slowbro,,,,,,,,,
,,,,,,,,,,,,,,
24,13,Wisteria Falls,,,,,,,,,,,,
,,Grass,Flabebe,Swablu,Skiddo,Diggersby,Buneary,Liepard,Spoink,Lombre,Gurdurr,Shiinotic,Skorupi,Altaria
,,Surf,Lotad,Marill,Magikarp,Dewpider,,,,,,,,
,,Fish (Old Rod),Goldeen,,,,,,,,,,,
,,Fish (Good Rod),Magikarp,Clauncher,,,,,,,,,,
,,Fish (Super Rod),Goldeen,Spheal,Marill,,,,,,,,,
,,,,,,,,,,,,,,
24,88,Wisteria Falls Cave,,,,,,,,,,,,
,,Grass,Zubat,Drilbur,Geodude,Aron,Lairon,Larvitar,Gurdurr,Golbat,Graveler,,,
,,,,,,,,,,,,,,
0,35,Hyacinth Path,,,,,,,,,,,,
,,Grass,Purrloin,Liepard,Skarmory,Flabebe,Marill,Cottonee,Kadabra,Bounsweet,Klefki,Pinsir,,
,,Surf,Marill,Goldeen,,,,,,,,,,
,,Fish (Old & Good Rod),Magikarp,Goldeen,,,,,,,,,,
,,Fish (Super Rod),Seaking,Goldeen,Azumarill,,,,,,,,,
,,,,,,,,,,,,,,
0,36,Cycads Path,,,,,,,,,,,,
,,Grass,Purrloin,Flabebe,Liepard,Cottonee,Tropius,Heracross,Floette,Mareep,Chatot,,,
,,,,,,,,,,,,,,
24,21,Mt Honeysuckle Outside,,,,,,,,,,,,
,,Grass,Staravia,Lotad,Purrloin,Abra,Skiddo,Numel,Sableye,Larvitar,,,,
,,,,,,,,,,,,,,
24,22,Mt Honeysuckle Top,,,,,,,,,,,,
,,Grass,Staravia,Skiddo,Larvitar,Abra,Shuppet,Steenee,Sableye,Houndour,Numel,,,
,,,,,,,,,,,,,,
24,30,Mt Honeysuckle Cave 1F,,,,,,,,,,,,
,,Grass,Zubat,Houndour,Ferroseed,Drilbur,Graveler,Onix,Golett,Aron,Lairon,,,
,,,,,,,,,,,,,,
24,87,Mt Honeysuckle Cave 2F,,,,,,,,,,,,
,,Grass,Gastly,Golbat,Zubat,Onix,Geodude,Rhyhorn,Graveler,Shuppet,Steelix,,,
,,,,,,,,,,,,,,
24,29,Mt Honeysuckle Cave 3F,,,,,,,,,,,,
,,Grass,Shuppet,Zubat,Graveler,Gastly,Onix,Golbat,Steelix,,,,,
,,,,,,,,,,,,,,
24,37,Mt Honeysuckle Cave 4F,,,,,,,,,,,,
,,Grass,Zubat,Golbat,,,,,,,,,,
,,,,,,,,,,,,,,
0,37,Primrose Path,,,,,,,,,,,,
,,Grass,Shroomish,Morelull,Fletchling,Ditto,Pikachu,Pidgey,Caterpie,Weedle,Combee,Nincada,,
,,,,,,,,,,,,,,
0,39,Sargasso Path,,,,,,,,,,,,
,,Surf,Tentacool,Goldeen,Marill,Carvanha,Skrelp,,,,,,,
,,Fish (Old Rod),Magikarp,Tentacool,,,,,,,,,,
,,Fish (Good Rod),Magikarp,Tentacool,Wailmer,,,,,,,,,
,,Fish (Super Rod),Sharpedo,Wailmer,Skrelp,,,,,,,,,
,,,,,,,,,,,,,,
0,42,Carrageen Path,,,,,,,,,,,,
,,Surf,Tentacool,Wailmer,Spritzee,Luvdisc,,,,,,,,
,,Fish (Old Rod),Magikarp,Tentacool,,,,,,,,,,
,,Fish (Good Rod),Magikarp,Tentacool,Wailmer,,,,,,,,,
,,Fish (Super Rod),Sharpedo,Wailmer,Skrelp,Clauncher,,,,,,,,
,,,,,,,,,,,,,,
0,43,Ulva Path,,,,,,,,,,,,
,,Surf,Tentacool,Wailmer,Skrelp,,,,,,,,,
,,Fish (Old Rod),Magikarp,Tentacool,,,,,,,,,,
,,Fish (Good Rod),Magikarp,Luvdisc,Wailmer,,,,,,,,,
,,Fish (Super Rod),Luvdisc,Wailmer,Skrelp,Clauncher,,,,,,,,
,,,,,,,,,,,,,,
0,50,Underwater (Sargasso Path),,,,,,,,,,,,
,,Surf,Goldeen,Chinchou,Seadra,Dhelmise,,,,,,,,
,,,,,,,,,,,,,,
0,52,Underwater (Carrageen Path),,,,,,,,,,,,
,,Surf,Chinchou,Seadra,Dhelmise,,,,,,,,,
,,,,,,,,,,,,,,
0,53,Underwater (Ulva Path),,,,,,,,,,,,
,,Surf,Chinchou,Seadra,Dhelmise,,,,,,,,,
,,,,,,,,,,,,,,
0,45,Bladderwrack Path,,,,,,,,,,,,
,,Grass,Purrloin,Liepard,Flabebe,Marill,Exeggcute,Gastly,Haunter,Klefki,Cottonee,Skarmory,Flaaffy,
,,Surf,Tentacool,Goldeen,Marill,Magikarp,Skrelp,,,,,,,
,,Fish (Old Rod),Magikarp,Tentacool,,,,,,,,,,
,,Fish (Good Rod),Magikarp,Tentacool,Wailmer,,,,,,,,,
,,Fish (Super Rod),Sharpedo,Wailmer,Skrelp,,,,,,,,,
,,,,,,,,,,,,,,
24,53,Power Plant,,,,,,,,,,,,
,,Grass,Electrike,Magnemite,Mareep,Helioptile,Heliolisk,Magneton,,,,,,
,,,,,,,,,,,,,,
24,14,Diamond Maze,,,,,,,,,,,,
,,Grass,Carbink,,,,,,,,,,,
,,,,,,,,,,,,,,
24,43,Victory Road 1F,,,,,,,,,,,,
,,Grass,Golbat,Graveler,Lairon,Onix,Zubat,Mawile,Steelix,Golem,Banette,Carbink,,
,,Surf,Goldeen,Slowpoke,Slowbro,Corphish,Luvdisc,,,,,,,
,,Fish (Old Rod),Magikarp,Goldeen,,,,,,,,,,
,,Fish (Good Rod),Magikarp,Goldeen,Corphish,,,,,,,,,
,,Fish (Super Rod),Luvdisc,Corphish,Crawdaunt,,,,,,,,,
,,,,,,,,,,,,,,
24,44,Victory Road 2F,,,,,,,,,,,,
,,Grass,Golbat,Graveler,Lairon,Ditto,Onix,Banette,Mawile,Steelix,Carbink,,,
,,Surf,Goldeen,Carvanha,Slowbro,Corphish,Sharpedo,,,,,,,
,,Rock Smash,Graveler,Geodude,,,,,,,,,,
,,Fish (Old Rod),Magikarp,Goldeen,,,,,,,,,,
,,Fish (Good Rod),Magikarp,Feebas,Corphish,,,,,,,,,
,,Fish (Super Rod),Luvdisc,Corphish,Carvanha,Sharpedo,Feebas,,,,,,,
,,,,,,,,,,,,,,
24,45,Victory Road Outside,,,,,,,,,,,,
,,Grass,Haunter,Gastly,Carbink,Lairon,Chatot,Skorupi,Shuppet,Banette,Absol,Pyroar,Drapion,
,,Surf,Goldeen,Carvanha,Slowbro,Slowking,Corphish,,,,,,,
,,Fish (Old Rod),Magikarp,Goldeen,,,,,,,,,,
,,Fish (Good Rod),Magikarp,Feebas,Corphish,,,,,,,,,
,,Fish (Super Rod),Luvdisc,Corphish,Carvanha,Sharpedo,Milotic,,,,,,,
,,,,,,,,,,,,,,
,,,,,,,,,,,,,,
0,0,LANDE REGION,,,,,,,,,,,,
,,,,,,,,,,,,,,
24,1,Ceratoides Town - North,,,,,,,,,,,,
,,Surf,Goldeen,Dewpider,Marill,,,,,,,,,
,,Fish (Old Rod),Magikarp,Goldeen,,,,,,,,,,
,,Fish (Good Rod),Magikarp,Goldeen,,,,,,,,,,
,,Fish (Super Rod),Seaking,Corphish,Crawdaunt,Feebas,Gyarados,,,,,,,
,,,,,,,,,,,,,,
24,81,Ceratoides Town - South,,,,,,,,,,,,
,,Surf,Goldeen,Seaking,Marill,,,,,,,,,
,,Fish (Old Rod),Goldeen,Magikarp,,,,,,,,,,
,,Fish (Good Rod),Magikarp,Goldeen,Corphish,,,,,,,,,
,,Fish (Super Rod),Corphish,Magikarp,Seaking,Gyarados,,,,,,,,
,,,,,,,,,,,,,,
26,56,Mangrove Town,,,,,,,,,,,,
,,Surf,Tentacool,Wailmer,Skrelp,Wailord,,,,,,,,
,,Fish (Old Rod),Magikarp,Tentacool,,,,,,,,,,
,,Fish (Good Rod),Magikarp,Tentacool,Wailmer,,,,,,,,,
,,Fish (Super Rod),Sharpedo,Wailmer,,,,,,,,,,
,,,,,,,,,,,,,,
24,4,Bleanophora Town,,,,,,,,,,,,
,,Surf,Tentacool,Wailmer,Skrelp,Wailord,,,,,,,,
,,Fish (Old & Good Rod),Magikarp,Tentacool,,,,,,,,,,
,,Fish (Super Rod),Sharpedo,Wailmer,,,,,,,,,,
,,,,,,,,,,,,,,
24,31,Betel Path,,,,,,,,,,,,
,,Grass,Pidgeotto,Persian,Audino,Fletchindr,Granbull,Manectric,Tropius,Combee,,,,
,,Surf,Goldeen,Magikarp,Marill,Lombre,,,,,,,,
,,Fish (Old Rod),Magikarp,,,,,,,,,,,
,,Fish (Good Rod),Goldeen,Magikarp,,,,,,,,,,
,,Fish (Super Rod),Corphish,Lombre,Seaking,,,,,,,,,
,,,,,,,,,,,,,,
24,48,Betel Path Cave,,,,,,,,,,,,
,,Grass,Golbat,Kadabra,Mawile,Onix,Graveler,Growlithe,Gurdurr,,,,,
,,,,,,,,,,,,,,
24,33,Clover Path,,,,,,,,,,,,
,,Grass,Excadrill,Golurk,Steenee,Pangoro,Kadabra,Whimsicott,Furfrou,,,,,
,,Surf,Tentacool,Zubat,Golbat,,,,,,,,,
,,Fish (Old Rod),Magikarp,Tentacool,,,,,,,,,,
,,Fish (Good Rod),Magikarp,Tentacool,Wailmer,,,,,,,,,
,,Fish (Super Rod),Wailmer,,,,,,,,,,,
,,,,,,,,,,,,,,
0,26,Welwitschia Desert - South,,,,,,,,,,,,
,,Grass,Drilbur,Trapinch,Vibrava,Golett,Golurk,Excadrill,Salandit,Cacnea,Cacturne,Salazzle,,
,,Rock Smash,Geodude,,,,,,,,,,,
,,,,,,,,,,,,,,
24,107,Welwitschia Desert - North,,,,,,,,,,,,
,,Grass,Drilbur,Golett,Golurk,Cacturne,Lairon,Excadrill,Camerupt,Helioptile,Heliolisk,Vibrava,,
,,,,,,,,,,,,,,
24,12,Einsam Canyon,,,,,,,,,,,,
,,Grass,Duskull,Dusclops,Trapinch,Vibrava,Golett,Golurk,Salandit,Salazzle,Drilbur,Excadrill,Aron,Lairon
,,,,,,,,,,,,,,
24,94,Einsam Canyon Cave,,,,,,,,,,,,
,,Grass,Excadrill,Vibrava,Graveler,Unown,Rhydon,Cacturne,Banette,Aggron,Haunter,Gengar,,
,,,,,,,,,,,,,,
24,17,Kreis Plain,,,,,,,,,,,,
,,Grass,Excadrill,Cacnea,Cacturne,Golett,Golurk,Trapinch,Vibrava,Ferroseed,Ferrothorn,Duskull,Dusclops,Haunter
,,,,,,,,,,,,,,
24,96,Kreis Plain Chambers,,,,,,,,,,,,
,,Grass,Haunter,Smeargle,Duskull,Dusclops,Lairon,Aron,Klefki,Unown,,,,
,,,,,,,,,,,,,,
0,40,Eucheuma Path,,,,,,,,,,,,
,,Surf,Tentacool,Wailmer,Wailord,Tentacruel,,,,,,,,
,,Fish (Old Rod),Magikarp,Tentacool,,,,,,,,,,
,,Fish (Good Rod),Magikarp,Tentacool,Wailmer,,,,,,,,,
,,Fish (Super Rod),Sharpedo,Wailmer,,,,,,,,,,
,,,,,,,,,,,,,,
0,41,Coleus Path - South,,,,,,,,,,,,
,,Surf,Tentacool,Wailmer,Wailord,,,,,,,,,
,,Fish (Old Rod),Magikarp,Tentacool,,,,,,,,,,
,,Fish (Good Rod),Magikarp,Tentacool,Wailmer,,,,,,,,,
,,Fish (Super Rod),Sharpedo,Wailmer,,,,,,,,,,
,,,,,,,,,,,,,,
24,28,Coleus Path - North,,,,,,,,,,,,
,,Surf,Tentacool,Wailmer,Skrelp,Wailord,,,,,,,,
,,Fish (Old Rod),Magikarp,Tentacool,,,,,,,,,,
,,Fish (Good Rod),Magikarp,Tentacool,Wailmer,,,,,,,,,
,,Fish (Super Rod),Sharpedo,Wailmer,,,,,,,,,,
,,,,,,,,,,,,,,
0,44,Gloiopeltis Path,,,,,,,,,,,,
,,Surf,Tentacool,Wailmer,Skrelp,Wailord,,,,,,,,
,,Fish (Old Rod),Magikarp,Tentacool,,,,,,,,,,
,,Fish (Good Rod),Magikarp,Tentacool,Wailmer,,,,,,,,,
,,Fish (Super Rod),Sharpedo,Wailmer,,,,,,,,,,
,,,,,,,,,,,,,,
0,51,Underwater (Coleus Path - South),,,,,,,,,,,,
,,Surf,Chinchou,Seadra,Dhelmise,,,,,,,,,
,,,,,,,,,,,,,,
0,54,Underwater (Coleus Path - North),,,,,,,,,,,,
,,Surf,Seadra,Chinchou,Dhelmise,,,,,,,,,
,,,,,,,,,,,,,,
0,56,Underwater (Eucheuma Path),,,,,,,,,,,,
,,Surf,Seadra,Chinchou,Dhelmise,,,,,,,,,
,,,,,,,,,,,,,,
24,38,Belladonna Town,,,,,,,,,,,,
,,Grass,Shuppet,Growlithe,Kadabra,Sableye,Diggersby,Delcatty,Golurk,,,,,
,,,,,,,,,,,,,,
0,22,Hibiscus Path,,,,,,,,,,,,
,,Grass,Pidgeotto,Gogoat,Weedle,Kakuna,Caterpie,Metapod,Mudsdale,Wigglytuff,Steenee,Tsareena,,
,,,,,,,,,,,,,,
24,39,Dodder Forest,,,,,,,,,,,,
,,Grass,Dewpider,Shiinotic,Haunter,Gogoat,Exeggcute,Morelull,Fletchindr,Rhydon,Araquanid,Banette,Exeggutor,
,,,,,,,,,,,,,,
0,20,Sedge Path,,,,,,,,,,,,
,,Grass,Aromatisse,Pidgeotto,Pikachu,Spewpa,Liepard,Delcatty,Vivillon,Staravia,Chatot,,,
,,Surf,Magikarp,Marill,Dewpider,Goldeen,,,,,,,,
,,Fish (Old Rod),Magikarp,Tentacool,,,,,,,,,,
,,Fish (Good Rod),Magikarp,Tentacool,Goldeen,,,,,,,,,
,,Fish (Super Rod),Goldeen,Seaking,Clawitzer,,,,,,,,,
,,,,,,,,,,,,,,
24,40,Apocynum Path,,,,,,,,,,,,
,,Grass,Fletchindr,Talonflame,Skiddo,Gogoat,Rhyhorn,Skarmory,Shuppet,Banette,Combee,Vespiquen,Salandit,Audino
,,Surf,Tentacool,Wailmer,Skrelp,Wailord,,,,,,,,
,,Fish (Old Rod),Magikarp,Tentacool,,,,,,,,,,
,,Fish (Good Rod),Magikarp,Tentacool,Wailmer,,,,,,,,,
,,Fish (Super Rod),Sharpedo,Wailmer,,,,,,,,,,
,,,,,,,,,,,,,,
24,41,Stipa Path,,,,,,,,,,,,
,,Grass,Houndour,Skiddo,Gogoat,Mudbray,Mudsdale,Skarmory,Morelull,Growlithe,Pancham,Pangoro,Houndoom,Shiinotic
,,,,,,,,,,,,,,
0,38,Polygonum Path,,,,,,,,,,,,
,,Grass,Liepard,Banette,Shiinotic,Floette,Ribombee,Gumshoos,Steenee,,,,,
,,Surf,Dewpider,Magikarp,Marill,,,,,,,,,
,,Fish (Old Rod),Magikarp,Tentacool,,,,,,,,,,
,,Fish (Good Rod),Magikarp,Tentacool,Wailmer,,,,,,,,,
,,Fish (Super Rod),Wailmer,,,,,,,,,,,
,,,,,,,,,,,,,,
26,13,Dark Hideout,,,,,,,,,,,,
,,Grass,Drilbur,Gumshoos,Staravia,Excadrill,Magneton,Drapion,Flaaffy,,,,,
,,Surf,Marill,Seadra,Azumarill,,,,,,,,,
,,Fish (Old Rod),Dewpider,Goldeen,,,,,,,,,,
,,Fish (Good Rod),Dewpider,Goldeen,Wailord,,,,,,,,,
,,Fish (Super Rod),Goldeen,Lombre,Seaking,Seadra,Ludicolo,,,,,,,
,,,,,,,,,,,,,,
24,70,Miscanthus Town Gym,,,,,,,,,,,,
,,Surf,Carvanha,Chinchou,Lanturn,Sharpedo,Dhelmise,,,,,,,
,,,,,,,,,,,,,,
24,84,Equisetum Path,,,,,,,,,,,,
,,Grass,Floette,Shiinotic,Kadabra,Sableye,Golurk,Medicham,Steenee,Ribombee,Araquanid,Altaria,,
,,Surf,Magikarp,Dewpider,Marill,Corphish,,,,,,,,
,,Fish (Old Rod),Magikarp,,,,,,,,,,,
,,Fish (Good Rod),Magikarp,Binacle,Slowpoke,,,,,,,,,
,,Fish (Super Rod),Slowpoke,Clawitzer,Dragalge,Slowbro,Barbaracle,,,,,,,
,,,,,,,,,,,,,,
26,70,Saussurea Path,,,,,,,,,,,,
,,Grass,Lopunny,Banette,Castform,Shiinotic,Liepard,Smeargle,Ribombee,Gumshoos,Steenee,,,
,,Surf,Dewpider,Magikarp,Marill,,,,,,,,,
,,Fish (Old Rod),Magikarp,Tentacool,,,,,,,,,,
,,Fish (Good Rod),Magikarp,Tentacool,Wailmer,,,,,,,,,
,,Fish (Super Rod),Wailmer,,,,,,,,,,,
,,,,,,,,,,,,,,
24,98,Aconite Valley,,,,,,,,,,,,
,,Grass,Onix,Graveler,Haunter,Ditto,Meditite,Medicham,Altaria,Mawile,,,,
,,,,,,,,,,,,,,
26,0,Novis Forest,,,,,,,,,,,,
,,Grass,Shiinotic,Flabebe,Whimsicott,Skiddo,Floette,Florges,Altaria,Gogoat,Pinsir,Wigglytuff,,
,,,,,,,,,,,,,,
24,2,Mystery (Cave South of Belladonna),,,,,,,,,,,,
,,Grass,Golbat,Geodude,Onix,Pupitar,Larvitar,Camerupt,Diggersby,Rhydon,,,,
,,Surf,Golbat,Marill,Magikarp,,,,,,,,,
,,Fish (Old & Good Rod),Magikarp,Goldeen,,,,,,,,,,
,,Fish (Super Rod),Corphish,Crawdaunt,,,,,,,,,,
,,,,,,,,,,,,,,
24,3,Mystery (Wilderness South of Belladonna),,,,,,,,,,,,
,,Grass,Golbat,Shiinotic,Haunter,Tropius,Gogoat,Duskull,Ditto,Medicham,Vigoroth,Gengar,Rhydon,
,,Surf,Golbat,Corphish,Magikarp,Marill,,,,,,,,
,,Fish (Old & Good Rod),Magikarp,Marill,,,,,,,,,,
,,Fish (Super Rod),Binacle,Barbaracle,Corphish,Crawdaunt,Slowbro,,,,,,,
,,,,,,,,,,,,,,
0,46,Mystery (Island West of Mangrove),,,,,,,,,,,,
,,Grass,Fletchindr,Talonflame,Skiddo,Gogoat,Rhyhorn,Skarmory,Shuppet,Banette,Vespiquen,Combee,Salandit,Audino
,,Surf,Tentacool,Wailmer,Tentacruel,Wailord,,,,,,,,
,,Fish (Old Rod),Magikarp,Tentacool,,,,,,,,,,
,,Fish (Good Rod),Magikarp,Tentacool,Wailmer,,,,,,,,,
,,Fish (Super Rod),Sharpedo,Wailmer,,,,,,,,,,
,,,,,,,,,,,,,,
0,47,Mystery (Island South of Miscanthus),,,,,,,,,,,,
,,Grass,Scatterbug,Spewpa,Combee,Bounsweet,Steenee,Nincada,Dewpider,Morelull,,,,
,,Surf,Tentacool,Wailmer,Tentacruel,Wailord,,,,,,,,
,,Fish (Old Rod),Magikarp,Tentacool,,,,,,,,,,
,,Fish (Good Rod),Magikarp,Tentacool,Wailmer,,,,,,,,,
,,Fish (Super Rod),Sharpedo,Wailmer,Horsea,,,,,,,,,
,,,,,,,,,,,,,,
0,48,Mystery (Island West of Gracilipes),,,,,,,,,,,,
,,Grass,Lairon,Skarmory,Klefki,Magneton,,,,,,,,
,,Surf,Tentacool,Dewpider,Araquanid,Wailmer,Wailord,,,,,,,
,,Fish (Old Rod),Magikarp,Tentacool,,,,,,,,,,
,,Fish (Good Rod),Magikarp,Tentacool,Wailmer,,,,,,,,,
,,Fish (Super Rod),Sharpedo,Araquanid,Horsea,Wailmer,Wailord,,,,,,,
,,,,,,,,,,,,,,
24,15,Mystery (Island NW of Belladonna),,,,,,,,,,,,
,,Grass,Pinsir,Gumshoos,Whimsicott,Houndoom,Rhydon,Dusclops,,,,,,
,,,,,,,,,,,,,,
24,18,Mystery (Island North of Asparagus),,,,,,,,,,,,
,,Grass,Staravia,Audino,Tangela,Kirlia,Duskull,Dusclops,,,,,,
,,,,,,,,,,,,,,
24,35,Mystery (Desert Area),,,,,,,,,,,,
,,Grass,Zubat,Trapinch,Vibrava,Drilbur,Excadrill,Graveler,Geodude,Onix,Lairon,,,
,,,,,,,,,,,,,,
24,49,Mystery (Hoopa Cave),,,,,,,,,,,,
,,Grass,Zubat,Vibrava,Duskull,Cacnea,Golbat,Cacturne,Dusclops,Lairon,,,,
,,,,,,,,,,,,,,
24,82,Mystery (Island with Old Power Plant),,,,,,,,,,,,
,,Grass,Magneton,Flaaffy,Manectric,Pikachu,Raichu,Ampharos,,,,,,
,,,,,,,,,,,,,,
24,102,Mystery (Island SE of Chestnut),,,,,,,,,,,,
,,Grass,Pikachu,Whimsicott,Exeggutor,Liepard,Lopunny,Spewpa,Combee,,,,,
,,Surf,Tentacool,Wailmer,Carvanha,Wailord,,,,,,,,
,,Fish (Old Rod),Tentacool,Binacle,,,,,,,,,,
,,Fish (Good Rod),Wailmer,Clauncher,Binacle,,,,,,,,,
,,Fish (Super Rod),Binacle,Wailmer,Clawitzer,Barbaracle,,,,,,,,
,,,,,,,,,,,,,,
24,101,Mystery (Island SE of Chestnut Underwater),,,,,,,,,,,,
,,Surf,Chinchou,Seadra,Barbaracle,,,,,,,,,
,,,,,,,,,,,,,,
26,12,Mystery (Zapdos Area),,,,,,,,,,,,
,,Grass,Chatot,Mudbray,Pansage,Staraptor,Starly,Ferroseed,Houndour,Froslass,,,,
,,Rock Smash,Steelix,,,,,,,,,,,
,,,,,,,,,,,,,,
,,,,,,,,,,,,,,
0,0,SEVII ISLANDS,,,,,,,,,,,,
,,,,,,,,,,,,,,
24,79,One Island,,,,,,,,,,,,
,,Surf,Tentacool,Tentacruel,,,,,,,,,,
,,Fish (Old Rod),Magikarp,,,,,,,,,,,
,,Fish (Good Rod),Horsea,Magikarp,,,,,,,,,,
,,Fish (Super Rod),Horsea,Magikarp,Gyarados,Seadra,,,,,,,,
,,,,,,,,,,,,,,
24,80,Treasure Beach,,,,,,,,,,,,
,,Grass,Pidgeotto,Tangela,Pidgeot,Meowth,Persian,,,,,,,
,,Surf,Tentacool,,,,,,,,,,,
,,Fish (Old Rod),Magikarp,,,,,,,,,,,
,,Fish (Good Rod),Horsea,Magikarp,,,,,,,,,,
,,Fish (Super Rod),Horsea,Gyarados,Seadra,,,,,,,,,
,,,,,,,,,,,,,,
26,50,Kindle Road,,,,,,,,,,,,
,,Grass,Pidgeotto,Vulpix,Pidgeot,Geodude,Meowth,Ninetales,Persian,,,,,
,,Surf,Tentacool,Tentacruel,,,,,,,,,,
,,Fish (Old Rod),Magikarp,,,,,,,,,,,
,,Fish (Good Rod),Horsea,Magikarp,,,,,,,,,,
,,Fish (Super Rod),Horsea,Gyarados,Seadra,,,,,,,,,
,,,,,,,,,,,,,,
29,6,Mt Ember,,,,,,,,,,,,
,,Grass,Growlithe,Pidgeot,Vulpix,Pidgeotto,Salandit,Drilbur,Geodude,Ninetales,Fletchindr,,,
,,,,,,,,,,,,,,
24,85,Mt Ember Cave 1F,,,,,,,,,,,,
,,Grass,Geodude,Growlithe,Graveler,Gurdurr,Arcanine,Golem,,,,,,
,,,,,,,,,,,,,,
26,3,Boon Park,,,,,,,,,,,,
,,Grass,Beedrill,Whimsicott,Pidgeotto,Pidgeot,Pikachu,Raichu,Heracross,Pinsir,Granbull,,,
,,,,,,,,,,,,,,
26,25,Cape Brink,,,,,,,,,,,,
,,Grass,Pidgeotto,Morelull,Pidgeot,Meowth,Abra,Kadabra,Persian,,,,,
,,Surf,Marill,Magikarp,Goldeen,Azumarill,,,,,,,,
,,Fish (Old Rod),Magikarp,,,,,,,,,,,
,,Fish (Good Rod),Magikarp,Corphish,,,,,,,,,,
,,Fish (Super Rod),Corphish,Marill,Gyarados,Azumarill,Crawdaunt,,,,,,,
,,,,,,,,,,,,,,
26,29,Three Isle Port,,,,,,,,,,,,
,,Grass,Trapinch,Vibrava,Bounsweet,Steenee,Tsareena,Flygon,,,,,,
,,,,,,,,,,,,,,
26,34,Bond Bridge,,,,,,,,,,,,
,,Grass,Pidgey,Abra,Skorupi,Morelull,Meowth,Drapion,Kadabra,Pidgeotto,Persian,,,
,,Surf,Tentacool,Tentacruel,,,,,,,,,,
,,Fish (Old Rod),Magikarp,,,,,,,,,,,
,,Fish (Good Rod),Horsea,Magikarp,,,,,,,,,,
,,Fish (Super Rod),Horsea,Gyarados,Seadra,,,,,,,,,
,,,,,,,,,,,,,,
29,7,Berry Forest,,,,,,,,,,,,
,,Grass,Pidgeotto,Pidgey,Exeggcute,Cutiefly,Kadabra,Ribombee,Floette,Morelull,Exeggutor,Shiinotic,,
,,Surf,Goldeen,Marill,Ludicolo,Azumarill,Slowpoke,Slowbro,,,,,,
,,Fish (Old Rod),Magikarp,,,,,,,,,,,
,,Fish (Good Rod),Goldeen,Magikarp,Lotad,,,,,,,,,
,,Fish (Super Rod),Goldeen,Seaking,Gyarados,Lombre,Ludicolo,,,,,,,
,,,,,,,,,,,,,,
29,0,Four Island,,,,,,,,,,,,
,,Surf,Goldeen,Seaking,,,,,,,,,,
,,Fish (Old Rod),Magikarp,,,,,,,,,,,
,,Fish (Good Rod),Goldeen,Magikarp,,,,,,,,,,
,,Fish (Super Rod),Seaking,Magikarp,Gyarados,Goldeen,,,,,,,,
,,,,,,,,,,,,,,
24,0,Icefall Cave,,,,,,,,,,,,
,,Grass,Zubat,Snorunt,Glalie,Sneasel,,,,,,,,
,,Surf,Zubat,Tentacool,Tentacruel,,,,,,,,,
,,Fish (Old Rod),Magikarp,Goldeen,,,,,,,,,,
,,Fish (Good Rod),Magikarp,Goldeen,Marill,,,,,,,,,
,,Fish (Super Rod),Marill,Spheal,Sealeo,Corphish,,,,,,,,
,,,,,,,,,,,,,,
26,16,Five Island,,,,,,,,,,,,
,,Surf,Tentacool,Tentacruel,,,,,,,,,,
,,Fish (Old Rod),Magikarp,,,,,,,,,,,
,,Fish (Good Rod),Horsea,Magikarp,,,,,,,,,,
,,Fish (Super Rod),Seadra,Horsea,Gyarados,,,,,,,,,
,,,,,,,,,,,,,,
26,17,Five Isle Meadow,,,,,,,,,,,,
,,Grass,Pidgeotto,Jigglypuff,Pidgeot,Meowth,Persian,,,,,,,
,,Surf,Tentacool,Tentacruel,,,,,,,,,,
,,Fish (Old Rod),Magikarp,,,,,,,,,,,
,,Fish (Good Rod),Horsea,Magikarp,,,,,,,,,,
,,Fish (Super Rod),Horsea,Gyarados,Seadra,,,,,,,,,
,,,,,,,,,,,,,,
26,7,Memorial Pillar,,,,,,,,,,,,
,,Grass,Cottonee,Marill,Snubbull,Granbull,Azumarill,Whimsicott,,,,,,
,,Surf,Tentacool,Tentacruel,,,,,,,,,,
,,Fish (Old Rod),Magikarp,,,,,,,,,,,
,,Fish (Good Rod),Horsea,Magikarp,,,,,,,,,,
,,Fish (Super Rod),Magikarp,Seadra,Gyarados,,,,,,,,,
,,,,,,,,,,,,,,
26,5,Water Labyrinth,,,,,,,,,,,,
,,Surf,Tentacool,Tentacruel,,,,,,,,,,
,,Fish (Old Rod),Magikarp,,,,,,,,,,,
,,Fish (Good Rod),Horsea,Magikarp,,,,,,,,,,
,,Fish (Super Rod),Horsea,Gyarados,Seadra,,,,,,,,,
,,,,,,,,,,,,,,
26,38,Resort Gorgeous,,,,,,,,,,,,
,,Surf,Tentacool,Tentacruel,,,,,,,,,,
,,Fish (Old Rod),Magikarp,,,,,,,,,,,
,,Fish (Good Rod),Horsea,Magikarp,,,,,,,,,,
,,Fish (Super Rod),Horsea,Seadra,Gyarados,,,,,,,,,
,,,,,,,,,,,,,,
26,15,Lost Cave,,,,,,,,,,,,
,,Grass,Gastly,Zubat,Haunter,Golbat,,,,,,,,
,,,,,,,,,,,,,,
26,19,Water Path,,,,,,,,,,,,
,,Grass,Pidgeotto,Geodude,Meowth,Graveler,Pidgeot,Persian,,,,,,
,,Surf,Tentacool,Tentacruel,,,,,,,,,,
,,Fish (Old Rod),Magikarp,,,,,,,,,,,
,,Fish (Good Rod),Horsea,Magikarp,,,,,,,,,,
,,Fish (Super Rod),Horsea,Magikarp,Gyarados,Seadra,,,,,,,,
,,,,,,,,,,,,,,
26,20,Ruin Valley,,,,,,,,,,,,
,,Grass,Pidgeotto,Pidgeot,Meowth,Graveler,Persian,Flaaffy,,,,,,
,,Surf,Tentacool,Tentacruel,,,,,,,,,,
,,Fish (Old Rod),Magikarp,,,,,,,,,,,
,,Fish (Good Rod),Horsea,Magikarp,,,,,,,,,,
,,Fish (Super Rod),Horsea,Gyarados,Seadra,,,,,,,,,
,,,,,,,,,,,,,,
26,21,Green Path,,,,,,,,,,,,
,,Surf,Tentacool,Tentacruel,,,,,,,,,,
,,Fish (Old Rod),Magikarp,,,,,,,,,,,
,,Fish (Good Rod),Horsea,Magikarp,,,,,,,,,,
,,Fish (Super Rod),Horsea,Gyarados,Seadra,,,,,,,,,
,,,,,,,,,,,,,,
26,6,Pattern Bush,,,,,,,,,,,,
,,Grass,Weedle,Kakuna,Caterpie,Heracross,Cutiefly,Ribombee,,,,,,
,,,,,,,,,,,,,,
26,8,Outcast Island,,,,,,,,,,,,
,,Surf,Tentacool,Tentacruel,,,,,,,,,,
,,Fish (Old Rod),Magikarp,,,,,,,,,,,
,,Fish (Good Rod),Horsea,Magikarp,,,,,,,,,,
,,Fish (Super Rod),Horsea,Magikarp,Gyarados,Seadra,,,,,,,,
,,,,,,,,,,,,,,
19,0,Altering Cave,,,,,,,,,,,,
,,Grass,Zubat,,,,,,,,,,,
,,,,,,,,,,,,,,
25,43,Trainer Castle,,,,,,,,,,,,
,,Surf,Tentacool,Tentacruel,,,,,,,,,,
,,Fish (Old Rod),Magikarp,,,,,,,,,,,
,,Fish (Good Rod),Horsea,Magikarp,,,,,,,,,,
,,Fish (Super Rod),Horsea,Gyarados,Seadra,,,,,,,,,
,,,,,,,,,,,,,,
13,2,Canyon Entrance,,,,,,,,,,,,
,,Grass,Pidgeotto,Pidgeot,Meowth,Graveler,Persian,Flaaffy,,,,,,
,,,,,,,,,,,,,,
13,9,Seavault Canyon,,,,,,,,,,,,
,,Grass,Geodude,Graveler,Pidgeotto,Pidgeot,Onix,Meowth,Skarmory,Larvitar,Persian,,,
,,,,,,,,,,,,,,
0,23,Tanoby Ruins,,,,,,,,,,,,
,,Surf,Tentacool,Tentacruel,,,,,,,,,,
,,Fish (Old Rod),Magikarp,Tentacool,,,,,,,,,,
,,Fish (Good Rod),Magikarp,Tentacool,Wailmer,,,,,,,,,
,,Fish (Super Rod),Wailmer,,,,,,,,,,,
,,,,,,,,,,,,,,
8,1,Tanoby Ruins Chambers,,,,,,,,,,,,
,,Grass,Unown,,,,,,,,,,,
,,,,,,,,,,,,,,
24,46,Navel Rock,,,,,,,,,,,,
,,Grass,Zubat,Spheal,Golbat,,,,,,,,,
,,Surf,Tentacool,Zubat,Spheal,,,,,,,,,
,,Fish (Old Rod),Magikarp,Tentacool,,,,,,,,,,
,,Fish (Good Rod),Magikarp,Tentacool,Wailmer,,,,,,,,,
,,Fish (Super Rod),Wailmer,,,,,,,,,,,
