????????,0,0
Master Ball,1,1
Ultra Ball,2,2
Great Ball,3,3
Poke Ball,4,4
Safari Ball,5,5
Net Ball,6,6
Dive Ball,7,7
Nest Ball,8,8
Repeat Ball,9,9
Timer Ball,10,a
Luxury Ball,11,b
Premier Ball,12,c
Potion,13,d
Antidote,14,e
Burn Heal,15,f
Ice Heal,16,10
Awakening,17,11
Parlyz Heal,18,12
Full Restore,19,13
Max Potion,20,14
Hyper Potion,21,15
Super Potion,22,16
Full Heal,23,17
Revive,24,18
Max Revive,25,19
Fresh Water,26,1a
Soda Pop,27,1b
Lemonade,28,1c
Moomoo Milk,29,1d
Energypowder,30,1e
Energy Root,31,1f
Heal Powder,32,20
Revival Herb,33,21
Ether,34,22
Max Ether,35,23
Elixir,36,24
Max Elixir,37,25
Lava Cookie,38,26
Blue Flute,39,27
Yellow Flute,40,28
Red Flute,41,29
Black Flute,42,2a
White Flute,43,2b
Berry Juice,44,2c
Sacred Ash,45,2d
Heal Coin,46,2e
Shoal Shell,47,2f
Red Shard,48,30
Blue Shard,49,31
Yellow Shard,50,32
Green Shard,51,33
????????,52,34
????????,53,35
????????,54,36
????????,55,37
????????,56,38
????????,57,39
????????,58,3a
????????,59,3b
????????,60,3c
????????,61,3d
????????,62,3e
Hp Up,63,3f
Protein,64,40
Iron,65,41
Carbos,66,42
Calcium,67,43
Rare Candy,68,44
Pp Up,69,45
Zinc,70,46
Pp Max,71,47
????????,72,48
Guard Spec.,73,49
Dire Hit,74,4a
X Attack,75,4b
X Defend,76,4c
X Speed,77,4d
X Accuracy,78,4e
X Special,79,4f
Poke Doll,80,50
Fluffy Tail,81,51
????????,82,52
Super Repel,83,53
Max Repel,84,54
Escape Rope,85,55
Repel,86,56
????????,87,57
????????,88,58
????????,89,59
????????,90,5a
Armor Piece,91,5b
Prisonbottle,92,5c
Sun Stone,93,5d
Moon Stone,94,5e
Fire Stone,95,5f
Thunderstone,96,60
Water Stone,97,61
Leaf Stone,98,62
Mega Stone,99,63
Anti-mega,100,64
X Stone,101,65
Y Stone,102,66
Tinymushroom,103,67
Big Mushroom,104,68
????????,105,69
Pearl,106,6a
Big Pearl,107,6b
Stardust,108,6c
Star Piece,109,6d
Nugget,110,6e
Heart Scale,111,6f
????????,112,70
????????,113,71
????????,114,72
????????,115,73
????????,116,74
????????,117,75
????????,118,76
????????,119,77
????????,120,78
Orange Mail,121,79
Harbor Mail,122,7a
Glitter Mail,123,7b
Mech Mail,124,7c
Wood Mail,125,7d
Wave Mail,126,7e
Bead Mail,127,7f
Shadow Mail,128,80
Tropic Mail,129,81
Dream Mail,130,82
Fab Mail,131,83
Retro Mail,132,84
Cheri Berry,133,85
Chesto Berry,134,86
Pecha Berry,135,87
Rawst Berry,136,88
Aspear Berry,137,89
Leppa Berry,138,8a
Oran Berry,139,8b
Persim Berry,140,8c
Lum Berry,141,8d
Sitrus Berry,142,8e
Figy Berry,143,8f
Wiki Berry,144,90
Mago Berry,145,91
Aguav Berry,146,92
Iapapa Berry,147,93
Razz Berry,148,94
Bluk Berry,149,95
Nanab Berry,150,96
Wepear Berry,151,97
Pinap Berry,152,98
Pomeg Berry,153,99
Kelpsy Berry,154,9a
Qualot Berry,155,9b
Hondew Berry,156,9c
Grepa Berry,157,9d
Tamato Berry,158,9e
Cornn Berry,159,9f
Magost Berry,160,a0
Rabuta Berry,161,a1
Nomel Berry,162,a2
Spelon Berry,163,a3
Pamtre Berry,164,a4
Watmel Berry,165,a5
Durin Berry,166,a6
Belue Berry,167,a7
Liechi Berry,168,a8
Ganlon Berry,169,a9
Salac Berry,170,aa
Petaya Berry,171,ab
Apicot Berry,172,ac
Lansat Berry,173,ad
Starf Berry,174,ae
Enigma Berry,175,af
????????,176,b0
????????,177,b1
????????,178,b2
Brightpowder,179,b3
White Herb,180,b4
Macho Brace,181,b5
Razor Fang,182,b6
Quick Claw,183,b7
Soothe Bell,184,b8
Mental Herb,185,b9
Choice Band,186,ba
King's Rock,187,bb
Silverpowder,188,bc
Amulet Coin,189,bd
Cleanse Tag,190,be
Soul Dew,191,bf
Deepseatooth,192,c0
Deepseascale,193,c1
Smoke Ball,194,c2
Everstone,195,c3
Focus Band,196,c4
Lucky Egg,197,c5
Scope Lens,198,c6
Metal Coat,199,c7
Leftovers,200,c8
Dragon Scale,201,c9
Light Ball,202,ca
Soft Sand,203,cb
Hard Stone,204,cc
Miracle Seed,205,cd
Blackglasses,206,ce
Black Belt,207,cf
Magnet,208,d0
Mystic Water,209,d1
Sharp Beak,210,d2
Poison Barb,211,d3
Nevermeltice,212,d4
Spell Tag,213,d5
Twistedspoon,214,d6
Charcoal,215,d7
Dragon Fang,216,d8
Silk Scarf,217,d9
Up-grade,218,da
Shell Bell,219,db
Sea Incense,220,dc
Lax Incense,221,dd
Lucky Punch,222,de
Metal Powder,223,df
Thick Club,224,e0
Stick,225,e1
????????,226,e2
????????,227,e3
????????,228,e4
????????,229,e5
????????,230,e6
????????,231,e7
????????,232,e8
????????,233,e9
????????,234,ea
????????,235,eb
????????,236,ec
????????,237,ed
????????,238,ee
????????,239,ef
????????,240,f0
????????,241,f1
????????,242,f2
????????,243,f3
????????,244,f4
????????,245,f5
????????,246,f6
????????,247,f7
????????,248,f8
????????,249,f9
????????,250,fa
????????,251,fb
????????,252,fc
Grind Power,253,fd
Red Scarf,254,fe
Blue Scarf,255,ff
Pink Scarf,256,100
Green Scarf,257,101
Yellow Scarf,258,102
Bike,259,103
Coin Case,260,104
Itemfinder,261,105
Old Rod,262,106
Good Rod,263,107
Super Rod,264,108
L.s. Ticket,265,109
Contest Pass,266,10a
????????,267,10b
Wailmer Pail,268,10c
Devon Goods,269,10d
Soot Sack,270,10e
Security Key,271,10f
Rol. Skates,272,110
Pokeblock Case,273,111
Letter,274,112
Eon Ticket,275,113
Red Orb,276,114
Blue Orb,277,115
Silver Sword,278,116
Go-goggles,279,117
Meteorite,280,118
Rm. 1 Key,281,119
Rm. 2 Key,282,11a
Rm. 4 Key,283,11b
Rm. 6 Key,284,11c
Storage Key,285,11d
Jaw Fossil,286,11e
Sail Fossil,287,11f
Devon Scope,288,120
Tm01,289,121
Tm02,290,122
Tm03,291,123
Tm04,292,124
Tm05,293,125
Tm06,294,126
Tm07,295,127
Tm08,296,128
Tm09,297,129
Tm10,298,12a
Tm11,299,12b
Tm12,300,12c
Tm13,301,12d
Tm14,302,12e
Tm15,303,12f
Tm16,304,130
Tm17,305,131
Tm18,306,132
Tm19,307,133
Tm20,308,134
Tm21,309,135
Tm22,310,136
Tm23,311,137
Tm24,312,138
Tm25,313,139
Tm26,314,13a
Tm27,315,13b
Tm28,316,13c
Tm29,317,13d
Tm30,318,13e
Tm31,319,13f
Tm32,320,140
Tm33,321,141
Tm34,322,142
Tm35,323,143
Tm36,324,144
Tm37,325,145
Tm38,326,146
Tm39,327,147
Tm40,328,148
Tm41,329,149
Tm42,330,14a
Tm43,331,14b
Tm44,332,14c
Tm45,333,14d
Tm46,334,14e
Tm47,335,14f
Tm48,336,150
Tm49,337,151
Tm50,338,152
Hm01,339,153
Hm02,340,154
Hm03,341,155
Hm04,342,156
Hm05,343,157
Hm06,344,158
Hm07,345,159
Hm08,346,15a
????????,347,15b
????????,348,15c
Magatama,349,15d
Poke Flute,350,15e
Secret Key,351,15f
Id Card,352,160
Button,353,161
Old Amber,354,162
Card Key,355,163
Lift Key,356,164
Helix Fossil,357,165
Dome Fossil,358,166
Silph Scope,359,167
Bicycle,360,168
Town Map,361,169
Vs Seeker,362,16a
Fame Checker,363,16b
Tm Case,364,16c
Berry Pouch,365,16d
Teachy Tv,366,16e
Castleticket,367,16f
Lande Pass,368,170
Tea,369,171
Mysticticket,370,172
Auroraticket,371,173
Powder Jar,372,174
Red Crystal,373,175
Bluecrystal,374,176
Golden Delta,375,177
Old Sea Map,376,178
