<wiidisc version="1">
	<id game="RSB" />
	<options>
		<section name="BeyondYous Brawl Launcher">
			<option name="Code Set" default="1">
				<choice name="Brawl w/ Codes">
					<patch id="brawl" />
					<patch id="ocarina" />
				</choice>	
			</option>
			<option name="Hook" default="4">
				<choice name="VI"><patch id="ocarinabase_vi" /></choice>
				<choice name="KPAD"><patch id="ocarinabase_kpad" /></choice>
				<choice name="Joypad"><patch id="ocarinabase_joypad" /></choice>
				<choice name="GXDraw"><patch id="ocarinabase_gxdraw" /></choice>
				<choice name="GXFlush"><patch id="ocarinabase_gxflush" /></choice>
				<choice name="OSSleep"><patch id="ocarinabase_ossleep" /></choice>
				<choice name="AxNextFrame"><patch id="ocarinabase_axnextframe" /></choice>
			</option>
		</section>
	</options>
	<patch id="brawl">
		<memory valuefile="/private/wii/app/RSBE/pf/RSBE01.gct" offset="0x00570000" />
		<folder external="/private/wii/app/RSBE/pf/fighter" disc="/fighter/" recursive="true" resize="true" />
		<folder external="/private/wii/app/RSBE/pf/info" disc="/info/" recursive="true" resize="true" />
		<folder external="/private/wii/app/RSBE/pf/info2" disc="/info2/" recursive="true" resize="true" />
		<folder external="/private/wii/app/RSBE/pf/menu" disc="/menu/" recursive="true" resize="true" />
		<folder external="/private/wii/app/RSBE/pf/menu2" disc="/menu2/" recursive="true" resize="true" />
		<folder external="/private/wii/app/RSBE/pf/module" disc="/module/" recursive="true" resize="true" />
		<folder external="/private/wii/app/RSBE/pf/stage" disc="/stage/" recursive="true" resize="true" />
		<folder external="/private/wii/app/RSBE/pf/sound/strm" disc="/sound/strm/" recursive="true" resize="true" />
		<folder external="/private/wii/app/RSBE/pf/sound/sfx" disc="/sound/sfx/" recursive="true" resize="true" />
		<folder external="/private/wii/app/RSBE/pf/movies" disc="/movie/" recursive="true" resize="true" />
	<file external="/private/wii/app/RSBE/pf/sound/smashbros_sound.brsar" disc="/sound/smashbros_sound.brsar" />
    	<file external="/private/wii/app/RSBE/pfmenu2/mu_menumain.pac" disc="/menu2/mu_menumain_en.pac"/>
    	<file external="/private/wii/app/RSBE/pf/info2/info.pac" disc="/info2/info_en.pac"/>
    	<file external="/private/wii/app/RSBE/pfmenu2/sc_title.pac" disc="/menu2/sc_title_en.pac"/>
    	<file external="/private/wii/app/RSBE/pf/system/common2.pac" disc="/system/common2_en.pac"/>
    	<file external="/private/wii/app/RSBE/pf/system/common3.pac" disc="/system/common3_en.pac"/>
    	<file external="/private/wii/app/RSBE/pf/system/common4.pac" disc="/system/common4_en.pac"/>
    	<file external="/private/wii/app/RSBE/pf/system/common5.pac" disc="/system/common5_en.pac"/>
    	<file external="/private/wii/app/RSBE/pf/fighter/captain/FitCaptain01.pcs" disc="/fighter/captain/FitCaptain01_en.pcs"/>
    	<file external="/private/wii/app/RSBE/pf/stage/melee/STGDXPSTADIUM.pac" disc="/stage/melee/STGDXPSTADIUM_en.pac"/>
    	<file external="/private/wii/app/RSBE/pf/stage/melee/STGGW.pac" disc="/stage/melee/STGGW_en.pac"/>
    	<file external="/private/wii/app/RSBE/pf/stage/melee/STGHOMERUN.pac" disc="/stage/melee/STGHOMERUN_en.pac"/>
    	<file external="/private/wii/app/RSBE/pf/stage/melee/STGMADEIN.pac" disc="/stage/melee/STGMADEIN_en.pac"/>
    	<file external="/private/wii/app/RSBE/pf/stage/melee/STGNEWPORK.pac" disc="/stage/melee/STGNEWPORK_en.pac"/>
    	<file external="/private/wii/app/RSBE/pf/stage/melee/STGPICTCHAT.pac" disc="/stage/melee/STGPICTCHAT_en.pac"/>
    	<file external="/private/wii/app/RSBE/pf/stage/melee/STGRESULT.pac" disc="/stage/melee/STGRESULT_en.pac"/>
    	<file external="/private/wii/app/RSBE/pf/stage/melee/STGSTADIUM.pac" disc="/stage/melee/STGSTADIUM_en.pac"/>
    	<file external="/private/wii/app/RSBE/pf/stage/melee/STGVILLAGE_00.pac" disc="/stage/melee/STGVILLAGE_00_en.pac"/>
    	<file external="/private/wii/app/RSBE/pf/stage/melee/STGVILLAGE_01.pac" disc="/stage/melee/STGVILLAGE_01_en.pac"/>
    	<file external="/private/wii/app/RSBE/pf/stage/melee/STGVILLAGE_02.pac" disc="/stage/melee/STGVILLAGE_02_en.pac"/>
    	<file external="/private/wii/app/RSBE/pf/stage/melee/STGVILLAGE_03.pac" disc="/stage/melee/STGVILLAGE_03_en.pac"/>
    	<file external="/private/wii/app/RSBE/pf/stage/melee/STGVILLAGE_04.pac" disc="/stage/melee/STGVILLAGE_04_en.pac"/>
    	<file external="/private/wii/app/RSBE/pf/stage/melee/STGDXONETT.pac" disc="/stage/melee/STGDXONETT_en.pac"/>
		<file external="/private/wii/app/RSBE/pf/stage/melee/STGFINAL_A.pac" disc="/stage/melee/STGFINAL_A.pac" create= "true"/>
		<file external="/private/wii/app/RSBE/pf/stage/melee/STGFINAL_B.pac" disc="/stage/melee/STGFINAL_B.pac" create= "true"/>
		<file external="/private/wii/app/RSBE/pf/stage/melee/STGFINAL_C.pac" disc="/stage/melee/STGFINAL_C.pac" create= "true"/>
		<file external="/private/wii/app/RSBE/pf/stage/melee/STGFINAL_D.pac" disc="/stage/melee/STGFINAL_D.pac" create= "true"/>
		<file external="/private/wii/app/RSBE/pf/stage/melee/STGBATTLEFIELD_A.pac" disc="/stage/melee/STGBATTLEFIELD_A.pac" create= "true"/>
		<file external="/private/wii/app/RSBE/pf/stage/melee/STGBATTLEFIELD_B.pac" disc="/stage/melee/STGBATTLEFIELD_B.pac" create= "true"/>
		<file external="/private/wii/app/RSBE/pf/stage/melee/STGBATTLEFIELD_C.pac" disc="/stage/melee/STGBATTLEFIELD_C.pac" create= "true"/>
		<file external="/private/wii/app/RSBE/pf/stage/melee/STGBATTLEFIELD_D.pac" disc="/stage/melee/STGBATTLEFIELD_D.pac" create= "true"/>
		<file external="/private/wii/app/RSBE/pf/stage/melee/STGNEWPORK_A.pac" disc="/stage/melee/STGNEWPORK_A.pac" create= "true"/>
		<file external="/private/wii/app/RSBE/pf/stage/melee/STGNEWPORK_B.pac" disc="/stage/melee/STGNEWPORK_B.pac" create= "true"/>
		<file external="/private/wii/app/RSBE/pf/stage/melee/STGNEWPORK_C.pac" disc="/stage/melee/STGNEWPORK_C.pac" create= "true"/>
		<file external="/private/wii/app/RSBE/pf/stage/melee/STGNEWPORK_D.pac" disc="/stage/melee/STGNEWPORK_D.pac" create= "true"/>
		<file external="/private/wii/app/RSBE/pf/stage/melee/STGJUNGLE_A.pac" disc="/stage/melee/STGJUNGLE_A.pac" create= "true"/>
		<file external="/private/wii/app/RSBE/pf/stage/melee/STGJUNGLE_B.pac" disc="/stage/melee/STGJUNGLE_B.pac" create= "true"/>
		<file external="/private/wii/app/RSBE/pf/stage/melee/STGJUNGLE_C.pac" disc="/stage/melee/STGJUNGLE_C.pac" create= "true"/>
		<file external="/private/wii/app/RSBE/pf/stage/melee/STGJUNGLE_D.pac" disc="/stage/melee/STGJUNGLE_D.pac" create= "true"/>
		<file external="/private/wii/app/RSBE/pf/stage/melee/STGCUSTOM01.pac" disc="/stage/melee/STGCUSTOM01.pac" create= "true"/>
		<file external="/private/wii/app/RSBE/pf/module/st_custom01.rel" disc="/module/st_custom01.rel" create= "true"/>
		<file external="/private/wii/app/RSBE/pf/sound/sfx/0000C001.brstm" disc="/sound/sfx/0000C001.brstm" create= "true"/>
		<file external="/private/wii/app/RSBE/pf/stage/melee/STGCUSTOM02.pac" disc="/stage/melee/STGCUSTOM02.pac" create= "true"/>
		<file external="/private/wii/app/RSBE/pf/module/st_custom02.rel" disc="/module/st_custom02.rel" create= "true"/>
		<file external="/private/wii/app/RSBE/pf/sound/sfx/0000C002.brstm" disc="/sound/sfx/0000C002.brstm" create= "true"/>
		<file external="/private/wii/app/RSBE/pf/stage/melee/STGCUSTOM03.pac" disc="/stage/melee/STGCUSTOM03.pac" create= "true"/>
		<file external="/private/wii/app/RSBE/pf/module/st_custom03.rel" disc="/module/st_custom03.rel" create= "true"/>
		<file external="/private/wii/app/RSBE/pf/sound/sfx/0000C003.brstm" disc="/sound/sfx/0000C003.brstm" create= "true"/>
		<file external="/private/wii/app/RSBE/pf/stage/melee/STGCUSTOM04.pac" disc="/stage/melee/STGCUSTOM04.pac" create= "true"/>
		<file external="/private/wii/app/RSBE/pf/module/st_custom04.rel" disc="/module/st_custom04.rel" create= "true"/>
		<file external="/private/wii/app/RSBE/pf/sound/sfx/0000C004.brstm" disc="/sound/sfx/0000C004.brstm" create= "true"/>
		<file external="/private/wii/app/RSBE/pf/stage/melee/STGCUSTOM05.pac" disc="/stage/melee/STGCUSTOM05.pac" create= "true"/>
		<file external="/private/wii/app/RSBE/pf/module/st_custom05.rel" disc="/module/st_custom05.rel" create= "true"/>
		<file external="/private/wii/app/RSBE/pf/sound/sfx/0000C005.brstm" disc="/sound/sfx/0000C005.brstm" create= "true"/>
		<file external="/private/wii/app/RSBE/pf/stage/melee/STGCUSTOM06.pac" disc="/stage/melee/STGCUSTOM06.pac" create= "true"/>
		<file external="/private/wii/app/RSBE/pf/module/st_custom06.rel" disc="/module/st_custom06.rel" create= "true"/>
		<file external="/private/wii/app/RSBE/pf/sound/sfx/0000C006.brstm" disc="/sound/sfx/0000C006.brstm" create= "true"/>
		<file external="/private/wii/app/RSBE/pf/stage/melee/STGCUSTOM07.pac" disc="/stage/melee/STGCUSTOM07.pac" create= "true"/>
		<file external="/private/wii/app/RSBE/pf/module/st_custom07.rel" disc="/module/st_custom07.rel" create= "true"/>
		<file external="/private/wii/app/RSBE/pf/sound/sfx/0000C007.brstm" disc="/sound/sfx/0000C007.brstm" create= "true"/>
		<file external="/private/wii/app/RSBE/pf/stage/melee/STGCUSTOM08.pac" disc="/stage/melee/STGCUSTOM08.pac" create= "true"/>
		<file external="/private/wii/app/RSBE/pf/module/st_custom08.rel" disc="/module/st_custom08.rel" create= "true"/>
		<file external="/private/wii/app/RSBE/pf/sound/sfx/0000C008.brstm" disc="/sound/sfx/0000C008.brstm" create= "true"/>
		<file external="/private/wii/app/RSBE/pf/stage/melee/STGCUSTOM09.pac" disc="/stage/melee/STGCUSTOM09.pac" create= "true"/>
		<file external="/private/wii/app/RSBE/pf/module/st_custom09.rel" disc="/module/st_custom09.rel" create= "true"/>
		<file external="/private/wii/app/RSBE/pf/sound/sfx/0000C009.brstm" disc="/sound/sfx/0000C009.brstm" create= "true"/>
		<file external="/private/wii/app/RSBE/pf/stage/melee/STGCUSTOM0A.pac" disc="/stage/melee/STGCUSTOM0A.pac" create= "true"/>
		<file external="/private/wii/app/RSBE/pf/module/st_custom0A.rel" disc="/module/st_custom0A.rel" create= "true"/>
		<file external="/private/wii/app/RSBE/pf/sound/sfx/0000C00A.brstm" disc="/sound/sfx/0000C00A.brstm" create= "true"/>
		<file external="/private/wii/app/RSBE/pf/stage/melee/STGCUSTOM0B.pac" disc="/stage/melee/STGCUSTOM0B.pac" create= "true"/>
		<file external="/private/wii/app/RSBE/pf/module/st_custom0B.rel" disc="/module/st_custom0B.rel" create= "true"/>
		<file external="/private/wii/app/RSBE/pf/sound/sfx/0000C00B.brstm" disc="/sound/sfx/0000C00B.brstm" create= "true"/>
		<file external="/private/wii/app/RSBE/pf/stage/melee/STGCUSTOM0C.pac" disc="/stage/melee/STGCUSTOM0C.pac" create= "true"/>
		<file external="/private/wii/app/RSBE/pf/module/st_custom0C.rel" disc="/module/st_custom0C.rel" create= "true"/>
		<file external="/private/wii/app/RSBE/pf/sound/sfx/0000C00C.brstm" disc="/sound/sfx/0000C00C.brstm" create= "true"/>
		<file external="/private/wii/app/RSBE/pf/stage/melee/STGCUSTOM0D.pac" disc="/stage/melee/STGCUSTOM0D.pac" create= "true"/>
		<file external="/private/wii/app/RSBE/pf/module/st_custom0D.rel" disc="/module/st_custom0D.rel" create= "true"/>
		<file external="/private/wii/app/RSBE/pf/sound/sfx/0000C00D.brstm" disc="/sound/sfx/0000C00D.brstm" create= "true"/>
		<file external="/private/wii/app/RSBE/pf/stage/melee/STGCUSTOM0E.pac" disc="/stage/melee/STGCUSTOM0E.pac" create= "true"/>
		<file external="/private/wii/app/RSBE/pf/module/st_custom0E.rel" disc="/module/st_custom0E.rel" create= "true"/>
		<file external="/private/wii/app/RSBE/pf/sound/sfx/0000C00E.brstm" disc="/sound/sfx/0000C00E.brstm" create= "true"/>
		<file external="/private/wii/app/RSBE/pf/stage/melee/STGCUSTOM0F.pac" disc="/stage/melee/STGCUSTOM0F.pac" create= "true"/>
		<file external="/private/wii/app/RSBE/pf/module/st_custom0F.rel" disc="/module/st_custom0F.rel" create= "true"/>
		<file external="/private/wii/app/RSBE/pf/sound/sfx/0000C00F.brstm" disc="/sound/sfx/0000C00F.brstm" create= "true"/>
		<file external="/private/wii/app/RSBE/pf/stage/melee/STGCUSTOM10.pac" disc="/stage/melee/STGCUSTOM10.pac" create= "true"/>
		<file external="/private/wii/app/RSBE/pf/module/st_custom10.rel" disc="/module/st_custom10.rel" create= "true"/>
		<file external="/private/wii/app/RSBE/pf/sound/sfx/0000C010.brstm" disc="/sound/sfx/0000C010.brstm" create= "true"/>
		<file external="/private/wii/app/RSBE/pf/stage/melee/STGCUSTOM11.pac" disc="/stage/melee/STGCUSTOM11.pac" create= "true"/>
		<file external="/private/wii/app/RSBE/pf/module/st_custom11.rel" disc="/module/st_custom11.rel" create= "true"/>
		<file external="/private/wii/app/RSBE/pf/sound/sfx/0000C011.brstm" disc="/sound/sfx/0000C011.brstm" create= "true"/>
		<file external="/private/wii/app/RSBE/pf/stage/melee/STGCUSTOM12.pac" disc="/stage/melee/STGCUSTOM12.pac" create= "true"/>
		<file external="/private/wii/app/RSBE/pf/module/st_custom12.rel" disc="/module/st_custom12.rel" create= "true"/>
		<file external="/private/wii/app/RSBE/pf/sound/sfx/0000C012.brstm" disc="/sound/sfx/0000C012.brstm" create= "true"/>
		<file external="/private/wii/app/RSBE/pf/stage/melee/STGCUSTOM13.pac" disc="/stage/melee/STGCUSTOM13.pac" create= "true"/>
		<file external="/private/wii/app/RSBE/pf/module/st_custom13.rel" disc="/module/st_custom13.rel" create= "true"/>
		<file external="/private/wii/app/RSBE/pf/sound/sfx/0000C013.brstm" disc="/sound/sfx/0000C013.brstm" create= "true"/>
		<file external="/private/wii/app/RSBE/pf/stage/melee/STGCUSTOM14.pac" disc="/stage/melee/STGCUSTOM14.pac" create= "true"/>
		<file external="/private/wii/app/RSBE/pf/module/st_custom14.rel" disc="/module/st_custom14.rel" create= "true"/>
		<file external="/private/wii/app/RSBE/pf/sound/sfx/0000C014.brstm" disc="/sound/sfx/0000C014.brstm" create= "true"/>
		<file external="/private/wii/app/RSBE/pf/stage/melee/STGCUSTOM15.pac" disc="/stage/melee/STGCUSTOM15.pac" create= "true"/>
		<file external="/private/wii/app/RSBE/pf/module/st_custom15.rel" disc="/module/st_custom15.rel" create= "true"/>
		<file external="/private/wii/app/RSBE/pf/sound/sfx/0000C015.brstm" disc="/sound/sfx/0000C015.brstm" create= "true"/>
		<file external="/private/wii/app/RSBE/pf/stage/melee/STGCUSTOM16.pac" disc="/stage/melee/STGCUSTOM16.pac" create= "true"/>
		<file external="/private/wii/app/RSBE/pf/module/st_custom16.rel" disc="/module/st_custom16.rel" create= "true"/>
		<file external="/private/wii/app/RSBE/pf/sound/sfx/0000C016.brstm" disc="/sound/sfx/0000C016.brstm" create= "true"/>
		<file external="/private/wii/app/RSBE/pf/stage/melee/STGCUSTOM17.pac" disc="/stage/melee/STGCUSTOM17.pac" create= "true"/>
		<file external="/private/wii/app/RSBE/pf/module/st_custom17.rel" disc="/module/st_custom17.rel" create= "true"/>
		<file external="/private/wii/app/RSBE/pf/sound/sfx/0000C017.brstm" disc="/sound/sfx/0000C017.brstm" create= "true"/>
		<file external="/private/wii/app/RSBE/pf/stage/melee/STGCUSTOM18.pac" disc="/stage/melee/STGCUSTOM18.pac" create= "true"/>
		<file external="/private/wii/app/RSBE/pf/module/st_custom18.rel" disc="/module/st_custom18.rel" create= "true"/>
		<file external="/private/wii/app/RSBE/pf/sound/sfx/0000C018.brstm" disc="/sound/sfx/0000C018.brstm" create= "true"/>
		<file external="/private/wii/app/RSBE/pf/stage/melee/STGCUSTOM19.pac" disc="/stage/melee/STGCUSTOM19.pac" create= "true"/>
		<file external="/private/wii/app/RSBE/pf/module/st_custom19.rel" disc="/module/st_custom19.rel" create= "true"/>
		<file external="/private/wii/app/RSBE/pf/sound/sfx/0000C019.brstm" disc="/sound/sfx/0000C019.brstm" create= "true"/>
		<file external="/private/wii/app/RSBE/pf/stage/melee/STGCUSTOM1A.pac" disc="/stage/melee/STGCUSTOM1A.pac" create= "true"/>
		<file external="/private/wii/app/RSBE/pf/module/st_custom1A.rel" disc="/module/st_custom1A.rel" create= "true"/>
		<file external="/private/wii/app/RSBE/pf/sound/sfx/0000C01A.brstm" disc="/sound/sfx/0000C01A.brstm" create= "true"/>
		<file external="/private/wii/app/RSBE/pf/stage/melee/STGCUSTOM1B.pac" disc="/stage/melee/STGCUSTOM1B.pac" create= "true"/>
		<file external="/private/wii/app/RSBE/pf/module/st_custom1B.rel" disc="/module/st_custom1B.rel" create= "true"/>
		<file external="/private/wii/app/RSBE/pf/sound/sfx/0000C01B.brstm" disc="/sound/sfx/0000C01B.brstm" create= "true"/>
		<file external="/private/wii/app/RSBE/pf/stage/melee/STGCUSTOM1C.pac" disc="/stage/melee/STGCUSTOM1C.pac" create= "true"/>
		<file external="/private/wii/app/RSBE/pf/module/st_custom1C.rel" disc="/module/st_custom1C.rel" create= "true"/>
		<file external="/private/wii/app/RSBE/pf/sound/sfx/0000C01C.brstm" disc="/sound/sfx/0000C01C.brstm" create= "true"/>
		<file external="/private/wii/app/RSBE/pf/stage/melee/STGCUSTOM1D.pac" disc="/stage/melee/STGCUSTOM1D.pac" create= "true"/>
		<file external="/private/wii/app/RSBE/pf/module/st_custom1D.rel" disc="/module/st_custom1D.rel" create= "true"/>
		<file external="/private/wii/app/RSBE/pf/sound/sfx/0000C01D.brstm" disc="/sound/sfx/0000C01D.brstm" create= "true"/>
		<file external="/private/wii/app/RSBE/pf/stage/melee/STGCUSTOM1E.pac" disc="/stage/melee/STGCUSTOM1E.pac" create= "true"/>
		<file external="/private/wii/app/RSBE/pf/module/st_custom1E.rel" disc="/module/st_custom1E.rel" create= "true"/>
		<file external="/private/wii/app/RSBE/pf/sound/sfx/0000C01E.brstm" disc="/sound/sfx/0000C01E.brstm" create= "true"/>
		<file external="/private/wii/app/RSBE/pf/stage/melee/STGCUSTOM1F.pac" disc="/stage/melee/STGCUSTOM1F.pac" create= "true"/>
		<file external="/private/wii/app/RSBE/pf/module/st_custom1F.rel" disc="/module/st_custom1F.rel" create= "true"/>
		<file external="/private/wii/app/RSBE/pf/sound/sfx/0000C01F.brstm" disc="/sound/sfx/0000C01F.brstm" create= "true"/>
		<file external="/private/wii/app/RSBE/pf/stage/melee/STGCUSTOM20.pac" disc="/stage/melee/STGCUSTOM20.pac" create= "true"/>
		<file external="/private/wii/app/RSBE/pf/module/st_custom20.rel" disc="/module/st_custom20.rel" create= "true"/>
		<file external="/private/wii/app/RSBE/pf/sound/sfx/0000C020.brstm" disc="/sound/sfx/0000C020.brstm" create= "true"/>
		<file external="/private/wii/app/RSBE/pf/stage/melee/STGCUSTOM21.pac" disc="/stage/melee/STGCUSTOM21.pac" create= "true"/>
		<file external="/private/wii/app/RSBE/pf/module/st_custom21.rel" disc="/module/st_custom21.rel" create= "true"/>
		<file external="/private/wii/app/RSBE/pf/sound/sfx/0000C021.brstm" disc="/sound/sfx/0000C021.brstm" create= "true"/>
		<file external="/private/wii/app/RSBE/pf/stage/melee/STGCUSTOM22.pac" disc="/stage/melee/STGCUSTOM22.pac" create= "true"/>
		<file external="/private/wii/app/RSBE/pf/module/st_custom22.rel" disc="/module/st_custom22.rel" create= "true"/>
		<file external="/private/wii/app/RSBE/pf/sound/sfx/0000C022.brstm" disc="/sound/sfx/0000C022.brstm" create= "true"/>
		<file external="/private/wii/app/RSBE/pf/stage/melee/STGCUSTOM23.pac" disc="/stage/melee/STGCUSTOM23.pac" create= "true"/>
		<file external="/private/wii/app/RSBE/pf/module/st_custom23.rel" disc="/module/st_custom23.rel" create= "true"/>
		<file external="/private/wii/app/RSBE/pf/sound/sfx/0000C023.brstm" disc="/sound/sfx/0000C023.brstm" create= "true"/>
		<file external="/private/wii/app/RSBE/pf/stage/melee/STGCUSTOM24.pac" disc="/stage/melee/STGCUSTOM24.pac" create= "true"/>
		<file external="/private/wii/app/RSBE/pf/module/st_custom24.rel" disc="/module/st_custom24.rel" create= "true"/>
		<file external="/private/wii/app/RSBE/pf/sound/sfx/0000C024.brstm" disc="/sound/sfx/0000C024.brstm" create= "true"/>
		<file external="/private/wii/app/RSBE/pf/stage/melee/STGCUSTOM25.pac" disc="/stage/melee/STGCUSTOM25.pac" create= "true"/>
		<file external="/private/wii/app/RSBE/pf/module/st_custom25.rel" disc="/module/st_custom25.rel" create= "true"/>
		<file external="/private/wii/app/RSBE/pf/sound/sfx/0000C025.brstm" disc="/sound/sfx/0000C025.brstm" create= "true"/>
	</patch>
	<patch id="ocarinabase_vi">
		<memory ocarina="true" value="7CE33B783887003438A7003838C7004C" offset="0x000018A8" />
	</patch>
	<patch id="ocarinabase_kpad">
		<memory ocarina="true" value="9A3F005E38AE0080389FFFFC7E0903A6" offset="0x000018A8" />
		<memory ocarina="true" value="801D0060901E0060801D0064901E0064801D0068901E0068" offset="0x000018A8" />
	</patch>
	<patch id="ocarinabase_joypad">
		<memory ocarina="true" value="3AB500013A73000C2C1500043B18000C" offset="0x000018A8" />
	</patch>
	<patch id="ocarinabase_gxdraw">
		<memory ocarina="true" value="3CA0CC01380000613C80450098058000" offset="0x000018A8" />
	</patch>

	<patch id="ocarinabase_gxflush">
		<memory ocarina="true" value="90010014800305FC2C00000041820008" offset="0x000018A8" />
	</patch>
	<patch id="ocarinabase_ossleep">
		<memory ocarina="true" value="90A402E0806502E4908502E42C030000" offset="0x000018A8" />
	</patch>
	<patch id="ocarinabase_axnextframe">
		<memory ocarina="true" value="3800000E7FE3FB78B005000038800080" offset="0x000018A8" />
	</patch>
	<patch id="ocarina">
		<memory valuefile="/riivolution/codehandler.bin" offset="0x00001800" />
		<memory offset="0x00001CDE" value="8057" />
		<memory offset="0x00001CE2" value="0000" />
		<memory offset="0x00001F5A" value="8057" />
		<memory offset="0x00001F5E" value="0000" />
		<memory offset="0x000042B8" value="60000000" />
		<memory offset="0x003E9930" value="60000000" />
	</patch>
</wiidisc>