<?xml version="1.0" encoding="UTF-8"?>
<files>
  <file name="2_5_11_ColorFilter_1_0.bps" source="original">
    <mtime>1751609061</mtime>
    <size>1226592</size>
    <md5>f9e06174437879ab86054699300bc6fd</md5>
    <crc32>2144df1c</crc32>
    <sha1>094b04d1187a724195dc61b526656f402b33adc9</sha1>
    <format>Unknown</format>
    <viruscheck>1751609440</viruscheck>
  </file>
  <file name="2_5_11_ColorFilter_1_1.bps" source="original">
    <mtime>1751609003</mtime>
    <size>1226589</size>
    <md5>56a0cfae6f72e69d523f5eef6cfd63e0</md5>
    <crc32>2144df1c</crc32>
    <sha1>5baddc63034b9dc0d8e0c0a27961fe633c6aaa91</sha1>
    <format>Unknown</format>
    <viruscheck>1751609440</viruscheck>
  </file>
  <file name="2_5_11_Standard_1_0.bps" source="original">
    <mtime>1751609070</mtime>
    <size>1222689</size>
    <md5>e8b3f0d36d729e4318dc3ec71c80659f</md5>
    <crc32>2144df1c</crc32>
    <sha1>e507b865ccfa1f5c0bc6f42a66bb55898456f8e3</sha1>
    <format>Unknown</format>
    <viruscheck>1751609440</viruscheck>
  </file>
  <file name="2_5_11_Standard_1_1.bps" source="original">
    <mtime>1751609068</mtime>
    <size>1222686</size>
    <md5>452e0ae466c065ea25ce5070f2e15f0b</md5>
    <crc32>2144df1c</crc32>
    <sha1>17def4cd10e9aaf213cf5de12bd94b9a58bb9397</sha1>
    <format>Unknown</format>
    <viruscheck>1751609440</viruscheck>
  </file>
  <file name="pokemon-crystal-clear_202507_archive.torrent" source="metadata">
    <btih>cfb86eab227cf13e46a361a56644ab6613d76212</btih>
    <mtime>1751609443</mtime>
    <size>2525</size>
    <md5>77ea1f2e4cf1166e6118b538c605c690</md5>
    <crc32>aa500e80</crc32>
    <sha1>56cf604c7ca5ac54b956876c29e4c3c16ae9dd6a</sha1>
    <format>Archive BitTorrent</format>
  </file>
  <file name="pokemon-crystal-clear_202507_files.xml" source="original">
    <format>Metadata</format>
    <md5>8812a963e54cec9b8bfd4c930bc70830</md5>
    <summation>md5</summation>
  </file>
  <file name="pokemon-crystal-clear_202507_meta.sqlite" source="original">
    <mtime>1751609075</mtime>
    <size>57344</size>
    <md5>eb2205079ac0ace3a202b6b84dc93178</md5>
    <crc32>1252998e</crc32>
    <sha1>e63cb1fdaf9a31a6f4da0e471f0c11ae57e53bdd</sha1>
    <format>Metadata</format>
  </file>
  <file name="pokemon-crystal-clear_202507_meta.xml" source="original">
    <mtime>1751609440</mtime>
    <size>5584</size>
    <md5>a3f87dbed9c5641ad70095f2cdf0c0e8</md5>
    <crc32>11f7ea5e</crc32>
    <sha1>afa8773ce77220c372ee77c38bc0574f63b1a669</sha1>
    <format>Metadata</format>
  </file>
</files>
