<?xml version="1.0" encoding="UTF-8"?>
<metadata>
  <identifier>pokemon-crystal-clear_202507</identifier>
  <mediatype>software</mediatype>
  <collection>open_source_software</collection>
  <creator>ShockSlayer</creator>
  <description>&lt;p&gt;If you want to keep your save file you &lt;strong&gt;MUST&lt;/strong&gt; follow the "How to keep your save file" instructions below.
Read everything first so that you understand &lt;strong&gt;which patch file you need.&lt;/strong&gt;&lt;/p&gt;
&lt;p&gt;&lt;strong&gt;Requirements:&lt;/strong&gt;&lt;/p&gt;
&lt;ul&gt;
&lt;li&gt;An unmodified &lt;code&gt;.gbc&lt;/code&gt; file of Crystal. 1.0 or 1.1 does not matter. You cannot re-patch your old version of CC.&lt;/li&gt;
&lt;li&gt;One of the &lt;code&gt;.bps&lt;/code&gt; patch files below, for your version of Crystal. &lt;ul&gt;
&lt;li&gt;&lt;em&gt;If you don't know what you have, download and try both.&lt;/em&gt;&lt;/li&gt;
&lt;/ul&gt;
&lt;/li&gt;
&lt;li&gt;A browser that isn't Safari or Internet Explorer. &lt;em&gt;(We get a lot of reports of these not working right.)&lt;/em&gt;&lt;/li&gt;
&lt;/ul&gt;
&lt;p&gt;&lt;strong&gt;Instructions:&lt;/strong&gt;&lt;/p&gt;
&lt;ol&gt;
&lt;li&gt;Once you have your &lt;code&gt;.gbc&lt;/code&gt; file and your &lt;code&gt;.bps&lt;/code&gt; file, go to the &lt;a href="https://inject.sigkill.tech/patch/cc" rel="ugc nofollow"&gt;&lt;strong&gt;Patching Site&lt;/strong&gt;&lt;/a&gt;&lt;/li&gt;
&lt;li&gt;Click the first paperclip and select your &lt;code&gt;.gbc&lt;/code&gt;&lt;/li&gt;
&lt;li&gt;Click the second paperclip button and select your &lt;code&gt;.bps&lt;/code&gt;&lt;/li&gt;
&lt;li&gt;Click the big blue &lt;code&gt;PATCH&lt;/code&gt; button.&lt;/li&gt;
&lt;/ol&gt;
&lt;p&gt;If you did this correctly, you will be presented with a "Success!" message and a download button. 
If you don't see a download notification you may need to wait, or try again.
If that didn't happen, then you've done something wrong. The error messages will do their best to help you.&lt;/p&gt;
&lt;p&gt;&lt;strong&gt;Starter/Sprite Injection:&lt;/strong&gt;&lt;/p&gt;
&lt;ul&gt;
&lt;li&gt;If you want to inject a custom starter or set of player sprites, you'll need to complete the steps above first. Then, you can use the &lt;code&gt;Crystal_Clear.gbc&lt;/code&gt; file that you have with those pages on the site.&lt;/li&gt;
&lt;/ul&gt;
&lt;p&gt;&lt;strong&gt;How to keep your save file:&lt;/strong&gt;&lt;/p&gt;
&lt;ul&gt;
&lt;li&gt;On your &lt;strong&gt;old version, before updating,&lt;/strong&gt; SAVE INSIDE OF the Olivine PokeCenter, then close the game.&lt;/li&gt;
&lt;li&gt;Replace your old &lt;code&gt;.gbc&lt;/code&gt; file with the new  &lt;code&gt;.gbc&lt;/code&gt; file&lt;ul&gt;
&lt;li&gt;&lt;em&gt;You need to follow the instructions above, you do NOT patch your old &lt;code&gt;.gbc&lt;/code&gt;&lt;/em&gt; &lt;/li&gt;
&lt;li&gt;Don't forget to make sure your new &lt;code&gt;.gbc&lt;/code&gt; and old &lt;code&gt;.sav&lt;/code&gt; files have the same name as the old files!&lt;/li&gt;
&lt;/ul&gt;
&lt;/li&gt;
&lt;li&gt;After entering the overworld, walk down and exit the Olivine PokeCenter.&lt;/li&gt;
&lt;li&gt;Once you're outside, press A on the "POKE" sign on the building.&lt;ul&gt;
&lt;li&gt;If the game needed to fix anything in your save, you'll be warped inside the building. Your save is now updated, so go ahead and save the game.&lt;/li&gt;
&lt;li&gt;Otherwise if you hear a "ding" sound, everything's fine and you can continue your adventure.&lt;/li&gt;
&lt;/ul&gt;
&lt;/li&gt;
&lt;li&gt;You're done!&lt;/li&gt;
&lt;/ul&gt;
&lt;p&gt;&lt;strong&gt;Additional resources:&lt;/strong&gt;
PC patching tool: &lt;a href="https://www.romhacking.net/utilities/893/" rel="ugc nofollow"&gt;https://www.romhacking.net/utilities/893/&lt;/a&gt;
&lt;em&gt;(doesn't support starter/sprite injection - you should only ever use this if the patching site is down)&lt;/em&gt;&lt;/p&gt;
&lt;p&gt;&lt;a href="https://github.com/ShockSlayer/ccdocs/blob/master/docs/Changelogs.md" rel="ugc nofollow"&gt;&lt;strong&gt;Changelogs&lt;/strong&gt;&lt;/a&gt;&lt;/p&gt;
&lt;p&gt;&lt;a href="https://www.youtube.com/watch?v=aVNR-Xv6xgc" rel="ugc nofollow"&gt;&lt;strong&gt;Stadium 2 Partner Patch&lt;/strong&gt;&lt;/a&gt;&lt;/p&gt;
&lt;p&gt;&lt;strong&gt;Patches:&lt;/strong&gt;
&lt;code&gt;_1.1&lt;/code&gt; is for vanilla Crystal 1.1; the resulting file will be identical. The &lt;a href="https://inject.sigkill.tech/patch/cc" rel="ugc nofollow"&gt;&lt;strong&gt;Patching Site&lt;/strong&gt;&lt;/a&gt; will reject a mismatched patch.
&lt;code&gt;_ColorFilter&lt;/code&gt; has an experimental color filter applied. &lt;a href="https://raw.githubusercontent.com/ShockSlayer/ccdocs/master/docs/changelogs/images/2_1_0_Changelog/image_3.png" rel="ugc nofollow"&gt;&lt;strong&gt;Example&lt;/strong&gt;&lt;/a&gt;
You only need the color filter if you're playing on an emulator or console that &lt;strong&gt;doesn't&lt;/strong&gt; have color options, and the colors are too sharp as a result.&lt;/p&gt;
</description>
  <scanner>Internet Archive HTML5 Uploader 1.7.0</scanner>
  <subject>ROM</subject>
  <title>Pokémon Crystal Clear</title>
  <subject>Pokémon</subject>
  <subject>Hackroms</subject>
  <subject>ROMHack</subject>
  <subject>ROM Hack</subject>
  <subject>Mod</subject>
  <uploader>nateify@nateify.xyz</uploader>
  <publicdate>2025-07-04 06:03:41</publicdate>
  <addeddate>2025-07-04 06:03:41</addeddate>
  <curation>[curator]validator@archive.org[/curator][date]20250704061040[/date][comment]checked for malware[/comment]</curation>
</metadata>
