<?xml version="1.0" encoding="UTF-8"?>
<metadata>
  <identifier>terranigma-bloody-mary-fix</identifier>
  <mediatype>data</mediatype>
  <collection>opensource_media</collection>
  <creator>FaydGamer</creator>
  <date>2025-03-18</date>
  <description>An improvement to Bloody Mary boss fight &lt;div&gt;&lt;br /&gt;&lt;/div&gt;&lt;div&gt;Changes; &lt;/div&gt;&lt;div&gt;Soulwand now has 4+ Luck instead of 50+ HP and Light Element&lt;br /&gt;&lt;div&gt;SilverPike now has 50+ HP &lt;/div&gt;&lt;/div&gt;&lt;div&gt;&lt;br /&gt;&lt;/div&gt;&lt;div&gt;When playing Terranigma the boss fight for Bloody Mary is a bit tough, you're usually between Level 19-21 when you get there. If you do not know about her weakness, you'll end up doing 1-2 Damage. The "Trick" is to use the Lightrod which is at 15 Power and has 4+ Luck which increase Magic Damage/Crit Chance, but you would still need to grind to Level 23-24 or Spam Magic which is not fun. So instead of reworking the stats of Bloody Mary Ive made the Soulward a 24 Power Weapon into a Light Weapon with the same bonus as the Lightrod (4+) and gave the Silverpike 50+ HP which the Soulwand originally had. This change allows you to be between Level 19-21 and able to fight her without spamming Magic attacks (No fun) and without having to grind to Level 25 (makes the rest of the game easier since now youre over leveled)&lt;/div&gt;</description>
  <scanner>Internet Archive HTML5 Uploader 1.7.0</scanner>
  <subject>SNES</subject>
  <subject>Terranigma</subject>
  <subject>Bloody Mary</subject>
  <title>Terranigma Bloody Mary Fix</title>
  <uploader>faydpromotions@gmail.com</uploader>
  <publicdate>2025-03-19 00:37:16</publicdate>
  <addeddate>2025-03-19 00:37:16</addeddate>
  <curation>[curator]validator@archive.org[/curator][date]20250319004314[/date][comment]checked for malware[/comment]</curation>
</metadata>
