<?xml version="1.0" encoding="UTF-8"?>
<files>
  <file name="Terranigma Bloody Mary Fix.ips" source="original">
    <mtime>1742344615</mtime>
    <size>22</size>
    <md5>52967596f5cf7f7243dd5c112eb781e3</md5>
    <crc32>61a617ed</crc32>
    <sha1>cf97430662a2bcde005a8fc48a91d7b3a1167eb6</sha1>
    <format>Unknown</format>
    <viruscheck>1742344994</viruscheck>
  </file>
  <file name="terranigma-bloody-mary-fix_archive.torrent" source="metadata">
    <btih>7c3f6158b6ceb595821ebafb5c3375574243ff8a</btih>
    <mtime>1742405163</mtime>
    <size>1787</size>
    <md5>9d776df403d2efc3ef4a2af7ee79bc94</md5>
    <crc32>ae957e17</crc32>
    <sha1>bcc305d6e4c29bdfd1a6f2787a3d6a3dba860140</sha1>
    <format>Archive BitTorrent</format>
  </file>
  <file name="terranigma-bloody-mary-fix_files.xml" source="original">
    <format>Metadata</format>
    <md5>ef6e652fd7e0159419c30ec59b1dedae</md5>
    <summation>md5</summation>
  </file>
  <file name="terranigma-bloody-mary-fix_meta.sqlite" source="original">
    <mtime>1742344663</mtime>
    <size>20480</size>
    <md5>828c8c878558a4af66ba7b96465d96a0</md5>
    <crc32>46cbaada</crc32>
    <sha1>e90fbb6e8c07b46a95640b9c5120b5867db5b870</sha1>
    <format>Metadata</format>
  </file>
  <file name="terranigma-bloody-mary-fix_meta.xml" source="original">
    <mtime>1742405162</mtime>
    <size>1875</size>
    <md5>99972a782d9f396f71ee7576cd8355fa</md5>
    <crc32>f2992772</crc32>
    <sha1>cadcc481a94ec91b3b9d2ef42031af27d04a51a3</sha1>
    <format>Metadata</format>
  </file>
</files>
