{
  "id": "MAP_INDIGO_PLATEAU_EXTERIOR",
  "name": "IndigoPlateau_Exterior",
  "layout": "LAYOUT_INDIGO_PLATEAU_EXTERIOR",
  "music": "MUS_VICTORY_ROAD",
  "region_map_section": "MAPSEC_INDIGO_PLATEAU",
  "requires_flash": false,
  "weather": "WEATHER_SUNNY",
  "map_type": "MAP_TYPE_TOWN",
  "allow_cycling": true,
  "allow_escaping": false,
  "allow_running": true,
  "show_map_name": false,
  "floor_number": 0,
  "battle_scene": "MAP_BATTLE_SCENE_NORMAL",
  "connections": [
    {
      "map": "MAP_ROUTE23",
      "offset": -1,
      "direction": "down"
    }
  ],
  "object_events": [
    {
      "type": "object",
      "graphics_id": "OBJ_EVENT_GFX_BLUE",
      "x": 10,
      "y": 6,
      "elevation": 0,
      "movement_type": "MOVEMENT_TYPE_FACE_DOWN",
      "movement_range_x": 1,
      "movement_range_y": 1,
      "trainer_type": "TRAINER_TYPE_NONE",
      "trainer_sight_or_berry_tree_id": "0",
      "script": "0x0",
      "flag": "FLAG_HIDE_CREDITS_RIVAL",
      "in_connection": false
    },
    {
      "type": "object",
      "graphics_id": "OBJ_EVENT_GFX_PROF_OAK",
      "x": 10,
      "y": 6,
      "elevation": 0,
      "movement_type": "MOVEMENT_TYPE_FACE_DOWN",
      "movement_range_x": 1,
      "movement_range_y": 1,
      "trainer_type": "TRAINER_TYPE_NONE",
      "trainer_sight_or_berry_tree_id": "0",
      "script": "0x0",
      "flag": "FLAG_HIDE_CREDITS_OAK",
      "in_connection": false
    }
  ],
  "warp_events": [
    {
      "x": 9,
      "y": 5,
      "elevation": 0,
      "dest_map": "MAP_INDIGO_PLATEAU_POKEMON_CENTER_1F",
      "dest_warp_id": "2"
    },
    {
      "x": 10,
      "y": 5,
      "elevation": 0,
      "dest_map": "MAP_INDIGO_PLATEAU_POKEMON_CENTER_1F",
      "dest_warp_id": "0"
    }
  ],
  "coord_events": [

  ],
  "bg_events": [

  ]
}
