{
  "id": "MAP_NIGHTMARE_HALL",
  "name": "NightmareHall",
  "layout": "LAYOUT_NIGHTMARE_HALL",
  "music": "MUS_DREAMWORLD",
  "region_map_section": "MAPSEC_NONE",
  "requires_flash": false,
  "weather": "WEATHER_NONE",
  "map_type": "MAP_TYPE_NONE",
  "allow_cycling": false,
  "allow_escaping": false,
  "allow_running": false,
  "show_map_name": false,
  "battle_scene": "MAP_BATTLE_SCENE_NORMAL",
  "connections": 0,
  "object_events": [
    {
      "graphics_id": "OBJ_EVENT_GFX_AQUA_MEMBER_F",
      "x": 21,
      "y": 11,
      "elevation": 3,
      "movement_type": "MOVEMENT_TYPE_FACE_UP",
      "movement_range_x": 0,
      "movement_range_y": 0,
      "trainer_type": "TRAINER_TYPE_NONE",
      "trainer_sight_or_berry_tree_id": "0",
      "script": "NULL",
      "flag": "0"
    },
    {
      "graphics_id": "OBJ_EVENT_GFX_AQUA_MEMBER_M",
      "x": 18,
      "y": 11,
      "elevation": 3,
      "movement_type": "MOVEMENT_TYPE_FACE_UP",
      "movement_range_x": 0,
      "movement_range_y": 0,
      "trainer_type": "TRAINER_TYPE_NONE",
      "trainer_sight_or_berry_tree_id": "0",
      "script": "NULL",
      "flag": "0"
    },
    {
      "graphics_id": "OBJ_EVENT_GFX_AQUA_MEMBER_M",
      "x": 22,
      "y": 10,
      "elevation": 3,
      "movement_type": "MOVEMENT_TYPE_FACE_LEFT",
      "movement_range_x": 0,
      "movement_range_y": 0,
      "trainer_type": "TRAINER_TYPE_NONE",
      "trainer_sight_or_berry_tree_id": "0",
      "script": "NULL",
      "flag": "0"
    },
    {
      "graphics_id": "OBJ_EVENT_GFX_HOUNDOOM",
      "x": 21,
      "y": 10,
      "elevation": 3,
      "movement_type": "MOVEMENT_TYPE_WALK_IN_PLACE_LEFT",
      "movement_range_x": 0,
      "movement_range_y": 0,
      "trainer_type": "TRAINER_TYPE_NONE",
      "trainer_sight_or_berry_tree_id": "0",
      "script": "NULL",
      "flag": "0"
    },
    {
      "graphics_id": "OBJ_EVENT_GFX_ITEM_BALL",
      "x": 19,
      "y": 10,
      "elevation": 3,
      "movement_type": "MOVEMENT_TYPE_NONE",
      "movement_range_x": 0,
      "movement_range_y": 0,
      "trainer_type": "TRAINER_TYPE_NONE",
      "trainer_sight_or_berry_tree_id": "0",
      "script": "NULL",
      "flag": "FLAG_TEMP_2"
    },
    {
      "graphics_id": "OBJ_EVENT_GFX_FERALIGATR",
      "x": 18,
      "y": 10,
      "elevation": 3,
      "movement_type": "MOVEMENT_TYPE_WALK_IN_PLACE_RIGHT",
      "movement_range_x": 0,
      "movement_range_y": 0,
      "trainer_type": "TRAINER_TYPE_NONE",
      "trainer_sight_or_berry_tree_id": "0",
      "script": "NULL",
      "flag": "0"
    },
    {
      "graphics_id": "OBJ_EVENT_GFX_AQUA_MEMBER_M",
      "x": 17,
      "y": 10,
      "elevation": 3,
      "movement_type": "MOVEMENT_TYPE_FACE_RIGHT",
      "movement_range_x": 0,
      "movement_range_y": 0,
      "trainer_type": "TRAINER_TYPE_NONE",
      "trainer_sight_or_berry_tree_id": "0",
      "script": "NULL",
      "flag": "0"
    },
    {
      "graphics_id": "OBJ_EVENT_GFX_AQUA_MEMBER_M",
      "x": 20,
      "y": 8,
      "elevation": 3,
      "movement_type": "MOVEMENT_TYPE_NONE",
      "movement_range_x": 0,
      "movement_range_y": 0,
      "trainer_type": "TRAINER_TYPE_NONE",
      "trainer_sight_or_berry_tree_id": "0",
      "script": "NULL",
      "flag": "0"
    },
    {
      "graphics_id": "OBJ_EVENT_GFX_ARCHIE",
      "x": 21,
      "y": 8,
      "elevation": 3,
      "movement_type": "MOVEMENT_TYPE_NONE",
      "movement_range_x": 0,
      "movement_range_y": 0,
      "trainer_type": "TRAINER_TYPE_NONE",
      "trainer_sight_or_berry_tree_id": "0",
      "script": "NULL",
      "flag": "0"
    },
    {
      "graphics_id": "OBJ_EVENT_GFX_AQUA_MEMBER_F",
      "x": 18,
      "y": 8,
      "elevation": 3,
      "movement_type": "MOVEMENT_TYPE_NONE",
      "movement_range_x": 0,
      "movement_range_y": 0,
      "trainer_type": "TRAINER_TYPE_NONE",
      "trainer_sight_or_berry_tree_id": "0",
      "script": "NULL",
      "flag": "0"
    }
  ],
  "warp_events": [
    {
      "x": 20,
      "y": 32,
      "elevation": 3,
      "dest_map": "MAP_NIGHTMARE_HALL",
      "dest_warp_id": "0"
    }
  ],
  "coord_events": [
    {
      "type": "trigger",
      "x": 20,
      "y": 14,
      "elevation": 0,
      "var": "VAR_STORYLINE_STATE",
      "var_value": "0",
      "script": "NightmareHall_CutSceneTrigger"
    }
  ],
  "bg_events": [
    {
      "type": "sign",
      "x": 20,
      "y": 6,
      "elevation": 0,
      "player_facing_dir": "BG_EVENT_PLAYER_FACING_ANY",
      "script": "NightmareHall_Sign"
    }
  ]
}
