{
  "id": "MAP_POKEMON_LEAGUE_AGATHAS_ROOM",
  "name": "PokemonLeague_AgathasRoom",
  "layout": "LAYOUT_POKEMON_LEAGUE_AGATHAS_ROOM",
  "music": "MUS_POKE_TOWER",
  "region_map_section": "MAPSEC_POKEMON_LEAGUE",
  "requires_flash": false,
  "weather": "WEATHER_NONE",
  "map_type": "MAP_TYPE_INDOOR",
  "allow_cycling": false,
  "allow_escaping": false,
  "allow_running": false,
  "show_map_name": false,
  "floor_number": 0,
  "battle_scene": "MAP_BATTLE_SCENE_AGATHA",
  "connections": 0,
  "object_events": [
    {
      "type": "object",
      "graphics_id": "OBJ_EVENT_GFX_AGATHA",
      "x": 5,
      "y": 2,
      "elevation": 3,
      "movement_type": "MOVEMENT_TYPE_FACE_DOWN",
      "movement_range_x": 1,
      "movement_range_y": 1,
      "trainer_type": "TRAINER_TYPE_NONE",
      "trainer_sight_or_berry_tree_id": "0",
      "script": "PokemonLeague_AgathasRoom_EventScript_Agatha",
      "flag": "0",
      "in_connection": false
    }
  ],
  "warp_events": [
    {
      "x": 4,
      "y": 10,
      "elevation": 0,
      "dest_map": "MAP_POKEMON_LEAGUE_BRUNOS_ROOM",
      "dest_warp_id": "1"
    },
    {
      "x": 4,
      "y": 0,
      "elevation": 0,
      "dest_map": "MAP_POKEMON_LEAGUE_LANCES_ROOM",
      "dest_warp_id": "0"
    },
    {
      "x": 5,
      "y": 10,
      "elevation": 0,
      "dest_map": "MAP_POKEMON_LEAGUE_BRUNOS_ROOM",
      "dest_warp_id": "1"
    },
    {
      "x": 5,
      "y": 0,
      "elevation": 0,
      "dest_map": "MAP_POKEMON_LEAGUE_LANCES_ROOM",
      "dest_warp_id": "0"
    }
  ],
  "coord_events": [

  ],
  "bg_events": [

  ]
}
