0,eDlgType_NoMenu,KEY_TEXT_NONE,,
0,eDlgType_Ok,KEY_TEXT_OK,Couldn't connect to the network.,
0,eDlgType_Ok,KEY_TEXT_OK,Couldn't sign-in to PSN.,
0,eDlgType_Ok,KEY_TEXT_OK,An error occurred while connecting.,
0,eDlgType_Ok,KEY_TEXT_OK,Couldn't get login information.,
0,eDlgType_Ok,KEY_TEXT_OK,Your Sony Entertainment Network is unavailable due to parental lock restrictions.
0,eDlgType_Ok,KEY_TEXT_OK,The chat has been limited for your Sony Entertainment Network account.
0,eDlgType_NoMenu,KEY_TEXT_NONE,Exiting Network.,
0,eDlgType_Ok,KEY_TEXT_OK,An error occurred while exiting the network.,
0,eDlgType_NoMenu,KEY_TEXT_NONE,Starting Network...,
0,eDlgType_Ok,KEY_TEXT_OK,Failed to initialize network.,
0,eDlgType_Ok,KEY_TEXT_OK,A communication error occurred while initializing network.,
0,eDlgType_Ok,KEY_TEXT_OK,Couldn't load network data.,
0,eDlgType_NoMenu,KEY_TEXT_NONE,Waiting for network processing completion.,
0,eDlgType_NoMenu,KEY_TEXT_CANCEL,Looking for an opponent...,
0,eDlgType_Ok,KEY_TEXT_OK,An error has occurred.,
0,eDlgType_NoMenu,KEY_TEXT_NONE,Exiting...,
0,eDlgType_Ok,KEY_TEXT_OK,A communication error occurred during a ranked match.,
0,eDlgType_Ok,KEY_TEXT_OK,The match has been canceled.,
0,eDlgType_Ok,KEY_TEXT_OK,Match canceled.,
0,eDlgType_Ok,KEY_TEXT_OK,Connection with opponent lost.,
0,eDlgType_Ok,KEY_TEXT_OK,Timeout occurred during a ranked match.,
0,eDlgType_Ok,KEY_TEXT_OK,An unknown error has occurred.,
0,eDlgType_NoMenu,KEY_TEXT_CANCEL,Searching...,
0,eDlgType_Ok,KEY_TEXT_OK,The room was not found.,
0,eDlgType_NoMenu,KEY_TEXT_CANCEL,Creating room.,
0,eDlgType_NoMenu,KEY_TEXT_CANCEL,Entering room.,
0,eDlgType_Ok,KEY_TEXT_OK,A communication error occurred during a player match.,
0,eDlgType_Ok,KEY_TEXT_OK,A communication error occurred while creating the room.,
0,eDlgType_Ok,KEY_TEXT_OK,A communication error occurred while searching for a room.,
0,eDlgType_Ok,KEY_TEXT_OK,A communication error occurred while searching for a room.,
0,eDlgType_Ok,KEY_TEXT_OK,An error occurred while joining the room.,
0,eDlgType_Ok,KEY_TEXT_OK,Room is full. Could not join.
0,eDlgType_Ok,KEY_TEXT_OK,Room not found.,
0,eDlgType_Ok,KEY_TEXT_OK,Failed to join the room. Couldn't accept invitation.,
0,eDlgType_Ok,KEY_TEXT_OK,A timeout occurred while joining the room.,
0,eDlgType_Ok,KEY_TEXT_OK,A communication error occurred while processing the room.,
0,eDlgType_Ok,KEY_TEXT_OK,There was a communication error with the server.,Leaving room and returning to menu.
0,eDlgType_Ok,KEY_TEXT_OK,Connection to the host has been lost.,Leaving the room and returning to the menu.
0,eDlgType_Ok,KEY_TEXT_OK,You were kicked.,
0,eDlgType_Ok,KEY_TEXT_OK,An error occurred with the room's connection condition.,
0,eDlgType_NoMenu,KEY_TEXT_NONE,There was an error communication with the players during the match.,Returning to room and suspending match.
0,eDlgType_NoMenu,KEY_TEXT_NONE,There was an error communication with the players during the match.,The match was interrupted.
0,eDlgType_Ok,KEY_TEXT_OK,Timeout occurred during the match.,Leaving the room and returning to the menu.
0,eDlgType_Ok,KEY_TEXT_OK,Timeout occurred during communication.,Leaving the room and returning to the menu.
0,eDlgType_Ok,KEY_TEXT_OK,Room connection has been resolved.,
0,eDlgType_Ok,KEY_TEXT_OK,Timeout occurred during communication.,Leaving the room and returning to the menu.
0,eDlgType_Ok,KEY_TEXT_OK,Communication error occurred.,Leaving the room and returning to the menu.
0,eDlgType_YesNo,KEY_TEXT_NONE,Restart the ranked match?,
0,eDlgType_Ok,KEY_TEXT_OK,There was an error communicating with the opponent.,Ranked match has been canceled.
0,eDlgType_Ok,KEY_TEXT_OK,Unknown interruption occured during a ranked match.,
0,eDlgType_Ok,KEY_TEXT_OK,Failed to update the player's network information.,
0,eDlgType_Ok,KEY_TEXT_OK,An error occurred while starting Ad-Hoc.,
0,eDlgType_NoMenu,KEY_TEXT_NONE,Exiting Ad-Hoc.,
0,eDlgType_Ok,KEY_TEXT_OK,An error occurred while exiting Ad-Hoc.,
0,eDlgType_Ok,KEY_TEXT_OK,A communication error occurred while acquiring rankings.,
0,eDlgType_Ok,KEY_TEXT_OK,You have been signed out of "PSN".,Can not use Network features.
0,eDlgType_Ok,KEY_TEXT_OK,Disconnected from the network.,Can not use Network features.
0,eDlgType_Ok,KEY_TEXT_OK,A communication error has occurred.,Can not use Network features.
0,eDlgType_Ok,KEY_TEXT_OK,Ad-Hoc has been disconnected.,Can not use Ad-Hoc functionality.
0,eDlgType_Ok,KEY_TEXT_OK,Not registered in the ranking.,
1,eDlgType_YesNo,KEY_TEXT_NONE,Room will be disbanded.,Is this OK?
1,eDlgType_YesNo,KEY_TEXT_NONE,Leaving room.,Is this OK?
0,eDlgType_Ok,KEY_TEXT_OK,A communication error occurred while uploading ranking data.,
0,eDlgType_Ok,KEY_TEXT_OK,You can't kick yourself!,
0,eDlgType_Ok,KEY_TEXT_OK,Processing.,
0,eDlgType_Ok,KEY_TEXT_SEARCH_NO_HIT,Room not found.,
0,eDlgType_Ok,KEY_TEXT_OK,Couldn't send for processing.,
0,eDlgType_NoMenu,KEY_TEXT_NONE,Please press start on the controller you wish to use.,
0,eDlgType_Ok,KEY_TEXT_OK,You can't enter the room because the connection speed limit wasn't met.,
0,eDlgType_Ok,KEY_TEXT_OK,Couldn't measure connection speed.,
0,eDlgType_NoMenu,KEY_TEXT_NONE,Preparing network start.,
0,eDlgType_Ok,KEY_TEXT_OK,Connection to network failed.,
0,eDlgType_Ok,KEY_TEXT_OK,An error occurred while preparing the network.,
0,eDlgType_Ok,KEY_TEXT_OK,Couldn't start Network.,Please sign-in to PSN.
0,eDlgType_Ok,KEY_TEXT_OK,Couldn't start Network.,You need to join Playstation Plus.
0,eDlgType_Ok,KEY_TEXT_OK,There is a new system update.,You need to update your system.
0,eDlgType_Ok,KEY_TEXT_OK,There is a new title update.,You need to update the game.
0,eDlgType_Ok,KEY_TEXT_OK,Network processing was interrupted.,
0,eDlgType_Ok,KEY_TEXT_OK,Input is empty.,Please input again.
0,eDlgType_Ok,KEY_TEXT_OK,The room name contains banned words.,Please change the name.
