{
  "id": "MAP_POKEMON_MANSION_1F",
  "name": "PokemonMansion_1F",
  "layout": "LAYOUT_POKEMON_MANSION_1F",
  "music": "MUS_POKE_MANSION",
  "region_map_section": "MAPSEC_POKEMON_MANSION",
  "requires_flash": false,
  "weather": "WEATHER_SHADE",
  "map_type": "MAP_TYPE_INDOOR",
  "allow_cycling": false,
  "allow_escaping": true,
  "allow_running": true,
  "show_map_name": true,
  "floor_number": 0,
  "battle_scene": "MAP_BATTLE_SCENE_INDOOR_2",
  "connections": 0,
  "object_events": [
    {
      "type": "object",
      "graphics_id": "OBJ_EVENT_GFX_SCIENTIST",
      "x": 17,
      "y": 17,
      "elevation": 3,
      "movement_type": "MOVEMENT_TYPE_FACE_LEFT",
      "movement_range_x": 1,
      "movement_range_y": 1,
      "trainer_type": "TRAINER_TYPE_NORMAL",
      "trainer_sight_or_berry_tree_id": "3",
      "script": "PokemonMansion_1F_EventScript_Ted",
      "flag": "0",
      "in_connection": false
    },
    {
      "type": "object",
      "graphics_id": "OBJ_EVENT_GFX_ITEM_BALL",
      "x": 14,
      "y": 3,
      "elevation": 3,
      "movement_type": "MOVEMENT_TYPE_FACE_DOWN",
      "movement_range_x": 1,
      "movement_range_y": 1,
      "trainer_type": "TRAINER_TYPE_NONE",
      "trainer_sight_or_berry_tree_id": "0",
      "script": "PokemonMansion_1F_EventScript_ItemEscapeRope",
      "flag": "FLAG_HIDE_POKEMON_MANSION_1F_ESCAPE_ROPE",
      "in_connection": false
    },
    {
      "type": "object",
      "graphics_id": "OBJ_EVENT_GFX_ITEM_BALL",
      "x": 18,
      "y": 21,
      "elevation": 3,
      "movement_type": "MOVEMENT_TYPE_FACE_DOWN",
      "movement_range_x": 1,
      "movement_range_y": 1,
      "trainer_type": "TRAINER_TYPE_NONE",
      "trainer_sight_or_berry_tree_id": "0",
      "script": "PokemonMansion_1F_EventScript_ItemCarbos",
      "flag": "FLAG_HIDE_POKEMON_MANSION_1F_CARBOS",
      "in_connection": false
    }
  ],
  "warp_events": [
    {
      "x": 4,
      "y": 27,
      "elevation": 3,
      "dest_map": "MAP_CINNABAR_ISLAND",
      "dest_warp_id": "0"
    },
    {
      "x": 5,
      "y": 27,
      "elevation": 3,
      "dest_map": "MAP_CINNABAR_ISLAND",
      "dest_warp_id": "0"
    },
    {
      "x": 7,
      "y": 27,
      "elevation": 3,
      "dest_map": "MAP_CINNABAR_ISLAND",
      "dest_warp_id": "0"
    },
    {
      "x": 5,
      "y": 10,
      "elevation": 3,
      "dest_map": "MAP_POKEMON_MANSION_2F",
      "dest_warp_id": "2"
    },
    {
      "x": 21,
      "y": 23,
      "elevation": 3,
      "dest_map": "MAP_POKEMON_MANSION_B1F",
      "dest_warp_id": "0"
    },
    {
      "x": 26,
      "y": 27,
      "elevation": 3,
      "dest_map": "MAP_CINNABAR_ISLAND",
      "dest_warp_id": "0"
    },
    {
      "x": 27,
      "y": 27,
      "elevation": 0,
      "dest_map": "MAP_CINNABAR_ISLAND",
      "dest_warp_id": "0"
    },
    {
      "x": 15,
      "y": 14,
      "elevation": 3,
      "dest_map": "MAP_POKEMON_MANSION_3F",
      "dest_warp_id": "0"
    },
    {
      "x": 16,
      "y": 14,
      "elevation": 3,
      "dest_map": "MAP_POKEMON_MANSION_3F",
      "dest_warp_id": "0"
    },
    {
      "x": 6,
      "y": 27,
      "elevation": 3,
      "dest_map": "MAP_CINNABAR_ISLAND",
      "dest_warp_id": "0"
    }
  ],
  "coord_events": [

  ],
  "bg_events": [
    {
      "type": "sign",
      "x": 2,
      "y": 5,
      "elevation": 0,
      "player_facing_dir": "BG_EVENT_PLAYER_FACING_NORTH",
      "script": "PokemonMansion_1F_EventScript_Statue"
    },
    {
      "type": "hidden_item",
      "x": 8,
      "y": 16,
      "elevation": 0,
      "item": "ITEM_MOON_STONE",
      "flag": "FLAG_HIDDEN_ITEM_POKEMON_MANSION_1F_MOON_STONE",
      "quantity": 1,
      "underfoot": false
    }
  ]
}
