{
  "id": "MAP_THREE_ISLAND_BERRY_FOREST",
  "name": "ThreeIsland_BerryForest",
  "layout": "LAYOUT_THREE_ISLAND_BERRY_FOREST",
  "music": "MUS_VIRIDIAN_FOREST",
  "region_map_section": "MAPSEC_BERRY_FOREST",
  "requires_flash": false,
  "weather": "WEATHER_SHADE",
  "map_type": "MAP_TYPE_ROUTE",
  "allow_cycling": true,
  "allow_escaping": true,
  "allow_running": true,
  "show_map_name": true,
  "floor_number": 0,
  "battle_scene": "MAP_BATTLE_SCENE_NORMAL",
  "connections": 0,
  "object_events": [
    {
      "type": "object",
      "graphics_id": "OBJ_EVENT_GFX_LITTLE_GIRL",
      "x": 4,
      "y": 8,
      "elevation": 3,
      "movement_type": "MOVEMENT_TYPE_LOOK_AROUND",
      "movement_range_x": 1,
      "movement_range_y": 1,
      "trainer_type": "TRAINER_TYPE_NONE",
      "trainer_sight_or_berry_tree_id": "0",
      "script": "ThreeIsland_BerryForest_EventScript_Lostelle",
      "flag": "FLAG_HIDE_LOSTELLE_IN_BERRY_FOREST"
    }
  ],
  "warp_events": [
    {
      "x": 43,
      "y": 41,
      "elevation": 3,
      "dest_map": "MAP_THREE_ISLAND_BOND_BRIDGE",
      "dest_warp_id": "0"
    },
    {
      "x": 42,
      "y": 41,
      "elevation": 3,
      "dest_map": "MAP_THREE_ISLAND_BOND_BRIDGE",
      "dest_warp_id": "0"
    },
    {
      "x": 44,
      "y": 41,
      "elevation": 3,
      "dest_map": "MAP_THREE_ISLAND_BOND_BRIDGE",
      "dest_warp_id": "1"
    }
  ],
  "coord_events": [

  ],
  "bg_events": [
    {
      "type": "sign",
      "x": 7,
      "y": 27,
      "elevation": 0,
      "player_facing_dir": "BG_EVENT_PLAYER_FACING_ANY",
      "script": "ThreeIsland_BerryForest_EventScript_BewareSign"
    },
    {
      "type": "sign",
      "x": 39,
      "y": 35,
      "elevation": 0,
      "player_facing_dir": "BG_EVENT_PLAYER_FACING_ANY",
      "script": "ThreeIsland_BerryForest_EventScript_WelcomeSign"
    }
  ]
}
