<?xml version="1.0" encoding="UTF-8"?>
<metadata>
  <identifier>manalls-ff1-v3.3-pre-hotfix</identifier>
  <mediatype>software</mediatype>
  <collection>open_source_software</collection>
  <creator>Manall</creator>
  <date>2024-12-30</date>
  <description>&lt;div&gt;This mod brings you a fresh, tougher Final Fantasy with a modernized feel and greater depth. I want you to immerse in nostalgia, while falling in love with something brand new! It's the same story and world with countless creative changes and optimizations, including an addictive new combat system. Above all, it still feels like FF1.&lt;/div&gt;&lt;div&gt;&lt;br /&gt;&lt;/div&gt;&lt;div&gt;Documentation extracted from: &lt;a href="https://docs.google.com/document/d/1o4Urf8oEvdHWqS-1kmBa82wZDskSgPiGnmaadzS40uw/edit?tab=t.0" rel="ugc nofollow"&gt;https://docs.google.com/document/d/1o4Urf8oEvdHWqS-1kmBa82wZDskSgPiGnmaadzS40uw/edit?tab=t.0&lt;/a&gt;&lt;/div&gt;&lt;div&gt;&lt;br /&gt;&lt;/div&gt;&lt;div&gt;Downloaded from: &lt;a href="https://manallsmods.net/mods/" rel="ugc nofollow"&gt;https://manallsmods.net/mods/&lt;/a&gt;&lt;br /&gt;&lt;/div&gt;</description>
  <language>eng</language>
  <scanner>Internet Archive HTML5 Uploader 1.7.0</scanner>
  <subject>FF1; Final Fantasy 1; NES; Romhack</subject>
  <title>Manall's FF1 v3.3 (pre hotfix)</title>
  <uploader>maximdrac@gmail.com</uploader>
  <publicdate>2025-02-13 19:45:58</publicdate>
  <addeddate>2025-02-13 19:45:58</addeddate>
  <curation>[curator]validator@archive.org[/curator][date]20250213195123[/date][comment]checked for malware[/comment]</curation>
  <ocr>tesseract 5.3.0-6-g76ae</ocr>
  <ocr_parameters>-l eng</ocr_parameters>
  <ocr_module_version>0.0.21</ocr_module_version>
  <ocr_detected_script>Latin</ocr_detected_script>
  <ocr_detected_script_conf>1.0000</ocr_detected_script_conf>
  <ocr_detected_lang>en</ocr_detected_lang>
  <ocr_detected_lang_conf>1.0000</ocr_detected_lang_conf>
  <page_number_confidence>0</page_number_confidence>
  <page_number_module_version>1.0.5</page_number_module_version>
</metadata>
