<?xml version="1.0" encoding="UTF-8"?>
<files>
  <file name="Manalls FF1 v3.3 (pre hotfix).zip" source="original">
    <mtime>1739475931</mtime>
    <size>2423570</size>
    <md5>44f7956f00e78ecf4577bf2c0e0484f1</md5>
    <crc32>2cd16b90</crc32>
    <sha1>fcbfe32a29f3c0b56b14357fd57ef210f77a2667</sha1>
    <format>ZIP</format>
    <filecount>76</filecount>
    <viruscheck>1739476283</viruscheck>
  </file>
  <file name="[Manall's FF1 Documentation].docx" source="original">
    <mtime>1739489684</mtime>
    <size>2734565</size>
    <md5>1f9c6b48ca5bd97e1c1d7a1191ab2ce4</md5>
    <crc32>1a53abe5</crc32>
    <sha1>523c6f6838aa65ce582f11871674be0f967a5027</sha1>
    <format>Word Document</format>
    <viruscheck>1739490057</viruscheck>
  </file>
  <file name="[Manall's FF1 Documentation].odt" source="original">
    <mtime>1739489692</mtime>
    <size>2710009</size>
    <md5>57bc2b2ddbf96cf94d1a4e1f86a11d05</md5>
    <crc32>26dfeea2</crc32>
    <sha1>83c7d51749f0e5c263c4a3f937ab4b4edad4f062</sha1>
    <format>OpenDocument Text Document</format>
    <viruscheck>1739490057</viruscheck>
  </file>
  <file name="[Manall's FF1 Documentation].pdf" source="original">
    <mtime>1739489697</mtime>
    <size>1806653</size>
    <md5>e447a55963af047376d03edaa3a5bc9d</md5>
    <crc32>7b5a845f</crc32>
    <sha1>a3264e18d4b1323fe6d68340bbf1bd5f92f49b3b</sha1>
    <format>Text PDF</format>
    <viruscheck>1739490057</viruscheck>
  </file>
  <file name="[Manall's FF1 Documentation]_chocr.html.gz" source="derivative">
    <ocr>tesseract 5.3.0-6-g76ae</ocr>
    <ocr_parameters>lang-eng;two-pass-disabled;pass-dpi-disabled;autonomous-mode-disabled;binarisation-method-otsu</ocr_parameters>
    <ocr_module_version>0.0.21</ocr_module_version>
    <ocr_detected_script>Latin</ocr_detected_script>
    <ocr_detected_script_conf>1.0000</ocr_detected_script_conf>
    <ocr_detected_lang>en</ocr_detected_lang>
    <ocr_detected_lang_conf>1.0000</ocr_detected_lang_conf>
    <format>chOCR</format>
    <original>[Manall's FF1 Documentation]_jp2.zip</original>
    <mtime>1739490193</mtime>
    <size>236794</size>
    <md5>de9be9dc832af2b5e0e33ae47c61caa7</md5>
    <crc32>a5c03fad</crc32>
    <sha1>fc83ef9f33cd6e1ffc8dc6079d31adcd7eee8a1c</sha1>
  </file>
  <file name="[Manall's FF1 Documentation]_djvu.txt" source="derivative">
    <format>DjVuTXT</format>
    <original>[Manall's FF1 Documentation]_djvu.xml</original>
    <mtime>1739490245</mtime>
    <size>17986</size>
    <md5>106b0951dc3a32d5196a446e9931ab8f</md5>
    <crc32>439e533e</crc32>
    <sha1>20d23ceb7560b1f774d78b6d37b06d78449fb03e</sha1>
  </file>
  <file name="[Manall's FF1 Documentation]_djvu.xml" source="derivative">
    <format>Djvu XML</format>
    <original>[Manall's FF1 Documentation]_hocr.html</original>
    <mtime>1739490216</mtime>
    <size>304736</size>
    <md5>a4a70b5e8e3e69e5f8f6375e82d8b9b9</md5>
    <crc32>4e6b6000</crc32>
    <sha1>33685f63ef6e77688978746e8d98899c8d658895</sha1>
  </file>
  <file name="[Manall's FF1 Documentation]_hocr.html" source="derivative">
    <hocr_char_to_word_module_version>1.3.0</hocr_char_to_word_module_version>
    <hocr_char_to_word_hocr_version>1.1.56</hocr_char_to_word_hocr_version>
    <ocr_parameters>lang-eng;two-pass-disabled;pass-dpi-disabled;autonomous-mode-disabled;binarisation-method-otsu</ocr_parameters>
    <ocr_module_version>0.0.21</ocr_module_version>
    <ocr_detected_script>Latin</ocr_detected_script>
    <ocr_detected_script_conf>1.0000</ocr_detected_script_conf>
    <ocr_detected_lang>en</ocr_detected_lang>
    <ocr_detected_lang_conf>1.0000</ocr_detected_lang_conf>
    <format>hOCR</format>
    <original>[Manall's FF1 Documentation]_chocr.html.gz</original>
    <mtime>1739490208</mtime>
    <size>614659</size>
    <md5>230852997fcaddaebbd4c8afac52da26</md5>
    <crc32>d70beb90</crc32>
    <sha1>e6ee0df4c3d755ea2bf160e09b0afa94d407d82c</sha1>
  </file>
  <file name="[Manall's FF1 Documentation]_hocr_pageindex.json.gz" source="derivative">
    <hocr_pageindex_module_version>1.1.0</hocr_pageindex_module_version>
    <hocr_pageindex_hocr_version>1.1.56</hocr_pageindex_hocr_version>
    <format>OCR Page Index</format>
    <original>[Manall's FF1 Documentation]_hocr.html</original>
    <mtime>1739490221</mtime>
    <size>127</size>
    <md5>99661b8b7f31ec285a53d42ba795f125</md5>
    <crc32>eda0cadb</crc32>
    <sha1>b9e5f5eaaba8d41d55675854e8451993b7c982b0</sha1>
  </file>
  <file name="[Manall's FF1 Documentation]_hocr_searchtext.txt.gz" source="derivative">
    <hocr_fts_text_module_version>1.2.0</hocr_fts_text_module_version>
    <hocr_fts_text_hocr_version>1.1.56</hocr_fts_text_hocr_version>
    <word_conf_0_10>196</word_conf_0_10>
    <word_conf_11_20>102</word_conf_11_20>
    <word_conf_21_30>153</word_conf_21_30>
    <word_conf_31_40>191</word_conf_31_40>
    <word_conf_41_50>157</word_conf_41_50>
    <word_conf_51_60>156</word_conf_51_60>
    <word_conf_61_70>115</word_conf_61_70>
    <word_conf_71_80>140</word_conf_71_80>
    <word_conf_81_90>209</word_conf_81_90>
    <word_conf_91_100>2013</word_conf_91_100>
    <format>OCR Search Text</format>
    <original>[Manall's FF1 Documentation]_hocr.html</original>
    <mtime>1739490233</mtime>
    <size>7584</size>
    <md5>4f42ed36708524ef26cf3f2c2544bbfd</md5>
    <crc32>e80a513b</crc32>
    <sha1>5f1abe4c70541fe5029a198848395d2ff9a69e11</sha1>
  </file>
  <file name="[Manall's FF1 Documentation]_jp2.zip" source="derivative">
    <format>Single Page Processed JP2 ZIP</format>
    <original>[Manall's FF1 Documentation].pdf</original>
    <mtime>1739490095</mtime>
    <size>5973939</size>
    <md5>5c279b1107fbdc9a72e702f6b051ca4b</md5>
    <crc32>e83908d3</crc32>
    <sha1>6ace2b6669d320401c67d2e6d13fbe9638a0f511</sha1>
    <filecount>8</filecount>
  </file>
  <file name="[Manall's FF1 Documentation]_page_numbers.json" source="derivative">
    <hocr_pagenumber_module_version>1.0.5</hocr_pagenumber_module_version>
    <hocr_pagenumber_hocr_version>1.1.54</hocr_pagenumber_hocr_version>
    <hocr_pagenumber_confidence>0</hocr_pagenumber_confidence>
    <format>Page Numbers JSON</format>
    <original>[Manall's FF1 Documentation]_hocr.html</original>
    <mtime>1739490260</mtime>
    <size>1508</size>
    <md5>9ffa7d111e21afb7bead44dd2bfc24cd</md5>
    <crc32>8a0413e6</crc32>
    <sha1>0a22d8e4d5c8d3c6713ab8ded8be3f6005205f6c</sha1>
  </file>
  <file name="[Manall's FF1 Documentation]_scandata.xml" source="derivative">
    <format>Scandata</format>
    <original>[Manall's FF1 Documentation]_djvu.xml</original>
    <mtime>1739490260</mtime>
    <size>2831</size>
    <md5>369d6d602122a4d1092a63419ebaab2d</md5>
    <crc32>08e41730</crc32>
    <sha1>848a300e7cc54d1ad933c0862f65df4809368a26</sha1>
  </file>
  <file name="manalls-ff1-v3.3-pre-hotfix_archive.torrent" source="metadata">
    <btih>1a34922e586d65bfabb78b2398abcfbc9b37f6e1</btih>
    <mtime>1739490294</mtime>
    <size>3261</size>
    <md5>8d3fdd57664572487502da66716b3ba4</md5>
    <crc32>a0f975d3</crc32>
    <sha1>b921efbced7b67dbe45218bce574c54115f36c1e</sha1>
    <format>Archive BitTorrent</format>
  </file>
  <file name="manalls-ff1-v3.3-pre-hotfix_files.xml" source="original">
    <format>Metadata</format>
    <md5>25274c361a2e1e14bb8e8d0561204fe1</md5>
    <summation>md5</summation>
  </file>
  <file name="manalls-ff1-v3.3-pre-hotfix_meta.sqlite" source="original">
    <mtime>1739489702</mtime>
    <size>28672</size>
    <md5>2a4ac580fcc23209bd0e864b4aba16b3</md5>
    <crc32>6d0e2279</crc32>
    <sha1>6b817d3a184a03a7ce6ba196ae2e0d732a4502f4</sha1>
    <format>Metadata</format>
  </file>
  <file name="manalls-ff1-v3.3-pre-hotfix_meta.xml" source="original">
    <mtime>1739490293</mtime>
    <size>2066</size>
    <md5>a1c7f539735a0d31f0eccae5ba04251f</md5>
    <crc32>bc18a34a</crc32>
    <sha1>6e5c2635ea94d57ff3ac14fe7a0dde300e48392a</sha1>
    <format>Metadata</format>
  </file>
</files>
