{
  "id": "MAP_ROUTE12",
  "name": "Route12",
  "layout": "LAYOUT_ROUTE12",
  "music": "MUS_ROUTE_5_6",
  "region_map_section": "MAPSEC_ROUTE_12",
  "requires_flash": false,
  "weather": "WEATHER_RAIN",
  "map_type": "MAP_TYPE_ROUTE",
  "allow_cycling": false,
  "allow_escaping": false,
  "allow_running": true,
  "show_map_name": true,
  "battle_scene": "MAP_BATTLE_SCENE_NORMAL",
  "connections": 0,
  "object_events": [

  ],
  "warp_events": [

  ],
  "coord_events": [

  ],
  "bg_events": [

  ]
}
