<?xml version="1.0" encoding="UTF-8"?>
<iso_project image_name="TGM_PSX.bin" cue_sheet="TGM_PSX.cue" no_xa="0">
	<track type="data">
		<identifiers
			system			="PLAYSTATION"
			application		="PLAYSTATION"
			volume			="TGM_PSX"
			volume_set		="TGM_PSX"
			publisher		="115"
			data_preparer	="MKPSXISO"
			copyright		="115"
		/>
		
		<license file="LICENSEA.DAT"/>
		<directory_tree srcdir="TGM_ROM_DATA">
			<file name="SYSTEM.CNF" type="data" />
			<file name="MAIN.EXE"   type="data" />
			<file name="PLYD00.HEX" type="data" />
			<file name="PLYD01.HEX" type="data" />
			<file name="PLYD02.HEX" type="data" />
			<file name="PLYD03.HEX" type="data" />
			<file name="PLYDXX.HEX" type="data" />
			<file name="PLYDXXX.HEX" type="data" />
			<file name="MAP00.DAT" type="data" />
			<file name="MAP01.DAT" type="data" />
			<file name="MAP02.DAT" type="data" />
			<file name="MAPXX.DAT" type="data" />
			<dir name="TIM" srcdir="TGM_ROM_DATA/TIM">
				<file name="PLYDEMO.TIM" type="data" />
				<file name="SOUSA.TIM" type="data" />
				<file name="MOJI12X.TIM" type="data" />
				<file name="BLOK.TIM" type="data" />
				<file name="SNOW.TIM" type="data" />
				<file name="SPIRAL.TIM" type="data" />
				<file name="COL.TIM" type="data" />
				<file name="STAFF.TIM" type="data" />
				<file name="T_FONT1.TIM" type="data" />
				<file name="T_FONT2.TIM" type="data" />
				<file name="T_FONT3.TIM" type="data" />
				<file name="LOGOS.TIM" type="data" />
				<file name="Q.TIM" type="data" />
				<file name="T_ROGO5.TIM" type="data" />
				<file name="T_ROGO6.TIM" type="data" />
				<file name="T_ROGO8.TIM" type="data" />
				<file name="FBI.TIM" type="data" />
				<file name="TBG00.TIM" type="data" />
				<file name="TBG01.TIM" type="data" />
				<file name="TBG02.TIM" type="data" />
				<file name="TBG03.TIM" type="data" />
				<file name="TBG04.TIM" type="data" />
				<file name="TBG05.TIM" type="data" />
				<file name="TBG06.TIM" type="data" />
				<file name="TBG07.TIM" type="data" />
				<file name="TBG08.TIM" type="data" />
				<file name="TBG09.TIM" type="data" />
			</dir>
		</directory_tree>
	</track>
</iso_project>
