{
  "id": "MAP_POKEMON_TOWER_2F",
  "name": "PokemonTower_2F",
  "layout": "LAYOUT_POKEMON_TOWER_2F",
  "music": "MUS_POKE_TOWER",
  "region_map_section": "MAPSEC_POKEMON_TOWER",
  "requires_flash": false,
  "weather": "WEATHER_NONE",
  "map_type": "MAP_TYPE_INDOOR",
  "allow_cycling": false,
  "allow_escaping": true,
  "allow_running": false,
  "show_map_name": true,
  "floor_number": 0,
  "battle_scene": "MAP_BATTLE_SCENE_INDOOR_1",
  "connections": 0,
  "object_events": [
    {
      "type": "object",
      "graphics_id": "OBJ_EVENT_GFX_BLUE",
      "x": 12,
      "y": 5,
      "elevation": 3,
      "movement_type": "MOVEMENT_TYPE_FACE_UP",
      "movement_range_x": 1,
      "movement_range_y": 1,
      "trainer_type": "TRAINER_TYPE_NONE",
      "trainer_sight_or_berry_tree_id": "0",
      "script": "0x0",
      "flag": "FLAG_HIDE_TOWER_RIVAL",
      "in_connection": false
    },
    {
      "type": "object",
      "graphics_id": "OBJ_EVENT_GFX_CHANNELER",
      "x": 1,
      "y": 7,
      "elevation": 0,
      "movement_type": "MOVEMENT_TYPE_FACE_RIGHT",
      "movement_range_x": 1,
      "movement_range_y": 1,
      "trainer_type": "TRAINER_TYPE_NONE",
      "trainer_sight_or_berry_tree_id": "0",
      "script": "PokemonTower_2F_EventScript_Channeler",
      "flag": "0",
      "in_connection": false
    }
  ],
  "warp_events": [
    {
      "x": 1,
      "y": 9,
      "elevation": 3,
      "dest_map": "MAP_POKEMON_TOWER_3F",
      "dest_warp_id": "0"
    },
    {
      "x": 16,
      "y": 9,
      "elevation": 3,
      "dest_map": "MAP_POKEMON_TOWER_1F",
      "dest_warp_id": "2"
    }
  ],
  "coord_events": [
    {
      "type": "trigger",
      "x": 13,
      "y": 5,
      "elevation": 3,
      "var": "VAR_MAP_SCENE_POKEMON_TOWER_2F",
      "var_value": "0",
      "script": "PokemonTower_2F_EventScript_RivalTriggerRight"
    },
    {
      "type": "trigger",
      "x": 12,
      "y": 6,
      "elevation": 3,
      "var": "VAR_MAP_SCENE_POKEMON_TOWER_2F",
      "var_value": "0",
      "script": "PokemonTower_2F_EventScript_RivalTriggerDown"
    }
  ],
  "bg_events": [

  ]
}
