{
  "id": "MAP_LAVERIA_CITY",
  "name": "LaveriaCity",
  "layout": "LAYOUT_LAVERIA_CITY",
  "music": "MUS_LAVERIA_CITY",
  "region_map_section": "MAPSEC_LAVERIA_CITY",
  "requires_flash": false,
  "weather": "WEATHER_SNOW",
  "map_type": "MAP_TYPE_CITY",
  "allow_cycling": true,
  "allow_escaping": false,
  "allow_running": true,
  "show_map_name": true,
  "battle_scene": "MAP_BATTLE_SCENE_SNOW",
  "connections": 0,
  "object_events": [
    {
      "graphics_id": "OBJ_EVENT_GFX_BURIED_ITEM_BALL",
      "x": 52,
      "y": 19,
      "elevation": 3,
      "movement_type": "MOVEMENT_TYPE_NONE",
      "movement_range_x": 0,
      "movement_range_y": 0,
      "trainer_type": "TRAINER_TYPE_NONE",
      "trainer_sight_or_berry_tree_id": "0",
      "script": "LaveriaCity_EventScript_ItemNugget",
      "flag": "FLAG_ITEM_LAVERIA_CITY_NUGGET"
    },
    {
      "graphics_id": "OBJ_EVENT_GFX_KOJIRO",
      "x": 52,
      "y": 12,
      "elevation": 3,
      "movement_type": "MOVEMENT_TYPE_FACE_RIGHT",
      "movement_range_x": 0,
      "movement_range_y": 0,
      "trainer_type": "TRAINER_TYPE_NONE",
      "trainer_sight_or_berry_tree_id": "0",
      "script": "NULL",
      "flag": "FLAG_HIDE_LAVERIA_CITY_KOJIRO"
    },
    {
      "graphics_id": "OBJ_EVENT_GFX_SAILOR",
      "x": 38,
      "y": 14,
      "elevation": 3,
      "movement_type": "MOVEMENT_TYPE_FACE_RIGHT",
      "movement_range_x": 0,
      "movement_range_y": 0,
      "trainer_type": "TRAINER_TYPE_NONE",
      "trainer_sight_or_berry_tree_id": "0",
      "script": "LaveriaCity_SailorTwo",
      "flag": "FLAG_HIDE_LAVERIA_CITY_SAILOR_BOAT_ISLAND"
    },
    {
      "graphics_id": "OBJ_EVENT_GFX_MR_BRINEYS_BOAT",
      "x": 39,
      "y": 16,
      "elevation": 3,
      "movement_type": "MOVEMENT_TYPE_FACE_UP",
      "movement_range_x": 0,
      "movement_range_y": 0,
      "trainer_type": "TRAINER_TYPE_NONE",
      "trainer_sight_or_berry_tree_id": "0",
      "script": "NULL",
      "flag": "FLAG_HIDE_LAVERIA_CITY_SAILOR_BOAT_ISLAND"
    },
    {
      "graphics_id": "OBJ_EVENT_GFX_MR_BRINEYS_BOAT",
      "x": 41,
      "y": 43,
      "elevation": 3,
      "movement_type": "MOVEMENT_TYPE_NONE",
      "movement_range_x": 0,
      "movement_range_y": 0,
      "trainer_type": "TRAINER_TYPE_NONE",
      "trainer_sight_or_berry_tree_id": "0",
      "script": "NULL",
      "flag": "FLAG_HIDE_LAVERIA_CITY_BOAT_1"
    },
    {
      "graphics_id": "OBJ_EVENT_GFX_SAILOR",
      "x": 40,
      "y": 43,
      "elevation": 3,
      "movement_type": "MOVEMENT_TYPE_NONE",
      "movement_range_x": 0,
      "movement_range_y": 0,
      "trainer_type": "TRAINER_TYPE_NONE",
      "trainer_sight_or_berry_tree_id": "0",
      "script": "LaveriaCity_Sailor",
      "flag": "FLAG_HIDE_LAVERIA_CITY_SAILOR_1"
    },
    {
      "graphics_id": "OBJ_EVENT_GFX_GIRL_2",
      "x": 38,
      "y": 38,
      "elevation": 3,
      "movement_type": "MOVEMENT_TYPE_FACE_DOWN_AND_RIGHT",
      "movement_range_x": 0,
      "movement_range_y": 0,
      "trainer_type": "TRAINER_TYPE_NONE",
      "trainer_sight_or_berry_tree_id": "0",
      "script": "LaveriaCity_Big_Sister",
      "flag": "0"
    },
    {
      "graphics_id": "OBJ_EVENT_GFX_LITTLE_BOY",
      "x": 39,
      "y": 38,
      "elevation": 3,
      "movement_type": "MOVEMENT_TYPE_FACE_DOWN_AND_LEFT",
      "movement_range_x": 0,
      "movement_range_y": 0,
      "trainer_type": "TRAINER_TYPE_NONE",
      "trainer_sight_or_berry_tree_id": "0",
      "script": "LaveriaCity_Little_Boy",
      "flag": "0"
    },
    {
      "graphics_id": "OBJ_EVENT_GFX_EXPERT_M",
      "x": 9,
      "y": 30,
      "elevation": 3,
      "movement_type": "MOVEMENT_TYPE_NONE",
      "movement_range_x": 0,
      "movement_range_y": 0,
      "trainer_type": "TRAINER_TYPE_NONE",
      "trainer_sight_or_berry_tree_id": "0",
      "script": "LaveriaCity_Old_Man",
      "flag": "0"
    },
    {
      "graphics_id": "OBJ_EVENT_GFX_BOY_1",
      "x": 7,
      "y": 35,
      "elevation": 3,
      "movement_type": "MOVEMENT_TYPE_NONE",
      "movement_range_x": 0,
      "movement_range_y": 0,
      "trainer_type": "TRAINER_TYPE_NONE",
      "trainer_sight_or_berry_tree_id": "0",
      "script": "LaveriaCity_Boy_1",
      "flag": "0"
    },
    {
      "graphics_id": "OBJ_EVENT_GFX_MAN_1",
      "x": 11,
      "y": 42,
      "elevation": 3,
      "movement_type": "MOVEMENT_TYPE_FACE_LEFT",
      "movement_range_x": 0,
      "movement_range_y": 0,
      "trainer_type": "TRAINER_TYPE_NONE",
      "trainer_sight_or_berry_tree_id": "0",
      "script": "LaveriaCity_Man",
      "flag": "0"
    },
    {
      "graphics_id": "OBJ_EVENT_GFX_BURIED_ITEM_BALL",
      "x": 7,
      "y": 38,
      "elevation": 3,
      "movement_type": "MOVEMENT_TYPE_NONE",
      "movement_range_x": 0,
      "movement_range_y": 0,
      "trainer_type": "TRAINER_TYPE_NONE",
      "trainer_sight_or_berry_tree_id": "0",
      "script": "NULL",
      "flag": "0"
    },
    {
      "graphics_id": "OBJ_EVENT_GFX_BOY_2",
      "x": 23,
      "y": 42,
      "elevation": 3,
      "movement_type": "MOVEMENT_TYPE_WANDER_LEFT_AND_RIGHT",
      "movement_range_x": 0,
      "movement_range_y": 0,
      "trainer_type": "TRAINER_TYPE_NONE",
      "trainer_sight_or_berry_tree_id": "0",
      "script": "LaveriaCity_Boy_2",
      "flag": "0"
    },
    {
      "graphics_id": "OBJ_EVENT_GFX_POKEFAN_F",
      "x": 15,
      "y": 25,
      "elevation": 3,
      "movement_type": "MOVEMENT_TYPE_WANDER_LEFT_AND_RIGHT",
      "movement_range_x": 0,
      "movement_range_y": 0,
      "trainer_type": "TRAINER_TYPE_NONE",
      "trainer_sight_or_berry_tree_id": "0",
      "script": "LaveriaCity_PokeFan",
      "flag": "0"
    },
    {
      "graphics_id": "OBJ_EVENT_GFX_DELIBIRD",
      "x": 27,
      "y": 37,
      "elevation": 0,
      "movement_type": "MOVEMENT_TYPE_NONE",
      "movement_range_x": 0,
      "movement_range_y": 0,
      "trainer_type": "TRAINER_TYPE_NONE",
      "trainer_sight_or_berry_tree_id": "0",
      "script": "NULL",
      "flag": "0"
    },
    {
      "graphics_id": "OBJ_EVENT_GFX_MAN_3",
      "x": 27,
      "y": 29,
      "elevation": 0,
      "movement_type": "MOVEMENT_TYPE_WANDER_AROUND",
      "movement_range_x": 0,
      "movement_range_y": 0,
      "trainer_type": "TRAINER_TYPE_NONE",
      "trainer_sight_or_berry_tree_id": "0",
      "script": "LaveriaCity_Man2",
      "flag": "0"
    },
    {
      "graphics_id": "OBJ_EVENT_GFX_ITEM_BALL",
      "x": 49,
      "y": 25,
      "elevation": 0,
      "movement_type": "MOVEMENT_TYPE_NONE",
      "movement_range_x": 0,
      "movement_range_y": 0,
      "trainer_type": "TRAINER_TYPE_NONE",
      "trainer_sight_or_berry_tree_id": "0",
      "script": "NULL",
      "flag": "0"
    },
    {
      "graphics_id": "OBJ_EVENT_GFX_BURIED_ITEM_BALL",
      "x": 8,
      "y": 19,
      "elevation": 0,
      "movement_type": "MOVEMENT_TYPE_NONE",
      "movement_range_x": 0,
      "movement_range_y": 0,
      "trainer_type": "TRAINER_TYPE_NONE",
      "trainer_sight_or_berry_tree_id": "0",
      "script": "NULL",
      "flag": "0"
    },
    {
      "graphics_id": "OBJ_EVENT_GFX_SAILOR",
      "x": 39,
      "y": 15,
      "elevation": 0,
      "movement_type": "MOVEMENT_TYPE_FACE_UP",
      "movement_range_x": 0,
      "movement_range_y": 0,
      "trainer_type": "TRAINER_TYPE_NONE",
      "trainer_sight_or_berry_tree_id": "0",
      "script": "NULL",
      "flag": "FLAG_HIDE_LAVERIA_CITY_SAILOR_3"
    },
    {
      "graphics_id": "OBJ_EVENT_GFX_WINGULL_OW",
      "x": 52,
      "y": 26,
      "elevation": 4,
      "movement_type": "MOVEMENT_TYPE_WALK_SEQUENCE_DOWN_LEFT_RIGHT_UP",
      "movement_range_x": 9,
      "movement_range_y": 2,
      "trainer_type": "TRAINER_TYPE_NONE",
      "trainer_sight_or_berry_tree_id": "0",
      "script": "NULL",
      "flag": "0"
    }
  ],
  "warp_events": [
    {
      "x": 26,
      "y": 40,
      "elevation": 3,
      "dest_map": "MAP_LAVERIA_CITY_POKEMON_CENTER_1F",
      "dest_warp_id": "0"
    },
    {
      "x": 56,
      "y": 39,
      "elevation": 3,
      "dest_map": "MAP_ROCKFALL_CAVE_1F",
      "dest_warp_id": "9"
    },
    {
      "x": 11,
      "y": 39,
      "elevation": 3,
      "dest_map": "MAP_LAVERIA_CITY_HOUSE1",
      "dest_warp_id": "1"
    },
    {
      "x": 32,
      "y": 27,
      "elevation": 3,
      "dest_map": "MAP_LAVERIA_CITY_HOUSE2",
      "dest_warp_id": "0"
    },
    {
      "x": 13,
      "y": 20,
      "elevation": 3,
      "dest_map": "MAP_LAVERIA_CITY_MART",
      "dest_warp_id": "0"
    },
    {
      "x": 29,
      "y": 49,
      "elevation": 3,
      "dest_map": "MAP_LAVERIA_CITY_INTERLINK",
      "dest_warp_id": "0"
    },
    {
      "x": 30,
      "y": 49,
      "elevation": 3,
      "dest_map": "MAP_LAVERIA_CITY_INTERLINK",
      "dest_warp_id": "1"
    },
    {
      "x": 7,
      "y": 24,
      "elevation": 3,
      "dest_map": "MAP_LAVERIA_CITY_INTERLINK",
      "dest_warp_id": "4"
    },
    {
      "x": 7,
      "y": 25,
      "elevation": 3,
      "dest_map": "MAP_LAVERIA_CITY_INTERLINK",
      "dest_warp_id": "5"
    },
    {
      "x": 7,
      "y": 26,
      "elevation": 3,
      "dest_map": "MAP_LAVERIA_CITY_INTERLINK",
      "dest_warp_id": "6"
    },
    {
      "x": 36,
      "y": 36,
      "elevation": 0,
      "dest_map": "MAP_LAVERIA_CITY_HOUSE3",
      "dest_warp_id": "0"
    },
    {
      "x": 20,
      "y": 38,
      "elevation": 0,
      "dest_map": "MAP_LAVERIA_CITY_HOUSE4",
      "dest_warp_id": "0"
    }
  ],
  "coord_events": [
    {
      "type": "trigger",
      "x": 47,
      "y": 12,
      "elevation": 0,
      "var": "VAR_STORYLINE_STATE",
      "var_value": "22",
      "script": "LaveriaCity_Kojiro"
    },
    {
      "type": "trigger",
      "x": 47,
      "y": 13,
      "elevation": 0,
      "var": "VAR_STORYLINE_STATE",
      "var_value": "22",
      "script": "LaveriaCity_Kojiro"
    }
  ],
  "bg_events": [
    {
      "type": "hidden_item",
      "x": 13,
      "y": 47,
      "elevation": 3,
      "item": "ITEM_ETHER",
      "flag": "FLAG_HIDDEN_ITEM_LAVERIA_CITY_ETHER"
    },
    {
      "type": "sign",
      "x": 33,
      "y": 44,
      "elevation": 0,
      "player_facing_dir": "BG_EVENT_PLAYER_FACING_ANY",
      "script": "LaveriaCity_Sign"
    },
    {
      "type": "sign",
      "x": 34,
      "y": 44,
      "elevation": 0,
      "player_facing_dir": "BG_EVENT_PLAYER_FACING_ANY",
      "script": "LaveriaCity_Sign"
    },
    {
      "type": "sign",
      "x": 11,
      "y": 23,
      "elevation": 0,
      "player_facing_dir": "BG_EVENT_PLAYER_FACING_ANY",
      "script": "LaveriaCity_Sign_Route"
    },
    {
      "type": "sign",
      "x": 10,
      "y": 23,
      "elevation": 0,
      "player_facing_dir": "BG_EVENT_PLAYER_FACING_ANY",
      "script": "LaveriaCity_Sign_Route"
    },
    {
      "type": "hidden_item",
      "x": 18,
      "y": 48,
      "elevation": 0,
      "item": "ITEM_FULL_HEAL",
      "flag": "FLAG_HIDDEN_ITEM_ROUTE_109_ETHER"
    }
  ]
}
