[
  {
    "Key": "Summon Spirit",
    "Value": {
      "ManaCost": "0xb5260",
      "Element": "0xb526a",
      "Attack": "0xb526c"
    }
  },
  {
    "Key": "Hellfire",
    "Value": {
      "ManaCost": "0xb527c",
      "Element": "0xb5286",
      "Attack": "0xb5288"
    }
  },
  {
    "Key": "Tetra Spirit",
    "Value": {
      "ManaCost": "0xb5298",
      "Element": "0xb52a2",
      "Attack": "0xb52a4"
    }
  },
  {
    "Key": "Dark Metamorphosis",
    "Value": {
      "ManaCost": "0xb52b4",
      "Element": "0xb52be",
      "Attack": "0xb52c0"
    }
  },
  {
    "Key": "Soul Steal",
    "Value": {
      "ManaCost": "0xb52d0",
      "Element": "0xb52da",
      "Attack": "0xb52dc"
    }
  },
  {
    "Key": "Wing Smash",
    "Value": {
      "ManaCost": "0xb52ec",
      "Element": "0xb52f6",
      "Attack": "0xb52f8"
    }
  },
  {
    "Key": "Sword Brothers",
    "Value": {
      "ManaCost": "0xb5308",
      "Element": "0xb5312",
      "Attack": "0xb5314"
    }
  },
  {
    "Key": "Fire of Bat",
    "Value": {
      "ManaCost": "0xb5340",
      "Element": "0xb534a",
      "Attack": "0xb534c"
    }
  },
  {
    "Key": "Force of Echo",
    "Value": {
      "ManaCost": "0xb535c",
      "Element": "0xb5366",
      "Attack": "0xb5368"
    }
  },
  {
    "Key": "Wolf Dash Bite",
    "Value": {
      "ManaCost": "0xb5378",
      "Element": "0xb5382",
      "Attack": "0xb5384"
    }
  },
  {
    "Key": "Gas Cloud",
    "Value": {
      "ManaCost": "0xb5394",
      "Element": "0xb539e",
      "Attack": "0xb53a0"
    }
  },
  {
    "Key": "Wolf Dash",
    "Value": {
      "ManaCost": "0xb53b0",
      "Element": "0xb53ba",
      "Attack": "0xb53bc"
    }
  },
  {
    "Key": "Wolf Bite",
    "Value": {
      "ManaCost": "0xb53cc",
      "Element": "0xb53d6",
      "Attack": "0xb53d8"
    }
  },
  {
    "Key": "Bat Familiar",
    "Value": {
      "ManaCost": "0xb53e8",
      "Element": "0xb53f2",
      "Attack": "0xb53f4"
    }
  },
  {
    "Key": "Bat Familiar Fire",
    "Value": {
      "ManaCost": "0xb5404",
      "Element": "0xb540e",
      "Attack": "0xb5410"
    }
  },
  {
    "Key": "Ghost Familiar",
    "Value": {
      "ManaCost": "0xb5420",
      "Element": "0xb542a",
      "Attack": "0xb542c"
    }
  },
  {
    "Key": "Ghost Familiar",
    "Value": {
      "ManaCost": "0xb543c",
      "Element": "0xb5446",
      "Attack": "0xb5448"
    }
  },
  {
    "Key": "Sword Familiar",
    "Value": {
      "ManaCost": "0xb5458",
      "Element": "0xb5462",
      "Attack": "0xb5464"
    }
  },
  {
    "Key": "Sword Familiar",
    "Value": {
      "ManaCost": "0xb5474",
      "Element": "0xb547e",
      "Attack": "0xb5480"
    }
  },
  {
    "Key": "Sword Familiar",
    "Value": {
      "ManaCost": "0xb5490",
      "Element": "0xb549a",
      "Attack": "0xb549c"
    }
  },
  {
    "Key": "Devil Familiar",
    "Value": {
      "ManaCost": "0xb54ac",
      "Element": "0xb54b6",
      "Attack": "0xb54b8"
    }
  },
  {
    "Key": "Devil Familiar",
    "Value": {
      "ManaCost": "0xb54c8",
      "Element": "0xb54d2",
      "Attack": "0xb54d4"
    }
  },
  {
    "Key": "Devil Familiar Fire",
    "Value": {
      "ManaCost": "0xb54e4",
      "Element": "0xb54ee",
      "Attack": "0xb54f0"
    }
  },
  {
    "Key": "Devil Familiar Ice",
    "Value": {
      "ManaCost": "0xb5500",
      "Element": "0xb550a",
      "Attack": "0xb550c"
    }
  },
  {
    "Key": "Devil Familiar Thunder",
    "Value": {
      "ManaCost": "0xb551c",
      "Element": "0xb5526",
      "Attack": "0xb5528"
    }
  },
  {
    "Key": "Devil Familiar Super Thunder",
    "Value": {
      "ManaCost": "0xb5538",
      "Element": "0xb5542",
      "Attack": "0xb5544"
    }
  }
]