{
  "id": "MAP_HIGHWIND_VILLAGE",
  "name": "HighwindVillage",
  "layout": "LAYOUT_HIGHWIND_VILLAGE",
  "music": "MUS_HIGHWIND_VILLAGE",
  "region_map_section": "MAPSEC_HIGHWIND_VILLAGE",
  "requires_flash": false,
  "weather": "WEATHER_SNOW",
  "map_type": "MAP_TYPE_TOWN",
  "allow_cycling": true,
  "allow_escaping": false,
  "allow_running": true,
  "show_map_name": true,
  "battle_scene": "MAP_BATTLE_SCENE_SNOW",
  "connections": 0,
  "object_events": [
    {
      "graphics_id": "OBJ_EVENT_GFX_BURIED_ITEM_BALL",
      "x": 19,
      "y": 38,
      "elevation": 3,
      "movement_type": "MOVEMENT_TYPE_NONE",
      "movement_range_x": 0,
      "movement_range_y": 0,
      "trainer_type": "TRAINER_TYPE_NONE",
      "trainer_sight_or_berry_tree_id": "0",
      "script": "HighwindVillage_EventScript_ItemSodaPop",
      "flag": "FLAG_ITEM_HIGHWIND_VILLAGE_SODA_POP"
    },
    {
      "graphics_id": "OBJ_EVENT_GFX_EXPERT_F",
      "x": 20,
      "y": 26,
      "elevation": 3,
      "movement_type": "MOVEMENT_TYPE_WANDER_AROUND",
      "movement_range_x": 0,
      "movement_range_y": 0,
      "trainer_type": "TRAINER_TYPE_NONE",
      "trainer_sight_or_berry_tree_id": "0",
      "script": "HighwindVillage_Grandma",
      "flag": "0"
    },
    {
      "graphics_id": "OBJ_EVENT_GFX_LITTLE_BOY",
      "x": 14,
      "y": 25,
      "elevation": 3,
      "movement_type": "MOVEMENT_TYPE_WALK_SEQUENCE_UP_LEFT_DOWN_RIGHT",
      "movement_range_x": 2,
      "movement_range_y": 2,
      "trainer_type": "TRAINER_TYPE_NONE",
      "trainer_sight_or_berry_tree_id": "0",
      "script": "HighwindVillage_Little_Boy",
      "flag": "0"
    },
    {
      "graphics_id": "OBJ_EVENT_GFX_MUDKIP_OW",
      "x": 17,
      "y": 13,
      "elevation": 3,
      "movement_type": "MOVEMENT_TYPE_NONE",
      "movement_range_x": 0,
      "movement_range_y": 0,
      "trainer_type": "TRAINER_TYPE_NONE",
      "trainer_sight_or_berry_tree_id": "0",
      "script": "NULL",
      "flag": "FLAG_HIDE_HIGHWIND_VILLAGE_DAZ_MUDKIP"
    },
    {
      "graphics_id": "OBJ_EVENT_GFX_ANABEL",
      "x": 17,
      "y": 14,
      "elevation": 3,
      "movement_type": "MOVEMENT_TYPE_NONE",
      "movement_range_x": 0,
      "movement_range_y": 0,
      "trainer_type": "TRAINER_TYPE_NONE",
      "trainer_sight_or_berry_tree_id": "0",
      "script": "NULL",
      "flag": "FLAG_HIDE_HIGHWIND_VILLAGE_DAZ_MUDKIP"
    },
    {
      "graphics_id": "OBJ_EVENT_GFX_SNORUNT",
      "x": 35,
      "y": 9,
      "elevation": 0,
      "movement_type": "MOVEMENT_TYPE_NONE",
      "movement_range_x": 0,
      "movement_range_y": 0,
      "trainer_type": "TRAINER_TYPE_NONE",
      "trainer_sight_or_berry_tree_id": "0",
      "script": "NULL",
      "flag": "0"
    },
    {
      "graphics_id": "OBJ_EVENT_GFX_SNEASEL",
      "x": 34,
      "y": 31,
      "elevation": 0,
      "movement_type": "MOVEMENT_TYPE_NONE",
      "movement_range_x": 0,
      "movement_range_y": 0,
      "trainer_type": "TRAINER_TYPE_NONE",
      "trainer_sight_or_berry_tree_id": "0",
      "script": "NULL",
      "flag": "0"
    },
    {
      "graphics_id": "OBJ_EVENT_GFX_HOOTHOOT",
      "x": 36,
      "y": 20,
      "elevation": 0,
      "movement_type": "MOVEMENT_TYPE_NONE",
      "movement_range_x": 0,
      "movement_range_y": 0,
      "trainer_type": "TRAINER_TYPE_NONE",
      "trainer_sight_or_berry_tree_id": "0",
      "script": "NULL",
      "flag": "0"
    }
  ],
  "warp_events": [
    {
      "x": 28,
      "y": 28,
      "elevation": 3,
      "dest_map": "MAP_HIGHWIND_VILLAGE_POKEMON_CENTER_1F",
      "dest_warp_id": "1"
    },
    {
      "x": 20,
      "y": 23,
      "elevation": 3,
      "dest_map": "MAP_HIGHWIND_VILLAGE_HOUSE1",
      "dest_warp_id": "0"
    },
    {
      "x": 14,
      "y": 29,
      "elevation": 3,
      "dest_map": "MAP_HIGHWIND_VILLAGE_MART",
      "dest_warp_id": "0"
    },
    {
      "x": 12,
      "y": 21,
      "elevation": 3,
      "dest_map": "MAP_HIGHWIND_VILLAGE_HOUSE2",
      "dest_warp_id": "1"
    },
    {
      "x": 29,
      "y": 8,
      "elevation": 3,
      "dest_map": "MAP_HIGHWIND_VILLAGE_RANGERS_LODGE",
      "dest_warp_id": "0"
    },
    {
      "x": 29,
      "y": 21,
      "elevation": 3,
      "dest_map": "MAP_TAMAROK_TUNNELS",
      "dest_warp_id": "4"
    },
    {
      "x": 16,
      "y": 12,
      "elevation": 3,
      "dest_map": "MAP_SNOWDRIFT_FOREST",
      "dest_warp_id": "0"
    },
    {
      "x": 17,
      "y": 12,
      "elevation": 3,
      "dest_map": "MAP_SNOWDRIFT_FOREST",
      "dest_warp_id": "1"
    }
  ],
  "coord_events": [
    {
      "type": "trigger",
      "x": 16,
      "y": 20,
      "elevation": 0,
      "var": "VAR_STORYLINE_STATE",
      "var_value": "24",
      "script": "HighwindVillage_Daz"
    },
    {
      "type": "trigger",
      "x": 17,
      "y": 20,
      "elevation": 0,
      "var": "VAR_STORYLINE_STATE",
      "var_value": "24",
      "script": "HighwindVillage_Daz"
    }
  ],
  "bg_events": [
    {
      "type": "sign",
      "x": 25,
      "y": 28,
      "elevation": 0,
      "player_facing_dir": "BG_EVENT_PLAYER_FACING_ANY",
      "script": "HighwindVillage_Sign"
    },
    {
      "type": "sign",
      "x": 11,
      "y": 22,
      "elevation": 0,
      "player_facing_dir": "BG_EVENT_PLAYER_FACING_ANY",
      "script": "ChandraVillage_Letterbox"
    },
    {
      "type": "sign",
      "x": 27,
      "y": 9,
      "elevation": 0,
      "player_facing_dir": "BG_EVENT_PLAYER_FACING_ANY",
      "script": "HighwindVillage_Sign_Rangers_Lodge"
    }
  ]
}
