<?xml version="1.0" encoding="UTF-8"?>
<metadata>
  <identifier>cv2eng-2_12_1_1-ntsc-stm10mwfmFruSp0</identifier>
  <mediatype>data</mediatype>
  <chipset>MMC4</chipset>
  <collection>opensource_media</collection>
  <creator>Bisqwit</creator>
  <date>2022-06-02</date>
  <description>Makes the game a lot better. Apply the IPS patch to the game's ROM.</description>
  <format>IPS</format>
  <language>eng</language>
  <platform>NES</platform>
  <region>NTSC</region>
  <scanner>Internet Archive HTML5 Uploader 1.7.0</scanner>
  <subject>Castlevania</subject>
  <title>Castlevania II Re-translation + Map + SRAM</title>
  <version>2.12.1.1</version>
  <website>https://bisqwit.iki.fi/cv2fin/</website>
  <subject>Castlevania 2</subject>
  <subject>Castlevania II</subject>
  <subject>Konami</subject>
  <subject>Nintendo</subject>
  <subject>NES</subject>
  <subject>ROM hack</subject>
  <subject>ROM hacks</subject>
  <subject>patch</subject>
  <subject>IPS</subject>
  <subject>re-translation</subject>
  <subject>retranslation</subject>
  <subject>map</subject>
  <subject>SRAM</subject>
  <subject>Simon's Quest</subject>
  <subject>translation</subject>
  <uploader>incognitouser82@gmail.com</uploader>
  <publicdate>2025-03-04 07:24:41</publicdate>
  <addeddate>2025-03-04 07:24:41</addeddate>
  <curation>[curator]validator@archive.org[/curator][date]20250304073006[/date][comment]checked for malware[/comment]</curation>
</metadata>
