<?xml version="1.0" encoding="UTF-8"?>
<files>
  <file name="cv2eng-2_12_1_1-ntsc-stm10mwfmFruSp0.ips" source="original">
    <mtime>1741073065</mtime>
    <size>110144</size>
    <md5>6be29611665dcd6b4c8c192f3b5dc6b0</md5>
    <crc32>7e6ef908</crc32>
    <sha1>31930754638f5a04bac007a413e80df46961330b</sha1>
    <format>Unknown</format>
    <viruscheck>1741073406</viruscheck>
  </file>
  <file name="cv2eng-2_12_1_1-ntsc-stm10mwfmFruSp0_archive.torrent" source="metadata">
    <btih>ae1dea4324c94d00b910df923b5f0d8dcd8d2fe6</btih>
    <mtime>1741073408</mtime>
    <size>1889</size>
    <md5>191e4c3b8aa4efa4711674b4b1930b62</md5>
    <crc32>77e9af7c</crc32>
    <sha1>d07e395b6970088d80e37915fb79c0d5de9fe867</sha1>
    <format>Archive BitTorrent</format>
  </file>
  <file name="cv2eng-2_12_1_1-ntsc-stm10mwfmFruSp0_files.xml" source="original">
    <format>Metadata</format>
    <md5>f8aa5b34c4f9081ea78c66807c34846b</md5>
    <summation>md5</summation>
  </file>
  <file name="cv2eng-2_12_1_1-ntsc-stm10mwfmFruSp0_meta.sqlite" source="original">
    <mtime>1741073091</mtime>
    <size>20480</size>
    <md5>13021baa1ab7446c038db34cb33b235c</md5>
    <crc32>44387d6a</crc32>
    <sha1>120570b4c72276e32ab9ac3e8eb74c91a42ddbd1</sha1>
    <format>Metadata</format>
  </file>
  <file name="cv2eng-2_12_1_1-ntsc-stm10mwfmFruSp0_meta.xml" source="original">
    <mtime>1741073407</mtime>
    <size>1440</size>
    <md5>04c5988516bbff411483971801a8b0de</md5>
    <crc32>9b11ac38</crc32>
    <sha1>0bb85ac9dd0d65a2104b97ec1454fc287e70874c</sha1>
    <format>Metadata</format>
  </file>
</files>
