<?xml version="1.0" encoding="UTF-8"?>
<metadata>
  <identifier>touhou-puppet-play</identifier>
  <mediatype>software</mediatype>
  <collection>open_source_software</collection>
  <collection>community</collection>
  <creator>Hemoglobin A1C</creator>
  <date>2011-11-13</date>
  <description>&lt;div&gt;&lt;span&gt;&lt;span&gt;Touhou Ningyougeki (Puppet Play), also known as Touhoumon v1.8, is a ROM Hack that modifies various Pokémon games into a Touhou-esque theme, where you can capture and battle with Puppets that represent the various Touhou characters. &lt;/span&gt;&lt;/span&gt;&lt;span&gt;&lt;span&gt;&lt;span&gt;&lt;span&gt;Ningyougeki was&lt;/span&gt;&lt;/span&gt; released by the developer HemoglobinA1C, and is used as a base for other localized hacks like Touhou Puppet Play Enhanced and Touhoumon Purple.&lt;/span&gt;&lt;/span&gt;&lt;/div&gt;&lt;div&gt;&lt;span&gt;&lt;span&gt;&lt;br /&gt;&lt;/span&gt;&lt;/span&gt;&lt;/div&gt;&lt;div&gt;&lt;span&gt;&lt;span&gt;This compilation includes translated file names and pre-patched roms. The readme.txt includes the proper way on how to patch the rom yourself.&lt;/span&gt;&lt;/span&gt;&lt;/div&gt;&lt;div&gt;&lt;span&gt;&lt;span&gt;&lt;br /&gt;&lt;/span&gt;&lt;/span&gt;&lt;/div&gt;&lt;div&gt;&lt;span&gt;&lt;span&gt;It's recommended to play Puppet Play &lt;/span&gt;&lt;/span&gt;&lt;span&gt;&lt;span&gt;&lt;span&gt;&lt;span&gt;Enhanced or &lt;/span&gt;&lt;/span&gt;Puppet Play Enhanced Reloaded (v4.6) instead. This was applied for easy access and preservation purposes.&lt;br /&gt;&lt;/span&gt;&lt;/span&gt;&lt;/div&gt;&lt;div&gt;&lt;span&gt;&lt;span&gt;---&lt;/span&gt;&lt;/span&gt;&lt;/div&gt;&lt;div&gt;&lt;span&gt;&lt;span&gt;&lt;br /&gt;&lt;/span&gt;&lt;/span&gt;&lt;/div&gt;&lt;div&gt;&lt;b&gt;&lt;span&gt;&lt;span&gt;info:&lt;/span&gt;&lt;/span&gt;&lt;/b&gt;&lt;/div&gt;&lt;div&gt;&lt;span&gt;&lt;span&gt;- &lt;i&gt;http://thpp.supersanctuary.net/wiki/Main_Page&lt;/i&gt;&lt;/span&gt;&lt;/span&gt;&lt;/div&gt;&lt;div&gt;&lt;span&gt;&lt;span&gt;&lt;br /&gt;&lt;/span&gt;&lt;/span&gt;&lt;/div&gt;&lt;div&gt;&lt;span&gt;&lt;span&gt;- &lt;i&gt;https://namelessrumia.heliohost.org/w/doku.php?id=touhou_ningyougeki&lt;/i&gt;&lt;br /&gt;&lt;/span&gt;&lt;/span&gt;&lt;/div&gt;&lt;div&gt;&lt;span&gt;&lt;span&gt;&lt;/span&gt;&lt;/span&gt;&lt;/div&gt;</description>
  <language>eng</language>
  <scanner>Internet Archive HTML5 Uploader 1.6.4</scanner>
  <subject>touhoumon</subject>
  <subject>touhou puppet play</subject>
  <subject>fan-game</subject>
  <subject>romhack</subject>
  <subject>pokemon fire red</subject>
  <title>Touhou Ningyougeki (Puppet Play) (v1.812) &amp; Bugfix Patch</title>
  <uploader>meidomatsurikasugano@hotmail.com</uploader>
  <publicdate>2022-05-08 21:54:39</publicdate>
  <addeddate>2022-05-08 21:54:39</addeddate>
  <curation>[curator]validator@archive.org[/curator][date]20220508215511[/date][comment]checked for malware[/comment]</curation>
  <year>2011</year>
</metadata>
