<?xml version="1.0" encoding="UTF-8"?>
<files>
  <file name="Touhou Puppet Play (v1.812) &amp; Bugfix Patch.zip" source="original">
    <mtime>1652046858</mtime>
    <size>41438428</size>
    <md5>80a4afcc5a2530c5edc4c2457bddb450</md5>
    <crc32>a17c7d7c</crc32>
    <sha1>06a0321156fda5c0978f0e4d0ab0849ec806be8e</sha1>
    <format>ZIP</format>
    <filecount>12</filecount>
  </file>
  <file name="__ia_thumb.jpg" source="original">
    <mtime>1652046896</mtime>
    <size>13614</size>
    <md5>b14463196953fc26291da694d77494e9</md5>
    <crc32>61455e10</crc32>
    <sha1>6870c342b77af0feb858e0610dbb764ba156a3b9</sha1>
    <format>Item Tile</format>
    <rotation>0</rotation>
  </file>
  <file name="puppet.png" source="original">
    <mtime>1652046880</mtime>
    <size>16142</size>
    <md5>72f2995f79559bac0b30c146011b284c</md5>
    <crc32>caeea34f</crc32>
    <sha1>d9242d1d123b5f4ba250fe12921da50d7afe6220</sha1>
    <format>PNG</format>
  </file>
  <file name="puppet_thumb.jpg" source="derivative">
    <format>JPEG Thumb</format>
    <original>puppet.png</original>
    <mtime>1652046931</mtime>
    <size>8129</size>
    <md5>139d4e38eb3ec0965be3ba9b3698d084</md5>
    <crc32>4cebbb47</crc32>
    <sha1>a4d0ca5060ce3d096710fdda3c0762ce91debcac</sha1>
  </file>
  <file name="touhou-puppet-play_archive.torrent" source="metadata">
    <btih>6522aface7cd2251423052eca631b87772887803</btih>
    <mtime>1652047222</mtime>
    <size>3790</size>
    <md5>9ad3c3fed2991bf24c0f6f308b4ae17b</md5>
    <crc32>8762721d</crc32>
    <sha1>7e6bfdf47e52fa9815710a20426d1aaec3161be8</sha1>
    <format>Archive BitTorrent</format>
  </file>
  <file name="touhou-puppet-play_files.xml" source="original">
    <format>Metadata</format>
    <md5>fde1d28a5f47db9d176dc46fb6e3c2cf</md5>
    <summation>md5</summation>
  </file>
  <file name="touhou-puppet-play_meta.sqlite" source="original">
    <mtime>1652046889</mtime>
    <size>32768</size>
    <md5>e6740ba9b01eea56295ee7d8395919f0</md5>
    <crc32>f449fc36</crc32>
    <sha1>b5b1630ce7e74a56624e30d06c3f0476b1ccc903</sha1>
    <format>Metadata</format>
  </file>
  <file name="touhou-puppet-play_meta.xml" source="original">
    <mtime>1652047220</mtime>
    <size>2967</size>
    <md5>5f9dbfd1bcc8b4d99d83926afeccfa0b</md5>
    <crc32>8316ebd2</crc32>
    <sha1>3aba2dc6d42f7a23b2a9477629e07ee7a1c9988c</sha1>
    <format>Metadata</format>
  </file>
</files>
