{
  "id": "MAP_CHANDRA_VILLAGE_LAB",
  "name": "ChandraVillage_Lab",
  "layout": "LAYOUT_CHANDRA_VILLAGE_LAB",
  "music": "MUS_BIRCH_LAB",
  "region_map_section": "MAPSEC_CHANDRA_VILLAGE",
  "requires_flash": false,
  "weather": "WEATHER_NONE",
  "map_type": "MAP_TYPE_INDOOR",
  "allow_cycling": false,
  "allow_escaping": false,
  "allow_running": true,
  "show_map_name": false,
  "battle_scene": "MAP_BATTLE_SCENE_NORMAL",
  "connections": 0,
  "object_events": [
    {
      "graphics_id": "OBJ_EVENT_GFX_QUINTY_PLUMP",
      "x": 6,
      "y": 11,
      "elevation": 3,
      "movement_type": "MOVEMENT_TYPE_NONE",
      "movement_range_x": 0,
      "movement_range_y": 0,
      "trainer_type": "TRAINER_TYPE_NONE",
      "trainer_sight_or_berry_tree_id": "0",
      "script": "ChandraVillage_Lab_Tyler",
      "flag": "FLAG_HIDE_CHANDRA_VILLAGE_LAB_TYLER"
    },
    {
      "graphics_id": "OBJ_EVENT_GFX_SCIENTIST_1",
      "x": 10,
      "y": 10,
      "elevation": 3,
      "movement_type": "MOVEMENT_TYPE_FACE_RIGHT",
      "movement_range_x": 0,
      "movement_range_y": 0,
      "trainer_type": "TRAINER_TYPE_NONE",
      "trainer_sight_or_berry_tree_id": "0",
      "script": "ChandraVillage_Lab_Aide",
      "flag": "0"
    },
    {
      "graphics_id": "OBJ_EVENT_GFX_PROF_BIRCH",
      "x": 6,
      "y": 5,
      "elevation": 3,
      "movement_type": "MOVEMENT_TYPE_NONE",
      "movement_range_x": 0,
      "movement_range_y": 0,
      "trainer_type": "TRAINER_TYPE_NONE",
      "trainer_sight_or_berry_tree_id": "0",
      "script": "ChandraVillage_Lab_Prof",
      "flag": "FLAG_HIDE_CHANDRA_VILLAGE_LAB_PROF"
    },
    {
      "graphics_id": "OBJ_EVENT_GFX_ITEM_BALL",
      "x": 1,
      "y": 3,
      "elevation": 3,
      "movement_type": "MOVEMENT_TYPE_NONE",
      "movement_range_x": 0,
      "movement_range_y": 0,
      "trainer_type": "TRAINER_TYPE_NONE",
      "trainer_sight_or_berry_tree_id": "0",
      "script": "NULL",
      "flag": "FLAG_HIDE_CHANDRA_VILLAGE_POKE_BALL_1"
    },
    {
      "graphics_id": "OBJ_EVENT_GFX_ITEM_BALL",
      "x": 11,
      "y": 3,
      "elevation": 3,
      "movement_type": "MOVEMENT_TYPE_NONE",
      "movement_range_x": 0,
      "movement_range_y": 0,
      "trainer_type": "TRAINER_TYPE_NONE",
      "trainer_sight_or_berry_tree_id": "0",
      "script": "NULL",
      "flag": "FLAG_HIDE_CHANDRA_VILLAGE_POKE_BALL_2"
    },
    {
      "graphics_id": "OBJ_EVENT_GFX_EEVEE",
      "x": 1,
      "y": 3,
      "elevation": 3,
      "movement_type": "MOVEMENT_TYPE_JOG_IN_PLACE_DOWN",
      "movement_range_x": 0,
      "movement_range_y": 0,
      "trainer_type": "TRAINER_TYPE_NONE",
      "trainer_sight_or_berry_tree_id": "0",
      "script": "ChandraVillage_Lab_Eevee",
      "flag": "FLAG_HIDE_CHANDRA_VILLAGE_EEVEE"
    },
    {
      "graphics_id": "OBJ_EVENT_GFX_PIKACHU_FOLLOWER",
      "x": 11,
      "y": 3,
      "elevation": 3,
      "movement_type": "MOVEMENT_TYPE_JOG_IN_PLACE_DOWN",
      "movement_range_x": 0,
      "movement_range_y": 0,
      "trainer_type": "TRAINER_TYPE_NONE",
      "trainer_sight_or_berry_tree_id": "0",
      "script": "ChandraVillage_Lab_Pikachu",
      "flag": "FLAG_HIDE_CHANDRA_VILLAGE_PIKACHU"
    },
    {
      "graphics_id": "OBJ_EVENT_GFX_RATTATA_OW",
      "x": 9,
      "y": 8,
      "elevation": 3,
      "movement_type": "MOVEMENT_TYPE_COPY_PLAYER_COUNTERCLOCKWISE",
      "movement_range_x": 13,
      "movement_range_y": 2,
      "trainer_type": "TRAINER_TYPE_NONE",
      "trainer_sight_or_berry_tree_id": "0",
      "script": "ChandraVillage_Lab_Rattata2",
      "flag": "FLAG_HIDE_CHANDRA_VILLAGE_LAB_RATTATA_2"
    },
    {
      "graphics_id": "OBJ_EVENT_GFX_RATTATA_OW",
      "x": 3,
      "y": 8,
      "elevation": 3,
      "movement_type": "MOVEMENT_TYPE_COPY_PLAYER_CLOCKWISE",
      "movement_range_x": 13,
      "movement_range_y": 2,
      "trainer_type": "TRAINER_TYPE_NONE",
      "trainer_sight_or_berry_tree_id": "0",
      "script": "ChandraVillage_Lab_Rattata1",
      "flag": "FLAG_HIDE_CHANDRA_VILLAGE_LAB_RATTATA_1"
    }
  ],
  "warp_events": [
    {
      "x": 6,
      "y": 12,
      "elevation": 3,
      "dest_map": "MAP_CHANDRA_VILLAGE",
      "dest_warp_id": "4"
    },
    {
      "x": 7,
      "y": 12,
      "elevation": 3,
      "dest_map": "MAP_CHANDRA_VILLAGE",
      "dest_warp_id": "4"
    }
  ],
  "coord_events": [
    {
      "type": "trigger",
      "x": 6,
      "y": 12,
      "elevation": 0,
      "var": "VAR_STORYLINE_STATE",
      "var_value": "6",
      "script": "ChandraVillage_Lab_Exit"
    },
    {
      "type": "trigger",
      "x": 7,
      "y": 12,
      "elevation": 0,
      "var": "VAR_STORYLINE_STATE",
      "var_value": "6",
      "script": "ChandraVillage_Lab_Exit"
    }
  ],
  "bg_events": [

  ]
}
