{
  "id": "MAP_ONE_ISLAND_KINDLE_ROAD_EMBER_SPA",
  "name": "OneIsland_KindleRoad_EmberSpa",
  "layout": "LAYOUT_ONE_ISLAND_KINDLE_ROAD_EMBER_SPA",
  "music": "MUS_FUCHSIA",
  "region_map_section": "MAPSEC_EMBER_SPA",
  "requires_flash": false,
  "weather": "WEATHER_NONE",
  "map_type": "MAP_TYPE_UNDERGROUND",
  "allow_cycling": false,
  "allow_escaping": false,
  "allow_running": true,
  "show_map_name": true,
  "floor_number": 0,
  "battle_scene": "MAP_BATTLE_SCENE_NORMAL",
  "connections": 0,
  "object_events": [
    {
      "type": "object",
      "graphics_id": "OBJ_EVENT_GFX_OLD_MAN_1",
      "x": 11,
      "y": 13,
      "elevation": 3,
      "movement_type": "MOVEMENT_TYPE_FACE_DOWN",
      "movement_range_x": 1,
      "movement_range_y": 1,
      "trainer_type": "TRAINER_TYPE_NONE",
      "trainer_sight_or_berry_tree_id": "0",
      "script": "OneIsland_KindleRoad_EmberSpa_EventScript_OldMan",
      "flag": "0"
    },
    {
      "type": "object",
      "graphics_id": "OBJ_EVENT_GFX_BALDING_MAN",
      "x": 15,
      "y": 11,
      "elevation": 3,
      "movement_type": "MOVEMENT_TYPE_FACE_DOWN_AND_RIGHT",
      "movement_range_x": 1,
      "movement_range_y": 1,
      "trainer_type": "TRAINER_TYPE_NONE",
      "trainer_sight_or_berry_tree_id": "0",
      "script": "OneIsland_KindleRoad_EmberSpa_EventScript_BaldingMan1",
      "flag": "0"
    },
    {
      "type": "object",
      "graphics_id": "OBJ_EVENT_GFX_BLACKBELT",
      "x": 6,
      "y": 8,
      "elevation": 3,
      "movement_type": "MOVEMENT_TYPE_WANDER_LEFT_AND_RIGHT",
      "movement_range_x": 2,
      "movement_range_y": 1,
      "trainer_type": "TRAINER_TYPE_NONE",
      "trainer_sight_or_berry_tree_id": "0",
      "script": "OneIsland_KindleRoad_EmberSpa_EventScript_BlackBelt",
      "flag": "FLAG_HIDE_POSTGAME_GOSSIPERS"
    },
    {
      "type": "object",
      "graphics_id": "OBJ_EVENT_GFX_OLD_WOMAN",
      "x": 20,
      "y": 7,
      "elevation": 3,
      "movement_type": "MOVEMENT_TYPE_FACE_DOWN",
      "movement_range_x": 1,
      "movement_range_y": 1,
      "trainer_type": "TRAINER_TYPE_NONE",
      "trainer_sight_or_berry_tree_id": "0",
      "script": "OneIsland_KindleRoad_EmberSpa_EventScript_OldWoman",
      "flag": "0"
    },
    {
      "type": "object",
      "graphics_id": "OBJ_EVENT_GFX_OLD_MAN_1",
      "x": 10,
      "y": 5,
      "elevation": 3,
      "movement_type": "MOVEMENT_TYPE_FACE_DOWN",
      "movement_range_x": 1,
      "movement_range_y": 1,
      "trainer_type": "TRAINER_TYPE_NONE",
      "trainer_sight_or_berry_tree_id": "0",
      "script": "OneIsland_KindleRoad_EmberSpa_EventScript_RockSmashMan",
      "flag": "0"
    },
    {
      "type": "object",
      "graphics_id": "OBJ_EVENT_GFX_BALDING_MAN",
      "x": 11,
      "y": 20,
      "elevation": 3,
      "movement_type": "MOVEMENT_TYPE_WANDER_LEFT_AND_RIGHT",
      "movement_range_x": 1,
      "movement_range_y": 1,
      "trainer_type": "TRAINER_TYPE_NONE",
      "trainer_sight_or_berry_tree_id": "0",
      "script": "OneIsland_KindleRoad_EmberSpa_EventScript_BaldingMan2",
      "flag": "0"
    }
  ],
  "warp_events": [
    {
      "x": 13,
      "y": 36,
      "elevation": 3,
      "dest_map": "MAP_ONE_ISLAND_KINDLE_ROAD",
      "dest_warp_id": "2"
    }
  ],
  "coord_events": [
    {
      "type": "trigger",
      "x": 13,
      "y": 13,
      "elevation": 3,
      "var": "VAR_TEMP_1",
      "var_value": "0",
      "script": "OneIsland_KindleRoad_EmberSpa_EventScript_SpaHeal"
    }
  ],
  "bg_events": [

  ]
}
