{
  "id": "MAP_ROUTE1",
  "name": "Route1",
  "layout": "LAYOUT_ROUTE1",
  "music": "MUS_ROUTE_1",
  "region_map_section": "MAPSEC_ROUTE_1",
  "requires_flash": false,
  "weather": "WEATHER_SUNNY_CLOUDS",
  "map_type": "MAP_TYPE_ROUTE",
  "show_map_name": true,
  "battle_scene": "MAP_BATTLE_SCENE_NORMAL",
  "connections": [
    {
      "map": "MAP_CHANDRA_VILLAGE",
      "offset": -29,
      "direction": "down"
    },
    {
      "map": "MAP_SUNRISE_TOWN",
      "offset": 17,
      "direction": "up"
    },
    {
      "map": "MAP_ROUTE2",
      "offset": -33,
      "direction": "up"
    }
  ],
  "object_events": [
    {
      "graphics_id": "OBJ_EVENT_GFX_ITEM_BALL",
      "x": 24,
      "y": 16,
      "elevation": 3,
      "movement_type": "MOVEMENT_TYPE_NONE",
      "movement_range_x": 0,
      "movement_range_y": 0,
      "trainer_type": "TRAINER_TYPE_NONE",
      "trainer_sight_or_berry_tree_id": "0",
      "script": "Route1_EventScript_ItemPotion",
      "flag": "FLAG_ITEM_ROUTE_1_POTION"
    },
    {
      "graphics_id": "OBJ_EVENT_GFX_BOY_3",
      "x": 22,
      "y": 13,
      "elevation": 3,
      "movement_type": "MOVEMENT_TYPE_LOOK_AROUND",
      "movement_range_x": 0,
      "movement_range_y": 0,
      "trainer_type": "TRAINER_TYPE_NONE",
      "trainer_sight_or_berry_tree_id": "0",
      "script": "Route1_Jump_Event",
      "flag": "0"
    },
    {
      "graphics_id": "OBJ_EVENT_GFX_OLD_MAN",
      "x": 40,
      "y": 13,
      "elevation": 3,
      "movement_type": "MOVEMENT_TYPE_FACE_DOWN_AND_LEFT",
      "movement_range_x": 0,
      "movement_range_y": 0,
      "trainer_type": "TRAINER_TYPE_NONE",
      "trainer_sight_or_berry_tree_id": "0",
      "script": "Route1_Old_Man",
      "flag": "0"
    },
    {
      "graphics_id": "OBJ_EVENT_GFX_BOY_2",
      "x": 34,
      "y": 7,
      "elevation": 3,
      "movement_type": "MOVEMENT_TYPE_WANDER_LEFT_AND_RIGHT",
      "movement_range_x": 2,
      "movement_range_y": 0,
      "trainer_type": "TRAINER_TYPE_NONE",
      "trainer_sight_or_berry_tree_id": "0",
      "script": "Route1_Boy",
      "flag": "0"
    },
    {
      "graphics_id": "OBJ_EVENT_GFX_QUINTY_PLUMP",
      "x": 23,
      "y": 26,
      "elevation": 3,
      "movement_type": "MOVEMENT_TYPE_NONE",
      "movement_range_x": 0,
      "movement_range_y": 0,
      "trainer_type": "TRAINER_TYPE_NONE",
      "trainer_sight_or_berry_tree_id": "0",
      "script": "Route1_Tyler",
      "flag": "FLAG_HIDE_ROUTE_1_TYLER"
    },
    {
      "graphics_id": "OBJ_EVENT_GFX_TRUCK",
      "x": 9,
      "y": 14,
      "elevation": 3,
      "movement_type": "MOVEMENT_TYPE_NONE",
      "movement_range_x": 0,
      "movement_range_y": 0,
      "trainer_type": "TRAINER_TYPE_NONE",
      "trainer_sight_or_berry_tree_id": "0",
      "script": "ChandraVillage_Idle_Truck",
      "flag": "FLAG_HIDE_ROUTE_1_TRUCK"
    },
    {
      "graphics_id": "OBJ_EVENT_GFX_RICH_BOY",
      "x": 8,
      "y": 15,
      "elevation": 0,
      "movement_type": "MOVEMENT_TYPE_FACE_DOWN_AND_RIGHT",
      "movement_range_x": 0,
      "movement_range_y": 0,
      "trainer_type": "TRAINER_TYPE_NONE",
      "trainer_sight_or_berry_tree_id": "0",
      "script": "ChandraVillage_Truck_Boy",
      "flag": "FLAG_HIDE_ROUTE_1_TRUCK"
    },
    {
      "graphics_id": "OBJ_EVENT_GFX_PIDGEY_OW",
      "x": 34,
      "y": 14,
      "elevation": 3,
      "movement_type": "MOVEMENT_TYPE_WALK_IN_PLACE_DOWN",
      "movement_range_x": 0,
      "movement_range_y": 0,
      "trainer_type": "TRAINER_TYPE_NONE",
      "trainer_sight_or_berry_tree_id": "0",
      "script": "NULL",
      "flag": "FLAG_HIDE_ROUTE_1_PIDGEY"
    },
    {
      "graphics_id": "OBJ_EVENT_GFX_BERRY_TREE",
      "x": 21,
      "y": 7,
      "elevation": 0,
      "movement_type": "MOVEMENT_TYPE_BERRY_TREE_GROWTH",
      "movement_range_x": 0,
      "movement_range_y": 0,
      "trainer_type": "TRAINER_TYPE_NONE",
      "trainer_sight_or_berry_tree_id": "BERRY_TREE_ROUTE_103_CHERI_1",
      "script": "BerryTreeScript",
      "flag": "0"
    },
    {
      "graphics_id": "OBJ_EVENT_GFX_BERRY_TREE_EARLY_STAGES",
      "x": 22,
      "y": 7,
      "elevation": 0,
      "movement_type": "MOVEMENT_TYPE_BERRY_TREE_GROWTH",
      "movement_range_x": 0,
      "movement_range_y": 0,
      "trainer_type": "TRAINER_TYPE_NONE",
      "trainer_sight_or_berry_tree_id": "BERRY_TREE_ROUTE_103_CHERI_2",
      "script": "BerryTreeScript",
      "flag": "0"
    },
    {
      "graphics_id": "OBJ_EVENT_GFX_TAILLOW",
      "x": 17,
      "y": 5,
      "elevation": 0,
      "movement_type": "MOVEMENT_TYPE_NONE",
      "movement_range_x": 0,
      "movement_range_y": 0,
      "trainer_type": "TRAINER_TYPE_NONE",
      "trainer_sight_or_berry_tree_id": "0",
      "script": "NULL",
      "flag": "0"
    },
    {
      "graphics_id": "OBJ_EVENT_GFX_CATERPIE",
      "x": 4,
      "y": 17,
      "elevation": 0,
      "movement_type": "MOVEMENT_TYPE_NONE",
      "movement_range_x": 0,
      "movement_range_y": 0,
      "trainer_type": "TRAINER_TYPE_NONE",
      "trainer_sight_or_berry_tree_id": "0",
      "script": "NULL",
      "flag": "0"
    }
  ],
  "warp_events": [

  ],
  "coord_events": [
    {
      "type": "trigger",
      "x": 22,
      "y": 31,
      "elevation": 0,
      "var": "VAR_STORYLINE_STATE",
      "var_value": "9",
      "script": "Route1_Storyline_State9"
    },
    {
      "type": "trigger",
      "x": 23,
      "y": 31,
      "elevation": 0,
      "var": "VAR_STORYLINE_STATE",
      "var_value": "9",
      "script": "Route1_Storyline_State9"
    },
    {
      "type": "trigger",
      "x": 24,
      "y": 31,
      "elevation": 0,
      "var": "VAR_STORYLINE_STATE",
      "var_value": "9",
      "script": "Route1_Storyline_State9"
    },
    {
      "type": "trigger",
      "x": 27,
      "y": 24,
      "elevation": 0,
      "var": "VAR_STORYLINE_STATE",
      "var_value": "9",
      "script": "Route1_WestExitPrevention"
    },
    {
      "type": "trigger",
      "x": 28,
      "y": 25,
      "elevation": 0,
      "var": "VAR_STORYLINE_STATE",
      "var_value": "9",
      "script": "Route1_WestExitPrevention"
    },
    {
      "type": "trigger",
      "x": 35,
      "y": 17,
      "elevation": 0,
      "var": "VAR_STORYLINE_STATE",
      "var_value": "9",
      "script": "Route1_PidgeyIntro"
    },
    {
      "type": "trigger",
      "x": 36,
      "y": 17,
      "elevation": 0,
      "var": "VAR_STORYLINE_STATE",
      "var_value": "9",
      "script": "Route1_PidgeyIntro"
    },
    {
      "type": "trigger",
      "x": 37,
      "y": 17,
      "elevation": 0,
      "var": "VAR_STORYLINE_STATE",
      "var_value": "9",
      "script": "Route1_PidgeyIntro"
    },
    {
      "type": "trigger",
      "x": 38,
      "y": 17,
      "elevation": 0,
      "var": "VAR_STORYLINE_STATE",
      "var_value": "9",
      "script": "Route1_PidgeyIntro"
    }
  ],
  "bg_events": [
    {
      "type": "sign",
      "x": 23,
      "y": 24,
      "elevation": 0,
      "player_facing_dir": "BG_EVENT_PLAYER_FACING_ANY",
      "script": "Route1_Location_Sign"
    }
  ],
  "allow_cycling": true,
  "allow_escaping": false,
  "allow_running": true
}
