{
  "id": "MAP_NORTHSTAR_CITY_TOURNAMENT_1F",
  "name": "NorthstarCity_Tournament_1F",
  "layout": "LAYOUT_NORTHSTAR_CITY_TOURNAMENT_1F",
  "music": "MUS_NORTHSTAR_TOURNAMENT",
  "region_map_section": "MAPSEC_NORTHSTAR_CITY",
  "requires_flash": false,
  "weather": "WEATHER_NONE",
  "map_type": "MAP_TYPE_INDOOR",
  "allow_cycling": false,
  "allow_escaping": false,
  "allow_running": true,
  "show_map_name": false,
  "battle_scene": "MAP_BATTLE_SCENE_NORMAL",
  "connections": 0,
  "object_events": [
    {
      "graphics_id": "OBJ_EVENT_GFX_JIGGLYPUFF_DOLL",
      "x": 15,
      "y": 2,
      "elevation": 3,
      "movement_type": "MOVEMENT_TYPE_NONE",
      "movement_range_x": 0,
      "movement_range_y": 0,
      "trainer_type": "TRAINER_TYPE_NONE",
      "trainer_sight_or_berry_tree_id": "0",
      "script": "NULL",
      "flag": "FLAG_NORTHSTAR_TOURNAMENT_SUBO_1F"
    },
    {
      "graphics_id": "OBJ_EVENT_GFX_LUCY",
      "x": 14,
      "y": 3,
      "elevation": 3,
      "movement_type": "MOVEMENT_TYPE_NONE",
      "movement_range_x": 0,
      "movement_range_y": 0,
      "trainer_type": "TRAINER_TYPE_NONE",
      "trainer_sight_or_berry_tree_id": "0",
      "script": "NULL",
      "flag": "FLAG_NORTHSTAR_TOURNAMENT_SUBO_1F"
    },
    {
      "graphics_id": "OBJ_EVENT_GFX_EXPERT_M",
      "x": 15,
      "y": 5,
      "elevation": 3,
      "movement_type": "MOVEMENT_TYPE_WANDER_AROUND",
      "movement_range_x": 0,
      "movement_range_y": 0,
      "trainer_type": "TRAINER_TYPE_NONE",
      "trainer_sight_or_berry_tree_id": "0",
      "script": "NorthstarCity_Tournament_1F_Old_Man",
      "flag": "FLAG_NORTHSTAR_SUBO_TAKEOVER"
    },
    {
      "graphics_id": "OBJ_EVENT_GFX_AQUA_MEMBER_M",
      "x": 15,
      "y": 9,
      "elevation": 3,
      "movement_type": "MOVEMENT_TYPE_NONE",
      "movement_range_x": 0,
      "movement_range_y": 0,
      "trainer_type": "TRAINER_TYPE_NONE",
      "trainer_sight_or_berry_tree_id": "0",
      "script": "NULL",
      "flag": "FLAG_NORTHSTAR_TOURNAMENT_SUBO_1F"
    },
    {
      "graphics_id": "OBJ_EVENT_GFX_WOMAN_5",
      "x": 15,
      "y": 10,
      "elevation": 3,
      "movement_type": "MOVEMENT_TYPE_FACE_DOWN_AND_LEFT",
      "movement_range_x": 0,
      "movement_range_y": 0,
      "trainer_type": "TRAINER_TYPE_NONE",
      "trainer_sight_or_berry_tree_id": "0",
      "script": "NorthstarCity_Tournament_1F_Woman",
      "flag": "FLAG_NORTHSTAR_SUBO_TAKEOVER"
    },
    {
      "graphics_id": "OBJ_EVENT_GFX_TWIN",
      "x": 3,
      "y": 2,
      "elevation": 3,
      "movement_type": "MOVEMENT_TYPE_FACE_LEFT",
      "movement_range_x": 0,
      "movement_range_y": 0,
      "trainer_type": "TRAINER_TYPE_NONE",
      "trainer_sight_or_berry_tree_id": "0",
      "script": "NorthstarCity_Tournament_1F_Little_Girl",
      "flag": "FLAG_NORTHSTAR_SUBO_TAKEOVER"
    },
    {
      "graphics_id": "OBJ_EVENT_GFX_POKEFAN_M",
      "x": 2,
      "y": 2,
      "elevation": 3,
      "movement_type": "MOVEMENT_TYPE_FACE_RIGHT",
      "movement_range_x": 0,
      "movement_range_y": 0,
      "trainer_type": "TRAINER_TYPE_NONE",
      "trainer_sight_or_berry_tree_id": "0",
      "script": "NorthstarCity_Tournament_1F_Man",
      "flag": "FLAG_NORTHSTAR_SUBO_TAKEOVER"
    },
    {
      "graphics_id": "OBJ_EVENT_GFX_SCHOOL_KID_M",
      "x": 2,
      "y": 8,
      "elevation": 3,
      "movement_type": "MOVEMENT_TYPE_WANDER_UP_AND_DOWN",
      "movement_range_x": 0,
      "movement_range_y": 0,
      "trainer_type": "TRAINER_TYPE_NONE",
      "trainer_sight_or_berry_tree_id": "0",
      "script": "NorthstarCity_Tournament_1F_Nerd",
      "flag": "FLAG_NORTHSTAR_SUBO_TAKEOVER"
    },
    {
      "graphics_id": "OBJ_EVENT_GFX_TEALA",
      "x": 7,
      "y": 7,
      "elevation": 3,
      "movement_type": "MOVEMENT_TYPE_NONE",
      "movement_range_x": 0,
      "movement_range_y": 0,
      "trainer_type": "TRAINER_TYPE_NONE",
      "trainer_sight_or_berry_tree_id": "0",
      "script": "NorthstarCity_Tournament_1F_Receptionist_1",
      "flag": "FLAG_NORTHSTAR_SUBO_TAKEOVER"
    },
    {
      "graphics_id": "OBJ_EVENT_GFX_TEALA",
      "x": 11,
      "y": 7,
      "elevation": 3,
      "movement_type": "MOVEMENT_TYPE_NONE",
      "movement_range_x": 0,
      "movement_range_y": 0,
      "trainer_type": "TRAINER_TYPE_NONE",
      "trainer_sight_or_berry_tree_id": "0",
      "script": "NorthstarCity_Tournament_1F_Receptionist_2",
      "flag": "FLAG_NORTHSTAR_SUBO_TAKEOVER"
    }
  ],
  "warp_events": [
    {
      "x": 4,
      "y": 13,
      "elevation": 3,
      "dest_map": "MAP_NORTHSTAR_CITY",
      "dest_warp_id": "11"
    },
    {
      "x": 3,
      "y": 13,
      "elevation": 3,
      "dest_map": "MAP_NORTHSTAR_CITY",
      "dest_warp_id": "11"
    },
    {
      "x": 13,
      "y": 13,
      "elevation": 3,
      "dest_map": "MAP_NORTHSTAR_CITY",
      "dest_warp_id": "12"
    },
    {
      "x": 14,
      "y": 13,
      "elevation": 3,
      "dest_map": "MAP_NORTHSTAR_CITY",
      "dest_warp_id": "12"
    },
    {
      "x": 15,
      "y": 1,
      "elevation": 3,
      "dest_map": "MAP_NORTHSTAR_CITY_TOURNAMENT_2F",
      "dest_warp_id": "0"
    }
  ],
  "coord_events": [
    {
      "type": "trigger",
      "x": 14,
      "y": 2,
      "elevation": 0,
      "var": "VAR_TEMP_0",
      "var_value": "0",
      "script": "NULL"
    },
    {
      "type": "trigger",
      "x": 15,
      "y": 3,
      "elevation": 0,
      "var": "VAR_TEMP_0",
      "var_value": "0",
      "script": "NULL"
    },
    {
      "type": "trigger",
      "x": 14,
      "y": 2,
      "elevation": 0,
      "var": "VAR_STORYLINE_STATE",
      "var_value": "37",
      "script": "NorthstarCity_Tournament_1F_SUBOEnd"
    },
    {
      "type": "trigger",
      "x": 15,
      "y": 3,
      "elevation": 0,
      "var": "VAR_STORYLINE_STATE",
      "var_value": "37",
      "script": "NorthstarCity_Tournament_1F_SUBOEnd"
    }
  ],
  "bg_events": [
    {
      "type": "sign",
      "x": 14,
      "y": 1,
      "elevation": 0,
      "player_facing_dir": "BG_EVENT_PLAYER_FACING_ANY",
      "script": "NorthstarCity_Tournament_1F_Sign"
    }
  ]
}
