{
  "id": "MAP_NORTHSTAR_CITY_TOURNAMENT_3F",
  "name": "NorthstarCity_Tournament_3F",
  "layout": "LAYOUT_NORTHSTAR_CITY_TOURNAMENT_3F",
  "music": "MUS_NORTHSTAR_TOURNAMENT",
  "region_map_section": "MAPSEC_NORTHSTAR_CITY",
  "requires_flash": false,
  "weather": "WEATHER_NONE",
  "map_type": "MAP_TYPE_INDOOR",
  "allow_cycling": false,
  "allow_escaping": false,
  "allow_running": true,
  "show_map_name": false,
  "battle_scene": "MAP_BATTLE_SCENE_NORMAL",
  "connections": 0,
  "object_events": [
    {
      "graphics_id": "OBJ_EVENT_GFX_HEX_MANIAC",
      "x": 4,
      "y": 2,
      "elevation": 3,
      "movement_type": "MOVEMENT_TYPE_WANDER_LEFT_AND_RIGHT",
      "movement_range_x": 0,
      "movement_range_y": 0,
      "trainer_type": "TRAINER_TYPE_NONE",
      "trainer_sight_or_berry_tree_id": "0",
      "script": "NorthstarCity_Tournament_3F_Psychic",
      "flag": "FLAG_NORTHSTAR_SUBO_TAKEOVER"
    },
    {
      "graphics_id": "OBJ_EVENT_GFX_AQUA_MEMBER_F",
      "x": 11,
      "y": 2,
      "elevation": 3,
      "movement_type": "MOVEMENT_TYPE_FACE_DOWN_AND_RIGHT",
      "movement_range_x": 0,
      "movement_range_y": 0,
      "trainer_type": "TRAINER_TYPE_NONE",
      "trainer_sight_or_berry_tree_id": "0",
      "script": "NorthstarCity_Tournament_3F_SUBO_Door",
      "flag": "FLAG_NORTHSTAR_TOURNAMENT_SUBO"
    },
    {
      "graphics_id": "OBJ_EVENT_GFX_AQUA_MEMBER_M",
      "x": 17,
      "y": 2,
      "elevation": 3,
      "movement_type": "MOVEMENT_TYPE_FACE_LEFT",
      "movement_range_x": 0,
      "movement_range_y": 0,
      "trainer_type": "TRAINER_TYPE_NORMAL",
      "trainer_sight_or_berry_tree_id": "2",
      "script": "NorthstarCity_Tournament_3F_Reiss",
      "flag": "FLAG_NORTHSTAR_TOURNAMENT_SUBO"
    },
    {
      "graphics_id": "OBJ_EVENT_GFX_LUCY",
      "x": 12,
      "y": 6,
      "elevation": 3,
      "movement_type": "MOVEMENT_TYPE_NONE",
      "movement_range_x": 0,
      "movement_range_y": 0,
      "trainer_type": "TRAINER_TYPE_NONE",
      "trainer_sight_or_berry_tree_id": "0",
      "script": "NorthstarCity_Tournament_3F_Rose",
      "flag": "FLAG_NORTHSTAR_TOURNAMENT_ROSE"
    },
    {
      "graphics_id": "OBJ_EVENT_GFX_FAT_MAN",
      "x": 17,
      "y": 9,
      "elevation": 3,
      "movement_type": "MOVEMENT_TYPE_WANDER_UP_AND_DOWN",
      "movement_range_x": 0,
      "movement_range_y": 0,
      "trainer_type": "TRAINER_TYPE_NONE",
      "trainer_sight_or_berry_tree_id": "0",
      "script": "NorthstarCity_Tournament_3F_Fat_Guy",
      "flag": "FLAG_NORTHSTAR_SUBO_TAKEOVER"
    },
    {
      "graphics_id": "OBJ_EVENT_GFX_AQUA_MEMBER_M",
      "x": 15,
      "y": 12,
      "elevation": 3,
      "movement_type": "MOVEMENT_TYPE_LOOK_AROUND",
      "movement_range_x": 0,
      "movement_range_y": 0,
      "trainer_type": "TRAINER_TYPE_NORMAL",
      "trainer_sight_or_berry_tree_id": "3",
      "script": "NorthstarCity_Tournament_3F_Lei",
      "flag": "FLAG_NORTHSTAR_TOURNAMENT_SUBO"
    },
    {
      "graphics_id": "OBJ_EVENT_GFX_AQUA_MEMBER_M",
      "x": 3,
      "y": 11,
      "elevation": 3,
      "movement_type": "MOVEMENT_TYPE_FACE_LEFT",
      "movement_range_x": 0,
      "movement_range_y": 0,
      "trainer_type": "TRAINER_TYPE_NONE",
      "trainer_sight_or_berry_tree_id": "0",
      "script": "NULL",
      "flag": "FLAG_NORTHSTAR_TOURNAMENT_SUBO"
    },
    {
      "graphics_id": "OBJ_EVENT_GFX_MAXIE",
      "x": 4,
      "y": 12,
      "elevation": 3,
      "movement_type": "MOVEMENT_TYPE_FACE_LEFT",
      "movement_range_x": 0,
      "movement_range_y": 0,
      "trainer_type": "TRAINER_TYPE_NONE",
      "trainer_sight_or_berry_tree_id": "0",
      "script": "NULL",
      "flag": "FLAG_NORTHSTAR_TOURNAMENT_SUBO"
    },
    {
      "graphics_id": "OBJ_EVENT_GFX_GENTLEMAN",
      "x": 0,
      "y": 11,
      "elevation": 3,
      "movement_type": "MOVEMENT_TYPE_FACE_RIGHT",
      "movement_range_x": 0,
      "movement_range_y": 0,
      "trainer_type": "TRAINER_TYPE_NONE",
      "trainer_sight_or_berry_tree_id": "0",
      "script": "NorthstarCity_Tournament_3F_Director",
      "flag": "0"
    },
    {
      "graphics_id": "OBJ_EVENT_GFX_ITEM_BALL",
      "x": 0,
      "y": 2,
      "elevation": 0,
      "movement_type": "MOVEMENT_TYPE_NONE",
      "movement_range_x": 0,
      "movement_range_y": 0,
      "trainer_type": "TRAINER_TYPE_NONE",
      "trainer_sight_or_berry_tree_id": "0",
      "script": "NorthstarCity_Tournament_3F_EventScript_Toxic",
      "flag": "FLAG_ITEM_NORTHSTAR_CITY_TOXIC"
    }
  ],
  "warp_events": [
    {
      "x": 11,
      "y": 1,
      "elevation": 3,
      "dest_map": "MAP_NORTHSTAR_CITY_TOURNAMENT_2F",
      "dest_warp_id": "1"
    },
    {
      "x": 15,
      "y": 1,
      "elevation": 3,
      "dest_map": "MAP_NORTHSTAR_CITY_TOURNAMENT_4F",
      "dest_warp_id": "0"
    }
  ],
  "coord_events": [
    {
      "type": "trigger",
      "x": 15,
      "y": 2,
      "elevation": 0,
      "var": "VAR_STORYLINE_STATE",
      "var_value": "28",
      "script": "NorthstarCity_Tournament_3F_Hide4FObjects"
    },
    {
      "type": "trigger",
      "x": 3,
      "y": 8,
      "elevation": 0,
      "var": "VAR_STORYLINE_STATE",
      "var_value": "36",
      "script": "NorthstarCity_Tournament_3F_SUBOBattle"
    },
    {
      "type": "trigger",
      "x": 4,
      "y": 8,
      "elevation": 0,
      "var": "VAR_STORYLINE_STATE",
      "var_value": "36",
      "script": "NorthstarCity_Tournament_3F_SUBOBattle"
    }
  ],
  "bg_events": [
    {
      "type": "sign",
      "x": 13,
      "y": 11,
      "elevation": 0,
      "player_facing_dir": "BG_EVENT_PLAYER_FACING_ANY",
      "script": "LilycoveCity_DepartmentStoreRooftop_EventScript_VendingMachine"
    },
    {
      "type": "sign",
      "x": 14,
      "y": 11,
      "elevation": 0,
      "player_facing_dir": "BG_EVENT_PLAYER_FACING_ANY",
      "script": "LilycoveCity_DepartmentStoreRooftop_EventScript_VendingMachine"
    }
  ]
}
