{
  "Blue Axe Knight": {
    "EnemyAddress": "0xb5948",
    "AttackAddress": [
      "0xb5970",
      "0xb5998"
    ]
  },
  "Sword Lord": {
    "EnemyAddress": "0xb59c0",
    "AttackAddress": [
      "0xb59e8"
    ]
  },
  "Skelrang": {
    "EnemyAddress": "0xb5a10",
    "AttackAddress": [
      "0xb5a38"
    ]
  },
  "Bloody Zombie": {
    "EnemyAddress": "0xb5a60",
    "AttackAddress": []
  },
  "Flying Zombie Upper": {
    "EnemyAddress": "0xb5a88",
    "AttackAddress": []
  },
  "Flying Zombie Lower": {
    "EnemyAddress": "0xb5ab0",
    "AttackAddress": []
  },
  "Diplocephalus": {
    "EnemyAddress": "0xb5ad8",
    "AttackAddress": [
      "0xb5b00",
      "0xb5b28",
      "0xb5b50"
    ]
  },
  "Owl Knight": {
    "EnemyAddress": "0xb5b78",
    "AttackAddress": [
      "0xb5ba0"
    ]
  },
  "Owl": {
    "EnemyAddress": "0xb5bc8",
    "AttackAddress": []
  },
  "Lesser Demon": {
    "EnemyAddress": "0xb5bf0",
    "AttackAddress": [
      "0xb5c18",
      "0xb5c40",
      "0xb5c68"
    ]
  },
  "Merman 1": {
    "EnemyAddress": "0xb5c90",
    "AttackAddress": [
      "0xb5cb8"
    ]
  },
  "Merman 2": {
    "EnemyAddress": "0xb5ce0",
    "AttackAddress": [
      "0xb5d08"
    ]
  },
  "Gorgon": {
    "EnemyAddress": "0xb5d30",
    "AttackAddress": []
  },
  "Gorgon Head": {
    "EnemyAddress": "0xb5d58",
    "AttackAddress": [
      "0xb5d80"
    ]
  },
  "Armor Lord": {
    "EnemyAddress": "0xb5da8",
    "AttackAddress": [
      "0xb5dd0",
      "0xb5df8"
    ]
  },
  "Black Panther": {
    "EnemyAddress": "0xb5e20",
    "AttackAddress": []
  },
  "Dark Octopus": {
    "EnemyAddress": "0xb5e48",
    "AttackAddress": [
      "0xb5e70"
    ]
  },
  "Flea Man": {
    "EnemyAddress": "0xb5e98",
    "AttackAddress": []
  },
  "Flea Armor": {
    "EnemyAddress": "0xb5ec0",
    "AttackAddress": [
      "0xb5ee8"
    ]
  },
  "White Dragon": {
    "EnemyAddress": "0xb5f10",
    "AttackAddress": [
      "0xb5f38"
    ]
  },
  "Bone Ark": {
    "EnemyAddress": "0xb6090",
    "AttackAddress": [
      "0xb60e0"
    ]
  },
  "Bone Ark Skeleton": {
    "EnemyAddress": "0xb60b8",
    "AttackAddress": []
  },
  "Flea Rider": {
    "EnemyAddress": "0xb6108",
    "AttackAddress": []
  },
  "Marionette": {
    "EnemyAddress": "0xb6130",
    "AttackAddress": []
  },
  "Orlox 1": {
    "EnemyAddress": "0xb6158",
    "AttackAddress": [
      "0xb6180",
      "0xb61a8",
      "0xb61d0",
      "0xb61f8"
    ]
  },
  "Orlox 2": {
    "EnemyAddress": "0xb6248",
    "AttackAddress": [
      "0xb62c0",
      "0xb62e8"
    ]
  },
  "Orlox 2 Part 1": {
    "EnemyAddress": "0xb6220",
    "AttackAddress": []
  },
  "Orlox 2 Part 2": {
    "EnemyAddress": "0xb6270",
    "AttackAddress": []
  },
  "Orlox 2 Part 3": {
    "EnemyAddress": "0xb6298",
    "AttackAddress": []
  },
  "Wereskeleton": {
    "EnemyAddress": "0xb6310",
    "AttackAddress": [
      "0xb6338",
      "0xb6360"
    ]
  },
  "Bat": {
    "EnemyAddress": "0xb6388",
    "AttackAddress": []
  },
  "Large Slime": {
    "EnemyAddress": "0xb63b0",
    "AttackAddress": []
  },
  "Slime": {
    "EnemyAddress": "0xb63d8",
    "AttackAddress": []
  },
  "Phantom Skull": {
    "EnemyAddress": "0xb6400",
    "AttackAddress": []
  },
  "Flail Guard": {
    "EnemyAddress": "0xb6428",
    "AttackAddress": [
      "0xb6450"
    ]
  },
  "Blood Skeleton": {
    "EnemyAddress": "0xb6478",
    "AttackAddress": []
  },
  "Hellfire Beast": {
    "EnemyAddress": "0xb64a0",
    "AttackAddress": [
      "0xb64c8",
      "0xb64f0",
      "0xb6518"
    ]
  },
  "Skeleton": {
    "EnemyAddress": "0xb6540",
    "AttackAddress": [
      "0xb6568"
    ]
  },
  "Discus Lord": {
    "EnemyAddress": "0xb6590",
    "AttackAddress": [
      "0xb65b8"
    ]
  },
  "Fire Demon": {
    "EnemyAddress": "0xb65e0",
    "AttackAddress": [
      "0xb6608"
    ]
  },
  "Spittle Bone": {
    "EnemyAddress": "0xb6630",
    "AttackAddress": [
      "0xb6658"
    ]
  },
  "Skeleton Ape": {
    "EnemyAddress": "0xb6680",
    "AttackAddress": [
      "0xb9cd0",
      "0xb66a8"
    ]
  },
  "Stone Rose": {
    "EnemyAddress": "0xb66d0",
    "AttackAddress": [
      "0xb66f8",
      "0xb6720"
    ]
  },
  "Ectoplasm": {
    "EnemyAddress": "0xb6748",
    "AttackAddress": [
      "0xb6770",
      "0xb6798",
      "0xb67c0",
      "0xb67e8"
    ]
  },
  "Spear Guard": {
    "EnemyAddress": "0xb6810",
    "AttackAddress": [
      "0xb6838",
      "0xb6860",
      "0xb69b8"
    ]
  },
  "Plate Lord": {
    "EnemyAddress": "0xb69e0",
    "AttackAddress": [
      "0xb6a08"
    ]
  },
  "Frozen Shade": {
    "EnemyAddress": "0xb6a30",
    "AttackAddress": [
      "0xb6a58",
      "0xb7de8"
    ]
  },
  "Evil Priest": {
    "EnemyAddress": "0xb6a80",
    "AttackAddress": []
  },
  "Bone Musket": {
    "EnemyAddress": "0xb6aa8",
    "AttackAddress": [
      "0xb6ad0"
    ]
  },
  "Dodo Bird": {
    "EnemyAddress": "0xb6af8",
    "AttackAddress": []
  },
  "Bone Scimitar": {
    "EnemyAddress": "0xb6b20",
    "AttackAddress": []
  },
  "Toad": {
    "EnemyAddress": "0xb6b48",
    "AttackAddress": []
  },
  "Frog": {
    "EnemyAddress": "0xb6b70",
    "AttackAddress": []
  },
  "Bone Archer": {
    "EnemyAddress": "0xb6b98",
    "AttackAddress": [
      "0xb6bc0"
    ]
  },
  "Zombie": {
    "EnemyAddress": "0xb6be8",
    "AttackAddress": []
  },
  "Grave Keeper": {
    "EnemyAddress": "0xb6c10",
    "AttackAddress": [
      "0xb6c38"
    ]
  },
  "Tombstone": {
    "EnemyAddress": "0xb6c60",
    "AttackAddress": []
  },
  "Blue Raven": {
    "EnemyAddress": "0xb6c88",
    "AttackAddress": []
  },
  "Black Crow": {
    "EnemyAddress": "0xb6cb0",
    "AttackAddress": []
  },
  "Jack O'Bones": {
    "EnemyAddress": "0xb6cd8",
    "AttackAddress": [
      "0xb6d00"
    ]
  },
  "Bone Halberd": {
    "EnemyAddress": "0xb6d28",
    "AttackAddress": [
      "0xb6d50"
    ]
  },
  "Yorick": {
    "EnemyAddress": "0xb6d78",
    "AttackAddress": []
  },
  "Yorick Head": {
    "EnemyAddress": "0xb6da0",
    "AttackAddress": []
  },
  "Blade Master": {
    "EnemyAddress": "0xb6dc8",
    "AttackAddress": [
      "0xb6df0"
    ]
  },
  "Blade soldier": {
    "EnemyAddress": "0xb6e18",
    "AttackAddress": [
      "0xb6e40"
    ]
  },
  "Nova Skeleton": {
    "EnemyAddress": "0xb6e68",
    "AttackAddress": [
      "0xb6e90"
    ]
  },
  "Winged Guard": {
    "EnemyAddress": "0xb6eb8",
    "AttackAddress": []
  },
  "Spectral Sword 1": {
    "EnemyAddress": "0xb6ee0",
    "AttackAddress": []
  },
  "Spectral Sword 1 Weapons": {
    "EnemyAddress": "0xb6f08",
    "AttackAddress": []
  },
  "Lossoth": {
    "EnemyAddress": "0xb6f30",
    "AttackAddress": [
      "0xb6f58"
    ]
  },
  "Valhalla Knight": {
    "EnemyAddress": "0xb6f80",
    "AttackAddress": [
      "0xb6fd0"
    ]
  },
  "Valhalla Horse": {
    "EnemyAddress": "0xb6fa8",
    "AttackAddress": []
  },
  "Spectral Sword 2": {
    "EnemyAddress": "0xb6ff8",
    "AttackAddress": []
  },
  "Spectral Sword 2 Swords": {
    "EnemyAddress": "0xb7020",
    "AttackAddress": []
  },
  "Spectral Sword 3": {
    "EnemyAddress": "0xb7048",
    "AttackAddress": []
  },
  "Spectral Sword 3 Spears": {
    "EnemyAddress": "0xb7070",
    "AttackAddress": []
  },
  "Spectral Sword 3 Shields": {
    "EnemyAddress": "0xb7098",
    "AttackAddress": []
  },
  "Orobourous": {
    "EnemyAddress": "0xb70c0",
    "AttackAddress": [
      "0xb70e8",
      "0xb7110"
    ]
  },
  "Dragon Rider": {
    "EnemyAddress": "0xb7138",
    "AttackAddress": [
      "0xb7160"
    ]
  },
  "Dhuron": {
    "EnemyAddress": "0xb7188",
    "AttackAddress": [
      "0xb71b0"
    ]
  },
  "Fire Warg": {
    "EnemyAddress": "0xb7308",
    "AttackAddress": [
      "0xb7330",
      "0xb7358"
    ]
  },
  "Warg Rider": {
    "EnemyAddress": "0xb7380",
    "AttackAddress": [
      "0xb73a8"
    ]
  },
  "Cave Troll": {
    "EnemyAddress": "0xb73d0",
    "AttackAddress": [
      "0xb73f8",
      "0xb7420"
    ]
  },
  "Ghost": {
    "EnemyAddress": "0xb7448",
    "AttackAddress": []
  },
  "Thornweed": {
    "EnemyAddress": "0xb7470",
    "AttackAddress": []
  },
  "Corpseweed Root": {
    "EnemyAddress": "0xb7498",
    "AttackAddress": []
  },
  "Corpseweed Face": {
    "EnemyAddress": "0xb74c0",
    "AttackAddress": [
      "0xb74e8"
    ]
  },
  "Venus Weed Unflowered": {
    "EnemyAddress": "0xb7510",
    "AttackAddress": []
  },
  "Venus Weed Flowered": {
    "EnemyAddress": "0xb7538",
    "AttackAddress": [
      "0xb7560",
      "0xb7588"
    ]
  },
  "Bomb Knight": {
    "EnemyAddress": "0xb75b0",
    "AttackAddress": [
      "0xb75d8"
    ]
  },
  "Rock Knight": {
    "EnemyAddress": "0xb7600",
    "AttackAddress": [
      "0xb7628"
    ]
  },
  "Intro Dracula 1": {
    "EnemyAddress": "0xb7650",
    "AttackAddress": [
      "0xb7678",
      "0xb76a0"
    ]
  },
  "Intro Dracula 2": {
    "EnemyAddress": "0xb76c8",
    "AttackAddress": [
      "0xb76f0",
      "0xb7718"
    ]
  },
  "Warg": {
    "EnemyAddress": "0xb7740",
    "AttackAddress": [
      "0xb7768",
      "0xb7790"
    ]
  },
  "Slinger": {
    "EnemyAddress": "0xb77b8",
    "AttackAddress": [
      "0xb77e0"
    ]
  },
  "Corner Guard": {
    "EnemyAddress": "0xb7808",
    "AttackAddress": [
      "0xb7830"
    ]
  },
  "Bitterfly": {
    "EnemyAddress": "0xb7858",
    "AttackAddress": []
  },
  "Bone Pillar": {
    "EnemyAddress": "0xb7880",
    "AttackAddress": [
      "0xb78a8"
    ]
  },
  "Spike ball": {
    "EnemyAddress": "0xb78d0",
    "AttackAddress": []
  },
  "Hammer": {
    "EnemyAddress": "0xb78f8",
    "AttackAddress": [
      "0xb7920"
    ]
  },
  "Gurkha": {
    "EnemyAddress": "0xb7948",
    "AttackAddress": [
      "0xb7970"
    ]
  },
  "Blade": {
    "EnemyAddress": "0xb7998",
    "AttackAddress": [
      "0xb79c0",
      "0xb79e8"
    ]
  },
  "Ouija Table": {
    "EnemyAddress": "0xb7a10",
    "AttackAddress": [
      "0xb7a38"
    ]
  },
  "Sniper of Goth": {
    "EnemyAddress": "0xb7a60",
    "AttackAddress": [
      "0xb7a88",
      "0xb7ab0"
    ]
  },
  "Galamoth": {
    "EnemyAddress": "0xb7ad8",
    "AttackAddress": [
      "0xb7c58",
      "0xb7c80",
      "0xb7ca8"
    ]
  },
  "Galamoth Head": {
    "EnemyAddress": "0xb7c30",
    "AttackAddress": []
  },
  "Minotaur 1": {
    "EnemyAddress": "0xb7cd0",
    "AttackAddress": [
      "0xb7cf8",
      "0xb7d20"
    ]
  },
  "Werewolf 1": {
    "EnemyAddress": "0xb7d48",
    "AttackAddress": [
      "0xb7d70",
      "0xb7d98",
      "0xb7dc0"
    ]
  },
  "Paranthropus": {
    "EnemyAddress": "0xb7e10",
    "AttackAddress": [
      "0xb7e38",
      "0xb7e60"
    ]
  },
  "Mudman": {
    "EnemyAddress": "0xb7e88",
    "AttackAddress": [
      "0xb7eb0"
    ]
  },
  "Ghost Dancer": {
    "EnemyAddress": "0xb7ed8",
    "AttackAddress": []
  },
  "Frozen Half": {
    "EnemyAddress": "0xb7f00",
    "AttackAddress": [
      "0xb7f28",
      "0xb7f50",
      "0xb7f78"
    ]
  },
  "Salem Witch": {
    "EnemyAddress": "0xb7fa0",
    "AttackAddress": [
      "0xb7fc8",
      "0xb7ff0"
    ]
  },
  "Azaghal": {
    "EnemyAddress": "0xb8018",
    "AttackAddress": [
	  "0xb8018"
	]
  },
  "Gremlin": {
    "EnemyAddress": "0xb8040",
    "AttackAddress": [
      "0xb8068"
    ]
  },
  "Hunting Girl": {
    "EnemyAddress": "0xb8090",
    "AttackAddress": [
	  "0xb8090"
	]
  },
  "Vandal Sword": {
    "EnemyAddress": "0xb80b8",
    "AttackAddress": [
	  "0xb80b8"
	]
  },
  "Salome": {
    "EnemyAddress": "0xb80e0",
    "AttackAddress": [
      "0xb8108",
      "0xb8130",
      "0xb8158"
    ]
  },
  "Ctulhu": {
    "EnemyAddress": "0xb8180",
    "AttackAddress": [
      "0xb81a8",
      "0xb81d0"
    ]
  },
  "Malachi": {
    "EnemyAddress": "0xb81f8",
    "AttackAddress": [
      "0xb8220",
      "0xb8248"
    ]
  },
  "Harpy": {
    "EnemyAddress": "0xb8270",
    "AttackAddress": [
      "0xb8298",
      "0xb82c0",
      "0xb82e8"
    ]
  },
  "Slogra": {
    "EnemyAddress": "0xb8310",
    "AttackAddress": [
      "0xb8338",
      "0xb8360"
    ]
  },
  "Green Axe Knight": {
    "EnemyAddress": "0xb8388",
    "AttackAddress": [
      "0xb9f00"
    ]
  },
  "Spellbook": {
    "EnemyAddress": "0xb83b0",
    "AttackAddress": [
      "0xb83d8",
      "0xb8400",
      "0xb8558"
    ]
  },
  "Magic Tome": {
    "EnemyAddress": "0xb8580",
    "AttackAddress": [
      "0xb85a8"
    ]
  },
  "Doppleganger 1": {
    "EnemyAddress": "0xb85d0",
    "AttackAddress": [
      "0xb8670",
      "0xb8698",
      "0xb86c0",
      "0xb86e8",
      "0xb8d00"
    ]
  },
  "Gaibon": {
    "EnemyAddress": "0xb85f8",
    "AttackAddress": [
      "0xb8620",
      "0xb8648"
    ]
  },
  "Skull Lord": {
    "EnemyAddress": "0xb8710",
    "AttackAddress": []
  },
  "Lion": {
    "EnemyAddress": "0xb8738",
    "AttackAddress": [
      "0xb8760"
    ]
  },
  "Tin Man": {
    "EnemyAddress": "0xb8788",
    "AttackAddress": [
      "0xb87b0",
      "0xb87d8"
    ]
  },
  "Akmodan": {
    "EnemyAddress": "0xb8800",
    "AttackAddress": [
      "0xb8828",
      "0xb8850",
      "0xb8878"
    ]
  },
  "Cloaked Knight": {
    "EnemyAddress": "0xb88a0",
    "AttackAddress": [
      "0xb88c8"
    ]
  },
  "Darkwing Bat": {
    "EnemyAddress": "0xb88f0",
    "AttackAddress": [
      "0xb8918",
      "0xb8940",
      "0xb8968"
    ]
  },
  "Fishhead": {
    "EnemyAddress": "0xb8990",
    "AttackAddress": [
      "0xb89b8",
      "0xb89e0"
    ]
  },
  "Karasuman": {
    "EnemyAddress": "0xb8a08",
    "AttackAddress": [
      "0xb8a30",
      "0xb8a58",
      "0xb8a80"
    ]
  },
  "Imp": {
    "EnemyAddress": "0xb8aa8",
    "AttackAddress": []
  },
  "Balloon Pod": {
    "EnemyAddress": "0xb8ad0",
    "AttackAddress": [
      "0xb8af8"
    ]
  },
  "Scylla": {
    "EnemyAddress": "0xb8b20",
    "AttackAddress": [
      "0xb8b48",
      "0xb8b70",
      "0xb8b98",
      "0xb8bc0",
      "0xb8be8",
      "0xb8c10"
    ]
  },
  "Scylla Wyrm": {
    "EnemyAddress": "0xb8c38",
    "AttackAddress": []
  },
  "Granfaloon": {
    "EnemyAddress": "0xb8c60",
    "AttackAddress": [
      "0xb8cd8"
    ]
  },
  "Granfaloon Part": {
    "EnemyAddress": "0xb8c88",
    "AttackAddress": [
      "0xb8cb0"
    ]
  },
  "Hippogryph": {
    "EnemyAddress": "0xb8d28",
    "AttackAddress": [
      "0xb8ea8"
    ]
  },
  "Hippogryph Babies": {
    "EnemyAddress": "0xb8e80",
    "AttackAddress": []
  },
  "Medusa head": {
    "EnemyAddress": "0xb8ed0",
    "AttackAddress": []
  },
  "Golden Medusa Head": {
    "EnemyAddress": "0xb8ef8",
    "AttackAddress": []
  },
  "Archer": {
    "EnemyAddress": "0xb8f20",
    "AttackAddress": [
      "0xb8f48"
    ]
  },
  "Richter": {
    "EnemyAddress": "0xb8f70",
    "AttackAddress": [
      "0xb8f98",
      "0xb8fc0",
      "0xb8fe8",
      "0xb9010",
      "0xb9038",
      "0xb9060",
      "0xb9088",
      "0xb90b0",
      "0xb90d8",
      "0xb9100",
      "0xb9128",
      "0xb9150",
      "0xb9178",
      "0xb91a0",
      "0xb95d8",
      "0xb9600"
    ]
  },
  "Scarecrow": {
    "EnemyAddress": "0xb91c8",
    "AttackAddress": []
  },
  "Shmoo": {
    "EnemyAddress": "0xb91f0",
    "AttackAddress": []
  },
  "Beezelbub": {
    "EnemyAddress": "0xb9218",
    "AttackAddress": [
      "0xb9268"
    ]
  },
  "Beezelbub Flies": {
    "EnemyAddress": "0xb9240",
    "AttackAddress": []
  },
  "Shaft Orb": {
    "EnemyAddress": "0xb9290",
    "AttackAddress": []
  },
  "Fake Trevor": {
    "EnemyAddress": "0xb92b8",
    "AttackAddress": [
      "0xb92e0",
      "0xb9308",
      "0xb9330",
      "0xb9358",
      "0xb9380"
    ]
  },
  "Fake Grant": {
    "EnemyAddress": "0xb93a8",
    "AttackAddress": [
      "0xb93d0",
      "0xb93f8"
    ]
  },
  "Fake Sypha": {
    "EnemyAddress": "0xb9420",
    "AttackAddress": [
      "0xb9448",
      "0xb9470",
      "0xb9498"
    ]
  },
  "Zombie Trevor": {
    "EnemyAddress": "0xb94c0",
    "AttackAddress": []
  },
  "Succubus": {
    "EnemyAddress": "0xb94e8",
    "AttackAddress": [
      "0xb9510",
      "0xb9538",
      "0xb9560",
      "0xb9588",
      "0xb95b0"
    ]
  },
  "Killer Fish": {
    "EnemyAddress": "0xb9628",
    "AttackAddress": []
  },
  "Shaft": {
    "EnemyAddress": "0xb9650",
    "AttackAddress": [
      "0xb97a8",
      "0xb97d0",
      "0xb97f8",
      "0xb9820"
    ]
  },
  "Death 1": {
    "EnemyAddress": "0xb9848",
    "AttackAddress": [
      "0xb9870",
      "0xb9898",
      "0xb98c0",
      "0xb98e8"
    ]
  },
  "Death 2": {
    "EnemyAddress": "0xb9910",
    "AttackAddress": [
      "0xb9938"
    ]
  },
  "Cerberus": {
    "EnemyAddress": "0xb9960",
    "AttackAddress": [
      "0xb9988",
      "0xb99b0"
    ]
  },
  "Medusa": {
    "EnemyAddress": "0xb99d8",
    "AttackAddress": [
      "0xb9a00",
      "0xb9a28",
      "0xb9a50"
    ]
  },
  "The Creature": {
    "EnemyAddress": "0xb9a78",
    "AttackAddress": [
      "0xb9aa0"
    ]
  },
  "Doppleganger 2": {
    "EnemyAddress": "0xb9ac8",
    "AttackAddress": [
      "0xb9af0",
      "0xb9b18",
      "0xb9b40",
      "0xb9b68",
      "0xb9b90",
      "0xb9bb8"
    ]
  },
  "Dracula": {
    "EnemyAddress": "0xb9be0",
    "AttackAddress": [
      "0xb9c30",
      "0xb9c58",
      "0xb9c80"
    ]
  },
  "Dracula Hands": {
    "EnemyAddress": "0xb9c08",
    "AttackAddress": []
  },
  "Stone Skull": {
    "EnemyAddress": "0xb9ca8",
    "AttackAddress": []
  },
  "Minotaur 2": {
    "EnemyAddress": "0xb9cf8",
    "AttackAddress": [
      "0xb9d20",
      "0xb9d48"
    ]
  },
  "Werewolf 2": {
    "EnemyAddress": "0xb9d70",
    "AttackAddress": [
      "0xb9d98",
      "0xb9dc0"
    ]
  },
  "Blue Venus Weed Unflowered": {
    "EnemyAddress": "0xb9de8",
    "AttackAddress": []
  },
  "Blue Venus Weed Flowered": {
    "EnemyAddress": "0xb9e10",
    "AttackAddress": [
      "0xb9e38",
      "0xb9e60"
    ]
  },
  "Guardian": {
    "EnemyAddress": "0xb9e88",
    "AttackAddress": [
      "0xb9eb0",
      "0xb9ed8"
    ]
  }
}