{
  "id": "MAP_PETALBURG_CITY",
  "name": "PetalburgCity",
  "layout": "LAYOUT_PETALBURG_CITY",
  "music": "MUS_ANHEIM_TOWN",
  "region_map_section": "MAPSEC_PETALBURG_CITY",
  "requires_flash": false,
  "weather": "WEATHER_SUNNY_CLOUDS",
  "map_type": "MAP_TYPE_CITY",
  "allow_cycling": true,
  "allow_escaping": false,
  "allow_running": true,
  "show_map_name": true,
  "battle_scene": "MAP_BATTLE_SCENE_NORMAL",
  "connections": 0,
  "object_events": [
    {
      "graphics_id": "OBJ_EVENT_GFX_WOMAN_4",
      "x": 4,
      "y": 10,
      "elevation": 3,
      "movement_type": "MOVEMENT_TYPE_WANDER_AROUND",
      "movement_range_x": 1,
      "movement_range_y": 1,
      "trainer_type": "TRAINER_TYPE_NONE",
      "trainer_sight_or_berry_tree_id": "0",
      "script": "PetalburgCity_EventScript_WallysMom",
      "flag": "0"
    },
    {
      "graphics_id": "OBJ_EVENT_GFX_WALLY",
      "x": 5,
      "y": 10,
      "elevation": 3,
      "movement_type": "MOVEMENT_TYPE_NONE",
      "movement_range_x": 0,
      "movement_range_y": 0,
      "trainer_type": "TRAINER_TYPE_NONE",
      "trainer_sight_or_berry_tree_id": "0",
      "script": "0x0",
      "flag": "0"
    },
    {
      "graphics_id": "OBJ_EVENT_GFX_GENTLEMAN",
      "x": 6,
      "y": 10,
      "elevation": 3,
      "movement_type": "MOVEMENT_TYPE_NONE",
      "movement_range_x": 0,
      "movement_range_y": 1,
      "trainer_type": "TRAINER_TYPE_NONE",
      "trainer_sight_or_berry_tree_id": "0",
      "script": "PetalburgCity_EventScript_Gentleman",
      "flag": "0"
    },
    {
      "graphics_id": "OBJ_EVENT_GFX_POKEFAN_M",
      "x": 7,
      "y": 10,
      "elevation": 3,
      "movement_type": "MOVEMENT_TYPE_FACE_DOWN",
      "movement_range_x": 0,
      "movement_range_y": 0,
      "trainer_type": "TRAINER_TYPE_NONE",
      "trainer_sight_or_berry_tree_id": "0",
      "script": "0x0",
      "flag": "0"
    },
    {
      "graphics_id": "OBJ_EVENT_GFX_PSYCHIC_M",
      "x": 8,
      "y": 10,
      "elevation": 3,
      "movement_type": "MOVEMENT_TYPE_LOOK_AROUND",
      "movement_range_x": 0,
      "movement_range_y": 0,
      "trainer_type": "TRAINER_TYPE_NONE",
      "trainer_sight_or_berry_tree_id": "0",
      "script": "PetalburgCity_EventScript_DoorWarp",
      "flag": "0"
    },
    {
      "graphics_id": "OBJ_EVENT_GFX_PROF_BIRCH",
      "x": 19,
      "y": 8,
      "elevation": 3,
      "movement_type": "MOVEMENT_TYPE_LOOK_AROUND",
      "movement_range_x": 1,
      "movement_range_y": 1,
      "trainer_type": "TRAINER_TYPE_NONE",
      "trainer_sight_or_berry_tree_id": "0",
      "script": "Follower_Debug",
      "flag": "0"
    },
    {
      "graphics_id": "OBJ_EVENT_GFX_SCHOOL_KID_M",
      "x": 4,
      "y": 26,
      "elevation": 0,
      "movement_type": "MOVEMENT_TYPE_NONE",
      "movement_range_x": 0,
      "movement_range_y": 0,
      "trainer_type": "TRAINER_TYPE_NONE",
      "trainer_sight_or_berry_tree_id": "0",
      "script": "GiveQuest",
      "flag": "0"
    },
    {
      "graphics_id": "OBJ_EVENT_GFX_SCHOOL_KID_M",
      "x": 5,
      "y": 26,
      "elevation": 0,
      "movement_type": "MOVEMENT_TYPE_NONE",
      "movement_range_x": 0,
      "movement_range_y": 0,
      "trainer_type": "TRAINER_TYPE_NONE",
      "trainer_sight_or_berry_tree_id": "0",
      "script": "SetQuest",
      "flag": "0"
    },
    {
      "graphics_id": "OBJ_EVENT_GFX_VAR_1",
      "x": 19,
      "y": 9,
      "elevation": 0,
      "movement_type": "MOVEMENT_TYPE_NONE",
      "movement_range_x": 0,
      "movement_range_y": 0,
      "trainer_type": "TRAINER_TYPE_NONE",
      "trainer_sight_or_berry_tree_id": "0",
      "script": "EventScript_Follower",
      "flag": "FLAG_UNUSED_0x020"
    },
    {
      "graphics_id": "OBJ_EVENT_GFX_RATTATA_OW",
      "x": 12,
      "y": 24,
      "elevation": 0,
      "movement_type": "MOVEMENT_TYPE_WANDER_AROUND",
      "movement_range_x": 0,
      "movement_range_y": 0,
      "trainer_type": "TRAINER_TYPE_NONE",
      "trainer_sight_or_berry_tree_id": "0",
      "script": "NULL",
      "flag": "0"
    }
  ],
  "warp_events": [
    {
      "x": 12,
      "y": 7,
      "elevation": 0,
      "dest_map": "MAP_ROUTE31",
      "dest_warp_id": "0"
    },
    {
      "x": 8,
      "y": 7,
      "elevation": 0,
      "dest_map": "MAP_ROUTE1",
      "dest_warp_id": "0"
    },
    {
      "x": 4,
      "y": 7,
      "elevation": 0,
      "dest_map": "MAP_HIGHWIND_VILLAGE",
      "dest_warp_id": "0"
    },
    {
      "x": 17,
      "y": 7,
      "elevation": 0,
      "dest_map": "MAP_PETALBURG_CITY_POKEMON_CENTER_1F",
      "dest_warp_id": "1"
    },
    {
      "x": 12,
      "y": 10,
      "elevation": 0,
      "dest_map": "MAP_PETALBURG_CITY_HOUSE2",
      "dest_warp_id": "0"
    },
    {
      "x": 7,
      "y": 1,
      "elevation": 0,
      "dest_map": "MAP_PETALBURG_CITY_MART",
      "dest_warp_id": "0"
    }
  ],
  "coord_events": [
    {
      "type": "trigger",
      "x": 0,
      "y": 9,
      "elevation": 3,
      "var": "VAR_PETALBURG_CITY_STATE",
      "var_value": "0",
      "script": "PetalburgCity_EventScript_ShowGymToPlayer0"
    },
    {
      "type": "trigger",
      "x": 0,
      "y": 11,
      "elevation": 3,
      "var": "VAR_PETALBURG_CITY_STATE",
      "var_value": "0",
      "script": "PetalburgCity_EventScript_ShowGymToPlayer1"
    },
    {
      "type": "trigger",
      "x": 0,
      "y": 12,
      "elevation": 3,
      "var": "VAR_PETALBURG_CITY_STATE",
      "var_value": "0",
      "script": "PetalburgCity_EventScript_ShowGymToPlayer2"
    },
    {
      "type": "trigger",
      "x": 0,
      "y": 13,
      "elevation": 3,
      "var": "VAR_PETALBURG_CITY_STATE",
      "var_value": "0",
      "script": "PetalburgCity_EventScript_ShowGymToPlayer3"
    },
    {
      "type": "trigger",
      "x": 8,
      "y": 1,
      "elevation": 3,
      "var": "VAR_TEMP_0",
      "var_value": "0",
      "script": "NULL"
    },
    {
      "type": "trigger",
      "x": 0,
      "y": 6,
      "elevation": 3,
      "var": "VAR_SCOTT_PETALBURG_ENCOUNTER",
      "var_value": "0",
      "script": "PetalburgCity_EventScript_Scott1"
    },
    {
      "type": "trigger",
      "x": 0,
      "y": 8,
      "elevation": 3,
      "var": "VAR_SCOTT_PETALBURG_ENCOUNTER",
      "var_value": "0",
      "script": "PetalburgCity_EventScript_Scott2"
    },
    {
      "type": "trigger",
      "x": 0,
      "y": 7,
      "elevation": 3,
      "var": "VAR_SCOTT_PETALBURG_ENCOUNTER",
      "var_value": "0",
      "script": "PetalburgCity_EventScript_Scott3"
    }
  ],
  "bg_events": [
    {
      "type": "sign",
      "x": 16,
      "y": 1,
      "elevation": 0,
      "player_facing_dir": "BG_EVENT_PLAYER_FACING_ANY",
      "script": "PetalburgCity_EventScript_GymSign"
    },
    {
      "type": "sign",
      "x": 9,
      "y": 1,
      "elevation": 0,
      "player_facing_dir": "BG_EVENT_PLAYER_FACING_NORTH",
      "script": "Common_EventScript_ShowPokemartSign"
    },
    {
      "type": "sign",
      "x": 12,
      "y": 1,
      "elevation": 0,
      "player_facing_dir": "BG_EVENT_PLAYER_FACING_NORTH",
      "script": "Common_EventScript_ShowPokemonCenterSign"
    },
    {
      "type": "sign",
      "x": 15,
      "y": 1,
      "elevation": 0,
      "player_facing_dir": "BG_EVENT_PLAYER_FACING_ANY",
      "script": "PetalburgCity_EventScript_CitySign"
    },
    {
      "type": "sign",
      "x": 11,
      "y": 1,
      "elevation": 0,
      "player_facing_dir": "BG_EVENT_PLAYER_FACING_NORTH",
      "script": "Common_EventScript_ShowPokemonCenterSign"
    },
    {
      "type": "sign",
      "x": 10,
      "y": 1,
      "elevation": 0,
      "player_facing_dir": "BG_EVENT_PLAYER_FACING_NORTH",
      "script": "Common_EventScript_ShowPokemartSign"
    },
    {
      "type": "sign",
      "x": 6,
      "y": 1,
      "elevation": 0,
      "player_facing_dir": "BG_EVENT_PLAYER_FACING_ANY",
      "script": "PetalburgCity_EventScript_WallyHouseSign"
    },
    {
      "type": "hidden_item",
      "x": 14,
      "y": 1,
      "elevation": 3,
      "item": "ITEM_RARE_CANDY",
      "flag": "FLAG_HIDDEN_ITEM_PETALBURG_CITY_RARE_CANDY"
    }
  ]
}
