<?xml version="1.0" encoding="UTF-8"?>
<files>
  <file name="1.png" source="original">
    <mtime>1675319853</mtime>
    <size>43348</size>
    <md5>95e939377cb02e16f4c1b3b4e4dff300</md5>
    <crc32>1c280f6f</crc32>
    <sha1>b016c2a3b01756897ed44d15420f346ccb6ccd2e</sha1>
    <format>PNG</format>
  </file>
  <file name="1_thumb.jpg" source="derivative">
    <format>JPEG Thumb</format>
    <original>1.png</original>
    <mtime>1675320188</mtime>
    <size>6079</size>
    <md5>2ef0c1b0a47972e5b620dc7d031b4da8</md5>
    <crc32>41d207b7</crc32>
    <sha1>5a49b6dc8ae8edbd5ca9eed21a6920f4641501c9</sha1>
  </file>
  <file name="2.png" source="original">
    <mtime>1675319857</mtime>
    <size>123342</size>
    <md5>c80493ed58c6549e5440c81baf64b4ae</md5>
    <crc32>95f786b1</crc32>
    <sha1>ba4ff5ba52cd2e50c3ae94288ff273de39a430ed</sha1>
    <format>PNG</format>
  </file>
  <file name="2_thumb.jpg" source="derivative">
    <format>JPEG Thumb</format>
    <original>2.png</original>
    <mtime>1675320191</mtime>
    <size>7686</size>
    <md5>c739917ab6dff37e085ed9a10771a214</md5>
    <crc32>8805d3c9</crc32>
    <sha1>dc8c4e67f5257338bdea0bde241967119ab40f18</sha1>
  </file>
  <file name="Instructions.txt" source="original">
    <mtime>1675319851</mtime>
    <size>2200</size>
    <md5>e344b3a0aae677cdfd28172309552689</md5>
    <crc32>37ab6af8</crc32>
    <sha1>bc8d896705eed610eb919828bc9fd6ae95da548b</sha1>
    <format>Text</format>
    <viruscheck>1675320181</viruscheck>
  </file>
  <file name="SM64_All_or_Nothing.xdelta" source="original">
    <mtime>1675319837</mtime>
    <size>4010219</size>
    <md5>062f0fd0bf460f0b59db3c2b3a750c35</md5>
    <crc32>0d5c83f2</crc32>
    <sha1>9151bae75df997850dd8678d6208824046e9fb89</sha1>
    <format>Unknown</format>
    <viruscheck>1675320181</viruscheck>
  </file>
  <file name="__ia_thumb.jpg" source="original">
    <mtime>1675319867</mtime>
    <size>7705</size>
    <md5>ed671e6d19b8923ed16cae6e229d577d</md5>
    <crc32>caaba425</crc32>
    <sha1>afa1ae61bec5c3fc27d38f0d9305ecfb68afdcfa</sha1>
    <format>Item Tile</format>
    <rotation>0</rotation>
  </file>
  <file name="image.png" source="original">
    <mtime>1675319855</mtime>
    <size>135230</size>
    <md5>bb64bf38b12b2dab8159bf6f7b1e25e9</md5>
    <crc32>00058ba2</crc32>
    <sha1>f451ce7223f07c71da4b65a5a08dee91057146d6</sha1>
    <format>PNG</format>
  </file>
  <file name="image_thumb.jpg" source="derivative">
    <format>JPEG Thumb</format>
    <original>image.png</original>
    <mtime>1675320194</mtime>
    <size>8056</size>
    <md5>34943cf9e06c11d9e1091eec44a67ef7</md5>
    <crc32>c0a1c78e</crc32>
    <sha1>2172fa31c13f1e08fcf457f854a7a49e5008cb04</sha1>
  </file>
  <file name="sm64-all-or-nothing-n64_archive.torrent" source="metadata">
    <btih>87d71064eb02972f305cbcd6e78395718ca86b4b</btih>
    <mtime>1689387215</mtime>
    <size>3233</size>
    <md5>8220f849231b0c904b4f51f988c26403</md5>
    <crc32>f3d61428</crc32>
    <sha1>9fd835d2bea5c42195245b6ae3e7b67f81a78453</sha1>
    <format>Archive BitTorrent</format>
  </file>
  <file name="sm64-all-or-nothing-n64_files.xml" source="original">
    <format>Metadata</format>
    <md5>cb1bd9144cea5425777588876818fe9e</md5>
    <summation>md5</summation>
  </file>
  <file name="sm64-all-or-nothing-n64_meta.sqlite" source="original">
    <mtime>1675319861</mtime>
    <size>32768</size>
    <md5>fd760ee6d740006175e5a639e2743b45</md5>
    <crc32>c9978eba</crc32>
    <sha1>17bc2f8545b68edfad29f4b24db65229dd1e1a4f</sha1>
    <format>Metadata</format>
  </file>
  <file name="sm64-all-or-nothing-n64_meta.xml" source="original">
    <mtime>1689387214</mtime>
    <size>959</size>
    <md5>890bad543cfc1d832f02f9ed62322d91</md5>
    <crc32>13045629</crc32>
    <sha1>77849a97185e5fdffcb089054675c82b46208aa2</sha1>
    <format>Metadata</format>
  </file>
</files>
