<?xml version="1.0" encoding="UTF-8"?>
<metadata>
  <identifier>sm64-all-or-nothing-n64</identifier>
  <mediatype>software</mediatype>
  <collection>open_source_software</collection>
  <creator>Apioeus</creator>
  <date>2015-01</date>
  <description>&lt;a href="https://www.smwcentral.net/?p=section&amp;amp;a=details&amp;amp;id=10990" rel="nofollow"&gt;Source&lt;/a&gt;</description>
  <scanner>Internet Archive HTML5 Uploader 1.7.0</scanner>
  <subject>Rom Hack</subject>
  <subject>Super Mario</subject>
  <subject>Mario</subject>
  <subject>Super Mario 64</subject>
  <subject>N64</subject>
  <subject>Nintendo 64</subject>
  <title>SM64: All Or Nothing N64 (Rom Hack)</title>
  <uploader>lorenzsandi@gmail.com</uploader>
  <publicdate>2023-02-02 06:37:29</publicdate>
  <addeddate>2023-02-02 06:37:29</addeddate>
  <curation>[curator]validator@archive.org[/curator][date]20230202064301[/date][comment]checked for malware[/comment]</curation>
</metadata>
