<?xml version="1.0" encoding="UTF-8"?>
<metadata>
  <identifier>all-extras-and-megatron-x-unlocked-patch</identifier>
  <mediatype>software</mediatype>
  <collection>open_source_software</collection>
  <creator>TheWhiteDevil27; Gameshark codes courtesy of TFWiki.net, Viper187, and davintheraven</creator>
  <date>2023-07-31</date>
  <description>&lt;div&gt;a rom hack of sorts I compiled of the Japanese version of Transformers - Beast Wars Transmetals on the N64 (Transformers - Beast Wars Metals 64) that unlocks all the extras and the previously Transfer Pak-exclusive Megatron X from the start using a few Gameshark codes I found, Marc Robeldo's Rom Patcher JS: &lt;a href="https://www.marcrobledo.com/RomPatcher.js/" rel="nofollow"&gt;https://www.marcrobledo.com/RomPatcher.js/&lt;/a&gt;, and triclon's Nintendo 64 Gameshark Code Injector: &lt;a href="https://www.romhacking.net/utilities/1659/" rel="nofollow"&gt;https://www.romhacking.net/utilities/1659/&lt;/a&gt;&lt;br /&gt;&lt;/div&gt;&lt;div&gt;&lt;br /&gt;&lt;/div&gt;&lt;div&gt;requires the N64 Expansion Pak &lt;br /&gt;&lt;/div&gt;&lt;div&gt;&lt;br /&gt;&lt;/div&gt;&lt;div&gt;please read the "Read Me.txt" file provided inside the zip for more info and the very Gameshark codes I used to compile this hack&lt;/div&gt;</description>
  <scanner>Internet Archive HTML5 Uploader 1.7.0</scanner>
  <subject>transformers</subject>
  <subject>nintendo 64</subject>
  <subject>n64</subject>
  <subject>rom hack</subject>
  <subject>hack</subject>
  <subject>patch</subject>
  <subject>beast wars metals</subject>
  <subject>beast wars transmetals</subject>
  <subject>Takara</subject>
  <subject>Takara Tomy</subject>
  <subject>expansion pak</subject>
  <subject>video game</subject>
  <subject>Gameshark</subject>
  <subject>Datel</subject>
  <subject>InterAct</subject>
  <subject>Action Replay</subject>
  <subject>Hasbro</subject>
  <subject>BAM! Entertainment</subject>
  <title>Transformers: Beast Wars Metals 64 (N64) All Extras + Megatron X Unlocked Hack</title>
  <uploader>issiefm123@gmail.com</uploader>
  <publicdate>2023-08-01 04:52:08</publicdate>
  <addeddate>2023-08-01 04:52:08</addeddate>
  <curation>[curator]validator@archive.org[/curator][date]20230801045827[/date][comment]checked for malware[/comment]</curation>
  <year>2023</year>
</metadata>
