<?xml version="1.0" encoding="UTF-8"?>
<files>
  <file name="All Extras and Megatron X Unlocked Patch.zip" source="original">
    <mtime>1690865496</mtime>
    <size>1876</size>
    <md5>9fbabed6b963c9953e7b1ebab3293088</md5>
    <crc32>f442ebb1</crc32>
    <sha1>b1c9d21771e45d62b9cb2bec970842bbd1f7a651</sha1>
    <format>ZIP</format>
    <filecount>2</filecount>
    <viruscheck>1690865907</viruscheck>
  </file>
  <file name="__ia_thumb.jpg" source="original">
    <mtime>1690865575</mtime>
    <size>13222</size>
    <md5>e78b04f70d9c32f69e5fb37ef4fdb487</md5>
    <crc32>89a6cfd9</crc32>
    <sha1>d8b44e7281e60b252dfdbe930b27a24e0c43893d</sha1>
    <format>Item Tile</format>
    <rotation>0</rotation>
  </file>
  <file name="all-extras-and-megatron-x-unlocked-patch_archive.torrent" source="metadata">
    <btih>604c74382c3b915b1b595582cdfde04b6f6cd95e</btih>
    <mtime>1690948754</mtime>
    <size>3573</size>
    <md5>f09146005264145db2f8f3e33d4dc041</md5>
    <crc32>2152e960</crc32>
    <sha1>b9321c4baa09c02a1528d84fce396b4308bca106</sha1>
    <format>Archive BitTorrent</format>
  </file>
  <file name="all-extras-and-megatron-x-unlocked-patch_files.xml" source="original">
    <format>Metadata</format>
    <md5>f2de3e5100d903300d6acdab2bacee5e</md5>
    <summation>md5</summation>
  </file>
  <file name="all-extras-and-megatron-x-unlocked-patch_meta.sqlite" source="original">
    <mtime>1690865567</mtime>
    <size>40960</size>
    <md5>8b3921cde8abbe6f79c5fbe5b1d423ba</md5>
    <crc32>e396ab9a</crc32>
    <sha1>f9ae9f0a055b1301afdae9f4ec5ebae90d7e72f7</sha1>
    <format>Metadata</format>
  </file>
  <file name="all-extras-and-megatron-x-unlocked-patch_meta.xml" source="original">
    <mtime>1690948751</mtime>
    <size>2328</size>
    <md5>6ccc8c972dc94daab1130bc3b8e7dc64</md5>
    <crc32>7f7bd2ee</crc32>
    <sha1>26d82d6d2db17afc91da0c42ef7f87c8e6382b58</sha1>
    <format>Metadata</format>
  </file>
  <file name="beastwarsmetals64-000.png" source="original">
    <mtime>1690865518</mtime>
    <size>284353</size>
    <md5>6f84c26625c04ad8363aaf4eb6752f78</md5>
    <crc32>69790d23</crc32>
    <sha1>007abbd5526d86f983b441eaca1f1361e95199eb</sha1>
    <format>PNG</format>
  </file>
  <file name="beastwarsmetals64-000_thumb.jpg" source="derivative">
    <format>JPEG Thumb</format>
    <original>beastwarsmetals64-000.png</original>
    <mtime>1690865957</mtime>
    <size>8720</size>
    <md5>92508b0b020cb400f9ddc6e2cc5f0855</md5>
    <crc32>68815f81</crc32>
    <sha1>14a16fcc3ce041ac066c0e64c60767637e60deb2</sha1>
  </file>
  <file name="beastwarsmetals64-002.png" source="original">
    <mtime>1690865522</mtime>
    <size>118912</size>
    <md5>78fa6ef871ec09d93fba2d924f408d2a</md5>
    <crc32>afa2a9dc</crc32>
    <sha1>2bbc229da2051eac158d54309bcd8cc8aa90fc49</sha1>
    <format>PNG</format>
  </file>
  <file name="beastwarsmetals64-002_thumb.jpg" source="derivative">
    <format>JPEG Thumb</format>
    <original>beastwarsmetals64-002.png</original>
    <mtime>1690865961</mtime>
    <size>7574</size>
    <md5>b9a1b8b0c6328540f88bfac5e382f2bd</md5>
    <crc32>7f07293f</crc32>
    <sha1>f9730c27781f0bfc3a51ff677cea735bb04efc4a</sha1>
  </file>
  <file name="beastwarsmetals64-003.png" source="original">
    <mtime>1690865525</mtime>
    <size>130939</size>
    <md5>29cbbd7ea5d209a7ddcbe1c1517c511d</md5>
    <crc32>0d2ea3ca</crc32>
    <sha1>5e16665beaee20f11b2ec6c51389dae9bcedd7a4</sha1>
    <format>PNG</format>
  </file>
  <file name="beastwarsmetals64-003_thumb.jpg" source="derivative">
    <format>JPEG Thumb</format>
    <original>beastwarsmetals64-003.png</original>
    <mtime>1690865965</mtime>
    <size>7870</size>
    <md5>60249b231c045ccf3d6991262f8cbb99</md5>
    <crc32>8116ea4e</crc32>
    <sha1>834cd8d52240bcedeee67aae899fea9f90d19072</sha1>
  </file>
  <file name="beastwarsmetals64-004.png" source="original">
    <mtime>1690865514</mtime>
    <size>236589</size>
    <md5>d9fbf8df0c715c8d91fc599bb8c065f6</md5>
    <crc32>f91ff599</crc32>
    <sha1>9127d01b348e1c586ea7581b3f9918f94f2bc082</sha1>
    <format>PNG</format>
  </file>
  <file name="beastwarsmetals64-004_thumb.jpg" source="derivative">
    <format>JPEG Thumb</format>
    <original>beastwarsmetals64-004.png</original>
    <mtime>1690865968</mtime>
    <size>6423</size>
    <md5>150915f66e21b64f04f74a965c79228c</md5>
    <crc32>a0adbb1c</crc32>
    <sha1>19c794d605743f2379faa116c9570b7c67c3c4f4</sha1>
  </file>
</files>
