<?xml version="1.0" encoding="UTF-8"?>
<metadata>
  <identifier>build-700</identifier>
  <mediatype>software</mediatype>
  <collection>open_source_software</collection>
  <creator>SpongeToo</creator>
  <date>2023-10-31</date>
  <description>&lt;div&gt;&lt;i&gt;&lt;b&gt;Notes from the creator&lt;/b&gt;&lt;/i&gt; -- I don't like this mod but I also don't hate this mod. It's just...I don't really care about this.&lt;/div&gt;&lt;div&gt;It is a middle-ground between 0.9 and the more fixed build made by the former devs. More and less bugs indeed.&lt;/div&gt;&lt;div&gt;I want to clarify that the YouTuber version was not enough, it was an attempt in wiping songs (mostly WOB) with another, except not all WOB songs has been wiped yet.&lt;/div&gt;&lt;div&gt;If you want a great B3313 experience you should try the more properly fixed version instead made by the former devs.&lt;/div&gt;&lt;div&gt;If you want a more-polished B3313 experience try the official 1.0 made by the original dev.&lt;/div&gt;&lt;div&gt;Keeping this for preservation purposes.&lt;/div&gt;&lt;div&gt;&lt;b&gt;&lt;i&gt;&lt;br /&gt;&lt;/i&gt;&lt;/b&gt;&lt;/div&gt;&lt;div&gt;&lt;b&gt;&lt;i&gt;"Only those with a truly unbreakable spirit and 70 stars shall come face to face with the final truth... Is it worth it?"&lt;/i&gt;&lt;/b&gt;&lt;br /&gt;&lt;/div&gt;&lt;div&gt;&lt;b&gt;&lt;br /&gt;&lt;/b&gt;&lt;/div&gt;&lt;div&gt;&lt;b&gt;B700&lt;/b&gt; (also known as &lt;b&gt;Build 700&lt;/b&gt;) is a B3313 v0.9 ROM hack that restores the original experience w/ improvements and stuff.&lt;/div&gt;&lt;div&gt;This archive contains two patches of B700, all of which can be applied to your existing B3313 v0.9 ROM file.&lt;/div&gt;&lt;div&gt;&lt;b&gt;We recommend you to get the original version since that's the version you're looking for.&lt;/b&gt; Otherwise if you wanted to record gameplay in order to upload it on YouTube, get the YouTuber version instead which has all of wasteofblood's music removed to fit the needs of uploading B700 gameplay on YouTube. Except for some songs like Minion Base, of course, as you'll have to mute it by yourself.&lt;/div&gt;&lt;div&gt;&lt;br /&gt;&lt;/div&gt;&lt;div&gt;Unfortunately, I couldn't fix everything. That also includes the red star door (Thanks, Charles445.), ending, Dream Tower, Goomboss Battle and Bob-omb Battlefield (beta) crashes, but this is the improvement you're likely gonna get and play it with most(?) improvements and fixes. (for now...?)&lt;/div&gt;&lt;div&gt;Because of the red star door being broken and Charles didn't fix the red stars at all, I've made all of red stars count as a normal star while still retaining its power of personalization.&lt;/div&gt;&lt;div&gt;I also polished more stuff to be "accurate" just like the Shoshinkai 1995 demo and made it interesting as I could. Of course there's still more stuff to do, but I just finished it few days before the release date. Some textures are replaced with a better one, and object placements were slightly modified by me. Indigo Cave is also included as well w/o any silver stars in order to not interrupt the gameplay experience.&lt;/div&gt;&lt;div&gt;There are some more stuff that I want to say right now, but I can't say it. Sorry about that.&lt;/div&gt;&lt;div&gt;&lt;br /&gt;&lt;/div&gt;&lt;div&gt;&lt;b&gt;Requires an existing B3313 v0.9 ROM file. &lt;a href="https://romhacking.com/hack/b3313-super-mario-64-internal-plexus" rel="nofollow"&gt;The patch file can be found in Romhacking.com.&lt;/a&gt;&lt;/b&gt;&lt;/div&gt;&lt;div&gt;[MD5: 5df2fea64a017731b9268559a362722d]&lt;/div&gt;&lt;div&gt;&lt;b&gt;You'll also need a Super Mario 64 USA cartridge in order to patch all of this.&lt;/b&gt;&lt;/div&gt;&lt;div&gt;[MD5: 20b854b239203baf6c961b850a4a51a2]&lt;/div&gt;&lt;div&gt;&lt;br /&gt;&lt;/div&gt;&lt;div&gt;Credits:&lt;/div&gt;&lt;div&gt;&lt;b&gt;Original B700 Team&lt;/b&gt;&lt;/div&gt;&lt;div&gt;Charles445 - Star ID fixes&lt;/div&gt;&lt;div&gt;FluffaMario - Character model fixes&lt;/div&gt;&lt;div&gt;SpongeToo - Project lead&lt;/div&gt;&lt;div&gt;SuperGarlic64 - Texture design&lt;/div&gt;&lt;div&gt;&lt;br /&gt;&lt;/div&gt;&lt;div&gt;&lt;b&gt;Original B3313 Team&lt;/b&gt;&lt;/div&gt;&lt;div&gt;&lt;br /&gt;&lt;/div&gt;&lt;div&gt;&lt;b&gt;Original The Preservation Project Texture Team&lt;/b&gt;&lt;/div&gt;</description>
  <language>eng</language>
  <scanner>Internet Archive HTML5 Uploader 1.7.0</scanner>
  <subject>sm64</subject>
  <subject>internal castle plexus</subject>
  <subject>super mario 64 beta</subject>
  <subject>wario apparition</subject>
  <subject>shoshinkai</subject>
  <subject>spaceworld</subject>
  <subject>b-roll</subject>
  <subject>1995</subject>
  <subject>july 29th</subject>
  <subject>1995/07/29</subject>
  <subject>bowser room</subject>
  <subject>4th floor</subject>
  <subject>every copy is personalized</subject>
  <subject>e3 1996</subject>
  <subject>personalization a.i.</subject>
  <title>Build 700 (an unofficial B3313 v0.9 improvement)</title>
  <uploader>notvillager64@protonmail.com</uploader>
  <publicdate>2023-10-31 15:15:50</publicdate>
  <addeddate>2023-10-31 15:15:50</addeddate>
  <curation>[curator]validator@archive.org[/curator][date]20231031151617[/date][comment]checked for malware[/comment]</curation>
  <year>2023</year>
</metadata>
