<?xml version="1.0" encoding="UTF-8"?>
<files>
  <file name="B700 for YouTubers v1.0.bps" source="original">
    <mtime>1698768419</mtime>
    <size>97363</size>
    <md5>19fb2ff79d773b0e004929887ae684f7</md5>
    <crc32>2144df1c</crc32>
    <sha1>d12f0ed4608dd8eb2897114601d63442b1e82aae</sha1>
    <format>Unknown</format>
    <viruscheck>1698768736</viruscheck>
  </file>
  <file name="B700 v1.0.bps" source="original">
    <mtime>1698768422</mtime>
    <size>97119</size>
    <md5>8165932919772ba41d6a9a5a60c5bc09</md5>
    <crc32>2144df1c</crc32>
    <sha1>9203312cb17c76da82ced82d8b507e9462175aa8</sha1>
    <format>Unknown</format>
    <viruscheck>1698768736</viruscheck>
  </file>
  <file name="__ia_thumb.jpg" source="original">
    <mtime>1698765372</mtime>
    <size>14659</size>
    <md5>8eaf5ff52e4095ea463d0b127fc611d5</md5>
    <crc32>f279b5b4</crc32>
    <sha1>9c77ba87ded67e6a3ba93bab622af6a5d06e7d3b</sha1>
    <format>Item Tile</format>
    <rotation>0</rotation>
  </file>
  <file name="build-700_archive.torrent" source="metadata">
    <btih>6870957b6bae144f85067b2e3d3fec91bbb9bea1</btih>
    <mtime>1731017345</mtime>
    <size>2343</size>
    <md5>057868c3239c7bf98f98992e85e59bdb</md5>
    <crc32>e20ee652</crc32>
    <sha1>3cc6a2a9582ab5561010eb5c8e28e51d289ffa74</sha1>
    <format>Archive BitTorrent</format>
  </file>
  <file name="build-700_files.xml" source="original">
    <format>Metadata</format>
    <md5>34945a810404d6b2ab4eca57e13b0b25</md5>
    <summation>md5</summation>
  </file>
  <file name="build-700_meta.sqlite" source="original">
    <mtime>1698768424</mtime>
    <size>36864</size>
    <md5>56fc5a1819afaae5d0ba798178fa55b8</md5>
    <crc32>26733725</crc32>
    <sha1>12379c707f968dc408a381342cd1b3dd3de96023</sha1>
    <format>Metadata</format>
  </file>
  <file name="build-700_meta.xml" source="original">
    <mtime>1731017342</mtime>
    <size>5301</size>
    <md5>cd17841aefa18f4f5efba4feb329dad2</md5>
    <crc32>2056b0d2</crc32>
    <sha1>071a9d9eebd58974305fae4ded3c981965e85f60</sha1>
    <format>Metadata</format>
  </file>
  <file name="build-700_preview.png" source="original">
    <mtime>1698765327</mtime>
    <size>337747</size>
    <md5>0467374476de85cc03f93e9a7f3a6cdd</md5>
    <crc32>f011fbf2</crc32>
    <sha1>0e59bba31f2dcce003b7b81285c14389ff3a0f3f</sha1>
    <format>PNG</format>
  </file>
  <file name="build-700_preview_thumb.jpg" source="derivative">
    <format>JPEG Thumb</format>
    <original>build-700_preview.png</original>
    <mtime>1698765456</mtime>
    <size>8210</size>
    <md5>aca713b6ff8985069c6ba53abf8f1bbc</md5>
    <crc32>df9b9819</crc32>
    <sha1>34d59f32618c507eb7ff653c33a6d5ad87a6678b</sha1>
  </file>
</files>
