{
    "game_id": 2322399,
    "title": "FE: Blaze and Thunder",
    "url": "https://anarch16sync.itch.io/fe-blaze-and-thunder",
    "cover_url": "https://img.itch.zone/aW1nLzEzNzU2Njk3LmpwZw==/original/8ElIHq.jpg",
    "screenshots": [
        "https://img.itch.zone/aW1hZ2UvMjMyMjM5OS8xMzk5Mjk5NS5wbmc=/original/qF50XY.png",
        "https://img.itch.zone/aW1hZ2UvMjMyMjM5OS8xMzk5Mjk5OS5wbmc=/original/Btkr4R.png",
        "https://img.itch.zone/aW1hZ2UvMjMyMjM5OS8xMzc1NjcwNC5wbmc=/original/ARSFvV.png",
        "https://img.itch.zone/aW1hZ2UvMjMyMjM5OS8xMzk5MzAwOC5wbmc=/original/4LNH9p.png",
        "https://img.itch.zone/aW1hZ2UvMjMyMjM5OS8xMzc1NjcwNy5wbmc=/original/kMPobo.png",
        "https://img.itch.zone/aW1hZ2UvMjMyMjM5OS8xMzc1NjcxOC5wbmc=/original/z0CUkb.png",
        "https://img.itch.zone/aW1hZ2UvMjMyMjM5OS8xMzg2ODIxMy5wbmc=/original/6QZfaL.png",
        "https://img.itch.zone/aW1hZ2UvMjMyMjM5OS8xMzg2ODIxNC5wbmc=/original/vOX71u.png",
        "https://img.itch.zone/aW1hZ2UvMjMyMjM5OS8xMzkyNjUzMS5wbmc=/original/AWcSyH.png",
        "https://img.itch.zone/aW1hZ2UvMjMyMjM5OS8xMzk5MzAwNC5wbmc=/original/tz5bfP.png"
    ],
    "description": "A mod for Fire Emblem 7 to make it feel more like FE6.",
    "author": "Anarch16Sync",
    "author_url": "https://anarch16sync.itch.io",
    "extra": {
        "status": "Released",
        "category": {
            "Game mod": "https://itch.io/game-mods"
        },
        "tags": {
            "fire-emblem": "https://itch.io/game-mods/tag-fire-emblem",
            "romhack": "https://itch.io/game-mods/tag-romhack",
            "Singleplayer": "https://itch.io/game-mods/tag-singleplayer",
            "Strategy RPG": "https://itch.io/game-mods/tag-strategy-rpg",
            "Tactical RPG": "https://itch.io/game-mods/tag-tactical-rpg"
        }
    },
    "errors": [],
    "external_downloads": []
}