{
  "id": "MAP_ROUTE11_HOUSE1",
  "name": "Route11_House1",
  "layout": "LAYOUT_ROUTE11_HOUSE1",
  "music": "MUS_TRICK_HOUSE",
  "region_map_section": "MAPSEC_ROUTE_11",
  "requires_flash": false,
  "weather": "WEATHER_NONE",
  "map_type": "MAP_TYPE_INDOOR",
  "allow_cycling": false,
  "allow_escaping": false,
  "allow_running": true,
  "show_map_name": false,
  "battle_scene": "MAP_BATTLE_SCENE_NORMAL",
  "connections": 0,
  "object_events": [
    {
      "graphics_id": "OBJ_EVENT_GFX_ERNIE",
      "x": 4,
      "y": 7,
      "elevation": 0,
      "movement_type": "MOVEMENT_TYPE_FACE_UP",
      "movement_range_x": 0,
      "movement_range_y": 0,
      "trainer_type": "TRAINER_TYPE_NONE",
      "trainer_sight_or_berry_tree_id": "0",
      "script": "Route11_House1_ErnieObject",
      "flag": "0"
    },
    {
      "graphics_id": "OBJ_EVENT_GFX_PIKATRON",
      "x": 5,
      "y": 7,
      "elevation": 0,
      "movement_type": "MOVEMENT_TYPE_FACE_UP",
      "movement_range_x": 0,
      "movement_range_y": 0,
      "trainer_type": "TRAINER_TYPE_NONE",
      "trainer_sight_or_berry_tree_id": "0",
      "script": "Route11_House1_Pikatron",
      "flag": "0"
    }
  ],
  "warp_events": [
    {
      "x": 5,
      "y": 9,
      "elevation": 0,
      "dest_map": "MAP_ROUTE11",
      "dest_warp_id": "0"
    },
    {
      "x": 4,
      "y": 9,
      "elevation": 0,
      "dest_map": "MAP_ROUTE11",
      "dest_warp_id": "0"
    }
  ],
  "coord_events": [

  ],
  "bg_events": [
    {
      "type": "sign",
      "x": 1,
      "y": 4,
      "elevation": 0,
      "player_facing_dir": "BG_EVENT_PLAYER_FACING_ANY",
      "script": "Route119_WeatherInstitute_1F_EventScript_Bed"
    },
    {
      "type": "sign",
      "x": 1,
      "y": 5,
      "elevation": 0,
      "player_facing_dir": "BG_EVENT_PLAYER_FACING_ANY",
      "script": "Route119_WeatherInstitute_1F_EventScript_Bed"
    },
    {
      "type": "sign",
      "x": 7,
      "y": 1,
      "elevation": 0,
      "player_facing_dir": "BG_EVENT_PLAYER_FACING_ANY",
      "script": "Route11_House1_Plaque"
    },
    {
      "type": "sign",
      "x": 6,
      "y": 1,
      "elevation": 0,
      "player_facing_dir": "BG_EVENT_PLAYER_FACING_ANY",
      "script": "Route11_House1_Certificate"
    },
    {
      "type": "sign",
      "x": 4,
      "y": 1,
      "elevation": 0,
      "player_facing_dir": "BG_EVENT_PLAYER_FACING_ANY",
      "script": "Route11_House1_DexNavManual"
    },
    {
      "type": "sign",
      "x": 8,
      "y": 2,
      "elevation": 0,
      "player_facing_dir": "BG_EVENT_PLAYER_FACING_ANY",
      "script": "Route11_House1_Chapter6"
    },
    {
      "type": "sign",
      "x": 3,
      "y": 7,
      "elevation": 0,
      "player_facing_dir": "BG_EVENT_PLAYER_FACING_ANY",
      "script": "Route11_House1_ATreatise"
    },
    {
      "type": "sign",
      "x": 8,
      "y": 7,
      "elevation": 0,
      "player_facing_dir": "BG_EVENT_PLAYER_FACING_ANY",
      "script": "Route11_House1_SignTheseAppear"
    },
    {
      "type": "sign",
      "x": 3,
      "y": 1,
      "elevation": 0,
      "player_facing_dir": "BG_EVENT_PLAYER_FACING_ANY",
      "script": "Route11_House1_SignEmail"
    },
    {
      "type": "sign",
      "x": 2,
      "y": 1,
      "elevation": 0,
      "player_facing_dir": "BG_EVENT_PLAYER_FACING_ANY",
      "script": "Route11_House1_SignEmail"
    },
    {
      "type": "sign",
      "x": 5,
      "y": 1,
      "elevation": 0,
      "player_facing_dir": "BG_EVENT_PLAYER_FACING_ANY",
      "script": "Route11_House1_DexNavManual"
    },
    {
      "type": "sign",
      "x": 2,
      "y": 7,
      "elevation": 0,
      "player_facing_dir": "BG_EVENT_PLAYER_FACING_ANY",
      "script": "Route11_House1_ComplicatedBooks"
    },
    {
      "type": "sign",
      "x": 1,
      "y": 7,
      "elevation": 0,
      "player_facing_dir": "BG_EVENT_PLAYER_FACING_ANY",
      "script": "Route11_House1_ComplicatedBooks"
    },
    {
      "type": "sign",
      "x": 0,
      "y": 7,
      "elevation": 0,
      "player_facing_dir": "BG_EVENT_PLAYER_FACING_ANY",
      "script": "Route11_House1_ComplicatedBooks"
    }
  ]
}
