<?xml version="1.0" encoding="UTF-8"?>
<metadata>
  <identifier>super-mario-essex</identifier>
  <mediatype>software</mediatype>
  <collection>open_source_software</collection>
  <creator>男性</creator>
  <date>2025-05-31</date>
  <description>Japanese SMW Romhack. Retrieved from http://smwx.s602.xrea.com/view.cgi/1748671110/ </description>
  <scanner>Internet Archive HTML5 Uploader 1.7.0</scanner>
  <subject>romhack</subject>
  <subject>snes</subject>
  <subject>romhacks</subject>
  <subject>smw</subject>
  <subject>super mario world</subject>
  <title>SUPER MARIO ESSEX</title>
  <uploader>therealjessieboiz@gmail.com</uploader>
  <publicdate>2025-09-30 00:55:05</publicdate>
  <addeddate>2025-09-30 00:55:05</addeddate>
  <curation>[curator]validator@archive.org[/curator][date]20250930010052[/date][comment]checked for malware[/comment]</curation>
  <language>Japanese</language>
</metadata>
