<?xml version="1.0" encoding="UTF-8"?>
<files>
  <file name="SUPER_MARIO_ESSEX.zip" source="original">
    <mtime>1759193687</mtime>
    <size>1097341</size>
    <md5>e0a3744b402b28c63d4a982c54d6080c</md5>
    <crc32>4f86784a</crc32>
    <sha1>7a2f87a5c538241475530680a9c9fc84627f6be4</sha1>
    <format>ZIP</format>
    <filecount>2</filecount>
    <viruscheck>1759194051</viruscheck>
  </file>
  <file name="super-mario-essex_archive.torrent" source="metadata">
    <btih>cf279edd2c4595cd2c9a5080afbea48ca182be2d</btih>
    <mtime>1759194081</mtime>
    <size>1741</size>
    <md5>232e1cc40a9f83974abe870ba769e018</md5>
    <crc32>b86477cc</crc32>
    <sha1>e72958d85c8031e211ab47fb552d8a9b14682ea9</sha1>
    <format>Archive BitTorrent</format>
  </file>
  <file name="super-mario-essex_files.xml" source="original">
    <format>Metadata</format>
    <md5>b4f3dac95a0220c804177abb045c76bf</md5>
    <summation>md5</summation>
  </file>
  <file name="super-mario-essex_meta.sqlite" source="original">
    <mtime>1759193730</mtime>
    <size>20480</size>
    <md5>6e9ab18d757d812c90952567a4a8bf68</md5>
    <crc32>65f00f0c</crc32>
    <sha1>7fed8626045c8b53ed6f13eb8fafc560137ba202</sha1>
    <format>Metadata</format>
  </file>
  <file name="super-mario-essex_meta.xml" source="original">
    <mtime>1759194080</mtime>
    <size>905</size>
    <md5>05e166805560a71e7ab5e0faaa275169</md5>
    <crc32>3e7550a0</crc32>
    <sha1>e4e93aa0772afc446f195bd6e5b585fc8f7de014</sha1>
    <format>Metadata</format>
  </file>
</files>
