{
  "Intro Dracula 1": {
    "Level": 50,
    "MaxHealth": 1000,
    "MaxDamage": 12,
    "MaxDefense": 0,
    "MaxExperience": 0,
    "Surface": "0x0023",
    "Resistances": {
      "HIT": 1,
      "CUT": 1,
      "POI": 1,
      "CUR": 1,
      "STO": 1,
      "WAT": 1,
      "DAR": 1,
      "HOL": 1,
      "ICE": 1,
      "LIG": 1,
      "FLA": 1
    },
    "AttackCorrection": [
      1.25,
      1.5
    ],
    "DamageType": "0x0022",
    "AttackType": [
      "0x8003",
      "0x8003"
    ],
    "HasContact": true,
    "IsBoss": true,
    "MainEntry": true
  },
  "Intro Dracula 2": {
    "Level": 50,
    "MaxHealth": 5000,
    "MaxDamage": 12,
    "MaxDefense": 0,
    "MaxExperience": 0,
    "Surface": "0x0023",
    "Resistances": {
      "HIT": 1,
      "CUT": 1,
      "POI": 1,
      "CUR": 1,
      "STO": 1,
      "WAT": 1,
      "DAR": 1,
      "HOL": 1,
      "ICE": 1,
      "LIG": 1,
      "FLA": 1
    },
    "AttackCorrection": [
      1.5,
      1.25
    ],
    "DamageType": "0x0022",
    "AttackType": [
      "0x8003",
      "0x0803"
    ],
    "HasContact": true,
    "IsBoss": true,
    "MainEntry": false
  },
  "Stone Skull": {
    "Level": 1,
    "MaxHealth": 32767,
    "MaxDamage": 60,
    "MaxDefense": 5,
    "MaxExperience": 0,
    "Surface": "0x0003",
    "Resistances": {
      "HIT": 1,
      "CUT": 1,
      "POI": 1,
      "CUR": 1,
      "STO": 1,
      "WAT": 1,
      "DAR": 1,
      "HOL": 1,
      "ICE": 1,
      "LIG": 1,
      "FLA": 1
    },
    "AttackCorrection": [],
    "DamageType": "0x0023",
    "AttackType": [],
    "HasContact": true,
    "IsBoss": false,
    "MainEntry": true
  },
  "Spike ball": {
    "Level": 1,
    "MaxHealth": 32767,
    "MaxDamage": 60,
    "MaxDefense": 5,
    "MaxExperience": 0,
    "Surface": "0x0003",
    "Resistances": {
      "HIT": 1,
      "CUT": 1,
      "POI": 1,
      "CUR": 1,
      "STO": 1,
      "WAT": 1,
      "DAR": 1,
      "HOL": 1,
      "ICE": 1,
      "LIG": 1,
      "FLA": 1
    },
    "AttackCorrection": [],
    "DamageType": "0x0023",
    "AttackType": [],
    "HasContact": true,
    "IsBoss": false,
    "MainEntry": true
  },
  "Evil Priest": {
    "Level": 1,
    "MaxHealth": 32767,
    "MaxDamage": 5000,
    "MaxDefense": 5,
    "MaxExperience": 0,
    "Surface": "0x0003",
    "Resistances": {
      "HIT": 1,
      "CUT": 1,
      "POI": 1,
      "CUR": 1,
      "STO": 1,
      "WAT": 1,
      "DAR": 1,
      "HOL": 1,
      "ICE": 1,
      "LIG": 1,
      "FLA": 1
    },
    "AttackCorrection": [],
    "DamageType": "0x0043",
    "AttackType": [],
    "HasContact": true,
    "IsBoss": false,
    "MainEntry": true
  },
  "Zombie": {
    "Level": 2,
    "MaxHealth": 100,
    "MaxDamage": 100,
    "MaxDefense": 5,
    "MaxExperience": 66,
    "Surface": "0x0023",
    "Resistances": {
      "HIT": 1,
      "CUT": 1,
      "POI": 1,
      "CUR": 1,
      "STO": 1,
      "WAT": 1,
      "DAR": 1,
      "HOL": 0,
      "ICE": 1,
      "LIG": 1,
      "FLA": 0
    },
    "AttackCorrection": [],
    "DamageType": "0x0022",
    "AttackType": [],
    "HasContact": true,
    "IsBoss": false,
    "MainEntry": true
  },
  "Warg": {
    "Level": 4,
    "MaxHealth": 1300,
    "MaxDamage": 120,
    "MaxDefense": 25,
    "MaxExperience": 866,
    "Surface": "0x0033",
    "Resistances": {
      "HIT": 2,
      "CUT": 1,
      "POI": 1,
      "CUR": 1,
      "STO": 1,
      "WAT": 1,
      "DAR": 1,
      "HOL": 1,
      "ICE": 1,
      "LIG": 1,
      "FLA": 0
    },
    "AttackCorrection": [
      1.25,
      1.0
    ],
    "DamageType": "0x0022",
    "AttackType": [
      "0x0043",
      "0x0026"
    ],
    "HasContact": true,
    "IsBoss": false,
    "MainEntry": true
  },
  "Bat": {
    "Level": 5,
    "MaxHealth": 100,
    "MaxDamage": 110,
    "MaxDefense": 10,
    "MaxExperience": 66,
    "Surface": "0x0037",
    "Resistances": {
      "HIT": 1,
      "CUT": 1,
      "POI": 1,
      "CUR": 1,
      "STO": 1,
      "WAT": 1,
      "DAR": 1,
      "HOL": 1,
      "ICE": 1,
      "LIG": 1,
      "FLA": 0
    },
    "AttackCorrection": [],
    "DamageType": "0x0022",
    "AttackType": [],
    "HasContact": true,
    "IsBoss": false,
    "MainEntry": true
  },
  "Merman 1": {
    "Level": 3,
    "MaxHealth": 500,
    "MaxDamage": 110,
    "MaxDefense": 5,
    "MaxExperience": 333,
    "Surface": "0x0033",
    "Resistances": {
      "HIT": 1,
      "CUT": 1,
      "POI": 1,
      "CUR": 1,
      "STO": 1,
      "WAT": 2,
      "DAR": 1,
      "HOL": 1,
      "ICE": 1,
      "LIG": 0,
      "FLA": 1
    },
    "AttackCorrection": [
      1.25
    ],
    "DamageType": "0x0022",
    "AttackType": [
      "0x8003"
    ],
    "HasContact": true,
    "IsBoss": false,
    "MainEntry": true
  },
  "Merman 2": {
    "Level": 3,
    "MaxHealth": 500,
    "MaxDamage": 110,
    "MaxDefense": 5,
    "MaxExperience": 333,
    "Surface": "0x0033",
    "Resistances": {
      "HIT": 1,
      "CUT": 1,
      "POI": 1,
      "CUR": 1,
      "STO": 1,
      "WAT": 2,
      "DAR": 1,
      "HOL": 1,
      "ICE": 1,
      "LIG": 0,
      "FLA": 1
    },
    "AttackCorrection": [
      1.25
    ],
    "DamageType": "0x0022",
    "AttackType": [
      "0x8003"
    ],
    "HasContact": true,
    "IsBoss": false,
    "MainEntry": true
  },
  "Bone Scimitar": {
    "Level": 3,
    "MaxHealth": 800,
    "MaxDamage": 110,
    "MaxDefense": 20,
    "MaxExperience": 533,
    "Surface": "0x0023",
    "Resistances": {
      "HIT": 1,
      "CUT": 2,
      "POI": 3,
      "CUR": 1,
      "STO": 1,
      "WAT": 1,
      "DAR": 1,
      "HOL": 0,
      "ICE": 1,
      "LIG": 1,
      "FLA": 0
    },
    "AttackCorrection": [],
    "DamageType": "0x0022",
    "AttackType": [],
    "HasContact": true,
    "IsBoss": false,
    "MainEntry": true
  },
  "Skeleton": {
    "Level": 4,
    "MaxHealth": 800,
    "MaxDamage": 100,
    "MaxDefense": 15,
    "MaxExperience": 533,
    "Surface": "0x0023",
    "Resistances": {
      "HIT": 1,
      "CUT": 2,
      "POI": 3,
      "CUR": 1,
      "STO": 1,
      "WAT": 1,
      "DAR": 1,
      "HOL": 0,
      "ICE": 1,
      "LIG": 1,
      "FLA": 0
    },
    "AttackCorrection": [
      1.25
    ],
    "DamageType": "0x0022",
    "AttackType": [
      "0x0023"
    ],
    "HasContact": true,
    "IsBoss": false,
    "MainEntry": true
  },
  "Blood Skeleton": {
    "Level": 5,
    "MaxHealth": 100,
    "MaxDamage": 100,
    "MaxDefense": 5,
    "MaxExperience": 0,
    "Surface": "0x0003",
    "Resistances": {
      "HIT": 1,
      "CUT": 1,
      "POI": 1,
      "CUR": 1,
      "STO": 1,
      "WAT": 1,
      "DAR": 1,
      "HOL": 1,
      "ICE": 1,
      "LIG": 1,
      "FLA": 1
    },
    "AttackCorrection": [],
    "DamageType": "0x0022",
    "AttackType": [],
    "HasContact": true,
    "IsBoss": false,
    "MainEntry": true
  },
  "Spittle Bone": {
    "Level": 4,
    "MaxHealth": 300,
    "MaxDamage": 100,
    "MaxDefense": 10,
    "MaxExperience": 200,
    "Surface": "0x0023",
    "Resistances": {
      "HIT": 1,
      "CUT": 2,
      "POI": 3,
      "CUR": 1,
      "STO": 1,
      "WAT": 1,
      "DAR": 1,
      "HOL": 0,
      "ICE": 1,
      "LIG": 1,
      "FLA": 0
    },
    "AttackCorrection": [
      0.5
    ],
    "DamageType": "0x0022",
    "AttackType": [
      "0x0082"
    ],
    "HasContact": true,
    "IsBoss": false,
    "MainEntry": true
  },
  "Green Axe Knight": {
    "Level": 5,
    "MaxHealth": 800,
    "MaxDamage": 110,
    "MaxDefense": 30,
    "MaxExperience": 533,
    "Surface": "0x0023",
    "Resistances": {
      "HIT": 0,
      "CUT": 2,
      "POI": 1,
      "CUR": 1,
      "STO": 1,
      "WAT": 1,
      "DAR": 1,
      "HOL": 1,
      "ICE": 1,
      "LIG": 0,
      "FLA": 2
    },
    "AttackCorrection": [
      1.25
    ],
    "DamageType": "0x0022",
    "AttackType": [
      "0x0043"
    ],
    "HasContact": true,
    "IsBoss": false,
    "MainEntry": true
  },
  "Slogra": {
    "Level": 6,
    "MaxHealth": 4000,
    "MaxDamage": 110,
    "MaxDefense": 20,
    "MaxExperience": 2664,
    "Surface": "0x0023",
    "Resistances": {
      "HIT": 1,
      "CUT": 1,
      "POI": 1,
      "CUR": 1,
      "STO": 1,
      "WAT": 1,
      "DAR": 1,
      "HOL": 1,
      "ICE": 1,
      "LIG": 1,
      "FLA": 1
    },
    "AttackCorrection": [
      1.4,
      1.2
    ],
    "DamageType": "0x0022",
    "AttackType": [
      "0x0043",
      "0x8003"
    ],
    "HasContact": true,
    "IsBoss": false,
    "MainEntry": true
  },
  "Gaibon": {
    "Level": 6,
    "MaxHealth": 4000,
    "MaxDamage": 110,
    "MaxDefense": 20,
    "MaxExperience": 2664,
    "Surface": "0x0023",
    "Resistances": {
      "HIT": 1,
      "CUT": 1,
      "POI": 1,
      "CUR": 1,
      "STO": 1,
      "WAT": 1,
      "DAR": 1,
      "HOL": 1,
      "ICE": 1,
      "LIG": 1,
      "FLA": 1
    },
    "AttackCorrection": [
      1.2,
      1.4
    ],
    "DamageType": "0x0022",
    "AttackType": [
      "0x8003",
      "0x8003"
    ],
    "HasContact": true,
    "IsBoss": false,
    "MainEntry": true
  },
  "Bloody Zombie": {
    "Level": 5,
    "MaxHealth": 800,
    "MaxDamage": 110,
    "MaxDefense": 15,
    "MaxExperience": 533,
    "Surface": "0x0033",
    "Resistances": {
      "HIT": 2,
      "CUT": 0,
      "POI": 1,
      "CUR": 1,
      "STO": 1,
      "WAT": 1,
      "DAR": 1,
      "HOL": 0,
      "ICE": 1,
      "LIG": 1,
      "FLA": 0
    },
    "AttackCorrection": [],
    "DamageType": "0x0043",
    "AttackType": [],
    "HasContact": true,
    "IsBoss": false,
    "MainEntry": true
  },
  "Ouija Table": {
    "Level": 5,
    "MaxHealth": 300,
    "MaxDamage": 100,
    "MaxDefense": 25,
    "MaxExperience": 200,
    "Surface": "0x0023",
    "Resistances": {
      "HIT": 2,
      "CUT": 1,
      "POI": 3,
      "CUR": 1,
      "STO": 1,
      "WAT": 1,
      "DAR": 1,
      "HOL": 1,
      "ICE": 1,
      "LIG": 1,
      "FLA": 0
    },
    "AttackCorrection": [
      1.1
    ],
    "DamageType": "0x0022",
    "AttackType": [
      "0x0023"
    ],
    "HasContact": true,
    "IsBoss": false,
    "MainEntry": true
  },
  "Slinger": {
    "Level": 6,
    "MaxHealth": 800,
    "MaxDamage": 110,
    "MaxDefense": 20,
    "MaxExperience": 533,
    "Surface": "0x0023",
    "Resistances": {
      "HIT": 1,
      "CUT": 2,
      "POI": 3,
      "CUR": 1,
      "STO": 1,
      "WAT": 1,
      "DAR": 1,
      "HOL": 0,
      "ICE": 1,
      "LIG": 1,
      "FLA": 0
    },
    "AttackCorrection": [
      1.25
    ],
    "DamageType": "0x0022",
    "AttackType": [
      "0x0023"
    ],
    "HasContact": true,
    "IsBoss": false,
    "MainEntry": true
  },
  "Marionette": {
    "Level": 6,
    "MaxHealth": 600,
    "MaxDamage": 110,
    "MaxDefense": 25,
    "MaxExperience": 400,
    "Surface": "0x0023",
    "Resistances": {
      "HIT": 2,
      "CUT": 1,
      "POI": 3,
      "CUR": 1,
      "STO": 1,
      "WAT": 1,
      "DAR": 1,
      "HOL": 1,
      "ICE": 1,
      "LIG": 1,
      "FLA": 0
    },
    "AttackCorrection": [],
    "DamageType": "0x0022",
    "AttackType": [],
    "HasContact": true,
    "IsBoss": false,
    "MainEntry": true
  },
  "Ghost": {
    "Level": 5,
    "MaxHealth": 100,
    "MaxDamage": 100,
    "MaxDefense": 30,
    "MaxExperience": 66,
    "Surface": "0x0027",
    "Resistances": {
      "HIT": 2,
      "CUT": 2,
      "POI": 3,
      "CUR": 1,
      "STO": 1,
      "WAT": 1,
      "DAR": 1,
      "HOL": 0,
      "ICE": 0,
      "LIG": 0,
      "FLA": 2
    },
    "AttackCorrection": [],
    "DamageType": "0x0802",
    "AttackType": [],
    "HasContact": true,
    "IsBoss": false,
    "MainEntry": true
  },
  "Flea Man": {
    "Level": 5,
    "MaxHealth": 100,
    "MaxDamage": 100,
    "MaxDefense": 10,
    "MaxExperience": 66,
    "Surface": "0x0033",
    "Resistances": {
      "HIT": 2,
      "CUT": 1,
      "POI": 1,
      "CUR": 1,
      "STO": 1,
      "WAT": 1,
      "DAR": 1,
      "HOL": 1,
      "ICE": 0,
      "LIG": 1,
      "FLA": 0
    },
    "AttackCorrection": [],
    "DamageType": "0x0022",
    "AttackType": [],
    "HasContact": true,
    "IsBoss": false,
    "MainEntry": true
  },
  "Diplocephalus": {
    "Level": 8,
    "MaxHealth": 2000,
    "MaxDamage": 120,
    "MaxDefense": 35,
    "MaxExperience": 1333,
    "Surface": "0x0033",
    "Resistances": {
      "HIT": 1,
      "CUT": 1,
      "POI": 1,
      "CUR": 1,
      "STO": 1,
      "WAT": 2,
      "DAR": 1,
      "HOL": 1,
      "ICE": 1,
      "LIG": 1,
      "FLA": 0
    },
    "AttackCorrection": [
      1.0,
      1.0,
      1.25
    ],
    "DamageType": "0x0022",
    "AttackType": [
      "0x0022",
      "0x0022",
      "0x8003"
    ],
    "HasContact": true,
    "IsBoss": false,
    "MainEntry": true
  },
  "Stone Rose": {
    "Level": 7,
    "MaxHealth": 800,
    "MaxDamage": 110,
    "MaxDefense": 10,
    "MaxExperience": 533,
    "Surface": "0x0023",
    "Resistances": {
      "HIT": 1,
      "CUT": 1,
      "POI": 1,
      "CUR": 1,
      "STO": 1,
      "WAT": 4,
      "DAR": 1,
      "HOL": 2,
      "ICE": 1,
      "LIG": 2,
      "FLA": 0
    },
    "AttackCorrection": [
      1.25,
      1.0
    ],
    "DamageType": "0x0022",
    "AttackType": [
      "0x0202",
      "0x0022"
    ],
    "HasContact": true,
    "IsBoss": false,
    "MainEntry": true
  },
  "Medusa head": {
    "Level": 20,
    "MaxHealth": 60,
    "MaxDamage": 90,
    "MaxDefense": 10,
    "MaxExperience": 40,
    "Surface": "0x0033",
    "Resistances": {
      "HIT": 1,
      "CUT": 1,
      "POI": 1,
      "CUR": 1,
      "STO": 3,
      "WAT": 1,
      "DAR": 1,
      "HOL": 1,
      "ICE": 1,
      "LIG": 1,
      "FLA": 1
    },
    "AttackCorrection": [],
    "DamageType": "0x0022",
    "AttackType": [],
    "HasContact": true,
    "IsBoss": false,
    "MainEntry": true
  },
  "Blue Axe Knight": {
    "Level": 9,
    "MaxHealth": 800,
    "MaxDamage": 110,
    "MaxDefense": 30,
    "MaxExperience": 533,
    "Surface": "0x0023",
    "Resistances": {
      "HIT": 0,
      "CUT": 2,
      "POI": 1,
      "CUR": 1,
      "STO": 1,
      "WAT": 1,
      "DAR": 1,
      "HOL": 1,
      "ICE": 1,
      "LIG": 0,
      "FLA": 2
    },
    "AttackCorrection": [
      1.25,
      2.0
    ],
    "DamageType": "0x0022",
    "AttackType": [
      "0x0043",
      "0x0026"
    ],
    "HasContact": true,
    "IsBoss": false,
    "MainEntry": true
  },
  "Dhuron": {
    "Level": 11,
    "MaxHealth": 800,
    "MaxDamage": 110,
    "MaxDefense": 15,
    "MaxExperience": 533,
    "Surface": "0x0023",
    "Resistances": {
      "HIT": 1,
      "CUT": 2,
      "POI": 3,
      "CUR": 1,
      "STO": 1,
      "WAT": 1,
      "DAR": 1,
      "HOL": 0,
      "ICE": 1,
      "LIG": 1,
      "FLA": 0
    },
    "AttackCorrection": [
      1.25
    ],
    "DamageType": "0x0022",
    "AttackType": [
      "0x0043"
    ],
    "HasContact": true,
    "IsBoss": false,
    "MainEntry": true
  },
  "Ectoplasm": {
    "Level": 9,
    "MaxHealth": 400,
    "MaxDamage": 100,
    "MaxDefense": 10,
    "MaxExperience": 266,
    "Surface": "0x0023",
    "Resistances": {
      "HIT": 1,
      "CUT": 3,
      "POI": 1,
      "CUR": 3,
      "STO": 1,
      "WAT": 1,
      "DAR": 1,
      "HOL": 0,
      "ICE": 1,
      "LIG": 0,
      "FLA": 0
    },
    "AttackCorrection": [
      1.25,
      0.2,
      1.5,
      2.0
    ],
    "DamageType": "0x0102",
    "AttackType": [
      "0x0026",
      "0x0026",
      "0x0026",
      "0x0026"
    ],
    "HasContact": true,
    "IsBoss": false,
    "MainEntry": true
  },
  "Spellbook": {
    "Level": 10,
    "MaxHealth": 400,
    "MaxDamage": 110,
    "MaxDefense": 10,
    "MaxExperience": 266,
    "Surface": "0x0023",
    "Resistances": {
      "HIT": 1,
      "CUT": 1,
      "POI": 1,
      "CUR": 1,
      "STO": 1,
      "WAT": 1,
      "DAR": 1,
      "HOL": 1,
      "ICE": 1,
      "LIG": 1,
      "FLA": 0
    },
    "AttackCorrection": [
      1.25,
      1.0,
      1.0
    ],
    "DamageType": "0x0022",
    "AttackType": [
      "0x0803",
      "0x0026",
      "0x0026"
    ],
    "HasContact": true,
    "IsBoss": false,
    "MainEntry": true
  },
  "Magic Tome": {
    "Level": 12,
    "MaxHealth": 500,
    "MaxDamage": 120,
    "MaxDefense": 10,
    "MaxExperience": 333,
    "Surface": "0x0023",
    "Resistances": {
      "HIT": 1,
      "CUT": 1,
      "POI": 1,
      "CUR": 1,
      "STO": 1,
      "WAT": 1,
      "DAR": 1,
      "HOL": 1,
      "ICE": 1,
      "LIG": 1,
      "FLA": 0
    },
    "AttackCorrection": [
      1.25
    ],
    "DamageType": "0x0022",
    "AttackType": [
      "0x0043"
    ],
    "HasContact": true,
    "IsBoss": false,
    "MainEntry": true
  },
  "Thornweed": {
    "Level": 9,
    "MaxHealth": 400,
    "MaxDamage": 110,
    "MaxDefense": 10,
    "MaxExperience": 266,
    "Surface": "0x0023",
    "Resistances": {
      "HIT": 1,
      "CUT": 1,
      "POI": 1,
      "CUR": 1,
      "STO": 1,
      "WAT": 4,
      "DAR": 1,
      "HOL": 2,
      "ICE": 1,
      "LIG": 2,
      "FLA": 0
    },
    "AttackCorrection": [],
    "DamageType": "0x0022",
    "AttackType": [],
    "HasContact": true,
    "IsBoss": false,
    "MainEntry": true
  },
  "Spear Guard": {
    "Level": 13,
    "MaxHealth": 800,
    "MaxDamage": 110,
    "MaxDefense": 30,
    "MaxExperience": 533,
    "Surface": "0x0023",
    "Resistances": {
      "HIT": 0,
      "CUT": 2,
      "POI": 1,
      "CUR": 1,
      "STO": 1,
      "WAT": 1,
      "DAR": 1,
      "HOL": 1,
      "ICE": 1,
      "LIG": 0,
      "FLA": 2
    },
    "AttackCorrection": [
      1.25,
      1.5,
      1.0
    ],
    "DamageType": "0x0022",
    "AttackType": [
      "0x0043",
      "0x0043",
      "0x0026"
    ],
    "HasContact": true,
    "IsBoss": false,
    "MainEntry": true
  },
  "Bone Archer": {
    "Level": 12,
    "MaxHealth": 600,
    "MaxDamage": 110,
    "MaxDefense": 15,
    "MaxExperience": 400,
    "Surface": "0x0023",
    "Resistances": {
      "HIT": 1,
      "CUT": 2,
      "POI": 3,
      "CUR": 1,
      "STO": 1,
      "WAT": 1,
      "DAR": 1,
      "HOL": 0,
      "ICE": 1,
      "LIG": 1,
      "FLA": 0
    },
    "AttackCorrection": [
      1.25
    ],
    "DamageType": "0x0022",
    "AttackType": [
      "0x0043"
    ],
    "HasContact": true,
    "IsBoss": false,
    "MainEntry": true
  },
  "Toad": {
    "Level": 12,
    "MaxHealth": 300,
    "MaxDamage": 110,
    "MaxDefense": 10,
    "MaxExperience": 200,
    "Surface": "0x0033",
    "Resistances": {
      "HIT": 0,
      "CUT": 1,
      "POI": 1,
      "CUR": 1,
      "STO": 1,
      "WAT": 2,
      "DAR": 1,
      "HOL": 1,
      "ICE": 1,
      "LIG": 0,
      "FLA": 1
    },
    "AttackCorrection": [],
    "DamageType": "0x0022",
    "AttackType": [],
    "HasContact": true,
    "IsBoss": false,
    "MainEntry": true
  },
  "Frog": {
    "Level": 12,
    "MaxHealth": 300,
    "MaxDamage": 110,
    "MaxDefense": 10,
    "MaxExperience": 200,
    "Surface": "0x0033",
    "Resistances": {
      "HIT": 0,
      "CUT": 1,
      "POI": 1,
      "CUR": 1,
      "STO": 1,
      "WAT": 2,
      "DAR": 1,
      "HOL": 1,
      "ICE": 1,
      "LIG": 0,
      "FLA": 1
    },
    "AttackCorrection": [],
    "DamageType": "0x0022",
    "AttackType": [],
    "HasContact": true,
    "IsBoss": false,
    "MainEntry": true
  },
  "Fishhead": {
    "Level": 13,
    "MaxHealth": 600,
    "MaxDamage": 110,
    "MaxDefense": 15,
    "MaxExperience": 400,
    "Surface": "0x0023",
    "Resistances": {
      "HIT": 1,
      "CUT": 0,
      "POI": 1,
      "CUR": 1,
      "STO": 1,
      "WAT": 2,
      "DAR": 1,
      "HOL": 1,
      "ICE": 1,
      "LIG": 0,
      "FLA": 0
    },
    "AttackCorrection": [
      1.1,
      1.25
    ],
    "DamageType": "0x0022",
    "AttackType": [
      "0x8003",
      "0x8003"
    ],
    "HasContact": true,
    "IsBoss": false,
    "MainEntry": true
  },
  "Frozen Shade": {
    "Level": 14,
    "MaxHealth": 800,
    "MaxDamage": 110,
    "MaxDefense": 20,
    "MaxExperience": 533,
    "Surface": "0x0023",
    "Resistances": {
      "HIT": 1,
      "CUT": 1,
      "POI": 1,
      "CUR": 1,
      "STO": 1,
      "WAT": 3,
      "DAR": 1,
      "HOL": 1,
      "ICE": 4,
      "LIG": 1,
      "FLA": 0
    },
    "AttackCorrection": [
      0.75,
      1.25
    ],
    "DamageType": "0x2002",
    "AttackType": [
      "0x2002",
      "0x2003"
    ],
    "HasContact": true,
    "IsBoss": false,
    "MainEntry": true
  },
  "Killer Fish": {
    "Level": 20,
    "MaxHealth": 600,
    "MaxDamage": 120,
    "MaxDefense": 20,
    "MaxExperience": 400,
    "Surface": "0x0023",
    "Resistances": {
      "HIT": 1,
      "CUT": 0,
      "POI": 1,
      "CUR": 1,
      "STO": 1,
      "WAT": 2,
      "DAR": 1,
      "HOL": 1,
      "ICE": 1,
      "LIG": 0,
      "FLA": 0
    },
    "AttackCorrection": [],
    "DamageType": "0x0022",
    "AttackType": [],
    "HasContact": true,
    "IsBoss": false,
    "MainEntry": true
  },
  "Bone Pillar": {
    "Level": 14,
    "MaxHealth": 1000,
    "MaxDamage": 110,
    "MaxDefense": 20,
    "MaxExperience": 666,
    "Surface": "0x0023",
    "Resistances": {
      "HIT": 1,
      "CUT": 2,
      "POI": 3,
      "CUR": 1,
      "STO": 1,
      "WAT": 1,
      "DAR": 1,
      "HOL": 0,
      "ICE": 1,
      "LIG": 1,
      "FLA": 0
    },
    "AttackCorrection": [
      1.25
    ],
    "DamageType": "0x0022",
    "AttackType": [
      "0x8003"
    ],
    "HasContact": true,
    "IsBoss": false,
    "MainEntry": true
  },
  "Corner Guard": {
    "Level": 15,
    "MaxHealth": 800,
    "MaxDamage": 110,
    "MaxDefense": 35,
    "MaxExperience": 533,
    "Surface": "0x0023",
    "Resistances": {
      "HIT": 0,
      "CUT": 2,
      "POI": 1,
      "CUR": 1,
      "STO": 1,
      "WAT": 1,
      "DAR": 1,
      "HOL": 1,
      "ICE": 1,
      "LIG": 0,
      "FLA": 2
    },
    "AttackCorrection": [
      1.25
    ],
    "DamageType": "0x0022",
    "AttackType": [
      "0x0043"
    ],
    "HasContact": true,
    "IsBoss": false,
    "MainEntry": true
  },
  "Spectral Sword 2": {
    "Level": 16,
    "MaxHealth": 1600,
    "MaxDamage": 120,
    "MaxDefense": 30,
    "MaxExperience": 1066,
    "Surface": "0x0023",
    "Resistances": {
      "HIT": 0,
      "CUT": 2,
      "POI": 3,
      "CUR": 1,
      "STO": 1,
      "WAT": 1,
      "DAR": 0,
      "HOL": 3,
      "ICE": 1,
      "LIG": 1,
      "FLA": 1
    },
    "AttackCorrection": [],
    "DamageType": "0x1002",
    "AttackType": [],
    "HasContact": true,
    "IsBoss": false,
    "MainEntry": true
  },
  "Spectral Sword 2 Swords": {
    "Level": 16,
    "MaxHealth": 300,
    "MaxDamage": 110,
    "MaxDefense": 30,
    "MaxExperience": 0,
    "Surface": "0x0003",
    "Resistances": {
      "HIT": 0,
      "CUT": 2,
      "POI": 3,
      "CUR": 1,
      "STO": 1,
      "WAT": 1,
      "DAR": 1,
      "HOL": 1,
      "ICE": 1,
      "LIG": 1,
      "FLA": 1
    },
    "AttackCorrection": [],
    "DamageType": "0x0043",
    "AttackType": [],
    "HasContact": true,
    "IsBoss": false,
    "MainEntry": false
  },
  "Skelrang": {
    "Level": 15,
    "MaxHealth": 600,
    "MaxDamage": 100,
    "MaxDefense": 10,
    "MaxExperience": 400,
    "Surface": "0x0023",
    "Resistances": {
      "HIT": 1,
      "CUT": 2,
      "POI": 3,
      "CUR": 1,
      "STO": 1,
      "WAT": 1,
      "DAR": 1,
      "HOL": 0,
      "ICE": 1,
      "LIG": 1,
      "FLA": 0
    },
    "AttackCorrection": [
      1.25
    ],
    "DamageType": "0x0022",
    "AttackType": [
      "0x0023"
    ],
    "HasContact": true,
    "IsBoss": false,
    "MainEntry": true
  },
  "Black Crow": {
    "Level": 14,
    "MaxHealth": 100,
    "MaxDamage": 110,
    "MaxDefense": 10,
    "MaxExperience": 66,
    "Surface": "0x0033",
    "Resistances": {
      "HIT": 1,
      "CUT": 1,
      "POI": 1,
      "CUR": 1,
      "STO": 1,
      "WAT": 1,
      "DAR": 1,
      "HOL": 1,
      "ICE": 1,
      "LIG": 1,
      "FLA": 0
    },
    "AttackCorrection": [],
    "DamageType": "0x0022",
    "AttackType": [],
    "HasContact": true,
    "IsBoss": false,
    "MainEntry": true
  },
  "Blue Raven": {
    "Level": 14,
    "MaxHealth": 100,
    "MaxDamage": 110,
    "MaxDefense": 10,
    "MaxExperience": 66,
    "Surface": "0x0033",
    "Resistances": {
      "HIT": 1,
      "CUT": 1,
      "POI": 1,
      "CUR": 1,
      "STO": 1,
      "WAT": 1,
      "DAR": 1,
      "HOL": 1,
      "ICE": 1,
      "LIG": 1,
      "FLA": 0
    },
    "AttackCorrection": [],
    "DamageType": "0x0022",
    "AttackType": [],
    "HasContact": true,
    "IsBoss": false,
    "MainEntry": true
  },
  "Winged Guard": {
    "Level": 14,
    "MaxHealth": 300,
    "MaxDamage": 100,
    "MaxDefense": 15,
    "MaxExperience": 200,
    "Surface": "0x0023",
    "Resistances": {
      "HIT": 1,
      "CUT": 2,
      "POI": 3,
      "CUR": 1,
      "STO": 1,
      "WAT": 1,
      "DAR": 1,
      "HOL": 0,
      "ICE": 1,
      "LIG": 1,
      "FLA": 0
    },
    "AttackCorrection": [],
    "DamageType": "0x0022",
    "AttackType": [],
    "HasContact": true,
    "IsBoss": false,
    "MainEntry": true
  },
  "Hunting Girl": {
    "Level": 16,
    "MaxHealth": 800,
    "MaxDamage": 110,
    "MaxDefense": 30,
    "MaxExperience": 533,
    "Surface": "0x0023",
    "Resistances": {
      "HIT": 0,
      "CUT": 2,
      "POI": 3,
      "CUR": 1,
      "STO": 1,
      "WAT": 1,
      "DAR": 2,
      "HOL": 0,
      "ICE": 1,
      "LIG": 1,
      "FLA": 1
    },
    "AttackCorrection": [
      1.25
    ],
    "DamageType": "0x0022",
    "AttackType": [
      "0x0043"
    ],
    "HasContact": true,
    "IsBoss": false,
    "MainEntry": true
  },
  "Bone Halberd": {
    "Level": 15,
    "MaxHealth": 800,
    "MaxDamage": 110,
    "MaxDefense": 15,
    "MaxExperience": 533,
    "Surface": "0x0023",
    "Resistances": {
      "HIT": 1,
      "CUT": 2,
      "POI": 3,
      "CUR": 1,
      "STO": 1,
      "WAT": 1,
      "DAR": 1,
      "HOL": 0,
      "ICE": 1,
      "LIG": 1,
      "FLA": 0
    },
    "AttackCorrection": [
      1.25
    ],
    "DamageType": "0x0022",
    "AttackType": [
      "0x0043"
    ],
    "HasContact": true,
    "IsBoss": false,
    "MainEntry": true
  },
  "Flea Rider": {
    "Level": 17,
    "MaxHealth": 100,
    "MaxDamage": 100,
    "MaxDefense": 5,
    "MaxExperience": 66,
    "Surface": "0x0033",
    "Resistances": {
      "HIT": 1,
      "CUT": 1,
      "POI": 1,
      "CUR": 1,
      "STO": 1,
      "WAT": 1,
      "DAR": 1,
      "HOL": 1,
      "ICE": 1,
      "LIG": 1,
      "FLA": 0
    },
    "AttackCorrection": [],
    "DamageType": "0x0022",
    "AttackType": [],
    "HasContact": true,
    "IsBoss": false,
    "MainEntry": true
  },
  "Spectral Sword 1": {
    "Level": 18,
    "MaxHealth": 1600,
    "MaxDamage": 120,
    "MaxDefense": 30,
    "MaxExperience": 1066,
    "Surface": "0x0023",
    "Resistances": {
      "HIT": 0,
      "CUT": 2,
      "POI": 3,
      "CUR": 1,
      "STO": 1,
      "WAT": 1,
      "DAR": 0,
      "HOL": 3,
      "ICE": 1,
      "LIG": 1,
      "FLA": 1
    },
    "AttackCorrection": [],
    "DamageType": "0x1002",
    "AttackType": [],
    "HasContact": true,
    "IsBoss": false,
    "MainEntry": true
  },
  "Spectral Sword 1 Weapons": {
    "Level": 18,
    "MaxHealth": 300,
    "MaxDamage": 110,
    "MaxDefense": 20,
    "MaxExperience": 0,
    "Surface": "0x0003",
    "Resistances": {
      "HIT": 1,
      "CUT": 1,
      "POI": 3,
      "CUR": 1,
      "STO": 1,
      "WAT": 1,
      "DAR": 1,
      "HOL": 1,
      "ICE": 1,
      "LIG": 1,
      "FLA": 0
    },
    "AttackCorrection": [],
    "DamageType": "0x0022",
    "AttackType": [],
    "HasContact": true,
    "IsBoss": false,
    "MainEntry": false
  },
  "Blade soldier": {
    "Level": 17,
    "MaxHealth": 600,
    "MaxDamage": 100,
    "MaxDefense": 15,
    "MaxExperience": 400,
    "Surface": "0x0023",
    "Resistances": {
      "HIT": 1,
      "CUT": 2,
      "POI": 3,
      "CUR": 1,
      "STO": 1,
      "WAT": 1,
      "DAR": 1,
      "HOL": 0,
      "ICE": 1,
      "LIG": 1,
      "FLA": 0
    },
    "AttackCorrection": [
      1.25
    ],
    "DamageType": "0x0022",
    "AttackType": [
      "0x0043"
    ],
    "HasContact": true,
    "IsBoss": false,
    "MainEntry": true
  },
  "Blade Master": {
    "Level": 18,
    "MaxHealth": 800,
    "MaxDamage": 110,
    "MaxDefense": 15,
    "MaxExperience": 533,
    "Surface": "0x0023",
    "Resistances": {
      "HIT": 1,
      "CUT": 2,
      "POI": 3,
      "CUR": 1,
      "STO": 1,
      "WAT": 1,
      "DAR": 1,
      "HOL": 0,
      "ICE": 1,
      "LIG": 1,
      "FLA": 0
    },
    "AttackCorrection": [
      1.25
    ],
    "DamageType": "0x0022",
    "AttackType": [
      "0x0043"
    ],
    "HasContact": true,
    "IsBoss": false,
    "MainEntry": true
  },
  "Paranthropus": {
    "Level": 18,
    "MaxHealth": 2000,
    "MaxDamage": 120,
    "MaxDefense": 35,
    "MaxExperience": 1333,
    "Surface": "0x0023",
    "Resistances": {
      "HIT": 1,
      "CUT": 2,
      "POI": 3,
      "CUR": 1,
      "STO": 1,
      "WAT": 1,
      "DAR": 1,
      "HOL": 0,
      "ICE": 1,
      "LIG": 1,
      "FLA": 0
    },
    "AttackCorrection": [
      1.1,
      1.25
    ],
    "DamageType": "0x0022",
    "AttackType": [
      "0x0023",
      "0x0023"
    ],
    "HasContact": true,
    "IsBoss": false,
    "MainEntry": true
  },
  "Plate Lord": {
    "Level": 19,
    "MaxHealth": 1600,
    "MaxDamage": 110,
    "MaxDefense": 20,
    "MaxExperience": 1066,
    "Surface": "0x0023",
    "Resistances": {
      "HIT": 1,
      "CUT": 1,
      "POI": 1,
      "CUR": 1,
      "STO": 1,
      "WAT": 1,
      "DAR": 1,
      "HOL": 1,
      "ICE": 1,
      "LIG": 1,
      "FLA": 1
    },
    "AttackCorrection": [
      1.5
    ],
    "DamageType": "0x0022",
    "AttackType": [
      "0x0023"
    ],
    "HasContact": true,
    "IsBoss": false,
    "MainEntry": true
  },
  "Owl": {
    "Level": 18,
    "MaxHealth": 300,
    "MaxDamage": 110,
    "MaxDefense": 5,
    "MaxExperience": 200,
    "Surface": "0x0033",
    "Resistances": {
      "HIT": 1,
      "CUT": 1,
      "POI": 1,
      "CUR": 1,
      "STO": 1,
      "WAT": 1,
      "DAR": 1,
      "HOL": 1,
      "ICE": 1,
      "LIG": 1,
      "FLA": 0
    },
    "AttackCorrection": [],
    "DamageType": "0x0022",
    "AttackType": [],
    "HasContact": true,
    "IsBoss": false,
    "MainEntry": true
  },
  "Owl Knight": {
    "Level": 18,
    "MaxHealth": 1600,
    "MaxDamage": 120,
    "MaxDefense": 35,
    "MaxExperience": 1066,
    "Surface": "0x0023",
    "Resistances": {
      "HIT": 0,
      "CUT": 2,
      "POI": 1,
      "CUR": 1,
      "STO": 1,
      "WAT": 1,
      "DAR": 1,
      "HOL": 1,
      "ICE": 1,
      "LIG": 0,
      "FLA": 2
    },
    "AttackCorrection": [
      1.25
    ],
    "DamageType": "0x0022",
    "AttackType": [
      "0x0043"
    ],
    "HasContact": true,
    "IsBoss": false,
    "MainEntry": true
  },
  "Armor Lord": {
    "Level": 19,
    "MaxHealth": 1300,
    "MaxDamage": 120,
    "MaxDefense": 50,
    "MaxExperience": 866,
    "Surface": "0x0023",
    "Resistances": {
      "HIT": 0,
      "CUT": 2,
      "POI": 1,
      "CUR": 1,
      "STO": 1,
      "WAT": 1,
      "DAR": 1,
      "HOL": 1,
      "ICE": 1,
      "LIG": 0,
      "FLA": 2
    },
    "AttackCorrection": [
      1.5,
      1.25
    ],
    "DamageType": "0x0022",
    "AttackType": [
      "0x0043",
      "0x8003"
    ],
    "HasContact": true,
    "IsBoss": false,
    "MainEntry": true
  },
  "Bone Musket": {
    "Level": 16,
    "MaxHealth": 500,
    "MaxDamage": 110,
    "MaxDefense": 15,
    "MaxExperience": 333,
    "Surface": "0x0023",
    "Resistances": {
      "HIT": 1,
      "CUT": 2,
      "POI": 3,
      "CUR": 1,
      "STO": 1,
      "WAT": 1,
      "DAR": 1,
      "HOL": 0,
      "ICE": 1,
      "LIG": 1,
      "FLA": 0
    },
    "AttackCorrection": [
      1.25
    ],
    "DamageType": "0x0022",
    "AttackType": [
      "0x0023"
    ],
    "HasContact": true,
    "IsBoss": false,
    "MainEntry": true
  },
  "Werewolf 1": {
    "Level": 18,
    "MaxHealth": 2000,
    "MaxDamage": 110,
    "MaxDefense": 20,
    "MaxExperience": 1333,
    "Surface": "0x0033",
    "Resistances": {
      "HIT": 2,
      "CUT": 1,
      "POI": 1,
      "CUR": 1,
      "STO": 1,
      "WAT": 1,
      "DAR": 1,
      "HOL": 1,
      "ICE": 0,
      "LIG": 1,
      "FLA": 0
    },
    "AttackCorrection": [
      1.25,
      1.25,
      1.4
    ],
    "DamageType": "0x0022",
    "AttackType": [
      "0x0023",
      "0x8003",
      "0x8003"
    ],
    "HasContact": true,
    "IsBoss": false,
    "MainEntry": true
  },
  "Minotaur 1": {
    "Level": 19,
    "MaxHealth": 3000,
    "MaxDamage": 110,
    "MaxDefense": 30,
    "MaxExperience": 2000,
    "Surface": "0x0033",
    "Resistances": {
      "HIT": 2,
      "CUT": 1,
      "POI": 1,
      "CUR": 1,
      "STO": 1,
      "WAT": 1,
      "DAR": 1,
      "HOL": 1,
      "ICE": 0,
      "LIG": 1,
      "FLA": 0
    },
    "AttackCorrection": [
      1.4,
      0.5
    ],
    "DamageType": "0x0022",
    "AttackType": [
      "0x0043",
      "0x0082"
    ],
    "HasContact": true,
    "IsBoss": false,
    "MainEntry": true
  },
  "Corpseweed Root": {
    "Level": 19,
    "MaxHealth": 800,
    "MaxDamage": 110,
    "MaxDefense": 10,
    "MaxExperience": 533,
    "Surface": "0x0023",
    "Resistances": {
      "HIT": 1,
      "CUT": 1,
      "POI": 1,
      "CUR": 1,
      "STO": 1,
      "WAT": 4,
      "DAR": 1,
      "HOL": 2,
      "ICE": 1,
      "LIG": 2,
      "FLA": 0
    },
    "AttackCorrection": [],
    "DamageType": "0x0022",
    "AttackType": [],
    "HasContact": true,
    "IsBoss": false,
    "MainEntry": true
  },
  "Corpseweed Face": {
    "Level": 19,
    "MaxHealth": 800,
    "MaxDamage": 110,
    "MaxDefense": 10,
    "MaxExperience": 533,
    "Surface": "0x0023",
    "Resistances": {
      "HIT": 1,
      "CUT": 1,
      "POI": 1,
      "CUR": 1,
      "STO": 1,
      "WAT": 4,
      "DAR": 1,
      "HOL": 2,
      "ICE": 1,
      "LIG": 2,
      "FLA": 0
    },
    "AttackCorrection": [
      0.5
    ],
    "DamageType": "0x0022",
    "AttackType": [
      "0x0082"
    ],
    "HasContact": true,
    "IsBoss": false,
    "MainEntry": false
  },
  "Flea Armor": {
    "Level": 18,
    "MaxHealth": 300,
    "MaxDamage": 100,
    "MaxDefense": 25,
    "MaxExperience": 200,
    "Surface": "0x0023",
    "Resistances": {
      "HIT": 0,
      "CUT": 2,
      "POI": 1,
      "CUR": 1,
      "STO": 1,
      "WAT": 1,
      "DAR": 1,
      "HOL": 1,
      "ICE": 1,
      "LIG": 0,
      "FLA": 2
    },
    "AttackCorrection": [
      1.25
    ],
    "DamageType": "0x0022",
    "AttackType": [
      "0x0043"
    ],
    "HasContact": true,
    "IsBoss": false,
    "MainEntry": true
  },
  "Mudman": {
    "Level": 19,
    "MaxHealth": 600,
    "MaxDamage": 110,
    "MaxDefense": 5,
    "MaxExperience": 400,
    "Surface": "0x0023",
    "Resistances": {
      "HIT": 1,
      "CUT": 3,
      "POI": 1,
      "CUR": 1,
      "STO": 1,
      "WAT": 2,
      "DAR": 1,
      "HOL": 1,
      "ICE": 0,
      "LIG": 1,
      "FLA": 1
    },
    "AttackCorrection": [
      1.25
    ],
    "DamageType": "0x0022",
    "AttackType": [
      "0x0043"
    ],
    "HasContact": true,
    "IsBoss": false,
    "MainEntry": true
  },
  "Hammer": {
    "Level": 20,
    "MaxHealth": 1300,
    "MaxDamage": 110,
    "MaxDefense": 35,
    "MaxExperience": 866,
    "Surface": "0x0023",
    "Resistances": {
      "HIT": 0,
      "CUT": 2,
      "POI": 1,
      "CUR": 1,
      "STO": 1,
      "WAT": 1,
      "DAR": 1,
      "HOL": 1,
      "ICE": 1,
      "LIG": 0,
      "FLA": 2
    },
    "AttackCorrection": [
      1.5
    ],
    "DamageType": "0x0022",
    "AttackType": [
      "0x0023"
    ],
    "HasContact": true,
    "IsBoss": false,
    "MainEntry": true
  },
  "Gurkha": {
    "Level": 20,
    "MaxHealth": 1300,
    "MaxDamage": 110,
    "MaxDefense": 35,
    "MaxExperience": 866,
    "Surface": "0x0023",
    "Resistances": {
      "HIT": 0,
      "CUT": 2,
      "POI": 1,
      "CUR": 1,
      "STO": 1,
      "WAT": 1,
      "DAR": 1,
      "HOL": 1,
      "ICE": 1,
      "LIG": 0,
      "FLA": 2
    },
    "AttackCorrection": [
      1.25
    ],
    "DamageType": "0x0022",
    "AttackType": [
      "0x0023"
    ],
    "HasContact": true,
    "IsBoss": false,
    "MainEntry": true
  },
  "Blade": {
    "Level": 20,
    "MaxHealth": 1300,
    "MaxDamage": 110,
    "MaxDefense": 35,
    "MaxExperience": 866,
    "Surface": "0x0023",
    "Resistances": {
      "HIT": 0,
      "CUT": 2,
      "POI": 1,
      "CUR": 1,
      "STO": 1,
      "WAT": 1,
      "DAR": 1,
      "HOL": 1,
      "ICE": 1,
      "LIG": 0,
      "FLA": 2
    },
    "AttackCorrection": [
      1.25,
      1.25
    ],
    "DamageType": "0x0022",
    "AttackType": [
      "0x0043",
      "0x0025"
    ],
    "HasContact": true,
    "IsBoss": false,
    "MainEntry": true
  },
  "Valhalla Knight": {
    "Level": 19,
    "MaxHealth": 800,
    "MaxDamage": 110,
    "MaxDefense": 25,
    "MaxExperience": 533,
    "Surface": "0x0023",
    "Resistances": {
      "HIT": 0,
      "CUT": 2,
      "POI": 1,
      "CUR": 1,
      "STO": 1,
      "WAT": 1,
      "DAR": 1,
      "HOL": 1,
      "ICE": 1,
      "LIG": 0,
      "FLA": 2
    },
    "AttackCorrection": [
      1.25
    ],
    "DamageType": "0x0022",
    "AttackType": [
      "0x0043"
    ],
    "HasContact": true,
    "IsBoss": false,
    "MainEntry": true
  },
  "Valhalla Horse": {
    "Level": 19,
    "MaxHealth": 800,
    "MaxDamage": 110,
    "MaxDefense": 25,
    "MaxExperience": 0,
    "Surface": "0x0003",
    "Resistances": {
      "HIT": 2,
      "CUT": 1,
      "POI": 1,
      "CUR": 1,
      "STO": 1,
      "WAT": 1,
      "DAR": 1,
      "HOL": 1,
      "ICE": 1,
      "LIG": 1,
      "FLA": 0
    },
    "AttackCorrection": [],
    "DamageType": "0x0022",
    "AttackType": [],
    "HasContact": true,
    "IsBoss": false,
    "MainEntry": false
  },
  "Skeleton Ape": {
    "Level": 21,
    "MaxHealth": 1000,
    "MaxDamage": 120,
    "MaxDefense": 25,
    "MaxExperience": 666,
    "Surface": "0x0023",
    "Resistances": {
      "HIT": 1,
      "CUT": 2,
      "POI": 3,
      "CUR": 1,
      "STO": 1,
      "WAT": 1,
      "DAR": 1,
      "HOL": 0,
      "ICE": 1,
      "LIG": 1,
      "FLA": 0
    },
    "AttackCorrection": [
      1.25,
      2.0
    ],
    "DamageType": "0x0022",
    "AttackType": [
      "0x0023",
      "0x8003"
    ],
    "HasContact": true,
    "IsBoss": false,
    "MainEntry": true
  },
  "Venus Weed Unflowered": {
    "Level": 22,
    "MaxHealth": 2000,
    "MaxDamage": 110,
    "MaxDefense": 25,
    "MaxExperience": 1333,
    "Surface": "0x0023",
    "Resistances": {
      "HIT": 1,
      "CUT": 1,
      "POI": 1,
      "CUR": 1,
      "STO": 1,
      "WAT": 4,
      "DAR": 1,
      "HOL": 2,
      "ICE": 1,
      "LIG": 2,
      "FLA": 0
    },
    "AttackCorrection": [],
    "DamageType": "0x0022",
    "AttackType": [],
    "HasContact": true,
    "IsBoss": false,
    "MainEntry": true
  },
  "Venus Weed Flowered": {
    "Level": 22,
    "MaxHealth": 2000,
    "MaxDamage": 110,
    "MaxDefense": 25,
    "MaxExperience": 1333,
    "Surface": "0x0023",
    "Resistances": {
      "HIT": 1,
      "CUT": 1,
      "POI": 1,
      "CUR": 1,
      "STO": 1,
      "WAT": 4,
      "DAR": 1,
      "HOL": 2,
      "ICE": 1,
      "LIG": 2,
      "FLA": 0
    },
    "AttackCorrection": [
      1.25,
      1.25
    ],
    "DamageType": "0x0022",
    "AttackType": [
      "0x0043",
      "0x0043"
    ],
    "HasContact": true,
    "IsBoss": false,
    "MainEntry": false
  },
  "Salem Witch": {
    "Level": 23,
    "MaxHealth": 1600,
    "MaxDamage": 110,
    "MaxDefense": 20,
    "MaxExperience": 1066,
    "Surface": "0x0023",
    "Resistances": {
      "HIT": 1,
      "CUT": 1,
      "POI": 1,
      "CUR": 1,
      "STO": 1,
      "WAT": 1,
      "DAR": 0,
      "HOL": 4,
      "ICE": 1,
      "LIG": 1,
      "FLA": 1
    },
    "AttackCorrection": [
      1.5,
      1.25
    ],
    "DamageType": "0x0022",
    "AttackType": [
      "0x0103",
      "0x1003"
    ],
    "HasContact": true,
    "IsBoss": false,
    "MainEntry": true
  },
  "Gremlin": {
    "Level": 21,
    "MaxHealth": 400,
    "MaxDamage": 100,
    "MaxDefense": 10,
    "MaxExperience": 266,
    "Surface": "0x0023",
    "Resistances": {
      "HIT": 1,
      "CUT": 1,
      "POI": 1,
      "CUR": 1,
      "STO": 1,
      "WAT": 1,
      "DAR": 1,
      "HOL": 2,
      "ICE": 0,
      "LIG": 1,
      "FLA": 1
    },
    "AttackCorrection": [
      1.1
    ],
    "DamageType": "0x0022",
    "AttackType": [
      "0x8003"
    ],
    "HasContact": true,
    "IsBoss": false,
    "MainEntry": true
  },
  "Wereskeleton": {
    "Level": 22,
    "MaxHealth": 800,
    "MaxDamage": 110,
    "MaxDefense": 20,
    "MaxExperience": 533,
    "Surface": "0x0023",
    "Resistances": {
      "HIT": 1,
      "CUT": 2,
      "POI": 3,
      "CUR": 1,
      "STO": 1,
      "WAT": 1,
      "DAR": 1,
      "HOL": 0,
      "ICE": 1,
      "LIG": 1,
      "FLA": 0
    },
    "AttackCorrection": [
      1.25,
      1.0
    ],
    "DamageType": "0x0022",
    "AttackType": [
      "0x0023",
      "0x0023"
    ],
    "HasContact": true,
    "IsBoss": false,
    "MainEntry": true
  },
  "Bone Ark": {
    "Level": 24,
    "MaxHealth": 1300,
    "MaxDamage": 120,
    "MaxDefense": 25,
    "MaxExperience": 866,
    "Surface": "0x0023",
    "Resistances": {
      "HIT": 1,
      "CUT": 2,
      "POI": 3,
      "CUR": 1,
      "STO": 1,
      "WAT": 1,
      "DAR": 1,
      "HOL": 0,
      "ICE": 1,
      "LIG": 1,
      "FLA": 0
    },
    "AttackCorrection": [
      1.5
    ],
    "DamageType": "0x0022",
    "AttackType": [
      "0x4003"
    ],
    "HasContact": true,
    "IsBoss": false,
    "MainEntry": true
  },
  "Bone Ark Skeleton": {
    "Level": 24,
    "MaxHealth": 300,
    "MaxDamage": 100,
    "MaxDefense": 15,
    "MaxExperience": 200,
    "Surface": "0x0023",
    "Resistances": {
      "HIT": 1,
      "CUT": 2,
      "POI": 3,
      "CUR": 1,
      "STO": 1,
      "WAT": 1,
      "DAR": 1,
      "HOL": 0,
      "ICE": 1,
      "LIG": 1,
      "FLA": 0
    },
    "AttackCorrection": [],
    "DamageType": "0x0022",
    "AttackType": [],
    "HasContact": true,
    "IsBoss": false,
    "MainEntry": false
  },
  "Slime": {
    "Level": 22,
    "MaxHealth": 500,
    "MaxDamage": 55,
    "MaxDefense": 10,
    "MaxExperience": 333,
    "Surface": "0x0023",
    "Resistances": {
      "HIT": 1,
      "CUT": 3,
      "POI": 1,
      "CUR": 1,
      "STO": 1,
      "WAT": 0,
      "DAR": 1,
      "HOL": 1,
      "ICE": 1,
      "LIG": 1,
      "FLA": 0
    },
    "AttackCorrection": [],
    "DamageType": "0x0082",
    "AttackType": [],
    "HasContact": true,
    "IsBoss": false,
    "MainEntry": true
  },
  "Large Slime": {
    "Level": 25,
    "MaxHealth": 1000,
    "MaxDamage": 120,
    "MaxDefense": 10,
    "MaxExperience": 666,
    "Surface": "0x0023",
    "Resistances": {
      "HIT": 1,
      "CUT": 3,
      "POI": 1,
      "CUR": 1,
      "STO": 1,
      "WAT": 0,
      "DAR": 1,
      "HOL": 1,
      "ICE": 1,
      "LIG": 1,
      "FLA": 0
    },
    "AttackCorrection": [],
    "DamageType": "0x0022",
    "AttackType": [],
    "HasContact": true,
    "IsBoss": false,
    "MainEntry": true
  },
  "Grave Keeper": {
    "Level": 23,
    "MaxHealth": 1000,
    "MaxDamage": 110,
    "MaxDefense": 20,
    "MaxExperience": 666,
    "Surface": "0x0033",
    "Resistances": {
      "HIT": 2,
      "CUT": 1,
      "POI": 1,
      "CUR": 1,
      "STO": 1,
      "WAT": 1,
      "DAR": 1,
      "HOL": 1,
      "ICE": 0,
      "LIG": 0,
      "FLA": 0
    },
    "AttackCorrection": [
      1.25
    ],
    "DamageType": "0x0022",
    "AttackType": [
      "0x0023"
    ],
    "HasContact": true,
    "IsBoss": false,
    "MainEntry": true
  },
  "Hellfire Beast": {
    "Level": 24,
    "MaxHealth": 2000,
    "MaxDamage": 120,
    "MaxDefense": 35,
    "MaxExperience": 1333,
    "Surface": "0x0023",
    "Resistances": {
      "HIT": 1,
      "CUT": 1,
      "POI": 1,
      "CUR": 1,
      "STO": 1,
      "WAT": 1,
      "DAR": 1,
      "HOL": 1,
      "ICE": 0,
      "LIG": 2,
      "FLA": 2
    },
    "AttackCorrection": [
      1.4,
      1.4,
      1.4
    ],
    "DamageType": "0x0022",
    "AttackType": [
      "0x8003",
      "0x4003",
      "0x0023"
    ],
    "HasContact": true,
    "IsBoss": false,
    "MainEntry": true
  },
  "Discus Lord": {
    "Level": 24,
    "MaxHealth": 1600,
    "MaxDamage": 120,
    "MaxDefense": 35,
    "MaxExperience": 1066,
    "Surface": "0x0023",
    "Resistances": {
      "HIT": 0,
      "CUT": 2,
      "POI": 1,
      "CUR": 1,
      "STO": 1,
      "WAT": 1,
      "DAR": 1,
      "HOL": 1,
      "ICE": 1,
      "LIG": 0,
      "FLA": 2
    },
    "AttackCorrection": [
      1.4
    ],
    "DamageType": "0x0022",
    "AttackType": [
      "0x0043"
    ],
    "HasContact": true,
    "IsBoss": false,
    "MainEntry": true
  },
  "Lossoth": {
    "Level": 23,
    "MaxHealth": 1000,
    "MaxDamage": 110,
    "MaxDefense": 20,
    "MaxExperience": 666,
    "Surface": "0x0033",
    "Resistances": {
      "HIT": 1,
      "CUT": 1,
      "POI": 1,
      "CUR": 1,
      "STO": 1,
      "WAT": 1,
      "DAR": 1,
      "HOL": 2,
      "ICE": 1,
      "LIG": 1,
      "FLA": 0
    },
    "AttackCorrection": [
      1.25
    ],
    "DamageType": "0x0022",
    "AttackType": [
      "0x8003"
    ],
    "HasContact": true,
    "IsBoss": false,
    "MainEntry": true
  },
  "Phantom Skull": {
    "Level": 24,
    "MaxHealth": 400,
    "MaxDamage": 100,
    "MaxDefense": 30,
    "MaxExperience": 266,
    "Surface": "0x0023",
    "Resistances": {
      "HIT": 1,
      "CUT": 1,
      "POI": 1,
      "CUR": 1,
      "STO": 1,
      "WAT": 1,
      "DAR": 0,
      "HOL": 4,
      "ICE": 1,
      "LIG": 1,
      "FLA": 1
    },
    "AttackCorrection": [],
    "DamageType": "0x1002",
    "AttackType": [],
    "HasContact": true,
    "IsBoss": false,
    "MainEntry": true
  },
  "Skull Lord": {
    "Level": 28,
    "MaxHealth": 1600,
    "MaxDamage": 120,
    "MaxDefense": 30,
    "MaxExperience": 1066,
    "Surface": "0x0023",
    "Resistances": {
      "HIT": 1,
      "CUT": 1,
      "POI": 1,
      "CUR": 1,
      "STO": 1,
      "WAT": 1,
      "DAR": 0,
      "HOL": 4,
      "ICE": 1,
      "LIG": 1,
      "FLA": 1
    },
    "AttackCorrection": [],
    "DamageType": "0x1002",
    "AttackType": [],
    "HasContact": true,
    "IsBoss": false,
    "MainEntry": true
  },
  "Flail Guard": {
    "Level": 25,
    "MaxHealth": 800,
    "MaxDamage": 110,
    "MaxDefense": 30,
    "MaxExperience": 533,
    "Surface": "0x0023",
    "Resistances": {
      "HIT": 1,
      "CUT": 2,
      "POI": 3,
      "CUR": 1,
      "STO": 1,
      "WAT": 1,
      "DAR": 1,
      "HOL": 0,
      "ICE": 1,
      "LIG": 1,
      "FLA": 0
    },
    "AttackCorrection": [
      1.25
    ],
    "DamageType": "0x0022",
    "AttackType": [
      "0x0023"
    ],
    "HasContact": true,
    "IsBoss": false,
    "MainEntry": true
  },
  "Golden Medusa Head": {
    "Level": 20,
    "MaxHealth": 60,
    "MaxDamage": 90,
    "MaxDefense": 10,
    "MaxExperience": 40,
    "Surface": "0x0033",
    "Resistances": {
      "HIT": 1,
      "CUT": 1,
      "POI": 1,
      "CUR": 1,
      "STO": 4,
      "WAT": 1,
      "DAR": 1,
      "HOL": 1,
      "ICE": 1,
      "LIG": 1,
      "FLA": 1
    },
    "AttackCorrection": [],
    "DamageType": "0x0202",
    "AttackType": [],
    "HasContact": true,
    "IsBoss": false,
    "MainEntry": true
  },
  "Harpy": {
    "Level": 26,
    "MaxHealth": 600,
    "MaxDamage": 110,
    "MaxDefense": 5,
    "MaxExperience": 400,
    "Surface": "0x0023",
    "Resistances": {
      "HIT": 1,
      "CUT": 1,
      "POI": 1,
      "CUR": 1,
      "STO": 1,
      "WAT": 1,
      "DAR": 1,
      "HOL": 1,
      "ICE": 1,
      "LIG": 1,
      "FLA": 0
    },
    "AttackCorrection": [
      1.1,
      1.3,
      1.2
    ],
    "DamageType": "0x0022",
    "AttackType": [
      "0x0025",
      "0x0043",
      "0x0023"
    ],
    "HasContact": true,
    "IsBoss": false,
    "MainEntry": true
  },
  "Sword Lord": {
    "Level": 27,
    "MaxHealth": 1000,
    "MaxDamage": 110,
    "MaxDefense": 30,
    "MaxExperience": 666,
    "Surface": "0x0023",
    "Resistances": {
      "HIT": 0,
      "CUT": 2,
      "POI": 1,
      "CUR": 1,
      "STO": 1,
      "WAT": 1,
      "DAR": 1,
      "HOL": 1,
      "ICE": 1,
      "LIG": 0,
      "FLA": 2
    },
    "AttackCorrection": [
      1.25
    ],
    "DamageType": "0x0022",
    "AttackType": [
      "0x0043"
    ],
    "HasContact": true,
    "IsBoss": false,
    "MainEntry": true
  },
  "Vandal Sword": {
    "Level": 27,
    "MaxHealth": 400,
    "MaxDamage": 110,
    "MaxDefense": 30,
    "MaxExperience": 266,
    "Surface": "0x0023",
    "Resistances": {
      "HIT": 0,
      "CUT": 2,
      "POI": 3,
      "CUR": 1,
      "STO": 1,
      "WAT": 1,
      "DAR": 2,
      "HOL": 0,
      "ICE": 1,
      "LIG": 1,
      "FLA": 1
    },
    "AttackCorrection": [
      1.25
    ],
    "DamageType": "0x0022",
    "AttackType": [
      "0x0043"
    ],
    "HasContact": true,
    "IsBoss": false,
    "MainEntry": true
  },
  "Yorick": {
    "Level": 29,
    "MaxHealth": 800,
    "MaxDamage": 110,
    "MaxDefense": 15,
    "MaxExperience": 533,
    "Surface": "0x0023",
    "Resistances": {
      "HIT": 1,
      "CUT": 2,
      "POI": 3,
      "CUR": 1,
      "STO": 1,
      "WAT": 1,
      "DAR": 1,
      "HOL": 0,
      "ICE": 1,
      "LIG": 1,
      "FLA": 0
    },
    "AttackCorrection": [],
    "DamageType": "0x0022",
    "AttackType": [],
    "HasContact": true,
    "IsBoss": false,
    "MainEntry": true
  },
  "Yorick Head": {
    "Level": 29,
    "MaxHealth": 400,
    "MaxDamage": 110,
    "MaxDefense": 15,
    "MaxExperience": 0,
    "Surface": "0x0023",
    "Resistances": {
      "HIT": 1,
      "CUT": 2,
      "POI": 3,
      "CUR": 1,
      "STO": 1,
      "WAT": 1,
      "DAR": 1,
      "HOL": 0,
      "ICE": 1,
      "LIG": 1,
      "FLA": 0
    },
    "AttackCorrection": [],
    "DamageType": "0x0022",
    "AttackType": [],
    "HasContact": true,
    "IsBoss": false,
    "MainEntry": false
  },
  "Tombstone": {
    "Level": 30,
    "MaxHealth": 300,
    "MaxDamage": 110,
    "MaxDefense": 50,
    "MaxExperience": 200,
    "Surface": "0x0023",
    "Resistances": {
      "HIT": 0,
      "CUT": 2,
      "POI": 3,
      "CUR": 3,
      "STO": 3,
      "WAT": 1,
      "DAR": 1,
      "HOL": 1,
      "ICE": 1,
      "LIG": 1,
      "FLA": 1
    },
    "AttackCorrection": [],
    "DamageType": "0x0102",
    "AttackType": [],
    "HasContact": true,
    "IsBoss": false,
    "MainEntry": true
  },
  "Bomb Knight": {
    "Level": 32,
    "MaxHealth": 1000,
    "MaxDamage": 110,
    "MaxDefense": 35,
    "MaxExperience": 222,
    "Surface": "0x0023",
    "Resistances": {
      "HIT": 0,
      "CUT": 2,
      "POI": 1,
      "CUR": 1,
      "STO": 1,
      "WAT": 1,
      "DAR": 1,
      "HOL": 1,
      "ICE": 1,
      "LIG": 0,
      "FLA": 2
    },
    "AttackCorrection": [
      1.5
    ],
    "DamageType": "0x0022",
    "AttackType": [
      "0x8003"
    ],
    "HasContact": true,
    "IsBoss": false,
    "MainEntry": true
  },
  "Cloaked Knight": {
    "Level": 31,
    "MaxHealth": 400,
    "MaxDamage": 110,
    "MaxDefense": 30,
    "MaxExperience": 266,
    "Surface": "0x0023",
    "Resistances": {
      "HIT": 0,
      "CUT": 2,
      "POI": 1,
      "CUR": 1,
      "STO": 1,
      "WAT": 1,
      "DAR": 1,
      "HOL": 1,
      "ICE": 1,
      "LIG": 0,
      "FLA": 2
    },
    "AttackCorrection": [
      1.25
    ],
    "DamageType": "0x0022",
    "AttackType": [
      "0x0043"
    ],
    "HasContact": true,
    "IsBoss": false,
    "MainEntry": true
  },
  "Jack O'Bones": {
    "Level": 33,
    "MaxHealth": 800,
    "MaxDamage": 110,
    "MaxDefense": 15,
    "MaxExperience": 533,
    "Surface": "0x0023",
    "Resistances": {
      "HIT": 1,
      "CUT": 2,
      "POI": 3,
      "CUR": 1,
      "STO": 1,
      "WAT": 1,
      "DAR": 1,
      "HOL": 0,
      "ICE": 1,
      "LIG": 1,
      "FLA": 0
    },
    "AttackCorrection": [
      1.25
    ],
    "DamageType": "0x0022",
    "AttackType": [
      "0x0023"
    ],
    "HasContact": true,
    "IsBoss": false,
    "MainEntry": true
  },
  "Nova Skeleton": {
    "Level": 34,
    "MaxHealth": 800,
    "MaxDamage": 110,
    "MaxDefense": 15,
    "MaxExperience": 533,
    "Surface": "0x0023",
    "Resistances": {
      "HIT": 1,
      "CUT": 2,
      "POI": 3,
      "CUR": 1,
      "STO": 1,
      "WAT": 1,
      "DAR": 1,
      "HOL": 0,
      "ICE": 1,
      "LIG": 1,
      "FLA": 0
    },
    "AttackCorrection": [
      1.5
    ],
    "DamageType": "0x0022",
    "AttackType": [
      "0x1003"
    ],
    "HasContact": true,
    "IsBoss": false,
    "MainEntry": true
  },
  "Balloon Pod": {
    "Level": 33,
    "MaxHealth": 300,
    "MaxDamage": 120,
    "MaxDefense": 10,
    "MaxExperience": 200,
    "Surface": "0x0023",
    "Resistances": {
      "HIT": 1,
      "CUT": 1,
      "POI": 1,
      "CUR": 1,
      "STO": 1,
      "WAT": 4,
      "DAR": 1,
      "HOL": 2,
      "ICE": 1,
      "LIG": 2,
      "FLA": 0
    },
    "AttackCorrection": [
      0.5
    ],
    "DamageType": "0x0022",
    "AttackType": [
      "0x0082"
    ],
    "HasContact": true,
    "IsBoss": false,
    "MainEntry": true
  },
  "Black Panther": {
    "Level": 35,
    "MaxHealth": 300,
    "MaxDamage": 120,
    "MaxDefense": 10,
    "MaxExperience": 200,
    "Surface": "0x0033",
    "Resistances": {
      "HIT": 1,
      "CUT": 3,
      "POI": 1,
      "CUR": 1,
      "STO": 1,
      "WAT": 4,
      "DAR": 1,
      "HOL": 1,
      "ICE": 0,
      "LIG": 1,
      "FLA": 1
    },
    "AttackCorrection": [],
    "DamageType": "0x0402",
    "AttackType": [],
    "HasContact": true,
    "IsBoss": false,
    "MainEntry": true
  },
  "Sniper of Goth": {
    "Level": 36,
    "MaxHealth": 600,
    "MaxDamage": 110,
    "MaxDefense": 20,
    "MaxExperience": 400,
    "Surface": "0x0023",
    "Resistances": {
      "HIT": 0,
      "CUT": 2,
      "POI": 1,
      "CUR": 1,
      "STO": 1,
      "WAT": 1,
      "DAR": 0,
      "HOL": 2,
      "ICE": 1,
      "LIG": 1,
      "FLA": 1
    },
    "AttackCorrection": [
      1.5,
      1.25
    ],
    "DamageType": "0x0022",
    "AttackType": [
      "0x0043",
      "0x0043"
    ],
    "HasContact": true,
    "IsBoss": false,
    "MainEntry": true
  },
  "Imp": {
    "Level": 34,
    "MaxHealth": 300,
    "MaxDamage": 100,
    "MaxDefense": 15,
    "MaxExperience": 200,
    "Surface": "0x0023",
    "Resistances": {
      "HIT": 1,
      "CUT": 1,
      "POI": 1,
      "CUR": 1,
      "STO": 1,
      "WAT": 1,
      "DAR": 1,
      "HOL": 1,
      "ICE": 1,
      "LIG": 1,
      "FLA": 1
    },
    "AttackCorrection": [],
    "DamageType": "0x0022",
    "AttackType": [],
    "HasContact": true,
    "IsBoss": false,
    "MainEntry": true
  },
  "Flying Zombie Upper": {
    "Level": 36,
    "MaxHealth": 1300,
    "MaxDamage": 120,
    "MaxDefense": 20,
    "MaxExperience": 866,
    "Surface": "0x0033",
    "Resistances": {
      "HIT": 1,
      "CUT": 1,
      "POI": 1,
      "CUR": 1,
      "STO": 1,
      "WAT": 1,
      "DAR": 1,
      "HOL": 0,
      "ICE": 1,
      "LIG": 1,
      "FLA": 0
    },
    "AttackCorrection": [],
    "DamageType": "0x0022",
    "AttackType": [],
    "HasContact": true,
    "IsBoss": false,
    "MainEntry": true
  },
  "Flying Zombie Lower": {
    "Level": 36,
    "MaxHealth": 1300,
    "MaxDamage": 120,
    "MaxDefense": 20,
    "MaxExperience": 866,
    "Surface": "0x0033",
    "Resistances": {
      "HIT": 1,
      "CUT": 1,
      "POI": 1,
      "CUR": 1,
      "STO": 1,
      "WAT": 1,
      "DAR": 1,
      "HOL": 0,
      "ICE": 1,
      "LIG": 1,
      "FLA": 0
    },
    "AttackCorrection": [],
    "DamageType": "0x0022",
    "AttackType": [],
    "HasContact": true,
    "IsBoss": false,
    "MainEntry": false
  },
  "Ctulhu": {
    "Level": 37,
    "MaxHealth": 2000,
    "MaxDamage": 110,
    "MaxDefense": 25,
    "MaxExperience": 1333,
    "Surface": "0x0023",
    "Resistances": {
      "HIT": 2,
      "CUT": 1,
      "POI": 1,
      "CUR": 1,
      "STO": 1,
      "WAT": 1,
      "DAR": 1,
      "HOL": 1,
      "ICE": 0,
      "LIG": 1,
      "FLA": 0
    },
    "AttackCorrection": [
      1.25,
      1.4
    ],
    "DamageType": "0x0022",
    "AttackType": [
      "0x8003",
      "0x2003"
    ],
    "HasContact": true,
    "IsBoss": false,
    "MainEntry": true
  },
  "Karasuman": {
    "Level": 36,
    "MaxHealth": 3000,
    "MaxDamage": 110,
    "MaxDefense": 20,
    "MaxExperience": 2000,
    "Surface": "0x0023",
    "Resistances": {
      "HIT": 1,
      "CUT": 1,
      "POI": 1,
      "CUR": 1,
      "STO": 1,
      "WAT": 1,
      "DAR": 2,
      "HOL": 0,
      "ICE": 1,
      "LIG": 1,
      "FLA": 0
    },
    "AttackCorrection": [
      0.75,
      1.25,
      1.1
    ],
    "DamageType": "0x0022",
    "AttackType": [
      "0x0023",
      "0x0803",
      "0x0023"
    ],
    "HasContact": true,
    "IsBoss": false,
    "MainEntry": true
  },
  "Ghost Dancer": {
    "Level": 36,
    "MaxHealth": 400,
    "MaxDamage": 110,
    "MaxDefense": 15,
    "MaxExperience": 266,
    "Surface": "0x0023",
    "Resistances": {
      "HIT": 1,
      "CUT": 2,
      "POI": 3,
      "CUR": 1,
      "STO": 1,
      "WAT": 1,
      "DAR": 1,
      "HOL": 0,
      "ICE": 1,
      "LIG": 1,
      "FLA": 0
    },
    "AttackCorrection": [],
    "DamageType": "0x0022",
    "AttackType": [],
    "HasContact": true,
    "IsBoss": false,
    "MainEntry": true
  },
  "Malachi": {
    "Level": 37,
    "MaxHealth": 2000,
    "MaxDamage": 110,
    "MaxDefense": 25,
    "MaxExperience": 1333,
    "Surface": "0x0023",
    "Resistances": {
      "HIT": 2,
      "CUT": 1,
      "POI": 1,
      "CUR": 1,
      "STO": 1,
      "WAT": 1,
      "DAR": 2,
      "HOL": 0,
      "ICE": 1,
      "LIG": 1,
      "FLA": 1
    },
    "AttackCorrection": [
      1.4,
      1.25
    ],
    "DamageType": "0x0022",
    "AttackType": [
      "0x0083",
      "0x0803"
    ],
    "HasContact": true,
    "IsBoss": false,
    "MainEntry": true
  },
  "Shmoo": {
    "Level": 33,
    "MaxHealth": 200,
    "MaxDamage": 100,
    "MaxDefense": 15,
    "MaxExperience": 133,
    "Surface": "0x0023",
    "Resistances": {
      "HIT": 1,
      "CUT": 1,
      "POI": 1,
      "CUR": 1,
      "STO": 1,
      "WAT": 1,
      "DAR": 4,
      "HOL": 0,
      "ICE": 1,
      "LIG": 1,
      "FLA": 0
    },
    "AttackCorrection": [],
    "DamageType": "0x0802",
    "AttackType": [],
    "HasContact": true,
    "IsBoss": false,
    "MainEntry": true
  },
  "Scarecrow": {
    "Level": 34,
    "MaxHealth": 400,
    "MaxDamage": 110,
    "MaxDefense": 15,
    "MaxExperience": 266,
    "Surface": "0x0023",
    "Resistances": {
      "HIT": 1,
      "CUT": 1,
      "POI": 1,
      "CUR": 1,
      "STO": 1,
      "WAT": 1,
      "DAR": 1,
      "HOL": 1,
      "ICE": 1,
      "LIG": 1,
      "FLA": 0
    },
    "AttackCorrection": [],
    "DamageType": "0x0022",
    "AttackType": [],
    "HasContact": true,
    "IsBoss": false,
    "MainEntry": true
  },
  "Lion": {
    "Level": 35,
    "MaxHealth": 1000,
    "MaxDamage": 110,
    "MaxDefense": 30,
    "MaxExperience": 666,
    "Surface": "0x0023",
    "Resistances": {
      "HIT": 2,
      "CUT": 2,
      "POI": 1,
      "CUR": 1,
      "STO": 1,
      "WAT": 1,
      "DAR": 1,
      "HOL": 1,
      "ICE": 0,
      "LIG": 1,
      "FLA": 0
    },
    "AttackCorrection": [
      1.25
    ],
    "DamageType": "0x0022",
    "AttackType": [
      "0x0043"
    ],
    "HasContact": true,
    "IsBoss": false,
    "MainEntry": true
  },
  "Tin Man": {
    "Level": 35,
    "MaxHealth": 1300,
    "MaxDamage": 110,
    "MaxDefense": 40,
    "MaxExperience": 866,
    "Surface": "0x0023",
    "Resistances": {
      "HIT": 0,
      "CUT": 2,
      "POI": 3,
      "CUR": 1,
      "STO": 1,
      "WAT": 0,
      "DAR": 1,
      "HOL": 1,
      "ICE": 1,
      "LIG": 0,
      "FLA": 2
    },
    "AttackCorrection": [
      1.4,
      1.25
    ],
    "DamageType": "0x0022",
    "AttackType": [
      "0x0043",
      "0x8003"
    ],
    "HasContact": true,
    "IsBoss": false,
    "MainEntry": true
  },
  "Werewolf 2": {
    "Level": 37,
    "MaxHealth": 1000,
    "MaxDamage": 110,
    "MaxDefense": 20,
    "MaxExperience": 666,
    "Surface": "0x0033",
    "Resistances": {
      "HIT": 2,
      "CUT": 1,
      "POI": 1,
      "CUR": 1,
      "STO": 1,
      "WAT": 1,
      "DAR": 1,
      "HOL": 1,
      "ICE": 0,
      "LIG": 1,
      "FLA": 0
    },
    "AttackCorrection": [
      1.25,
      1.25
    ],
    "DamageType": "0x0022",
    "AttackType": [
      "0x0023",
      "0x8003"
    ],
    "HasContact": true,
    "IsBoss": false,
    "MainEntry": true
  },
  "Minotaur 2": {
    "Level": 38,
    "MaxHealth": 1600,
    "MaxDamage": 110,
    "MaxDefense": 30,
    "MaxExperience": 1066,
    "Surface": "0x0033",
    "Resistances": {
      "HIT": 2,
      "CUT": 1,
      "POI": 1,
      "CUR": 1,
      "STO": 1,
      "WAT": 1,
      "DAR": 1,
      "HOL": 1,
      "ICE": 0,
      "LIG": 1,
      "FLA": 0
    },
    "AttackCorrection": [
      1.4,
      0.5
    ],
    "DamageType": "0x0022",
    "AttackType": [
      "0x0043",
      "0x0082"
    ],
    "HasContact": true,
    "IsBoss": false,
    "MainEntry": true
  },
  "White Dragon": {
    "Level": 38,
    "MaxHealth": 500,
    "MaxDamage": 120,
    "MaxDefense": 20,
    "MaxExperience": 333,
    "Surface": "0x0003",
    "Resistances": {
      "HIT": 1,
      "CUT": 2,
      "POI": 3,
      "CUR": 1,
      "STO": 1,
      "WAT": 1,
      "DAR": 1,
      "HOL": 0,
      "ICE": 1,
      "LIG": 1,
      "FLA": 0
    },
    "AttackCorrection": [
      1.25
    ],
    "DamageType": "0x0022",
    "AttackType": [
      "0x8003"
    ],
    "HasContact": true,
    "IsBoss": false,
    "MainEntry": true
  },
  "Spectral Sword 3": {
    "Level": 39,
    "MaxHealth": 3000,
    "MaxDamage": 120,
    "MaxDefense": 30,
    "MaxExperience": 2000,
    "Surface": "0x0023",
    "Resistances": {
      "HIT": 0,
      "CUT": 2,
      "POI": 3,
      "CUR": 1,
      "STO": 1,
      "WAT": 1,
      "DAR": 0,
      "HOL": 3,
      "ICE": 1,
      "LIG": 1,
      "FLA": 1
    },
    "AttackCorrection": [],
    "DamageType": "0x1002",
    "AttackType": [],
    "HasContact": true,
    "IsBoss": false,
    "MainEntry": true
  },
  "Spectral Sword 3 Spears": {
    "Level": 39,
    "MaxHealth": 300,
    "MaxDamage": 110,
    "MaxDefense": 10,
    "MaxExperience": 0,
    "Surface": "0x0003",
    "Resistances": {
      "HIT": 1,
      "CUT": 1,
      "POI": 3,
      "CUR": 1,
      "STO": 1,
      "WAT": 1,
      "DAR": 1,
      "HOL": 1,
      "ICE": 1,
      "LIG": 1,
      "FLA": 0
    },
    "AttackCorrection": [],
    "DamageType": "0x0043",
    "AttackType": [],
    "HasContact": true,
    "IsBoss": false,
    "MainEntry": false
  },
  "Spectral Sword 3 Shields": {
    "Level": 39,
    "MaxHealth": 32767,
    "MaxDamage": 100,
    "MaxDefense": 5,
    "MaxExperience": 0,
    "Surface": "0x0003",
    "Resistances": {
      "HIT": 0,
      "CUT": 2,
      "POI": 3,
      "CUR": 1,
      "STO": 1,
      "WAT": 1,
      "DAR": 1,
      "HOL": 1,
      "ICE": 1,
      "LIG": 1,
      "FLA": 1
    },
    "AttackCorrection": [],
    "DamageType": "0x0022",
    "AttackType": [],
    "HasContact": true,
    "IsBoss": false,
    "MainEntry": false
  },
  "Archer": {
    "Level": 39,
    "MaxHealth": 1300,
    "MaxDamage": 110,
    "MaxDefense": 25,
    "MaxExperience": 866,
    "Surface": "0x0023",
    "Resistances": {
      "HIT": 2,
      "CUT": 1,
      "POI": 1,
      "CUR": 1,
      "STO": 1,
      "WAT": 1,
      "DAR": 1,
      "HOL": 1,
      "ICE": 0,
      "LIG": 0,
      "FLA": 0
    },
    "AttackCorrection": [
      1.3
    ],
    "DamageType": "0x0022",
    "AttackType": [
      "0x0043"
    ],
    "HasContact": true,
    "IsBoss": false,
    "MainEntry": true
  },
  "Bitterfly": {
    "Level": 38,
    "MaxHealth": 100,
    "MaxDamage": 100,
    "MaxDefense": 10,
    "MaxExperience": 66,
    "Surface": "0x0033",
    "Resistances": {
      "HIT": 1,
      "CUT": 1,
      "POI": 1,
      "CUR": 1,
      "STO": 1,
      "WAT": 1,
      "DAR": 4,
      "HOL": 0,
      "ICE": 1,
      "LIG": 1,
      "FLA": 1
    },
    "AttackCorrection": [],
    "DamageType": "0x0802",
    "AttackType": [],
    "HasContact": true,
    "IsBoss": false,
    "MainEntry": true
  },
  "Lesser Demon": {
    "Level": 40,
    "MaxHealth": 3000,
    "MaxDamage": 110,
    "MaxDefense": 30,
    "MaxExperience": 2000,
    "Surface": "0x0033",
    "Resistances": {
      "HIT": 1,
      "CUT": 1,
      "POI": 1,
      "CUR": 1,
      "STO": 1,
      "WAT": 1,
      "DAR": 3,
      "HOL": 0,
      "ICE": 1,
      "LIG": 1,
      "FLA": 1
    },
    "AttackCorrection": [
      1.25,
      0.5,
      1.25
    ],
    "DamageType": "0x0022",
    "AttackType": [
      "0x0043",
      "0x0083",
      "0x8003"
    ],
    "HasContact": true,
    "IsBoss": false,
    "MainEntry": true
  },
  "Fire Demon": {
    "Level": 41,
    "MaxHealth": 2000,
    "MaxDamage": 120,
    "MaxDefense": 25,
    "MaxExperience": 1333,
    "Surface": "0x0033",
    "Resistances": {
      "HIT": 1,
      "CUT": 1,
      "POI": 1,
      "CUR": 1,
      "STO": 1,
      "WAT": 1,
      "DAR": 1,
      "HOL": 1,
      "ICE": 0,
      "LIG": 1,
      "FLA": 3
    },
    "AttackCorrection": [
      1.5
    ],
    "DamageType": "0x0022",
    "AttackType": [
      "0x8003"
    ],
    "HasContact": true,
    "IsBoss": false,
    "MainEntry": true
  },
  "Azaghal": {
    "Level": 42,
    "MaxHealth": 800,
    "MaxDamage": 120,
    "MaxDefense": 30,
    "MaxExperience": 533,
    "Surface": "0x0023",
    "Resistances": {
      "HIT": 0,
      "CUT": 2,
      "POI": 3,
      "CUR": 1,
      "STO": 1,
      "WAT": 1,
      "DAR": 2,
      "HOL": 0,
      "ICE": 1,
      "LIG": 1,
      "FLA": 1
    },
    "AttackCorrection": [
      1.4
    ],
    "DamageType": "0x0022",
    "AttackType": [
      "0x0043"
    ],
    "HasContact": true,
    "IsBoss": false,
    "MainEntry": true
  },
  "Gorgon": {
    "Level": 39,
    "MaxHealth": 1300,
    "MaxDamage": 120,
    "MaxDefense": 25,
    "MaxExperience": 866,
    "Surface": "0x0023",
    "Resistances": {
      "HIT": 2,
      "CUT": 1,
      "POI": 1,
      "CUR": 1,
      "STO": 2,
      "WAT": 1,
      "DAR": 1,
      "HOL": 1,
      "ICE": 0,
      "LIG": 1,
      "FLA": 1
    },
    "AttackCorrection": [],
    "DamageType": "0x0022",
    "AttackType": [],
    "HasContact": true,
    "IsBoss": false,
    "MainEntry": true
  },
  "Gorgon Head": {
    "Level": 39,
    "MaxHealth": 1300,
    "MaxDamage": 120,
    "MaxDefense": 25,
    "MaxExperience": 0,
    "Surface": "0x0023",
    "Resistances": {
      "HIT": 2,
      "CUT": 1,
      "POI": 1,
      "CUR": 1,
      "STO": 2,
      "WAT": 1,
      "DAR": 1,
      "HOL": 1,
      "ICE": 0,
      "LIG": 1,
      "FLA": 1
    },
    "AttackCorrection": [
      1.25
    ],
    "DamageType": "0x0022",
    "AttackType": [
      "0x0202"
    ],
    "HasContact": true,
    "IsBoss": false,
    "MainEntry": false
  },
  "Guardian": {
    "Level": 40,
    "MaxHealth": 1300,
    "MaxDamage": 120,
    "MaxDefense": 50,
    "MaxExperience": 866,
    "Surface": "0x0023",
    "Resistances": {
      "HIT": 0,
      "CUT": 2,
      "POI": 1,
      "CUR": 1,
      "STO": 1,
      "WAT": 1,
      "DAR": 4,
      "HOL": 1,
      "ICE": 3,
      "LIG": 3,
      "FLA": 3
    },
    "AttackCorrection": [
      1.5,
      1.25
    ],
    "DamageType": "0x0022",
    "AttackType": [
      "0x0043",
      "0x8003"
    ],
    "HasContact": true,
    "IsBoss": false,
    "MainEntry": true
  },
  "Orobourous": {
    "Level": 39,
    "MaxHealth": 400,
    "MaxDamage": 100,
    "MaxDefense": 25,
    "MaxExperience": 266,
    "Surface": "0x0023",
    "Resistances": {
      "HIT": 1,
      "CUT": 2,
      "POI": 3,
      "CUR": 1,
      "STO": 1,
      "WAT": 1,
      "DAR": 1,
      "HOL": 0,
      "ICE": 1,
      "LIG": 1,
      "FLA": 0
    },
    "AttackCorrection": [
      1.0,
      1.0
    ],
    "DamageType": "0x0022",
    "AttackType": [
      "0x0022",
      "0x0022"
    ],
    "HasContact": true,
    "IsBoss": false,
    "MainEntry": true
  },
  "Dragon Rider": {
    "Level": 39,
    "MaxHealth": 400,
    "MaxDamage": 100,
    "MaxDefense": 25,
    "MaxExperience": 266,
    "Surface": "0x0023",
    "Resistances": {
      "HIT": 1,
      "CUT": 2,
      "POI": 3,
      "CUR": 1,
      "STO": 1,
      "WAT": 1,
      "DAR": 1,
      "HOL": 0,
      "ICE": 1,
      "LIG": 1,
      "FLA": 0
    },
    "AttackCorrection": [
      1.0
    ],
    "DamageType": "0x0022",
    "AttackType": [
      "0x0022"
    ],
    "HasContact": true,
    "IsBoss": false,
    "MainEntry": true
  },
  "Warg Rider": {
    "Level": 40,
    "MaxHealth": 800,
    "MaxDamage": 110,
    "MaxDefense": 20,
    "MaxExperience": 533,
    "Surface": "0x0023",
    "Resistances": {
      "HIT": 0,
      "CUT": 2,
      "POI": 1,
      "CUR": 1,
      "STO": 1,
      "WAT": 1,
      "DAR": 1,
      "HOL": 1,
      "ICE": 1,
      "LIG": 0,
      "FLA": 2
    },
    "AttackCorrection": [
      1.25
    ],
    "DamageType": "0x0022",
    "AttackType": [
      "0x0043"
    ],
    "HasContact": true,
    "IsBoss": false,
    "MainEntry": true
  },
  "Fire Warg": {
    "Level": 41,
    "MaxHealth": 1300,
    "MaxDamage": 120,
    "MaxDefense": 25,
    "MaxExperience": 866,
    "Surface": "0x0033",
    "Resistances": {
      "HIT": 2,
      "CUT": 1,
      "POI": 1,
      "CUR": 1,
      "STO": 1,
      "WAT": 1,
      "DAR": 1,
      "HOL": 1,
      "ICE": 1,
      "LIG": 1,
      "FLA": 0
    },
    "AttackCorrection": [
      1.25,
      1.25
    ],
    "DamageType": "0x0022",
    "AttackType": [
      "0x0043",
      "0x8003"
    ],
    "HasContact": true,
    "IsBoss": false,
    "MainEntry": true
  },
  "Dodo Bird": {
    "Level": 44,
    "MaxHealth": 30,
    "MaxDamage": 130,
    "MaxDefense": 5000,
    "MaxExperience": 2000,
    "Surface": "0x0023",
    "Resistances": {
      "HIT": 1,
      "CUT": 1,
      "POI": 1,
      "CUR": 1,
      "STO": 1,
      "WAT": 1,
      "DAR": 1,
      "HOL": 1,
      "ICE": 1,
      "LIG": 1,
      "FLA": 1
    },
    "AttackCorrection": [],
    "DamageType": "0x0022",
    "AttackType": [],
    "HasContact": true,
    "IsBoss": false,
    "MainEntry": true
  },
  "Cave Troll": {
    "Level": 41,
    "MaxHealth": 800,
    "MaxDamage": 110,
    "MaxDefense": 20,
    "MaxExperience": 533,
    "Surface": "0x0033",
    "Resistances": {
      "HIT": 2,
      "CUT": 1,
      "POI": 1,
      "CUR": 1,
      "STO": 1,
      "WAT": 2,
      "DAR": 1,
      "HOL": 1,
      "ICE": 1,
      "LIG": 0,
      "FLA": 1
    },
    "AttackCorrection": [
      1.25,
      1.5
    ],
    "DamageType": "0x0022",
    "AttackType": [
      "0x0023",
      "0x4003"
    ],
    "HasContact": true,
    "IsBoss": false,
    "MainEntry": true
  },
  "Dark Octopus": {
    "Level": 40,
    "MaxHealth": 400,
    "MaxDamage": 110,
    "MaxDefense": 10,
    "MaxExperience": 266,
    "Surface": "0x0033",
    "Resistances": {
      "HIT": 2,
      "CUT": 1,
      "POI": 1,
      "CUR": 1,
      "STO": 1,
      "WAT": 2,
      "DAR": 1,
      "HOL": 1,
      "ICE": 1,
      "LIG": 0,
      "FLA": 1
    },
    "AttackCorrection": [
      1.1
    ],
    "DamageType": "0x0022",
    "AttackType": [
      "0x0802"
    ],
    "HasContact": true,
    "IsBoss": false,
    "MainEntry": true
  },
  "Rock Knight": {
    "Level": 42,
    "MaxHealth": 1000,
    "MaxDamage": 110,
    "MaxDefense": 35,
    "MaxExperience": 222,
    "Surface": "0x0023",
    "Resistances": {
      "HIT": 0,
      "CUT": 2,
      "POI": 1,
      "CUR": 1,
      "STO": 1,
      "WAT": 1,
      "DAR": 1,
      "HOL": 1,
      "ICE": 1,
      "LIG": 0,
      "FLA": 2
    },
    "AttackCorrection": [
      1.5
    ],
    "DamageType": "0x0022",
    "AttackType": [
      "0x0023"
    ],
    "HasContact": true,
    "IsBoss": false,
    "MainEntry": true
  },
  "Blue Venus Weed Unflowered": {
    "Level": 43,
    "MaxHealth": 2000,
    "MaxDamage": 110,
    "MaxDefense": 25,
    "MaxExperience": 1333,
    "Surface": "0x0023",
    "Resistances": {
      "HIT": 1,
      "CUT": 1,
      "POI": 1,
      "CUR": 1,
      "STO": 1,
      "WAT": 4,
      "DAR": 1,
      "HOL": 2,
      "ICE": 1,
      "LIG": 2,
      "FLA": 0
    },
    "AttackCorrection": [],
    "DamageType": "0x0022",
    "AttackType": [],
    "HasContact": true,
    "IsBoss": false,
    "MainEntry": true
  },
  "Blue Venus Weed Flowered": {
    "Level": 43,
    "MaxHealth": 2000,
    "MaxDamage": 110,
    "MaxDefense": 25,
    "MaxExperience": 1333,
    "Surface": "0x0023",
    "Resistances": {
      "HIT": 1,
      "CUT": 1,
      "POI": 1,
      "CUR": 1,
      "STO": 1,
      "WAT": 4,
      "DAR": 1,
      "HOL": 2,
      "ICE": 1,
      "LIG": 2,
      "FLA": 0
    },
    "AttackCorrection": [
      1.25,
      1.25
    ],
    "DamageType": "0x0022",
    "AttackType": [
      "0x0043",
      "0x0043"
    ],
    "HasContact": true,
    "IsBoss": false,
    "MainEntry": false
  },
  "Salome": {
    "Level": 45,
    "MaxHealth": 800,
    "MaxDamage": 110,
    "MaxDefense": 20,
    "MaxExperience": 533,
    "Surface": "0x0023",
    "Resistances": {
      "HIT": 1,
      "CUT": 1,
      "POI": 1,
      "CUR": 1,
      "STO": 1,
      "WAT": 1,
      "DAR": 2,
      "HOL": 2,
      "ICE": 1,
      "LIG": 1,
      "FLA": 0
    },
    "AttackCorrection": [
      1.25,
      1.25,
      1.25
    ],
    "DamageType": "0x0022",
    "AttackType": [
      "0x1003",
      "0x0023",
      "0x0026"
    ],
    "HasContact": true,
    "IsBoss": false,
    "MainEntry": true
  },
  "Frozen Half": {
    "Level": 48,
    "MaxHealth": 3000,
    "MaxDamage": 110,
    "MaxDefense": 20,
    "MaxExperience": 2000,
    "Surface": "0x0023",
    "Resistances": {
      "HIT": 1,
      "CUT": 1,
      "POI": 1,
      "CUR": 1,
      "STO": 1,
      "WAT": 2,
      "DAR": 1,
      "HOL": 1,
      "ICE": 4,
      "LIG": 1,
      "FLA": 0
    },
    "AttackCorrection": [
      1.1,
      1.5,
      1.25
    ],
    "DamageType": "0x2002",
    "AttackType": [
      "0x2003",
      "0x2003",
      "0x2003"
    ],
    "HasContact": true,
    "IsBoss": false,
    "MainEntry": true
  },
  "Doppleganger 1": {
    "Level": 10,
    "MaxHealth": 2000,
    "MaxDamage": 100,
    "MaxDefense": 30,
    "MaxExperience": 2666,
    "Surface": "0x0033",
    "Resistances": {
      "HIT": 1,
      "CUT": 1,
      "POI": 1,
      "CUR": 1,
      "STO": 1,
      "WAT": 1,
      "DAR": 1,
      "HOL": 1,
      "ICE": 1,
      "LIG": 1,
      "FLA": 1
    },
    "AttackCorrection": [
      0.5,
      1.5,
      1.25,
      1.25,
      0.75
    ],
    "DamageType": "0x0022",
    "AttackType": [
      "0x1002",
      "0x0025",
      "0x0043",
      "0x0203",
      "0x1043"
    ],
    "HasContact": false,
    "IsBoss": true,
    "MainEntry": true
  },
  "Scylla": {
    "Level": 14,
    "MaxHealth": 8000,
    "MaxDamage": 120,
    "MaxDefense": 25,
    "MaxExperience": 10666,
    "Surface": "0x0023",
    "Resistances": {
      "HIT": 1,
      "CUT": 1,
      "POI": 1,
      "CUR": 1,
      "STO": 1,
      "WAT": 4,
      "DAR": 1,
      "HOL": 1,
      "ICE": 1,
      "LIG": 0,
      "FLA": 1
    },
    "AttackCorrection": [
      1.0,
      1.5,
      1.1,
      1.0,
      1.25,
      1.25
    ],
    "DamageType": "0x0022",
    "AttackType": [
      "0x0026",
      "0x0443",
      "0x0403",
      "0x0026",
      "0x0403",
      "0x0023"
    ],
    "HasContact": true,
    "IsBoss": true,
    "MainEntry": true
  },
  "Scylla Wyrm": {
    "Level": 14,
    "MaxHealth": 1000,
    "MaxDamage": 120,
    "MaxDefense": 10,
    "MaxExperience": 0,
    "Surface": "0x0023",
    "Resistances": {
      "HIT": 1,
      "CUT": 1,
      "POI": 1,
      "CUR": 1,
      "STO": 1,
      "WAT": 3,
      "DAR": 1,
      "HOL": 1,
      "ICE": 1,
      "LIG": 0,
      "FLA": 1
    },
    "AttackCorrection": [],
    "DamageType": "0x0022",
    "AttackType": [],
    "HasContact": true,
    "IsBoss": true,
    "MainEntry": false
  },
  "Hippogryph": {
    "Level": 17,
    "MaxHealth": 8000,
    "MaxDamage": 120,
    "MaxDefense": 15,
    "MaxExperience": 10666,
    "Surface": "0x0023",
    "Resistances": {
      "HIT": 1,
      "CUT": 1,
      "POI": 1,
      "CUR": 1,
      "STO": 1,
      "WAT": 1,
      "DAR": 1,
      "HOL": 1,
      "ICE": 1,
      "LIG": 2,
      "FLA": 0
    },
    "AttackCorrection": [
      1.25
    ],
    "DamageType": "0x0022",
    "AttackType": [
      "0x8003"
    ],
    "HasContact": true,
    "IsBoss": true,
    "MainEntry": true
  },
  "Hippogryph Babies": {
    "Level": 17,
    "MaxHealth": 200,
    "MaxDamage": 100,
    "MaxDefense": 5,
    "MaxExperience": 0,
    "Surface": "0x0023",
    "Resistances": {
      "HIT": 1,
      "CUT": 1,
      "POI": 1,
      "CUR": 1,
      "STO": 1,
      "WAT": 1,
      "DAR": 1,
      "HOL": 1,
      "ICE": 1,
      "LIG": 2,
      "FLA": 0
    },
    "AttackCorrection": [],
    "DamageType": "0x0022",
    "AttackType": [],
    "HasContact": true,
    "IsBoss": true,
    "MainEntry": false
  },
  "Orlox 1": {
    "Level": 20,
    "MaxHealth": 5000,
    "MaxDamage": 120,
    "MaxDefense": 35,
    "MaxExperience": 0,
    "Surface": "0x0023",
    "Resistances": {
      "HIT": 1,
      "CUT": 1,
      "POI": 1,
      "CUR": 1,
      "STO": 1,
      "WAT": 1,
      "DAR": 2,
      "HOL": 0,
      "ICE": 1,
      "LIG": 1,
      "FLA": 1
    },
    "AttackCorrection": [
      0.9,
      0.9,
      1.25,
      1.5
    ],
    "DamageType": "0x0022",
    "AttackType": [
      "0x0802",
      "0x0802",
      "0x0803",
      "0x0043"
    ],
    "HasContact": true,
    "IsBoss": true,
    "MainEntry": true
  },
  "Orlox 2": {
    "Level": 20,
    "MaxHealth": 10000,
    "MaxDamage": 120,
    "MaxDefense": 20,
    "MaxExperience": 20000,
    "Surface": "0x0023",
    "Resistances": {
      "HIT": 2,
      "CUT": 1,
      "POI": 1,
      "CUR": 1,
      "STO": 1,
      "WAT": 1,
      "DAR": 2,
      "HOL": 0,
      "ICE": 1,
      "LIG": 1,
      "FLA": 1
    },
    "AttackCorrection": [
      1.0,
      1.5
    ],
    "DamageType": "0x0022",
    "AttackType": [
      "0x8003",
      "0x8003"
    ],
    "HasContact": true,
    "IsBoss": true,
    "MainEntry": false
  },
  "Orlox 2 Part 1": {
    "Level": 20,
    "MaxHealth": 32767,
    "MaxDamage": 120,
    "MaxDefense": 20,
    "MaxExperience": 0,
    "Surface": "0x0023",
    "Resistances": {
      "HIT": 2,
      "CUT": 1,
      "POI": 1,
      "CUR": 1,
      "STO": 1,
      "WAT": 1,
      "DAR": 2,
      "HOL": 0,
      "ICE": 1,
      "LIG": 1,
      "FLA": 1
    },
    "AttackCorrection": [],
    "DamageType": "0x0022",
    "AttackType": [],
    "HasContact": true,
    "IsBoss": true,
    "MainEntry": false
  },
  "Orlox 2 Part 2": {
    "Level": 20,
    "MaxHealth": 32767,
    "MaxDamage": 120,
    "MaxDefense": 20,
    "MaxExperience": 0,
    "Surface": "0x0023",
    "Resistances": {
      "HIT": 2,
      "CUT": 1,
      "POI": 1,
      "CUR": 1,
      "STO": 1,
      "WAT": 1,
      "DAR": 2,
      "HOL": 0,
      "ICE": 1,
      "LIG": 1,
      "FLA": 1
    },
    "AttackCorrection": [],
    "DamageType": "0x0022",
    "AttackType": [],
    "HasContact": true,
    "IsBoss": true,
    "MainEntry": false
  },
  "Orlox 2 Part 3": {
    "Level": 20,
    "MaxHealth": 32767,
    "MaxDamage": 120,
    "MaxDefense": 20,
    "MaxExperience": 0,
    "Surface": "0x0023",
    "Resistances": {
      "HIT": 2,
      "CUT": 1,
      "POI": 1,
      "CUR": 1,
      "STO": 1,
      "WAT": 1,
      "DAR": 2,
      "HOL": 0,
      "ICE": 1,
      "LIG": 1,
      "FLA": 1
    },
    "AttackCorrection": [],
    "DamageType": "0x0022",
    "AttackType": [],
    "HasContact": true,
    "IsBoss": true,
    "MainEntry": false
  },
  "Cerberus": {
    "Level": 22,
    "MaxHealth": 8000,
    "MaxDamage": 120,
    "MaxDefense": 20,
    "MaxExperience": 10666,
    "Surface": "0x0023",
    "Resistances": {
      "HIT": 1,
      "CUT": 1,
      "POI": 1,
      "CUR": 1,
      "STO": 1,
      "WAT": 0,
      "DAR": 1,
      "HOL": 1,
      "ICE": 0,
      "LIG": 1,
      "FLA": 4
    },
    "AttackCorrection": [
      1.25,
      1.5
    ],
    "DamageType": "0x0022",
    "AttackType": [
      "0x8003",
      "0x8003"
    ],
    "HasContact": true,
    "IsBoss": true,
    "MainEntry": true
  },
  "Granfaloon": {
    "Level": 25,
    "MaxHealth": 10000,
    "MaxDamage": 130,
    "MaxDefense": 20,
    "MaxExperience": 13333,
    "Surface": "0x0023",
    "Resistances": {
      "HIT": 2,
      "CUT": 0,
      "POI": 1,
      "CUR": 1,
      "STO": 1,
      "WAT": 1,
      "DAR": 1,
      "HOL": 1,
      "ICE": 1,
      "LIG": 1,
      "FLA": 1
    },
    "AttackCorrection": [
      1.5
    ],
    "DamageType": "0x0022",
    "AttackType": [
      "0x1003"
    ],
    "HasContact": true,
    "IsBoss": true,
    "MainEntry": true
  },
  "Granfaloon Part": {
    "Level": 25,
    "MaxHealth": 100,
    "MaxDamage": 120,
    "MaxDefense": 30,
    "MaxExperience": 0,
    "Surface": "0x0023",
    "Resistances": {
      "HIT": 2,
      "CUT": 0,
      "POI": 1,
      "CUR": 1,
      "STO": 1,
      "WAT": 1,
      "DAR": 1,
      "HOL": 1,
      "ICE": 1,
      "LIG": 1,
      "FLA": 1
    },
    "AttackCorrection": [
      0.8
    ],
    "DamageType": "0x0022",
    "AttackType": [
      "0x0022"
    ],
    "HasContact": true,
    "IsBoss": true,
    "MainEntry": false
  },
  "Succubus": {
    "Level": 28,
    "MaxHealth": 8000,
    "MaxDamage": 120,
    "MaxDefense": 30,
    "MaxExperience": 10666,
    "Surface": "0x0023",
    "Resistances": {
      "HIT": 2,
      "CUT": 1,
      "POI": 0,
      "CUR": 1,
      "STO": 1,
      "WAT": 1,
      "DAR": 2,
      "HOL": 0,
      "ICE": 1,
      "LIG": 1,
      "FLA": 1
    },
    "AttackCorrection": [
      0.75,
      1.0,
      1.0,
      1.25,
      1.5
    ],
    "DamageType": "0x0022",
    "AttackType": [
      "0x0102",
      "0x0022",
      "0x1003",
      "0x0043",
      "0x0022"
    ],
    "HasContact": true,
    "IsBoss": true,
    "MainEntry": true
  },
  "Richter": {
    "Level": 30,
    "MaxHealth": 200,
    "MaxDamage": 130,
    "MaxDefense": 30,
    "MaxExperience": 0,
    "Surface": "0x0033",
    "Resistances": {
      "HIT": 1,
      "CUT": 1,
      "POI": 1,
      "CUR": 1,
      "STO": 1,
      "WAT": 1,
      "DAR": 0,
      "HOL": 2,
      "ICE": 1,
      "LIG": 1,
      "FLA": 1
    },
    "AttackCorrection": [
      1.0,
      1.25,
      1.0,
      0.75,
      0.75,
      1.0,
      1.0,
      1.0,
      1.0,
      1.0,
      0.5,
      1.0,
      0.75,
      1.25,
      2.5,
      1.5
    ],
    "DamageType": "0x0022",
    "AttackType": [
      "0x1003",
      "0x8003",
      "0x0045",
      "0x0026",
      "0x0022",
      "0x0023",
      "0x1003",
      "0x0402",
      "0x0402",
      "0x1043",
      "0x0402",
      "0x1043",
      "0x1002",
      "0x1003",
      "0x1003",
      "0x4003"
    ],
    "HasContact": false,
    "IsBoss": true,
    "MainEntry": true
  },
  "Shaft Orb": {
    "Level": 34,
    "MaxHealth": 4000,
    "MaxDamage": 0,
    "MaxDefense": 40,
    "MaxExperience": 0,
    "Surface": "0x0002",
    "Resistances": {
      "HIT": 0,
      "CUT": 3,
      "POI": 3,
      "CUR": 1,
      "STO": 1,
      "WAT": 1,
      "DAR": 1,
      "HOL": 1,
      "ICE": 1,
      "LIG": 1,
      "FLA": 1
    },
    "AttackCorrection": [],
    "DamageType": "0x0022",
    "AttackType": [],
    "HasContact": true,
    "IsBoss": true,
    "MainEntry": true
  },
  "Darkwing Bat": {
    "Level": 32,
    "MaxHealth": 8000,
    "MaxDamage": 120,
    "MaxDefense": 30,
    "MaxExperience": 10666,
    "Surface": "0x0023",
    "Resistances": {
      "HIT": 1,
      "CUT": 1,
      "POI": 1,
      "CUR": 1,
      "STO": 1,
      "WAT": 1,
      "DAR": 1,
      "HOL": 1,
      "ICE": 1,
      "LIG": 1,
      "FLA": 0
    },
    "AttackCorrection": [
      1.5,
      1.25,
      1.1
    ],
    "DamageType": "0x0022",
    "AttackType": [
      "0x0023",
      "0x0023",
      "0x0023"
    ],
    "HasContact": true,
    "IsBoss": true,
    "MainEntry": true
  },
  "Medusa": {
    "Level": 35,
    "MaxHealth": 8000,
    "MaxDamage": 120,
    "MaxDefense": 25,
    "MaxExperience": 10666,
    "Surface": "0x0023",
    "Resistances": {
      "HIT": 2,
      "CUT": 1,
      "POI": 1,
      "CUR": 1,
      "STO": 4,
      "WAT": 1,
      "DAR": 1,
      "HOL": 1,
      "ICE": 1,
      "LIG": 1,
      "FLA": 1
    },
    "AttackCorrection": [
      1.25,
      1.25,
      1.5
    ],
    "DamageType": "0x0022",
    "AttackType": [
      "0x0043",
      "0x0203",
      "0x4003"
    ],
    "HasContact": true,
    "IsBoss": true,
    "MainEntry": true
  },
  "The Creature": {
    "Level": 35,
    "MaxHealth": 8000,
    "MaxDamage": 120,
    "MaxDefense": 30,
    "MaxExperience": 10666,
    "Surface": "0x0023",
    "Resistances": {
      "HIT": 1,
      "CUT": 1,
      "POI": 1,
      "CUR": 1,
      "STO": 1,
      "WAT": 1,
      "DAR": 1,
      "HOL": 1,
      "ICE": 1,
      "LIG": 3,
      "FLA": 1
    },
    "AttackCorrection": [
      1.5
    ],
    "DamageType": "0x0022",
    "AttackType": [
      "0x0025"
    ],
    "HasContact": true,
    "IsBoss": true,
    "MainEntry": true
  },
  "Akmodan": {
    "Level": 37,
    "MaxHealth": 8000,
    "MaxDamage": 130,
    "MaxDefense": 25,
    "MaxExperience": 10666,
    "Surface": "0x0023",
    "Resistances": {
      "HIT": 2,
      "CUT": 0,
      "POI": 4,
      "CUR": 1,
      "STO": 1,
      "WAT": 1,
      "DAR": 2,
      "HOL": 1,
      "ICE": 1,
      "LIG": 1,
      "FLA": 0
    },
    "AttackCorrection": [
      1.25,
      0.5,
      1.25
    ],
    "DamageType": "0x0022",
    "AttackType": [
      "0x0023",
      "0x0082",
      "0x0023"
    ],
    "HasContact": true,
    "IsBoss": true,
    "MainEntry": true
  },
  "Fake Trevor": {
    "Level": 38,
    "MaxHealth": 5000,
    "MaxDamage": 110,
    "MaxDefense": 40,
    "MaxExperience": 6666,
    "Surface": "0x0023",
    "Resistances": {
      "HIT": 1,
      "CUT": 1,
      "POI": 1,
      "CUR": 1,
      "STO": 1,
      "WAT": 1,
      "DAR": 2,
      "HOL": 0,
      "ICE": 1,
      "LIG": 1,
      "FLA": 1
    },
    "AttackCorrection": [
      1.0,
      1.0,
      1.25,
      0.75,
      1.0
    ],
    "DamageType": "0x0022",
    "AttackType": [
      "0x0803",
      "0x0803",
      "0x0803",
      "0x0843",
      "0x0402"
    ],
    "HasContact": false,
    "IsBoss": true,
    "MainEntry": true
  },
  "Zombie Trevor": {
    "Level": 38,
    "MaxHealth": 5000,
    "MaxDamage": 110,
    "MaxDefense": 10,
    "MaxExperience": 0,
    "Surface": "0x0023",
    "Resistances": {
      "HIT": 1,
      "CUT": 1,
      "POI": 1,
      "CUR": 1,
      "STO": 1,
      "WAT": 1,
      "DAR": 4,
      "HOL": 0,
      "ICE": 1,
      "LIG": 1,
      "FLA": 1
    },
    "AttackCorrection": [],
    "DamageType": "0x0802",
    "AttackType": [],
    "HasContact": true,
    "IsBoss": true,
    "MainEntry": false
  },
  "Fake Grant": {
    "Level": 38,
    "MaxHealth": 5000,
    "MaxDamage": 110,
    "MaxDefense": 30,
    "MaxExperience": 6666,
    "Surface": "0x0023",
    "Resistances": {
      "HIT": 2,
      "CUT": 1,
      "POI": 1,
      "CUR": 1,
      "STO": 1,
      "WAT": 1,
      "DAR": 1,
      "HOL": 1,
      "ICE": 0,
      "LIG": 1,
      "FLA": 0
    },
    "AttackCorrection": [
      1.25,
      1.0
    ],
    "DamageType": "0x0022",
    "AttackType": [
      "0x0043",
      "0x0043"
    ],
    "HasContact": false,
    "IsBoss": true,
    "MainEntry": true
  },
  "Fake Sypha": {
    "Level": 38,
    "MaxHealth": 5000,
    "MaxDamage": 110,
    "MaxDefense": 25,
    "MaxExperience": 6666,
    "Surface": "0x0023",
    "Resistances": {
      "HIT": 1,
      "CUT": 1,
      "POI": 0,
      "CUR": 1,
      "STO": 1,
      "WAT": 1,
      "DAR": 2,
      "HOL": 3,
      "ICE": 2,
      "LIG": 2,
      "FLA": 2
    },
    "AttackCorrection": [
      1.25,
      1.25,
      1.25
    ],
    "DamageType": "0x0022",
    "AttackType": [
      "0x8003",
      "0x2003",
      "0x1003"
    ],
    "HasContact": false,
    "IsBoss": true,
    "MainEntry": true
  },
  "Beezelbub": {
    "Level": 42,
    "MaxHealth": 10000,
    "MaxDamage": 130,
    "MaxDefense": 20,
    "MaxExperience": 13333,
    "Surface": "0x0023",
    "Resistances": {
      "HIT": 1,
      "CUT": 1,
      "POI": 1,
      "CUR": 1,
      "STO": 1,
      "WAT": 1,
      "DAR": 4,
      "HOL": 0,
      "ICE": 1,
      "LIG": 1,
      "FLA": 1
    },
    "AttackCorrection": [
      0.5
    ],
    "DamageType": "0x0802",
    "AttackType": [
      "0x0082"
    ],
    "HasContact": true,
    "IsBoss": true,
    "MainEntry": true
  },
  "Beezelbub Flies": {
    "Level": 42,
    "MaxHealth": 300,
    "MaxDamage": 120,
    "MaxDefense": 10,
    "MaxExperience": 0,
    "Surface": "0x0023",
    "Resistances": {
      "HIT": 2,
      "CUT": 1,
      "POI": 1,
      "CUR": 1,
      "STO": 1,
      "WAT": 1,
      "DAR": 1,
      "HOL": 1,
      "ICE": 1,
      "LIG": 1,
      "FLA": 0
    },
    "AttackCorrection": [],
    "DamageType": "0x0022",
    "AttackType": [],
    "HasContact": true,
    "IsBoss": true,
    "MainEntry": false
  },
  "Doppleganger 2": {
    "Level": 40,
    "MaxHealth": 2000,
    "MaxDamage": 100,
    "MaxDefense": 30,
    "MaxExperience": 2666,
    "Surface": "0x0033",
    "Resistances": {
      "HIT": 1,
      "CUT": 1,
      "POI": 1,
      "CUR": 1,
      "STO": 1,
      "WAT": 1,
      "DAR": 1,
      "HOL": 1,
      "ICE": 1,
      "LIG": 1,
      "FLA": 1
    },
    "AttackCorrection": [
      0.5,
      1.5,
      0.5,
      1.25,
      0.75,
      0.75
    ],
    "DamageType": "0x0022",
    "AttackType": [
      "0x1002",
      "0x0025",
      "0x00c3",
      "0x0203",
      "0x1043",
      "0x1043"
    ],
    "HasContact": false,
    "IsBoss": true,
    "MainEntry": true
  },
  "Death 1": {
    "Level": 44,
    "MaxHealth": 10000,
    "MaxDamage": 120,
    "MaxDefense": 40,
    "MaxExperience": 0,
    "Surface": "0x0023",
    "Resistances": {
      "HIT": 2,
      "CUT": 2,
      "POI": 3,
      "CUR": 1,
      "STO": 1,
      "WAT": 1,
      "DAR": 4,
      "HOL": 0,
      "ICE": 0,
      "LIG": 0,
      "FLA": 0
    },
    "AttackCorrection": [
      0.8,
      1.4,
      1.0,
      1.2
    ],
    "DamageType": "0x0022",
    "AttackType": [
      "0x0043",
      "0x4003",
      "0x1003",
      "0x0043"
    ],
    "HasContact": true,
    "IsBoss": true,
    "MainEntry": true
  },
  "Death 2": {
    "Level": 44,
    "MaxHealth": 5000,
    "MaxDamage": 120,
    "MaxDefense": 40,
    "MaxExperience": 20000,
    "Surface": "0x0023",
    "Resistances": {
      "HIT": 2,
      "CUT": 2,
      "POI": 3,
      "CUR": 1,
      "STO": 1,
      "WAT": 1,
      "DAR": 4,
      "HOL": 0,
      "ICE": 0,
      "LIG": 0,
      "FLA": 0
    },
    "AttackCorrection": [
      1.5
    ],
    "DamageType": "0x0022",
    "AttackType": [
      "0x0043"
    ],
    "HasContact": true,
    "IsBoss": true,
    "MainEntry": false
  },
  "Galamoth": {
    "Level": 50,
    "MaxHealth": 15000,
    "MaxDamage": 120,
    "MaxDefense": 50,
    "MaxExperience": 20000,
    "Surface": "0x0023",
    "Resistances": {
      "HIT": 1,
      "CUT": 1,
      "POI": 1,
      "CUR": 1,
      "STO": 1,
      "WAT": 1,
      "DAR": 1,
      "HOL": 1,
      "ICE": 1,
      "LIG": 1,
      "FLA": 1
    },
    "AttackCorrection": [
      1.25,
      1.1,
      1.25
    ],
    "DamageType": "0x0022",
    "AttackType": [
      "0x0803",
      "0x4002",
      "0x0025"
    ],
    "HasContact": true,
    "IsBoss": true,
    "MainEntry": true
  },
  "Galamoth Head": {
    "Level": 50,
    "MaxHealth": 32767,
    "MaxDamage": 120,
    "MaxDefense": 5,
    "MaxExperience": 0,
    "Surface": "0x0023",
    "Resistances": {
      "HIT": 1,
      "CUT": 1,
      "POI": 1,
      "CUR": 1,
      "STO": 1,
      "WAT": 1,
      "DAR": 1,
      "HOL": 1,
      "ICE": 1,
      "LIG": 1,
      "FLA": 1
    },
    "AttackCorrection": [],
    "DamageType": "0x0022",
    "AttackType": [],
    "HasContact": true,
    "IsBoss": true,
    "MainEntry": false
  },
  "Shaft": {
    "Level": 34,
    "MaxHealth": 8000,
    "MaxDamage": 120,
    "MaxDefense": 80,
    "MaxExperience": 0,
    "Surface": "0x0023",
    "Resistances": {
      "HIT": 0,
      "CUT": 3,
      "POI": 3,
      "CUR": 1,
      "STO": 1,
      "WAT": 1,
      "DAR": 1,
      "HOL": 1,
      "ICE": 1,
      "LIG": 1,
      "FLA": 1
    },
    "AttackCorrection": [
      0.75,
      1.25,
      0.9,
      1.5
    ],
    "DamageType": "0x0022",
    "AttackType": [
      "0x0023",
      "0x8003",
      "0x4002",
      "0x0023"
    ],
    "HasContact": true,
    "IsBoss": true,
    "MainEntry": true
  },
  "Dracula": {
    "Level": 66,
    "MaxHealth": 15000,
    "MaxDamage": 120,
    "MaxDefense": 30,
    "MaxExperience": 0,
    "Surface": "0x0003",
    "Resistances": {
      "HIT": 1,
      "CUT": 1,
      "POI": 3,
      "CUR": 3,
      "STO": 3,
      "WAT": 1,
      "DAR": 4,
      "HOL": 1,
      "ICE": 0,
      "LIG": 2,
      "FLA": 2
    },
    "AttackCorrection": [
      1.25,
      3.0,
      1.5
    ],
    "DamageType": "0x0022",
    "AttackType": [
      "0x0025",
      "0x1003",
      "0x0803"
    ],
    "HasContact": true,
    "IsBoss": true,
    "MainEntry": true
  },
  "Dracula Hands": {
    "Level": 66,
    "MaxHealth": 32767,
    "MaxDamage": 120,
    "MaxDefense": 30,
    "MaxExperience": 0,
    "Surface": "0x0003",
    "Resistances": {
      "HIT": 1,
      "CUT": 1,
      "POI": 3,
      "CUR": 3,
      "STO": 3,
      "WAT": 1,
      "DAR": 4,
      "HOL": 1,
      "ICE": 0,
      "LIG": 2,
      "FLA": 2
    },
    "AttackCorrection": [],
    "DamageType": "0x0025",
    "AttackType": [],
    "HasContact": true,
    "IsBoss": true,
    "MainEntry": false
  }
}