<?xml version="1.0" encoding="UTF-8"?>
<files>
  <file name="Super C 35.ia.mp4" source="derivative">
    <format>h.264 IA</format>
    <original>Super C 35.mp4</original>
    <mtime>1687037614</mtime>
    <size>71400791</size>
    <md5>509808444a888b2c8f2dba8e9d8f23b6</md5>
    <crc32>e4f5b1e8</crc32>
    <sha1>72d3cf61041cbeeecdf5d09bbd7a60bbae94688d</sha1>
    <length>119.81</length>
    <width>1280</width>
    <height>800</height>
  </file>
  <file name="Super C 35.mp4" source="original">
    <mtime>1687035129</mtime>
    <size>72401494</size>
    <md5>f633a78f90fded498bdcbe2c48122fc6</md5>
    <crc32>9d7ef9c8</crc32>
    <sha1>a6e52368717c448042092b7038aa5516f23bf711</sha1>
    <format>MPEG4</format>
    <length>119.82</length>
    <width>1280</width>
    <height>800</height>
  </file>
  <file name="__ia_thumb.jpg" source="original">
    <mtime>1687038109</mtime>
    <size>2251</size>
    <md5>c542ba8693f66085ecce22b455ae681c</md5>
    <crc32>4e20d4e6</crc32>
    <sha1>455dda5cd24dca28bd822b0eccb7304956592bda</sha1>
    <format>Item Tile</format>
    <rotation>0</rotation>
  </file>
  <file name="super c 35-0.png" source="original">
    <mtime>1687035019</mtime>
    <size>3458</size>
    <md5>a27b7fa63d79e5b566479f00ae130755</md5>
    <crc32>120224a8</crc32>
    <sha1>6b6146808ee958a6c619ee7021614b8ca6bc3858</sha1>
    <format>PNG</format>
  </file>
  <file name="super c 35-0_thumb.jpg" source="derivative">
    <format>JPEG Thumb</format>
    <original>super c 35-0.png</original>
    <mtime>1687037980</mtime>
    <size>8881</size>
    <md5>402ab843ed2d7c660149edddab7fb61b</md5>
    <crc32>6ddafe3c</crc32>
    <sha1>01341ed6fb7d1f1356855b34a090b4a66755ac1e</sha1>
  </file>
  <file name="super c 35-1.png" source="original">
    <mtime>1687035045</mtime>
    <size>6656</size>
    <md5>8c0f37bf5829239f271da1740c59bada</md5>
    <crc32>b8bdfc85</crc32>
    <sha1>706843bf19dad877bf5e2dadfc1c08340cfe136d</sha1>
    <format>PNG</format>
  </file>
  <file name="super c 35-1_thumb.jpg" source="derivative">
    <format>JPEG Thumb</format>
    <original>super c 35-1.png</original>
    <mtime>1687037992</mtime>
    <size>11847</size>
    <md5>8504fb5982b712ce52f43e46e9144c38</md5>
    <crc32>5f918f23</crc32>
    <sha1>97202932234852a32cc7ae200741c8affdbd4f64</sha1>
  </file>
  <file name="super c 35-2.png" source="original">
    <mtime>1687035049</mtime>
    <size>5646</size>
    <md5>8c37ab8db0c45e7cf18151109ec3acfc</md5>
    <crc32>abcae11d</crc32>
    <sha1>1e635cab7bd11f949c36a7c274bfab8968b3d6aa</sha1>
    <format>PNG</format>
  </file>
  <file name="super c 35-2_thumb.jpg" source="derivative">
    <format>JPEG Thumb</format>
    <original>super c 35-2.png</original>
    <mtime>1687038009</mtime>
    <size>10587</size>
    <md5>9a0dfdd5fbb37987cbfec1ade8da7744</md5>
    <crc32>6748cf98</crc32>
    <sha1>df3e656d701ecdc96d1f73ac4271c4a2809fec8f</sha1>
  </file>
  <file name="super c 35-3.png" source="original">
    <mtime>1687035053</mtime>
    <size>6482</size>
    <md5>666aeed3f9ec1e0995318ef2e1d942dc</md5>
    <crc32>818b38b5</crc32>
    <sha1>265340488c9b7742dbeda959eeb311412200ef11</sha1>
    <format>PNG</format>
  </file>
  <file name="super c 35-3_thumb.jpg" source="derivative">
    <format>JPEG Thumb</format>
    <original>super c 35-3.png</original>
    <mtime>1687038031</mtime>
    <size>11120</size>
    <md5>676c3057b02b56459f98703e26ca8ad9</md5>
    <crc32>23ff52cf</crc32>
    <sha1>dc5aa230e3161bbd2ef78e8069f6a67859107d46</sha1>
  </file>
  <file name="super c 35-4.png" source="original">
    <mtime>1687035055</mtime>
    <size>2494</size>
    <md5>54574c5656ac6189a18ca9373bd8b3fe</md5>
    <crc32>cf1453f1</crc32>
    <sha1>67828bdb2ad2dfd035862823f97540a3ea2b22a9</sha1>
    <format>PNG</format>
  </file>
  <file name="super c 35-4_thumb.jpg" source="derivative">
    <format>JPEG Thumb</format>
    <original>super c 35-4.png</original>
    <mtime>1687038046</mtime>
    <size>5905</size>
    <md5>990c9110caec11941bc94e18b58d7370</md5>
    <crc32>195bfda2</crc32>
    <sha1>327c9f8043b9a4a29a2ccf093715a312815b2d2a</sha1>
  </file>
  <file name="super c 35-5.png" source="original">
    <mtime>1687035061</mtime>
    <size>5862</size>
    <md5>3b4946c74e5bbb3cb1bc0e33c37f7cbb</md5>
    <crc32>48980e86</crc32>
    <sha1>06aaa2f62c14f1516f579011bf11da6cbb1abfcf</sha1>
    <format>PNG</format>
  </file>
  <file name="super c 35-5_thumb.jpg" source="derivative">
    <format>JPEG Thumb</format>
    <original>super c 35-5.png</original>
    <mtime>1687038082</mtime>
    <size>9289</size>
    <md5>cb689bd1cd6edb505bb28fe40ab34b23</md5>
    <crc32>ba2b6cf6</crc32>
    <sha1>7b891872eb879149ddc611a23cddb51fa0ca0117</sha1>
  </file>
  <file name="super c 35-8.png" source="original">
    <mtime>1687035064</mtime>
    <size>6126</size>
    <md5>8f9a8b87b0cf400d70fb529d663ba180</md5>
    <crc32>9e2bc442</crc32>
    <sha1>d843b5527f29b022537b6e1dee8ec910fb765623</sha1>
    <format>PNG</format>
  </file>
  <file name="super c 35-8_thumb.jpg" source="derivative">
    <format>JPEG Thumb</format>
    <original>super c 35-8.png</original>
    <mtime>1687038096</mtime>
    <size>9980</size>
    <md5>a79906fc9c4ee3c3ceaf390f183958f4</md5>
    <crc32>cd0f4a9e</crc32>
    <sha1>6f796c62049ae13fefd3bc1e650e394b10600354</sha1>
  </file>
  <file name="super c 35.bps" source="original">
    <mtime>1687035068</mtime>
    <size>649</size>
    <md5>23b796b69e64bafd2ba19dc601b82ec6</md5>
    <crc32>2144df1c</crc32>
    <sha1>3cfb98b3e849a0a3f2dff633e5a514d99c56609c</sha1>
    <format>Unknown</format>
    <viruscheck>1687035324</viruscheck>
  </file>
  <file name="super-c-35.thumbs/Super C 35_000001.jpg" source="derivative">
    <format>Thumbnail</format>
    <original>Super C 35.mp4</original>
    <mtime>1687036120</mtime>
    <size>2838</size>
    <md5>bf087f3e5027663bf8f50a8cccaab44c</md5>
    <crc32>de6a6fbc</crc32>
    <sha1>b702d36b37b6740e535ac9d5e9b9fd0088ad5353</sha1>
  </file>
  <file name="super-c-35.thumbs/Super C 35_000014.jpg" source="derivative">
    <format>Thumbnail</format>
    <original>Super C 35.mp4</original>
    <mtime>1687036120</mtime>
    <size>16299</size>
    <md5>b13477ee3253712eb941d3d1819b5ee9</md5>
    <crc32>40d54cde</crc32>
    <sha1>86df0544e8662b1b6be8e392d064b4fd32f1a3c0</sha1>
  </file>
  <file name="super-c-35.thumbs/Super C 35_000019.jpg" source="derivative">
    <format>Thumbnail</format>
    <original>Super C 35.mp4</original>
    <mtime>1687036121</mtime>
    <size>47433</size>
    <md5>a3ce887d947c4faca51178a574b1cd09</md5>
    <crc32>cde43d87</crc32>
    <sha1>2f8e29fd827313333114bc5dae80e0bc68ecf916</sha1>
  </file>
  <file name="super-c-35.thumbs/Super C 35_000024.jpg" source="derivative">
    <format>Thumbnail</format>
    <original>Super C 35.mp4</original>
    <mtime>1687036121</mtime>
    <size>82486</size>
    <md5>051fb2a541767c64d51d2b43a7f56d2b</md5>
    <crc32>e45971b6</crc32>
    <sha1>1343a00bb39ebad1bf8eb099083f90fc4876737d</sha1>
  </file>
  <file name="super-c-35.thumbs/Super C 35_000029.jpg" source="derivative">
    <format>Thumbnail</format>
    <original>Super C 35.mp4</original>
    <mtime>1687036122</mtime>
    <size>72181</size>
    <md5>42d0b7b9765f0ce87ec3e38566af5f80</md5>
    <crc32>52ffbc45</crc32>
    <sha1>51f0ff4da6df2bade5d6a03edaf855907115fac4</sha1>
  </file>
  <file name="super-c-35.thumbs/Super C 35_000034.jpg" source="derivative">
    <format>Thumbnail</format>
    <original>Super C 35.mp4</original>
    <mtime>1687036123</mtime>
    <size>71238</size>
    <md5>f47b8a14c83c4427e3f5f08116f07d37</md5>
    <crc32>28efcf72</crc32>
    <sha1>3f46317f2398dfa3dca501404f8b0efcf068037c</sha1>
  </file>
  <file name="super-c-35.thumbs/Super C 35_000039.jpg" source="derivative">
    <format>Thumbnail</format>
    <original>Super C 35.mp4</original>
    <mtime>1687036123</mtime>
    <size>93351</size>
    <md5>bc15065707a772d5c530c4f94a3ffbbd</md5>
    <crc32>a7a1291d</crc32>
    <sha1>3ce34f7759f4169ca5b0d2962016e8620c3eec10</sha1>
  </file>
  <file name="super-c-35.thumbs/Super C 35_000044.jpg" source="derivative">
    <format>Thumbnail</format>
    <original>Super C 35.mp4</original>
    <mtime>1687036124</mtime>
    <size>77141</size>
    <md5>19d31b849be0b3f8434ac3db8f4ac65f</md5>
    <crc32>0ddc2b32</crc32>
    <sha1>dc4ccb07e7b081f870d80c80e2f06123465c6a73</sha1>
  </file>
  <file name="super-c-35.thumbs/Super C 35_000049.jpg" source="derivative">
    <format>Thumbnail</format>
    <original>Super C 35.mp4</original>
    <mtime>1687036124</mtime>
    <size>68564</size>
    <md5>abbb07ab89488874a866364aa6fa4394</md5>
    <crc32>4086af58</crc32>
    <sha1>499b40efe9760d0492a472649a9f8d55394b834f</sha1>
  </file>
  <file name="super-c-35.thumbs/Super C 35_000054.jpg" source="derivative">
    <format>Thumbnail</format>
    <original>Super C 35.mp4</original>
    <mtime>1687036125</mtime>
    <size>67445</size>
    <md5>3f6d9b7f9a690bcbbf2990b58f3598ec</md5>
    <crc32>f0440895</crc32>
    <sha1>7b2d8e45d9f4da739c5d1936f33e6645d0396ea6</sha1>
  </file>
  <file name="super-c-35.thumbs/Super C 35_000059.jpg" source="derivative">
    <format>Thumbnail</format>
    <original>Super C 35.mp4</original>
    <mtime>1687036126</mtime>
    <size>78576</size>
    <md5>9929de708a3fcab1c1618f1e1924c8ff</md5>
    <crc32>fc6f31aa</crc32>
    <sha1>447eeb0020f95c8973313fd8b2002439ffb9a548</sha1>
  </file>
  <file name="super-c-35.thumbs/Super C 35_000064.jpg" source="derivative">
    <format>Thumbnail</format>
    <original>Super C 35.mp4</original>
    <mtime>1687036126</mtime>
    <size>61333</size>
    <md5>edff2939de6a50019b1823b593c39388</md5>
    <crc32>fc48b908</crc32>
    <sha1>e86524fbb2ed1f7303aad32222d7014dff0747a4</sha1>
  </file>
  <file name="super-c-35.thumbs/Super C 35_000069.jpg" source="derivative">
    <format>Thumbnail</format>
    <original>Super C 35.mp4</original>
    <mtime>1687036127</mtime>
    <size>73379</size>
    <md5>494ef8337e13628e8550ec19c8b088d1</md5>
    <crc32>eb46402a</crc32>
    <sha1>ecc32c43a15416dd752d79df8ab6410e971f67cf</sha1>
  </file>
  <file name="super-c-35.thumbs/Super C 35_000074.jpg" source="derivative">
    <format>Thumbnail</format>
    <original>Super C 35.mp4</original>
    <mtime>1687036127</mtime>
    <size>68724</size>
    <md5>2ae1cf99423ccebca3787538a1436642</md5>
    <crc32>3d77b36f</crc32>
    <sha1>1cf5b30d3ac38935e25e6df7526b42df180dbf8a</sha1>
  </file>
  <file name="super-c-35.thumbs/Super C 35_000079.jpg" source="derivative">
    <format>Thumbnail</format>
    <original>Super C 35.mp4</original>
    <mtime>1687036128</mtime>
    <size>67235</size>
    <md5>8fe06a8eda17fc43fa007cbc0a39728d</md5>
    <crc32>629a86c2</crc32>
    <sha1>a2ccb36ee54b53700966924565549feb45b91dd1</sha1>
  </file>
  <file name="super-c-35.thumbs/Super C 35_000084.jpg" source="derivative">
    <format>Thumbnail</format>
    <original>Super C 35.mp4</original>
    <mtime>1687036129</mtime>
    <size>74289</size>
    <md5>f92bac5b112b08ff34510f97a22ccb30</md5>
    <crc32>85cba2ea</crc32>
    <sha1>f6c749f1a38b4f6ed03e61627eb9cbed198de096</sha1>
  </file>
  <file name="super-c-35.thumbs/Super C 35_000089.jpg" source="derivative">
    <format>Thumbnail</format>
    <original>Super C 35.mp4</original>
    <mtime>1687036130</mtime>
    <size>61945</size>
    <md5>0764300adbbc17e144e4ab7c038763b5</md5>
    <crc32>0fc8adb9</crc32>
    <sha1>e7117190ebbda44543791eb676a929e173852244</sha1>
  </file>
  <file name="super-c-35.thumbs/Super C 35_000094.jpg" source="derivative">
    <format>Thumbnail</format>
    <original>Super C 35.mp4</original>
    <mtime>1687036130</mtime>
    <size>72371</size>
    <md5>02ac78c824789dc13f939495267f50fa</md5>
    <crc32>039bf388</crc32>
    <sha1>968fe04ade05b8bc909be2ba65fc548c8f6e3aae</sha1>
  </file>
  <file name="super-c-35.thumbs/Super C 35_000099.jpg" source="derivative">
    <format>Thumbnail</format>
    <original>Super C 35.mp4</original>
    <mtime>1687036131</mtime>
    <size>67891</size>
    <md5>224c1ed52d7f7f1ed2966931db5f86d3</md5>
    <crc32>d1da92b2</crc32>
    <sha1>571e23de4d8b0f6e4c97b4dc943d057002764890</sha1>
  </file>
  <file name="super-c-35.thumbs/Super C 35_000104.jpg" source="derivative">
    <format>Thumbnail</format>
    <original>Super C 35.mp4</original>
    <mtime>1687036132</mtime>
    <size>73224</size>
    <md5>d5e5de9bab285b7687aa3e4b178992ad</md5>
    <crc32>048368e6</crc32>
    <sha1>66cb69b48bb75aa6263b4a072907d7fc1bb3b1e1</sha1>
  </file>
  <file name="super-c-35.thumbs/Super C 35_000109.jpg" source="derivative">
    <format>Thumbnail</format>
    <original>Super C 35.mp4</original>
    <mtime>1687036132</mtime>
    <size>80494</size>
    <md5>148f54dd8fc0a571e9da5c200cf5166d</md5>
    <crc32>f24d75a0</crc32>
    <sha1>d63fabf6b551333223fa5400dc012d928383b649</sha1>
  </file>
  <file name="super-c-35.thumbs/Super C 35_000114.jpg" source="derivative">
    <format>Thumbnail</format>
    <original>Super C 35.mp4</original>
    <mtime>1687036133</mtime>
    <size>71855</size>
    <md5>025807620396d061e2dc6e204512a67b</md5>
    <crc32>891d03a0</crc32>
    <sha1>a60f263d19647763e27c2d2a79fd9d1af6bf3305</sha1>
  </file>
  <file name="super-c-35.thumbs/Super C 35_000119.jpg" source="derivative">
    <format>Thumbnail</format>
    <original>Super C 35.mp4</original>
    <mtime>1687036134</mtime>
    <size>35969</size>
    <md5>21f0e3b9b4596cff83e40387ef62e9a4</md5>
    <crc32>000fba2f</crc32>
    <sha1>655fa18afbfa907a3745cb808e344be08e7caf48</sha1>
  </file>
  <file name="super-c-35_archive.torrent" source="metadata">
    <btih>2463c620d2ce4ce66f6c08bebfe237a74e0eecfd</btih>
    <mtime>1687038113</mtime>
    <size>10030</size>
    <md5>b385e3bd06d50919042a745186b87393</md5>
    <crc32>d9800881</crc32>
    <sha1>23a5773bee7c33c69c467f07723db48e388c71b1</sha1>
    <format>Archive BitTorrent</format>
  </file>
  <file name="super-c-35_files.xml" source="original">
    <format>Metadata</format>
    <md5>3285756611c9021f4b09366d611ff218</md5>
    <summation>md5</summation>
  </file>
  <file name="super-c-35_meta.sqlite" source="original">
    <mtime>1687035247</mtime>
    <size>40960</size>
    <md5>cb576f37c303369f1a4f27caa786dde0</md5>
    <crc32>6f7c331a</crc32>
    <sha1>5955130839bff2b8bb27321299a2bcdeece6d90d</sha1>
    <format>Metadata</format>
  </file>
  <file name="super-c-35_meta.xml" source="original">
    <mtime>1687035324</mtime>
    <size>888</size>
    <md5>046660211a40d6cf3e66658e14071315</md5>
    <crc32>a44c2e27</crc32>
    <sha1>eda3fcf0de447f7b8672129e34f40884dc43832a</sha1>
    <format>Metadata</format>
  </file>
</files>
