<?xml version="1.0" encoding="UTF-8"?>
<metadata>
  <identifier>super-c-35</identifier>
  <mediatype>data</mediatype>
  <collection>opensource_media</collection>
  <creator>Me</creator>
  <description>This is a rom hack I made of Super C. This is the first time it's ever seen the world! This is a "Corruption" Hack so keep that in mind when you play it. Hope you have fun! ;-)&lt;br /&gt;</description>
  <language>eng</language>
  <scanner>Internet Archive HTML5 Uploader 1.7.0</scanner>
  <subject>Super C</subject>
  <title>Super C 35</title>
  <subject>Rom Hack</subject>
  <uploader>2945675@gmail.com</uploader>
  <collection>community</collection>
  <publicdate>2023-06-17 20:51:04</publicdate>
  <addeddate>2023-06-17 20:51:04</addeddate>
  <curation>[curator]validator@archive.org[/curator][date]20230617205524[/date][comment]checked for malware[/comment]</curation>
</metadata>
