{
  "id": "MAP_CERULEAN_CAVE_1F",
  "name": "CeruleanCave_1F",
  "layout": "LAYOUT_CERULEAN_CAVE_1F",
  "music": "MUS_ROCKET_HIDEOUT",
  "region_map_section": "MAPSEC_CERULEAN_CAVE",
  "requires_flash": false,
  "weather": "WEATHER_NONE",
  "map_type": "MAP_TYPE_UNDERGROUND",
  "allow_cycling": true,
  "allow_escaping": true,
  "allow_running": true,
  "show_map_name": true,
  "floor_number": 0,
  "battle_scene": "MAP_BATTLE_SCENE_NORMAL",
  "connections": 0,
  "object_events": [
    {
      "type": "object",
      "graphics_id": "OBJ_EVENT_GFX_ITEM_BALL",
      "x": 5,
      "y": 0,
      "elevation": 3,
      "movement_type": "MOVEMENT_TYPE_FACE_DOWN",
      "movement_range_x": 1,
      "movement_range_y": 1,
      "trainer_type": "TRAINER_TYPE_NONE",
      "trainer_sight_or_berry_tree_id": "0",
      "script": "CeruleanCave_1F_EventScript_ItemNugget",
      "flag": "FLAG_HIDE_CERULEAN_CAVE_1F_NUGGET",
      "in_connection": false
    },
    {
      "type": "object",
      "graphics_id": "OBJ_EVENT_GFX_ITEM_BALL",
      "x": 7,
      "y": 13,
      "elevation": 3,
      "movement_type": "MOVEMENT_TYPE_FACE_DOWN",
      "movement_range_x": 1,
      "movement_range_y": 1,
      "trainer_type": "TRAINER_TYPE_NONE",
      "trainer_sight_or_berry_tree_id": "0",
      "script": "CeruleanCave_1F_EventScript_ItemFullRestore",
      "flag": "FLAG_HIDE_CERULEAN_CAVE_1F_FULL_RESTORE",
      "in_connection": false
    },
    {
      "type": "object",
      "graphics_id": "OBJ_EVENT_GFX_ITEM_BALL",
      "x": 19,
      "y": 3,
      "elevation": 4,
      "movement_type": "MOVEMENT_TYPE_FACE_DOWN",
      "movement_range_x": 1,
      "movement_range_y": 1,
      "trainer_type": "TRAINER_TYPE_NONE",
      "trainer_sight_or_berry_tree_id": "0",
      "script": "CeruleanCave_1F_EventScript_ItemMaxElixir",
      "flag": "FLAG_HIDE_CERULEAN_CAVE_1F_MAX_ELIXIR",
      "in_connection": false
    }
  ],
  "warp_events": [
    {
      "x": 24,
      "y": 17,
      "elevation": 3,
      "dest_map": "MAP_CERULEAN_CITY",
      "dest_warp_id": "10"
    },
    {
      "x": 27,
      "y": 1,
      "elevation": 3,
      "dest_map": "MAP_CERULEAN_CAVE_2F",
      "dest_warp_id": "0"
    },
    {
      "x": 0,
      "y": 6,
      "elevation": 3,
      "dest_map": "MAP_CERULEAN_CAVE_B1F",
      "dest_warp_id": "0"
    },
    {
      "x": 7,
      "y": 1,
      "elevation": 3,
      "dest_map": "MAP_CERULEAN_CAVE_2F",
      "dest_warp_id": "1"
    },
    {
      "x": 3,
      "y": 11,
      "elevation": 3,
      "dest_map": "MAP_CERULEAN_CAVE_2F",
      "dest_warp_id": "2"
    },
    {
      "x": 23,
      "y": 7,
      "elevation": 4,
      "dest_map": "MAP_CERULEAN_CAVE_2F",
      "dest_warp_id": "3"
    },
    {
      "x": 18,
      "y": 9,
      "elevation": 3,
      "dest_map": "MAP_CERULEAN_CAVE_2F",
      "dest_warp_id": "4"
    },
    {
      "x": 1,
      "y": 3,
      "elevation": 3,
      "dest_map": "MAP_CERULEAN_CAVE_2F",
      "dest_warp_id": "5"
    },
    {
      "x": 25,
      "y": 17,
      "elevation": 3,
      "dest_map": "MAP_CERULEAN_CITY",
      "dest_warp_id": "10"
    }
  ],
  "coord_events": [

  ],
  "bg_events": [
    {
      "type": "hidden_item",
      "x": 14,
      "y": 11,
      "elevation": 0,
      "item": "ITEM_RARE_CANDY",
      "flag": "FLAG_HIDDEN_ITEM_CERULEAN_CAVE_1F_RARE_CANDY",
      "quantity": 1,
      "underfoot": false
    }
  ]
}
