{
  "id": "MAP_SILPH_CO_1F",
  "name": "SilphCo_1F",
  "layout": "LAYOUT_SILPH_CO_1F",
  "music": "MUS_SILPH",
  "region_map_section": "MAPSEC_SILPH_CO",
  "requires_flash": false,
  "weather": "WEATHER_NONE",
  "map_type": "MAP_TYPE_INDOOR",
  "allow_cycling": false,
  "allow_escaping": true,
  "allow_running": true,
  "show_map_name": true,
  "floor_number": 1,
  "battle_scene": "MAP_BATTLE_SCENE_NORMAL",
  "connections": 0,
  "object_events": [
    {
      "type": "object",
      "graphics_id": "OBJ_EVENT_GFX_UNION_ROOM_RECEPTIONIST",
      "x": 4,
      "y": 2,
      "elevation": 3,
      "movement_type": "MOVEMENT_TYPE_FACE_DOWN",
      "movement_range_x": 1,
      "movement_range_y": 1,
      "trainer_type": "TRAINER_TYPE_NONE",
      "trainer_sight_or_berry_tree_id": "0",
      "script": "SilphCo_1F_EventScript_Receptionist",
      "flag": "FLAG_HIDE_SAFFRON_CIVILIANS",
      "in_connection": false
    }
  ],
  "warp_events": [
    {
      "x": 10,
      "y": 17,
      "elevation": 0,
      "dest_map": "MAP_SAFFRON_CITY",
      "dest_warp_id": "0"
    },
    {
      "x": 10,
      "y": 17,
      "elevation": 3,
      "dest_map": "MAP_SAFFRON_CITY",
      "dest_warp_id": "0"
    },
    {
      "x": 11,
      "y": 17,
      "elevation": 3,
      "dest_map": "MAP_SAFFRON_CITY",
      "dest_warp_id": "0"
    },
    {
      "x": 26,
      "y": 0,
      "elevation": 3,
      "dest_map": "MAP_SILPH_CO_2F",
      "dest_warp_id": "3"
    },
    {
      "x": 20,
      "y": 0,
      "elevation": 0,
      "dest_map": "MAP_SILPH_CO_ELEVATOR",
      "dest_warp_id": "0"
    }
  ],
  "coord_events": [

  ],
  "bg_events": [
    {
      "type": "sign",
      "x": 0,
      "y": 0,
      "elevation": 0,
      "player_facing_dir": "BG_EVENT_PLAYER_FACING_ANY",
      "script": "SilphCo_1F_EventScript_FloorSign"
    }
  ]
}
