<?xml version="1.0" encoding="UTF-8"?>
<metadata>
  <identifier>refined-platinum-v-1.0-release.</identifier>
  <mediatype>software</mediatype>
  <collection>open_source_software</collection>
  <description>refined-platinum-v-1.0-release. 'ROM hack. ' . </description>
  <scanner>Internet Archive HTML5 Uploader 1.6.4</scanner>
  <subject>zip</subject>
  <title>Refined Platinum V 1.0 Release.</title>
  <subject>ds</subject>
  <subject>game</subject>
  <subject>platinum</subject>
  <subject>refined</subject>
  <subject>mod</subject>
  <uploader>toknedadri@nedoz.com</uploader>
  <publicdate>2021-01-27 05:20:29</publicdate>
  <addeddate>2021-01-27 05:20:29</addeddate>
  <curation>[curator]validator@archive.org[/curator][date]20210127053157[/date][comment]checked for malware[/comment]</curation>
  <collection>community</collection>
</metadata>
