<?xml version="1.0" encoding="UTF-8"?>
<files>
  <file name="Refined Platinum v1.0 Release(2).zip" source="original">
    <mtime>1611724789</mtime>
    <size>21235412</size>
    <md5>9860c3e06e2dcee60333eb02299143b5</md5>
    <crc32>60f5d40a</crc32>
    <sha1>1e156891f55933b9da5751adf5c8ba47ea3b4d01</sha1>
    <format>ZIP</format>
  </file>
  <file name="Refined Platinum v1.0 Release.zip" source="original">
    <mtime>1611724820</mtime>
    <size>21198934</size>
    <md5>84c1b41f834af3a2c672bab9d0cbda8d</md5>
    <crc32>68e4d53d</crc32>
    <sha1>53ba0bc4cc9ab2357531f93ea4628d9f7b84a5d8</sha1>
    <format>ZIP</format>
  </file>
  <file name="refined-platinum-v-1.0-release._archive.torrent" source="metadata">
    <btih>9e1266524abde7c4cc5899c4d79072a4de1ca554</btih>
    <mtime>1613629504</mtime>
    <size>3605</size>
    <md5>4d97c9f60e4fd4076b342151e7e08b32</md5>
    <crc32>a7093ab2</crc32>
    <sha1>c8376a9a8a97c35c701cbd0fed973a21f29f4d8b</sha1>
    <format>Archive BitTorrent</format>
  </file>
  <file name="refined-platinum-v-1.0-release._files.xml" source="original">
    <format>Metadata</format>
    <md5>226fb80bf0b4c338c13c2104396df701</md5>
    <summation>md5</summation>
  </file>
  <file name="refined-platinum-v-1.0-release._meta.sqlite" source="original">
    <mtime>1611724845</mtime>
    <size>20480</size>
    <md5>6caec5e584362b4b9fd868e6a8dec615</md5>
    <crc32>33fec2f6</crc32>
    <sha1>ff990110b76953d1a1772719f8a4df40c78bf6b1</sha1>
    <format>Metadata</format>
  </file>
  <file name="refined-platinum-v-1.0-release._meta.xml" source="original">
    <mtime>1613629503</mtime>
    <size>849</size>
    <md5>a2aaebb7211c670b1555b24be1c24443</md5>
    <crc32>473509fd</crc32>
    <sha1>3fbd1d72cbd78c557373ca05b9a3cbf1e202a52c</sha1>
    <format>Metadata</format>
  </file>
</files>
