<?xml version="1.0" encoding="UTF-8"?>
<files>
  <file name="[OD]DSLE_1.1.zip" source="original">
    <mtime>1673564646</mtime>
    <size>1963405</size>
    <md5>f8f6da33f22bb3b558c4772d45eac3f5</md5>
    <crc32>a3511b2e</crc32>
    <sha1>e2a46fcc427c936613ebc2fb7baea9657923043e</sha1>
    <format>ZIP</format>
    <viruscheck>1673564690</viruscheck>
  </file>
  <file name="digimon-story-lost-evolution-fan-translation-od-dsle-1.1_archive.torrent" source="metadata">
    <btih>c4faecaed09eabeeb43199d43369deb9661e323f</btih>
    <mtime>1673565098</mtime>
    <size>2078</size>
    <md5>04e16a614a5eca67c92cdf11b082ffa2</md5>
    <crc32>e4efc7c8</crc32>
    <sha1>6ae5073e1815858523e1203ab0625b334c3d85a2</sha1>
    <format>Archive BitTorrent</format>
  </file>
  <file name="digimon-story-lost-evolution-fan-translation-od-dsle-1.1_files.xml" source="original">
    <format>Metadata</format>
    <md5>f107c4e9dc63f4cdb563c2bce8940ae8</md5>
    <summation>md5</summation>
  </file>
  <file name="digimon-story-lost-evolution-fan-translation-od-dsle-1.1_meta.sqlite" source="original">
    <mtime>1673564676</mtime>
    <size>28672</size>
    <md5>67ce06bc3612af521c983279e853b8c5</md5>
    <crc32>745537cb</crc32>
    <sha1>88246f547a761e17d01799620f3feeda6b8efaa6</sha1>
    <format>Metadata</format>
  </file>
  <file name="digimon-story-lost-evolution-fan-translation-od-dsle-1.1_meta.xml" source="original">
    <mtime>1673565098</mtime>
    <size>3390</size>
    <md5>a39527c607e5b1a6da09a18de4426674</md5>
    <crc32>b79fb115</crc32>
    <sha1>4810bf199a1b63f16f3ac8eb9e6c3f099320c41e</sha1>
    <format>Metadata</format>
  </file>
</files>
