<?xml version="1.0" encoding="UTF-8"?>
<metadata>
  <identifier>digimon-story-lost-evolution-fan-translation-od-dsle-1.1</identifier>
  <mediatype>data</mediatype>
  <collection>opensource_media</collection>
  <collection>community</collection>
  <creator>Operation Decoded</creator>
  <date>2023-01-06</date>
  <description>&lt;div&gt;Downloaded from: &lt;a href="https://mega.nz/file/cd4DVJxD#HyZHOyrQZBE1GAhso6dMollB17HoZD1_ljgMc6VOyWc" rel="nofollow"&gt;https://mega.nz/file/cd4DVJxD#HyZHOyrQZBE1GAhso6dMollB17HoZD1_ljgMc6VOyWc&lt;/a&gt;&lt;br /&gt;&lt;br /&gt;Info/link source: &lt;a href="https://www.facebook.com/OperationDecoded/posts/hello-everyonea-full-week-has-passed-since-our-release-of-the-lost-evolution-tra/548626937304422/" rel="nofollow"&gt;https://www.facebook.com/OperationDecoded/posts/hello-everyonea-full-week-has-passed-since-our-release-of-the-lost-evolution-tra/548626937304422/&lt;/a&gt;&lt;br /&gt;&lt;br /&gt;&lt;br /&gt;&lt;/div&gt;&lt;div&gt;Quote from the post:&lt;br /&gt;&lt;/div&gt;&lt;div&gt;&lt;br /&gt;&lt;i&gt;"Hello everyone,&lt;br /&gt;&lt;br /&gt;A full week has passed since our release of the Lost Evolution Translation and we've been collecting feedback and reports in the meantime to address any and (hopefully) most of the issues, to provide an even better experience.&lt;br /&gt;&lt;br /&gt;The following things were addressed:&lt;br /&gt;- Fixed Personalities being all "Carefree" Bug&lt;br /&gt;- Fixed Greyed out Bug for Evolution Conditions met&lt;br /&gt;- Fixed Inconsistencies in Quest Naming&lt;br /&gt;- Fixed Graphics Bug with Attack Numbers&lt;br /&gt;- Fixed some Skill Names/Descriptions&lt;br /&gt;- Fixed Digimon Name Inconsistencies&lt;br /&gt;- Fixed Areas where Text was cut off&lt;br /&gt;- Miscellaneous Typos/Bug Fixes&lt;br /&gt;- Wifi Setup is now English as Wifi Settings with melonDS are working! Trading, Battling and Matching all confirmed working :)&lt;br /&gt;&lt;br /&gt;A very Special Thanks also goes out to Douglas who spotted the majority of the issues and reported them very diligently!&lt;br /&gt;&lt;br /&gt;With this 1.1 release, two Versions are now provided, one for people who already applied our 1.0 Patch, and one for people who want to apply it on a fresh dumped raw. There is no difference in functionality. The folders are named "Upgrade" and "Full" respectively.&lt;br /&gt;&lt;br /&gt;I hope you all still enjoy the game.&lt;br /&gt;All the best on behalf of everyone from Operation Decoded!"&lt;br /&gt;&lt;/i&gt;&lt;br /&gt;&lt;/div&gt;</description>
  <language>eng</language>
  <licenseurl>https://creativecommons.org/licenses/by/4.0/</licenseurl>
  <scanner>Internet Archive HTML5 Uploader 1.7.0</scanner>
  <subject>Digimon Story: Lost Evolution</subject>
  <subject>Digimon</subject>
  <subject>Patch</subject>
  <subject>Rom Hack</subject>
  <subject>Fan Translation</subject>
  <subject>Nintendo DS</subject>
  <subject>デジモンストーリー ロストエボリューション</subject>
  <title>Digimon Story: Lost Evolution Fan translation: [OD] DSLE 1.1</title>
  <uploader>D-5meczxmeo5ln4ik4@flashbox.5july.org</uploader>
  <publicdate>2023-01-12 23:04:28</publicdate>
  <addeddate>2023-01-12 23:04:28</addeddate>
  <curation>[curator]validator@archive.org[/curator][date]20230112230450[/date][comment]checked for malware[/comment]</curation>
  <year>2023</year>
</metadata>
