{
  "id": "MAP_SAFFRON_CITY_CONNECTION",
  "name": "SaffronCity_Connection",
  "layout": "LAYOUT_SAFFRON_CITY_CONNECTION",
  "music": "MUS_PEWTER",
  "region_map_section": "MAPSEC_NONE",
  "requires_flash": false,
  "weather": "WEATHER_SUNNY",
  "map_type": "MAP_TYPE_TOWN",
  "allow_cycling": true,
  "allow_escaping": false,
  "allow_running": true,
  "show_map_name": false,
  "floor_number": 0,
  "battle_scene": "MAP_BATTLE_SCENE_NORMAL",
  "connections": 0,
  "object_events": [

  ],
  "warp_events": [

  ],
  "coord_events": [

  ],
  "bg_events": [

  ]
}
