<?xml version="1.0" encoding="UTF-8"?>
<metadata>
  <identifier>endless-earthv-1.04</identifier>
  <mediatype>software</mediatype>
  <collection>softwarecapsules_consoles</collection>
  <collection>softwarecapsules</collection>
  <collection>loggedin</collection>
  <creator>MarioFanatic64</creator>
  <date>2014-12-31</date>
  <description>Super Mario: Endless Earth is a full hackrom of New Super Mario Bros.&lt;div&gt;&lt;br /&gt;&lt;/div&gt;&lt;div&gt;&lt;div&gt;This hack contains:&lt;/div&gt;&lt;div&gt;-An open-world overworld that is 16128x8192 pixels in size. (2,016 screen sizes in-game)&lt;/div&gt;&lt;div&gt;-A soundtrack containing over 35 melodies, from classic tunes to brand new works.&lt;/div&gt;&lt;div&gt;-Over 30 themed environments.&lt;/div&gt;&lt;div&gt;-8 Fortresses, each with its own theme.&lt;/div&gt;&lt;div&gt;-A rich story that ties together references from all over the Mario canon.&lt;/div&gt;&lt;div&gt;-120 Power Stars scattered around the world to find.&lt;/div&gt;&lt;/div&gt;&lt;div&gt;&lt;br /&gt;&lt;/div&gt;&lt;div&gt;In this game, we get to explore a whole new realm of the Mushroom World- not in levels, or small, chopped up segments of gameplay, but as one gigantic seamless world that's almost... endless! In the game world, you don’t have any set direction to head in. It's not just about heading straight for the goal- it's how you decide to get there that matters. You can head in any direction you like. Up, down, left, right- nowhere is off limits. You have to locate the goal. You'll progress by completing missions, by finding and conquering in-game fortresses. There are eight missions in the game. Power Stars replace the role of Star Coins- with 120 scattered throughout the game world in each game. Though they won't count for anything (your Power Stars won't be saved), they are a reward for curiosity and exploration.&lt;br /&gt;&lt;/div&gt;&lt;div&gt;&lt;br /&gt;&lt;/div&gt;&lt;div&gt;&lt;b&gt;I don't know the necessary ROM and emulator for this game or if it's already patched, sorry, but there you have it&lt;/b&gt;&lt;/div&gt;</description>
  <language>eng</language>
  <scanner>Internet Archive HTML5 Uploader 1.6.4</scanner>
  <subject>Nintendo</subject>
  <subject>unofficial</subject>
  <subject>hackrom</subject>
  <subject>rom hack</subject>
  <subject>fangame</subject>
  <subject>Mario</subject>
  <subject>Super Mario</subject>
  <subject>New Super Mario Bros</subject>
  <title>Super Mario: Endless Earth</title>
  <uploader>salsandav041009@gmail.com</uploader>
  <publicdate>2021-04-10 07:06:52</publicdate>
  <addeddate>2021-04-10 07:06:52</addeddate>
  <curation>[curator]validator@archive.org[/curator][date]20210410070728[/date][comment]checked for malware[/comment]</curation>
  <access-restricted-item>true</access-restricted-item>
</metadata>
