<?xml version="1.0" encoding="UTF-8"?>
<files>
  <file name="EndlessEarthv1.04.zip" source="original">
    <mtime>1618038382</mtime>
    <size>33789068</size>
    <md5>8d0ac0d454d27b41bad75dfdeb28f132</md5>
    <crc32>9809a783</crc32>
    <sha1>8dc3ed59e7e6cce69805d9c5acd931a494cb0d31</sha1>
    <format>ZIP</format>
    <filecount>4</filecount>
    <private>true</private>
  </file>
  <file name="Endless_earth_1080.png" source="original">
    <mtime>1618038413</mtime>
    <size>208261</size>
    <md5>4b182e5e569e858f3dcc76382ec239a1</md5>
    <crc32>66f85b46</crc32>
    <sha1>be70e7d9cb9b4aade744f28f9fe879d326c2455b</sha1>
    <format>PNG</format>
    <private>true</private>
  </file>
  <file name="Endless_earth_1080_thumb.jpg" source="derivative">
    <format>JPEG Thumb</format>
    <original>Endless_earth_1080.png</original>
    <mtime>1618038458</mtime>
    <size>3547</size>
    <md5>f418f85a65c969d869d6a600c08e45f7</md5>
    <crc32>988d16fd</crc32>
    <sha1>98882f233e0e74f9283eb2eef5075a753d62a3e2</sha1>
    <private>true</private>
  </file>
  <file name="__ia_thumb.jpg" source="original">
    <mtime>1630236759</mtime>
    <size>9616</size>
    <md5>4d93ce7c0f104c419257a63c8fcfd2ea</md5>
    <crc32>69883fba</crc32>
    <sha1>dfa00c879fb10dfab34879622501761a16a86aef</sha1>
    <format>Item Tile</format>
    <rotation>0</rotation>
  </file>
  <file name="endless-earthv-1.04_archive.torrent" source="metadata">
    <btih>e63516e913497732684aca63d07365d866594509</btih>
    <mtime>1738759196</mtime>
    <size>12</size>
    <md5>b90acad44e90b94cd054765f05a9a713</md5>
    <crc32>f9dbd566</crc32>
    <sha1>7340ce619f32b96b7c3cac52e20438a0fed00d25</sha1>
    <format>Archive BitTorrent</format>
    <private>true</private>
  </file>
  <file name="endless-earthv-1.04_files.xml" source="original">
    <format>Metadata</format>
    <md5>11d5a67ac0503af89ba5b320dc9cb0b1</md5>
    <summation>md5</summation>
  </file>
  <file name="endless-earthv-1.04_meta.sqlite" source="original">
    <mtime>1618038437</mtime>
    <size>22528</size>
    <md5>3f1ef6e83c38bdd079463552dce4c84a</md5>
    <crc32>ef63717c</crc32>
    <sha1>4adc3c800b357292968cc2ca257cafd339fe5a07</sha1>
    <format>Metadata</format>
  </file>
  <file name="endless-earthv-1.04_meta.xml" source="original">
    <mtime>1725234305</mtime>
    <size>2825</size>
    <md5>225634547e391261b947faa6512168c8</md5>
    <crc32>d580db47</crc32>
    <sha1>48a6a15fe45f913879d78d3fbe4adbcc5d7189fa</sha1>
    <format>Metadata</format>
  </file>
  <file name="endless-earthv-1.04_reviews.xml" source="original">
    <mtime>1692944634</mtime>
    <size>556</size>
    <md5>3e66e93b67ac5f7a334750829f1de36f</md5>
    <crc32>15a78992</crc32>
    <sha1>bf4ce3f264b84feb053d56de7d77e06b705daa7e</sha1>
    <format>Metadata</format>
  </file>
</files>
