<?xml version="1.0" encoding="UTF-8"?>
<reviews itemIdentifier="endless-earthv-1.04">
  <review>
    <reviewtitle>Not in .NDS form</reviewtitle>
    <reviewbody>Can you get the .NDS version for drastic emulator?</reviewbody>
    <stars>3</stars>
    <reviewer>Kian Hope Barlas</reviewer>
    <reviewdate>2023-08-25 06:23:30</reviewdate>
    <createdate>2023-08-25 06:23:30</createdate>
    <reviewer_itemname>@kian_hope_barlas</reviewer_itemname>
  </review>
  <info>
    <num_reviews>1</num_reviews>
    <avg_rating>3.00</avg_rating>
  </info>
</reviews>
