{
  "id": "MAP_SAFFRON_CITY_COPYCATS_HOUSE_1F",
  "name": "SaffronCity_CopycatsHouse_1F",
  "layout": "LAYOUT_SAFFRON_CITY_COPYCATS_HOUSE_1F",
  "music": "MUS_PEWTER",
  "region_map_section": "MAPSEC_SAFFRON_CITY",
  "requires_flash": false,
  "weather": "WEATHER_NONE",
  "map_type": "MAP_TYPE_INDOOR",
  "allow_cycling": false,
  "allow_escaping": false,
  "allow_running": false,
  "show_map_name": false,
  "floor_number": 0,
  "battle_scene": "MAP_BATTLE_SCENE_NORMAL",
  "connections": 0,
  "object_events": [
    {
      "type": "object",
      "graphics_id": "OBJ_EVENT_GFX_MAN",
      "x": 5,
      "y": 4,
      "elevation": 3,
      "movement_type": "MOVEMENT_TYPE_FACE_LEFT",
      "movement_range_x": 1,
      "movement_range_y": 1,
      "trainer_type": "TRAINER_TYPE_NONE",
      "trainer_sight_or_berry_tree_id": "0",
      "script": "SaffronCity_CopycatsHouse_1F_EventScript_CopycatsDad",
      "flag": "0",
      "in_connection": false
    },
    {
      "type": "object",
      "graphics_id": "OBJ_EVENT_GFX_WOMAN_3",
      "x": 2,
      "y": 2,
      "elevation": 3,
      "movement_type": "MOVEMENT_TYPE_FACE_DOWN",
      "movement_range_x": 1,
      "movement_range_y": 1,
      "trainer_type": "TRAINER_TYPE_NONE",
      "trainer_sight_or_berry_tree_id": "0",
      "script": "SaffronCity_CopycatsHouse_1F_EventScript_CopycatsMom",
      "flag": "0",
      "in_connection": false
    },
    {
      "type": "object",
      "graphics_id": "OBJ_EVENT_GFX_CLEFAIRY",
      "x": 1,
      "y": 4,
      "elevation": 3,
      "movement_type": "MOVEMENT_TYPE_WANDER_UP_AND_DOWN",
      "movement_range_x": 1,
      "movement_range_y": 2,
      "trainer_type": "TRAINER_TYPE_NONE",
      "trainer_sight_or_berry_tree_id": "0",
      "script": "SaffronCity_CopycatsHouse_1F_EventScript_Chansey",
      "flag": "0",
      "in_connection": false
    }
  ],
  "warp_events": [
    {
      "x": 2,
      "y": 7,
      "elevation": 3,
      "dest_map": "MAP_SAFFRON_CITY",
      "dest_warp_id": "1"
    },
    {
      "x": 3,
      "y": 7,
      "elevation": 3,
      "dest_map": "MAP_SAFFRON_CITY",
      "dest_warp_id": "1"
    },
    {
      "x": 7,
      "y": 1,
      "elevation": 3,
      "dest_map": "MAP_SAFFRON_CITY_COPYCATS_HOUSE_2F",
      "dest_warp_id": "0"
    }
  ],
  "coord_events": [

  ],
  "bg_events": [

  ]
}
