{
  "id": "MAP_SILPH_CO_8F",
  "name": "SilphCo_8F",
  "layout": "LAYOUT_SILPH_CO_8F",
  "music": "MUS_SILPH",
  "region_map_section": "MAPSEC_SILPH_CO",
  "requires_flash": false,
  "weather": "WEATHER_NONE",
  "map_type": "MAP_TYPE_INDOOR",
  "allow_cycling": false,
  "allow_escaping": true,
  "allow_running": true,
  "show_map_name": true,
  "floor_number": 8,
  "battle_scene": "MAP_BATTLE_SCENE_NORMAL",
  "connections": 0,
  "object_events": [
    {
      "type": "object",
      "graphics_id": "OBJ_EVENT_GFX_ROCKET_M",
      "x": 19,
      "y": 2,
      "elevation": 3,
      "movement_type": "MOVEMENT_TYPE_FACE_LEFT",
      "movement_range_x": 1,
      "movement_range_y": 1,
      "trainer_type": "TRAINER_TYPE_NORMAL",
      "trainer_sight_or_berry_tree_id": "4",
      "script": "SilphCo_8F_EventScript_Grunt1",
      "flag": "FLAG_HIDE_SILPH_ROCKETS",
      "in_connection": false
    },
    {
      "type": "object",
      "graphics_id": "OBJ_EVENT_GFX_ROCKET_M",
      "x": 12,
      "y": 15,
      "elevation": 3,
      "movement_type": "MOVEMENT_TYPE_FACE_RIGHT",
      "movement_range_x": 1,
      "movement_range_y": 1,
      "trainer_type": "TRAINER_TYPE_NORMAL",
      "trainer_sight_or_berry_tree_id": "4",
      "script": "SilphCo_8F_EventScript_Grunt2",
      "flag": "FLAG_HIDE_SILPH_ROCKETS",
      "in_connection": false
    },
    {
      "type": "object",
      "graphics_id": "OBJ_EVENT_GFX_SCIENTIST",
      "x": 10,
      "y": 2,
      "elevation": 3,
      "movement_type": "MOVEMENT_TYPE_FACE_DOWN",
      "movement_range_x": 1,
      "movement_range_y": 1,
      "trainer_type": "TRAINER_TYPE_NORMAL",
      "trainer_sight_or_berry_tree_id": "3",
      "script": "SilphCo_8F_EventScript_Parker",
      "flag": "FLAG_HIDE_SILPH_ROCKETS",
      "in_connection": false
    },
    {
      "type": "object",
      "graphics_id": "OBJ_EVENT_GFX_ROCKET_F",
      "x": 4,
      "y": 2,
      "elevation": 3,
      "movement_type": "MOVEMENT_TYPE_LOOK_AROUND",
      "movement_range_x": 1,
      "movement_range_y": 1,
      "trainer_type": "TRAINER_TYPE_NONE",
      "trainer_sight_or_berry_tree_id": "0",
      "script": "SilphCo_8F_EventScript_WorkerM",
      "flag": "0",
      "in_connection": false
    }
  ],
  "warp_events": [
    {
      "x": 16,
      "y": 0,
      "elevation": 3,
      "dest_map": "MAP_SILPH_CO_9F",
      "dest_warp_id": "0"
    },
    {
      "x": 11,
      "y": 9,
      "elevation": 3,
      "dest_map": "MAP_SILPH_CO_8F",
      "dest_warp_id": "4"
    },
    {
      "x": 11,
      "y": 5,
      "elevation": 3,
      "dest_map": "MAP_SILPH_CO_2F",
      "dest_warp_id": "5"
    },
    {
      "x": 14,
      "y": 0,
      "elevation": 3,
      "dest_map": "MAP_SILPH_CO_7F",
      "dest_warp_id": "3"
    },
    {
      "x": 3,
      "y": 11,
      "elevation": 3,
      "dest_map": "MAP_SILPH_CO_8F",
      "dest_warp_id": "1"
    },
    {
      "x": 3,
      "y": 15,
      "elevation": 3,
      "dest_map": "MAP_SILPH_CO_2F",
      "dest_warp_id": "2"
    },
    {
      "x": 18,
      "y": 0,
      "elevation": 0,
      "dest_map": "MAP_SILPH_CO_ELEVATOR",
      "dest_warp_id": "0"
    }
  ],
  "coord_events": [

  ],
  "bg_events": [
    {
      "type": "sign",
      "x": 7,
      "y": 9,
      "elevation": 0,
      "player_facing_dir": "BG_EVENT_PLAYER_FACING_ANY",
      "script": "SilphCo_8F_EventScript_Door"
    },
    {
      "type": "sign",
      "x": 7,
      "y": 8,
      "elevation": 0,
      "player_facing_dir": "BG_EVENT_PLAYER_FACING_ANY",
      "script": "SilphCo_8F_EventScript_Door"
    },
    {
      "type": "sign",
      "x": 25,
      "y": 0,
      "elevation": 0,
      "player_facing_dir": "BG_EVENT_PLAYER_FACING_ANY",
      "script": "SilphCo_8F_EventScript_FloorSign"
    }
  ]
}
