{
  "id": "MAP_CELADON_CITY",
  "name": "CeladonCity",
  "layout": "LAYOUT_CELADON_CITY",
  "music": "MUS_CELADON",
  "region_map_section": "MAPSEC_CELADON_CITY",
  "requires_flash": false,
  "weather": "WEATHER_SUNNY",
  "map_type": "MAP_TYPE_TOWN",
  "allow_cycling": true,
  "allow_escaping": false,
  "allow_running": true,
  "show_map_name": false,
  "floor_number": 0,
  "battle_scene": "MAP_BATTLE_SCENE_NORMAL",
  "connections": [
    {
      "map": "MAP_ROUTE16",
      "offset": 8,
      "direction": "left"
    },
    {
      "map": "MAP_ROUTE7",
      "offset": 8,
      "direction": "right"
    }
  ],
  "object_events": [
    {
      "type": "object",
      "graphics_id": "OBJ_EVENT_GFX_ROCKET_M",
      "x": 42,
      "y": 14,
      "elevation": 3,
      "movement_type": "MOVEMENT_TYPE_WANDER_LEFT_AND_RIGHT",
      "movement_range_x": 4,
      "movement_range_y": 1,
      "trainer_type": "TRAINER_TYPE_NONE",
      "trainer_sight_or_berry_tree_id": "0",
      "script": "CeladonCity_EventScript_RocketGrunt1",
      "flag": "FLAG_HIDE_CELADON_ROCKETS",
      "in_connection": false
    },
    {
      "type": "object",
      "graphics_id": "OBJ_EVENT_GFX_FAT_MAN",
      "x": 32,
      "y": 12,
      "elevation": 3,
      "movement_type": "MOVEMENT_TYPE_FACE_LEFT",
      "movement_range_x": 1,
      "movement_range_y": 1,
      "trainer_type": "TRAINER_TYPE_NONE",
      "trainer_sight_or_berry_tree_id": "0",
      "script": "CeladonCity_EventScript_FatMan",
      "flag": "0",
      "in_connection": false
    },
    {
      "type": "object",
      "graphics_id": "OBJ_EVENT_GFX_POLIWRATH",
      "x": 30,
      "y": 12,
      "elevation": 3,
      "movement_type": "MOVEMENT_TYPE_FACE_RIGHT",
      "movement_range_x": 1,
      "movement_range_y": 1,
      "trainer_type": "TRAINER_TYPE_NONE",
      "trainer_sight_or_berry_tree_id": "0",
      "script": "CeladonCity_EventScript_Poliwrath",
      "flag": "0",
      "in_connection": false
    },
    {
      "type": "object",
      "graphics_id": "OBJ_EVENT_GFX_LITTLE_GIRL",
      "x": 8,
      "y": 17,
      "elevation": 3,
      "movement_type": "MOVEMENT_TYPE_WANDER_AROUND",
      "movement_range_x": 4,
      "movement_range_y": 4,
      "trainer_type": "TRAINER_TYPE_NONE",
      "trainer_sight_or_berry_tree_id": "0",
      "script": "CeladonCity_EventScript_LittleGirl",
      "flag": "0",
      "in_connection": false
    },
    {
      "type": "object",
      "graphics_id": "OBJ_EVENT_GFX_WOMAN_1",
      "x": 14,
      "y": 19,
      "elevation": 3,
      "movement_type": "MOVEMENT_TYPE_WANDER_AROUND",
      "movement_range_x": 2,
      "movement_range_y": 5,
      "trainer_type": "TRAINER_TYPE_NONE",
      "trainer_sight_or_berry_tree_id": "0",
      "script": "CeladonCity_EventScript_Woman",
      "flag": "0",
      "in_connection": false
    },
    {
      "type": "object",
      "graphics_id": "OBJ_EVENT_GFX_OLD_MAN_1",
      "x": 25,
      "y": 22,
      "elevation": 3,
      "movement_type": "MOVEMENT_TYPE_FACE_DOWN",
      "movement_range_x": 1,
      "movement_range_y": 1,
      "trainer_type": "TRAINER_TYPE_NONE",
      "trainer_sight_or_berry_tree_id": "0",
      "script": "CeladonCity_EventScript_OldMan2",
      "flag": "0",
      "in_connection": false
    },
    {
      "type": "object",
      "graphics_id": "OBJ_EVENT_GFX_OLD_MAN_1",
      "x": 22,
      "y": 16,
      "elevation": 3,
      "movement_type": "MOVEMENT_TYPE_FACE_DOWN",
      "movement_range_x": 1,
      "movement_range_y": 1,
      "trainer_type": "TRAINER_TYPE_NONE",
      "trainer_sight_or_berry_tree_id": "0",
      "script": "CeladonCity_EventScript_TM41Gift",
      "flag": "0",
      "in_connection": false
    },
    {
      "type": "object",
      "graphics_id": "OBJ_EVENT_GFX_ROCKET_M",
      "x": 32,
      "y": 29,
      "elevation": 3,
      "movement_type": "MOVEMENT_TYPE_WANDER_LEFT_AND_RIGHT",
      "movement_range_x": 5,
      "movement_range_y": 1,
      "trainer_type": "TRAINER_TYPE_NONE",
      "trainer_sight_or_berry_tree_id": "0",
      "script": "CeladonCity_EventScript_RocketGrunt2",
      "flag": "FLAG_HIDE_CELADON_ROCKETS",
      "in_connection": false
    },
    {
      "type": "object",
      "graphics_id": "OBJ_EVENT_GFX_OLD_MAN_1",
      "x": 11,
      "y": 28,
      "elevation": 3,
      "movement_type": "MOVEMENT_TYPE_FACE_UP",
      "movement_range_x": 1,
      "movement_range_y": 1,
      "trainer_type": "TRAINER_TYPE_NONE",
      "trainer_sight_or_berry_tree_id": "0",
      "script": "CeladonCity_EventScript_OldMan1",
      "flag": "0",
      "in_connection": false
    },
    {
      "type": "object",
      "graphics_id": "OBJ_EVENT_GFX_CUT_TREE",
      "x": 47,
      "y": 20,
      "elevation": 3,
      "movement_type": "MOVEMENT_TYPE_FACE_DOWN",
      "movement_range_x": 1,
      "movement_range_y": 1,
      "trainer_type": "TRAINER_TYPE_NONE",
      "trainer_sight_or_berry_tree_id": "0",
      "script": "EventScript_CutTree",
      "flag": "FLAG_TEMP_14",
      "in_connection": false
    },
    {
      "type": "object",
      "graphics_id": "OBJ_EVENT_GFX_CUT_TREE",
      "x": 35,
      "y": 32,
      "elevation": 0,
      "movement_type": "MOVEMENT_TYPE_FACE_DOWN",
      "movement_range_x": 1,
      "movement_range_y": 1,
      "trainer_type": "TRAINER_TYPE_NONE",
      "trainer_sight_or_berry_tree_id": "0",
      "script": "EventScript_CutTree",
      "flag": "FLAG_TEMP_13",
      "in_connection": false
    },
    {
      "type": "object",
      "graphics_id": "OBJ_EVENT_GFX_BOY",
      "x": 0,
      "y": 3,
      "elevation": 3,
      "movement_type": "MOVEMENT_TYPE_INVISIBLE",
      "movement_range_x": 1,
      "movement_range_y": 1,
      "trainer_type": "TRAINER_TYPE_NONE",
      "trainer_sight_or_berry_tree_id": "0",
      "script": "CeladonCity_EventScript_Boy",
      "flag": "0",
      "in_connection": false
    },
    {
      "type": "object",
      "graphics_id": "OBJ_EVENT_GFX_SCIENTIST",
      "x": 0,
      "y": 0,
      "elevation": 3,
      "movement_type": "MOVEMENT_TYPE_INVISIBLE",
      "movement_range_x": 1,
      "movement_range_y": 1,
      "trainer_type": "TRAINER_TYPE_NONE",
      "trainer_sight_or_berry_tree_id": "0",
      "script": "CeladonCity_EventScript_SilphCoScientist",
      "flag": "FLAG_HIDE_CELADON_ROCKETS",
      "in_connection": false
    },
    {
      "type": "clone",
      "graphics_id": "OBJ_EVENT_GFX_CUT_TREE",
      "x": -6,
      "y": 17,
      "target_local_id": 7,
      "target_map": "MAP_ROUTE16"
    }
  ],
  "warp_events": [
    {
      "x": 28,
      "y": 19,
      "elevation": 0,
      "dest_map": "MAP_CELADON_CITY_GAME_CORNER",
      "dest_warp_id": "0"
    },
    {
      "x": 8,
      "y": 13,
      "elevation": 0,
      "dest_map": "MAP_CELADON_CITY_DEPARTMENT_STORE_1F",
      "dest_warp_id": "0"
    },
    {
      "x": 10,
      "y": 13,
      "elevation": 0,
      "dest_map": "MAP_CELADON_CITY_DEPARTMENT_STORE_1F",
      "dest_warp_id": "3"
    },
    {
      "x": 24,
      "y": 9,
      "elevation": 0,
      "dest_map": "MAP_CELADON_CITY_CONDOMINIUMS_1F",
      "dest_warp_id": "0"
    },
    {
      "x": 41,
      "y": 9,
      "elevation": 0,
      "dest_map": "MAP_CELADON_CITY_POKEMON_CENTER_1F",
      "dest_warp_id": "0"
    },
    {
      "x": 33,
      "y": 19,
      "elevation": 0,
      "dest_map": "MAP_CELADON_CITY_GAME_CORNER_PRIZE_ROOM",
      "dest_warp_id": "0"
    },
    {
      "x": 12,
      "y": 27,
      "elevation": 0,
      "dest_map": "MAP_CELADON_CITY_GYM",
      "dest_warp_id": "0"
    },
    {
      "x": 31,
      "y": 27,
      "elevation": 0,
      "dest_map": "MAP_CELADON_CITY_RESTAURANT",
      "dest_warp_id": "0"
    },
    {
      "x": 35,
      "y": 27,
      "elevation": 0,
      "dest_map": "MAP_CELADON_CITY_HOUSE1",
      "dest_warp_id": "0"
    },
    {
      "x": 43,
      "y": 27,
      "elevation": 0,
      "dest_map": "MAP_CELADON_CITY_HOTEL",
      "dest_warp_id": "0"
    },
    {
      "x": 24,
      "y": 3,
      "elevation": 0,
      "dest_map": "MAP_CELADON_CITY_CONDOMINIUMS_1F",
      "dest_warp_id": "4"
    },
    {
      "x": 25,
      "y": 3,
      "elevation": 3,
      "dest_map": "MAP_CELADON_CITY_CONDOMINIUMS_1F",
      "dest_warp_id": "4"
    }
  ],
  "coord_events": [

  ],
  "bg_events": [
    {
      "type": "sign",
      "x": 39,
      "y": 21,
      "elevation": 0,
      "player_facing_dir": "BG_EVENT_PLAYER_FACING_ANY",
      "script": "CeladonCity_EventScript_TrainerTips2"
    },
    {
      "type": "sign",
      "x": 33,
      "y": 21,
      "elevation": 0,
      "player_facing_dir": "BG_EVENT_PLAYER_FACING_ANY",
      "script": "CeladonCity_EventScript_PrizeExchangeSign"
    },
    {
      "type": "sign",
      "x": 27,
      "y": 21,
      "elevation": 0,
      "player_facing_dir": "BG_EVENT_PLAYER_FACING_ANY",
      "script": "CeladonCity_EventScript_GameCornerSign"
    },
    {
      "type": "sign",
      "x": 19,
      "y": 15,
      "elevation": 3,
      "player_facing_dir": "BG_EVENT_PLAYER_FACING_ANY",
      "script": "CeladonCity_EventScript_CitySign"
    },
    {
      "type": "sign",
      "x": 21,
      "y": 9,
      "elevation": 0,
      "player_facing_dir": "BG_EVENT_PLAYER_FACING_ANY",
      "script": "CeladonCity_EventScript_MansionSign"
    },
    {
      "type": "sign",
      "x": 27,
      "y": 15,
      "elevation": 0,
      "player_facing_dir": "BG_EVENT_PLAYER_FACING_ANY",
      "script": "CeladonCity_EventScript_TrainerTips1"
    },
    {
      "type": "sign",
      "x": 12,
      "y": 13,
      "elevation": 3,
      "player_facing_dir": "BG_EVENT_PLAYER_FACING_ANY",
      "script": "CeladonCity_EventScript_DeptStoreSign"
    },
    {
      "type": "sign",
      "x": 13,
      "y": 29,
      "elevation": 0,
      "player_facing_dir": "BG_EVENT_PLAYER_FACING_ANY",
      "script": "CeladonCity_EventScript_GymSign"
    },
    {
      "type": "hidden_item",
      "x": 48,
      "y": 15,
      "elevation": 3,
      "item": "ITEM_PP_UP",
      "flag": "FLAG_HIDDEN_ITEM_CELADON_CITY_PP_UP",
      "quantity": 1,
      "underfoot": false
    }
  ]
}
