{
  "id": "MAP_SAFARI_ZONE_EAST",
  "name": "SafariZone_East",
  "layout": "LAYOUT_SAFARI_ZONE_EAST",
  "music": "MUS_EVOLUTION",
  "region_map_section": "MAPSEC_KANTO_SAFARI_ZONE",
  "requires_flash": false,
  "weather": "WEATHER_NONE",
  "map_type": "MAP_TYPE_ROUTE",
  "allow_cycling": true,
  "allow_escaping": false,
  "allow_running": true,
  "show_map_name": true,
  "floor_number": 0,
  "battle_scene": "MAP_BATTLE_SCENE_NORMAL",
  "connections": 0,
  "object_events": [
    {
      "type": "object",
      "graphics_id": "OBJ_EVENT_GFX_ITEM_BALL",
      "x": 11,
      "y": 7,
      "elevation": 3,
      "movement_type": "MOVEMENT_TYPE_FACE_DOWN",
      "movement_range_x": 1,
      "movement_range_y": 1,
      "trainer_type": "TRAINER_TYPE_NONE",
      "trainer_sight_or_berry_tree_id": "0",
      "script": "SafariZone_East_EventScript_ItemMaxPotion",
      "flag": "FLAG_HIDE_SAFARI_ZONE_EAST_MAX_POTION",
      "in_connection": false
    },
    {
      "type": "object",
      "graphics_id": "OBJ_EVENT_GFX_ITEM_BALL",
      "x": 29,
      "y": 10,
      "elevation": 3,
      "movement_type": "MOVEMENT_TYPE_FACE_DOWN",
      "movement_range_x": 1,
      "movement_range_y": 1,
      "trainer_type": "TRAINER_TYPE_NONE",
      "trainer_sight_or_berry_tree_id": "0",
      "script": "SafariZone_East_EventScript_ItemFullRestore",
      "flag": "FLAG_HIDE_SAFARI_ZONE_EAST_FULL_RESTORE",
      "in_connection": false
    },
    {
      "type": "object",
      "graphics_id": "OBJ_EVENT_GFX_ITEM_BALL",
      "x": 23,
      "y": 12,
      "elevation": 3,
      "movement_type": "MOVEMENT_TYPE_FACE_DOWN",
      "movement_range_x": 1,
      "movement_range_y": 1,
      "trainer_type": "TRAINER_TYPE_NONE",
      "trainer_sight_or_berry_tree_id": "0",
      "script": "SafariZone_East_EventScript_ItemTM37",
      "flag": "FLAG_HIDE_SAFARI_ZONE_EAST_TM37",
      "in_connection": false
    },
    {
      "type": "object",
      "graphics_id": "OBJ_EVENT_GFX_ITEM_BALL",
      "x": 28,
      "y": 13,
      "elevation": 4,
      "movement_type": "MOVEMENT_TYPE_FACE_DOWN",
      "movement_range_x": 1,
      "movement_range_y": 1,
      "trainer_type": "TRAINER_TYPE_NONE",
      "trainer_sight_or_berry_tree_id": "0",
      "script": "SafariZone_East_EventScript_ItemCarbos",
      "flag": "FLAG_HIDE_SAFARI_ZONE_EAST_CARBOS",
      "in_connection": false
    }
  ],
  "warp_events": [
    {
      "x": 8,
      "y": 4,
      "elevation": 3,
      "dest_map": "MAP_SAFARI_ZONE_NORTH",
      "dest_warp_id": "4"
    },
    {
      "x": 8,
      "y": 5,
      "elevation": 3,
      "dest_map": "MAP_SAFARI_ZONE_NORTH",
      "dest_warp_id": "5"
    },
    {
      "x": 8,
      "y": 22,
      "elevation": 3,
      "dest_map": "MAP_SAFARI_ZONE_CENTER",
      "dest_warp_id": "6"
    },
    {
      "x": 8,
      "y": 23,
      "elevation": 3,
      "dest_map": "MAP_SAFARI_ZONE_CENTER",
      "dest_warp_id": "7"
    },
    {
      "x": 33,
      "y": 9,
      "elevation": 0,
      "dest_map": "MAP_SAFARI_ZONE_EAST_REST_HOUSE",
      "dest_warp_id": "0"
    }
  ],
  "coord_events": [

  ],
  "bg_events": [
    {
      "type": "sign",
      "x": 13,
      "y": 23,
      "elevation": 0,
      "player_facing_dir": "BG_EVENT_PLAYER_FACING_ANY",
      "script": "SafariZone_East_EventScript_AreaSign"
    },
    {
      "type": "sign",
      "x": 34,
      "y": 10,
      "elevation": 0,
      "player_facing_dir": "BG_EVENT_PLAYER_FACING_ANY",
      "script": "SafariZone_East_EventScript_RestHouseSign"
    },
    {
      "type": "sign",
      "x": 14,
      "y": 4,
      "elevation": 0,
      "player_facing_dir": "BG_EVENT_PLAYER_FACING_ANY",
      "script": "SafariZone_East_EventScript_TrainerTips"
    }
  ]
}
