<?xml version="1.0" encoding="UTF-8"?>
<metadata>
  <identifier>b3313-v1.0.1-debug-restored</identifier>
  <mediatype>software</mediatype>
  <collection>open_source_software</collection>
  <creator>Christopher Rios Lillo and the B3313 Team</creator>
  <date>2024-04-20</date>
  <description>&lt;div&gt;- B3313 v1.0.2 Debug Menu Restored -&lt;/div&gt;&lt;div&gt;&lt;br /&gt;&lt;/div&gt;&lt;div&gt;I made a small mod of the new B3313 v1.0.2 release that enables a developer debug menu.&lt;/div&gt;&lt;div&gt;Apply this bps patch to an original US version of SM64.&lt;/div&gt;&lt;div&gt;&lt;br /&gt;&lt;/div&gt;&lt;div&gt;&lt;span class="style-scope yt-formatted-string"&gt;In v1.0.2 non painting warps no longer take you back to Plexal Upstairs which is fantastic. I based my mod on hotfix 3 released on May 11th, 2024.&lt;/span&gt;&lt;/div&gt;&lt;div&gt;&lt;span class="style-scope yt-formatted-string"&gt;&lt;br /&gt;&lt;/span&gt;&lt;/div&gt;&lt;div&gt;The highlight is a sound test where you can play any song from the game and adjust speed, pitch, soundfont etc.&lt;/div&gt;&lt;br /&gt;Controls:&lt;br /&gt;&lt;br /&gt;Press L-Trigger ingame to display various stats such as what map you're in, how many red stars you have, AI difficulty scaling values etc.&lt;br /&gt;&lt;br /&gt;Press C-Up + L-Trigger once to access a sound test.&lt;br /&gt;D-Pad Left and Right selects a song ID and L-Trigger plays the song.&lt;br /&gt;D-Pad Up and Down allows you to change the soundfont, tempo etc.&lt;br /&gt;&lt;br /&gt;Press C-Up + L-Trigger twice to access no clip mode.&lt;br /&gt;D-Pad Left activates no clip.&lt;br /&gt;D-Pad Right displays a random AI message.&lt;br /&gt;&lt;br /&gt;Have fun!</description>
  <language>eng</language>
  <scanner>Internet Archive HTML5 Uploader 1.7.0</scanner>
  <subject>b3313</subject>
  <subject>super</subject>
  <subject>mario</subject>
  <subject>64</subject>
  <subject>internal</subject>
  <subject>plexus</subject>
  <subject>nintendo</subject>
  <subject>shoshinkai</subject>
  <subject>spaceworld</subject>
  <subject>beta</subject>
  <subject>1995</subject>
  <subject>prototype</subject>
  <subject>proto</subject>
  <subject>personalized</subject>
  <subject>creepypasta</subject>
  <subject>romhack</subject>
  <subject>hack</subject>
  <subject>mod</subject>
  <subject>project</subject>
  <subject>official</subject>
  <subject>gigaleak</subject>
  <subject>n64</subject>
  <subject>patch</subject>
  <subject>ultra</subject>
  <subject>brothers</subject>
  <subject>bros</subject>
  <subject>cartridge</subject>
  <subject>haunted</subject>
  <subject>build</subject>
  <title>B3313 v1.0.2 Debug Menu Restored</title>
  <uploader>plopsie@gmx.net</uploader>
  <publicdate>2024-04-20 20:09:56</publicdate>
  <addeddate>2024-04-20 20:09:56</addeddate>
  <curation>[curator]validator@archive.org[/curator][date]20240420201653[/date][comment]checked for malware[/comment]</curation>
  <year>2024</year>
</metadata>
