<?xml version="1.0" encoding="UTF-8"?>
<files>
  <file name="DebugFinal1_thumb.jpg" source="derivative">
    <format>JPEG Thumb</format>
    <original>deb1.png</original>
    <mtime>1713650393</mtime>
    <size>8426</size>
    <md5>2d05a4e99acd40b7a8bd3d3002e2b46e</md5>
    <crc32>f62f992d</crc32>
    <sha1>70ac0f4178a5c5a1eec73a7f7714ced8b1f3471d</sha1>
  </file>
  <file name="DebugFinalSoundTest_thumb.jpg" source="derivative">
    <format>JPEG Thumb</format>
    <original>deb1.png</original>
    <mtime>1713649992</mtime>
    <size>8426</size>
    <md5>2d05a4e99acd40b7a8bd3d3002e2b46e</md5>
    <crc32>f62f992d</crc32>
    <sha1>70ac0f4178a5c5a1eec73a7f7714ced8b1f3471d</sha1>
  </file>
  <file name="__ia_thumb.jpg" source="original">
    <mtime>1713885259</mtime>
    <size>14783</size>
    <md5>df4dae2d831d452923b43350343b54e5</md5>
    <crc32>68b4349e</crc32>
    <sha1>80c478e9af68bad893202ea040f6267562c23153</sha1>
    <format>Item Tile</format>
  </file>
  <file name="b3313 V1.0.2 hotfix3 debug.bps" source="original">
    <mtime>1715427199</mtime>
    <size>29810817</size>
    <md5>17fd542bed392a5bd88ce87463beadad</md5>
    <crc32>2144df1c</crc32>
    <sha1>909b25ba936e1bd6efaf8da7348ce50ef83c7bab</sha1>
    <format>Unknown</format>
    <viruscheck>1715427600</viruscheck>
  </file>
  <file name="b3313-v1.0.1-debug-restored_archive.torrent" source="metadata">
    <btih>c16e850011387698301a96e888811dbeeba82447</btih>
    <mtime>1715519712</mtime>
    <size>3795</size>
    <md5>036ba26e249703c50ca1374cfd53af86</md5>
    <crc32>dde8e5c5</crc32>
    <sha1>22ed0d74e27040a06b791c809e62b7b5c62c9050</sha1>
    <format>Archive BitTorrent</format>
  </file>
  <file name="b3313-v1.0.1-debug-restored_files.xml" source="original">
    <format>Metadata</format>
    <md5>c139eed26d97bc3b67f314423d0c3014</md5>
    <summation>md5</summation>
  </file>
  <file name="b3313-v1.0.1-debug-restored_meta.sqlite" source="original">
    <mtime>1715427234</mtime>
    <size>40960</size>
    <md5>6f858e15eb1e2c74269163717a0b857c</md5>
    <crc32>129170aa</crc32>
    <sha1>dd8e559210641c3c04629b96376913ea18c6403d</sha1>
    <format>Metadata</format>
  </file>
  <file name="b3313-v1.0.1-debug-restored_meta.xml" source="original">
    <mtime>1715519709</mtime>
    <size>2961</size>
    <md5>ce7bf3856b7e72fd28914685cf28d093</md5>
    <crc32>e961b97b</crc32>
    <sha1>9ccfb6595839a71ebfd83bb34b8182200723569b</sha1>
    <format>Metadata</format>
  </file>
  <file name="deb1.png" source="original">
    <mtime>1713884894</mtime>
    <size>257636</size>
    <md5>cf422e7db183e29f3607b33c211aaab9</md5>
    <crc32>55d4832a</crc32>
    <sha1>4725c0b4ed31b3623b95a4d5fea7a0dd93f38631</sha1>
    <format>PNG</format>
  </file>
  <file name="deb1_thumb.jpg" source="derivative">
    <format>JPEG Thumb</format>
    <original>deb1.png</original>
    <mtime>1713885491</mtime>
    <size>7777</size>
    <md5>e0326f9aa322d6edb68a30030265f734</md5>
    <crc32>d90b23e2</crc32>
    <sha1>ad2a0ab556cf2eeb179bf803786da2c148562cb4</sha1>
  </file>
</files>
