{
  "id": "MAP_ROUTE16",
  "name": "Route16",
  "layout": "LAYOUT_ROUTE16",
  "music": "MUS_ROUTE3",
  "region_map_section": "MAPSEC_ROUTE_16",
  "requires_flash": false,
  "weather": "WEATHER_SUNNY",
  "map_type": "MAP_TYPE_ROUTE",
  "allow_cycling": true,
  "allow_escaping": false,
  "allow_running": true,
  "show_map_name": false,
  "floor_number": 0,
  "battle_scene": "MAP_BATTLE_SCENE_NORMAL",
  "connections": [
    {
      "map": "MAP_ROUTE17",
      "offset": 0,
      "direction": "down"
    },
    {
      "map": "MAP_CELADON_CITY",
      "offset": -8,
      "direction": "right"
    }
  ],
  "object_events": [
    {
      "type": "object",
      "graphics_id": "OBJ_EVENT_GFX_BIKER",
      "x": 17,
      "y": 12,
      "elevation": 3,
      "movement_type": "MOVEMENT_TYPE_FACE_LEFT",
      "movement_range_x": 1,
      "movement_range_y": 1,
      "trainer_type": "TRAINER_TYPE_NORMAL",
      "trainer_sight_or_berry_tree_id": "3",
      "script": "Route16_EventScript_Lao",
      "flag": "0",
      "in_connection": false
    },
    {
      "type": "object",
      "graphics_id": "OBJ_EVENT_GFX_BIKER",
      "x": 14,
      "y": 13,
      "elevation": 3,
      "movement_type": "MOVEMENT_TYPE_FACE_RIGHT",
      "movement_range_x": 1,
      "movement_range_y": 1,
      "trainer_type": "TRAINER_TYPE_NORMAL",
      "trainer_sight_or_berry_tree_id": "2",
      "script": "Route16_EventScript_Koji",
      "flag": "0",
      "in_connection": false
    },
    {
      "type": "object",
      "graphics_id": "OBJ_EVENT_GFX_BIKER",
      "x": 11,
      "y": 12,
      "elevation": 3,
      "movement_type": "MOVEMENT_TYPE_FACE_UP",
      "movement_range_x": 1,
      "movement_range_y": 1,
      "trainer_type": "TRAINER_TYPE_NORMAL",
      "trainer_sight_or_berry_tree_id": "2",
      "script": "Route16_EventScript_Luke",
      "flag": "0",
      "in_connection": false
    },
    {
      "type": "object",
      "graphics_id": "OBJ_EVENT_GFX_BIKER",
      "x": 3,
      "y": 12,
      "elevation": 3,
      "movement_type": "MOVEMENT_TYPE_FACE_RIGHT",
      "movement_range_x": 1,
      "movement_range_y": 1,
      "trainer_type": "TRAINER_TYPE_NORMAL",
      "trainer_sight_or_berry_tree_id": "4",
      "script": "Route16_EventScript_Ruben",
      "flag": "0",
      "in_connection": false
    },
    {
      "type": "object",
      "graphics_id": "OBJ_EVENT_GFX_BIKER",
      "x": 9,
      "y": 11,
      "elevation": 3,
      "movement_type": "MOVEMENT_TYPE_FACE_LEFT",
      "movement_range_x": 1,
      "movement_range_y": 1,
      "trainer_type": "TRAINER_TYPE_NORMAL",
      "trainer_sight_or_berry_tree_id": "2",
      "script": "Route16_EventScript_Hideo",
      "flag": "0",
      "in_connection": false
    },
    {
      "type": "object",
      "graphics_id": "OBJ_EVENT_GFX_BIKER",
      "x": 6,
      "y": 10,
      "elevation": 3,
      "movement_type": "MOVEMENT_TYPE_FACE_RIGHT",
      "movement_range_x": 1,
      "movement_range_y": 1,
      "trainer_type": "TRAINER_TYPE_NORMAL",
      "trainer_sight_or_berry_tree_id": "2",
      "script": "Route16_EventScript_Camron",
      "flag": "0",
      "in_connection": false
    },
    {
      "type": "object",
      "graphics_id": "OBJ_EVENT_GFX_CUT_TREE",
      "x": 34,
      "y": 9,
      "elevation": 3,
      "movement_type": "MOVEMENT_TYPE_FACE_DOWN",
      "movement_range_x": 1,
      "movement_range_y": 1,
      "trainer_type": "TRAINER_TYPE_NONE",
      "trainer_sight_or_berry_tree_id": "0",
      "script": "EventScript_CutTree",
      "flag": "FLAG_TEMP_11",
      "in_connection": true
    },
    {
      "type": "object",
      "graphics_id": "OBJ_EVENT_GFX_SNORLAX",
      "x": 26,
      "y": 10,
      "elevation": 3,
      "movement_type": "MOVEMENT_TYPE_FACE_DOWN",
      "movement_range_x": 1,
      "movement_range_y": 1,
      "trainer_type": "TRAINER_TYPE_NONE",
      "trainer_sight_or_berry_tree_id": "0",
      "script": "Route16_EventScript_Snorlax",
      "flag": "FLAG_HIDE_ROUTE_16_SNORLAX",
      "in_connection": false
    }
  ],
  "warp_events": [
    {
      "x": 7,
      "y": 5,
      "elevation": 0,
      "dest_map": "MAP_ROUTE16_HOUSE",
      "dest_warp_id": "0"
    },
    {
      "x": 17,
      "y": 5,
      "elevation": 3,
      "dest_map": "MAP_ROUTE16_NORTH_ENTRANCE_1F",
      "dest_warp_id": "0"
    },
    {
      "x": 24,
      "y": 5,
      "elevation": 3,
      "dest_map": "MAP_ROUTE16_NORTH_ENTRANCE_1F",
      "dest_warp_id": "1"
    },
    {
      "x": 17,
      "y": 11,
      "elevation": 3,
      "dest_map": "MAP_ROUTE16_NORTH_ENTRANCE_1F",
      "dest_warp_id": "6"
    },
    {
      "x": 24,
      "y": 10,
      "elevation": 3,
      "dest_map": "MAP_ROUTE16_NORTH_ENTRANCE_1F",
      "dest_warp_id": "3"
    },
    {
      "x": 24,
      "y": 4,
      "elevation": 3,
      "dest_map": "MAP_ROUTE16_NORTH_ENTRANCE_1F",
      "dest_warp_id": "7"
    },
    {
      "x": 17,
      "y": 4,
      "elevation": 3,
      "dest_map": "MAP_ROUTE16_NORTH_ENTRANCE_1F",
      "dest_warp_id": "8"
    },
    {
      "x": 17,
      "y": 10,
      "elevation": 3,
      "dest_map": "MAP_ROUTE16_NORTH_ENTRANCE_1F",
      "dest_warp_id": "2"
    }
  ],
  "coord_events": [

  ],
  "bg_events": [
    {
      "type": "sign",
      "x": 5,
      "y": 17,
      "elevation": 0,
      "player_facing_dir": "BG_EVENT_PLAYER_FACING_ANY",
      "script": "Route16_EventScript_RouteSign"
    },
    {
      "type": "sign",
      "x": 27,
      "y": 11,
      "elevation": 0,
      "player_facing_dir": "BG_EVENT_PLAYER_FACING_ANY",
      "script": "Route16_EventScript_CyclingRoadSign"
    },
    {
      "type": "hidden_item",
      "x": 26,
      "y": 10,
      "elevation": 3,
      "item": "ITEM_LEFTOVERS",
      "flag": "FLAG_HIDDEN_ITEM_ROUTE16_LEFTOVERS",
      "quantity": 1,
      "underfoot": true
    }
  ]
}
