<?xml version='1.0' encoding='UTF-8'?>
<cartridge region="NTSC">
    <rom>
        <map mode='shadow' size='0x400000' address='80-bf:8000-ffff'/>
        <map mode='linear' size='0x400000' address='c0-ff:0000-ffff'/>
        <map mode='shadow' size='0x200000' offset='0x400000' address='00-3f:8000-ffff'/>
        <map mode='linear' size='0x200000' offset='0x400000' address='40-7d:0000-ffff'/>
    </rom>
    <ram size='0x4000'>
        <map mode='linear' address='30-3f:6000-7fff'/>
    </ram>
</cartridge>