{
  "id": "MAP_PINLEAF_TOWN_FARM_HOUSE",
  "name": "PinleafTown_FarmHouse",
  "layout": "LAYOUT_PINLEAF_TOWN_FARM_HOUSE",
  "music": "MUS_GREENDALE_VILLAGE",
  "region_map_section": "MAPSEC_PINLEAF_TOWN",
  "requires_flash": false,
  "weather": "WEATHER_NONE",
  "map_type": "MAP_TYPE_INDOOR",
  "allow_cycling": false,
  "allow_escaping": false,
  "allow_running": true,
  "show_map_name": false,
  "battle_scene": "MAP_BATTLE_SCENE_NORMAL",
  "connections": 0,
  "object_events": [

  ],
  "warp_events": [
    {
      "x": 2,
      "y": 5,
      "elevation": 3,
      "dest_map": "MAP_PINLEAF_TOWN",
      "dest_warp_id": "5"
    },
    {
      "x": 3,
      "y": 5,
      "elevation": 0,
      "dest_map": "MAP_PINLEAF_TOWN",
      "dest_warp_id": "5"
    }
  ],
  "coord_events": [

  ],
  "bg_events": [

  ]
}
