{
  "id": "MAP_CHANDRA_VILLAGE_TYLER_HOUSE_2F",
  "name": "ChandraVillage_TylerHouse_2F",
  "layout": "LAYOUT_CHANDRA_VILLAGE_TYLER_HOUSE_2F",
  "music": "MUS_CHANDRA_VILLAGE",
  "region_map_section": "MAPSEC_CHANDRA_VILLAGE",
  "requires_flash": false,
  "weather": "WEATHER_NONE",
  "map_type": "MAP_TYPE_INDOOR",
  "allow_cycling": false,
  "allow_escaping": false,
  "allow_running": true,
  "show_map_name": false,
  "battle_scene": "MAP_BATTLE_SCENE_NORMAL",
  "connections": 0,
  "object_events": [
    {
      "graphics_id": "OBJ_EVENT_GFX_QUINTY_PLUMP",
      "x": 4,
      "y": 7,
      "elevation": 3,
      "movement_type": "MOVEMENT_TYPE_FACE_RIGHT",
      "movement_range_x": 0,
      "movement_range_y": 0,
      "trainer_type": "TRAINER_TYPE_NONE",
      "trainer_sight_or_berry_tree_id": "0",
      "script": "NULL",
      "flag": "FLAG_HIDE_TYLERS_HOUSE_TYLER"
    },
    {
      "graphics_id": "OBJ_EVENT_GFX_BIRCHS_BAG",
      "x": 5,
      "y": 7,
      "elevation": 3,
      "movement_type": "MOVEMENT_TYPE_NONE",
      "movement_range_x": 0,
      "movement_range_y": 0,
      "trainer_type": "TRAINER_TYPE_NONE",
      "trainer_sight_or_berry_tree_id": "0",
      "script": "NULL",
      "flag": "FLAG_HIDE_TYLERS_HOUSE_BAG"
    }
  ],
  "warp_events": [
    {
      "x": 7,
      "y": 20,
      "elevation": 3,
      "dest_map": "MAP_CHANDRA_VILLAGE_TYLER_HOUSE_1F",
      "dest_warp_id": "1"
    },
    {
      "x": 9,
      "y": 22,
      "elevation": 3,
      "dest_map": "MAP_CHANDRA_VILLAGE",
      "dest_warp_id": "3"
    },
    {
      "x": 3,
      "y": 20,
      "elevation": 3,
      "dest_map": "MAP_CHANDRA_VILLAGE_TYLER_HOUSE_2F",
      "dest_warp_id": "3"
    },
    {
      "x": 3,
      "y": 9,
      "elevation": 3,
      "dest_map": "MAP_CHANDRA_VILLAGE_TYLER_HOUSE_2F",
      "dest_warp_id": "2"
    },
    {
      "x": 3,
      "y": 22,
      "elevation": 3,
      "dest_map": "MAP_CHANDRA_VILLAGE_TYLER_HOUSE_2F",
      "dest_warp_id": "5"
    },
    {
      "x": 3,
      "y": 34,
      "elevation": 3,
      "dest_map": "MAP_CHANDRA_VILLAGE_TYLER_HOUSE_2F",
      "dest_warp_id": "4"
    }
  ],
  "coord_events": [
    {
      "type": "trigger",
      "x": 3,
      "y": 20,
      "elevation": 0,
      "var": "VAR_TYLERS_HOUSE",
      "var_value": "0",
      "script": "ChandraVillage_TylerHouse_2F_ShowHideTyler"
    },
    {
      "type": "trigger",
      "x": 2,
      "y": 9,
      "elevation": 0,
      "var": "VAR_STORYLINE_STATE",
      "var_value": "8",
      "script": "ChandraVillage_TylerHouse_2F_TylerIntro"
    },
    {
      "type": "trigger",
      "x": 3,
      "y": 8,
      "elevation": 0,
      "var": "VAR_STORYLINE_STATE",
      "var_value": "8",
      "script": "ChandraVillage_TylerHouse_2F_TylerIntro"
    },
    {
      "type": "trigger",
      "x": 4,
      "y": 9,
      "elevation": 0,
      "var": "VAR_STORYLINE_STATE",
      "var_value": "8",
      "script": "ChandraVillage_TylerHouse_2F_TylerIntro"
    }
  ],
  "bg_events": [
    {
      "type": "sign",
      "x": 0,
      "y": 2,
      "elevation": 0,
      "player_facing_dir": "BG_EVENT_PLAYER_FACING_ANY",
      "script": "LittlerootTown_BrendansHouse_2F_EventScript_CheckRivalsPC"
    },
    {
      "type": "sign",
      "x": 0,
      "y": 34,
      "elevation": 0,
      "player_facing_dir": "BG_EVENT_PLAYER_FACING_ANY",
      "script": "ChandraVillage_PlayerHouse_2F_Sign_Trash"
    },
    {
      "type": "sign",
      "x": 9,
      "y": 9,
      "elevation": 0,
      "player_facing_dir": "BG_EVENT_PLAYER_FACING_ANY",
      "script": "ChandraVillage_PlayerHouse_2F_Sign_Trash"
    },
    {
      "type": "sign",
      "x": 7,
      "y": 3,
      "elevation": 0,
      "player_facing_dir": "BG_EVENT_PLAYER_FACING_ANY",
      "script": "ChandraVillage_PlayerHouse_2F_Sign_Switch"
    },
    {
      "type": "sign",
      "x": 6,
      "y": 2,
      "elevation": 0,
      "player_facing_dir": "BG_EVENT_PLAYER_FACING_ANY",
      "script": "ChandraVillage_PlayerHouse_2F_Sign_TV"
    }
  ]
}
