<?xml version="1.0" encoding="UTF-8"?>
<metadata>
  <identifier>uma-aventura-xalabaias-romhack-do-pai-troll-download-na-descricao-720-p-60-fps</identifier>
  <mediatype>software</mediatype>
  <collection>open_source_software</collection>
  <creator>Nara Luiza ❤️❤️❤️🌹😸😸😘😘</creator>
  <date>2024</date>
  <description>Jogos snes hacks mario</description>
  <language>eng</language>
  <licenseurl>https://creativecommons.org/licenses/by-nd/4.0/</licenseurl>
  <scanner>Internet Archive HTML5 Uploader 1.7.0</scanner>
  <subject>Mario - SNES - games - jogos</subject>
  <title>Uma Aventura Xalabaias ROMHACK DO PAI TROLL ( Download Na Descrição)( 720 P 60 FPS)</title>
  <uploader>gamepauzarh@gmail.com</uploader>
  <publicdate>2024-04-05 13:31:48</publicdate>
  <addeddate>2024-04-05 13:31:48</addeddate>
  <curation>[curator]validator@archive.org[/curator][date]20240405134752[/date][comment]checked for malware[/comment]</curation>
</metadata>
