<?xml version="1.0" encoding="UTF-8"?>
<files>
  <file name="Uma Aventura Xalabaias.bps" source="original">
    <mtime>1712323914</mtime>
    <size>1724182</size>
    <md5>c78e837a451996b1865bd4cea6375a0a</md5>
    <crc32>2144df1c</crc32>
    <sha1>6d0e6b0d09a1b9b4631fde415157ae08f4dcfa50</sha1>
    <format>Unknown</format>
    <viruscheck>1712324872</viruscheck>
  </file>
  <file name="Uma Aventura Xalabaias_ - ROMHACK DO PAI TROLL (Download na descrição)(720P_60FPS).ia.mp4" source="derivative">
    <format>h.264 IA</format>
    <original>Uma Aventura Xalabaias_ - ROMHACK DO PAI TROLL (Download na descrição)(720P_60FPS).mp4</original>
    <mtime>1712325201</mtime>
    <size>26754756</size>
    <md5>62d226c615f2b67c2f1e316b13c6891e</md5>
    <crc32>0cf4ca56</crc32>
    <sha1>f6917cb6cd57fb68706e71ec337c1cd3a5554229</sha1>
    <length>81.83</length>
    <width>1280</width>
    <height>720</height>
  </file>
  <file name="Uma Aventura Xalabaias_ - ROMHACK DO PAI TROLL (Download na descrição)(720P_60FPS).mp4" source="original">
    <mtime>1712323889</mtime>
    <size>26754756</size>
    <md5>e1873cfd8d210981c894a32181b5f625</md5>
    <crc32>163b01a4</crc32>
    <sha1>5796a9940341ecad1d594e29787000bd509b3b0f</sha1>
    <format>MPEG4</format>
    <length>81.83</length>
    <width>1280</width>
    <height>720</height>
  </file>
  <file name="Uma Aventura Xalabaias_ - ROMHACK DO PAI TROLL (Download na descrição)(720P_60FPS)_thumb.jpg" source="original">
    <mtime>1712323910</mtime>
    <size>51985</size>
    <md5>382cf8181749b5ad8a5ee4c6f0911d05</md5>
    <crc32>9cefba77</crc32>
    <sha1>3303b4c6cbf31c9dad09d7a2da76c4327f10cfff</sha1>
    <format>JPEG Thumb</format>
  </file>
  <file name="Xalabaias Adventure.bps" source="original">
    <mtime>1712323918</mtime>
    <size>1725504</size>
    <md5>fac1ad1af3547d868060b58b88848f4d</md5>
    <crc32>2144df1c</crc32>
    <sha1>bc73cdb96e6d03700a84d334b1c2b2f91463af1b</sha1>
    <format>Unknown</format>
    <viruscheck>1712324872</viruscheck>
  </file>
  <file name="__ia_thumb.jpg" source="original">
    <mtime>1712325233</mtime>
    <size>4182</size>
    <md5>adca7ad66a5dafb484f0efee83a51de5</md5>
    <crc32>fe0d9129</crc32>
    <sha1>3a12e43f2ae8981aa81be92b7cd5e8773b6fabfb</sha1>
    <format>Item Tile</format>
  </file>
  <file name="adventure xalabaia.smc" source="original">
    <mtime>1712323927</mtime>
    <size>4194304</size>
    <md5>b0c16ea13d0fa06d7e3f4aae01899a04</md5>
    <crc32>1c4d5c4a</crc32>
    <sha1>92ad28e453e073f3c907b15a2d9062e6509b3908</sha1>
    <format>Unknown</format>
    <viruscheck>1712324872</viruscheck>
  </file>
  <file name="uma aventura xalabaia.smc" source="original">
    <mtime>1712323923</mtime>
    <size>4194304</size>
    <md5>415c4274201fd65a4e88220e1d34ea8a</md5>
    <crc32>6af6d0a8</crc32>
    <sha1>9c05b4727e933e75e906d5d4e39ce2a37f38bdb5</sha1>
    <format>Unknown</format>
    <viruscheck>1712324872</viruscheck>
  </file>
  <file name="uma-aventura-xalabaias-romhack-do-pai-troll-download-na-descricao-720-p-60-fps.thumbs/Uma Aventura Xalabaias_ - ROMHACK DO PAI TROLL (Download na descrição)(720P_60FPS)_000001.jpg" source="derivative">
    <format>Thumbnail</format>
    <original>Uma Aventura Xalabaias_ - ROMHACK DO PAI TROLL (Download na descrição)(720P_60FPS).mp4</original>
    <mtime>1712324999</mtime>
    <size>39396</size>
    <md5>cd99ef9d1414d3d3c70a83bea80101a8</md5>
    <crc32>72dc98a5</crc32>
    <sha1>4a3e3a6b36e82ad248e82eb5c4a5eeadad21da1f</sha1>
  </file>
  <file name="uma-aventura-xalabaias-romhack-do-pai-troll-download-na-descricao-720-p-60-fps.thumbs/Uma Aventura Xalabaias_ - ROMHACK DO PAI TROLL (Download na descrição)(720P_60FPS)_000010.jpg" source="derivative">
    <format>Thumbnail</format>
    <original>Uma Aventura Xalabaias_ - ROMHACK DO PAI TROLL (Download na descrição)(720P_60FPS).mp4</original>
    <mtime>1712325000</mtime>
    <size>53436</size>
    <md5>4b7c8bf258e08671317fc55861050651</md5>
    <crc32>4cc372e3</crc32>
    <sha1>c1f38614fd814b862f4f54894483fa8a3fbdc557</sha1>
  </file>
  <file name="uma-aventura-xalabaias-romhack-do-pai-troll-download-na-descricao-720-p-60-fps.thumbs/Uma Aventura Xalabaias_ - ROMHACK DO PAI TROLL (Download na descrição)(720P_60FPS)_000015.jpg" source="derivative">
    <format>Thumbnail</format>
    <original>Uma Aventura Xalabaias_ - ROMHACK DO PAI TROLL (Download na descrição)(720P_60FPS).mp4</original>
    <mtime>1712325002</mtime>
    <size>56052</size>
    <md5>05ee4c83adc150cc77cef102b35ef5ed</md5>
    <crc32>41ad3d35</crc32>
    <sha1>6d3fd8e465dd49d2a426663e4e8cc6cc1b52b3c7</sha1>
  </file>
  <file name="uma-aventura-xalabaias-romhack-do-pai-troll-download-na-descricao-720-p-60-fps.thumbs/Uma Aventura Xalabaias_ - ROMHACK DO PAI TROLL (Download na descrição)(720P_60FPS)_000020.jpg" source="derivative">
    <format>Thumbnail</format>
    <original>Uma Aventura Xalabaias_ - ROMHACK DO PAI TROLL (Download na descrição)(720P_60FPS).mp4</original>
    <mtime>1712325004</mtime>
    <size>78959</size>
    <md5>7839c2e75eec318abcab50a32c481c77</md5>
    <crc32>2ff3ba11</crc32>
    <sha1>c37e9a5fdce6a0360080086ad838b08be2fd6f9a</sha1>
  </file>
  <file name="uma-aventura-xalabaias-romhack-do-pai-troll-download-na-descricao-720-p-60-fps.thumbs/Uma Aventura Xalabaias_ - ROMHACK DO PAI TROLL (Download na descrição)(720P_60FPS)_000025.jpg" source="derivative">
    <format>Thumbnail</format>
    <original>Uma Aventura Xalabaias_ - ROMHACK DO PAI TROLL (Download na descrição)(720P_60FPS).mp4</original>
    <mtime>1712325006</mtime>
    <size>2797</size>
    <md5>545e9f8c05f4e75edc912f12aae81fed</md5>
    <crc32>1bd61479</crc32>
    <sha1>310b92a48c2dd8c50390fd752d1581ab4d4f7d45</sha1>
  </file>
  <file name="uma-aventura-xalabaias-romhack-do-pai-troll-download-na-descricao-720-p-60-fps.thumbs/Uma Aventura Xalabaias_ - ROMHACK DO PAI TROLL (Download na descrição)(720P_60FPS)_000030.jpg" source="derivative">
    <format>Thumbnail</format>
    <original>Uma Aventura Xalabaias_ - ROMHACK DO PAI TROLL (Download na descrição)(720P_60FPS).mp4</original>
    <mtime>1712325008</mtime>
    <size>47647</size>
    <md5>227c6cb917a168167dabc026efd1d605</md5>
    <crc32>af6f79a3</crc32>
    <sha1>30c4421bc668aa251828e4cd246beb916349b2d1</sha1>
  </file>
  <file name="uma-aventura-xalabaias-romhack-do-pai-troll-download-na-descricao-720-p-60-fps.thumbs/Uma Aventura Xalabaias_ - ROMHACK DO PAI TROLL (Download na descrição)(720P_60FPS)_000035.jpg" source="derivative">
    <format>Thumbnail</format>
    <original>Uma Aventura Xalabaias_ - ROMHACK DO PAI TROLL (Download na descrição)(720P_60FPS).mp4</original>
    <mtime>1712325010</mtime>
    <size>69914</size>
    <md5>e283ebcda2bcfa681a2db5f2568af752</md5>
    <crc32>bd157f95</crc32>
    <sha1>3b903ccd07547d1f49e3cc255788fe251efaa558</sha1>
  </file>
  <file name="uma-aventura-xalabaias-romhack-do-pai-troll-download-na-descricao-720-p-60-fps.thumbs/Uma Aventura Xalabaias_ - ROMHACK DO PAI TROLL (Download na descrição)(720P_60FPS)_000040.jpg" source="derivative">
    <format>Thumbnail</format>
    <original>Uma Aventura Xalabaias_ - ROMHACK DO PAI TROLL (Download na descrição)(720P_60FPS).mp4</original>
    <mtime>1712325012</mtime>
    <size>91239</size>
    <md5>f32cd4aaa4e6f67ebeb22b9f3bb9f871</md5>
    <crc32>dd8276f9</crc32>
    <sha1>cf4e1de5c8abbb3bc299c4473a76e45b291c6fc7</sha1>
  </file>
  <file name="uma-aventura-xalabaias-romhack-do-pai-troll-download-na-descricao-720-p-60-fps.thumbs/Uma Aventura Xalabaias_ - ROMHACK DO PAI TROLL (Download na descrição)(720P_60FPS)_000045.jpg" source="derivative">
    <format>Thumbnail</format>
    <original>Uma Aventura Xalabaias_ - ROMHACK DO PAI TROLL (Download na descrição)(720P_60FPS).mp4</original>
    <mtime>1712325014</mtime>
    <size>28210</size>
    <md5>edd3229af8275332a4c5d897a45e4753</md5>
    <crc32>2c862e99</crc32>
    <sha1>9e643effa7a8a88173a4640c70c83312b0d56f3b</sha1>
  </file>
  <file name="uma-aventura-xalabaias-romhack-do-pai-troll-download-na-descricao-720-p-60-fps.thumbs/Uma Aventura Xalabaias_ - ROMHACK DO PAI TROLL (Download na descrição)(720P_60FPS)_000050.jpg" source="derivative">
    <format>Thumbnail</format>
    <original>Uma Aventura Xalabaias_ - ROMHACK DO PAI TROLL (Download na descrição)(720P_60FPS).mp4</original>
    <mtime>1712325016</mtime>
    <size>14944</size>
    <md5>0171ffaa19d2e0118d6a7e9e366e4000</md5>
    <crc32>afddc8f9</crc32>
    <sha1>c66b7cb08ad12e399017a8c7be72765c241ee82c</sha1>
  </file>
  <file name="uma-aventura-xalabaias-romhack-do-pai-troll-download-na-descricao-720-p-60-fps.thumbs/Uma Aventura Xalabaias_ - ROMHACK DO PAI TROLL (Download na descrição)(720P_60FPS)_000055.jpg" source="derivative">
    <format>Thumbnail</format>
    <original>Uma Aventura Xalabaias_ - ROMHACK DO PAI TROLL (Download na descrição)(720P_60FPS).mp4</original>
    <mtime>1712325018</mtime>
    <size>37514</size>
    <md5>478f5fd1fbac30719126d10c2d39b996</md5>
    <crc32>3bae889c</crc32>
    <sha1>df305f0892104e874db9e098b552c35296ede0a6</sha1>
  </file>
  <file name="uma-aventura-xalabaias-romhack-do-pai-troll-download-na-descricao-720-p-60-fps.thumbs/Uma Aventura Xalabaias_ - ROMHACK DO PAI TROLL (Download na descrição)(720P_60FPS)_000060.jpg" source="derivative">
    <format>Thumbnail</format>
    <original>Uma Aventura Xalabaias_ - ROMHACK DO PAI TROLL (Download na descrição)(720P_60FPS).mp4</original>
    <mtime>1712325019</mtime>
    <size>39395</size>
    <md5>67d48022290adee9ec39a5d3a5397477</md5>
    <crc32>7da617a3</crc32>
    <sha1>1593f4e8376fdadbdeb9b9789f18ac7af148d351</sha1>
  </file>
  <file name="uma-aventura-xalabaias-romhack-do-pai-troll-download-na-descricao-720-p-60-fps.thumbs/Uma Aventura Xalabaias_ - ROMHACK DO PAI TROLL (Download na descrição)(720P_60FPS)_000065.jpg" source="derivative">
    <format>Thumbnail</format>
    <original>Uma Aventura Xalabaias_ - ROMHACK DO PAI TROLL (Download na descrição)(720P_60FPS).mp4</original>
    <mtime>1712325021</mtime>
    <size>103381</size>
    <md5>78022d455464389c1bb81a6e848b9d72</md5>
    <crc32>69b299b0</crc32>
    <sha1>32652f2c0f88f5accd1751350b38396ee784e504</sha1>
  </file>
  <file name="uma-aventura-xalabaias-romhack-do-pai-troll-download-na-descricao-720-p-60-fps.thumbs/Uma Aventura Xalabaias_ - ROMHACK DO PAI TROLL (Download na descrição)(720P_60FPS)_000071.jpg" source="derivative">
    <format>Thumbnail</format>
    <original>Uma Aventura Xalabaias_ - ROMHACK DO PAI TROLL (Download na descrição)(720P_60FPS).mp4</original>
    <mtime>1712325023</mtime>
    <size>117196</size>
    <md5>217ee9f45bb7d754fbc6ed884392866c</md5>
    <crc32>25bf4050</crc32>
    <sha1>e7605a096b06dc9deef79a8ea69575357377e256</sha1>
  </file>
  <file name="uma-aventura-xalabaias-romhack-do-pai-troll-download-na-descricao-720-p-60-fps.thumbs/Uma Aventura Xalabaias_ - ROMHACK DO PAI TROLL (Download na descrição)(720P_60FPS)_000076.jpg" source="derivative">
    <format>Thumbnail</format>
    <original>Uma Aventura Xalabaias_ - ROMHACK DO PAI TROLL (Download na descrição)(720P_60FPS).mp4</original>
    <mtime>1712325027</mtime>
    <size>27055</size>
    <md5>ce12aeb5f2f48f5a18098b2b4eeddb22</md5>
    <crc32>1663be8e</crc32>
    <sha1>5e8e92f1d5085db0c37dccee401e82e03d4b7a06</sha1>
  </file>
  <file name="uma-aventura-xalabaias-romhack-do-pai-troll-download-na-descricao-720-p-60-fps_archive.torrent" source="metadata">
    <btih>68fdcc2eedcae3f90f3e31ca956d631faaca75f8</btih>
    <mtime>1712325235</mtime>
    <size>5805</size>
    <md5>aac53bd6f02fe0dd06ae0046e8d6cc41</md5>
    <crc32>e3964e95</crc32>
    <sha1>a406dcaa0782e0508c3a5d88846afe1deed33343</sha1>
    <format>Archive BitTorrent</format>
  </file>
  <file name="uma-aventura-xalabaias-romhack-do-pai-troll-download-na-descricao-720-p-60-fps_files.xml" source="original">
    <format>Metadata</format>
    <md5>42e95e51c1ec2656a23f0460548bd3fa</md5>
    <summation>md5</summation>
  </file>
  <file name="uma-aventura-xalabaias-romhack-do-pai-troll-download-na-descricao-720-p-60-fps_meta.sqlite" source="original">
    <mtime>1712323933</mtime>
    <size>45056</size>
    <md5>27950fce43f7b4cb85e616b878e746ab</md5>
    <crc32>7d4f093c</crc32>
    <sha1>6c2adbd6d48fa5ddee105b18754ab80fd05864bb</sha1>
    <format>Metadata</format>
  </file>
  <file name="uma-aventura-xalabaias-romhack-do-pai-troll-download-na-descricao-720-p-60-fps_meta.xml" source="original">
    <mtime>1712324872</mtime>
    <size>973</size>
    <md5>4fd0c80c42038c72d680742b63a8e181</md5>
    <crc32>57d1e00d</crc32>
    <sha1>91125d4b6de717c23a222b2346965d7ad2cfabf5</sha1>
    <format>Metadata</format>
  </file>
</files>
