{
  "id": "MAP_SAFFRON_CITY_POKEMON_TRAINER_FAN_CLUB",
  "name": "SaffronCity_PokemonTrainerFanClub",
  "layout": "LAYOUT_SAFFRON_CITY_POKEMON_TRAINER_FAN_CLUB",
  "music": "MUS_PEWTER",
  "region_map_section": "MAPSEC_SAFFRON_CITY",
  "requires_flash": false,
  "weather": "WEATHER_NONE",
  "map_type": "MAP_TYPE_INDOOR",
  "allow_cycling": false,
  "allow_escaping": false,
  "allow_running": false,
  "show_map_name": false,
  "floor_number": 0,
  "battle_scene": "MAP_BATTLE_SCENE_NORMAL",
  "connections": 0,
  "object_events": [
    {
      "graphics_id": "OBJ_EVENT_GFX_BATTLE_GIRL",
      "in_connection": false,
      "x": 7,
      "y": 13,
      "elevation": 3,
      "movement_type": "MOVEMENT_TYPE_FACE_LEFT",
      "movement_range_x": 1,
      "movement_range_y": 1,
      "trainer_type": "TRAINER_TYPE_NONE",
      "trainer_sight_or_berry_tree_id": "0",
      "script": "SaffronCity_PokemonTrainerFanClub_EventScript_BattleGirl",
      "flag": "0"
    },
    {
      "graphics_id": "OBJ_EVENT_GFX_LITTLE_GIRL",
      "in_connection": false,
      "x": 6,
      "y": 11,
      "elevation": 3,
      "movement_type": "MOVEMENT_TYPE_FACE_DOWN",
      "movement_range_x": 1,
      "movement_range_y": 1,
      "trainer_type": "TRAINER_TYPE_NONE",
      "trainer_sight_or_berry_tree_id": "0",
      "script": "SaffronCity_PokemonTrainerFanClub_EventScript_LittleGirl",
      "flag": "0"
    },
    {
      "graphics_id": "OBJ_EVENT_GFX_YOUNGSTER",
      "in_connection": false,
      "x": 3,
      "y": 13,
      "elevation": 3,
      "movement_type": "MOVEMENT_TYPE_FACE_RIGHT",
      "movement_range_x": 1,
      "movement_range_y": 1,
      "trainer_type": "TRAINER_TYPE_NONE",
      "trainer_sight_or_berry_tree_id": "0",
      "script": "SaffronCity_PokemonTrainerFanClub_EventScript_Youngster",
      "flag": "0"
    },
    {
      "graphics_id": "OBJ_EVENT_GFX_GENTLEMAN",
      "in_connection": false,
      "x": 3,
      "y": 12,
      "elevation": 3,
      "movement_type": "MOVEMENT_TYPE_FACE_RIGHT",
      "movement_range_x": 1,
      "movement_range_y": 1,
      "trainer_type": "TRAINER_TYPE_NONE",
      "trainer_sight_or_berry_tree_id": "0",
      "script": "SaffronCity_PokemonTrainerFanClub_EventScript_Gentleman",
      "flag": "0"
    },
    {
      "graphics_id": "OBJ_EVENT_GFX_WOMAN_3",
      "in_connection": false,
      "x": 9,
      "y": 11,
      "elevation": 3,
      "movement_type": "MOVEMENT_TYPE_FACE_DOWN",
      "movement_range_x": 1,
      "movement_range_y": 1,
      "trainer_type": "TRAINER_TYPE_NONE",
      "trainer_sight_or_berry_tree_id": "0",
      "script": "SaffronCity_PokemonTrainerFanClub_EventScript_Woman",
      "flag": "FLAG_HIDE_SAFFRON_FAN_CLUB_WOMAN"
    },
    {
      "graphics_id": "OBJ_EVENT_GFX_ROCKER",
      "in_connection": false,
      "x": 7,
      "y": 12,
      "elevation": 3,
      "movement_type": "MOVEMENT_TYPE_FACE_LEFT",
      "movement_range_x": 1,
      "movement_range_y": 1,
      "trainer_type": "TRAINER_TYPE_NONE",
      "trainer_sight_or_berry_tree_id": "0",
      "script": "SaffronCity_PokemonTrainerFanClub_EventScript_Rocker",
      "flag": "FLAG_HIDE_SAFFRON_FAN_CLUB_ROCKER"
    },
    {
      "graphics_id": "OBJ_EVENT_GFX_BEAUTY",
      "in_connection": false,
      "x": 9,
      "y": 12,
      "elevation": 3,
      "movement_type": "MOVEMENT_TYPE_FACE_UP",
      "movement_range_x": 1,
      "movement_range_y": 1,
      "trainer_type": "TRAINER_TYPE_NONE",
      "trainer_sight_or_berry_tree_id": "0",
      "script": "SaffronCity_PokemonTrainerFanClub_EventScript_Beauty",
      "flag": "FLAG_HIDE_SAFFRON_FAN_CLUB_BEAUTY"
    },
    {
      "graphics_id": "OBJ_EVENT_GFX_BLACKBELT",
      "in_connection": false,
      "x": 5,
      "y": 11,
      "elevation": 3,
      "movement_type": "MOVEMENT_TYPE_FACE_DOWN",
      "movement_range_x": 1,
      "movement_range_y": 1,
      "trainer_type": "TRAINER_TYPE_NONE",
      "trainer_sight_or_berry_tree_id": "0",
      "script": "SaffronCity_PokemonTrainerFanClub_EventScript_BlackBelt",
      "flag": "FLAG_HIDE_SAFFRON_FAN_CLUB_BLACKBELT"
    },
    {
      "graphics_id": "0",
      "in_connection": false,
      "x": 2,
      "y": 1,
      "elevation": 0,
      "movement_type": "MOVEMENT_TYPE_INVISIBLE",
      "movement_range_x": 1,
      "movement_range_y": 1,
      "trainer_type": "TRAINER_TYPE_NONE",
      "trainer_sight_or_berry_tree_id": "0",
      "script": "SaffronCity_PokemonTrainerFanClub_EventScript_PokemonJournalBruno",
      "flag": "FLAG_HIDE_POSTGAME_GOSSIPERS"
    },
    {
      "graphics_id": "0",
      "in_connection": false,
      "x": 3,
      "y": 1,
      "elevation": 0,
      "movement_type": "MOVEMENT_TYPE_INVISIBLE",
      "movement_range_x": 1,
      "movement_range_y": 1,
      "trainer_type": "TRAINER_TYPE_NONE",
      "trainer_sight_or_berry_tree_id": "0",
      "script": "SaffronCity_PokemonTrainerFanClub_EventScript_PokemonJournalBruno",
      "flag": "FLAG_HIDE_POSTGAME_GOSSIPERS"
    }
  ],
  "warp_events": [
    {
      "x": 5,
      "y": 15,
      "elevation": 3,
      "dest_map": "MAP_SAFFRON_CITY",
      "dest_warp_id": 14
    }
  ],
  "coord_events": [

  ],
  "bg_events": [

  ]
}
