{
  "id": "MAP_ROCK_TUNNEL_1F",
  "name": "RockTunnel_1F",
  "layout": "LAYOUT_ROCK_TUNNEL_1F",
  "music": "MUS_MT_MOON",
  "region_map_section": "MAPSEC_ROCK_TUNNEL",
  "requires_flash": true,
  "weather": "WEATHER_NONE",
  "map_type": "MAP_TYPE_UNDERGROUND",
  "allow_cycling": true,
  "allow_escaping": true,
  "allow_running": true,
  "show_map_name": true,
  "floor_number": 0,
  "battle_scene": "MAP_BATTLE_SCENE_NORMAL",
  "connections": 0,
  "object_events": [
    {
      "type": "object",
      "graphics_id": "OBJ_EVENT_GFX_LASS",
      "x": 22,
      "y": 24,
      "elevation": 3,
      "movement_type": "MOVEMENT_TYPE_FACE_DOWN",
      "movement_range_x": 1,
      "movement_range_y": 1,
      "trainer_type": "TRAINER_TYPE_NORMAL",
      "trainer_sight_or_berry_tree_id": "3",
      "script": "RockTunnel_1F_EventScript_Dana",
      "flag": "0",
      "in_connection": false
    },
    {
      "type": "object",
      "graphics_id": "OBJ_EVENT_GFX_LASS",
      "x": 32,
      "y": 24,
      "elevation": 3,
      "movement_type": "MOVEMENT_TYPE_FACE_RIGHT",
      "movement_range_x": 1,
      "movement_range_y": 1,
      "trainer_type": "TRAINER_TYPE_NORMAL",
      "trainer_sight_or_berry_tree_id": "4",
      "script": "RockTunnel_1F_EventScript_Ariana",
      "flag": "0",
      "in_connection": false
    },
    {
      "type": "object",
      "graphics_id": "OBJ_EVENT_GFX_LASS",
      "x": 37,
      "y": 21,
      "elevation": 3,
      "movement_type": "MOVEMENT_TYPE_FACE_LEFT",
      "movement_range_x": 1,
      "movement_range_y": 1,
      "trainer_type": "TRAINER_TYPE_NORMAL",
      "trainer_sight_or_berry_tree_id": "4",
      "script": "RockTunnel_1F_EventScript_Leah",
      "flag": "0",
      "in_connection": false
    },
    {
      "type": "object",
      "graphics_id": "OBJ_EVENT_GFX_HIKER",
      "x": 17,
      "y": 15,
      "elevation": 3,
      "movement_type": "MOVEMENT_TYPE_FACE_LEFT",
      "movement_range_x": 1,
      "movement_range_y": 1,
      "trainer_type": "TRAINER_TYPE_NORMAL",
      "trainer_sight_or_berry_tree_id": "3",
      "script": "RockTunnel_1F_EventScript_Lucas",
      "flag": "0",
      "in_connection": false
    },
    {
      "type": "object",
      "graphics_id": "OBJ_EVENT_GFX_HIKER",
      "x": 5,
      "y": 16,
      "elevation": 3,
      "movement_type": "MOVEMENT_TYPE_FACE_DOWN",
      "movement_range_x": 1,
      "movement_range_y": 1,
      "trainer_type": "TRAINER_TYPE_NORMAL",
      "trainer_sight_or_berry_tree_id": "3",
      "script": "RockTunnel_1F_EventScript_Oliver",
      "flag": "0",
      "in_connection": false
    },
    {
      "type": "object",
      "graphics_id": "OBJ_EVENT_GFX_HIKER",
      "x": 7,
      "y": 5,
      "elevation": 3,
      "movement_type": "MOVEMENT_TYPE_FACE_DOWN",
      "movement_range_x": 1,
      "movement_range_y": 1,
      "trainer_type": "TRAINER_TYPE_NORMAL",
      "trainer_sight_or_berry_tree_id": "3",
      "script": "RockTunnel_1F_EventScript_Lenny",
      "flag": "0",
      "in_connection": false
    },
    {
      "type": "object",
      "graphics_id": "OBJ_EVENT_GFX_SUPER_NERD",
      "x": 23,
      "y": 8,
      "elevation": 3,
      "movement_type": "MOVEMENT_TYPE_FACE_LEFT",
      "movement_range_x": 1,
      "movement_range_y": 1,
      "trainer_type": "TRAINER_TYPE_NORMAL",
      "trainer_sight_or_berry_tree_id": "3",
      "script": "RockTunnel_1F_EventScript_Ashton",
      "flag": "0",
      "in_connection": false
    }
  ],
  "warp_events": [
    {
      "x": 15,
      "y": 3,
      "elevation": 3,
      "dest_map": "MAP_ROUTE10",
      "dest_warp_id": "0"
    },
    {
      "x": 37,
      "y": 3,
      "elevation": 3,
      "dest_map": "MAP_ROCK_TUNNEL_B1F",
      "dest_warp_id": "0"
    },
    {
      "x": 5,
      "y": 3,
      "elevation": 3,
      "dest_map": "MAP_ROCK_TUNNEL_B1F",
      "dest_warp_id": "1"
    },
    {
      "x": 17,
      "y": 11,
      "elevation": 3,
      "dest_map": "MAP_ROCK_TUNNEL_B1F",
      "dest_warp_id": "2"
    },
    {
      "x": 37,
      "y": 17,
      "elevation": 3,
      "dest_map": "MAP_ROCK_TUNNEL_B1F",
      "dest_warp_id": "3"
    },
    {
      "x": 15,
      "y": 33,
      "elevation": 3,
      "dest_map": "MAP_ROUTE10",
      "dest_warp_id": "1"
    }
  ],
  "coord_events": [

  ],
  "bg_events": [
    {
      "type": "sign",
      "x": 11,
      "y": 29,
      "elevation": 3,
      "player_facing_dir": "BG_EVENT_PLAYER_FACING_ANY",
      "script": "RockTunnel_1F_EventScript_RouteSign"
    }
  ]
}
