{
  "id": "MAP_ROUTE5_SOUTH_ENTRANCE",
  "name": "Route5_SouthEntrance",
  "layout": "LAYOUT_SAFFRON_CITY_NORTH_SOUTH_ENTRANCE",
  "music": "MUS_PEWTER",
  "region_map_section": "MAPSEC_ROUTE_5",
  "requires_flash": false,
  "weather": "WEATHER_NONE",
  "map_type": "MAP_TYPE_INDOOR",
  "allow_cycling": true,
  "allow_escaping": false,
  "allow_running": true,
  "show_map_name": false,
  "floor_number": 0,
  "battle_scene": "MAP_BATTLE_SCENE_NORMAL",
  "connections": 0,
  "object_events": [
    {
      "type": "object",
      "graphics_id": "OBJ_EVENT_GFX_POLICEMAN",
      "x": 1,
      "y": 3,
      "elevation": 3,
      "movement_type": "MOVEMENT_TYPE_FACE_RIGHT",
      "movement_range_x": 1,
      "movement_range_y": 1,
      "trainer_type": "TRAINER_TYPE_NONE",
      "trainer_sight_or_berry_tree_id": "0",
      "script": "Route5_SouthEntrance_EventScript_Guard",
      "flag": "0",
      "in_connection": false
    }
  ],
  "warp_events": [
    {
      "x": 3,
      "y": 5,
      "elevation": 3,
      "dest_map": "MAP_SAFFRON_CITY",
      "dest_warp_id": "10"
    },
    {
      "x": 3,
      "y": 0,
      "elevation": 3,
      "dest_map": "MAP_ROUTE5",
      "dest_warp_id": "2"
    },
    {
      "x": 4,
      "y": 5,
      "elevation": 3,
      "dest_map": "MAP_SAFFRON_CITY",
      "dest_warp_id": "10"
    },
    {
      "x": 4,
      "y": 0,
      "elevation": 0,
      "dest_map": "MAP_ROUTE5",
      "dest_warp_id": "3"
    }
  ],
  "coord_events": [
    {
      "type": "trigger",
      "x": 3,
      "y": 3,
      "elevation": 3,
      "var": "VAR_MAP_SCENE_ROUTE5_ROUTE6_ROUTE7_ROUTE8_GATES",
      "var_value": "0",
      "script": "Route5_SouthEntrance_EventScript_GuardTriggerLeft"
    },
    {
      "type": "trigger",
      "x": 4,
      "y": 3,
      "elevation": 3,
      "var": "VAR_MAP_SCENE_ROUTE5_ROUTE6_ROUTE7_ROUTE8_GATES",
      "var_value": "0",
      "script": "Route5_SouthEntrance_EventScript_GuardTriggerMid"
    },
    {
      "type": "trigger",
      "x": 5,
      "y": 3,
      "elevation": 3,
      "var": "VAR_MAP_SCENE_ROUTE5_ROUTE6_ROUTE7_ROUTE8_GATES",
      "var_value": "0",
      "script": "Route5_SouthEntrance_EventScript_GuardTriggerRight"
    }
  ],
  "bg_events": [

  ]
}
