<?xml version="1.0" encoding="UTF-8"?>
<files>
  <file name="LVLSETUP.INI" source="original">
    <mtime>1712418057</mtime>
    <size>12528</size>
    <md5>e6cbb0d6c1697fb9d0fb47171bf2e31f</md5>
    <crc32>6bf35119</crc32>
    <sha1>645f7b1950d76ed6e6f6016e5dc0fe9d44304a72</sha1>
    <format>Unknown</format>
    <viruscheck>1712418383</viruscheck>
  </file>
  <file name="MH2 Gas Station Rockstar Vienna.png" source="original">
    <mtime>1712418038</mtime>
    <size>888217</size>
    <md5>86ee74d7e23c9663c6c67f48c48adb05</md5>
    <crc32>f25a5b37</crc32>
    <sha1>955821fd03d7b8c7707c8cc6121765b8d552b326</sha1>
    <format>PNG</format>
  </file>
  <file name="PIC1.PNG" source="original">
    <mtime>1712418061</mtime>
    <size>261820</size>
    <md5>e74f3a9bbee7a09e92fa0c06f6937aba</md5>
    <crc32>1279c897</crc32>
    <sha1>607fa93b9a50896e10f46b2cd7450b01ffaf8295</sha1>
    <format>PNG</format>
  </file>
  <file name="PIC1_thumb.jpg" source="derivative">
    <format>JPEG Thumb</format>
    <original>PIC1.PNG</original>
    <mtime>1712418410</mtime>
    <size>9556</size>
    <md5>f0fc819b18bc7f2a792918ee3273cfa1</md5>
    <crc32>54db4c58</crc32>
    <sha1>447c4e6a84f3ffc0e53c98ea20449fb60c86df55</sha1>
  </file>
  <file name="Rockstar Vienna MH2 Gas Station_thumb.jpg" source="derivative">
    <format>JPEG Thumb</format>
    <original>MH2 Gas Station Rockstar Vienna.png</original>
    <mtime>1712418413</mtime>
    <size>6497</size>
    <md5>b752a13196ead76ee943b1998199198a</md5>
    <crc32>13fc88b6</crc32>
    <sha1>57048a92bd08286607cc49ae10e7d7e1e5fd9932</sha1>
  </file>
  <file name="__ia_thumb.jpg" source="original">
    <mtime>1712418430</mtime>
    <size>7383</size>
    <md5>522ee759f6edf49bc370a38d5a6d79a8</md5>
    <crc32>87fba2a3</crc32>
    <sha1>67252fce6155112cb1b16e82753e89e161b903cf</sha1>
    <format>Item Tile</format>
  </file>
  <file name="manhunt-2-psp-0.01-prototype-no-camera-shake_archive.torrent" source="metadata">
    <btih>3d2905b7ab4dd1a5024dd2bf4bd275f1bde713bc</btih>
    <mtime>1712586911</mtime>
    <size>2854</size>
    <md5>aca9819051bcc233d49f192e8f85e1ee</md5>
    <crc32>7bf968b0</crc32>
    <sha1>407ec64635fcbb8c484b3d344e3d6ba8db6d18fd</sha1>
    <format>Archive BitTorrent</format>
  </file>
  <file name="manhunt-2-psp-0.01-prototype-no-camera-shake_files.xml" source="original">
    <format>Metadata</format>
    <md5>5cf7c72402ca2eccaec7893ce94abba6</md5>
    <summation>md5</summation>
  </file>
  <file name="manhunt-2-psp-0.01-prototype-no-camera-shake_meta.sqlite" source="original">
    <mtime>1712418067</mtime>
    <size>40960</size>
    <md5>3543f018a0fca2aa48b617baf0fe1c23</md5>
    <crc32>12dd707b</crc32>
    <sha1>0bbe85046c4168d700a46c2b91af78fbe89bd3cf</sha1>
    <format>Metadata</format>
  </file>
  <file name="manhunt-2-psp-0.01-prototype-no-camera-shake_meta.xml" source="original">
    <mtime>1712586909</mtime>
    <size>2624</size>
    <md5>15a586d792e80d5261f74e424a9115de</md5>
    <crc32>0f9db7e9</crc32>
    <sha1>df8328df0c25b640178c47cfee35f10ca7256cc1</sha1>
    <format>Metadata</format>
  </file>
</files>
