<?xml version="1.0" encoding="UTF-8"?>
<metadata>
  <identifier>manhunt-2-psp-0.01-prototype-no-camera-shake</identifier>
  <mediatype>software</mediatype>
  <collection>open_source_software</collection>
  <creator>Rockstar Vienna</creator>
  <date>2024-04-04</date>
  <description>&lt;div&gt;A small mod of the early Manhunt 2 PSP build that removes the camera shaking during gameplay.&lt;br /&gt;&lt;/div&gt;&lt;div&gt;&lt;br /&gt;&lt;/div&gt;&lt;div&gt;- LVLSETUP.INI - &lt;br /&gt;&lt;/div&gt;&lt;div&gt;&lt;br /&gt;&lt;/div&gt;&lt;div&gt;Use UMDGen to replace the LVLSETUP.INI file in the PSP_GAME/USRDIR/GLOBAL folder with the one I provided.&lt;br /&gt;&lt;/div&gt;&lt;div&gt;&lt;br /&gt;&lt;/div&gt;&lt;div&gt;Now the camera remains stable like it did in Manhunt 1.&lt;br /&gt;&lt;/div&gt;&lt;div&gt;&lt;br /&gt;&lt;/div&gt;&lt;div&gt;- PIC1.PNG -&lt;br /&gt;&lt;/div&gt;&lt;div&gt;&lt;br /&gt;&lt;/div&gt;&lt;div&gt;PIC1.PNG isn't necessary for this to work. I added that so I can easily tell the mod from the original game in the game selection menu.&lt;/div&gt;&lt;div&gt;&lt;br /&gt;&lt;/div&gt;&lt;div&gt;Replace it in the PSP_GAME folder if you want to use it.&lt;br /&gt;&lt;/div&gt;</description>
  <language>eng</language>
  <scanner>Internet Archive HTML5 Uploader 1.7.0</scanner>
  <subject>Manhunt 2</subject>
  <subject>PSP</subject>
  <subject>0.01</subject>
  <subject>Prototype</subject>
  <subject>Alpha</subject>
  <subject>Beta</subject>
  <subject>Early</subject>
  <subject>Build</subject>
  <subject>Proto</subject>
  <subject>Rockstar</subject>
  <subject>Vienna</subject>
  <subject>R*</subject>
  <subject>Playstation Portable</subject>
  <subject>Mod</subject>
  <subject>Edit</subject>
  <subject>Hack</subject>
  <subject>Cheat</subject>
  <subject>INI</subject>
  <subject>LVLSETUP.INI</subject>
  <subject>LVLSETUP</subject>
  <subject>Debug</subject>
  <subject>MH2</subject>
  <subject>Preview</subject>
  <subject>UMD</subject>
  <subject>Disc</subject>
  <subject>Disable</subject>
  <subject>Remove</subject>
  <subject>No</subject>
  <subject>Camera</subject>
  <subject>Cam</subject>
  <subject>Shake</subject>
  <subject>Shaking</subject>
  <subject>Manhunt</subject>
  <subject>2007</subject>
  <subject>2006</subject>
  <title>Manhunt 2 PSP 0.01 Prototype No Camera Shake Mod</title>
  <uploader>plopsie@gmx.net</uploader>
  <publicdate>2024-04-06 15:40:58</publicdate>
  <addeddate>2024-04-06 15:40:58</addeddate>
  <curation>[curator]validator@archive.org[/curator][date]20240406154623[/date][comment]checked for malware[/comment]</curation>
  <year>2024</year>
</metadata>
