<?xml version="1.0" encoding="UTF-8"?>
<files>
  <file name="2009-08-15 Shadowrunner_Fix.zip" source="original">
    <mtime>1698877309</mtime>
    <size>44085</size>
    <md5>0217b920c39677eef2591de5e565d889</md5>
    <crc32>193f7d29</crc32>
    <sha1>0e28a06c2da881567d91d37193c7e81418212564</sha1>
    <format>ZIP</format>
    <filecount>4</filecount>
    <viruscheck>1698877642</viruscheck>
  </file>
  <file name="2010-08-05 runner_equip_fixes.zip" source="original">
    <mtime>1698877312</mtime>
    <size>950</size>
    <md5>de93b75c11f53ab795c660fabd4030af</md5>
    <crc32>da4ee65c</crc32>
    <sha1>3a6a92d94e8200b3759bf4ffa00bd00943839d89</sha1>
    <format>ZIP</format>
    <filecount>5</filecount>
    <viruscheck>1698877642</viruscheck>
  </file>
  <file name="2010-08-11 beta_fixes_010.zip" source="original">
    <mtime>1698877315</mtime>
    <size>931</size>
    <md5>51c751cef76f9e2fb48903ff4ed45d7d</md5>
    <crc32>ccef86f1</crc32>
    <sha1>402dcbec18d3c43c3af07aa3a4f7733f933222c8</sha1>
    <format>ZIP</format>
    <filecount>3</filecount>
    <viruscheck>1698877642</viruscheck>
  </file>
  <file name="2010-08-30 Shadowfix_20100830.zip" source="original">
    <mtime>1698877280</mtime>
    <size>931</size>
    <md5>edbcf812f5a65b21a3d54eeffd863495</md5>
    <crc32>d73083d6</crc32>
    <sha1>ff3cf8b660e8a7315c2886359351ab3c38ee2b98</sha1>
    <format>ZIP</format>
    <filecount>3</filecount>
    <viruscheck>1698877642</viruscheck>
  </file>
  <file name="2010-09-17 Shadowfix_20100916.zip" source="original">
    <mtime>1698877300</mtime>
    <size>808</size>
    <md5>e8cfdecb2ee5f0720943bbbc43ccba68</md5>
    <crc32>5556595e</crc32>
    <sha1>3f3fafe1a828ba6631b461b7d8fc7adbc6d8e297</sha1>
    <format>ZIP</format>
    <filecount>3</filecount>
    <viruscheck>1698877642</viruscheck>
  </file>
  <file name="2012-02-21 unheaderedShadowfix_20120220.zip" source="original">
    <mtime>1698877303</mtime>
    <size>564</size>
    <md5>79f15bad5f86c2e8cf512baff88555ef</md5>
    <crc32>d80fa6c8</crc32>
    <sha1>77d3f2f738470da918d795d422406ee1ed1b9934</sha1>
    <format>ZIP</format>
    <filecount>2</filecount>
    <viruscheck>1698877642</viruscheck>
  </file>
  <file name="2013-10-06 BetaShadowfix20131005.zip" source="original">
    <mtime>1698877306</mtime>
    <size>630</size>
    <md5>ff4c6db94e4d57176cad16a61509f913</md5>
    <crc32>a2c25e32</crc32>
    <sha1>8b2bf1be4ad8b38ce52614bfe48f8c9eb412ef78</sha1>
    <format>ZIP</format>
    <filecount>2</filecount>
    <viruscheck>1698877642</viruscheck>
  </file>
  <file name="dragoon-zero-shadowrun-snes_archive.torrent" source="metadata">
    <btih>bbfce66eb6c0ac7a15104d68b7a5aa6af188cdf2</btih>
    <mtime>1698897708</mtime>
    <size>2918</size>
    <md5>1c2671e0105a2a45e8884bb9cf3184df</md5>
    <crc32>b5f4cc97</crc32>
    <sha1>b4cd00bc61db04838e705e77d74d64585822c883</sha1>
    <format>Archive BitTorrent</format>
  </file>
  <file name="dragoon-zero-shadowrun-snes_files.xml" source="original">
    <format>Metadata</format>
    <md5>329dba3b421301dbc429a8616e20a5a1</md5>
    <summation>md5</summation>
  </file>
  <file name="dragoon-zero-shadowrun-snes_meta.sqlite" source="original">
    <mtime>1698877320</mtime>
    <size>102400</size>
    <md5>7b5dce2a906de95b796d02fb4147f6a2</md5>
    <crc32>80fce7f3</crc32>
    <sha1>046d8cfc570e68337354f317b70c48e9cdad6bc2</sha1>
    <format>Metadata</format>
  </file>
  <file name="dragoon-zero-shadowrun-snes_meta.xml" source="original">
    <mtime>1698897706</mtime>
    <size>7463</size>
    <md5>e7ffa832f5c1c229b686656890fcf476</md5>
    <crc32>0c7940ad</crc32>
    <sha1>3828067aa216e4835259270858dfc22dbfcb33fe</sha1>
    <format>Metadata</format>
  </file>
</files>
