<?xml version="1.0" encoding="UTF-8"?>
<metadata>
  <identifier>dragoon-zero-shadowrun-snes</identifier>
  <mediatype>data</mediatype>
  <collection>opensource_media</collection>
  <creator>Dragoon Zero</creator>
  <date>2009-08-15</date>
  <description>&lt;div&gt;One of the few Shadowrun SNES hacks that I've ever found that appears to be offline. Uploaded here for posterity. Created by Dragoon Zero on the GameFAQs forums.&lt;/div&gt;&lt;div&gt;&lt;br /&gt;&lt;/div&gt;&lt;div&gt;The following description is taken from a forum post that was also attempting to archive these IPS files. Links within the description are already broken, but reference the original website they were hosted on.&lt;br /&gt;&lt;/div&gt;&lt;p&gt;&lt;/p&gt;&lt;hr /&gt;&lt;div&gt;&lt;center&gt;&lt;a href="https://upload.wikimedia.org/wikipedia/en/a/a2/Shadowrun_SNES_cover.png" rel="nofollow"&gt;&lt;img alt="File:Shadowrun SNES cover.png" src="//web.archive.org/web/2im_/https://upload.wikimedia.org/wikipedia/en/a/a2/Shadowrun_SNES_cover.png?20191119000916" width="373" height="268" /&gt;&lt;/a&gt;&lt;/center&gt;&lt;/div&gt;&lt;div&gt;&lt;br /&gt;&lt;/div&gt;&lt;div&gt;First of all, these hacks can be split into two versions: ones for the 
retail North American release (known in some circles as the "Morgue 
Guys" version) and the english Beta ROM that predates it in production 
(known as the "Chop Shop" version, which had some dialogue differences).
 As some players prefer to play the Beta due to the "saltier" language 
these will be included as well.&lt;br /&gt;
&lt;br /&gt;
&lt;br /&gt;
&lt;b&gt;*NA RETAIL*&lt;/b&gt; &lt;a href="http://www.frontiernet.net/~gt_dragoon/Shadowrun/SNES/Shadowrunner_Fix.zip" class="link link--external" rel="nofollow"&gt;Shadowrunner_fix.zip&lt;/a&gt;
 - according to the timestamps, the first patch made by Dragoon ZERO. 
Meant for the retail version. There's a readme included that tells you 
the specifics, but basically it fixes certain parameters on 
Shadowrunners that don't hold true to the rest of the game: namely, 
stuff like their default weapon/armor giving values higher or lower than
 they're supposed to. Also affects gun sounds so they match the weapon 
being used correctly. Nothing too big here.&lt;br /&gt;
&lt;br /&gt;
&lt;b&gt;*NA RETAIL/BETA*&lt;/b&gt; &lt;a href="http://www.frontiernet.net/~gt_dragoon/Shadowrun/SNES/runner_equip_fixes.zip" class="link link--external" rel="nofollow"&gt;runner_equip_fixes.zip&lt;/a&gt;
 - Contains patches for both retail and beta versions, with or without 
headers. Fixes a bug where Shadowrunners you hire can be made unable to 
attack if given a new weapon to equip and then unequipped/retrieved. 
Normally, the Shadowrunner would default back to their old weapon but 
the process was bugged and resulted in no weapon being equipped.&lt;br /&gt;
&lt;br /&gt;
&lt;b&gt;*BETA*&lt;/b&gt; &lt;a href="http://www.frontiernet.net/~gt_dragoon/Shadowrun/SNES/beta_fixes_010.zip" class="link link--external" rel="nofollow"&gt;beta_fixes_010.zip&lt;/a&gt;
 - patch for the beta version that includes the same fixes as the 
runner_equip_fixes hack above, and also fixes a few other things:&lt;br /&gt;
- re-initializes the sale of the Bulletproof Vest armor that would 
normally be found in the weapon shop next to the Dark Blade mansion in 
the game's third area: during normal play, this item never goes up for 
sale and thus can never be bought, despite teasing the player of its 
existence. Now it can be found as soon as you can access the shop. 
Apparently requires a weapon to be equipped for it to work.&lt;br /&gt;
- Caps "Firearm" stat growth to 6. The Firearm stat affects weapon 
accuracy and, during normal play, can be upgraded all the way up to 
level 16 though it stops having an effect at level 6 or 7. As some of 
the other working in-game stats also cap at 6, this fix does as well to 
stay consistent and to save players from wasting Karma points on 
further, ultimately useless upgrades.&lt;br /&gt;
&lt;br /&gt;
&lt;b&gt;*NA RETAIL*&lt;/b&gt; &lt;a href="http://www.frontiernet.net/~gt_dragoon/Shadowrun/SNES/Shadowfix_20100830.zip" class="link link--external" rel="nofollow"&gt;Shadowrunfix_20100830.zip&lt;/a&gt;
 - basically the same as beta_fixes_010 but for the NA retail ROM. The 
Bulletproof Vest no longer requires a weapon to be equipped to work.&lt;br /&gt;
&lt;br /&gt;
&lt;b&gt;*NA RETAIL*&lt;/b&gt; &lt;a href="http://www.frontiernet.net/~gt_dragoon/Shadowrun/SNES/Shadowfix_20100916.zip" class="link link--external" rel="nofollow"&gt;Shadowrun_20100916.zip&lt;/a&gt;
 - same as the previous NA retail hack but also forces the "Head 
Computer" keyword into your word list. I believe this was done to avoid a
 rare progress bug that occurs when talking to the Street Doc character 
in Area 2 (Old Town): it's possible to lose the ability to progress the 
game's story when visiting this street doc but I've never run into this 
bug myself so I'm not sure how it's replicated.&lt;br /&gt;
&lt;br /&gt;
&lt;b&gt;*NA RETAIL*&lt;/b&gt; &lt;a href="http://www.frontiernet.net/~gt_dragoon/Shadowrun/SNES/unheaderedShadowfix_20120220.ips" class="link link--external" rel="nofollow"&gt;unheaderedShadowfix_20120220.ips&lt;/a&gt;
 - just an IPS file. No version exists for a headered NA rom . Fixes a 
magic casting bug introduced in the Shadowrunfix_20100916 patch. Can be 
applied over on top of the old patch or on a clean file.&lt;br /&gt;
&lt;br /&gt;
&lt;b&gt;*BETA*&lt;/b&gt; &lt;a href="http://www.frontiernet.net/~gt_dragoon/Shadowrun/SNES/BetaShadowfix20131005.ips" class="link link--external" rel="nofollow"&gt;BetaShadowfix20131005.ips&lt;/a&gt; - Dragoon ZERO's last Shadowrun SNES patch, applies some of the fixes from the previous retail hacks to the beta ROM:&lt;br /&gt;
- &lt;s&gt;enables Bulletproof Vest at the Dark Blade shop&lt;/s&gt; *playtested, this fix isn't quite fixed*&lt;br /&gt;
- caps Firearm skill at 6&lt;br /&gt;
- fixes 'default equipment' bug&lt;br /&gt;
By all accounts, it seems to accomplish the same thing as the last beta 
patch (beta_fixes_010) but, according to Dragoon ZERO, this patch was 
made from scratch since they couldn't recall what they did in the 
previous patches. I think it might also include the retail version's 
"Head Computer" fix but I can't be sure until I test it.&lt;br /&gt;
&lt;br /&gt;
&lt;br /&gt;
Unfortunately the patches stop there, which is a shame because there are
 quite a number of things that can be changed/altered to improve the 
base game immensely. As it turned out, after the North American retail 
release the game saw new revisions in other territories and some of the 
bugs were fixed in those versions: It's confirmed that the Bulletproof 
Vest bug is fixed in the Japanese and Swedish versions of Shadowrun, as 
well as the "infinite nuyen" exploit.&lt;/div&gt;</description>
  <language>eng</language>
  <scanner>Internet Archive HTML5 Uploader 1.7.0</scanner>
  <subject>shadowrun</subject>
  <subject>snes</subject>
  <subject>hack</subject>
  <subject>mod</subject>
  <subject>ips</subject>
  <subject>fix</subject>
  <title>Dragoon ZERO Shadowrun SNES Rom Fixes</title>
  <uploader>colbymabile@gmail.com</uploader>
  <publicdate>2023-11-01 22:21:39</publicdate>
  <addeddate>2023-11-01 22:21:39</addeddate>
  <curation>[curator]validator@archive.org[/curator][date]20231101222722[/date][comment]checked for malware[/comment]</curation>
  <year>2009</year>
</metadata>
