{
  "id": "MAP_SEAFLOOR_CAVERN_ROOM5",
  "name": "SeafloorCavern_Room5",
  "layout": "LAYOUT_SEAFLOOR_CAVERN_ROOM5",
  "music": "MUS_MT_CHIMNEY",
  "region_map_section": "MAPSEC_SEAFLOOR_CAVERN",
  "requires_flash": false,
  "weather": "WEATHER_NONE",
  "map_type": "MAP_TYPE_UNDERGROUND",
  "allow_cycling": true,
  "allow_escaping": true,
  "allow_running": true,
  "show_map_name": true,
  "battle_scene": "MAP_BATTLE_SCENE_NORMAL",
  "connections": 0,
  "object_events": [
    {
      "graphics_id": "OBJ_EVENT_GFX_PUSHABLE_BOULDER",
      "x": 3,
      "y": 11,
      "elevation": 3,
      "movement_type": "MOVEMENT_TYPE_LOOK_AROUND",
      "movement_range_x": 0,
      "movement_range_y": 0,
      "trainer_type": "TRAINER_TYPE_NONE",
      "trainer_sight_or_berry_tree_id": "0",
      "script": "EventScript_StrengthBoulder",
      "flag": "FLAG_TEMP_11"
    },
    {
      "graphics_id": "OBJ_EVENT_GFX_PUSHABLE_BOULDER",
      "x": 4,
      "y": 11,
      "elevation": 3,
      "movement_type": "MOVEMENT_TYPE_LOOK_AROUND",
      "movement_range_x": 0,
      "movement_range_y": 0,
      "trainer_type": "TRAINER_TYPE_NONE",
      "trainer_sight_or_berry_tree_id": "0",
      "script": "EventScript_StrengthBoulder",
      "flag": "FLAG_TEMP_12"
    },
    {
      "graphics_id": "OBJ_EVENT_GFX_PUSHABLE_BOULDER",
      "x": 11,
      "y": 7,
      "elevation": 3,
      "movement_type": "MOVEMENT_TYPE_LOOK_AROUND",
      "movement_range_x": 0,
      "movement_range_y": 0,
      "trainer_type": "TRAINER_TYPE_NONE",
      "trainer_sight_or_berry_tree_id": "0",
      "script": "EventScript_StrengthBoulder",
      "flag": "FLAG_TEMP_13"
    },
    {
      "graphics_id": "OBJ_EVENT_GFX_BREAKABLE_ROCK",
      "x": 3,
      "y": 13,
      "elevation": 3,
      "movement_type": "MOVEMENT_TYPE_LOOK_AROUND",
      "movement_range_x": 0,
      "movement_range_y": 0,
      "trainer_type": "TRAINER_TYPE_NONE",
      "trainer_sight_or_berry_tree_id": "0",
      "script": "EventScript_RockSmash",
      "flag": "FLAG_HIDE_SEAFLOOR_CAVERN_ROCK_4"
    },
    {
      "graphics_id": "OBJ_EVENT_GFX_BREAKABLE_ROCK",
      "x": 13,
      "y": 8,
      "elevation": 3,
      "movement_type": "MOVEMENT_TYPE_LOOK_AROUND",
      "movement_range_x": 0,
      "movement_range_y": 0,
      "trainer_type": "TRAINER_TYPE_NONE",
      "trainer_sight_or_berry_tree_id": "0",
      "script": "EventScript_RockSmash",
      "flag": "FLAG_HIDE_SEAFLOOR_CAVERN_ROCK_5"
    },
    {
      "graphics_id": "OBJ_EVENT_GFX_PUSHABLE_BOULDER",
      "x": 12,
      "y": 8,
      "elevation": 3,
      "movement_type": "MOVEMENT_TYPE_LOOK_AROUND",
      "movement_range_x": 0,
      "movement_range_y": 0,
      "trainer_type": "TRAINER_TYPE_NONE",
      "trainer_sight_or_berry_tree_id": "0",
      "script": "EventScript_StrengthBoulder",
      "flag": "FLAG_TEMP_14"
    }
  ],
  "warp_events": [
    {
      "x": 4,
      "y": 1,
      "elevation": 3,
      "dest_map": "MAP_SEAFLOOR_CAVERN_ROOM1",
      "dest_warp_id": "1"
    },
    {
      "x": 15,
      "y": 12,
      "elevation": 3,
      "dest_map": "MAP_SEAFLOOR_CAVERN_ROOM4",
      "dest_warp_id": "1"
    },
    {
      "x": 7,
      "y": 17,
      "elevation": 3,
      "dest_map": "MAP_SEAFLOOR_CAVERN_ROOM4",
      "dest_warp_id": "2"
    }
  ],
  "coord_events": [
    {
      "type": "trigger",
      "x": 3,
      "y": 10,
      "elevation": 3,
      "var": "VAR_SEAFLOORCAVERN_ROOM5_BOULDERS_STATE",
      "var_value": "0",
      "script": "SeafloorCavern_Room5_EventScript_BoulderTrigger1"
    },
    {
      "type": "trigger",
      "x": 4,
      "y": 13,
      "elevation": 3,
      "var": "VAR_SEAFLOORCAVERN_ROOM5_BOULDERS_STATE",
      "var_value": "0",
      "script": "SeafloorCavern_Room5_EventScript_BoulderTrigger2"
    },
    {
      "type": "trigger",
      "x": 12,
      "y": 9,
      "elevation": 3,
      "var": "VAR_SEAFLOORCAVERN_ROOM5_BOULDERS_STATE",
      "var_value": "0",
      "script": "SeafloorCavern_Room5_EventScript_BoulderTrigger3"
    },
    {
      "type": "trigger",
      "x": 13,
      "y": 7,
      "elevation": 3,
      "var": "VAR_SEAFLOORCAVERN_ROOM5_BOULDERS_STATE",
      "var_value": "0",
      "script": "SeafloorCavern_Room5_EventScript_BoulderTrigger4"
    }
  ],
  "bg_events": [

  ]
}
