{
  "Enemy": {
    "Health": {
      "Offset": "0x04",
      "Length": 2,
      "RawHex": false
    },
    "Damage": {
      "Offset": "0x06",
      "Length": 2,
      "RawHex": false
    },
    "DamageType": {
      "Offset": "0x08",
      "Length": 2,
      "RawHex": true
    },
    "Defense": {
      "Offset": "0x0A",
      "Length": 2,
      "RawHex": false
    },
    "Surface": {
      "Offset": "0x0C",
      "Length": 2,
      "RawHex": true
    },
    "Weak": {
      "Offset": "0x0E",
      "Length": 2,
      "RawHex": true
    },
    "Strong": {
      "Offset": "0x10",
      "Length": 2,
      "RawHex": true
    },
    "Immune": {
      "Offset": "0x12",
      "Length": 2,
      "RawHex": true
    },
    "Absorb": {
      "Offset": "0x14",
      "Length": 2,
      "RawHex": true
    },
    "Level": {
      "Offset": "0x16",
      "Length": 2,
      "RawHex": false
    },
    "Experience": {
      "Offset": "0x18",
      "Length": 2,
      "RawHex": false
    },
    "Drop1": {
      "Offset": "0x1A",
      "Length": 2,
      "RawHex": true
    },
    "Drop2": {
      "Offset": "0x1C",
      "Length": 2,
      "RawHex": true
    }
  },
  "Equipment": {
    "Attack": {
      "Offset": "0x08",
      "Length": 2,
      "RawHex": false
    },
    "Defense": {
      "Offset": "0x0A",
      "Length": 2,
      "RawHex": false
    },
    "Strength": {
      "Offset": "0x0C",
      "Length": 1,
      "RawHex": false
    },
    "Constitution": {
      "Offset": "0x0D",
      "Length": 1,
      "RawHex": false
    },
    "Intelligence": {
      "Offset": "0x0E",
      "Length": 1,
      "RawHex": false
    },
    "Luck": {
      "Offset": "0x0F",
      "Length": 1,
      "RawHex": false
    },
    "Weak": {
      "Offset": "0x10",
      "Length": 2,
      "RawHex": true
    },
    "Strong": {
      "Offset": "0x12",
      "Length": 2,
      "RawHex": true
    },
    "Immune": {
      "Offset": "0x14",
      "Length": 2,
      "RawHex": true
    },
    "Absorb": {
      "Offset": "0x16",
      "Length": 2,
      "RawHex": true
    }
  },
  "HandItem": {
    "Attack": {
      "Offset": "0x08",
      "Length": 2,
      "RawHex": false
    },
    "Defense": {
      "Offset": "0x0A",
      "Length": 2,
      "RawHex": false
    },
    "Element": {
      "Offset": "0x0C",
      "Length": 2,
      "RawHex": true
    },
    "Sprite": {
      "Offset": "0x0F",
      "Length": 1,
      "RawHex": true
    },
    "Special": {
      "Offset": "0x18",
      "Length": 1,
      "RawHex": true
    },
    "Cooldown": {
      "Offset": "0x1A",
      "Length": 2,
      "RawHex": false
    },
    "Spell": {
      "Offset": "0x1C",
      "Length": 2,
      "RawHex": true
    },
    "ManaCost": {
      "Offset": "0x24",
      "Length": 2,
      "RawHex": false
    },
    "StunFrames": {
      "Offset": "0x26",
      "Length": 2,
      "RawHex": false
    },
    "Range": {
      "Offset": "0x28",
      "Length": 2,
      "RawHex": false
    },
    "Extra": {
      "Offset": "0x2A",
      "Length": 1,
      "RawHex": true
    }
  },
  "Spell": {
    "ManaCost": {
      "Offset": "0x0C",
      "Length": 1,
      "RawHex": false
    },
    "Cooldown": {
      "Offset": "0x0D",
      "Length": 1,
      "RawHex": false
    },
    "StunFrames": {
      "Offset": "0x0E",
      "Length": 2,
      "RawHex": false
    },
    "Extra": {
      "Offset": "0x12",
      "Length": 1,
      "RawHex": true
    },
    "Element": {
      "Offset": "0x16",
      "Length": 2,
      "RawHex": true
    },
    "Attack": {
      "Offset": "0x18",
      "Length": 2,
      "RawHex": false
    }
  }
}