{
  "id": "MAP_ROUTE22",
  "name": "Route22",
  "layout": "LAYOUT_ROUTE22",
  "music": "MUS_ROUTE3",
  "region_map_section": "MAPSEC_ROUTE_22",
  "requires_flash": false,
  "weather": "WEATHER_SUNNY",
  "map_type": "MAP_TYPE_ROUTE",
  "allow_cycling": true,
  "allow_escaping": false,
  "allow_running": true,
  "show_map_name": false,
  "floor_number": 0,
  "battle_scene": "MAP_BATTLE_SCENE_NORMAL",
  "connections": [
    {
      "map": "MAP_ROUTE23",
      "offset": 0,
      "direction": "up"
    },
    {
      "map": "MAP_VIRIDIAN_CITY",
      "offset": 0,
      "direction": "right"
    }
  ],
  "object_events": [
    {
      "type": "object",
      "graphics_id": "OBJ_EVENT_GFX_BLUE",
      "x": 27,
      "y": 13,
      "elevation": 3,
      "movement_type": "MOVEMENT_TYPE_FACE_RIGHT",
      "movement_range_x": 1,
      "movement_range_y": 1,
      "trainer_type": "TRAINER_TYPE_NONE",
      "trainer_sight_or_berry_tree_id": "0",
      "script": "0x0",
      "flag": "FLAG_HIDE_ROUTE_22_RIVAL",
      "in_connection": false
    },
    {
      "type": "clone",
      "graphics_id": "OBJ_EVENT_GFX_CUT_TREE",
      "x": 52,
      "y": 22,
      "target_local_id": 2,
      "target_map": "MAP_VIRIDIAN_CITY"
    }
  ],
  "warp_events": [
    {
      "x": 13,
      "y": 13,
      "elevation": 0,
      "dest_map": "MAP_ROUTE22_NORTH_ENTRANCE",
      "dest_warp_id": "1"
    }
  ],
  "coord_events": [
    {
      "type": "trigger",
      "x": 34,
      "y": 12,
      "elevation": 3,
      "var": "VAR_MAP_SCENE_ROUTE22",
      "var_value": "1",
      "script": "Route22_EventScript_EarlyRivalTriggerTop"
    },
    {
      "type": "trigger",
      "x": 34,
      "y": 13,
      "elevation": 0,
      "var": "VAR_MAP_SCENE_ROUTE22",
      "var_value": "1",
      "script": "Route22_EventScript_EarlyRivalTriggerBottom"
    },
    {
      "type": "trigger",
      "x": 34,
      "y": 12,
      "elevation": 3,
      "var": "VAR_MAP_SCENE_ROUTE22",
      "var_value": "3",
      "script": "Route22_EventScript_LateRivalTriggerTop"
    },
    {
      "type": "trigger",
      "x": 34,
      "y": 13,
      "elevation": 0,
      "var": "VAR_MAP_SCENE_ROUTE22",
      "var_value": "3",
      "script": "Route22_EventScript_LateRivalTriggerBottom"
    }
  ],
  "bg_events": [
    {
      "type": "sign",
      "x": 12,
      "y": 19,
      "elevation": 0,
      "player_facing_dir": "BG_EVENT_PLAYER_FACING_ANY",
      "script": "Route22_EventScript_LeagueGateSign"
    }
  ]
}
