{
  "id": "MAP_ROUTE21_SOUTH",
  "name": "Route21_South",
  "layout": "LAYOUT_ROUTE21_SOUTH",
  "music": "MUS_ROUTE3",
  "region_map_section": "MAPSEC_ROUTE_21",
  "requires_flash": false,
  "weather": "WEATHER_SUNNY",
  "map_type": "MAP_TYPE_ROUTE",
  "allow_cycling": true,
  "allow_escaping": false,
  "allow_running": true,
  "show_map_name": false,
  "floor_number": 0,
  "battle_scene": "MAP_BATTLE_SCENE_NORMAL",
  "connections": 0,
  "object_events": [

  ],
  "warp_events": [

  ],
  "coord_events": [

  ],
  "bg_events": [

  ]
}
