{
  "id": "MAP_SAFFRON_CITY_COPYCATS_HOUSE_2F",
  "name": "SaffronCity_CopycatsHouse_2F",
  "layout": "LAYOUT_SAFFRON_CITY_COPYCATS_HOUSE_2F",
  "music": "MUS_PEWTER",
  "region_map_section": "MAPSEC_SAFFRON_CITY",
  "requires_flash": false,
  "weather": "WEATHER_NONE",
  "map_type": "MAP_TYPE_INDOOR",
  "allow_cycling": false,
  "allow_escaping": false,
  "allow_running": false,
  "show_map_name": false,
  "floor_number": 0,
  "battle_scene": "MAP_BATTLE_SCENE_NORMAL",
  "connections": 0,
  "object_events": [
    {
      "type": "object",
      "graphics_id": "OBJ_EVENT_GFX_WOMAN_2",
      "x": 4,
      "y": 3,
      "elevation": 3,
      "movement_type": "MOVEMENT_TYPE_WANDER_AROUND",
      "movement_range_x": 1,
      "movement_range_y": 1,
      "trainer_type": "TRAINER_TYPE_NONE",
      "trainer_sight_or_berry_tree_id": "0",
      "script": "SaffronCity_CopycatsHouse_2F_EventScript_Copycat",
      "flag": "0"
    },
    {
      "type": "object",
      "graphics_id": "OBJ_EVENT_GFX_JIGGLYPUFF",
      "x": 5,
      "y": 1,
      "elevation": 3,
      "movement_type": "MOVEMENT_TYPE_FACE_DOWN",
      "movement_range_x": 1,
      "movement_range_y": 1,
      "trainer_type": "TRAINER_TYPE_NONE",
      "trainer_sight_or_berry_tree_id": "0",
      "script": "SaffronCity_CopycatsHouse_2F_EventScript_Doll",
      "flag": "0"
    },
    {
      "type": "object",
      "graphics_id": "OBJ_EVENT_GFX_CLEFAIRY",
      "x": 1,
      "y": 6,
      "elevation": 3,
      "movement_type": "MOVEMENT_TYPE_FACE_DOWN",
      "movement_range_x": 1,
      "movement_range_y": 1,
      "trainer_type": "TRAINER_TYPE_NONE",
      "trainer_sight_or_berry_tree_id": "0",
      "script": "SaffronCity_CopycatsHouse_2F_EventScript_Doll",
      "flag": "0"
    },
    {
      "type": "object",
      "graphics_id": "OBJ_EVENT_GFX_PIDGEY",
      "x": 4,
      "y": 6,
      "elevation": 3,
      "movement_type": "MOVEMENT_TYPE_WANDER_AROUND",
      "movement_range_x": 1,
      "movement_range_y": 1,
      "trainer_type": "TRAINER_TYPE_NONE",
      "trainer_sight_or_berry_tree_id": "0",
      "script": "SaffronCity_CopycatsHouse_2F_EventScript_Doduo",
      "flag": "0"
    },
    {
      "type": "object",
      "graphics_id": "OBJ_EVENT_GFX_PIDGEY",
      "x": 2,
      "y": 0,
      "elevation": 3,
      "movement_type": "MOVEMENT_TYPE_FACE_DOWN",
      "movement_range_x": 1,
      "movement_range_y": 1,
      "trainer_type": "TRAINER_TYPE_NONE",
      "trainer_sight_or_berry_tree_id": "0",
      "script": "SaffronCity_CopycatsHouse_2F_EventScript_Doll",
      "flag": "0"
    }
  ],
  "warp_events": [
    {
      "x": 7,
      "y": 1,
      "elevation": 3,
      "dest_map": "MAP_SAFFRON_CITY_COPYCATS_HOUSE_1F",
      "dest_warp_id": "2"
    }
  ],
  "coord_events": [

  ],
  "bg_events": [
    {
      "type": "sign",
      "x": 0,
      "y": 1,
      "elevation": 0,
      "player_facing_dir": "BG_EVENT_PLAYER_FACING_ANY",
      "script": "SaffronCity_CopycatsHouse_2F_EventScript_Computer"
    },
    {
      "type": "sign",
      "x": 3,
      "y": 5,
      "elevation": 0,
      "player_facing_dir": "BG_EVENT_PLAYER_FACING_ANY",
      "script": "SaffronCity_CopycatsHouse_2F_EventScript_Game"
    },
    {
      "type": "hidden_item",
      "x": 1,
      "y": 1,
      "elevation": 0,
      "item": "ITEM_NUGGET",
      "flag": "FLAG_HIDDEN_ITEM_SAFFRON_CITY_COPYCATS_HOUSE_2F_NUGGET",
      "quantity": 1,
      "underfoot": false
    }
  ]
}
