{
  "id": "MAP_CERULEAN_CAVE_B1F",
  "name": "CeruleanCave_B1F",
  "layout": "LAYOUT_CERULEAN_CAVE_B1F",
  "music": "MUS_ROCKET_HIDEOUT",
  "region_map_section": "MAPSEC_CERULEAN_CAVE",
  "requires_flash": false,
  "weather": "WEATHER_NONE",
  "map_type": "MAP_TYPE_UNDERGROUND",
  "allow_cycling": true,
  "allow_escaping": true,
  "allow_running": true,
  "show_map_name": true,
  "floor_number": 0,
  "battle_scene": "MAP_BATTLE_SCENE_NORMAL",
  "connections": 0,
  "object_events": [
    {
      "type": "object",
      "graphics_id": "OBJ_EVENT_GFX_ITEM_BALL",
      "x": 16,
      "y": 9,
      "elevation": 4,
      "movement_type": "MOVEMENT_TYPE_FACE_DOWN",
      "movement_range_x": 1,
      "movement_range_y": 1,
      "trainer_type": "TRAINER_TYPE_NONE",
      "trainer_sight_or_berry_tree_id": "0",
      "script": "CeruleanCave_B1F_EventScript_ItemUltraBall",
      "flag": "FLAG_HIDE_CERULEAN_CAVE_B1F_ULTRA_BALL",
      "in_connection": false
    },
    {
      "type": "object",
      "graphics_id": "OBJ_EVENT_GFX_ITEM_BALL",
      "x": 18,
      "y": 1,
      "elevation": 3,
      "movement_type": "MOVEMENT_TYPE_FACE_DOWN",
      "movement_range_x": 1,
      "movement_range_y": 1,
      "trainer_type": "TRAINER_TYPE_NONE",
      "trainer_sight_or_berry_tree_id": "0",
      "script": "CeruleanCave_B1F_EventScript_ItemMaxRevive",
      "flag": "FLAG_HIDE_CERULEAN_CAVE_B1F_MAX_REVIVE",
      "in_connection": false
    },
    {
      "type": "object",
      "graphics_id": "OBJ_EVENT_GFX_MEWTWO",
      "x": 27,
      "y": 13,
      "elevation": 3,
      "movement_type": "MOVEMENT_TYPE_FACE_DOWN",
      "movement_range_x": 1,
      "movement_range_y": 1,
      "trainer_type": "TRAINER_TYPE_NONE",
      "trainer_sight_or_berry_tree_id": "0",
      "script": "CeruleanCave_B1F_EventScript_Mewtwo",
      "flag": "FLAG_HIDE_MEWTWO",
      "in_connection": false
    }
  ],
  "warp_events": [
    {
      "x": 3,
      "y": 6,
      "elevation": 3,
      "dest_map": "MAP_CERULEAN_CAVE_1F",
      "dest_warp_id": "2"
    }
  ],
  "coord_events": [

  ],
  "bg_events": [
    {
      "type": "hidden_item",
      "x": 27,
      "y": 3,
      "elevation": 3,
      "item": "ITEM_ULTRA_BALL",
      "flag": "FLAG_HIDDEN_ITEM_CERULEAN_CAVE_B1F_ULTRA_BALL",
      "quantity": 1,
      "underfoot": false
    }
  ]
}
