<?xml version="1.0" encoding="UTF-8"?>
<files>
  <file name="Drama Emblem Act 1/Drama Emblem and the Marshmallow of Mystery - Cartoon Portraits v0.1.1.ups" source="original">
    <mtime>1704145610</mtime>
    <size>8595584</size>
    <md5>87592dcca57c11dfbbcaaf04058c1c38</md5>
    <crc32>2144df1c</crc32>
    <sha1>9897346a33e9e5b71a60b0a07e5c73f3f9fb1156</sha1>
    <format>Unknown</format>
    <viruscheck>1704145970</viruscheck>
  </file>
  <file name="Drama Emblem Act 1/Recruitment Guide.txt" source="original">
    <mtime>1704145627</mtime>
    <size>1567</size>
    <md5>37854d6d49406eaae1d9dcbc64398cb9</md5>
    <crc32>44dd589b</crc32>
    <sha1>fba3ee2142577b4bd1b62df89199280342759869</sha1>
    <format>Text</format>
    <viruscheck>1704145970</viruscheck>
  </file>
  <file name="drama-emblem-and-the-marshmallow-of-mystery-cartoon-portraits-v-0.1.1_archive.torrent" source="metadata">
    <btih>1f2189829d5ae7f3661a24086be59916cf871f7b</btih>
    <mtime>1704145973</mtime>
    <size>2758</size>
    <md5>2a94575c0111ce7f5440d76ce8e83804</md5>
    <crc32>34f9fd1e</crc32>
    <sha1>38ce705e9044c12e64beab365cd6105e81235ad5</sha1>
    <format>Archive BitTorrent</format>
  </file>
  <file name="drama-emblem-and-the-marshmallow-of-mystery-cartoon-portraits-v-0.1.1_files.xml" source="original">
    <format>Metadata</format>
    <md5>dce77dcff3a55b48941435cda628534f</md5>
    <summation>md5</summation>
  </file>
  <file name="drama-emblem-and-the-marshmallow-of-mystery-cartoon-portraits-v-0.1.1_meta.sqlite" source="original">
    <mtime>1704145637</mtime>
    <size>61440</size>
    <md5>8b93f25c057e8aa0dc7b675923a7f2f7</md5>
    <crc32>0514fe7b</crc32>
    <sha1>fc6da81269db8f4879b17aebc72863849d5ab7a3</sha1>
    <format>Metadata</format>
  </file>
  <file name="drama-emblem-and-the-marshmallow-of-mystery-cartoon-portraits-v-0.1.1_meta.xml" source="original">
    <mtime>1704145971</mtime>
    <size>9000</size>
    <md5>289fc705be8e793da5057d0c473194c7</md5>
    <crc32>859baedf</crc32>
    <sha1>a6c6e02e090a9848c0ddd22afd1393a4f7866d9b</sha1>
    <format>Metadata</format>
  </file>
</files>
