<?xml version="1.0" encoding="UTF-8"?>
<metadata>
  <identifier>drama-emblem-and-the-marshmallow-of-mystery-cartoon-portraits-v-0.1.1</identifier>
  <mediatype>software</mediatype>
  <collection>open_source_software</collection>
  <creator>MakeFEGayer</creator>
  <date>2023-12</date>
  <description>&lt;div&gt;Drama Emblem Title Screen&lt;/div&gt;&lt;div&gt;The crossover nobody asked for, but everyone needs… Drama Emblem and the Marshmallow of Mystery!&lt;/div&gt;&lt;div&gt;An original hack of FE8 featuring the cast of the Canadian cartoon series Total Drama Island. Set in the generic fantasy realm of Wawanakwa, join a cast of relatively one dimensional but iconic teenagers as they take on the true enemy…capitalism! Easter eggs and references galore, but still enjoyable if you’ve never seen the show! Although that would greatly enhance the experience…&lt;/div&gt;&lt;div&gt;&lt;br /&gt;&lt;/div&gt;&lt;div&gt;This has been my personal project for over a year now, although I’ve been working on it more off than on recently. I combined my favorite game series with my favorite show. Currently the game is playable from the Prologue to Chapter 8, featuring two additional gaiden chapters for a total of 11 playable chapters.&lt;/div&gt;&lt;div&gt;&lt;br /&gt;&lt;/div&gt;&lt;div&gt;I recommend stopping your playthrough after Chapter 8. You can move on to Chapter 8x, but it’s not totally polished yet.&lt;/div&gt;&lt;div&gt;&lt;br /&gt;&lt;/div&gt;&lt;div&gt;I hope you enjoy what I’ve put forth! Please understand that everything in this topic is a complete work in progress. I’m still constantly improving my romhacking skills. That said, I appreciate constructive criticism so if there’s any issues you find, please let me know.&lt;/div&gt;&lt;div&gt;&lt;br /&gt;&lt;/div&gt;&lt;div&gt; Plot Details&lt;/div&gt;&lt;div&gt;Note: These are written for those familiar with the show&lt;/div&gt;&lt;div&gt;&lt;br /&gt;&lt;/div&gt;&lt;div&gt;The characters live in the wealthy country of Wawanakwa, which is bordered by the nation of Pahkitew. Wawanakwa is ruled by the king, Chris Mclean.&lt;/div&gt;&lt;div&gt;Outside of the capital, Wawanakwa is split into territories ruled by thirteen noble houses. Characters such as Courtney, Alejandro, and Trent are heirs to these houses. The houses spend most of their time engaging in petty disputes.&lt;/div&gt;&lt;div&gt;Gwen’s our lord of the game, a diviner in the Temple of Fahlenblock. She offers visions to those in need. On her way back from providing a vision, she and her traveling companions are attacked by a mysterious group, kicking off the main story…&lt;/div&gt;&lt;div&gt; Features&lt;/div&gt;&lt;div&gt;A cast of 52 (50 max at a time) playable characters from the Total Drama series generations 1 through 3.&lt;/div&gt;&lt;div&gt;Classic, new, and revamped classes.&lt;/div&gt;&lt;div&gt;All tier 1 classes (save for Gwen’s) promote with the use of an Officer Seal to their second tier classes. Some units are able to use Master Seals to access third tier classes as well. And legend tells of a Heaven Seal that unlocks unique classes for certain characters.&lt;/div&gt;&lt;div&gt;Skills! But only on certain units…&lt;/div&gt;&lt;div&gt;Multiple villagers! Because one just isn’t enough.&lt;/div&gt;&lt;div&gt;Supports and paired endings of both canon and fanon Total Drama pairings.&lt;/div&gt;&lt;div&gt;A 3 act story! Act 1 is currently completed.&lt;/div&gt;&lt;div&gt; Screenshots&lt;/div&gt;&lt;div&gt;Drama Emblem Promo 1&lt;/div&gt;&lt;div&gt;Drama Emblem Promo 4&lt;/div&gt;&lt;div&gt;Drama Emblem Promo 2&lt;/div&gt;&lt;div&gt;Drama Emblem Promo 3&lt;/div&gt;&lt;div&gt;Drama Emblem Promo 6&lt;/div&gt;&lt;div&gt;Drama Emblem Promo 5&lt;/div&gt;&lt;div&gt;Drama Emblem Promo 7&lt;/div&gt;&lt;div&gt;Drama Emblem Promo 8&lt;/div&gt;&lt;div&gt;&lt;br /&gt;&lt;/div&gt;&lt;div&gt; Notes on Recruitment (may contain spoilers)&lt;/div&gt;&lt;div&gt;Generally characters join automatically or have very obvious Talk conversations, but there are a few characters who have some specific conditions that depend on the recruitment of OTHER characters. Those more complicated recruitment methods are listed below. There are also one or two instances where the loss of a character results in the loss of a second character as well.&lt;/div&gt;&lt;div&gt;&lt;br /&gt;&lt;/div&gt;&lt;div&gt;Beth’s paralogue (4x) will only occur if Lindsay is alive at the end of Chapter 4.&lt;/div&gt;&lt;div&gt;If Beth or Lindsay die in Chapter 4x, the other will leave the army/die.&lt;/div&gt;&lt;div&gt;Justin can be hired at the start of Chapter 5 if the player has at least 3000 gold and is willing to pay for him.&lt;/div&gt;&lt;div&gt;Shortly after in the same chapter, B and Dawn will appear. Dawn will always join, but B will ONLY join if Justin was not hired. Otherwise he remains an NPC and will only appear in certain cutscenes.&lt;/div&gt;&lt;div&gt;Alejandro will leave the army temporarily after Chapter 4, but will rejoin starting in Chapter 9.&lt;/div&gt;&lt;div&gt;Ezekiel’s paralogue (8x) will only occur if Izzy is alive at the end of Chapter 8.&lt;/div&gt;&lt;div&gt; Which Characters Join in Which Act (may contain spoilers)&lt;/div&gt;&lt;div&gt;Join Tiers&lt;/div&gt;&lt;div&gt;Join Tiers&lt;/div&gt;&lt;div&gt;826×489 103 KB&lt;/div&gt;&lt;div&gt;&lt;br /&gt;&lt;/div&gt;&lt;div&gt;*note that characters are sorted within tears alphabetically, not by literal join order&lt;/div&gt;&lt;div&gt; Available Support Conversations (may contain spoilers)&lt;/div&gt;&lt;div&gt;All listed support lines are complete with C through A conversations.&lt;/div&gt;&lt;div&gt;&lt;br /&gt;&lt;/div&gt;&lt;div&gt;Gwen/Courtney&lt;/div&gt;&lt;div&gt;Gwen/Duncan&lt;/div&gt;&lt;div&gt;Courtney/Bridgette&lt;/div&gt;&lt;div&gt;Courtney/Duncan&lt;/div&gt;&lt;div&gt;Katie/Sadie&lt;/div&gt;&lt;div&gt;Alejandro/Tyler&lt;/div&gt;&lt;div&gt;Tyler/Lindsay&lt;/div&gt;&lt;div&gt;Geoff/Bridgette&lt;/div&gt;&lt;div&gt;Justin/Beth&lt;/div&gt;&lt;div&gt;Dawn/Cameron&lt;/div&gt;&lt;div&gt; Plans for Future Development&lt;/div&gt;&lt;div&gt;More supports! I have a few chains written and put into the game and many others complete but not implemented. My goal is to give every character at least a couple of viable support chains and endings, so that part is a long way to go. I would recommend not viewing the support chains for now, but if you want a taste you can always view Sadie/Katie, Tyler/Alejandro, and Gwen/Courtney.&lt;/div&gt;&lt;div&gt;Actual portraits! I love the somewhat derpy cartoon sprites, but I’m also totally down to have some legit FE-style portraits. That’s not really in my wheelhouse though, so that’s a long ways off.&lt;/div&gt;&lt;div&gt;Obviously with only 1 act complete, there’s still 2 more to go, which means a lot more writing!&lt;/div&gt;&lt;div&gt;Better maps! Similar to spriting, map making isn’t a strong skill of mine. I’d love to have some better maps as well.&lt;/div&gt;&lt;div&gt;Some more custom weapons. There’s a couple of extra bows, but I’d like to add more of each weapon type.&lt;/div&gt;&lt;div&gt; Credits&lt;/div&gt;&lt;div&gt;Sprites - Pikmin, Nuramon, DerTheVaporeon, Leo_Link, Jj09, MeatofJustice, Leif, SALVAGED, Its_Just_Jay, Permafrost, FungusCaesar, Skitty, WarPath, BatimaTheBat, Ayr, TyTheBub, Devisian_Nights, SD9K, StreetHero, Author_Pendragon, ArcherBias, flasuban, SHYUTERz, Blademaster, Melia, RobertFPY, MeteorSR23, Sephie, Shtick, FE7if, Rasdel, blood, TAS20xx, HyperGammaSpaces&lt;/div&gt;&lt;div&gt;&lt;br /&gt;&lt;/div&gt;&lt;div&gt;Animations - DerTheVaporeon, Leo_Link, Jj09, flasuban, Jeorge_Reds, MrNight48, Glenwing, Andy, SD9K, SALVAGED, Eldritch Abomination, Huichelaar, Obsidian Daddy, Banpresto, KirbyFreak, Spud, Jey the Count, TheBlindArcher, Puppet, Greentea, eCut, Greentea, BatimaTheBat, shadowofchaos, Sme, Shtick, Camus_Regan, Pikmin, GabrielKnight, Knabepicer, TyTheBub, Mercenary Lord, NYZGamer, Maiser6, Nuramon, Teraspark, Aruku, Kenpuhu, Lord_Tweed, Vilkalizer, Maiser6, Orihara_Saki. RedBean, Mikey Seregon, Marlon0024, Max Limit, L95, 7743, Alfred Kamon, Mycahel, The_Big_Dededester, ArcaneEli, RRSKAI, Tsushi, Iscaneus, ltranc, MeatOfJustice, RenOokami, Gavvv333&lt;/div&gt;</description>
  <language>eng</language>
  <scanner>Internet Archive HTML5 Uploader 1.7.0</scanner>
  <subject>mod</subject>
  <title>Drama Emblem And The Marshmallow Of Mystery Cartoon Portraits V 0.1.1</title>
  <subject>rom hack</subject>
  <subject>fire emblem rom</subject>
  <subject>fire emblem hack</subject>
  <subject>total drama</subject>
  <subject>fan game</subject>
  <subject>fangame</subject>
  <subject>fanwork</subject>
  <uploader>whocareslmaohaha@gmail.com</uploader>
  <publicdate>2024-01-01 21:47:06</publicdate>
  <addeddate>2024-01-01 21:47:06</addeddate>
  <curation>[curator]validator@archive.org[/curator][date]20240101215250[/date][comment]checked for malware[/comment]</curation>
</metadata>
