<?xml version="1.0" encoding="UTF-8"?>
<files>
  <file name="gschronicles.bps" source="original">
    <mtime>1610787723</mtime>
    <size>15194499</size>
    <md5>572e5e428884831acf047e9a99f34333</md5>
    <crc32>2144df1c</crc32>
    <sha1>e7255383d94fa3295bd5562e6b56951ba630fcc4</sha1>
    <format>Unknown</format>
  </file>
  <file name="pokemon-gs-chronicles-beta-2.6_archive.torrent" source="metadata">
    <btih>cb1fba315f3d2cae27345dd0d246eeb81c491573</btih>
    <mtime>1738913910</mtime>
    <size>2396</size>
    <md5>003b2705cfd6764631f80391b7d8acf5</md5>
    <crc32>ae44b4bb</crc32>
    <sha1>d1cc786814b27710034ac2bf16ec98d9b69af454</sha1>
    <format>Archive BitTorrent</format>
  </file>
  <file name="pokemon-gs-chronicles-beta-2.6_files.xml" source="original">
    <format>Metadata</format>
    <md5>70ba4f2df33981bbefa2108686d1833c</md5>
    <summation>md5</summation>
  </file>
  <file name="pokemon-gs-chronicles-beta-2.6_meta.sqlite" source="original">
    <mtime>1610787756</mtime>
    <size>17408</size>
    <md5>b4193c3ab57f4afa765fcb365037c1e3</md5>
    <crc32>37923da9</crc32>
    <sha1>28920db3fe58fbf06058a65ffc5bf7761fe6fc26</sha1>
    <format>Metadata</format>
  </file>
  <file name="pokemon-gs-chronicles-beta-2.6_meta.xml" source="original">
    <mtime>1628806358</mtime>
    <size>2641</size>
    <md5>80c35ba274200b68bab064ba198a8cc9</md5>
    <crc32>d497dca5</crc32>
    <sha1>a76588ae59400e9f59afc7bf475e09ebe5142235</sha1>
    <format>Metadata</format>
  </file>
</files>
