<?xml version="1.0" encoding="UTF-8"?>
<metadata>
  <identifier>pokemon-gs-chronicles-beta-2.6</identifier>
  <mediatype>software</mediatype>
  <collection>pokemonfangames</collection>
  <creator>Gold/Ruki Studios</creator>
  <date>2020</date>
  <description>&lt;div&gt;&lt;i&gt;&lt;br /&gt;&lt;/i&gt;&lt;/div&gt;&lt;div&gt;&lt;br /&gt;&lt;i&gt;¿Eres amante de la segunda generación? &lt;b&gt;Pokémon GS Chronicles&lt;/b&gt; te ofrece la excusa perfecta para volver a visitar la región de &lt;b&gt;Johto&lt;/b&gt; con muchas novedades que harán más jugosa tu aventura. El proyecto se presenta  como un reboot de &lt;b&gt;Pokémon Oro y Plata&lt;/b&gt;,
 en este hack te encontrarás con algunas de las ideas desechadas de las 
entregas originales y una actualización de mecánicas que dotan al juego 
de un acabado mucho más fresco.&lt;/i&gt;&lt;/div&gt;&lt;div&gt;&lt;i&gt;&lt;br /&gt;&lt;/i&gt;&lt;/div&gt;&lt;div&gt;&lt;i&gt;&lt;br /&gt;&lt;/i&gt;&lt;/div&gt;&lt;div&gt;&lt;i&gt;&lt;br /&gt;&lt;/i&gt;&lt;/div&gt;&lt;div&gt;&lt;i&gt;¡Sigue la aventura de Ethan/Kris de Pueblo Primavera como nuevo/a 
asistente del famosísimo Profesor Elm mientras investigas sobre los 
lazos de amistad con los Pokémon! En tu camino encontrarás muchos 
entrenadores hambrientos por la victoria, y que al igual que tú buscarán
 un cupo para participar en la primer Liga Pokémon organizada en la 
región Johto. Pero también te toparás con rivales misteriosos como un 
extraño chico que ha robado un Pokémon del Laboratorio del Profesor Elm o
 el temible Team Rocket que busca resurgir del olvido luego de haber 
sido disuelto por su derrotado líder tres años atrás.&lt;br /&gt;&lt;/i&gt;
&lt;i&gt;&lt;br /&gt;
¿Serás lo suficientemente fuerte para superar este nuevo reto? ¡Descúbrelo todo ahora!&lt;/i&gt;&lt;/div&gt;&lt;div style="margin:0 auto;text-indent:1em;padding:0 10px;"&gt;&lt;/div&gt;</description>
  <language>eng</language>
  <licenseurl>https://creativecommons.org/licenses/by-nc-nd/4.0/</licenseurl>
  <scanner>Internet Archive HTML5 Uploader 1.6.4</scanner>
  <subject>Videogames</subject>
  <subject>Videogame</subject>
  <subject>ROM</subject>
  <subject>ROMS</subject>
  <subject>Pokémon</subject>
  <subject>Hackroms</subject>
  <title>Pokémon : GS Chronicles [ Beta 2.6 ]</title>
  <uploader>pedroesparzactor@gmail.com</uploader>
  <publicdate>2021-01-16 09:02:28</publicdate>
  <addeddate>2021-01-16 09:02:28</addeddate>
  <curation>[curator]validator@archive.org[/curator][date]20210116090248[/date][comment]checked for malware[/comment]</curation>
  <collection>softwarecapsules</collection>
</metadata>
