<?xml version="1.0" encoding="UTF-8"?>
<metadata>
  <identifier>oaks-dream-2</identifier>
  <mediatype>data</mediatype>
  <collection>opensource_media</collection>
  <description>Oak's Dream Pokemon Red Hack IPS patch </description>
  <language>eng</language>
  <scanner>Internet Archive HTML5 Uploader 1.7.0</scanner>
  <subject>Rom</subject>
  <title>Oak's Dream 2</title>
  <subject>rom hacks</subject>
  <subject>gameboy</subject>
  <uploader>opsfahimhasan1@gmail.com</uploader>
  <publicdate>2025-09-21 01:50:25</publicdate>
  <addeddate>2025-09-21 01:50:25</addeddate>
  <curation>[curator]validator@archive.org[/curator][date]20250921015605[/date][comment]checked for malware[/comment]</curation>
</metadata>
