<?xml version="1.0" encoding="UTF-8"?>
<files>
  <file name="Oak's Dream 2.zip" source="original">
    <mtime>1758419406</mtime>
    <size>2076</size>
    <md5>d472589de9a8cd3d0552c5ca373db8cd</md5>
    <crc32>50f7536d</crc32>
    <sha1>bb8fb0bfbd9c5dc8093c5f0d301e2d1052920ee8</sha1>
    <format>ZIP</format>
    <filecount>2</filecount>
    <viruscheck>1758419764</viruscheck>
  </file>
  <file name="oaks-dream-2_archive.torrent" source="metadata">
    <btih>fe860d95a2b0d84d1aeda8f9555961def07b3b37</btih>
    <mtime>1758419766</mtime>
    <size>1523</size>
    <md5>00721669df38b245a096d1ca9eaa13e5</md5>
    <crc32>1bce982d</crc32>
    <sha1>e7ce410f142e09110db742a42e2473f8bbb1de11</sha1>
    <format>Archive BitTorrent</format>
  </file>
  <file name="oaks-dream-2_files.xml" source="original">
    <format>Metadata</format>
    <md5>0eac4bbc890ea332e4c170934783003e</md5>
    <summation>md5</summation>
  </file>
  <file name="oaks-dream-2_meta.sqlite" source="original">
    <mtime>1758419443</mtime>
    <size>20480</size>
    <md5>88d67c357c3773b551805345adaa096a</md5>
    <crc32>d805346d</crc32>
    <sha1>be69cbc12fe9c2e169f0b1265d39e8d610c6a40d</sha1>
    <format>Metadata</format>
  </file>
  <file name="oaks-dream-2_meta.xml" source="original">
    <mtime>1758419765</mtime>
    <size>717</size>
    <md5>9dad1c95520a3d98bb995ab5cf34cf8c</md5>
    <crc32>80996d5d</crc32>
    <sha1>e19a0863fdee6282e667f1892ef75bfefe96b343</sha1>
    <format>Metadata</format>
  </file>
</files>
