{
  "id": "MAP_MT_MOON_B1F",
  "name": "MtMoon_B1F",
  "layout": "LAYOUT_MT_MOON_B1F",
  "music": "MUS_MT_MOON",
  "region_map_section": "MAPSEC_MT_MOON",
  "requires_flash": false,
  "weather": "WEATHER_NONE",
  "map_type": "MAP_TYPE_UNDERGROUND",
  "allow_cycling": true,
  "allow_escaping": true,
  "allow_running": true,
  "show_map_name": true,
  "floor_number": 0,
  "battle_scene": "MAP_BATTLE_SCENE_NORMAL",
  "connections": 0,
  "object_events": [

  ],
  "warp_events": [
    {
      "x": 5,
      "y": 5,
      "elevation": 3,
      "dest_map": "MAP_MT_MOON_1F",
      "dest_warp_id": "0"
    },
    {
      "x": 25,
      "y": 9,
      "elevation": 3,
      "dest_map": "MAP_MT_MOON_1F",
      "dest_warp_id": "1"
    },
    {
      "x": 25,
      "y": 15,
      "elevation": 3,
      "dest_map": "MAP_MT_MOON_1F",
      "dest_warp_id": "2"
    },
    {
      "x": 21,
      "y": 17,
      "elevation": 3,
      "dest_map": "MAP_MT_MOON_B2F",
      "dest_warp_id": "0"
    },
    {
      "x": 17,
      "y": 11,
      "elevation": 3,
      "dest_map": "MAP_MT_MOON_B2F",
      "dest_warp_id": "1"
    },
    {
      "x": 13,
      "y": 27,
      "elevation": 3,
      "dest_map": "MAP_MT_MOON_B2F",
      "dest_warp_id": "2"
    },
    {
      "x": 23,
      "y": 3,
      "elevation": 3,
      "dest_map": "MAP_MT_MOON_B2F",
      "dest_warp_id": "3"
    },
    {
      "x": 27,
      "y": 3,
      "elevation": 3,
      "dest_map": "MAP_ROUTE4",
      "dest_warp_id": "1"
    }
  ],
  "coord_events": [

  ],
  "bg_events": [

  ]
}
