{
  "id": "MAP_MAUVILLE_CITY_GAME_CORNER",
  "name": "MauvilleCity_GameCorner",
  "layout": "LAYOUT_MAUVILLE_CITY_GAME_CORNER",
  "music": "MUS_RG_FUCHSIA",
  "region_map_section": "MAPSEC_MAUVILLE_CITY",
  "requires_flash": false,
  "weather": "WEATHER_NONE",
  "map_type": "MAP_TYPE_INDOOR",
  "allow_cycling": false,
  "allow_escaping": false,
  "allow_running": true,
  "show_map_name": false,
  "battle_scene": "MAP_BATTLE_SCENE_NORMAL",
  "connections": 0,
  "object_events": [
    {
      "graphics_id": "OBJ_EVENT_GFX_WOMAN_2",
      "x": 27,
      "y": 18,
      "elevation": 3,
      "movement_type": "MOVEMENT_TYPE_FACE_LEFT",
      "movement_range_x": 0,
      "movement_range_y": 0,
      "trainer_type": "TRAINER_TYPE_NONE",
      "trainer_sight_or_berry_tree_id": "0",
      "script": "MauvilleCity_GameCorner_EventScript_Woman2",
      "flag": "0"
    },
    {
      "graphics_id": "OBJ_EVENT_GFX_GENTLEMAN",
      "x": 24,
      "y": 17,
      "elevation": 3,
      "movement_type": "MOVEMENT_TYPE_FACE_RIGHT",
      "movement_range_x": 0,
      "movement_range_y": 0,
      "trainer_type": "TRAINER_TYPE_NONE",
      "trainer_sight_or_berry_tree_id": "0",
      "script": "MauvilleCity_GameCorner_EventScript_Gentleman",
      "flag": "0"
    },
    {
      "graphics_id": "OBJ_EVENT_GFX_BEAUTY",
      "x": 14,
      "y": 16,
      "elevation": 3,
      "movement_type": "MOVEMENT_TYPE_FACE_DOWN",
      "movement_range_x": 0,
      "movement_range_y": 0,
      "trainer_type": "TRAINER_TYPE_NONE",
      "trainer_sight_or_berry_tree_id": "0",
      "script": "MauvilleCity_GameCorner_EventScript_CoinsClerk",
      "flag": "0"
    },
    {
      "graphics_id": "OBJ_EVENT_GFX_GIRL_2",
      "x": 25,
      "y": 5,
      "elevation": 3,
      "movement_type": "MOVEMENT_TYPE_FACE_UP",
      "movement_range_x": 0,
      "movement_range_y": 0,
      "trainer_type": "TRAINER_TYPE_NONE",
      "trainer_sight_or_berry_tree_id": "0",
      "script": "MauvilleCity_GameCorner_EventScript_Girl",
      "flag": "0"
    },
    {
      "graphics_id": "OBJ_EVENT_GFX_POKEFAN_M",
      "x": 4,
      "y": 12,
      "elevation": 3,
      "movement_type": "MOVEMENT_TYPE_WANDER_LEFT_AND_RIGHT",
      "movement_range_x": 0,
      "movement_range_y": 0,
      "trainer_type": "TRAINER_TYPE_NONE",
      "trainer_sight_or_berry_tree_id": "0",
      "script": "MauvilleCity_GameCorner_EventScript_PokefanM",
      "flag": "0"
    },
    {
      "graphics_id": "OBJ_EVENT_GFX_OLD_MAN",
      "x": 20,
      "y": 18,
      "elevation": 3,
      "movement_type": "MOVEMENT_TYPE_FACE_RIGHT",
      "movement_range_x": 0,
      "movement_range_y": 0,
      "trainer_type": "TRAINER_TYPE_NONE",
      "trainer_sight_or_berry_tree_id": "0",
      "script": "MauvilleCity_GameCorner_EventScript_OldMan",
      "flag": "0"
    },
    {
      "graphics_id": "OBJ_EVENT_GFX_COOK",
      "x": 6,
      "y": 19,
      "elevation": 3,
      "movement_type": "MOVEMENT_TYPE_FACE_RIGHT",
      "movement_range_x": 0,
      "movement_range_y": 0,
      "trainer_type": "TRAINER_TYPE_NONE",
      "trainer_sight_or_berry_tree_id": "0",
      "script": "MauvilleCity_GameCorner_EventScript_Cook",
      "flag": "0"
    },
    {
      "graphics_id": "OBJ_EVENT_GFX_BEAUTY",
      "x": 13,
      "y": 15,
      "elevation": 3,
      "movement_type": "MOVEMENT_TYPE_FACE_LEFT",
      "movement_range_x": 1,
      "movement_range_y": 1,
      "trainer_type": "TRAINER_TYPE_NONE",
      "trainer_sight_or_berry_tree_id": "0",
      "script": "MauvilleCity_GameCorner_EventScript_PrizeCornerTMs",
      "flag": "0"
    },
    {
      "graphics_id": "OBJ_EVENT_GFX_MAN_3",
      "x": 1,
      "y": 18,
      "elevation": 3,
      "movement_type": "MOVEMENT_TYPE_FACE_RIGHT",
      "movement_range_x": 1,
      "movement_range_y": 1,
      "trainer_type": "TRAINER_TYPE_NONE",
      "trainer_sight_or_berry_tree_id": "0",
      "script": "MauvilleCity_GameCorner_EventScript_Man",
      "flag": "0"
    },
    {
      "graphics_id": "OBJ_EVENT_GFX_MANIAC",
      "x": 9,
      "y": 19,
      "elevation": 3,
      "movement_type": "MOVEMENT_TYPE_FACE_LEFT",
      "movement_range_x": 1,
      "movement_range_y": 1,
      "trainer_type": "TRAINER_TYPE_NONE",
      "trainer_sight_or_berry_tree_id": "0",
      "script": "MauvilleCity_GameCorner_EventScript_Maniac",
      "flag": "0"
    },
    {
      "graphics_id": "OBJ_EVENT_GFX_WOMAN_5",
      "x": 4,
      "y": 17,
      "elevation": 3,
      "movement_type": "MOVEMENT_TYPE_FACE_LEFT",
      "movement_range_x": 1,
      "movement_range_y": 1,
      "trainer_type": "TRAINER_TYPE_NONE",
      "trainer_sight_or_berry_tree_id": "0",
      "script": "MauvilleCity_GameCorner_EventScript_Woman",
      "flag": "0"
    },
    {
      "graphics_id": "OBJ_EVENT_GFX_FAT_MAN",
      "x": 9,
      "y": 3,
      "elevation": 0,
      "movement_type": "MOVEMENT_TYPE_NONE",
      "movement_range_x": 0,
      "movement_range_y": 0,
      "trainer_type": "TRAINER_TYPE_NONE",
      "trainer_sight_or_berry_tree_id": "0",
      "script": "MauvilleCity_GameCorner_EventScript_PachinkoGuy",
      "flag": "0"
    },
    {
      "graphics_id": "OBJ_EVENT_GFX_DEVON_EMPLOYEE",
      "x": 21,
      "y": 7,
      "elevation": 0,
      "movement_type": "MOVEMENT_TYPE_NONE",
      "movement_range_x": 0,
      "movement_range_y": 0,
      "trainer_type": "TRAINER_TYPE_NONE",
      "trainer_sight_or_berry_tree_id": "0",
      "script": "MauvilleCity_GameCorner_EventScript_VFGuy1",
      "flag": "0"
    },
    {
      "graphics_id": "OBJ_EVENT_GFX_DEVON_EMPLOYEE",
      "x": 21,
      "y": 11,
      "elevation": 0,
      "movement_type": "MOVEMENT_TYPE_NONE",
      "movement_range_x": 0,
      "movement_range_y": 0,
      "trainer_type": "TRAINER_TYPE_NONE",
      "trainer_sight_or_berry_tree_id": "0",
      "script": "MauvilleCity_GameCorner_EventScript_Dealer",
      "flag": "0"
    },
    {
      "graphics_id": "OBJ_EVENT_GFX_FISHERMAN",
      "x": 23,
      "y": 3,
      "elevation": 0,
      "movement_type": "MOVEMENT_TYPE_FACE_RIGHT",
      "movement_range_x": 0,
      "movement_range_y": 0,
      "trainer_type": "TRAINER_TYPE_NONE",
      "trainer_sight_or_berry_tree_id": "0",
      "script": "MauvilleCity_GameCorner_EventScript_Fisherman",
      "flag": "0"
    },
    {
      "graphics_id": "OBJ_EVENT_GFX_BEAUTY",
      "x": 13,
      "y": 2,
      "elevation": 0,
      "movement_type": "MOVEMENT_TYPE_NONE",
      "movement_range_x": 0,
      "movement_range_y": 0,
      "trainer_type": "TRAINER_TYPE_NONE",
      "trainer_sight_or_berry_tree_id": "0",
      "script": "MauvilleCity_GameCorner_EventScript_DerbyLady1",
      "flag": "0"
    },
    {
      "graphics_id": "OBJ_EVENT_GFX_BEAUTY",
      "x": 16,
      "y": 2,
      "elevation": 0,
      "movement_type": "MOVEMENT_TYPE_NONE",
      "movement_range_x": 0,
      "movement_range_y": 0,
      "trainer_type": "TRAINER_TYPE_NONE",
      "trainer_sight_or_berry_tree_id": "0",
      "script": "MauvilleCity_GameCorner_EventScript_DerbyLady2",
      "flag": "0"
    },
    {
      "graphics_id": "OBJ_EVENT_GFX_BEAUTY",
      "x": 15,
      "y": 15,
      "elevation": 0,
      "movement_type": "MOVEMENT_TYPE_FACE_UP",
      "movement_range_x": 0,
      "movement_range_y": 0,
      "trainer_type": "TRAINER_TYPE_NONE",
      "trainer_sight_or_berry_tree_id": "0",
      "script": "MauvilleCity_GameCorner_EventScript_PrizeCornerNew",
      "flag": "0"
    },
    {
      "graphics_id": "OBJ_EVENT_GFX_BEAUTY",
      "x": 27,
      "y": 2,
      "elevation": 0,
      "movement_type": "MOVEMENT_TYPE_WANDER_LEFT_AND_RIGHT",
      "movement_range_x": 0,
      "movement_range_y": 0,
      "trainer_type": "TRAINER_TYPE_NONE",
      "trainer_sight_or_berry_tree_id": "0",
      "script": "NULL",
      "flag": "0"
    },
    {
      "graphics_id": "OBJ_EVENT_GFX_DEVON_EMPLOYEE",
      "x": 26,
      "y": 7,
      "elevation": 0,
      "movement_type": "MOVEMENT_TYPE_NONE",
      "movement_range_x": 0,
      "movement_range_y": 0,
      "trainer_type": "TRAINER_TYPE_NONE",
      "trainer_sight_or_berry_tree_id": "0",
      "script": "MauvilleCity_GameCorner_EventScript_VFGuy2",
      "flag": "0"
    },
    {
      "graphics_id": "OBJ_EVENT_GFX_DEVON_EMPLOYEE",
      "x": 26,
      "y": 11,
      "elevation": 0,
      "movement_type": "MOVEMENT_TYPE_NONE",
      "movement_range_x": 0,
      "movement_range_y": 0,
      "trainer_type": "TRAINER_TYPE_NONE",
      "trainer_sight_or_berry_tree_id": "0",
      "script": "MauvilleCity_GameCorner_EventScript_Dealer2",
      "flag": "0"
    },
    {
      "graphics_id": "OBJ_EVENT_GFX_POKEFAN_F",
      "x": 17,
      "y": 13,
      "elevation": 0,
      "movement_type": "MOVEMENT_TYPE_WANDER_LEFT_AND_RIGHT",
      "movement_range_x": 0,
      "movement_range_y": 0,
      "trainer_type": "TRAINER_TYPE_NONE",
      "trainer_sight_or_berry_tree_id": "0",
      "script": "MauvilleCity_GameCorner_EventScript_Gachalady",
      "flag": "0"
    },
    {
      "graphics_id": "OBJ_EVENT_GFX_HIKER",
      "x": 2,
      "y": 3,
      "elevation": 0,
      "movement_type": "MOVEMENT_TYPE_FACE_UP",
      "movement_range_x": 0,
      "movement_range_y": 0,
      "trainer_type": "TRAINER_TYPE_NONE",
      "trainer_sight_or_berry_tree_id": "0",
      "script": "MauvilleCity_GameCorner_EventScript_Hiker",
      "flag": "0"
    },
    {
      "graphics_id": "OBJ_EVENT_GFX_DEVON_EMPLOYEE",
      "x": 17,
      "y": 21,
      "elevation": 0,
      "movement_type": "MOVEMENT_TYPE_FACE_LEFT",
      "movement_range_x": 0,
      "movement_range_y": 0,
      "trainer_type": "TRAINER_TYPE_NONE",
      "trainer_sight_or_berry_tree_id": "0",
      "script": "MauvilleCity_GameCorner_EventScript_Bouncer",
      "flag": "0"
    },
    {
      "graphics_id": "OBJ_EVENT_GFX_BEAUTY",
      "x": 5,
      "y": 15,
      "elevation": 0,
      "movement_type": "MOVEMENT_TYPE_WANDER_LEFT_AND_RIGHT",
      "movement_range_x": 2,
      "movement_range_y": 0,
      "trainer_type": "TRAINER_TYPE_NONE",
      "trainer_sight_or_berry_tree_id": "0",
      "script": "MauvilleCity_GameCorner_EventScript_JuiceLady",
      "flag": "0"
    },
    {
      "graphics_id": "OBJ_EVENT_GFX_DEVON_EMPLOYEE",
      "x": 7,
      "y": 8,
      "elevation": 0,
      "movement_type": "MOVEMENT_TYPE_NONE",
      "movement_range_x": 0,
      "movement_range_y": 0,
      "trainer_type": "TRAINER_TYPE_NONE",
      "trainer_sight_or_berry_tree_id": "0",
      "script": "MauvilleCity_GameCorner_EventScript_Employee",
      "flag": "0"
    },
    {
      "graphics_id": "OBJ_EVENT_GFX_BEAUTY",
      "x": 27,
      "y": 16,
      "elevation": 0,
      "movement_type": "MOVEMENT_TYPE_WANDER_LEFT_AND_RIGHT",
      "movement_range_x": 3,
      "movement_range_y": 0,
      "trainer_type": "TRAINER_TYPE_NONE",
      "trainer_sight_or_berry_tree_id": "0",
      "script": "MauvilleCity_GameCorner_EventScript_JuiceLady",
      "flag": "0"
    },
    {
      "graphics_id": "OBJ_EVENT_GFX_BEAUTY",
      "x": 16,
      "y": 16,
      "elevation": 0,
      "movement_type": "MOVEMENT_TYPE_FACE_RIGHT",
      "movement_range_x": 0,
      "movement_range_y": 0,
      "trainer_type": "TRAINER_TYPE_NONE",
      "trainer_sight_or_berry_tree_id": "0",
      "script": "MauvilleCity_GameCorner_EventScript_PrizeCornerNew2",
      "flag": "0"
    }
  ],
  "warp_events": [
    {
      "x": 14,
      "y": 21,
      "elevation": 3,
      "dest_map": "MAP_MAUVILLE_CITY",
      "dest_warp_id": "5"
    },
    {
      "x": 15,
      "y": 21,
      "elevation": 3,
      "dest_map": "MAP_MAUVILLE_CITY",
      "dest_warp_id": "5"
    }
  ],
  "coord_events": [

  ],
  "bg_events": [
    {
      "type": "sign",
      "x": 2,
      "y": 17,
      "elevation": 0,
      "player_facing_dir": "BG_EVENT_PLAYER_FACING_EAST",
      "script": "MauvilleCity_GameCorner_EventScript_SlotMachine0"
    },
    {
      "type": "sign",
      "x": 2,
      "y": 19,
      "elevation": 0,
      "player_facing_dir": "BG_EVENT_PLAYER_FACING_EAST",
      "script": "MauvilleCity_GameCorner_EventScript_SlotMachine1"
    },
    {
      "type": "sign",
      "x": 2,
      "y": 20,
      "elevation": 0,
      "player_facing_dir": "BG_EVENT_PLAYER_FACING_EAST",
      "script": "MauvilleCity_GameCorner_EventScript_SlotMachine2"
    },
    {
      "type": "sign",
      "x": 3,
      "y": 18,
      "elevation": 0,
      "player_facing_dir": "BG_EVENT_PLAYER_FACING_WEST",
      "script": "MauvilleCity_GameCorner_EventScript_SlotMachine3"
    },
    {
      "type": "sign",
      "x": 3,
      "y": 19,
      "elevation": 0,
      "player_facing_dir": "BG_EVENT_PLAYER_FACING_WEST",
      "script": "MauvilleCity_GameCorner_EventScript_SlotMachine4"
    },
    {
      "type": "sign",
      "x": 3,
      "y": 20,
      "elevation": 0,
      "player_facing_dir": "BG_EVENT_PLAYER_FACING_WEST",
      "script": "MauvilleCity_GameCorner_EventScript_SlotMachine5"
    },
    {
      "type": "sign",
      "x": 7,
      "y": 17,
      "elevation": 0,
      "player_facing_dir": "BG_EVENT_PLAYER_FACING_EAST",
      "script": "MauvilleCity_GameCorner_EventScript_SlotMachine6"
    },
    {
      "type": "sign",
      "x": 7,
      "y": 18,
      "elevation": 0,
      "player_facing_dir": "BG_EVENT_PLAYER_FACING_EAST",
      "script": "MauvilleCity_GameCorner_EventScript_SlotMachine7"
    },
    {
      "type": "sign",
      "x": 7,
      "y": 20,
      "elevation": 0,
      "player_facing_dir": "BG_EVENT_PLAYER_FACING_EAST",
      "script": "MauvilleCity_GameCorner_EventScript_SlotMachine8"
    },
    {
      "type": "sign",
      "x": 8,
      "y": 17,
      "elevation": 0,
      "player_facing_dir": "BG_EVENT_PLAYER_FACING_WEST",
      "script": "MauvilleCity_GameCorner_EventScript_SlotMachine9"
    },
    {
      "type": "sign",
      "x": 8,
      "y": 18,
      "elevation": 0,
      "player_facing_dir": "BG_EVENT_PLAYER_FACING_WEST",
      "script": "MauvilleCity_GameCorner_EventScript_SlotMachine10"
    },
    {
      "type": "sign",
      "x": 8,
      "y": 20,
      "elevation": 0,
      "player_facing_dir": "BG_EVENT_PLAYER_FACING_WEST",
      "script": "MauvilleCity_GameCorner_EventScript_SlotMachine11"
    },
    {
      "type": "sign",
      "x": 21,
      "y": 17,
      "elevation": 0,
      "player_facing_dir": "BG_EVENT_PLAYER_FACING_ANY",
      "script": "Roulette_EventScript_Table1"
    },
    {
      "type": "sign",
      "x": 22,
      "y": 17,
      "elevation": 0,
      "player_facing_dir": "BG_EVENT_PLAYER_FACING_ANY",
      "script": "Roulette_EventScript_Table1"
    },
    {
      "type": "sign",
      "x": 21,
      "y": 18,
      "elevation": 0,
      "player_facing_dir": "BG_EVENT_PLAYER_FACING_ANY",
      "script": "Roulette_EventScript_Table1"
    },
    {
      "type": "sign",
      "x": 22,
      "y": 18,
      "elevation": 0,
      "player_facing_dir": "BG_EVENT_PLAYER_FACING_ANY",
      "script": "Roulette_EventScript_Table1"
    },
    {
      "type": "sign",
      "x": 21,
      "y": 19,
      "elevation": 0,
      "player_facing_dir": "BG_EVENT_PLAYER_FACING_ANY",
      "script": "Roulette_EventScript_Table1"
    },
    {
      "type": "sign",
      "x": 22,
      "y": 19,
      "elevation": 0,
      "player_facing_dir": "BG_EVENT_PLAYER_FACING_ANY",
      "script": "Roulette_EventScript_Table1"
    },
    {
      "type": "sign",
      "x": 25,
      "y": 17,
      "elevation": 0,
      "player_facing_dir": "BG_EVENT_PLAYER_FACING_ANY",
      "script": "Roulette_EventScript_Table2"
    },
    {
      "type": "sign",
      "x": 26,
      "y": 17,
      "elevation": 0,
      "player_facing_dir": "BG_EVENT_PLAYER_FACING_ANY",
      "script": "Roulette_EventScript_Table2"
    },
    {
      "type": "sign",
      "x": 25,
      "y": 18,
      "elevation": 0,
      "player_facing_dir": "BG_EVENT_PLAYER_FACING_ANY",
      "script": "Roulette_EventScript_Table2"
    },
    {
      "type": "sign",
      "x": 26,
      "y": 18,
      "elevation": 0,
      "player_facing_dir": "BG_EVENT_PLAYER_FACING_ANY",
      "script": "Roulette_EventScript_Table2"
    },
    {
      "type": "sign",
      "x": 25,
      "y": 19,
      "elevation": 0,
      "player_facing_dir": "BG_EVENT_PLAYER_FACING_ANY",
      "script": "Roulette_EventScript_Table2"
    },
    {
      "type": "sign",
      "x": 26,
      "y": 19,
      "elevation": 0,
      "player_facing_dir": "BG_EVENT_PLAYER_FACING_ANY",
      "script": "Roulette_EventScript_Table2"
    },
    {
      "type": "sign",
      "x": 22,
      "y": 13,
      "elevation": 0,
      "player_facing_dir": "BG_EVENT_PLAYER_FACING_ANY",
      "script": "MauvilleCity_GameCorner_EventScript_Blackjack"
    },
    {
      "type": "sign",
      "x": 21,
      "y": 13,
      "elevation": 0,
      "player_facing_dir": "BG_EVENT_PLAYER_FACING_ANY",
      "script": "MauvilleCity_GameCorner_EventScript_Blackjack"
    },
    {
      "type": "sign",
      "x": 20,
      "y": 13,
      "elevation": 0,
      "player_facing_dir": "BG_EVENT_PLAYER_FACING_ANY",
      "script": "MauvilleCity_GameCorner_EventScript_Blackjack"
    },
    {
      "type": "sign",
      "x": 22,
      "y": 12,
      "elevation": 0,
      "player_facing_dir": "BG_EVENT_PLAYER_FACING_ANY",
      "script": "MauvilleCity_GameCorner_EventScript_Blackjack"
    },
    {
      "type": "sign",
      "x": 21,
      "y": 12,
      "elevation": 0,
      "player_facing_dir": "BG_EVENT_PLAYER_FACING_ANY",
      "script": "MauvilleCity_GameCorner_EventScript_Blackjack"
    },
    {
      "type": "sign",
      "x": 20,
      "y": 12,
      "elevation": 0,
      "player_facing_dir": "BG_EVENT_PLAYER_FACING_ANY",
      "script": "MauvilleCity_GameCorner_EventScript_Blackjack"
    },
    {
      "type": "sign",
      "x": 7,
      "y": 2,
      "elevation": 0,
      "player_facing_dir": "BG_EVENT_PLAYER_FACING_NORTH",
      "script": "MauvilleCity_GameCorner_EventScript_Pachinko"
    },
    {
      "type": "sign",
      "x": 16,
      "y": 11,
      "elevation": 0,
      "player_facing_dir": "BG_EVENT_PLAYER_FACING_NORTH",
      "script": "MauvilleCity_GameCorner_EventScript_Gacha_Master"
    },
    {
      "type": "sign",
      "x": 15,
      "y": 11,
      "elevation": 0,
      "player_facing_dir": "BG_EVENT_PLAYER_FACING_NORTH",
      "script": "MauvilleCity_GameCorner_EventScript_Gacha_Ultra"
    },
    {
      "type": "sign",
      "x": 14,
      "y": 11,
      "elevation": 0,
      "player_facing_dir": "BG_EVENT_PLAYER_FACING_NORTH",
      "script": "MauvilleCity_GameCorner_EventScript_Gacha_Great"
    },
    {
      "type": "sign",
      "x": 13,
      "y": 11,
      "elevation": 0,
      "player_facing_dir": "BG_EVENT_PLAYER_FACING_NORTH",
      "script": "MauvilleCity_GameCorner_EventScript_Gacha_Basic"
    },
    {
      "type": "sign",
      "x": 7,
      "y": 13,
      "elevation": 0,
      "player_facing_dir": "BG_EVENT_PLAYER_FACING_EAST",
      "script": "MauvilleCity_GameCorner_EventScript_PinballGengar"
    },
    {
      "type": "sign",
      "x": 3,
      "y": 13,
      "elevation": 0,
      "player_facing_dir": "BG_EVENT_PLAYER_FACING_WEST",
      "script": "MauvilleCity_GameCorner_EventScript_PinballSeel"
    },
    {
      "type": "sign",
      "x": 7,
      "y": 10,
      "elevation": 0,
      "player_facing_dir": "BG_EVENT_PLAYER_FACING_EAST",
      "script": "MauvilleCity_GameCorner_EventScript_PinballDiglett"
    },
    {
      "type": "sign",
      "x": 3,
      "y": 10,
      "elevation": 0,
      "player_facing_dir": "BG_EVENT_PLAYER_FACING_WEST",
      "script": "MauvilleCity_GameCorner_EventScript_PinballMeowth"
    },
    {
      "type": "sign",
      "x": 21,
      "y": 8,
      "elevation": 0,
      "player_facing_dir": "BG_EVENT_PLAYER_FACING_NORTH",
      "script": "MauvilleCity_GameCorner_EventScript_VoltorbFlip"
    },
    {
      "type": "sign",
      "x": 6,
      "y": 4,
      "elevation": 0,
      "player_facing_dir": "BG_EVENT_PLAYER_FACING_NORTH",
      "script": "MauvilleCity_GameCorner_EventScript_BlockStacker"
    },
    {
      "type": "sign",
      "x": 4,
      "y": 4,
      "elevation": 0,
      "player_facing_dir": "BG_EVENT_PLAYER_FACING_NORTH",
      "script": "MauvilleCity_GameCorner_EventScript_Snake"
    },
    {
      "type": "sign",
      "x": 5,
      "y": 4,
      "elevation": 0,
      "player_facing_dir": "BG_EVENT_PLAYER_FACING_NORTH",
      "script": "MauvilleCity_GameCorner_EventScript_FlappyBird"
    },
    {
      "type": "sign",
      "x": 14,
      "y": 4,
      "elevation": 0,
      "player_facing_dir": "BG_EVENT_PLAYER_FACING_NORTH",
      "script": "MauvilleCity_GameCorner_EventScript_Derby"
    },
    {
      "type": "sign",
      "x": 15,
      "y": 4,
      "elevation": 0,
      "player_facing_dir": "BG_EVENT_PLAYER_FACING_NORTH",
      "script": "MauvilleCity_GameCorner_EventScript_Derby"
    },
    {
      "type": "sign",
      "x": 8,
      "y": 2,
      "elevation": 0,
      "player_facing_dir": "BG_EVENT_PLAYER_FACING_NORTH",
      "script": "MauvilleCity_GameCorner_EventScript_Pachinko"
    },
    {
      "type": "sign",
      "x": 18,
      "y": 3,
      "elevation": 0,
      "player_facing_dir": "BG_EVENT_PLAYER_FACING_NORTH",
      "script": "MauvilleCity_GameCorner_EventScript_Derby"
    },
    {
      "type": "sign",
      "x": 11,
      "y": 3,
      "elevation": 0,
      "player_facing_dir": "BG_EVENT_PLAYER_FACING_NORTH",
      "script": "MauvilleCity_GameCorner_EventScript_Derby"
    },
    {
      "type": "sign",
      "x": 26,
      "y": 8,
      "elevation": 0,
      "player_facing_dir": "BG_EVENT_PLAYER_FACING_NORTH",
      "script": "MauvilleCity_GameCorner_EventScript_VoltorbFlip"
    },
    {
      "type": "sign",
      "x": 27,
      "y": 13,
      "elevation": 0,
      "player_facing_dir": "BG_EVENT_PLAYER_FACING_ANY",
      "script": "MauvilleCity_GameCorner_EventScript_Blackjack"
    },
    {
      "type": "sign",
      "x": 26,
      "y": 13,
      "elevation": 0,
      "player_facing_dir": "BG_EVENT_PLAYER_FACING_ANY",
      "script": "MauvilleCity_GameCorner_EventScript_Blackjack"
    },
    {
      "type": "sign",
      "x": 25,
      "y": 13,
      "elevation": 0,
      "player_facing_dir": "BG_EVENT_PLAYER_FACING_ANY",
      "script": "MauvilleCity_GameCorner_EventScript_Blackjack"
    },
    {
      "type": "sign",
      "x": 27,
      "y": 12,
      "elevation": 0,
      "player_facing_dir": "BG_EVENT_PLAYER_FACING_ANY",
      "script": "MauvilleCity_GameCorner_EventScript_Blackjack"
    },
    {
      "type": "sign",
      "x": 26,
      "y": 12,
      "elevation": 0,
      "player_facing_dir": "BG_EVENT_PLAYER_FACING_ANY",
      "script": "MauvilleCity_GameCorner_EventScript_Blackjack"
    },
    {
      "type": "sign",
      "x": 25,
      "y": 12,
      "elevation": 0,
      "player_facing_dir": "BG_EVENT_PLAYER_FACING_ANY",
      "script": "MauvilleCity_GameCorner_EventScript_Blackjack"
    }
  ]
}
