{
  "id": "MAP_ROUTE6_UNUSED_HOUSE",
  "name": "Route6_UnusedHouse",
  "layout": "LAYOUT_HOUSE2",
  "music": "MUS_ROUTE3",
  "region_map_section": "MAPSEC_ROUTE_6",
  "requires_flash": false,
  "weather": "WEATHER_NONE",
  "map_type": "MAP_TYPE_INDOOR",
  "allow_cycling": false,
  "allow_escaping": false,
  "allow_running": false,
  "show_map_name": false,
  "floor_number": 0,
  "battle_scene": "MAP_BATTLE_SCENE_NORMAL",
  "connections": 0,
  "object_events": [

  ],
  "warp_events": [

  ],
  "coord_events": [

  ],
  "bg_events": [

  ]
}
