{
  "id": "MAP_LAVERIA_CITY_INTERLINK",
  "name": "LaveriaCity_Interlink",
  "layout": "LAYOUT_LAVERIA_CITY_INTERLINK",
  "music": "MUS_RUSTBORO",
  "region_map_section": "MAPSEC_LAVERIA_CITY",
  "requires_flash": false,
  "weather": "WEATHER_NONE",
  "map_type": "MAP_TYPE_INDOOR",
  "allow_cycling": true,
  "allow_escaping": false,
  "allow_running": true,
  "show_map_name": false,
  "battle_scene": "MAP_BATTLE_SCENE_NORMAL",
  "connections": 0,
  "object_events": [
    {
      "graphics_id": "OBJ_EVENT_GFX_HIKER",
      "x": 4,
      "y": 5,
      "elevation": 3,
      "movement_type": "MOVEMENT_TYPE_NONE",
      "movement_range_x": 0,
      "movement_range_y": 0,
      "trainer_type": "TRAINER_TYPE_NONE",
      "trainer_sight_or_berry_tree_id": "0",
      "script": "LaveriaCity_Interlink_Hiker",
      "flag": "0"
    },
    {
      "graphics_id": "OBJ_EVENT_GFX_POKEFAN_F",
      "x": 9,
      "y": 7,
      "elevation": 3,
      "movement_type": "MOVEMENT_TYPE_WANDER_LEFT_AND_RIGHT",
      "movement_range_x": 0,
      "movement_range_y": 0,
      "trainer_type": "TRAINER_TYPE_NONE",
      "trainer_sight_or_berry_tree_id": "0",
      "script": "LaveriaCity_Interlink_Woman",
      "flag": "0"
    },
    {
      "graphics_id": "OBJ_EVENT_GFX_GIRL_2",
      "x": 6,
      "y": 21,
      "elevation": 3,
      "movement_type": "MOVEMENT_TYPE_FACE_DOWN_UP_AND_LEFT",
      "movement_range_x": 0,
      "movement_range_y": 0,
      "trainer_type": "TRAINER_TYPE_NONE",
      "trainer_sight_or_berry_tree_id": "0",
      "script": "LaveriaCity_Interlink_Girl",
      "flag": "0"
    },
    {
      "graphics_id": "OBJ_EVENT_GFX_SCIENTIST_1",
      "x": 11,
      "y": 4,
      "elevation": 0,
      "movement_type": "MOVEMENT_TYPE_NONE",
      "movement_range_x": 0,
      "movement_range_y": 0,
      "trainer_type": "TRAINER_TYPE_NONE",
      "trainer_sight_or_berry_tree_id": "0",
      "script": "LaveriaCity_Interlink_Aide",
      "flag": "0"
    },
    {
      "graphics_id": "OBJ_EVENT_GFX_LITTLE_BOY",
      "x": 3,
      "y": 22,
      "elevation": 0,
      "movement_type": "MOVEMENT_TYPE_LOOK_AROUND",
      "movement_range_x": 0,
      "movement_range_y": 0,
      "trainer_type": "TRAINER_TYPE_NONE",
      "trainer_sight_or_berry_tree_id": "0",
      "script": "LaveriaCity_Interlink_Little_Boy",
      "flag": "0"
    }
  ],
  "warp_events": [
    {
      "x": 4,
      "y": 18,
      "elevation": 3,
      "dest_map": "MAP_LAVERIA_CITY",
      "dest_warp_id": "5"
    },
    {
      "x": 5,
      "y": 18,
      "elevation": 3,
      "dest_map": "MAP_LAVERIA_CITY",
      "dest_warp_id": "6"
    },
    {
      "x": 4,
      "y": 27,
      "elevation": 3,
      "dest_map": "MAP_ROUTE9",
      "dest_warp_id": "0"
    },
    {
      "x": 5,
      "y": 27,
      "elevation": 3,
      "dest_map": "MAP_ROUTE9",
      "dest_warp_id": "1"
    },
    {
      "x": 15,
      "y": 5,
      "elevation": 3,
      "dest_map": "MAP_LAVERIA_CITY",
      "dest_warp_id": "7"
    },
    {
      "x": 15,
      "y": 6,
      "elevation": 3,
      "dest_map": "MAP_LAVERIA_CITY",
      "dest_warp_id": "8"
    },
    {
      "x": 15,
      "y": 7,
      "elevation": 3,
      "dest_map": "MAP_LAVERIA_CITY",
      "dest_warp_id": "9"
    },
    {
      "x": 1,
      "y": 5,
      "elevation": 3,
      "dest_map": "MAP_ROUTE7",
      "dest_warp_id": "9"
    },
    {
      "x": 1,
      "y": 6,
      "elevation": 3,
      "dest_map": "MAP_ROUTE7",
      "dest_warp_id": "0"
    },
    {
      "x": 1,
      "y": 7,
      "elevation": 3,
      "dest_map": "MAP_ROUTE7",
      "dest_warp_id": "1"
    }
  ],
  "coord_events": [
    {
      "type": "trigger",
      "x": 1,
      "y": 5,
      "elevation": 0,
      "var": "VAR_ROUTE_7_STATE",
      "var_value": "0",
      "script": "LaveriaCity_Route7_State"
    },
    {
      "type": "trigger",
      "x": 1,
      "y": 6,
      "elevation": 0,
      "var": "VAR_ROUTE_7_STATE",
      "var_value": "0",
      "script": "LaveriaCity_Route7_State"
    },
    {
      "type": "trigger",
      "x": 44,
      "y": -10,
      "elevation": 0,
      "var": "VAR_ROUTE_7_STATE",
      "var_value": "0",
      "script": "LaveriaCity_Route7_State"
    },
    {
      "type": "trigger",
      "x": 1,
      "y": 7,
      "elevation": 0,
      "var": "VAR_ROUTE_7_STATE",
      "var_value": "0",
      "script": "LaveriaCity_Route7_State"
    }
  ],
  "bg_events": [
    {
      "type": "hidden_item",
      "x": 8,
      "y": 3,
      "elevation": 0,
      "item": "ITEM_GREAT_BALL",
      "flag": "FLAG_HIDDEN_ITEM_ROUTE_109_GREAT_BALL"
    }
  ]
}
