<?xml version="1.0" encoding="UTF-8"?>
<files>
  <file name="multi.zip" source="original">
    <mtime>1605505727</mtime>
    <size>8327662</size>
    <md5>4ee2673eea54fd5f48fb7f09d0dc5716</md5>
    <crc32>9567ef54</crc32>
    <sha1>04d2c0bdb2354397a3c14fed22fc42e5a1ffe8d8</sha1>
    <format>ZIP</format>
  </file>
  <file name="pikmin2multiplayer1-01_archive.torrent" source="metadata">
    <btih>6fc24bc7afbdf261ba3f7f1844b11ce6bc3e2501</btih>
    <mtime>1613592951</mtime>
    <size>2005</size>
    <md5>05fcf173719fa07b3f762e3b9dd03ba5</md5>
    <crc32>65a57c56</crc32>
    <sha1>1abaf67c56c8fc7c785b9c84034619f62402271d</sha1>
    <format>Archive BitTorrent</format>
  </file>
  <file name="pikmin2multiplayer1-01_files.xml" source="original">
    <format>Metadata</format>
    <md5>729ee22b37056730718508aef88858d5</md5>
  </file>
  <file name="pikmin2multiplayer1-01_meta.sqlite" source="original">
    <mtime>1605505917</mtime>
    <size>11264</size>
    <md5>3d495eefec8ed5bb76cc8ffe24620c6f</md5>
    <crc32>66283ebd</crc32>
    <sha1>06b83e4a4609d956269e19bdf4331da0ad1807c5</sha1>
    <format>Metadata</format>
  </file>
  <file name="pikmin2multiplayer1-01_meta.xml" source="original">
    <mtime>1613592949</mtime>
    <size>1343</size>
    <md5>1d89394ba1bd036f919dd9a3d8bcacc7</md5>
    <crc32>5457b8a5</crc32>
    <sha1>ba9f0c252832ce09031f0cdc448257f29c6f2ad7</sha1>
    <format>Metadata</format>
  </file>
</files>
