<?xml version="1.0" encoding="UTF-8"?>
<metadata>
  <identifier>pikmin2multiplayer1-01</identifier>
  <mediatype>software</mediatype>
  <collection>open_source_software</collection>
  <creator>PikHacker</creator>
  <date>2020-05-06</date>
  <description>&lt;div&gt;&lt;a href="https://www.youtube.com/watch?v=5ypPA68AfsA" rel="nofollow"&gt;https://www.youtube.com/watch?v=5ypPA68AfsA&lt;/a&gt;&lt;br /&gt;&lt;/div&gt;&lt;div&gt;&lt;br /&gt;&lt;/div&gt;&lt;div&gt;Version 1.01&lt;/div&gt;Pikmin 2 Multiplayer Editon&lt;br /&gt;&lt;div&gt;Made by PikHacker&lt;/div&gt;&lt;div&gt;&lt;br /&gt;&lt;/div&gt;&lt;div&gt;Instructions are in readme.txt&lt;/div&gt;&lt;div&gt;&lt;br /&gt;&lt;/div&gt;&lt;div&gt;Original ISO is &lt;b&gt;not&lt;/b&gt; included in this archive.&lt;br /&gt;&lt;/div&gt;</description>
  <scanner>Internet Archive HTML5 Uploader 1.6.4</scanner>
  <subject>pikmin</subject>
  <title>Pikmin 2 Multiplayer Editon Hack v1.01</title>
  <subject>nintendo</subject>
  <subject>rom</subject>
  <subject>hack</subject>
  <uploader>chainswordcs@gmail.com</uploader>
  <publicdate>2020-11-16 05:51:07</publicdate>
  <addeddate>2020-11-16 05:51:07</addeddate>
  <curation>[curator]validator@archive.org[/curator][date]20201116055746[/date][comment]checked for malware[/comment]</curation>
  <collection>community</collection>
</metadata>
