{
  "id": "MAP_ONE_ISLAND_TREASURE_BEACH",
  "name": "OneIsland_TreasureBeach",
  "layout": "LAYOUT_ONE_ISLAND_TREASURE_BEACH",
  "music": "MUS_ROUTE3",
  "region_map_section": "MAPSEC_TREASURE_BEACH",
  "requires_flash": false,
  "weather": "WEATHER_SUNNY",
  "map_type": "MAP_TYPE_ROUTE",
  "allow_cycling": true,
  "allow_escaping": false,
  "allow_running": true,
  "show_map_name": true,
  "floor_number": 0,
  "battle_scene": "MAP_BATTLE_SCENE_NORMAL",
  "connections": [
    {
      "map": "MAP_ONE_ISLAND",
      "offset": 0,
      "direction": "up"
    }
  ],
  "object_events": [
    {
      "type": "object",
      "graphics_id": "OBJ_EVENT_GFX_SWIMMER_F_WATER",
      "x": 8,
      "y": 11,
      "elevation": 1,
      "movement_type": "MOVEMENT_TYPE_WANDER_AROUND",
      "movement_range_x": 2,
      "movement_range_y": 1,
      "trainer_type": "TRAINER_TYPE_NORMAL",
      "trainer_sight_or_berry_tree_id": "1",
      "script": "OneIsland_TreasureBeach_EventScript_Amara",
      "flag": "0"
    },
    {
      "type": "object",
      "graphics_id": "OBJ_EVENT_GFX_BOY",
      "x": 13,
      "y": 20,
      "elevation": 3,
      "movement_type": "MOVEMENT_TYPE_WANDER_AROUND",
      "movement_range_x": 1,
      "movement_range_y": 1,
      "trainer_type": "TRAINER_TYPE_NONE",
      "trainer_sight_or_berry_tree_id": "0",
      "script": "OneIsland_TreasureBeach_EventScript_Boy",
      "flag": "0"
    }
  ],
  "warp_events": [

  ],
  "coord_events": [

  ],
  "bg_events": [
    {
      "type": "hidden_item",
      "x": 8,
      "y": 20,
      "elevation": 3,
      "item": "ITEM_STARDUST",
      "flag": "FLAG_HIDDEN_ITEM_ONE_ISLAND_TREASURE_BEACH_STARDUST",
      "quantity": 1,
      "underfoot": false
    },
    {
      "type": "hidden_item",
      "x": 13,
      "y": 27,
      "elevation": 3,
      "item": "ITEM_STARDUST",
      "flag": "FLAG_HIDDEN_ITEM_ONE_ISLAND_TREASURE_BEACH_STARDUST_2",
      "quantity": 1,
      "underfoot": false
    },
    {
      "type": "hidden_item",
      "x": 11,
      "y": 31,
      "elevation": 3,
      "item": "ITEM_PEARL",
      "flag": "FLAG_HIDDEN_ITEM_ONE_ISLAND_TREASURE_BEACH_PEARL",
      "quantity": 1,
      "underfoot": false
    },
    {
      "type": "hidden_item",
      "x": 9,
      "y": 34,
      "elevation": 3,
      "item": "ITEM_PEARL",
      "flag": "FLAG_HIDDEN_ITEM_ONE_ISLAND_TREASURE_BEACH_PEARL_2",
      "quantity": 1,
      "underfoot": false
    },
    {
      "type": "hidden_item",
      "x": 15,
      "y": 22,
      "elevation": 3,
      "item": "ITEM_ULTRA_BALL",
      "flag": "FLAG_HIDDEN_ITEM_ONE_ISLAND_TREASURE_BEACH_ULTRA_BALL",
      "quantity": 1,
      "underfoot": false
    },
    {
      "type": "hidden_item",
      "x": 16,
      "y": 33,
      "elevation": 3,
      "item": "ITEM_ULTRA_BALL",
      "flag": "FLAG_HIDDEN_ITEM_ONE_ISLAND_TREASURE_BEACH_ULTRA_BALL_2",
      "quantity": 1,
      "underfoot": false
    },
    {
      "type": "hidden_item",
      "x": 15,
      "y": 29,
      "elevation": 3,
      "item": "ITEM_STAR_PIECE",
      "flag": "FLAG_HIDDEN_ITEM_ONE_ISLAND_TREASURE_BEACH_STAR_PIECE",
      "quantity": 1,
      "underfoot": false
    },
    {
      "type": "hidden_item",
      "x": 8,
      "y": 27,
      "elevation": 3,
      "item": "ITEM_BIG_PEARL",
      "flag": "FLAG_HIDDEN_ITEM_ONE_ISLAND_TREASURE_BEACH_BIG_PEARL",
      "quantity": 1,
      "underfoot": false
    }
  ]
}
