<?xml version="1.0" encoding="UTF-8"?>
<metadata>
  <identifier>terranigma-harder-bosses</identifier>
  <mediatype>data</mediatype>
  <collection>opensource_media</collection>
  <creator>FaydGamer</creator>
  <date>2025-03-30</date>
  <description>Terranigma Harder Bosses&lt;div&gt;&lt;br /&gt;&lt;/div&gt;&lt;div&gt;Increased ALL Bosses states by 1.25X and Hp by 2X&lt;/div&gt;&lt;div&gt;&lt;br /&gt;&lt;/div&gt;&lt;div&gt;Added a Second Patch for people who only want 2X Boss Hp with no stat Changes.&lt;/div&gt;&lt;div&gt;&lt;br /&gt;&lt;/div&gt;&lt;div&gt;This Scales Dark Gaia (Final Boss) to Level 47, Max Level is 50.&lt;/div&gt;&lt;div&gt;So if you're looking for an excuse to Max your Stats but also have Balanced yet Challenging Bosses, than this is for you!&lt;/div&gt;&lt;div&gt;&lt;br /&gt;&lt;/div&gt;&lt;div&gt;If you're looking for an almost unbeatable final boss that requires you to have Max Stats, and best Equipment in the game to survive, then try out my Harder Final Boss Hack&lt;/div&gt;&lt;div&gt;Stats increased to Max and Hp increased to 5,000. To use with Harder Bosses; Patch Hard Final Boss AFTER applying Harder Bosses.&lt;/div&gt;</description>
  <scanner>Internet Archive HTML5 Uploader 1.7.0</scanner>
  <subject>Terranigma Rom Hack Harder Bosses</subject>
  <title>Terranigma Harder Bosses</title>
  <uploader>faydpromotions@gmail.com</uploader>
  <publicdate>2025-03-31 01:52:40</publicdate>
  <addeddate>2025-03-31 01:52:40</addeddate>
  <curation>[curator]validator@archive.org[/curator][date]20250331015845[/date][comment]checked for malware[/comment]</curation>
</metadata>
