<?xml version="1.0" encoding="UTF-8"?>
<files>
  <file name="Terranigma Double Boss HP.ips" source="original">
    <mtime>1743461778</mtime>
    <size>265</size>
    <md5>69ce3d3f35d42f05cb19ba88813cbf1c</md5>
    <crc32>df51e515</crc32>
    <sha1>6adc19a06f90342d4bd1b4512b30cfce9a3b03e3</sha1>
    <format>Unknown</format>
    <viruscheck>1743461819</viruscheck>
  </file>
  <file name="Terranigma Harder Bosses.ips" source="original">
    <mtime>1743385933</mtime>
    <size>288</size>
    <md5>0a34e47eee41063fbe4439d03d466681</md5>
    <crc32>3690d0db</crc32>
    <sha1>23be76334e5925f294ad6441bdb1b76a16a2a655</sha1>
    <format>Unknown</format>
    <viruscheck>1743386325</viruscheck>
  </file>
  <file name="terranigma-harder-bosses_archive.torrent" source="metadata">
    <btih>da7f1d1351a78c273dbe65c029b75795f21e2413</btih>
    <mtime>1743461935</mtime>
    <size>1949</size>
    <md5>f1aee6085a73eb6d3b5b91cdc31b4921</md5>
    <crc32>f03b1118</crc32>
    <sha1>80198fa40869d95e4825208f90b257ec588953a2</sha1>
    <format>Archive BitTorrent</format>
  </file>
  <file name="terranigma-harder-bosses_files.xml" source="original">
    <format>Metadata</format>
    <md5>1db2658dc71dba1f31f2f9351a7d6fcd</md5>
    <summation>md5</summation>
  </file>
  <file name="terranigma-harder-bosses_meta.sqlite" source="original">
    <mtime>1743461792</mtime>
    <size>20480</size>
    <md5>1246fa5fdc61fa26bc878fc40845b9b6</md5>
    <crc32>615656dd</crc32>
    <sha1>2e30fb2f78329f38890a66e02adf59b7e756e029</sha1>
    <format>Metadata</format>
  </file>
  <file name="terranigma-harder-bosses_meta.xml" source="original">
    <mtime>1743461934</mtime>
    <size>1614</size>
    <md5>68ffc160212df51a575fdaf307569710</md5>
    <crc32>e49c1a15</crc32>
    <sha1>87ba5307bc72c5be1b0a8d4fac52349c6464e7f5</sha1>
    <format>Metadata</format>
  </file>
</files>
