{
  "group_order": [
    "gMapGroup_DarkfireMain",
    "gMapGroup_DarkfireDungeons",
    "gMapGroup_DarkfireIslands",
    "gMapGroup_DarkfireIslandDungeons",
    "gMapGroup_DarkfireGrottos",
    "gMapGroup_DarkfireSpecialAreas",
    "gMapGroup_IndoorChandra",
    "gMapGroup_IndoorSunrise",
    "gMapGroup_IndoorUnion",
    "gMapGroup_IndoorGreendale",
    "gMapGroup_IndoorAnheim",
    "gMapGroup_IndoorLaveria",
    "gMapGroup_IndoorHighwind",
    "gMapGroup_IndoorNorthstar",
    "gMapGroup_IndoorPinleaf",
    "gMapGroup_IndoorPort",
    "gMapGroup_IndoorLumeria",
    "gMapGroup_IndoorRoute3",
    "gMapGroup_IndoorRoute4",
    "gMapGroup_IndoorRoute5",
    "gMapGroup_IndoorRoute9",
    "gMapGroup_IndoorRoute11",
    "gMapGroup_IndoorAnheimForest",
    "gMapGroup_DarkfireMapInterlinks",
    "gMapGroup_TownsAndRoutes",
    "gMapGroup_IndoorLittleroot",
    "gMapGroup_IndoorOldale",
    "gMapGroup_IndoorDewford",
    "gMapGroup_IndoorLavaridge",
    "gMapGroup_IndoorFallarbor",
    "gMapGroup_IndoorVerdanturf",
    "gMapGroup_IndoorPacifidlog",
    "gMapGroup_IndoorPetalburg",
    "gMapGroup_IndoorSlateport",
    "gMapGroup_IndoorMauville",
    "gMapGroup_IndoorRustboro",
    "gMapGroup_IndoorFortree",
    "gMapGroup_IndoorLilycove",
    "gMapGroup_IndoorMossdeep",
    "gMapGroup_IndoorSootopolis",
    "gMapGroup_IndoorEverGrande",
    "gMapGroup_IndoorRoute104",
    "gMapGroup_IndoorRoute111",
    "gMapGroup_IndoorRoute112",
    "gMapGroup_IndoorRoute114",
    "gMapGroup_IndoorRoute116",
    "gMapGroup_IndoorRoute117",
    "gMapGroup_IndoorRoute121",
    "gMapGroup_Dungeons",
    "gMapGroup_IndoorDynamic",
    "gMapGroup_SpecialArea",
    "gMapGroup_IndoorRoute104Prototype",
    "gMapGroup_IndoorRoute109",
    "gMapGroup_IndoorRoute110",
    "gMapGroup_IndoorRoute113",
    "gMapGroup_IndoorRoute123",
    "gMapGroup_IndoorRoute119",
    "gMapGroup_IndoorRoute124"
  ],
  "gMapGroup_DarkfireMain": [
    "ChandraVillage",
    "SunriseTown",
    "UnionCity",
    "GreendaleVillage",
    "AnheimTown",
    "LaveriaCity",
    "HighwindVillage",
    "NorthstarCity",
    "PinleafTown",
    "WaterwayCity",
    "MayhemCity",
    "MoonspringCity",
    "ZonyaVillage",
    "DriftstreamTown",
    "MiraniaTown",
    "ThymesgroveCity",
    "TwilightVillage",
    "PortBalina",
    "WestDistrict",
    "BattleDistrict",
    "Port",
    "Outskirts",
    "Route1",
    "Route2",
    "Route3",
    "Route4",
    "Route5",
    "Route6",
    "Route7",
    "Route8",
    "Route9",
    "Route10",
    "Route11",
    "Route12",
    "Route13",
    "Route14",
    "Route15",
    "Route16",
    "Route17",
    "Route22",
    "Route25",
    "Route31"
  ],
  "gMapGroup_DarkfireDungeons": [
    "AnheimForest",
    "RockfallCave_1F",
    "RockfallCave_B1F",
    "SteepRavine",
    "TamarokTunnels",
    "TamarokPeak",
    "PalaceOfIce_Entrance",
    "PalaceOfIce_Inside",
    "SnowdriftForest",
    "MuddyUnderpass",
    "Underwater",
    "DesertCaverns",
    "DesertPass",
    "SSCoral_Corridors_1F",
    "SSCoral_Deck"
  ],
  "gMapGroup_DarkfireIslands": [
    "HorizonIsland",
    "HorizonIslandNorthCoast",
    "HorizonIslandSouthCoast",
    "HorizonIslandSouthCoastPeak",
    "HorizonIslandJungle",
    "HorizonIslandJunglePeak"
  ],
  "gMapGroup_DarkfireIslandDungeons": [
    "MtProboPeak",
    "MtProboCave_1F",
    "MtProbo",
    "MtProboCave_2F"
  ],
  "gMapGroup_DarkfireGrottos": [
    "Route4EastTreeGrotto"
  ],
  "gMapGroup_DarkfireSpecialAreas": [
    "ArcticBay",
    "NightmareHall",
    "ForestsHeart",
    "SoulPeak",
    "CharredSummit",
    "CharredPath",
    "ThunderCrest",
    "NorthstarArena"
  ],
  "gMapGroup_IndoorChandra": [
    "ChandraVillage_PlayerHouse_1F",
    "ChandraVillage_PlayerHouse_2F",
    "ChandraVillage_TylerHouse_1F",
    "ChandraVillage_TylerHouse_2F",
    "ChandraVillage_Lab"
  ],
  "gMapGroup_IndoorSunrise": [
    "SunriseTown_House1",
    "SunriseTown_House2",
    "SunriseTown_Hotel_1F",
    "SunriseTown_PokemonCenter_1F",
    "SunriseTown_Mart"
  ],
  "gMapGroup_IndoorUnion": [
    "UnionCity_House1_1F",
    "UnionCity_House1_2F",
    "UnionCity_House1_3F",
    "UnionCity_House2",
    "UnionCity_House3_1F",
    "UnionCity_House3_2F",
    "UnionCity_GovOffice_1F",
    "UnionCity_GovOffice_2F",
    "UnionCity_GovOffice_3F",
    "UnionCity_AbandonedMuseum",
    "UnionCity_BikeShop",
    "UnionCity_GameCorner",
    "UnionCity_PokemonCenter_1F",
    "UnionCity_DepartmentStore_1F",
    "UnionCity_DepartmentStore_2F",
    "UnionCity_DepartmentStore_3F",
    "UnionCity_DepartmentStore_4F",
    "UnionCity_DepartmentStore_5F",
    "UnionCity_DepartmentStoreElevator"
  ],
  "gMapGroup_IndoorGreendale": [
    "GreendaleVillage_House1",
    "GreendaleVillage_RoseHouse",
    "GreendaleVillage_TrainerSchool",
    "GreendaleVillage_PokemonCenter_1F",
    "GreendaleVillage_Mart"
  ],
  "gMapGroup_IndoorAnheim": [
    "AnheimTown_House1",
    "AnheimTown_House2",
    "AnheimTown_House3",
    "AnheimTown_PokemonCenter_1F",
    "AnheimTown_Mart"
  ],
  "gMapGroup_IndoorLaveria": [
    "LaveriaCity_House1",
    "LaveriaCity_House2",
    "LaveriaCity_PokemonCenter_1F",
    "LaveriaCity_Mart",
    "LaveriaCity_House3",
    "LaveriaCity_House4"
  ],
  "gMapGroup_IndoorHighwind": [
    "HighwindVillage_House1",
    "HighwindVillage_House2",
    "HighwindVillage_RangersLodge",
    "HighwindVillage_PokemonCenter_1F",
    "HighwindVillage_Mart"
  ],
  "gMapGroup_IndoorNorthstar": [
    "NorthstarCity_House1",
    "NorthstarCity_House2",
    "NorthstarCity_House3",
    "NorthstarCity_Apartments",
    "NorthstarCity_TrainerSchool",
    "NorthstarCity_StorageFacility",
    "NorthstarCity_ShippingCenter",
    "NorthstarCity_Tournament_1F",
    "NorthstarCity_Tournament_2F",
    "NorthstarCity_Tournament_3F",
    "NorthstarCity_Tournament_4F",
    "NorthstarCity_Lighthouse",
    "NorthstarCity_TelescopeSea",
    "NorthstarCity_PokemonCenter_1F",
    "NorthstarCity_Mart"
  ],
  "gMapGroup_IndoorPinleaf": [
    "PinleafTown_House1",
    "PinleafTown_House2",
    "PinleafTown_House3",
    "PinleafTown_House4",
    "PinleafTown_House5",
    "PinleafTown_FarmHouse",
    "PinleafTown_StorageFacility",
    "PinleafTown_FlowerShop",
    "PinleafTown_Inn_1F",
    "PinleafTown_Inn_2F",
    "PinleafTown_Mart"
  ],
  "gMapGroup_IndoorPort": [
    "Port_Harbour"
  ],
  "gMapGroup_IndoorLumeria": [

  ],
  "gMapGroup_IndoorRoute3": [
    "Route3_House1"
  ],
  "gMapGroup_IndoorRoute4": [
    "Route4_PokemonDayCare"
  ],
  "gMapGroup_IndoorRoute5": [
    "Route5_House1"
  ],
  "gMapGroup_IndoorRoute9": [
    "Route9_StarterDome"
  ],
  "gMapGroup_IndoorRoute11": [
    "Route11_House1"
  ],
  "gMapGroup_IndoorAnheimForest": [
    "AnheimForest_House1"
  ],
  "gMapGroup_DarkfireMapInterlinks": [
    "LaveriaCity_Interlink",
    "UnionCity_Interlink",
    "NorthstarCity_Interlink"
  ],
  "gMapGroup_TownsAndRoutes": [
    "PetalburgCity",
    "SlateportCity",
    "MauvilleCity",
    "RustboroCity",
    "FortreeCity",
    "LilycoveCity",
    "MossdeepCity",
    "SootopolisCity",
    "EverGrandeCity",
    "LittlerootTown",
    "OldaleTown",
    "DewfordTown",
    "LavaridgeTown",
    "FallarborTown",
    "VerdanturfTown",
    "PacifidlogTown",
    "Route101",
    "Route102",
    "Route103",
    "Route104",
    "Route105",
    "Route106",
    "Route107",
    "Route108",
    "Route109",
    "Route110",
    "Route111",
    "Route112",
    "Route113",
    "Route114",
    "Route115",
    "Route116",
    "Route117",
    "Route118",
    "Route119",
    "Route120",
    "Route121",
    "Route122",
    "Route123",
    "Route124",
    "Route125",
    "Route126",
    "Route127",
    "Route128",
    "Route129",
    "Route130",
    "Route131",
    "Route132",
    "Route133",
    "Route134",
    "Underwater_Route124",
    "Underwater_Route126",
    "Underwater_Route127",
    "Underwater_Route128",
    "Underwater_Route129",
    "Underwater_Route105",
    "Underwater_Route125"
  ],
  "gMapGroup_IndoorLittleroot": [
    "LittlerootTown_BrendansHouse_1F",
    "LittlerootTown_BrendansHouse_2F",
    "LittlerootTown_MaysHouse_1F",
    "LittlerootTown_MaysHouse_2F",
    "LittlerootTown_ProfessorBirchsLab"
  ],
  "gMapGroup_IndoorOldale": [
    "OldaleTown_House1",
    "OldaleTown_House2",
    "OldaleTown_PokemonCenter_1F",
    "OldaleTown_PokemonCenter_2F",
    "OldaleTown_Mart"
  ],
  "gMapGroup_IndoorDewford": [
    "DewfordTown_House1",
    "DewfordTown_PokemonCenter_1F",
    "DewfordTown_PokemonCenter_2F",
    "DewfordTown_Gym",
    "DewfordTown_Hall",
    "DewfordTown_House2"
  ],
  "gMapGroup_IndoorLavaridge": [
    "LavaridgeTown_HerbShop",
    "LavaridgeTown_Gym_1F",
    "LavaridgeTown_Gym_B1F",
    "LavaridgeTown_House",
    "LavaridgeTown_Mart",
    "LavaridgeTown_PokemonCenter_1F",
    "LavaridgeTown_PokemonCenter_2F"
  ],
  "gMapGroup_IndoorFallarbor": [
    "FallarborTown_Mart",
    "FallarborTown_BattleTentLobby",
    "FallarborTown_BattleTentCorridor",
    "FallarborTown_BattleTentBattleRoom",
    "FallarborTown_PokemonCenter_1F",
    "FallarborTown_PokemonCenter_2F",
    "FallarborTown_CozmosHouse",
    "FallarborTown_MoveRelearnersHouse"
  ],
  "gMapGroup_IndoorVerdanturf": [
    "VerdanturfTown_BattleTentLobby",
    "VerdanturfTown_BattleTentCorridor",
    "VerdanturfTown_BattleTentBattleRoom",
    "VerdanturfTown_Mart",
    "VerdanturfTown_PokemonCenter_1F",
    "VerdanturfTown_PokemonCenter_2F",
    "VerdanturfTown_WandasHouse",
    "VerdanturfTown_FriendshipRatersHouse",
    "VerdanturfTown_House"
  ],
  "gMapGroup_IndoorPacifidlog": [
    "PacifidlogTown_PokemonCenter_1F",
    "PacifidlogTown_PokemonCenter_2F",
    "PacifidlogTown_House1",
    "PacifidlogTown_House2",
    "PacifidlogTown_House3",
    "PacifidlogTown_House4",
    "PacifidlogTown_House5"
  ],
  "gMapGroup_IndoorPetalburg": [
    "PetalburgCity_WallysHouse",
    "PetalburgCity_Gym",
    "PetalburgCity_House1",
    "PetalburgCity_House2",
    "PetalburgCity_PokemonCenter_1F",
    "PetalburgCity_PokemonCenter_2F",
    "PetalburgCity_Mart"
  ],
  "gMapGroup_IndoorSlateport": [
    "SlateportCity_SternsShipyard_1F",
    "SlateportCity_SternsShipyard_2F",
    "SlateportCity_BattleTentLobby",
    "SlateportCity_BattleTentCorridor",
    "SlateportCity_BattleTentBattleRoom",
    "SlateportCity_NameRatersHouse",
    "SlateportCity_PokemonFanClub",
    "SlateportCity_OceanicMuseum_1F",
    "SlateportCity_OceanicMuseum_2F",
    "SlateportCity_Harbor",
    "SlateportCity_House",
    "SlateportCity_PokemonCenter_1F",
    "SlateportCity_PokemonCenter_2F",
    "SlateportCity_Mart"
  ],
  "gMapGroup_IndoorMauville": [
    "MauvilleCity_Gym",
    "MauvilleCity_BikeShop",
    "MauvilleCity_House1",
    "MauvilleCity_GameCorner",
    "MauvilleCity_House2",
    "MauvilleCity_PokemonCenter_1F",
    "MauvilleCity_PokemonCenter_2F",
    "MauvilleCity_Mart"
  ],
  "gMapGroup_IndoorRustboro": [
    "RustboroCity_DevonCorp_1F",
    "RustboroCity_DevonCorp_2F",
    "RustboroCity_DevonCorp_3F",
    "RustboroCity_Gym",
    "RustboroCity_PokemonSchool",
    "RustboroCity_PokemonCenter_1F",
    "RustboroCity_PokemonCenter_2F",
    "RustboroCity_Mart",
    "RustboroCity_Flat1_1F",
    "RustboroCity_Flat1_2F",
    "RustboroCity_House1",
    "RustboroCity_CuttersHouse",
    "RustboroCity_House2",
    "RustboroCity_Flat2_1F",
    "RustboroCity_Flat2_2F",
    "RustboroCity_Flat2_3F",
    "RustboroCity_House3"
  ],
  "gMapGroup_IndoorFortree": [
    "FortreeCity_House1",
    "FortreeCity_Gym",
    "FortreeCity_PokemonCenter_1F",
    "FortreeCity_PokemonCenter_2F",
    "FortreeCity_Mart",
    "FortreeCity_House2",
    "FortreeCity_House3",
    "FortreeCity_House4",
    "FortreeCity_House5",
    "FortreeCity_DecorationShop"
  ],
  "gMapGroup_IndoorLilycove": [
    "LilycoveCity_CoveLilyMotel_1F",
    "LilycoveCity_CoveLilyMotel_2F",
    "LilycoveCity_LilycoveMuseum_1F",
    "LilycoveCity_LilycoveMuseum_2F",
    "LilycoveCity_ContestLobby",
    "LilycoveCity_ContestHall",
    "LilycoveCity_PokemonCenter_1F",
    "LilycoveCity_PokemonCenter_2F",
    "LilycoveCity_UnusedMart",
    "LilycoveCity_PokemonTrainerFanClub",
    "LilycoveCity_Harbor",
    "LilycoveCity_MoveDeletersHouse",
    "LilycoveCity_House1",
    "LilycoveCity_House2",
    "LilycoveCity_House3",
    "LilycoveCity_House4",
    "LilycoveCity_DepartmentStore_1F",
    "LilycoveCity_DepartmentStore_2F",
    "LilycoveCity_DepartmentStore_3F",
    "LilycoveCity_DepartmentStore_4F",
    "LilycoveCity_DepartmentStore_5F",
    "LilycoveCity_DepartmentStoreRooftop",
    "LilycoveCity_DepartmentStoreElevator"
  ],
  "gMapGroup_IndoorMossdeep": [
    "MossdeepCity_Gym",
    "MossdeepCity_House1",
    "MossdeepCity_House2",
    "MossdeepCity_PokemonCenter_1F",
    "MossdeepCity_PokemonCenter_2F",
    "MossdeepCity_Mart",
    "MossdeepCity_House3",
    "MossdeepCity_StevensHouse",
    "MossdeepCity_House4",
    "MossdeepCity_SpaceCenter_1F",
    "MossdeepCity_SpaceCenter_2F",
    "MossdeepCity_GameCorner_1F",
    "MossdeepCity_GameCorner_B1F"
  ],
  "gMapGroup_IndoorSootopolis": [
    "SootopolisCity_Gym_1F",
    "SootopolisCity_Gym_B1F",
    "SootopolisCity_PokemonCenter_1F",
    "SootopolisCity_PokemonCenter_2F",
    "SootopolisCity_Mart",
    "SootopolisCity_House1",
    "SootopolisCity_House2",
    "SootopolisCity_House3",
    "SootopolisCity_House4",
    "SootopolisCity_House5",
    "SootopolisCity_House6",
    "SootopolisCity_House7",
    "SootopolisCity_LotadAndSeedotHouse",
    "SootopolisCity_MysteryEventsHouse_1F",
    "SootopolisCity_MysteryEventsHouse_B1F"
  ],
  "gMapGroup_IndoorEverGrande": [
    "EverGrandeCity_SidneysRoom",
    "EverGrandeCity_PhoebesRoom",
    "EverGrandeCity_GlaciasRoom",
    "EverGrandeCity_DrakesRoom",
    "EverGrandeCity_ChampionsRoom",
    "EverGrandeCity_Hall1",
    "EverGrandeCity_Hall2",
    "EverGrandeCity_Hall3",
    "EverGrandeCity_Hall4",
    "EverGrandeCity_Hall5",
    "EverGrandeCity_PokemonLeague_1F",
    "EverGrandeCity_HallOfFame",
    "EverGrandeCity_PokemonCenter_1F",
    "EverGrandeCity_PokemonCenter_2F",
    "EverGrandeCity_PokemonLeague_2F"
  ],
  "gMapGroup_IndoorRoute104": [
    "Route104_MrBrineysHouse",
    "Route104_PrettyPetalFlowerShop"
  ],
  "gMapGroup_IndoorRoute111": [
    "Route111_WinstrateFamilysHouse",
    "Route111_OldLadysRestStop"
  ],
  "gMapGroup_IndoorRoute112": [
    "Route112_CableCarStation",
    "MtChimney_CableCarStation"
  ],
  "gMapGroup_IndoorRoute114": [
    "Route114_FossilManiacsHouse",
    "Route114_FossilManiacsTunnel",
    "Route114_LanettesHouse"
  ],
  "gMapGroup_IndoorRoute116": [
    "Route116_TunnelersRestHouse"
  ],
  "gMapGroup_IndoorRoute117": [
    "Route117_PokemonDayCare"
  ],
  "gMapGroup_IndoorRoute121": [
    "Route121_SafariZoneEntrance"
  ],
  "gMapGroup_Dungeons": [
    "MeteorFalls_1F_1R",
    "MeteorFalls_1F_2R",
    "MeteorFalls_B1F_1R",
    "MeteorFalls_B1F_2R",
    "RusturfTunnel",
    "Underwater_SootopolisCity",
    "DesertRuins",
    "GraniteCave_1F",
    "GraniteCave_B1F",
    "GraniteCave_B2F",
    "GraniteCave_StevensRoom",
    "PetalburgWoods",
    "MtChimney",
    "JaggedPass",
    "FieryPath",
    "MtPyre_1F",
    "MtPyre_2F",
    "MtPyre_3F",
    "MtPyre_4F",
    "MtPyre_5F",
    "MtPyre_6F",
    "MtPyre_Exterior",
    "MtPyre_Summit",
    "AquaHideout_1F",
    "AquaHideout_B1F",
    "AquaHideout_B2F",
    "Underwater_SeafloorCavern",
    "SeafloorCavern_Entrance",
    "SeafloorCavern_Room1",
    "SeafloorCavern_Room2",
    "SeafloorCavern_Room3",
    "SeafloorCavern_Room4",
    "SeafloorCavern_Room5",
    "SeafloorCavern_Room6",
    "SeafloorCavern_Room7",
    "SeafloorCavern_Room8",
    "SeafloorCavern_Room9",
    "CaveOfOrigin_Entrance",
    "CaveOfOrigin_1F",
    "CaveOfOrigin_UnusedRubySapphireMap1",
    "CaveOfOrigin_UnusedRubySapphireMap2",
    "CaveOfOrigin_UnusedRubySapphireMap3",
    "CaveOfOrigin_B1F",
    "VictoryRoad_1F",
    "VictoryRoad_B1F",
    "VictoryRoad_B2F",
    "ShoalCave_LowTideEntranceRoom",
    "ShoalCave_LowTideInnerRoom",
    "ShoalCave_LowTideStairsRoom",
    "ShoalCave_LowTideLowerRoom",
    "ShoalCave_HighTideEntranceRoom",
    "ShoalCave_HighTideInnerRoom",
    "NewMauville_Entrance",
    "NewMauville_Inside",
    "AbandonedShip_Deck",
    "AbandonedShip_Corridors_1F",
    "AbandonedShip_Rooms_1F",
    "AbandonedShip_Corridors_B1F",
    "AbandonedShip_Rooms_B1F",
    "AbandonedShip_Rooms2_B1F",
    "AbandonedShip_Underwater1",
    "AbandonedShip_Room_B1F",
    "AbandonedShip_Rooms2_1F",
    "AbandonedShip_CaptainsOffice",
    "AbandonedShip_Underwater2",
    "AbandonedShip_HiddenFloorCorridors",
    "AbandonedShip_HiddenFloorRooms",
    "IslandCave",
    "AncientTomb",
    "Underwater_Route134",
    "Underwater_SealedChamber",
    "SealedChamber_OuterRoom",
    "SealedChamber_InnerRoom",
    "ScorchedSlab",
    "AquaHideout_UnusedRubyMap1",
    "AquaHideout_UnusedRubyMap2",
    "AquaHideout_UnusedRubyMap3",
    "SkyPillar_Entrance",
    "SkyPillar_Outside",
    "SkyPillar_1F",
    "SkyPillar_2F",
    "SkyPillar_3F",
    "SkyPillar_4F",
    "ShoalCave_LowTideIceRoom",
    "SkyPillar_5F",
    "SkyPillar_Top",
    "MagmaHideout_1F",
    "MagmaHideout_2F_1R",
    "MagmaHideout_2F_2R",
    "MagmaHideout_3F_1R",
    "MagmaHideout_3F_2R",
    "MagmaHideout_4F",
    "MagmaHideout_3F_3R",
    "MagmaHideout_2F_3R",
    "MirageTower_1F",
    "MirageTower_2F",
    "MirageTower_3F",
    "MirageTower_4F",
    "DesertUnderpass",
    "ArtisanCave_B1F",
    "ArtisanCave_1F",
    "Underwater_MarineCave",
    "MarineCave_Entrance",
    "MarineCave_End",
    "TerraCave_Entrance",
    "TerraCave_End",
    "AlteringCave",
    "MeteorFalls_StevensCave"
  ],
  "gMapGroup_IndoorDynamic": [
    "SecretBase_RedCave1",
    "SecretBase_BrownCave1",
    "SecretBase_BlueCave1",
    "SecretBase_YellowCave1",
    "SecretBase_Tree1",
    "SecretBase_Shrub1",
    "SecretBase_RedCave2",
    "SecretBase_BrownCave2",
    "SecretBase_BlueCave2",
    "BattleColosseum_2P",
    "TradeCenter",
    "RecordCorner",
    "BattleColosseum_4P",
    "ContestHall",
    "UnusedContestHall1",
    "UnusedContestHall2",
    "UnusedContestHall3",
    "UnusedContestHall4",
    "UnusedContestHall5",
    "UnusedContestHall6",
    "ContestHallBeauty",
    "ContestHallTough",
    "ContestHallCool",
    "ContestHallSmart",
    "ContestHallCute",
    "InsideOfTruck",
    "SSTidalCorridor",
    "SSTidalLowerDeck",
    "SSTidalRooms",
    "BattlePyramidSquare01",
    "BattlePyramidSquare02",
    "BattlePyramidSquare03",
    "BattlePyramidSquare04",
    "BattlePyramidSquare05",
    "BattlePyramidSquare06",
    "BattlePyramidSquare07",
    "BattlePyramidSquare08",
    "BattlePyramidSquare09",
    "BattlePyramidSquare10",
    "BattlePyramidSquare11",
    "BattlePyramidSquare12",
    "BattlePyramidSquare13",
    "BattlePyramidSquare14",
    "BattlePyramidSquare15",
    "BattlePyramidSquare16",
    "UnionRoom"
  ],
  "gMapGroup_SpecialArea": [
    "SafariZone_Northwest",
    "SafariZone_North",
    "SafariZone_Southwest",
    "SafariZone_South",
    "BattleFrontier_OutsideWest",
    "BattleFrontier_BattleTowerLobby",
    "BattleFrontier_BattleTowerElevator",
    "BattleFrontier_BattleTowerCorridor",
    "BattleFrontier_BattleTowerBattleRoom",
    "SouthernIsland_Exterior",
    "SouthernIsland_Interior",
    "SafariZone_RestHouse",
    "SafariZone_Northeast",
    "SafariZone_Southeast",
    "BattleFrontier_OutsideEast",
    "BattleFrontier_BattleTowerMultiPartnerRoom",
    "BattleFrontier_BattleTowerMultiCorridor",
    "BattleFrontier_BattleTowerMultiBattleRoom",
    "BattleFrontier_BattleDomeLobby",
    "BattleFrontier_BattleDomeCorridor",
    "BattleFrontier_BattleDomePreBattleRoom",
    "BattleFrontier_BattleDomeBattleRoom",
    "BattleFrontier_BattlePalaceLobby",
    "BattleFrontier_BattlePalaceCorridor",
    "BattleFrontier_BattlePalaceBattleRoom",
    "BattleFrontier_BattlePyramidLobby",
    "BattleFrontier_BattlePyramidFloor",
    "BattleFrontier_BattlePyramidTop",
    "BattleFrontier_BattleArenaLobby",
    "BattleFrontier_BattleArenaCorridor",
    "BattleFrontier_BattleArenaBattleRoom",
    "BattleFrontier_BattleFactoryLobby",
    "BattleFrontier_BattleFactoryPreBattleRoom",
    "BattleFrontier_BattleFactoryBattleRoom",
    "BattleFrontier_BattlePikeLobby",
    "BattleFrontier_BattlePikeCorridor",
    "BattleFrontier_BattlePikeThreePathRoom",
    "BattleFrontier_BattlePikeRoomNormal",
    "BattleFrontier_BattlePikeRoomFinal",
    "BattleFrontier_BattlePikeRoomWildMons",
    "BattleFrontier_RankingHall",
    "BattleFrontier_Lounge1",
    "BattleFrontier_ExchangeServiceCorner",
    "BattleFrontier_Lounge2",
    "BattleFrontier_Lounge3",
    "BattleFrontier_Lounge4",
    "BattleFrontier_ScottsHouse",
    "BattleFrontier_Lounge5",
    "BattleFrontier_Lounge6",
    "BattleFrontier_Lounge7",
    "BattleFrontier_ReceptionGate",
    "BattleFrontier_Lounge8",
    "BattleFrontier_Lounge9",
    "BattleFrontier_PokemonCenter_1F",
    "BattleFrontier_PokemonCenter_2F",
    "BattleFrontier_Mart",
    "FarawayIsland_Entrance",
    "FarawayIsland_Interior",
    "BirthIsland_Exterior",
    "BirthIsland_Harbor",
    "TrainerHill_Entrance",
    "TrainerHill_1F",
    "TrainerHill_2F",
    "TrainerHill_3F",
    "TrainerHill_4F",
    "TrainerHill_Roof",
    "NavelRock_Exterior",
    "NavelRock_Harbor",
    "NavelRock_Entrance",
    "NavelRock_B1F",
    "NavelRock_Fork",
    "NavelRock_Up1",
    "NavelRock_Up2",
    "NavelRock_Up3",
    "NavelRock_Up4",
    "NavelRock_Top",
    "NavelRock_Down01",
    "NavelRock_Down02",
    "NavelRock_Down03",
    "NavelRock_Down04",
    "NavelRock_Down05",
    "NavelRock_Down06",
    "NavelRock_Down07",
    "NavelRock_Down08",
    "NavelRock_Down09",
    "NavelRock_Down10",
    "NavelRock_Down11",
    "NavelRock_Bottom",
    "TrainerHill_Elevator"
  ],
  "gMapGroup_IndoorRoute104Prototype": [
    "Route104_Prototype",
    "Route104_PrototypePrettyPetalFlowerShop"
  ],
  "gMapGroup_IndoorRoute109": [
    "Route109_SeashoreHouse"
  ],
  "gMapGroup_IndoorRoute110": [
    "Route110_TrickHouseEntrance",
    "Route110_TrickHouseEnd",
    "Route110_TrickHouseCorridor",
    "Route110_TrickHousePuzzle1",
    "Route110_TrickHousePuzzle2",
    "Route110_TrickHousePuzzle3",
    "Route110_TrickHousePuzzle4",
    "Route110_TrickHousePuzzle5",
    "Route110_TrickHousePuzzle6",
    "Route110_TrickHousePuzzle7",
    "Route110_TrickHousePuzzle8",
    "Route110_SeasideCyclingRoadNorthEntrance",
    "Route110_SeasideCyclingRoadSouthEntrance"
  ],
  "gMapGroup_IndoorRoute113": [
    "Route113_GlassWorkshop"
  ],
  "gMapGroup_IndoorRoute123": [
    "Route123_BerryMastersHouse"
  ],
  "gMapGroup_IndoorRoute119": [
    "Route119_WeatherInstitute_1F",
    "Route119_WeatherInstitute_2F",
    "Route119_House"
  ],
  "gMapGroup_IndoorRoute124": [
    "Route124_DivingTreasureHuntersHouse"
  ]
}
