<?xml version="1.0" encoding="UTF-8"?>
<files>
  <file name="Traducao_Pikmin_1elevadoa2_.v1.0.4.zip" source="original">
    <mtime>1736949702</mtime>
    <size>10266220</size>
    <md5>e1d0e42edeee35b22db235471081dc87</md5>
    <crc32>1d9d06e4</crc32>
    <sha1>f8b6428f37fdd8d0a71f0e7f27db00f605fb11bf</sha1>
    <format>ZIP</format>
    <filecount>5</filecount>
    <viruscheck>1736950058</viruscheck>
  </file>
  <file name="traducao-pikmin-1elevadoa-2-.v-1.0.4_archive.torrent" source="metadata">
    <btih>76d5d130c29fb6d37e353bb1d661ab5394a0192b</btih>
    <mtime>1736950061</mtime>
    <size>2272</size>
    <md5>5ce9a9587f47636421421144bc7dc381</md5>
    <crc32>6877fd89</crc32>
    <sha1>b5e9c1d11c3452d6d51eb2e13d659ae3cb005dbf</sha1>
    <format>Archive BitTorrent</format>
  </file>
  <file name="traducao-pikmin-1elevadoa-2-.v-1.0.4_files.xml" source="original">
    <format>Metadata</format>
    <md5>20ead47b9e33d3ea6304f613ee532c48</md5>
    <summation>md5</summation>
  </file>
  <file name="traducao-pikmin-1elevadoa-2-.v-1.0.4_meta.sqlite" source="original">
    <mtime>1736949738</mtime>
    <size>28672</size>
    <md5>5ecf10ba6d220a4521f2004664415241</md5>
    <crc32>8b001a4d</crc32>
    <sha1>602182ffd409ea2f1da1c13fbc4871f89b590471</sha1>
    <format>Metadata</format>
  </file>
  <file name="traducao-pikmin-1elevadoa-2-.v-1.0.4_meta.xml" source="original">
    <mtime>1736950059</mtime>
    <size>3331</size>
    <md5>d2ab5cc6f3577f7158d3183c6716ee3b</md5>
    <crc32>82a285e9</crc32>
    <sha1>ad973bf4ce0f929d1f53edb8349708bcb4e3954f</sha1>
    <format>Metadata</format>
  </file>
</files>
