[
  {
    "Key": "Cloth Tunic",
    "Value": {
      "Attack": "0xb4308",
      "Defense": "0xb430a",
      "Strength": "0xb430c",
      "Constitution": "0xb430d",
      "Intelligence": "0xb430e",
      "Luck": "0xb430f",
      "Resistances": {
        "Weak": "0xb4310",
        "Strong": "0xb4312",
        "Immune": "0xb4314",
        "Absorb": "0xb4316"
      }
    }
  },
  {
    "Key": "Hide Cuirass",
    "Value": {
      "Attack": "0xb4328",
      "Defense": "0xb432a",
      "Strength": "0xb432c",
      "Constitution": "0xb432d",
      "Intelligence": "0xb432e",
      "Luck": "0xb432f",
      "Resistances": {
        "Weak": "0xb4330",
        "Strong": "0xb4332",
        "Immune": "0xb4334",
        "Absorb": "0xb4336"
      }
    }
  },
  {
    "Key": "Bronze Cuirass",
    "Value": {
      "Attack": "0xb4348",
      "Defense": "0xb434a",
      "Strength": "0xb434c",
      "Constitution": "0xb434d",
      "Intelligence": "0xb434e",
      "Luck": "0xb434f",
      "Resistances": {
        "Weak": "0xb4350",
        "Strong": "0xb4352",
        "Immune": "0xb4354",
        "Absorb": "0xb4356"
      }
    }
  },
  {
    "Key": "Iron Cuirass",
    "Value": {
      "Attack": "0xb4368",
      "Defense": "0xb436a",
      "Strength": "0xb436c",
      "Constitution": "0xb436d",
      "Intelligence": "0xb436e",
      "Luck": "0xb436f",
      "Resistances": {
        "Weak": "0xb4370",
        "Strong": "0xb4372",
        "Immune": "0xb4374",
        "Absorb": "0xb4376"
      }
    }
  },
  {
    "Key": "Steel Cuirass",
    "Value": {
      "Attack": "0xb4388",
      "Defense": "0xb438a",
      "Strength": "0xb438c",
      "Constitution": "0xb438d",
      "Intelligence": "0xb438e",
      "Luck": "0xb438f",
      "Resistances": {
        "Weak": "0xb4390",
        "Strong": "0xb4392",
        "Immune": "0xb4394",
        "Absorb": "0xb4396"
      }
    }
  },
  {
    "Key": "Silver Plate",
    "Value": {
      "Attack": "0xb43a8",
      "Defense": "0xb43aa",
      "Strength": "0xb43ac",
      "Constitution": "0xb43ad",
      "Intelligence": "0xb43ae",
      "Luck": "0xb43af",
      "Resistances": {
        "Weak": "0xb43b0",
        "Strong": "0xb43b2",
        "Immune": "0xb43b4",
        "Absorb": "0xb43b6"
      }
    }
  },
  {
    "Key": "Gold Plate",
    "Value": {
      "Attack": "0xb44f8",
      "Defense": "0xb44fa",
      "Strength": "0xb44fc",
      "Constitution": "0xb44fd",
      "Intelligence": "0xb44fe",
      "Luck": "0xb44ff",
      "Resistances": {
        "Weak": "0xb4500",
        "Strong": "0xb4502",
        "Immune": "0xb4504",
        "Absorb": "0xb4506"
      }
    }
  },
  {
    "Key": "Platinum Mail",
    "Value": {
      "Attack": "0xb4518",
      "Defense": "0xb451a",
      "Strength": "0xb451c",
      "Constitution": "0xb451d",
      "Intelligence": "0xb451e",
      "Luck": "0xb451f",
      "Resistances": {
        "Weak": "0xb4520",
        "Strong": "0xb4522",
        "Immune": "0xb4524",
        "Absorb": "0xb4526"
      }
    }
  },
  {
    "Key": "Diamond Plate",
    "Value": {
      "Attack": "0xb4538",
      "Defense": "0xb453a",
      "Strength": "0xb453c",
      "Constitution": "0xb453d",
      "Intelligence": "0xb453e",
      "Luck": "0xb453f",
      "Resistances": {
        "Weak": "0xb4540",
        "Strong": "0xb4542",
        "Immune": "0xb4544",
        "Absorb": "0xb4546"
      }
    }
  },
  {
    "Key": "Fire Mail",
    "Value": {
      "Attack": "0xb4558",
      "Defense": "0xb455a",
      "Strength": "0xb455c",
      "Constitution": "0xb455d",
      "Intelligence": "0xb455e",
      "Luck": "0xb455f",
      "Resistances": {
        "Weak": "0xb4560",
        "Strong": "0xb4562",
        "Immune": "0xb4564",
        "Absorb": "0xb4566"
      }
    }
  },
  {
    "Key": "Lightning Mail",
    "Value": {
      "Attack": "0xb4578",
      "Defense": "0xb457a",
      "Strength": "0xb457c",
      "Constitution": "0xb457d",
      "Intelligence": "0xb457e",
      "Luck": "0xb457f",
      "Resistances": {
        "Weak": "0xb4580",
        "Strong": "0xb4582",
        "Immune": "0xb4584",
        "Absorb": "0xb4586"
      }
    }
  },
  {
    "Key": "Ice Mail",
    "Value": {
      "Attack": "0xb4598",
      "Defense": "0xb459a",
      "Strength": "0xb459c",
      "Constitution": "0xb459d",
      "Intelligence": "0xb459e",
      "Luck": "0xb459f",
      "Resistances": {
        "Weak": "0xb45a0",
        "Strong": "0xb45a2",
        "Immune": "0xb45a4",
        "Absorb": "0xb45a6"
      }
    }
  },
  {
    "Key": "Mirror Cuirass",
    "Value": {
      "Attack": "0xb45b8",
      "Defense": "0xb45ba",
      "Strength": "0xb45bc",
      "Constitution": "0xb45bd",
      "Intelligence": "0xb45be",
      "Luck": "0xb45bf",
      "Resistances": {
        "Weak": "0xb45c0",
        "Strong": "0xb45c2",
        "Immune": "0xb45c4",
        "Absorb": "0xb45c6"
      }
    }
  },
  {
    "Key": "Spike Breaker",
    "Value": {
      "Attack": "0xb45d8",
      "Defense": "0xb45da",
      "Strength": "0xb45dc",
      "Constitution": "0xb45dd",
      "Intelligence": "0xb45de",
      "Luck": "0xb45df",
      "Resistances": {
        "Weak": "0xb45e0",
        "Strong": "0xb45e2",
        "Immune": "0xb45e4",
        "Absorb": "0xb45e6"
      }
    }
  },
  {
    "Key": "Alucard Mail",
    "Value": {
      "Attack": "0xb45f8",
      "Defense": "0xb45fa",
      "Strength": "0xb45fc",
      "Constitution": "0xb45fd",
      "Intelligence": "0xb45fe",
      "Luck": "0xb45ff",
      "Resistances": {
        "Weak": "0xb4600",
        "Strong": "0xb4602",
        "Immune": "0xb4604",
        "Absorb": "0xb4606"
      }
    }
  },
  {
    "Key": "Dark Armor",
    "Value": {
      "Attack": "0xb4618",
      "Defense": "0xb461a",
      "Strength": "0xb461c",
      "Constitution": "0xb461d",
      "Intelligence": "0xb461e",
      "Luck": "0xb461f",
      "Resistances": {
        "Weak": "0xb4620",
        "Strong": "0xb4622",
        "Immune": "0xb4624",
        "Absorb": "0xb4626"
      }
    }
  },
  {
    "Key": "Healing Mail",
    "Value": {
      "Attack": "0xb4638",
      "Defense": "0xb463a",
      "Strength": "0xb463c",
      "Constitution": "0xb463d",
      "Intelligence": "0xb463e",
      "Luck": "0xb463f",
      "Resistances": {
        "Weak": "0xb4640",
        "Strong": "0xb4642",
        "Immune": "0xb4644",
        "Absorb": "0xb4646"
      }
    }
  },
  {
    "Key": "Holy Mail",
    "Value": {
      "Attack": "0xb4658",
      "Defense": "0xb465a",
      "Strength": "0xb465c",
      "Constitution": "0xb465d",
      "Intelligence": "0xb465e",
      "Luck": "0xb465f",
      "Resistances": {
        "Weak": "0xb4660",
        "Strong": "0xb4662",
        "Immune": "0xb4664",
        "Absorb": "0xb4666"
      }
    }
  },
  {
    "Key": "Walk Armor",
    "Value": {
      "Attack": "0xb4678",
      "Defense": "0xb467a",
      "Strength": "0xb467c",
      "Constitution": "0xb467d",
      "Intelligence": "0xb467e",
      "Luck": "0xb467f",
      "Resistances": {
        "Weak": "0xb4680",
        "Strong": "0xb4682",
        "Immune": "0xb4684",
        "Absorb": "0xb4686"
      }
    }
  },
  {
    "Key": "Brilliant Mail",
    "Value": {
      "Attack": "0xb4698",
      "Defense": "0xb469a",
      "Strength": "0xb469c",
      "Constitution": "0xb469d",
      "Intelligence": "0xb469e",
      "Luck": "0xb469f",
      "Resistances": {
        "Weak": "0xb46a0",
        "Strong": "0xb46a2",
        "Immune": "0xb46a4",
        "Absorb": "0xb46a6"
      }
    }
  },
  {
    "Key": "Mojo Mail",
    "Value": {
      "Attack": "0xb46b8",
      "Defense": "0xb46ba",
      "Strength": "0xb46bc",
      "Constitution": "0xb46bd",
      "Intelligence": "0xb46be",
      "Luck": "0xb46bf",
      "Resistances": {
        "Weak": "0xb46c0",
        "Strong": "0xb46c2",
        "Immune": "0xb46c4",
        "Absorb": "0xb46c6"
      }
    }
  },
  {
    "Key": "Fury Plate",
    "Value": {
      "Attack": "0xb46d8",
      "Defense": "0xb46da",
      "Strength": "0xb46dc",
      "Constitution": "0xb46dd",
      "Intelligence": "0xb46de",
      "Luck": "0xb46df",
      "Resistances": {
        "Weak": "0xb46e0",
        "Strong": "0xb46e2",
        "Immune": "0xb46e4",
        "Absorb": "0xb46e6"
      }
    }
  },
  {
    "Key": "Dracula Tunic",
    "Value": {
      "Attack": "0xb46f8",
      "Defense": "0xb46fa",
      "Strength": "0xb46fc",
      "Constitution": "0xb46fd",
      "Intelligence": "0xb46fe",
      "Luck": "0xb46ff",
      "Resistances": {
        "Weak": "0xb4700",
        "Strong": "0xb4702",
        "Immune": "0xb4704",
        "Absorb": "0xb4706"
      }
    }
  },
  {
    "Key": "God's Garb",
    "Value": {
      "Attack": "0xb4718",
      "Defense": "0xb471a",
      "Strength": "0xb471c",
      "Constitution": "0xb471d",
      "Intelligence": "0xb471e",
      "Luck": "0xb471f",
      "Resistances": {
        "Weak": "0xb4720",
        "Strong": "0xb4722",
        "Immune": "0xb4724",
        "Absorb": "0xb4726"
      }
    }
  },
  {
    "Key": "Axe Lord Armor",
    "Value": {
      "Attack": "0xb4738",
      "Defense": "0xb473a",
      "Strength": "0xb473c",
      "Constitution": "0xb473d",
      "Intelligence": "0xb473e",
      "Luck": "0xb473f",
      "Resistances": {
        "Weak": "0xb4740",
        "Strong": "0xb4742",
        "Immune": "0xb4744",
        "Absorb": "0xb4746"
      }
    }
  },
  {
    "Key": "Sunglasses",
    "Value": {
      "Attack": "0xb4778",
      "Defense": "0xb477a",
      "Strength": "0xb477c",
      "Constitution": "0xb477d",
      "Intelligence": "0xb477e",
      "Luck": "0xb477f",
      "Resistances": {
        "Weak": "0xb4780",
        "Strong": "0xb4782",
        "Immune": "0xb4784",
        "Absorb": "0xb4786"
      }
    }
  },
  {
    "Key": "Ballroom Mask",
    "Value": {
      "Attack": "0xb4798",
      "Defense": "0xb479a",
      "Strength": "0xb479c",
      "Constitution": "0xb479d",
      "Intelligence": "0xb479e",
      "Luck": "0xb479f",
      "Resistances": {
        "Weak": "0xb47a0",
        "Strong": "0xb47a2",
        "Immune": "0xb47a4",
        "Absorb": "0xb47a6"
      }
    }
  },
  {
    "Key": "Bandanna",
    "Value": {
      "Attack": "0xb47b8",
      "Defense": "0xb47ba",
      "Strength": "0xb47bc",
      "Constitution": "0xb47bd",
      "Intelligence": "0xb47be",
      "Luck": "0xb47bf",
      "Resistances": {
        "Weak": "0xb47c0",
        "Strong": "0xb47c2",
        "Immune": "0xb47c4",
        "Absorb": "0xb47c6"
      }
    }
  },
  {
    "Key": "Felt Hat",
    "Value": {
      "Attack": "0xb47d8",
      "Defense": "0xb47da",
      "Strength": "0xb47dc",
      "Constitution": "0xb47dd",
      "Intelligence": "0xb47de",
      "Luck": "0xb47df",
      "Resistances": {
        "Weak": "0xb47e0",
        "Strong": "0xb47e2",
        "Immune": "0xb47e4",
        "Absorb": "0xb47e6"
      }
    }
  },
  {
    "Key": "Velvet Hat",
    "Value": {
      "Attack": "0xb47f8",
      "Defense": "0xb47fa",
      "Strength": "0xb47fc",
      "Constitution": "0xb47fd",
      "Intelligence": "0xb47fe",
      "Luck": "0xb47ff",
      "Resistances": {
        "Weak": "0xb4800",
        "Strong": "0xb4802",
        "Immune": "0xb4804",
        "Absorb": "0xb4806"
      }
    }
  },
  {
    "Key": "Goggles",
    "Value": {
      "Attack": "0xb4818",
      "Defense": "0xb481a",
      "Strength": "0xb481c",
      "Constitution": "0xb481d",
      "Intelligence": "0xb481e",
      "Luck": "0xb481f",
      "Resistances": {
        "Weak": "0xb4820",
        "Strong": "0xb4822",
        "Immune": "0xb4824",
        "Absorb": "0xb4826"
      }
    }
  },
  {
    "Key": "Leather Hat",
    "Value": {
      "Attack": "0xb4838",
      "Defense": "0xb483a",
      "Strength": "0xb483c",
      "Constitution": "0xb483d",
      "Intelligence": "0xb483e",
      "Luck": "0xb483f",
      "Resistances": {
        "Weak": "0xb4840",
        "Strong": "0xb4842",
        "Immune": "0xb4844",
        "Absorb": "0xb4846"
      }
    }
  },
  {
    "Key": "Holy Glasses",
    "Value": {
      "Attack": "0xb4858",
      "Defense": "0xb485a",
      "Strength": "0xb485c",
      "Constitution": "0xb485d",
      "Intelligence": "0xb485e",
      "Luck": "0xb485f",
      "Resistances": {
        "Weak": "0xb4860",
        "Strong": "0xb4862",
        "Immune": "0xb4864",
        "Absorb": "0xb4866"
      }
    }
  },
  {
    "Key": "Steel Helm",
    "Value": {
      "Attack": "0xb4878",
      "Defense": "0xb487a",
      "Strength": "0xb487c",
      "Constitution": "0xb487d",
      "Intelligence": "0xb487e",
      "Luck": "0xb487f",
      "Resistances": {
        "Weak": "0xb4880",
        "Strong": "0xb4882",
        "Immune": "0xb4884",
        "Absorb": "0xb4886"
      }
    }
  },
  {
    "Key": "Stone Mask",
    "Value": {
      "Attack": "0xb4898",
      "Defense": "0xb489a",
      "Strength": "0xb489c",
      "Constitution": "0xb489d",
      "Intelligence": "0xb489e",
      "Luck": "0xb489f",
      "Resistances": {
        "Weak": "0xb48a0",
        "Strong": "0xb48a2",
        "Immune": "0xb48a4",
        "Absorb": "0xb48a6"
      }
    }
  },
  {
    "Key": "Circlet",
    "Value": {
      "Attack": "0xb48b8",
      "Defense": "0xb48ba",
      "Strength": "0xb48bc",
      "Constitution": "0xb48bd",
      "Intelligence": "0xb48be",
      "Luck": "0xb48bf",
      "Resistances": {
        "Weak": "0xb48c0",
        "Strong": "0xb48c2",
        "Immune": "0xb48c4",
        "Absorb": "0xb48c6"
      }
    }
  },
  {
    "Key": "Gold Circlet",
    "Value": {
      "Attack": "0xb48d8",
      "Defense": "0xb48da",
      "Strength": "0xb48dc",
      "Constitution": "0xb48dd",
      "Intelligence": "0xb48de",
      "Luck": "0xb48df",
      "Resistances": {
        "Weak": "0xb48e0",
        "Strong": "0xb48e2",
        "Immune": "0xb48e4",
        "Absorb": "0xb48e6"
      }
    }
  },
  {
    "Key": "Ruby Circlet",
    "Value": {
      "Attack": "0xb48f8",
      "Defense": "0xb48fa",
      "Strength": "0xb48fc",
      "Constitution": "0xb48fd",
      "Intelligence": "0xb48fe",
      "Luck": "0xb48ff",
      "Resistances": {
        "Weak": "0xb4900",
        "Strong": "0xb4902",
        "Immune": "0xb4904",
        "Absorb": "0xb4906"
      }
    }
  },
  {
    "Key": "Opal Circlet",
    "Value": {
      "Attack": "0xb4918",
      "Defense": "0xb491a",
      "Strength": "0xb491c",
      "Constitution": "0xb491d",
      "Intelligence": "0xb491e",
      "Luck": "0xb491f",
      "Resistances": {
        "Weak": "0xb4920",
        "Strong": "0xb4922",
        "Immune": "0xb4924",
        "Absorb": "0xb4926"
      }
    }
  },
  {
    "Key": "Topaz Circlet",
    "Value": {
      "Attack": "0xb4938",
      "Defense": "0xb493a",
      "Strength": "0xb493c",
      "Constitution": "0xb493d",
      "Intelligence": "0xb493e",
      "Luck": "0xb493f",
      "Resistances": {
        "Weak": "0xb4940",
        "Strong": "0xb4942",
        "Immune": "0xb4944",
        "Absorb": "0xb4946"
      }
    }
  },
  {
    "Key": "Beryl Circlet",
    "Value": {
      "Attack": "0xb4958",
      "Defense": "0xb495a",
      "Strength": "0xb495c",
      "Constitution": "0xb495d",
      "Intelligence": "0xb495e",
      "Luck": "0xb495f",
      "Resistances": {
        "Weak": "0xb4960",
        "Strong": "0xb4962",
        "Immune": "0xb4964",
        "Absorb": "0xb4966"
      }
    }
  },
  {
    "Key": "Cat-Eye Circlet",
    "Value": {
      "Attack": "0xb4978",
      "Defense": "0xb497a",
      "Strength": "0xb497c",
      "Constitution": "0xb497d",
      "Intelligence": "0xb497e",
      "Luck": "0xb497f",
      "Resistances": {
        "Weak": "0xb4980",
        "Strong": "0xb4982",
        "Immune": "0xb4984",
        "Absorb": "0xb4986"
      }
    }
  },
  {
    "Key": "Coral Circlet",
    "Value": {
      "Attack": "0xb4998",
      "Defense": "0xb499a",
      "Strength": "0xb499c",
      "Constitution": "0xb499d",
      "Intelligence": "0xb499e",
      "Luck": "0xb499f",
      "Resistances": {
        "Weak": "0xb49a0",
        "Strong": "0xb49a2",
        "Immune": "0xb49a4",
        "Absorb": "0xb49a6"
      }
    }
  },
  {
    "Key": "Dragon Helm",
    "Value": {
      "Attack": "0xb49b8",
      "Defense": "0xb49ba",
      "Strength": "0xb49bc",
      "Constitution": "0xb49bd",
      "Intelligence": "0xb49be",
      "Luck": "0xb49bf",
      "Resistances": {
        "Weak": "0xb49c0",
        "Strong": "0xb49c2",
        "Immune": "0xb49c4",
        "Absorb": "0xb49c6"
      }
    }
  },
  {
    "Key": "Silver Crown",
    "Value": {
      "Attack": "0xb49d8",
      "Defense": "0xb49da",
      "Strength": "0xb49dc",
      "Constitution": "0xb49dd",
      "Intelligence": "0xb49de",
      "Luck": "0xb49df",
      "Resistances": {
        "Weak": "0xb49e0",
        "Strong": "0xb49e2",
        "Immune": "0xb49e4",
        "Absorb": "0xb49e6"
      }
    }
  },
  {
    "Key": "Wizard Hat",
    "Value": {
      "Attack": "0xb49f8",
      "Defense": "0xb49fa",
      "Strength": "0xb49fc",
      "Constitution": "0xb49fd",
      "Intelligence": "0xb49fe",
      "Luck": "0xb49ff",
      "Resistances": {
        "Weak": "0xb4a00",
        "Strong": "0xb4a02",
        "Immune": "0xb4a04",
        "Absorb": "0xb4a06"
      }
    }
  },
  {
    "Key": "Cloth Cape",
    "Value": {
      "Attack": "0xb4a38",
      "Defense": "0xb4a3a",
      "Strength": "0xb4a3c",
      "Constitution": "0xb4a3d",
      "Intelligence": "0xb4a3e",
      "Luck": "0xb4a3f",
      "Resistances": {
        "Weak": "0xb4a40",
        "Strong": "0xb4a42",
        "Immune": "0xb4a44",
        "Absorb": "0xb4a46"
      }
    }
  },
  {
    "Key": "Reverse Cloak",
    "Value": {
      "Attack": "0xb4a58",
      "Defense": "0xb4a5a",
      "Strength": "0xb4a5c",
      "Constitution": "0xb4a5d",
      "Intelligence": "0xb4a5e",
      "Luck": "0xb4a5f",
      "Resistances": {
        "Weak": "0xb4a60",
        "Strong": "0xb4a62",
        "Immune": "0xb4a64",
        "Absorb": "0xb4a66"
      }
    }
  },
  {
    "Key": "Elven Cloak",
    "Value": {
      "Attack": "0xb4a78",
      "Defense": "0xb4a7a",
      "Strength": "0xb4a7c",
      "Constitution": "0xb4a7d",
      "Intelligence": "0xb4a7e",
      "Luck": "0xb4a7f",
      "Resistances": {
        "Weak": "0xb4a80",
        "Strong": "0xb4a82",
        "Immune": "0xb4a84",
        "Absorb": "0xb4a86"
      }
    }
  },
  {
    "Key": "Crystal Cloak",
    "Value": {
      "Attack": "0xb4a98",
      "Defense": "0xb4a9a",
      "Strength": "0xb4a9c",
      "Constitution": "0xb4a9d",
      "Intelligence": "0xb4a9e",
      "Luck": "0xb4a9f",
      "Resistances": {
        "Weak": "0xb4aa0",
        "Strong": "0xb4aa2",
        "Immune": "0xb4aa4",
        "Absorb": "0xb4aa6"
      }
    }
  },
  {
    "Key": "Royal Cloak",
    "Value": {
      "Attack": "0xb4ab8",
      "Defense": "0xb4aba",
      "Strength": "0xb4abc",
      "Constitution": "0xb4abd",
      "Intelligence": "0xb4abe",
      "Luck": "0xb4abf",
      "Resistances": {
        "Weak": "0xb4ac0",
        "Strong": "0xb4ac2",
        "Immune": "0xb4ac4",
        "Absorb": "0xb4ac6"
      }
    }
  },
  {
    "Key": "Blood Cloak",
    "Value": {
      "Attack": "0xb4ad8",
      "Defense": "0xb4ada",
      "Strength": "0xb4adc",
      "Constitution": "0xb4add",
      "Intelligence": "0xb4ade",
      "Luck": "0xb4adf",
      "Resistances": {
        "Weak": "0xb4ae0",
        "Strong": "0xb4ae2",
        "Immune": "0xb4ae4",
        "Absorb": "0xb4ae6"
      }
    }
  },
  {
    "Key": "Joseph's Cloak",
    "Value": {
      "Attack": "0xb4af8",
      "Defense": "0xb4afa",
      "Strength": "0xb4afc",
      "Constitution": "0xb4afd",
      "Intelligence": "0xb4afe",
      "Luck": "0xb4aff",
      "Resistances": {
        "Weak": "0xb4b00",
        "Strong": "0xb4b02",
        "Immune": "0xb4b04",
        "Absorb": "0xb4b06"
      }
    }
  },
  {
    "Key": "Twilight Cloak",
    "Value": {
      "Attack": "0xb4b18",
      "Defense": "0xb4b1a",
      "Strength": "0xb4b1c",
      "Constitution": "0xb4b1d",
      "Intelligence": "0xb4b1e",
      "Luck": "0xb4b1f",
      "Resistances": {
        "Weak": "0xb4b20",
        "Strong": "0xb4b22",
        "Immune": "0xb4b24",
        "Absorb": "0xb4b26"
      }
    }
  },
  {
    "Key": "Moonstone",
    "Value": {
      "Attack": "0xb4b58",
      "Defense": "0xb4b5a",
      "Strength": "0xb4b5c",
      "Constitution": "0xb4b5d",
      "Intelligence": "0xb4b5e",
      "Luck": "0xb4b5f",
      "Resistances": {
        "Weak": "0xb4b60",
        "Strong": "0xb4b62",
        "Immune": "0xb4b64",
        "Absorb": "0xb4b66"
      }
    }
  },
  {
    "Key": "Sunstone",
    "Value": {
      "Attack": "0xb4b78",
      "Defense": "0xb4b7a",
      "Strength": "0xb4b7c",
      "Constitution": "0xb4b7d",
      "Intelligence": "0xb4b7e",
      "Luck": "0xb4b7f",
      "Resistances": {
        "Weak": "0xb4b80",
        "Strong": "0xb4b82",
        "Immune": "0xb4b84",
        "Absorb": "0xb4b86"
      }
    }
  },
  {
    "Key": "Bloodstone",
    "Value": {
      "Attack": "0xb4b98",
      "Defense": "0xb4b9a",
      "Strength": "0xb4b9c",
      "Constitution": "0xb4b9d",
      "Intelligence": "0xb4b9e",
      "Luck": "0xb4b9f",
      "Resistances": {
        "Weak": "0xb4ba0",
        "Strong": "0xb4ba2",
        "Immune": "0xb4ba4",
        "Absorb": "0xb4ba6"
      }
    }
  },
  {
    "Key": "Staurolite",
    "Value": {
      "Attack": "0xb4bb8",
      "Defense": "0xb4bba",
      "Strength": "0xb4bbc",
      "Constitution": "0xb4bbd",
      "Intelligence": "0xb4bbe",
      "Luck": "0xb4bbf",
      "Resistances": {
        "Weak": "0xb4bc0",
        "Strong": "0xb4bc2",
        "Immune": "0xb4bc4",
        "Absorb": "0xb4bc6"
      }
    }
  },
  {
    "Key": "Ring of Pales",
    "Value": {
      "Attack": "0xb4bd8",
      "Defense": "0xb4bda",
      "Strength": "0xb4bdc",
      "Constitution": "0xb4bdd",
      "Intelligence": "0xb4bde",
      "Luck": "0xb4bdf",
      "Resistances": {
        "Weak": "0xb4be0",
        "Strong": "0xb4be2",
        "Immune": "0xb4be4",
        "Absorb": "0xb4be6"
      }
    }
  },
  {
    "Key": "Zircon",
    "Value": {
      "Attack": "0xb4bf8",
      "Defense": "0xb4bfa",
      "Strength": "0xb4bfc",
      "Constitution": "0xb4bfd",
      "Intelligence": "0xb4bfe",
      "Luck": "0xb4bff",
      "Resistances": {
        "Weak": "0xb4c00",
        "Strong": "0xb4c02",
        "Immune": "0xb4c04",
        "Absorb": "0xb4c06"
      }
    }
  },
  {
    "Key": "Aquamarine",
    "Value": {
      "Attack": "0xb4c18",
      "Defense": "0xb4c1a",
      "Strength": "0xb4c1c",
      "Constitution": "0xb4c1d",
      "Intelligence": "0xb4c1e",
      "Luck": "0xb4c1f",
      "Resistances": {
        "Weak": "0xb4c20",
        "Strong": "0xb4c22",
        "Immune": "0xb4c24",
        "Absorb": "0xb4c26"
      }
    }
  },
  {
    "Key": "Turquoise",
    "Value": {
      "Attack": "0xb4c38",
      "Defense": "0xb4c3a",
      "Strength": "0xb4c3c",
      "Constitution": "0xb4c3d",
      "Intelligence": "0xb4c3e",
      "Luck": "0xb4c3f",
      "Resistances": {
        "Weak": "0xb4c40",
        "Strong": "0xb4c42",
        "Immune": "0xb4c44",
        "Absorb": "0xb4c46"
      }
    }
  },
  {
    "Key": "Onyx",
    "Value": {
      "Attack": "0xb4c58",
      "Defense": "0xb4c5a",
      "Strength": "0xb4c5c",
      "Constitution": "0xb4c5d",
      "Intelligence": "0xb4c5e",
      "Luck": "0xb4c5f",
      "Resistances": {
        "Weak": "0xb4c60",
        "Strong": "0xb4c62",
        "Immune": "0xb4c64",
        "Absorb": "0xb4c66"
      }
    }
  },
  {
    "Key": "Garnet",
    "Value": {
      "Attack": "0xb4c78",
      "Defense": "0xb4c7a",
      "Strength": "0xb4c7c",
      "Constitution": "0xb4c7d",
      "Intelligence": "0xb4c7e",
      "Luck": "0xb4c7f",
      "Resistances": {
        "Weak": "0xb4c80",
        "Strong": "0xb4c82",
        "Immune": "0xb4c84",
        "Absorb": "0xb4c86"
      }
    }
  },
  {
    "Key": "Opal",
    "Value": {
      "Attack": "0xb4c98",
      "Defense": "0xb4c9a",
      "Strength": "0xb4c9c",
      "Constitution": "0xb4c9d",
      "Intelligence": "0xb4c9e",
      "Luck": "0xb4c9f",
      "Resistances": {
        "Weak": "0xb4ca0",
        "Strong": "0xb4ca2",
        "Immune": "0xb4ca4",
        "Absorb": "0xb4ca6"
      }
    }
  },
  {
    "Key": "Diamond",
    "Value": {
      "Attack": "0xb4cb8",
      "Defense": "0xb4cba",
      "Strength": "0xb4cbc",
      "Constitution": "0xb4cbd",
      "Intelligence": "0xb4cbe",
      "Luck": "0xb4cbf",
      "Resistances": {
        "Weak": "0xb4cc0",
        "Strong": "0xb4cc2",
        "Immune": "0xb4cc4",
        "Absorb": "0xb4cc6"
      }
    }
  },
  {
    "Key": "Lapis Lazuli",
    "Value": {
      "Attack": "0xb4cd8",
      "Defense": "0xb4cda",
      "Strength": "0xb4cdc",
      "Constitution": "0xb4cdd",
      "Intelligence": "0xb4cde",
      "Luck": "0xb4cdf",
      "Resistances": {
        "Weak": "0xb4ce0",
        "Strong": "0xb4ce2",
        "Immune": "0xb4ce4",
        "Absorb": "0xb4ce6"
      }
    }
  },
  {
    "Key": "Ring of Ares",
    "Value": {
      "Attack": "0xb4e28",
      "Defense": "0xb4e2a",
      "Strength": "0xb4e2c",
      "Constitution": "0xb4e2d",
      "Intelligence": "0xb4e2e",
      "Luck": "0xb4e2f",
      "Resistances": {
        "Weak": "0xb4e30",
        "Strong": "0xb4e32",
        "Immune": "0xb4e34",
        "Absorb": "0xb4e36"
      }
    }
  },
  {
    "Key": "Gold Ring",
    "Value": {
      "Attack": "0xb4e48",
      "Defense": "0xb4e4a",
      "Strength": "0xb4e4c",
      "Constitution": "0xb4e4d",
      "Intelligence": "0xb4e4e",
      "Luck": "0xb4e4f",
      "Resistances": {
        "Weak": "0xb4e50",
        "Strong": "0xb4e52",
        "Immune": "0xb4e54",
        "Absorb": "0xb4e56"
      }
    }
  },
  {
    "Key": "Silver Ring",
    "Value": {
      "Attack": "0xb4e68",
      "Defense": "0xb4e6a",
      "Strength": "0xb4e6c",
      "Constitution": "0xb4e6d",
      "Intelligence": "0xb4e6e",
      "Luck": "0xb4e6f",
      "Resistances": {
        "Weak": "0xb4e70",
        "Strong": "0xb4e72",
        "Immune": "0xb4e74",
        "Absorb": "0xb4e76"
      }
    }
  },
  {
    "Key": "Ring of Varda",
    "Value": {
      "Attack": "0xb4e88",
      "Defense": "0xb4e8a",
      "Strength": "0xb4e8c",
      "Constitution": "0xb4e8d",
      "Intelligence": "0xb4e8e",
      "Luck": "0xb4e8f",
      "Resistances": {
        "Weak": "0xb4e90",
        "Strong": "0xb4e92",
        "Immune": "0xb4e94",
        "Absorb": "0xb4e96"
      }
    }
  },
  {
    "Key": "Ring of Arcana",
    "Value": {
      "Attack": "0xb4ea8",
      "Defense": "0xb4eaa",
      "Strength": "0xb4eac",
      "Constitution": "0xb4ead",
      "Intelligence": "0xb4eae",
      "Luck": "0xb4eaf",
      "Resistances": {
        "Weak": "0xb4eb0",
        "Strong": "0xb4eb2",
        "Immune": "0xb4eb4",
        "Absorb": "0xb4eb6"
      }
    }
  },
  {
    "Key": "Mystic Pendant",
    "Value": {
      "Attack": "0xb4ec8",
      "Defense": "0xb4eca",
      "Strength": "0xb4ecc",
      "Constitution": "0xb4ecd",
      "Intelligence": "0xb4ece",
      "Luck": "0xb4ecf",
      "Resistances": {
        "Weak": "0xb4ed0",
        "Strong": "0xb4ed2",
        "Immune": "0xb4ed4",
        "Absorb": "0xb4ed6"
      }
    }
  },
  {
    "Key": "Heart Broach",
    "Value": {
      "Attack": "0xb4ee8",
      "Defense": "0xb4eea",
      "Strength": "0xb4eec",
      "Constitution": "0xb4eed",
      "Intelligence": "0xb4eee",
      "Luck": "0xb4eef",
      "Resistances": {
        "Weak": "0xb4ef0",
        "Strong": "0xb4ef2",
        "Immune": "0xb4ef4",
        "Absorb": "0xb4ef6"
      }
    }
  },
  {
    "Key": "Necklace of J",
    "Value": {
      "Attack": "0xb4f08",
      "Defense": "0xb4f0a",
      "Strength": "0xb4f0c",
      "Constitution": "0xb4f0d",
      "Intelligence": "0xb4f0e",
      "Luck": "0xb4f0f",
      "Resistances": {
        "Weak": "0xb4f10",
        "Strong": "0xb4f12",
        "Immune": "0xb4f14",
        "Absorb": "0xb4f16"
      }
    }
  },
  {
    "Key": "Gauntlet",
    "Value": {
      "Attack": "0xb4f28",
      "Defense": "0xb4f2a",
      "Strength": "0xb4f2c",
      "Constitution": "0xb4f2d",
      "Intelligence": "0xb4f2e",
      "Luck": "0xb4f2f",
      "Resistances": {
        "Weak": "0xb4f30",
        "Strong": "0xb4f32",
        "Immune": "0xb4f34",
        "Absorb": "0xb4f36"
      }
    }
  },
  {
    "Key": "Ankh of Life",
    "Value": {
      "Attack": "0xb4f48",
      "Defense": "0xb4f4a",
      "Strength": "0xb4f4c",
      "Constitution": "0xb4f4d",
      "Intelligence": "0xb4f4e",
      "Luck": "0xb4f4f",
      "Resistances": {
        "Weak": "0xb4f50",
        "Strong": "0xb4f52",
        "Immune": "0xb4f54",
        "Absorb": "0xb4f56"
      }
    }
  },
  {
    "Key": "Ring of Feanor",
    "Value": {
      "Attack": "0xb4f68",
      "Defense": "0xb4f6a",
      "Strength": "0xb4f6c",
      "Constitution": "0xb4f6d",
      "Intelligence": "0xb4f6e",
      "Luck": "0xb4f6f",
      "Resistances": {
        "Weak": "0xb4f70",
        "Strong": "0xb4f72",
        "Immune": "0xb4f74",
        "Absorb": "0xb4f76"
      }
    }
  },
  {
    "Key": "Medal",
    "Value": {
      "Attack": "0xb4f88",
      "Defense": "0xb4f8a",
      "Strength": "0xb4f8c",
      "Constitution": "0xb4f8d",
      "Intelligence": "0xb4f8e",
      "Luck": "0xb4f8f",
      "Resistances": {
        "Weak": "0xb4f90",
        "Strong": "0xb4f92",
        "Immune": "0xb4f94",
        "Absorb": "0xb4f96"
      }
    }
  },
  {
    "Key": "Talisman",
    "Value": {
      "Attack": "0xb4fa8",
      "Defense": "0xb4faa",
      "Strength": "0xb4fac",
      "Constitution": "0xb4fad",
      "Intelligence": "0xb4fae",
      "Luck": "0xb4faf",
      "Resistances": {
        "Weak": "0xb4fb0",
        "Strong": "0xb4fb2",
        "Immune": "0xb4fb4",
        "Absorb": "0xb4fb6"
      }
    }
  },
  {
    "Key": "Duplicator",
    "Value": {
      "Attack": "0xb4fc8",
      "Defense": "0xb4fca",
      "Strength": "0xb4fcc",
      "Constitution": "0xb4fcd",
      "Intelligence": "0xb4fce",
      "Luck": "0xb4fcf",
      "Resistances": {
        "Weak": "0xb4fd0",
        "Strong": "0xb4fd2",
        "Immune": "0xb4fd4",
        "Absorb": "0xb4fd6"
      }
    }
  },
  {
    "Key": "King's Stone",
    "Value": {
      "Attack": "0xb4fe8",
      "Defense": "0xb4fea",
      "Strength": "0xb4fec",
      "Constitution": "0xb4fed",
      "Intelligence": "0xb4fee",
      "Luck": "0xb4fef",
      "Resistances": {
        "Weak": "0xb4ff0",
        "Strong": "0xb4ff2",
        "Immune": "0xb4ff4",
        "Absorb": "0xb4ff6"
      }
    }
  },
  {
    "Key": "Covenant Stone",
    "Value": {
      "Attack": "0xb5008",
      "Defense": "0xb500a",
      "Strength": "0xb500c",
      "Constitution": "0xb500d",
      "Intelligence": "0xb500e",
      "Luck": "0xb500f",
      "Resistances": {
        "Weak": "0xb5010",
        "Strong": "0xb5012",
        "Immune": "0xb5014",
        "Absorb": "0xb5016"
      }
    }
  },
  {
    "Key": "Nauglamir",
    "Value": {
      "Attack": "0xb5028",
      "Defense": "0xb502a",
      "Strength": "0xb502c",
      "Constitution": "0xb502d",
      "Intelligence": "0xb502e",
      "Luck": "0xb502f",
      "Resistances": {
        "Weak": "0xb5030",
        "Strong": "0xb5032",
        "Immune": "0xb5034",
        "Absorb": "0xb5036"
      }
    }
  },
  {
    "Key": "Secret Boots",
    "Value": {
      "Attack": "0xb5048",
      "Defense": "0xb504a",
      "Strength": "0xb504c",
      "Constitution": "0xb504d",
      "Intelligence": "0xb504e",
      "Luck": "0xb504f",
      "Resistances": {
        "Weak": "0xb5050",
        "Strong": "0xb5052",
        "Immune": "0xb5054",
        "Absorb": "0xb5056"
      }
    }
  },
  {
    "Key": "Alucart Mail",
    "Value": {
      "Attack": "0xb5068",
      "Defense": "0xb506a",
      "Strength": "0xb506c",
      "Constitution": "0xb506d",
      "Intelligence": "0xb506e",
      "Luck": "0xb506f",
      "Resistances": {
        "Weak": "0xb5070",
        "Strong": "0xb5072",
        "Immune": "0xb5074",
        "Absorb": "0xb5076"
      }
    }
  }
]