{
  "id": "MAP_HORIZON_ISLAND_NORTH_COAST",
  "name": "HorizonIslandNorthCoast",
  "layout": "LAYOUT_HORIZON_ISLAND_NORTH_COAST",
  "music": "MUS_ABANDONED_MUSEUM",
  "region_map_section": "MAPSEC_LITTLEROOT_TOWN",
  "requires_flash": false,
  "weather": "WEATHER_NONE",
  "map_type": "MAP_TYPE_ROUTE",
  "allow_cycling": true,
  "allow_escaping": false,
  "allow_running": true,
  "show_map_name": true,
  "battle_scene": "MAP_BATTLE_SCENE_NORMAL",
  "connections": 0,
  "object_events": [

  ],
  "warp_events": [

  ],
  "coord_events": [

  ],
  "bg_events": [

  ]
}
