{
  "id": "MAP_ROUTE7",
  "name": "Route7",
  "layout": "LAYOUT_ROUTE7",
  "music": "MUS_ROUTE3",
  "region_map_section": "MAPSEC_ROUTE_7",
  "requires_flash": false,
  "weather": "WEATHER_SUNNY",
  "map_type": "MAP_TYPE_ROUTE",
  "allow_cycling": true,
  "allow_escaping": false,
  "allow_running": true,
  "show_map_name": false,
  "floor_number": 0,
  "battle_scene": "MAP_BATTLE_SCENE_NORMAL",
  "connections": [
    {
      "map": "MAP_CELADON_CITY",
      "offset": -8,
      "direction": "left"
    },
    {
      "map": "MAP_SAFFRON_CITY",
      "offset": -10,
      "direction": "right"
    }
  ],
  "object_events": [
    {
      "type": "object",
      "graphics_id": "OBJ_EVENT_GFX_CUT_TREE",
      "x": -8,
      "y": 12,
      "elevation": 10,
      "movement_type": "MOVEMENT_TYPE_NONE",
      "movement_range_x": 0,
      "movement_range_y": 0,
      "trainer_type": "6",
      "trainer_sight_or_berry_tree_id": "3",
      "script": "0x0",
      "flag": "0",
      "in_connection": true
    }
  ],
  "warp_events": [
    {
      "x": 5,
      "y": 13,
      "elevation": 0,
      "dest_map": "MAP_UNDERGROUND_PATH_WEST_ENTRANCE",
      "dest_warp_id": "0"
    },
    {
      "x": 11,
      "y": 10,
      "elevation": 3,
      "dest_map": "MAP_ROUTE7_EAST_ENTRANCE",
      "dest_warp_id": "0"
    }
  ],
  "coord_events": [

  ],
  "bg_events": [
    {
      "type": "sign",
      "x": 3,
      "y": 13,
      "elevation": 0,
      "player_facing_dir": "BG_EVENT_PLAYER_FACING_ANY",
      "script": "Route7_EventScript_UndergroundPathSign"
    }
  ]
}
