<?xml version="1.0" encoding="UTF-8"?>
<metadata>
  <identifier>warped-worlds-main.7z</identifier>
  <mediatype>data</mediatype>
  <collection>opensource_media</collection>
  <creator>Jefftastic</creator>
  <description>&lt;div&gt;7zip archive containing the contents of Jefftastic's Warped Worlds Github repo. Does not contain version tracking info. The project is currently in read only.&lt;br /&gt;&lt;/div&gt;&lt;div&gt;&lt;br /&gt;&lt;/div&gt;&lt;div&gt;The project is a Super Mario 64 romhack intended to contribute to "The Iceberg" conspiracy theory creepypasta. Also under the name His Personalized copy. &lt;br /&gt;&lt;/div&gt;&lt;div&gt;&lt;br /&gt;&lt;/div&gt;&lt;div&gt;Retrieved from here: &lt;a href="https://github.com/jeffinitup/warped-worlds" rel="nofollow"&gt;https://github.com/jeffinitup/warped-worlds&lt;/a&gt;&lt;/div&gt;</description>
  <language>eng</language>
  <scanner>Internet Archive HTML5 Uploader 1.7.0</scanner>
  <subject>Super Mario 64</subject>
  <title>His Personalized Copy: Warped Worlds - Jefftastic - warped-worlds-main</title>
  <subject>SM64</subject>
  <subject>Jefftastic</subject>
  <subject>Romhack</subject>
  <uploader>jefmacho99@gmail.com</uploader>
  <publicdate>2025-01-14 15:48:23</publicdate>
  <addeddate>2025-01-14 15:48:23</addeddate>
  <curation>[curator]validator@archive.org[/curator][date]20250114154853[/date][comment]checked for malware[/comment]</curation>
</metadata>
