<?xml version="1.0" encoding="UTF-8"?>
<files>
  <file name="warped-worlds-main.7z" source="original">
    <mtime>1736869673</mtime>
    <size>47796916</size>
    <md5>8c7e6076fc6cbb37a737416f164960d7</md5>
    <crc32>ee0cbed7</crc32>
    <sha1>33ed7d95a6ba3564b34d02b8845abd9e5ebe1c4d</sha1>
    <format>7z</format>
    <filecount>52</filecount>
  </file>
  <file name="warped-worlds-main.7z_archive.torrent" source="metadata">
    <btih>11a6dc84cca4b17b113131bdbda6059fcb7f9954</btih>
    <mtime>1736869735</mtime>
    <size>3559</size>
    <md5>feadbef1115f6327cf06550dd68256d6</md5>
    <crc32>c44eabb6</crc32>
    <sha1>84844843915349d27dc55a13fb435395155c5356</sha1>
    <format>Archive BitTorrent</format>
  </file>
  <file name="warped-worlds-main.7z_files.xml" source="original">
    <format>Metadata</format>
    <md5>9f62049971578545154ea85fb6936a7b</md5>
    <summation>md5</summation>
  </file>
  <file name="warped-worlds-main.7z_meta.sqlite" source="original">
    <mtime>1736869717</mtime>
    <size>20480</size>
    <md5>1951916ac347431e86791e9b47e0781d</md5>
    <crc32>541083a3</crc32>
    <sha1>532bc7308493da24ade0e8edba492f3318b41923</sha1>
    <format>Metadata</format>
  </file>
  <file name="warped-worlds-main.7z_meta.xml" source="original">
    <mtime>1736869733</mtime>
    <size>1433</size>
    <md5>84bb140ee89ea159772a8f808b450e54</md5>
    <crc32>2f5c6996</crc32>
    <sha1>2068e104a576a6cfd8c8569ddd9ef7fe6cca2e7e</sha1>
    <format>Metadata</format>
  </file>
</files>
