{
  "id": "MAP_SILPH_CO_5F",
  "name": "SilphCo_5F",
  "layout": "LAYOUT_SILPH_CO_5F",
  "music": "MUS_SILPH",
  "region_map_section": "MAPSEC_SILPH_CO",
  "requires_flash": false,
  "weather": "WEATHER_NONE",
  "map_type": "MAP_TYPE_INDOOR",
  "allow_cycling": false,
  "allow_escaping": true,
  "allow_running": true,
  "show_map_name": true,
  "floor_number": 5,
  "battle_scene": "MAP_BATTLE_SCENE_NORMAL",
  "connections": 0,
  "object_events": [
    {
      "type": "object",
      "graphics_id": "OBJ_EVENT_GFX_ROCKET_M",
      "x": 28,
      "y": 4,
      "elevation": 3,
      "movement_type": "MOVEMENT_TYPE_FACE_UP",
      "movement_range_x": 1,
      "movement_range_y": 1,
      "trainer_type": "TRAINER_TYPE_NORMAL",
      "trainer_sight_or_berry_tree_id": "3",
      "script": "SilphCo_5F_EventScript_Grunt2",
      "flag": "FLAG_HIDE_SILPH_ROCKETS",
      "in_connection": false
    },
    {
      "type": "object",
      "graphics_id": "OBJ_EVENT_GFX_ROCKET_M",
      "x": 18,
      "y": 10,
      "elevation": 3,
      "movement_type": "MOVEMENT_TYPE_FACE_UP",
      "movement_range_x": 1,
      "movement_range_y": 1,
      "trainer_type": "TRAINER_TYPE_NORMAL",
      "trainer_sight_or_berry_tree_id": "4",
      "script": "SilphCo_5F_EventScript_Dalton",
      "flag": "FLAG_HIDE_SILPH_ROCKETS",
      "in_connection": false
    },
    {
      "type": "object",
      "graphics_id": "OBJ_EVENT_GFX_ROCKET_F",
      "x": 13,
      "y": 9,
      "elevation": 3,
      "movement_type": "MOVEMENT_TYPE_LOOK_AROUND",
      "movement_range_x": 1,
      "movement_range_y": 1,
      "trainer_type": "TRAINER_TYPE_NONE",
      "trainer_sight_or_berry_tree_id": "0",
      "script": "SilphCo_5F_EventScript_WorkerM",
      "flag": "0",
      "in_connection": false
    },
    {
      "type": "object",
      "graphics_id": "OBJ_EVENT_GFX_SCIENTIST",
      "x": 8,
      "y": 3,
      "elevation": 3,
      "movement_type": "MOVEMENT_TYPE_FACE_RIGHT",
      "movement_range_x": 1,
      "movement_range_y": 1,
      "trainer_type": "TRAINER_TYPE_NORMAL",
      "trainer_sight_or_berry_tree_id": "2",
      "script": "SilphCo_5F_EventScript_Beau",
      "flag": "FLAG_HIDE_SILPH_ROCKETS",
      "in_connection": false
    },
    {
      "type": "object",
      "graphics_id": "OBJ_EVENT_GFX_ROCKET_M",
      "x": 8,
      "y": 16,
      "elevation": 3,
      "movement_type": "MOVEMENT_TYPE_FACE_RIGHT",
      "movement_range_x": 1,
      "movement_range_y": 1,
      "trainer_type": "TRAINER_TYPE_NORMAL",
      "trainer_sight_or_berry_tree_id": "3",
      "script": "SilphCo_5F_EventScript_Grunt1",
      "flag": "FLAG_HIDE_SILPH_ROCKETS",
      "in_connection": false
    },
    {
      "type": "object",
      "graphics_id": "OBJ_EVENT_GFX_ITEM_BALL",
      "x": 4,
      "y": 6,
      "elevation": 3,
      "movement_type": "MOVEMENT_TYPE_FACE_DOWN",
      "movement_range_x": 1,
      "movement_range_y": 1,
      "trainer_type": "TRAINER_TYPE_NONE",
      "trainer_sight_or_berry_tree_id": "0",
      "script": "SilphCo_5F_EventScript_ItemProtein",
      "flag": "FLAG_HIDE_SILPH_CO_5F_PROTEIN",
      "in_connection": false
    },
    {
      "type": "object",
      "graphics_id": "OBJ_EVENT_GFX_ITEM_BALL",
      "x": 2,
      "y": 13,
      "elevation": 3,
      "movement_type": "MOVEMENT_TYPE_FACE_DOWN",
      "movement_range_x": 1,
      "movement_range_y": 1,
      "trainer_type": "TRAINER_TYPE_NONE",
      "trainer_sight_or_berry_tree_id": "0",
      "script": "SilphCo_5F_EventScript_ItemTM09",
      "flag": "FLAG_HIDE_SILPH_CO_5F_TM09",
      "in_connection": false
    },
    {
      "type": "object",
      "graphics_id": "OBJ_EVENT_GFX_ITEM_BALL",
      "x": 21,
      "y": 16,
      "elevation": 3,
      "movement_type": "MOVEMENT_TYPE_FACE_DOWN",
      "movement_range_x": 1,
      "movement_range_y": 1,
      "trainer_type": "TRAINER_TYPE_NONE",
      "trainer_sight_or_berry_tree_id": "0",
      "script": "SilphCo_5F_EventScript_ItemCardKey",
      "flag": "FLAG_HIDE_SILPH_CO_5F_CARD_KEY",
      "in_connection": false
    },
    {
      "type": "object",
      "graphics_id": "OBJ_EVENT_GFX_SCIENTIST",
      "x": 0,
      "y": 0,
      "elevation": 3,
      "movement_type": "MOVEMENT_TYPE_INVISIBLE",
      "movement_range_x": 2,
      "movement_range_y": 1,
      "trainer_type": "TRAINER_TYPE_NONE",
      "trainer_sight_or_berry_tree_id": "0",
      "script": "SilphCo_5F_EventScript_Scientist",
      "flag": "0",
      "in_connection": false
    },
    {
      "type": "object",
      "graphics_id": "OBJ_EVENT_GFX_CLIPBOARD",
      "x": 24,
      "y": 6,
      "elevation": 0,
      "movement_type": "MOVEMENT_TYPE_NONE",
      "movement_range_x": 0,
      "movement_range_y": 0,
      "trainer_type": "TRAINER_TYPE_NONE",
      "trainer_sight_or_berry_tree_id": "0",
      "script": "NULL",
      "flag": "0"
    },
    {
      "type": "object",
      "graphics_id": "OBJ_EVENT_GFX_CLIPBOARD",
      "x": 25,
      "y": 10,
      "elevation": 0,
      "movement_type": "MOVEMENT_TYPE_NONE",
      "movement_range_x": 0,
      "movement_range_y": 0,
      "trainer_type": "TRAINER_TYPE_NONE",
      "trainer_sight_or_berry_tree_id": "0",
      "script": "NULL",
      "flag": "0"
    },
    {
      "type": "object",
      "graphics_id": "OBJ_EVENT_GFX_CLIPBOARD",
      "x": 22,
      "y": 12,
      "elevation": 0,
      "movement_type": "MOVEMENT_TYPE_NONE",
      "movement_range_x": 0,
      "movement_range_y": 0,
      "trainer_type": "TRAINER_TYPE_NONE",
      "trainer_sight_or_berry_tree_id": "0",
      "script": "NULL",
      "flag": "0"
    }
  ],
  "warp_events": [
    {
      "x": 26,
      "y": 0,
      "elevation": 3,
      "dest_map": "MAP_SILPH_CO_4F",
      "dest_warp_id": "0"
    },
    {
      "x": 11,
      "y": 5,
      "elevation": 3,
      "dest_map": "MAP_SILPH_CO_3F",
      "dest_warp_id": "1"
    },
    {
      "x": 24,
      "y": 0,
      "elevation": 3,
      "dest_map": "MAP_SILPH_CO_6F",
      "dest_warp_id": "2"
    },
    {
      "x": 9,
      "y": 15,
      "elevation": 3,
      "dest_map": "MAP_SILPH_CO_9F",
      "dest_warp_id": "1"
    },
    {
      "x": 3,
      "y": 15,
      "elevation": 3,
      "dest_map": "MAP_SILPH_CO_3F",
      "dest_warp_id": "5"
    },
    {
      "x": 27,
      "y": 3,
      "elevation": 3,
      "dest_map": "MAP_SILPH_CO_7F",
      "dest_warp_id": "2"
    },
    {
      "x": 20,
      "y": 0,
      "elevation": 0,
      "dest_map": "MAP_SILPH_CO_ELEVATOR",
      "dest_warp_id": "0"
    }
  ],
  "coord_events": [

  ],
  "bg_events": [
    {
      "type": "hidden_item",
      "x": 12,
      "y": 3,
      "elevation": 0,
      "item": "ITEM_ELIXIR",
      "flag": "FLAG_HIDDEN_ITEM_SILPH_CO_5F_ELIXIR",
      "quantity": 1,
      "underfoot": false
    },
    {
      "type": "sign",
      "x": 7,
      "y": 4,
      "elevation": 0,
      "player_facing_dir": "BG_EVENT_PLAYER_FACING_ANY",
      "script": "SilphCo_5F_EventScript_Door1"
    },
    {
      "type": "sign",
      "x": 7,
      "y": 5,
      "elevation": 0,
      "player_facing_dir": "BG_EVENT_PLAYER_FACING_ANY",
      "script": "SilphCo_5F_EventScript_Door1"
    },
    {
      "type": "sign",
      "x": 7,
      "y": 13,
      "elevation": 0,
      "player_facing_dir": "BG_EVENT_PLAYER_FACING_ANY",
      "script": "SilphCo_5F_EventScript_Door2"
    },
    {
      "type": "sign",
      "x": 7,
      "y": 12,
      "elevation": 0,
      "player_facing_dir": "BG_EVENT_PLAYER_FACING_ANY",
      "script": "SilphCo_5F_EventScript_Door2"
    },
    {
      "type": "sign",
      "x": 24,
      "y": 6,
      "elevation": 0,
      "player_facing_dir": "BG_EVENT_PLAYER_FACING_ANY",
      "script": "SilphCo_5F_EventScript_PokemonReport3"
    },
    {
      "type": "sign",
      "x": 25,
      "y": 10,
      "elevation": 0,
      "player_facing_dir": "BG_EVENT_PLAYER_FACING_ANY",
      "script": "SilphCo_5F_EventScript_PokemonReport2"
    },
    {
      "type": "sign",
      "x": 22,
      "y": 12,
      "elevation": 0,
      "player_facing_dir": "BG_EVENT_PLAYER_FACING_ANY",
      "script": "SilphCo_5F_EventScript_PokemonReport1"
    },
    {
      "type": "sign",
      "x": 29,
      "y": 0,
      "elevation": 0,
      "player_facing_dir": "BG_EVENT_PLAYER_FACING_ANY",
      "script": "SilphCo_5F_EventScript_FloorSign"
    },
    {
      "type": "sign",
      "x": 15,
      "y": 11,
      "elevation": 0,
      "player_facing_dir": "BG_EVENT_PLAYER_FACING_ANY",
      "script": "SilphCo_5F_EventScript_Door3"
    },
    {
      "type": "sign",
      "x": 7,
      "y": 12,
      "elevation": 0,
      "player_facing_dir": "BG_EVENT_PLAYER_FACING_ANY",
      "script": "SilphCo_5F_EventScript_Door2"
    },
    {
      "type": "sign",
      "x": 15,
      "y": 10,
      "elevation": 0,
      "player_facing_dir": "BG_EVENT_PLAYER_FACING_ANY",
      "script": "SilphCo_5F_EventScript_Door3"
    }
  ]
}
