<?xml version="1.0" encoding="UTF-8"?>
<metadata>
  <identifier>keio2-pal-undub</identifier>
  <mediatype>software</mediatype>
  <collection>open_source_software</collection>
  <creator>s10k</creator>
  <date>2021-11-29</date>
  <description>&lt;div&gt;Created By: s10k&lt;/div&gt;&lt;div&gt;Original Link: https://segaxtreme.net/resources/pal-keio-flying-squadron-2.104/&lt;/div&gt;&lt;div&gt;&lt;br /&gt;&lt;/div&gt;&lt;div&gt;Undub patch for the PAL release of Keio Flying Squadron 2 on the Sega Saturn that restores Japanese sounds and videos (KFS2 was not released in North America despite plans for that). I'm mirroring it because it only seems to be hosted on a small, inactive forum and I don't want it to become lost. (I would recommend using Delta Patcher instead of xdeltaUI.)&lt;/div&gt;&lt;div&gt;&lt;br /&gt;&lt;/div&gt;&lt;div&gt;readme:&lt;/div&gt;&lt;div&gt;"This patch patches PAL Keio Flying Squadron 2 to replace the sounds&lt;br /&gt;(like the ones from the main character) and the videos by the&lt;br /&gt;Japanese ones.&lt;br /&gt;&lt;br /&gt;v1.0 by s10k 2021-11-29&lt;br /&gt;&lt;br /&gt;Use xdelta 3.0u (you can use the GUI xdeltaUI) to patch&lt;br /&gt;"Keio Flying Squadron 2 (Europe) (Track 01).bin" file. I used the&lt;br /&gt;image from redump.ss.revival. CRC32: C5EEDCCF"&lt;/div&gt;</description>
  <language>eng</language>
  <scanner>Internet Archive HTML5 Uploader 1.7.0</scanner>
  <subject>sega</subject>
  <title>Keio Flying Squadron 2 (PAL) - Undub Patch</title>
  <subject>sega saturn</subject>
  <subject>victor</subject>
  <subject>victor entertainment</subject>
  <subject>jvc</subject>
  <uploader>itsafullmoon@proton.me</uploader>
  <publicdate>2025-06-14 05:40:37</publicdate>
  <addeddate>2025-06-14 05:40:37</addeddate>
  <curation>[curator]validator@archive.org[/curator][date]20250614054604[/date][comment]checked for malware[/comment]</curation>
</metadata>
