<?xml version="1.0" encoding="UTF-8"?>
<files>
  <file name="keio2-pal-undub_archive.torrent" source="metadata">
    <btih>4e7c077f99436c16beeb74107a3c901acf34bb5f</btih>
    <mtime>1749879965</mtime>
    <size>2397</size>
    <md5>4f65507deb85f98fc5b0a9f7bcad569e</md5>
    <crc32>31b475ee</crc32>
    <sha1>489edf34b04fe5efaeccd8b6564674ce6aa34127</sha1>
    <format>Archive BitTorrent</format>
  </file>
  <file name="keio2-pal-undub_files.xml" source="original">
    <format>Metadata</format>
    <md5>5ff2a8a617da9c88b1791a685de9d992</md5>
    <summation>md5</summation>
  </file>
  <file name="keio2-pal-undub_meta.sqlite" source="original">
    <mtime>1749879649</mtime>
    <size>20480</size>
    <md5>7ed1c74b01cd47beac80a975476ca3e4</md5>
    <crc32>85a36d4b</crc32>
    <sha1>2ad672b4d0004e922f7a7f9c655a20fa19bfa31c</sha1>
    <format>Metadata</format>
  </file>
  <file name="keio2-pal-undub_meta.xml" source="original">
    <mtime>1749879964</mtime>
    <size>1910</size>
    <md5>51401905fec5716d92741a93a516be13</md5>
    <crc32>7f6cf178</crc32>
    <sha1>bcaca9d03a350cfed7d1acaabaac50ae31a3533c</sha1>
    <format>Metadata</format>
  </file>
  <file name="keio2-pal-with-japanese-sounds-and-videos-xdelta30u.7z" source="original">
    <mtime>1749879615</mtime>
    <size>18111625</size>
    <md5>6151de4e95b2a6dfac11649aa6c26c24</md5>
    <crc32>f9a2572e</crc32>
    <sha1>f151905e46218e40e6972318990b035d7af361a4</sha1>
    <format>7z</format>
    <filecount>2</filecount>
    <viruscheck>1749879964</viruscheck>
  </file>
</files>
