<?xml version="1.0" encoding="UTF-8"?>
<files>
  <file name="Logo1.png" source="original">
    <mtime>1743713506</mtime>
    <size>40697</size>
    <md5>191ff59c4dac758da0edc5dc15c225bf</md5>
    <crc32>8af6756c</crc32>
    <sha1>816db4af3e0801a8c26eee37e21ac7636b9ab99f</sha1>
    <format>PNG</format>
  </file>
  <file name="Logo1_thumb.jpg" source="derivative">
    <format>JPEG Thumb</format>
    <original>Logo1.png</original>
    <mtime>1743713879</mtime>
    <size>6697</size>
    <md5>76b02e56ad770ac6e7860801eedae60a</md5>
    <crc32>9501929a</crc32>
    <sha1>6e6a86b7329c4916a783013ca5bd5ce303a29945</sha1>
  </file>
  <file name="Super Mariomon Assets.zip" source="original">
    <mtime>1743713779</mtime>
    <size>270286647</size>
    <md5>8e091c85330d27460ded8d8ee8546da7</md5>
    <crc32>bad2265e</crc32>
    <sha1>5b823deeee2ee57d808b249a3b6535d04c35786b</sha1>
    <format>ZIP</format>
    <filecount>2358</filecount>
  </file>
  <file name="__ia_thumb.jpg" source="original">
    <mtime>1743713590</mtime>
    <size>7773</size>
    <md5>0ddf68281bbbaeb0804e729bcb6f647c</md5>
    <crc32>56d61097</crc32>
    <sha1>e5214e4a73febe7b8a1358edcf3823cf165ed957</sha1>
    <format>Item Tile</format>
  </file>
  <file name="mariomon.bps" source="original">
    <mtime>1743713549</mtime>
    <size>8948642</size>
    <md5>00bcd14645aee4e70d22114471d3780d</md5>
    <crc32>2144df1c</crc32>
    <sha1>ce9dc6dd749dea7ba8d25d1b3db699b1578dd129</sha1>
    <format>Unknown</format>
    <viruscheck>1743713608</viruscheck>
  </file>
  <file name="mariomon1.0_archive.torrent" source="metadata">
    <btih>c49cf11da1f4b480b84be1ad2c1a5dbb6bb58a4a</btih>
    <mtime>1743713965</mtime>
    <size>12960</size>
    <md5>9082c135497edeb98bf0e345c86c9557</md5>
    <crc32>4fda7362</crc32>
    <sha1>d2b6b363688f769de080b438a659d1345b6350c1</sha1>
    <format>Archive BitTorrent</format>
  </file>
  <file name="mariomon1.0_files.xml" source="original">
    <format>Metadata</format>
    <md5>ed826f02fb940d8a1affce2d45f4a2b0</md5>
    <summation>md5</summation>
  </file>
  <file name="mariomon1.0_meta.sqlite" source="original">
    <mtime>1743713792</mtime>
    <size>49152</size>
    <md5>0277c15ee0d570ddad8356ddf2662991</md5>
    <crc32>bc6fa6df</crc32>
    <sha1>b35d084a1c5e8c09ca6dffa1d8d6f7c325b4f9ad</sha1>
    <format>Metadata</format>
  </file>
  <file name="mariomon1.0_meta.xml" source="original">
    <mtime>1743713963</mtime>
    <size>3727</size>
    <md5>d4e8d7b2aa13ed2085e34e85614526c6</md5>
    <crc32>aa5941dc</crc32>
    <sha1>cbf5a7fc5a56a5d42dc0c6e9f4b86463839417d8</sha1>
    <format>Metadata</format>
  </file>
</files>
