<?xml version="1.0" encoding="UTF-8"?>
<metadata>
  <identifier>mariomon1.0</identifier>
  <mediatype>software</mediatype>
  <collection>open_source_software</collection>
  <creator>Too Many Productions</creator>
  <date>2025-04-03</date>
  <description>&lt;p class="p1" style="margin:0in;font-family:'Times New Roman', serif;"&gt;&lt;span style="font-family:Calibri, sans-serif;"&gt;This was developed for non-profit by Too Many Productions. If you want to discuss this game with others or report a bug, join the Too Many Productions server: &lt;span class="MsoHyperlink" style="color:rgb(5,99,193);text-decoration:underline;"&gt;https://discord.gg/ygs2QZq2zc&lt;/span&gt;&lt;span class="MsoHyperlink" style="color:rgb(5,99,193);text-decoration:underline;"&gt;&lt;span style="text-decoration:none;"&gt;&lt;/span&gt;&lt;/span&gt;&lt;/span&gt;&lt;/p&gt;&lt;p&gt;&lt;/p&gt;&lt;p class="p2" style="margin:0in;font-family:'Times New Roman', serif;"&gt;&lt;span style="font-size:9.5pt;font-family:Helvetica;color:rgb(48,125,255);"&gt;&lt;/span&gt;&lt;/p&gt;&lt;p&gt; &lt;/p&gt;&lt;p class="p1" style="margin:0in;font-family:'Times New Roman', serif;"&gt;&lt;span style="font-family:Calibri, sans-serif;"&gt;To patch your ROM file, please follow the instructions on the link below:&lt;/span&gt;&lt;/p&gt;&lt;p&gt;&lt;/p&gt;&lt;p class="p2" style="margin:0in;font-family:'Times New Roman', serif;"&gt;&lt;span class="MsoHyperlink" style="color:rgb(5,99,193);text-decoration:underline;"&gt;&lt;span style="font-family:Calibri, sans-serif;"&gt;&lt;a href="https://www.pokemoncoders.com/how-to-patch-bps-rom-hack-file/" style="color:rgb(149,79,114);" rel="ugc nofollow"&gt;https://www.pokemoncoders.com/how-to-patch-bps-rom-hack-file/&lt;/a&gt;&lt;/span&gt;&lt;/span&gt;&lt;/p&gt;&lt;p&gt;&lt;/p&gt;&lt;p class="p2" style="margin:0in;font-family:'Times New Roman', serif;"&gt;&lt;br /&gt;&lt;/p&gt;&lt;p class="MsoNormal" style="margin:0in 0in 8pt;line-height:18.4px;font-family:Calibri, sans-serif;"&gt;You will find two attachments enclosed. One that is the patch file for the game (&lt;i&gt;.bps&lt;/i&gt;) and a zip folder that contains tons of assets for any videos / streams you might create with this game!&lt;/p&gt;&lt;p&gt;&lt;/p&gt;&lt;p class="MsoNormal" style="margin:0in 0in 8pt;line-height:18.4px;font-family:Calibri, sans-serif;"&gt;Lastly, if you do stream this game, please try to do it under this specific “Super Mario” category that we have commandeered from an old Mario game that was developed for a TI-99 calculator: &lt;a href="https://www.twitch.tv/directory/category/super-mario" style="color:rgb(149,79,114);" rel="ugc nofollow"&gt;https://www.twitch.tv/directory/category/super-mario&lt;/a&gt;&lt;/p&gt;&lt;p&gt;&lt;/p&gt;&lt;p class="MsoNormal" style="margin:0in 0in 8pt;line-height:18.4px;font-family:Calibri, sans-serif;"&gt;&lt;i&gt;Released on 4/3/2025 after Alpharad’s Twitch Channel Chat beat the game in under 48 hours!&lt;/i&gt;&lt;/p&gt;&lt;p&gt;&lt;/p&gt;</description>
  <language>eng</language>
  <scanner>Internet Archive HTML5 Uploader 1.7.0</scanner>
  <subject>super mariomon</subject>
  <subject>mariomon</subject>
  <subject>Jacob</subject>
  <subject>Jacob Alpharad</subject>
  <subject>Alpharad</subject>
  <subject>too many productions</subject>
  <subject>too</subject>
  <subject>many</subject>
  <subject>productions</subject>
  <subject>too many types</subject>
  <title>Super Mariomon</title>
  <uploader>mkrieger95@gmail.com</uploader>
  <publicdate>2025-04-03 20:52:13</publicdate>
  <addeddate>2025-04-03 20:52:13</addeddate>
  <curation>[curator]validator@archive.org[/curator][date]20250403205328[/date][comment]checked for malware[/comment]</curation>
</metadata>
