{
  "id": "MAP_DIGLETTS_CAVE_B1F",
  "name": "DiglettsCave_B1F",
  "layout": "LAYOUT_DIGLETTS_CAVE_B1F",
  "music": "MUS_VIRIDIAN_FOREST",
  "region_map_section": "MAPSEC_DIGLETTS_CAVE",
  "requires_flash": false,
  "weather": "WEATHER_NONE",
  "map_type": "MAP_TYPE_UNDERGROUND",
  "allow_cycling": true,
  "allow_escaping": true,
  "allow_running": true,
  "show_map_name": true,
  "floor_number": 0,
  "battle_scene": "MAP_BATTLE_SCENE_NORMAL",
  "connections": 0,
  "object_events": [

  ],
  "warp_events": [
    {
      "x": 5,
      "y": 5,
      "elevation": 3,
      "dest_map": "MAP_DIGLETTS_CAVE_NORTH_ENTRANCE",
      "dest_warp_id": "0"
    },
    {
      "x": 37,
      "y": 31,
      "elevation": 3,
      "dest_map": "MAP_DIGLETTS_CAVE_SOUTH_ENTRANCE",
      "dest_warp_id": "1"
    }
  ],
  "coord_events": [

  ],
  "bg_events": [

  ]
}
