<?xml version="1.0" encoding="UTF-8"?>
<files>
  <file name="POKEMON ALL IN VERSION GBA HACK.zip" source="original">
    <mtime>1748088544</mtime>
    <size>6516553</size>
    <md5>c7d9ca5f2a07db01eafb5864f898dee1</md5>
    <crc32>b83d6258</crc32>
    <sha1>43b8159f1ab937f417adeedc2f389b87e928e743</sha1>
    <format>ZIP</format>
    <filecount>4</filecount>
    <viruscheck>1748088896</viruscheck>
  </file>
  <file name="pokemon-all-in-version-gba-hack_archive.torrent" source="metadata">
    <btih>c31eb2cd663fabf2688c3d73c8e2f88007111fa3</btih>
    <mtime>1748088897</mtime>
    <size>2082</size>
    <md5>12b1fedcc0e0239810a3ea30af49fe53</md5>
    <crc32>c7a1a12d</crc32>
    <sha1>8b3b162837e7cc08bf1eedf44c9bb6ff944a260d</sha1>
    <format>Archive BitTorrent</format>
  </file>
  <file name="pokemon-all-in-version-gba-hack_files.xml" source="original">
    <format>Metadata</format>
    <md5>37a1fbc51af66e95f7196a6d359b5e96</md5>
    <summation>md5</summation>
  </file>
  <file name="pokemon-all-in-version-gba-hack_meta.sqlite" source="original">
    <mtime>1748088579</mtime>
    <size>20480</size>
    <md5>a1301349cc46100b4e7e7bc20eb18e1a</md5>
    <crc32>7d4ca3f5</crc32>
    <sha1>3ccaf0ea4e75006c47029c504b12e8f8eb7e48cf</sha1>
    <format>Metadata</format>
  </file>
  <file name="pokemon-all-in-version-gba-hack_meta.xml" source="original">
    <mtime>1748088896</mtime>
    <size>674</size>
    <md5>fbfca3e20c34ecc3ad4f05e935631c6a</md5>
    <crc32>656dd77d</crc32>
    <sha1>4afd35480b231dd1a990964695a2f911e6e25d55</sha1>
    <format>Metadata</format>
  </file>
</files>
