<?xml version="1.0" encoding="UTF-8"?>
<metadata>
  <identifier>pokemon-all-in-version-gba-hack</identifier>
  <mediatype>software</mediatype>
  <collection>open_source_software</collection>
  <description>CREDITS TO CHRIS PICHE. MAY 24 2025 VERSION.</description>
  <scanner>Internet Archive HTML5 Uploader 1.7.0</scanner>
  <subject>eng</subject>
  <title>POKEMON ALL IN VERSION GBA HACK</title>
  <uploader>Vetches99@gmail.com</uploader>
  <publicdate>2025-05-24 12:09:28</publicdate>
  <addeddate>2025-05-24 12:09:28</addeddate>
  <curation>[curator]validator@archive.org[/curator][date]20250524121456[/date][comment]checked for malware[/comment]</curation>
</metadata>
