<?xml version="1.0" encoding="UTF-8"?>
<metadata>
  <identifier>mariomon-v-1.2</identifier>
  <mediatype>software</mediatype>
  <collection>open_source_software</collection>
  <creator>Too Many Productions</creator>
  <date>2025-04-04</date>
  <description>Version v1.2&lt;div&gt;&lt;p style="margin:0px;font-style:normal;font-size:12px;line-height:normal;font-family:Helvetica;"&gt;Bug Fixes:&lt;/p&gt;
&lt;ul style="list-style-type:circle;"&gt;
&lt;li style="margin:0px;font-style:normal;font-size:12px;line-height:normal;font-family:Helvetica;"&gt;﻿﻿Whiting out as Mario in 5-2 will no longer teleport Captain Toad to Jungle Village with him and desync the route&lt;/li&gt;
&lt;li style="margin:0px;font-style:normal;font-size:12px;line-height:normal;font-family:Helvetica;"&gt;﻿﻿Fixed a bug that would cause the first member of your party to get overwritten by a different one in your party if the first half of your party was fainted when entering a multi battle with Captain Toad&lt;/li&gt;
&lt;li style="margin:0px;font-style:normal;font-size:12px;line-height:normal;font-family:Helvetica;"&gt;﻿﻿Fixed Captain Toad's party being overwritten/reset after whiting out to Bowser &amp;amp; Kamek fights and then going back&lt;/li&gt;
&lt;li style="margin:0px;font-style:normal;font-size:12px;line-height:normal;font-family:Helvetica;"&gt;﻿﻿Fixed Captain Toad appearing in wild battles if you left 5-1 while he was following you&lt;/li&gt;
&lt;li style="margin:0px;font-style:normal;font-size:12px;line-height:normal;font-family:Helvetica;"&gt;﻿﻿Added a failsafe for missing surf in World 4 and getting stuck in World 5-1&lt;/li&gt;
&lt;li style="margin:0px;font-style:normal;font-size:12px;line-height:normal;font-family:Helvetica;"&gt;﻿﻿If you saved post softlock, interact with one of the ! blocks as mario, or white out as mario&lt;/li&gt;
&lt;li style="margin:0px;font-style:normal;font-size:12px;line-height:normal;font-family:Helvetica;"&gt;﻿﻿Fixed some collision errors here and there (Club&lt;br /&gt;
Sugar, etc)&lt;/li&gt;
&lt;li style="margin:0px;font-style:normal;font-size:12px;line-height:normal;font-family:Helvetica;"&gt;﻿﻿Fixed a bug on 4-1 that would get you stuck standing on water if you got the item while surfing and then encountered a Capture&lt;/li&gt;
&lt;li style="margin:0px;font-style:normal;font-size:12px;line-height:normal;font-family:Helvetica;"&gt;﻿﻿Fixed grunts in the Safari Zone causing a softlock due to a lack of a release command&lt;/li&gt;
&lt;li style="margin:0px;font-style:normal;font-size:12px;line-height:normal;font-family:Helvetica;"&gt;﻿﻿Fixed grunts in Bowsers Castle causing a softlock due to being too close to lava's edge&lt;/li&gt;
&lt;li style="margin:0px;font-style:normal;font-size:12px;line-height:normal;font-family:Helvetica;"&gt;﻿﻿Disabled the use of Fly from the party menu (Lakitu had it and would cause desyncs if used)&lt;/li&gt;&lt;/ul&gt;&lt;/div&gt;&lt;div&gt;&lt;p class="p1" style="margin:0in;color:rgb(44,44,44);font-size:14px;font-family:'Times New Roman', serif;"&gt;&lt;span style="font-family:Calibri, sans-serif;"&gt;This was developed for non-profit by Too Many Productions. If you want to discuss this game with others or report a bug, join the Too Many Productions server: &lt;span class="MsoHyperlink" style="color:rgb(5,99,193);text-decoration:underline;"&gt;https://discord.gg/ygs2QZq2zc&lt;/span&gt;&lt;span class="MsoHyperlink" style="color:rgb(5,99,193);text-decoration:underline;"&gt;&lt;span style="text-decoration:none;"&gt;&lt;/span&gt;&lt;/span&gt;&lt;/span&gt;&lt;/p&gt;&lt;p class="p2" style="margin:0in;color:rgb(44,44,44);font-size:14px;font-family:'Times New Roman', serif;"&gt;&lt;span style="font-size:9.5pt;font-family:Helvetica;color:rgb(48,125,255);"&gt;&lt;/span&gt;&lt;/p&gt;&lt;p style="margin:0px 0px 10px;color:rgb(44,44,44);font-family:'Helvetica Neue', Helvetica, Arial, sans-serif;font-size:14px;"&gt; &lt;/p&gt;&lt;p class="p1" style="margin:0in;color:rgb(44,44,44);font-size:14px;font-family:'Times New Roman', serif;"&gt;&lt;span style="font-family:Calibri, sans-serif;"&gt;To patch your ROM file, please follow the instructions on the link below:&lt;/span&gt;&lt;/p&gt;&lt;p class="p2" style="margin:0in;color:rgb(44,44,44);font-size:14px;font-family:'Times New Roman', serif;"&gt;&lt;span class="MsoHyperlink" style="color:rgb(5,99,193);text-decoration:underline;"&gt;&lt;span style="font-family:Calibri, sans-serif;"&gt;&lt;a href="https://www.pokemoncoders.com/how-to-patch-bps-rom-hack-file/" style="background-image:none;background-position:0% 0%;background-repeat:repeat;background-attachment:scroll;color:rgb(149,79,114);text-decoration:none;" rel="ugc nofollow"&gt;https://www.pokemoncoders.com/how-to-patch-bps-rom-hack-file/&lt;/a&gt;&lt;/span&gt;&lt;/span&gt;&lt;/p&gt;&lt;p class="p2" style="margin:0in;color:rgb(44,44,44);font-size:14px;font-family:'Times New Roman', serif;"&gt;&lt;br /&gt;&lt;/p&gt;&lt;p class="MsoNormal" style="margin:0in 0in 8pt;color:rgb(44,44,44);font-size:14px;line-height:18.4px;font-family:Calibri, sans-serif;"&gt;You will find two attachments enclosed. One that is the patch file for the game (&lt;i&gt;.bps&lt;/i&gt;) and a zip folder that contains tons of assets for any videos / streams you might create with this game!&lt;/p&gt;&lt;p class="MsoNormal" style="margin:0in 0in 8pt;color:rgb(44,44,44);font-size:14px;line-height:18.4px;font-family:Calibri, sans-serif;"&gt;Lastly, if you do stream this game, please try to do it under this specific “Super Mario” category that we have commandeered from an old Mario game that was developed for a TI-99 calculator: &lt;a href="https://www.twitch.tv/directory/category/super-mario" style="background-image:none;background-position:0% 0%;background-repeat:repeat;background-attachment:scroll;color:rgb(149,79,114);text-decoration:none;" rel="ugc nofollow"&gt;https://www.twitch.tv/directory/category/super-mario&lt;/a&gt;&lt;/p&gt;&lt;p class="MsoNormal" style="margin:0in 0in 8pt;color:rgb(44,44,44);font-size:14px;line-height:18.4px;font-family:Calibri, sans-serif;"&gt;&lt;i&gt;Released on 4/3/2025 after Alpharad’s Twitch Channel Chat beat the game in under 48 hours!&lt;/i&gt;&lt;/p&gt;&lt;/div&gt;</description>
  <language>eng</language>
  <scanner>Internet Archive HTML5 Uploader 1.7.0</scanner>
  <subject>super mariomon</subject>
  <subject>mariomon</subject>
  <subject>Jacob</subject>
  <subject>Jacob Alpharad</subject>
  <subject>Alpharad</subject>
  <subject>too many productions</subject>
  <subject>too</subject>
  <subject>many</subject>
  <subject>productions</subject>
  <subject>too many types</subject>
  <title>Super Mariomon v1.2</title>
  <uploader>mkrieger95@gmail.com</uploader>
  <publicdate>2025-04-05 14:49:57</publicdate>
  <addeddate>2025-04-05 14:49:57</addeddate>
  <curation>[curator]validator@archive.org[/curator][date]20250405151510[/date][comment]checked for malware[/comment]</curation>
</metadata>
