<?xml version="1.0" encoding="UTF-8"?>
<files>
  <file name="Logo1.png" source="original">
    <mtime>1743864603</mtime>
    <size>40697</size>
    <md5>191ff59c4dac758da0edc5dc15c225bf</md5>
    <crc32>8af6756c</crc32>
    <sha1>816db4af3e0801a8c26eee37e21ac7636b9ab99f</sha1>
    <format>PNG</format>
  </file>
  <file name="Logo1_thumb.jpg" source="derivative">
    <format>JPEG Thumb</format>
    <original>Logo1.png</original>
    <mtime>1743866136</mtime>
    <size>6697</size>
    <md5>76b02e56ad770ac6e7860801eedae60a</md5>
    <crc32>9501929a</crc32>
    <sha1>6e6a86b7329c4916a783013ca5bd5ce303a29945</sha1>
  </file>
  <file name="Super Mariomon Assets.zip" source="original">
    <mtime>1743864955</mtime>
    <size>270286647</size>
    <md5>8e091c85330d27460ded8d8ee8546da7</md5>
    <crc32>bad2265e</crc32>
    <sha1>5b823deeee2ee57d808b249a3b6535d04c35786b</sha1>
    <format>ZIP</format>
    <filecount>2358</filecount>
  </file>
  <file name="__ia_thumb.jpg" source="original">
    <mtime>1743865779</mtime>
    <size>7773</size>
    <md5>0ddf68281bbbaeb0804e729bcb6f647c</md5>
    <crc32>56d61097</crc32>
    <sha1>e5214e4a73febe7b8a1358edcf3823cf165ed957</sha1>
    <format>Item Tile</format>
  </file>
  <file name="mariomon v1.2.bps" source="original">
    <mtime>1743864576</mtime>
    <size>8948263</size>
    <md5>864c0b8eb5defcaaa9b6acbaeeb19649</md5>
    <crc32>2144df1c</crc32>
    <sha1>0fc1f0d542338c851798a2e924705985fe6da73d</sha1>
    <format>Unknown</format>
    <viruscheck>1743866110</viruscheck>
  </file>
  <file name="mariomon-v-1.2_archive.torrent" source="metadata">
    <btih>0033f83f4a6ccb1558c707403db4c92afead7245</btih>
    <mtime>1743866154</mtime>
    <size>12994</size>
    <md5>53ee8ad36c883c9eeafbf6a56e1a6c7f</md5>
    <crc32>f99c5f06</crc32>
    <sha1>2fcd7c1a89ff444cf16ef528cd21fe8bdf3102fd</sha1>
    <format>Archive BitTorrent</format>
  </file>
  <file name="mariomon-v-1.2_files.xml" source="original">
    <format>Metadata</format>
    <md5>975dfc6db8b1095c7ca0ec2f37769255</md5>
    <summation>md5</summation>
  </file>
  <file name="mariomon-v-1.2_meta.sqlite" source="original">
    <mtime>1743865770</mtime>
    <size>98304</size>
    <md5>3b09072596cf251beed3f09f44129030</md5>
    <crc32>33f7f60f</crc32>
    <sha1>85d685bf5ee484c95440272493fd8c3a6a5d9b77</sha1>
    <format>Metadata</format>
  </file>
  <file name="mariomon-v-1.2_meta.xml" source="original">
    <mtime>1743866152</mtime>
    <size>6998</size>
    <md5>650308478d535f4c8b0a8268ec919ae4</md5>
    <crc32>89ee62ba</crc32>
    <sha1>34a4ca1f49aedbfbbbf40e57885dc3f422dea5f9</sha1>
    <format>Metadata</format>
  </file>
</files>
