{
  "id": "MAP_ROUTE4",
  "name": "Route4",
  "layout": "LAYOUT_ROUTE4",
  "music": "MUS_ROUTE3",
  "region_map_section": "MAPSEC_ROUTE_4",
  "requires_flash": false,
  "weather": "WEATHER_SUNNY",
  "map_type": "MAP_TYPE_ROUTE",
  "allow_cycling": true,
  "allow_escaping": false,
  "allow_running": true,
  "show_map_name": false,
  "floor_number": 0,
  "battle_scene": "MAP_BATTLE_SCENE_NORMAL",
  "connections": [
    {
      "map": "MAP_ROUTE3",
      "offset": -50,
      "direction": "down"
    },
    {
      "map": "MAP_CERULEAN_CITY",
      "offset": 1,
      "direction": "right"
    }
  ],
  "object_events": [
    {
      "type": "object",
      "graphics_id": "OBJ_EVENT_GFX_LASS",
      "x": 9,
      "y": 17,
      "elevation": 3,
      "movement_type": "MOVEMENT_TYPE_WANDER_AROUND",
      "movement_range_x": 1,
      "movement_range_y": 1,
      "trainer_type": "TRAINER_TYPE_NONE",
      "trainer_sight_or_berry_tree_id": "0",
      "script": "Route4_EventScript_Woman",
      "flag": "0",
      "in_connection": false
    },
    {
      "type": "object",
      "graphics_id": "OBJ_EVENT_GFX_LASS",
      "x": 62,
      "y": 12,
      "elevation": 3,
      "movement_type": "MOVEMENT_TYPE_FACE_RIGHT",
      "movement_range_x": 1,
      "movement_range_y": 1,
      "trainer_type": "TRAINER_TYPE_NORMAL",
      "trainer_sight_or_berry_tree_id": "4",
      "script": "Route4_EventScript_Crissy",
      "flag": "0",
      "in_connection": false
    },
    {
      "type": "object",
      "graphics_id": "OBJ_EVENT_GFX_ITEM_BALL",
      "x": 56,
      "y": 12,
      "elevation": 3,
      "movement_type": "MOVEMENT_TYPE_FACE_DOWN",
      "movement_range_x": 1,
      "movement_range_y": 1,
      "trainer_type": "TRAINER_TYPE_NONE",
      "trainer_sight_or_berry_tree_id": "0",
      "script": "Route4_EventScript_ItemTM04",
      "flag": "FLAG_HIDE_ROUTE4_TM04",
      "in_connection": false
    },
    {
      "type": "object",
      "graphics_id": "OBJ_EVENT_GFX_COOLTRAINER_M",
      "x": 109,
      "y": 12,
      "elevation": 12,
      "movement_type": "MOVEMENT_TYPE_NONE",
      "movement_range_x": 0,
      "movement_range_y": 0,
      "trainer_type": "3",
      "trainer_sight_or_berry_tree_id": "3",
      "script": "0x0",
      "flag": "0",
      "in_connection": true
    }
  ],
  "warp_events": [
    {
      "x": 18,
      "y": 14,
      "elevation": 3,
      "dest_map": "MAP_MT_MOON_1F",
      "dest_warp_id": "3"
    },
    {
      "x": 24,
      "y": 14,
      "elevation": 0,
      "dest_map": "MAP_MT_MOON_B1F",
      "dest_warp_id": "7"
    },
    {
      "x": 11,
      "y": 14,
      "elevation": 0,
      "dest_map": "MAP_ROUTE4_POKEMON_CENTER_1F",
      "dest_warp_id": "0"
    }
  ],
  "coord_events": [

  ],
  "bg_events": [
    {
      "type": "sign",
      "x": 17,
      "y": 16,
      "elevation": 0,
      "player_facing_dir": "BG_EVENT_PLAYER_FACING_ANY",
      "script": "Route4_EventScript_MtMoonSign"
    },
    {
      "type": "sign",
      "x": 27,
      "y": 16,
      "elevation": 0,
      "player_facing_dir": "BG_EVENT_PLAYER_FACING_ANY",
      "script": "Route4_EventScript_RouteSign"
    },
    {
      "type": "hidden_item",
      "x": 39,
      "y": 12,
      "elevation": 3,
      "item": "ITEM_GREAT_BALL",
      "flag": "FLAG_HIDDEN_ITEM_ROUTE4_GREAT_BALL",
      "quantity": 1,
      "underfoot": false
    }
  ]
}
