[
  {
    "Key": "Slot1",
    "Value": {
      "Price": 500
    }
  },
  {
    "Key": "Slot2",
    "Value": {
      "Price": 800
    }
  },
  {
    "Key": "Slot3",
    "Value": {
      "Price": 2000
    }
  },
  {
    "Key": "Slot4",
    "Value": {
      "Price": 8000
    }
  },
  {
    "Key": "Slot5",
    "Value": {
      "Price": 4000
    }
  },
  {
    "Key": "Slot6",
    "Value": {
      "Price": 200
    }
  },
  {
    "Key": "Slot7",
    "Value": {
      "Price": 200
    }
  },
  {
    "Key": "Slot8",
    "Value": {
      "Price": 200
    }
  },
  {
    "Key": "Slot9",
    "Value": {
      "Price": 300
    }
  },
  {
    "Key": "Slot10",
    "Value": {
      "Price": 400
    }
  },
  {
    "Key": "Slot11",
    "Value": {
      "Price": 500
    }
  },
  {
    "Key": "Slot12",
    "Value": {
      "Price": 800
    }
  },
  {
    "Key": "Slot13",
    "Value": {
      "Price": 1000
    }
  },
  {
    "Key": "Slot14",
    "Value": {
      "Price": 2400
    }
  },
  {
    "Key": "Slot15",
    "Value": {
      "Price": 5000
    }
  },
  {
    "Key": "Slot16",
    "Value": {
      "Price": 8000
    }
  },
  {
    "Key": "Slot17",
    "Value": {
      "Price": 15000
    }
  },
  {
    "Key": "Slot18",
    "Value": {
      "Price": 500
    }
  },
  {
    "Key": "Slot19",
    "Value": {
      "Price": 2000
    }
  },
  {
    "Key": "Slot20",
    "Value": {
      "Price": 1500
    }
  },
  {
    "Key": "Slot21",
    "Value": {
      "Price": 2000
    }
  },
  {
    "Key": "Slot22",
    "Value": {
      "Price": 4000
    }
  },
  {
    "Key": "Slot23",
    "Value": {
      "Price": 10000
    }
  },
  {
    "Key": "Slot24",
    "Value": {
      "Price": 10000
    }
  },
  {
    "Key": "Slot25",
    "Value": {
      "Price": 10000
    }
  },
  {
    "Key": "Slot26",
    "Value": {
      "Price": 12000
    }
  },
  {
    "Key": "Slot27",
    "Value": {
      "Price": 400
    }
  },
  {
    "Key": "Slot28",
    "Value": {
      "Price": 3980
    }
  },
  {
    "Key": "Slot29",
    "Value": {
      "Price": 400
    }
  },
  {
    "Key": "Slot30",
    "Value": {
      "Price": 1000
    }
  },
  {
    "Key": "Slot31",
    "Value": {
      "Price": 4000
    }
  },
  {
    "Key": "Slot32",
    "Value": {
      "Price": 12000
    }
  },
  {
    "Key": "Slot33",
    "Value": {
      "Price": 1500
    }
  },
  {
    "Key": "Slot34",
    "Value": {
      "Price": 4000
    }
  },
  {
    "Key": "Slot35",
    "Value": {
      "Price": 12000
    }
  },
  {
    "Key": "Slot36",
    "Value": {
      "Price": 2000
    }
  },
  {
    "Key": "Slot37",
    "Value": {
      "Price": 3000
    }
  },
  {
    "Key": "Slot38",
    "Value": {
      "Price": 30000
    }
  },
  {
    "Key": "Slot39",
    "Value": {
      "Price": 3000
    }
  },
  {
    "Key": "Slot40",
    "Value": {
      "Price": 4000
    }
  },
  {
    "Key": "Slot41",
    "Value": {
      "Price": 8000
    }
  },
  {
    "Key": "Slot42",
    "Value": {
      "Price": 500000
    }
  }
]