Increased critical hit chance;002 Karate Chop;013 Razor Wind;015 Cut;075 Razor Leaf;143 Sky Attack;152 Crabhammer;163 Slash;174 Night Slash;177 Aeroblast;238 Cross Chop;
Index;Name;Type;Power;Accuracy;PP;Effect;Anim;P/S;Address;
001;Pound;NORMAL;40;100%;35;000 - NO_ADDITIONAL_EFFECT;001 - PoundAnim;Physical;0x3B250;
002;Karate Chop;FIGHTING;50;100%;25;000 - NO_ADDITIONAL_EFFECT;002 - KarateChopAnim;Physical;0x3B256;
003;Double Slap;FAIRY;15;84%;10;029 - TWO_TO_FIVE_ATTACKS_EFFECT (random 2-5 attacks);003 - DoubleSlapAnim;Physical;0x3B25C;
004;Comet Punch;NORMAL;18;84%;15;029 - TWO_TO_FIVE_ATTACKS_EFFECT (random 2-5 attacks);004 - CometPunchAnim;Physical;0x3B262;
005;Mega Punch;NORMAL;80;84%;20;000 - NO_ADDITIONAL_EFFECT;005 - MegaPunchAnim;Physical;0x3B268;
006;Pay Day;NORMAL;40;100%;20;016 - PAY_DAY_EFFECT;006 - PayDayAnim;Physical;0x3B26E;
007;Fire Punch;FIRE;75;100%;15;004 - BURN_SIDE_EFFECT1 (10%);007 - FirePunchAnim;Physical;0x3B274;
008;Ice Punch;ICE;75;100%;15;005 - FREEZE_SIDE_EFFECT (10%);008 - IcePunchAnim;Physical;0x3B27A;
009;ThunderPunch;ELECTRIC;75;100%;15;006 - PARALYZE_SIDE_EFFECT1 (10%);009 - ThunderPunchAnim;Physical;0x3B280;
010;Scratch;NORMAL;40;100%;35;000 - NO_ADDITIONAL_EFFECT;010 - ScratchAnim;Physical;0x3B286;
011;Vise Grip;NORMAL;55;100%;30;000 - NO_ADDITIONAL_EFFECT;011 - VicegripAnim;Physical;0x3B28C;
012;Guillotine;NORMAL;01;29%;05;038 - OHKO_EFFECT (moves like Horn Drill);012 - GuillotineAnim;Physical;0x3B292;
013;Razor Wind;WIND;120;100%;10;039 - CHARGE_EFFECT (moves like Solar Beam);013 - RazorWindAnim;Physical;0x3B298;
014;Swords Dance;FIGHTING;00;100%;20;050 - ATTACK_UP2_EFFECT;014 - SwordsDanceAnim;Physical;0x3B29E;
015;Cut;STEEL;50;94%;30;000 - NO_ADDITIONAL_EFFECT;015 - CutAnim;Physical;0x3B2A4;
016;Gust;WIND;40;100%;35;000 - NO_ADDITIONAL_EFFECT;016 - GustAnim;Special;0x3B2AA;
017;Wing Attack;FLYING;60;100%;35;000 - NO_ADDITIONAL_EFFECT;017 - WingAttackAnim;Physical;0x3B2B0;
018;Whirlwind;WIND;00;100%;20;028 - SWITCH_AND_TELEPORT_EFFECT;018 - WhirlwindAnim;Physical;0x3B2B6;
019;Fly;FLYING;90;94%;15;043 - FLY_EFFECT;019 - FlyAnim;Physical;0x3B2BC;
020;Bind;NORMAL;15;74%;20;042 - TRAPPING_EFFECT (moves like Wrap);020 - BindAnim;Physical;0x3B2C2;
021;Slam;NORMAL;80;74%;20;000 - NO_ADDITIONAL_EFFECT;021 - SlamAnim;Physical;0x3B2C8;
022;Vine Whip;GRASS;45;100%;25;000 - NO_ADDITIONAL_EFFECT;022 - VineWhipAnim;Physical;0x3B2CE;
023;Stomp;NORMAL;65;100%;20;037 - FLINCH_SIDE_EFFECT2 (30%);023 - StompAnim;Physical;0x3B2D4;
024;Double Kick;FIGHTING;30;100%;30;044 - ATTACK_TWICE_EFFECT (always 2 attacks);024 - DoubleKickAnim;Physical;0x3B2DA;
025;Mega Kick;NORMAL;120;74%;05;000 - NO_ADDITIONAL_EFFECT;025 - MegaKickAnim;Physical;0x3B2E0;
026;Jump Kick;FIGHTING;100;94%;10;045 - JUMP_KICK_EFFECT (SplashEffect on other move IDs);026 - JumpKickAnim;Physical;0x3B2E6;
027;Rolling Kick;FIGHTING;60;84%;15;037 - FLINCH_SIDE_EFFECT2 (30%);027 - RollingKickAnim;Physical;0x3B2EC;
028;Sand Attack;GROUND;00;100%;15;022 - ACCURACY_DOWN1_EFFECT;028 - SandAttackAnim;Physical;0x3B2F2;
029;Headbutt;NORMAL;70;100%;15;037 - FLINCH_SIDE_EFFECT2 (30%);029 - HeatButtAnim;Physical;0x3B2F8;
030;Horn Attack;NORMAL;65;100%;25;000 - NO_ADDITIONAL_EFFECT;030 - HornAttackAnim;Physical;0x3B2FE;
031;Fury Attack;NORMAL;15;84%;20;029 - TWO_TO_FIVE_ATTACKS_EFFECT (random 2-5 attacks);031 - FuryAttackAnim;Physical;0x3B304;
032;Horn Drill;NORMAL;01;29%;05;038 - OHKO_EFFECT (moves like Horn Drill);032 - HornDrillAnim;Physical;0x3B30A;
033;Tackle;NORMAL;40;100%;35;000 - NO_ADDITIONAL_EFFECT;033 - TackleAnim;Physical;0x3B310;
034;Body Slam;NORMAL;85;100%;15;036 - PARALYZE_SIDE_EFFECT2 (30%);034 - BodySlamAnim;Physical;0x3B316;
035;Wrap;NORMAL;15;84%;20;042 - TRAPPING_EFFECT (moves like Wrap);035 - WrapAnim;Physical;0x3B31C;
036;Take Down;NORMAL;90;84%;20;048 - RECOIL_EFFECT (moves like Double Edge);036 - TakeDownAnim;Physical;0x3B322;
037;Thrash;NORMAL;120;100%;10;027 - THRASH_PETAL_DANCE_EFFECT;037 - ThrashAnim;Physical;0x3B328;
038;Double-Edge;NORMAL;120;100%;15;048 - RECOIL_EFFECT (moves like Double Edge);038 - DoubleEdgeAnim;Physical;0x3B32E;
039;Tail Whip;NORMAL;00;100%;30;019 - DEFENSE_DOWN1_EFFECT;039 - TailWhipAnim;Physical;0x3B334;
040;Poison Sting;POISON;15;100%;35;002 - POISON_SIDE_EFFECT1 (10%);040 - PoisonStingAnim;Physical;0x3B33A;
041;Twineedle;BUG;25;100%;20;077 - TWINEEDLE_EFFECT (always 2 attacks);041 - TwineedleAnim;Physical;0x3B340;
042;Pin Missile;BUG;25;94%;20;029 - TWO_TO_FIVE_ATTACKS_EFFECT (random 2-5 attacks);042 - PinMissileAnim;Physical;0x3B346;
043;Leer;DARK;00;100%;30;019 - DEFENSE_DOWN1_EFFECT;043 - LeerAnim;Physical;0x3B34C;
044;Bite;DARK;60;100%;25;037 - FLINCH_SIDE_EFFECT2 (30%);044 - BiteAnim;Physical;0x3B352;
045;Growl;SOUND;00;100%;40;018 - ATTACK_DOWN1_EFFECT;045 - GrowlAnim;Physical;0x3B358;
046;Roar;SOUND;00;100%;20;028 - SWITCH_AND_TELEPORT_EFFECT;046 - RoarAnim;Physical;0x3B35E;
047;Sing;SOUND;00;54%;15;032 - SLEEP_EFFECT;047 - SingAnim;Physical;0x3B364;
048;Supersonic;SOUND;00;54%;20;049 - CONFUSION_EFFECT (100%) - Status moves;048 - SupersonicAnim;Physical;0x3B36A;
049;Sonic Boom;SOUND;01;89%;20;041 - SPECIAL_DAMAGE_EFFECT (Seismic Toss, Night Shade, Sonic Boom, Dragon Rage, Psywave);049 - SonicBoomAnim;Special;0x3B370;
050;Disable;ABNORMAL;00;100%;20;086 - DISABLE_EFFECT;050 - DisableAnim;Physical;0x3B376;
051;Acid;POISON;40;100%;30;071 - SPECIAL_DOWN_SIDE_EFFECT;051 - AcidAnim;Special;0x3B37C;
052;Ember;FIRE;40;100%;25;004 - BURN_SIDE_EFFECT1 (10%);052 - EmberAnim;Special;0x3B382;
053;Flamethrower;FIRE;90;100%;15;004 - BURN_SIDE_EFFECT1 (10%);053 - FlamethrowerAnim;Special;0x3B388;
054;Mist;WIND;00;100%;30;046 - MIST_EFFECT;054 - MistAnim;Special;0x3B38E;
055;Water Gun;WATER;40;100%;25;000 - NO_ADDITIONAL_EFFECT;055 - WaterGunAnim;Special;0x3B394;
056;Hydro Pump;WATER;110;80%;05;000 - NO_ADDITIONAL_EFFECT;056 - HydroPumpAnim;Special;0x3B39A;
057;Surf;WATER;90;100%;15;000 - NO_ADDITIONAL_EFFECT;057 - SurfAnim;Special;0x3B3A0;
058;Ice Beam;ICE;90;100%;10;005 - FREEZE_SIDE_EFFECT (10%);058 - IceBeamAnim;Special;0x3B3A6;
059;Blizzard;ICE;110;69%;05;005 - FREEZE_SIDE_EFFECT (10%);059 - BlizzardAnim;Special;0x3B3AC;
060;Psybeam;PSYCHIC;65;100%;20;076 - CONFUSION_SIDE_EFFECT (10%);060 - PsyBeamAnim;Special;0x3B3B2;
061;Bubble Beam;WATER;65;100%;20;070 - SPEED_DOWN_SIDE_EFFECT;061 - BubbleBeamAnim;Special;0x3B3B8;
062;Aurora Beam;ICE;65;100%;20;068 - ATTACK_DOWN_SIDE_EFFECT;062 - AuroraBeamAnim;Special;0x3B3BE;
063;Hyper Beam;NORMAL;150;89%;05;080 - HYPER_BEAM_EFFECT;063 - HyperBeamAnim;Special;0x3B3C4;
064;Peck;FLYING;35;100%;35;000 - NO_ADDITIONAL_EFFECT;064 - PeckAnim;Physical;0x3B3CA;
065;Drill Peck;FLYING;80;100%;20;000 - NO_ADDITIONAL_EFFECT;065 - DrillPeckAnim;Physical;0x3B3D0;
066;Submission;FIGHTING;80;80%;20;048 - RECOIL_EFFECT (moves like Double Edge);066 - SubmissionAnim;Physical;0x3B3D6;
067;Low Kick;FIGHTING;50;89%;20;037 - FLINCH_SIDE_EFFECT2 (30%);067 - LowKickAnim;Physical;0x3B3DC;
068;Counter;FIGHTING;01;100%;20;000 - NO_ADDITIONAL_EFFECT;068 - CounterAnim;Physical;0x3B3E2;
069;Seismic Toss;FIGHTING;01;100%;20;041 - SPECIAL_DAMAGE_EFFECT (Seismic Toss, Night Shade, Sonic Boom, Dragon Rage, Psywave);069 - SeismicTossAnim;Physical;0x3B3E8;
070;Strength;NORMAL;80;100%;15;000 - NO_ADDITIONAL_EFFECT;070 - StrengthAnim;Physical;0x3B3EE;
071;Absorb;GRASS;20;100%;25;003 - DRAIN_HP_EFFECT;071 - AbsorbAnim;Special;0x3B3F4;
072;Mega Drain;GRASS;40;100%;15;003 - DRAIN_HP_EFFECT;072 - MegaDrainAnim;Special;0x3B3FA;
073;Leech Seed;GRASS;00;89%;10;084 - LEECH_SEED_EFFECT;073 - LeechSeedAnim;Physical;0x3B400;
074;Growth;NORMAL;00;100%;20;013 - SPECIAL_UP1_EFFECT;074 - GrowthAnim;Physical;0x3B406;
075;Razor Leaf;GRASS;55;94%;25;000 - NO_ADDITIONAL_EFFECT;075 - RazorLeafAnim;Physical;0x3B40C;
076;Solar Beam;GRASS;200;100%;10;039 - CHARGE_EFFECT (moves like Solar Beam);076 - SolarBeamAnim;Special;0x3B412;
077;PoisonPowder;POISON;00;74%;35;066 - POISON_EFFECT;077 - PoisonPowderAnim;Physical;0x3B418;
078;Stun Spore;GRASS;00;74%;30;067 - PARALYZE_EFFECT;078 - StunSporeAnim;Physical;0x3B41E;
079;Sleep Powder;GRASS;00;74%;15;032 - SLEEP_EFFECT;079 - SleepPowderAnim;Physical;0x3B424;
080;Petal Dance;GRASS;120;100%;10;027 - THRASH_PETAL_DANCE_EFFECT;080 - PetalDanceAnim;Special;0x3B42A;
081;StringShot;BUG;00;94%;40;060 - SPEED_DOWN2_EFFECT;081 - StringShotAnim;Physical;0x3B430;
082;Dragon Rage;DRAGON;01;100%;10;041 - SPECIAL_DAMAGE_EFFECT (Seismic Toss, Night Shade, Sonic Boom, Dragon Rage, Psywave);082 - DragonRageAnim;Special;0x3B436;
083;Fire Spin;FIRE;35;69%;15;042 - TRAPPING_EFFECT (moves like Wrap);083 - FireSpinAnim;Special;0x3B43C;
084;ThunderShock;ELECTRIC;40;100%;30;006 - PARALYZE_SIDE_EFFECT1 (10%);084 - ThunderShockAnim;Special;0x3B442;
085;Thunderbolt;ELECTRIC;90;100%;15;006 - PARALYZE_SIDE_EFFECT1 (10%);085 - ThunderBoltAnim;Special;0x3B448;
086;Thunder Wave;ELECTRIC;00;89%;20;067 - PARALYZE_EFFECT;086 - ThunderWaveAnim;Special;0x3B44E;
087;Thunder;ELECTRIC;110;69%;10;036 - PARALYZE_SIDE_EFFECT2 (30%);087 - ThunderAnim;Special;0x3B454;
088;Rock Throw;ROCK;50;89%;15;000 - NO_ADDITIONAL_EFFECT;088 - RockThrowAnim;Physical;0x3B45A;
089;Earthquake;GROUND;100;100%;10;000 - NO_ADDITIONAL_EFFECT;089 - EarthquakeAnim;Physical;0x3B460;
090;Fissure;GROUND;01;29%;05;038 - OHKO_EFFECT (moves like Horn Drill);090 - FissureAnim;Physical;0x3B466;
091;Dig;GROUND;80;100%;10;039 - CHARGE_EFFECT (moves like Solar Beam);091 - DigAnim;Physical;0x3B46C;
092;Toxic;POISON;00;89%;10;066 - POISON_EFFECT;092 - ToxicAnim;Special;0x3B472;
093;Confusion;PSYCHIC;50;100%;25;076 - CONFUSION_SIDE_EFFECT (10%);093 - ConfusionAnim;Special;0x3B478;
094;Psychic;PSYCHIC;90;100%;10;071 - SPECIAL_DOWN_SIDE_EFFECT;094 - PsychicAnim;Special;0x3B47E;
095;Hypnosis;PSYCHIC;00;60%;20;032 - SLEEP_EFFECT;095 - HypnosisAnim;Special;0x3B484;
096;Meditate;PSYCHIC;00;100%;40;010 - ATTACK_UP1_EFFECT;096 - MeditateAnim;Special;0x3B48A;
097;Agility;PSYCHIC;00;100%;30;052 - SPEED_UP2_EFFECT;097 - AgilityAnim;Special;0x3B490;
098;Quick Attack;NORMAL;40;100%;30;000 - NO_ADDITIONAL_EFFECT;098 - QuickAttackAnim;Physical;0x3B496;
099;Rage;NORMAL;20;100%;20;081 - RAGE_EFFECT;099 - RageAnim;Physical;0x3B49C;
100;Teleport;PSYCHIC;00;100%;20;028 - SWITCH_AND_TELEPORT_EFFECT;100 - TeleportAnim;Special;0x3B4A2;
101;Night Shade;GHOST;01;100%;15;041 - SPECIAL_DAMAGE_EFFECT (Seismic Toss, Night Shade, Sonic Boom, Dragon Rage, Psywave);101 - NightShadeAnim;Special;0x3B4A8;
102;Mimic;ABNORMAL;00;100%;10;082 - MIMIC_EFFECT;102 - MimicAnim;Special;0x3B4AE;
103;Screech;SOUND;00;84%;40;059 - DEFENSE_DOWN2_EFFECT;103 - ScreechAnim;Physical;0x3B4B4;
104;Double Team;NORMAL;00;100%;15;015 - EVASION_UP1_EFFECT;104 - DoubleTeamAnim;Physical;0x3B4BA;
105;Recover;ABNORMAL;00;100%;05;056 - HEAL_EFFECT (Recover, Softboiled, Rest);105 - RecoverAnim;Special;0x3B4C0;
106;Harden;NORMAL;00;100%;30;011 - DEFENSE_UP1_EFFECT;106 - HardenAnim;Physical;0x3B4C6;
107;Minimize;ABNORMAL;00;100%;10;055 - EVASION_UP2_EFFECT;107 - MinimizeAnim;Physical;0x3B4CC;
108;Smokescreen;GAS;00;100%;20;022 - ACCURACY_DOWN1_EFFECT;108 - SmokeScreenAnim;Special;0x3B4D2;
109;Confuse Ray;GHOST;00;100%;10;049 - CONFUSION_EFFECT (100%) - Status moves;109 - ConfuseRayAnim;Special;0x3B4D8;
110;Withdraw;WATER;00;100%;40;011 - DEFENSE_UP1_EFFECT;110 - WithdrawAnim;Physical;0x3B4DE;
111;Defense Curl;NORMAL;00;100%;40;011 - DEFENSE_UP1_EFFECT;111 - DefenseCurlAnim;Physical;0x3B4E4;
112;Barrier;PSYCHIC;00;100%;20;051 - DEFENSE_UP2_EFFECT;112 - BarrierAnim;Special;0x3B4EA;
113;Light Screen;PSYCHIC;00;100%;30;064 - LIGHT_SCREEN_EFFECT;113 - LightScreenAnim;Special;0x3B4F0;
114;Haze;WIND;00;100%;30;025 - HAZE_EFFECT;114 - HazeAnim;Special;0x3B4F6;
115;Reflect;PSYCHIC;00;100%;20;065 - REFLECT_EFFECT;115 - ReflectAnim;Special;0x3B4FC;
116;Focus Energy;NORMAL;00;100%;30;047 - FOCUS_ENERGY_EFFECT;116 - FocusEnergyAnim;Special;0x3B502;
117;Bide;NORMAL;00;100%;10;026 - BIDE_EFFECT;117 - BideAnim;Physical;0x3B508;
118;Metronome;ABNORMAL;00;100%;10;083 - METRONOME_EFFECT;118 - MetronomeAnim;Special;0x3B50E;
119;Mirror Move;ABNORMAL;00;100%;20;009 - MIRROR_MOVE_EFFECT (SplashEffect on other move IDs);119 - MirrorMoveAnim;Special;0x3B514;
120;SelfDestruct;NORMAL;200;100%;05;007 - EXPLODE_EFFECT (Explosion, Self Destruct);120 - SelfdestructAnim;Physical;0x3B51A;
121;Egg bomb;WOOD;100;74%;10;000 - NO_ADDITIONAL_EFFECT;121 - EggBombAnim;Physical;0x3B520;
122;Lick;GHOST;30;100%;30;036 - PARALYZE_SIDE_EFFECT2 (30%);122 - LickAnim;Physical;0x3B526;
123;Smog;GAS;30;69%;20;033 - POISON_SIDE_EFFECT2  (30%);123 - SmogAnim;Special;0x3B52C;
124;Sludge;POISON;65;100%;20;033 - POISON_SIDE_EFFECT2  (30%);124 - SludgeAnim;Special;0x3B532;
125;Bone Club;GROUND;65;84%;20;031 - FLINCH_SIDE_EFFECT1 (10%);125 - BoneClubAnim;Physical;0x3B538;
126;Fire Blast;FIRE;110;84%;05;034 - BURN_SIDE_EFFECT2 (30%);126 - FireBlastAnim;Special;0x3B53E;
127;Waterfall;WATER;80;100%;15;078 - FLINCH_SIDE_EFFECT3 (20%) (BROWN);127 - WaterfallAnim;Physical;0x3B544;
128;Clamp;WATER;35;74%;10;042 - TRAPPING_EFFECT (moves like Wrap);128 - ClampAnim;Physical;0x3B54A;
129;Swift;NORMAL;60;100%;20;017 - SWIFT_EFFECT (SplashEffect on other move IDs);129 - SwiftAnim;Special;0x3B550;
130;Skull Bash;NORMAL;130;100%;10;039 - CHARGE_EFFECT (moves like Solar Beam);130 - SkullBashAnim;Physical;0x3B556;
131;Spike Cannon;NORMAL;20;100%;15;029 - TWO_TO_FIVE_ATTACKS_EFFECT (random 2-5 attacks);131 - SpikeCannonAnim;Physical;0x3B55C;
132;Constrict;NORMAL;10;100%;35;070 - SPEED_DOWN_SIDE_EFFECT;132 - ConstrictAnim;Physical;0x3B562;
133;Amnesia;PSYCHIC;00;100%;20;053 - SPECIAL_UP2_EFFECT;133 - AmnesiaAnim;Special;0x3B568;
134;Kinesis;PSYCHIC;00;80%;15;022 - ACCURACY_DOWN1_EFFECT;134 - KinesisAnim;Special;0x3B56E;
135;Soft-Boiled;NORMAL;00;100%;05;056 - HEAL_EFFECT (Recover, Softboiled, Rest);135 - SoftboiledAnim;Special;0x3B574;
136;Hi Jump Kick;FIGHTING;130;89%;10;045 - JUMP_KICK_EFFECT (SplashEffect on other move IDs);136 - HiJumpKickAnim;Physical;0x3B57A;
137;Glare;NORMAL;00;100%;30;067 - PARALYZE_EFFECT;137 - GlareAnim;Physical;0x3B580;
138;Dream Eater;PSYCHIC;100;100%;15;008 - DREAM_EATER_EFFECT;138 - DreamEaterAnim;Special;0x3B586;
139;Poison Gas;GAS;00;89%;40;066 - POISON_EFFECT;139 - PoisonGasAnim;Special;0x3B58C;
140;Barrage;WOOD;15;84%;20;029 - TWO_TO_FIVE_ATTACKS_EFFECT (random 2-5 attacks);140 - BarrageAnim;Physical;0x3B592;
141;Leech Life;BUG;20;100%;15;003 - DRAIN_HP_EFFECT;141 - LeechLifeAnim;Physical;0x3B598;
142;Lovely Kiss;NORMAL;00;74%;10;032 - SLEEP_EFFECT;142 - LovelyKissAnim;Physical;0x3B59E;
143;Sky Attack;FLYING;140;89%;05;039 - CHARGE_EFFECT (moves like Solar Beam);143 - SkyAttackAnim;Physical;0x3B5A4;
144;Transform;ABNORMAL;00;100%;10;057 - TRANSFORM_EFFECT;144 - TransformAnim;Special;0x3B5AA;
145;Bubble;WATER;40;100%;30;070 - SPEED_DOWN_SIDE_EFFECT;145 - BubbleAnim;Special;0x3B5B0;
146;Dizzy Punch;FAIRY;70;100%;10;001 - CONFUSION_20P_SIDE_EFFECT (20%) (BROWN);146 - DizzyPunchAnim;Physical;0x3B5B6;
147;Spore;GRASS;00;100%;15;032 - SLEEP_EFFECT;147 - SporeAnim;Physical;0x3B5BC;
148;Flash;NORMAL;00;100%;20;022 - ACCURACY_DOWN1_EFFECT;148 - FlashAnim;Special;0x3B5C2;
149;Psywave;PSYCHIC;01;100%;15;041 - SPECIAL_DAMAGE_EFFECT (Seismic Toss, Night Shade, Sonic Boom, Dragon Rage, Psywave);149 - PsywaveAnim;Special;0x3B5C8;
150;Splash;NORMAL;00;100%;40;085 - SPLASH_EFFECT;150 - SplashAnim;Physical;0x3B5CE;
151;Acid Armor;POISON;00;100%;20;051 - DEFENSE_UP2_EFFECT;151 - AcidArmorAnim;Special;0x3B5D4;
152;Crabhammer;WATER;100;89%;10;000 - NO_ADDITIONAL_EFFECT;012 - GuillotineAnim;Physical;0x3B5DA;
153;Explosion;NORMAL;250;100%;05;007 - EXPLODE_EFFECT (Explosion, Self Destruct);153 - ExplosionAnim;Physical;0x3B5E0;
154;Fury Swipes;NORMAL;18;80%;15;029 - TWO_TO_FIVE_ATTACKS_EFFECT (random 2-5 attacks);154 - FurySwipesAnim;Physical;0x3B5E6;
155;Bonemerang;GROUND;50;89%;10;044 - ATTACK_TWICE_EFFECT (always 2 attacks);155 - BonemerangAnim;Physical;0x3B5EC;
156;Rest;PSYCHIC;00;100%;05;056 - HEAL_EFFECT (Recover, Softboiled, Rest);156 - RestAnim;Special;0x3B5F2;
157;Rock Slide;ROCK;75;89%;10;000 - NO_ADDITIONAL_EFFECT;157 - RockSlideAnim;Physical;0x3B5F8;
158;Hyper Fang;NORMAL;80;89%;15;031 - FLINCH_SIDE_EFFECT1 (10%);158 - HyperFangAnim;Physical;0x3B5FE;
159;Sharpen;ABNORMAL;00;100%;30;010 - ATTACK_UP1_EFFECT;159 - SharpenAnim;Physical;0x3B604;
160;Conversion;ABNORMAL;00;100%;30;024 - CONVERSION_EFFECT;160 - ConversionAnim;Special;0x3B60A;
161;Tri Attack;TRI;80;100%;10;075 - TRIATTACK_SIDE_EFFECT3 (BROWN);161 - TriAttackAnim;Special;0x3B610;
162;Super Fang;NORMAL;01;89%;10;040 - SUPER_FANG_EFFECT;162 - SuperFangAnim;Physical;0x3B616;
163;Slash;NORMAL;70;100%;20;000 - NO_ADDITIONAL_EFFECT;163 - SlashAnim;Physical;0x3B61C;
164;Substitute;ABNORMAL;00;100%;10;079 - SUBSTITUTE_EFFECT;164 - SubstituteAnim;Special;0x3B622;
165;Struggle;STRUGGLE;50;100%;10;048 - RECOIL_EFFECT (moves like Double Edge);034 - BodySlamAnim;Physical;0x3B628;
166;Fairy Wind;FAIRY;40;100%;30;000 - NO_ADDITIONAL_EFFECT;016 - GustAnim;Special;0x3B62E;
167;Triple Kick;FIGHTING;30;94%;10;030 - TRIPLE KICK_EFFECT (always 3 attacks) (BROWN);204 - TripleKickAnim;Physical;0x3B634;
168;DrainingKiss;FAIRY;50;100%;10;003 - DRAIN_HP_EFFECT;071 - AbsorbAnim;Special;0x3B63A;
169;Moonblast;FAIRY;95;100%;15;071 - SPECIAL_DOWN_SIDE_EFFECT;063 - HyperBeamAnim;Special;0x3B640;
170;Rage Fist;GHOST;30;100%;10;030 - TRIPLE KICK_EFFECT (always 3 attacks) (BROWN);004 - CometPunchAnim;Physical;0x3B646;
171;StrangeSteam;FAIRY;90;94%;10;001 - CONFUSION_20P_SIDE_EFFECT (20%) (BROWN);054 - MistAnim;Special;0x3B64C;
172;Flame Wheel;FIRE;60;100%;25;004 - BURN_SIDE_EFFECT1 (10%);083 - FireSpinAnim;Physical;0x3B652;
173;Dark Pulse;DARK;80;100%;15;078 - FLINCH_SIDE_EFFECT3 (20%) (BROWN);138 - DreamEaterAnim;Special;0x3B658;
174;Night Slash;DARK;70;100%;15;000 - NO_ADDITIONAL_EFFECT;163 - SlashAnim;Physical;0x3B65E;
175;Play Rough;FAIRY;90;89%;10;068 - ATTACK_DOWN_SIDE_EFFECT;036 - TakeDownAnim;Physical;0x3B664;
176;Burning Mist;GAS;90;100%;10;034 - BURN_SIDE_EFFECT2 (30%);139 - PoisonGasAnim;Physical;0x3B66A;
177;Aeroblast;WIND;100;94%;05;000 - NO_ADDITIONAL_EFFECT;063 - HyperBeamAnim;Special;0x3B670;
178;Cotton Spore;GRASS;00;100%;40;060 - SPEED_DOWN2_EFFECT;079 - SleepPowderAnim;Physical;0x3B676;
179;Laughing Gas;GAS;50;100%;20;088 - ATTACK_DOWN1_SIDE_EFFECT (100%);108 - SmokeScreenAnim;Special;0x3B67C;
180;Nothing;NORMAL;00;0%;00;000 - NO_ADDITIONAL_EFFECT;000 - 0x00 INVALID;Physical;0x3B682;
181;Powder Snow;ICE;40;100%;25;005 - FREEZE_SIDE_EFFECT (10%);054 - MistAnim;Special;0x3B688;
182;Miasma;GAS;90;100%;10;069 - DEFENSE_DOWN_SIDE_EFFECT;114 - HazeAnim;Special;0x3B68E;
183;Mach Punch;FIGHTING;40;100%;30;000 - NO_ADDITIONAL_EFFECT;005 - MegaPunchAnim;Physical;0x3B694;
184;Scary Face;NORMAL;00;100%;10;060 - SPEED_DOWN2_EFFECT;148 - FlashAnim;Physical;0x3B69A;
185;Feint Attack;DARK;60;100%;20;017 - SWIFT_EFFECT (SplashEffect on other move IDs);206 - FeintAttackAnim;Physical;0x3B6A0;
186;Sweet Kiss;FAIRY;00;75%;10;049 - CONFUSION_EFFECT (100%) - Status moves;142 - LovelyKissAnim;Special;0x3B6A6;
187;Shock Smog;GAS;110;69%;10;036 - PARALYZE_SIDE_EFFECT2 (30%);087 - ThunderAnim;Physical;0x3B6AC;
188;Sludge Bomb;POISON;90;100%;10;033 - POISON_SIDE_EFFECT2  (30%);140 - BarrageAnim;Special;0x3B6B2;
189;Mud-Slap;GROUND;20;100%;10;072 - ACCURACY_DOWN_SIDE_EFFECT (BROWN);028 - SandAttackAnim;Special;0x3B6B8;
190;Octazooka;WATER;65;84%;10;072 - ACCURACY_DOWN_SIDE_EFFECT (BROWN);124 - SludgeAnim;Special;0x3B6BE;
191;Bass Tremor;SOUND;100;100%;10;000 - NO_ADDITIONAL_EFFECT;089 - EarthquakeAnim;Physical;0x3B6C4;
192;Zap Cannon;ELECTRIC;120;50%;05;036 - PARALYZE_SIDE_EFFECT2 (30%);085 - ThunderBoltAnim;Special;0x3B6CA;
193;Hyper Voice;SOUND;90;100%;10;000 - NO_ADDITIONAL_EFFECT;046 - RoarAnim;Special;0x3B6D0;
194;Flash Cannon;STEEL;80;100%;10;071 - SPECIAL_DOWN_SIDE_EFFECT;060 - PsyBeamAnim;Special;0x3B6D6;
195;Iron Defense;STEEL;00;100%;15;051 - DEFENSE_UP2_EFFECT;159 - SharpenAnim;Physical;0x3B6DC;
196;Icy Wind;ICE;55;94%;15;070 - SPEED_DOWN_SIDE_EFFECT;114 - HazeAnim;Special;0x3B6E2;
197;Iron Head;STEEL;80;100%;15;037 - FLINCH_SIDE_EFFECT2 (30%);130 - SkullBashAnim;Physical;0x3B6E8;
198;Bone Rush;GROUND;25;89%;20;029 - TWO_TO_FIVE_ATTACKS_EFFECT (random 2-5 attacks);125 - BoneClubAnim;Physical;0x3B6EE;
199;Air Slash;WIND;75;94%;15;037 - FLINCH_SIDE_EFFECT2 (30%);017 - WingAttackAnim;Special;0x3B6F4;
200;Outrage;DRAGON;120;100%;10;027 - THRASH_PETAL_DANCE_EFFECT;099 - RageAnim;Physical;0x3B6FA;
201;X-Scissor;BUG;80;100%;15;000 - NO_ADDITIONAL_EFFECT;011 - VicegripAnim;Physical;0x3B700;
202;Giga Drain;GRASS;75;100%;10;003 - DRAIN_HP_EFFECT;072 - MegaDrainAnim;Special;0x3B706;
203;Signal Beam;BUG;75;100%;15;076 - CONFUSION_SIDE_EFFECT (10%);062 - AuroraBeamAnim;Special;0x3B70C;
204;Charm;FAIRY;00;100%;20;058 - ATTACK_DOWN2_EFFECT;142 - LovelyKissAnim;Special;0x3B712;
205;Rollout;ROCK;30;89%;20;027 - THRASH_PETAL_DANCE_EFFECT;091 - DigAnim;Physical;0x3B718;
206;Seed Bomb;WOOD;80;100%;15;000 - NO_ADDITIONAL_EFFECT;121 - EggBombAnim;Physical;0x3B71E;
207;Poison Jab;POISON;80;100%;20;033 - POISON_SIDE_EFFECT2  (30%);040 - PoisonStingAnim;Physical;0x3B724;
208;Sharp Point;ABNORMAL;40;100%;35;000 - NO_ADDITIONAL_EFFECT;030 - HornAttackAnim;Physical;0x3B72A;
209;Spark;ELECTRIC;65;100%;20;036 - PARALYZE_SIDE_EFFECT2 (30%);084 - ThunderShockAnim;Physical;0x3B730;
210;3-D Attack;ABNORMAL;30;89%;15;030 - TRIPLE KICK_EFFECT (always 3 attacks) (BROWN);161 - TriAttackAnim;Physical;0x3B736;
211;Steel Wing;STEEL;70;94%;25;068 - ATTACK_DOWN_SIDE_EFFECT;017 - WingAttackAnim;Physical;0x3B73C;
212;Cyber Crush;ABNORMAL;95;100%;10;000 - NO_ADDITIONAL_EFFECT;094 - PsychicAnim;Special;0x3B742;
213;Odd Wave;ABNORMAL;60;100%;10;071 - SPECIAL_DOWN_SIDE_EFFECT;101 - NightShadeAnim;Special;0x3B748;
214;Dragon Pulse;DRAGON;85;100%;10;000 - NO_ADDITIONAL_EFFECT;082 - DragonRageAnim;Special;0x3B74E;
215;False Swipe;STRUGGLE;40;100%;40;000 - NO_ADDITIONAL_EFFECT;015 - CutAnim;Physical;0x3B754;
216;Nothing;NORMAL;00;0%;00;000 - NO_ADDITIONAL_EFFECT;000 - 0x00 INVALID;Physical;0x3B75A;
217;Nothing;NORMAL;00;0%;00;000 - NO_ADDITIONAL_EFFECT;000 - 0x00 INVALID;Physical;0x3B760;
218;Nothing;NORMAL;00;0%;00;000 - NO_ADDITIONAL_EFFECT;000 - 0x00 INVALID;Physical;0x3B766;
219;Nothing;NORMAL;00;0%;00;000 - NO_ADDITIONAL_EFFECT;000 - 0x00 INVALID;Physical;0x3B76C;
220;Nothing;NORMAL;00;0%;00;000 - NO_ADDITIONAL_EFFECT;000 - 0x00 INVALID;Physical;0x3B772;
221;Sacred Fire;FIRE;100;94%;05;034 - BURN_SIDE_EFFECT2 (30%);205 - SacredFireAnim;Physical;0x3B778;
222;Nothing;NORMAL;00;0%;00;000 - NO_ADDITIONAL_EFFECT;000 - 0x00 INVALID;Physical;0x3B77E;
223;DynamicPunch;FIGHTING;100;50%;05;035 - CONFUSION_SIDE_EFFECT (100%) (DynamicPunch)(BROWN);005 - MegaPunchAnim;Physical;0x3B784;
224;Megahorn;BUG;120;84%;10;000 - NO_ADDITIONAL_EFFECT;030 - HornAttackAnim;Physical;0x3B78A;
225;DragonBreath;DRAGON;60;100%;20;006 - PARALYZE_SIDE_EFFECT1 (10%);082 - DragonRageAnim;Special;0x3B790;
226;Nothing;NORMAL;00;0%;00;000 - NO_ADDITIONAL_EFFECT;000 - 0x00 INVALID;Physical;0x3B796;
227;Nothing;NORMAL;00;0%;00;000 - NO_ADDITIONAL_EFFECT;000 - 0x00 INVALID;Physical;0x3B79C;
228;Nothing;NORMAL;00;0%;00;000 - NO_ADDITIONAL_EFFECT;000 - 0x00 INVALID;Physical;0x3B7A2;
229;Nothing;NORMAL;00;0%;00;000 - NO_ADDITIONAL_EFFECT;000 - 0x00 INVALID;Physical;0x3B7A8;
230;Sweet Scent;GRASS;00;100%;20;063 - EVASION_DOWN2_EFFECT;028 - SandAttackAnim;Special;0x3B7AE;
231;Iron Tail;STEEL;100;74%;15;069 - DEFENSE_DOWN_SIDE_EFFECT;039 - TailWhipAnim;Physical;0x3B7B4;
232;Metal Claw;STEEL;50;94%;35;087 - ATTACK_UP1_SIDE_EFFECT (10%) (BROWN);010 - ScratchAnim;Physical;0x3B7BA;
233;Nothing;NORMAL;00;0%;00;000 - NO_ADDITIONAL_EFFECT;000 - 0x00 INVALID;Physical;0x3B7C0;
234;Morning Sun;NORMAL;00;100%;05;056 - HEAL_EFFECT (Recover, Softboiled, Rest);105 - RecoverAnim;Special;0x3B7C6;
235;Synthesis;GRASS;00;100%;05;056 - HEAL_EFFECT (Recover, Softboiled, Rest);105 - RecoverAnim;Special;0x3B7CC;
236;Moonlight;FAIRY;00;100%;05;056 - HEAL_EFFECT (Recover, Softboiled, Rest);105 - RecoverAnim;Special;0x3B7D2;
237;Nothing;NORMAL;00;0%;00;000 - NO_ADDITIONAL_EFFECT;000 - 0x00 INVALID;Physical;0x3B7D8;
238;Cross Chop;FIGHTING;100;80%;05;000 - NO_ADDITIONAL_EFFECT;002 - KarateChopAnim;Physical;0x3B7DE;
239;Twister;WIND;40;100%;20;078 - FLINCH_SIDE_EFFECT3 (20%) (BROWN);016 - GustAnim;Special;0x3B7E4;
240;Nothing;NORMAL;00;0%;00;000 - NO_ADDITIONAL_EFFECT;000 - 0x00 INVALID;Physical;0x3B7EA;
241;Nothing;NORMAL;00;0%;00;000 - NO_ADDITIONAL_EFFECT;000 - 0x00 INVALID;Physical;0x3B7F0;
242;Crunch;DARK;80;100%;15;069 - DEFENSE_DOWN_SIDE_EFFECT;044 - BiteAnim;Physical;0x3B7F6;
243;Nothing;NORMAL;00;0%;00;000 - NO_ADDITIONAL_EFFECT;000 - 0x00 INVALID;Physical;0x3B7FC;
244;Nothing;NORMAL;00;0%;00;000 - NO_ADDITIONAL_EFFECT;000 - 0x00 INVALID;Physical;0x3B802;
245;ExtremeSpeed;NORMAL;80;100%;05;000 - NO_ADDITIONAL_EFFECT;098 - QuickAttackAnim;Physical;0x3B808;
246;AncientPower;ROCK;60;100%;05;074 - ANCIENTPOWER_EFFECT;157 - RockSlideAnim;Special;0x3B80E;
247;Shadow Ball;GHOST;80;100%;15;071 - SPECIAL_DOWN_SIDE_EFFECT;109 - ConfuseRayAnim;Special;0x3B814;
248;Nothing;NORMAL;00;0%;00;000 - NO_ADDITIONAL_EFFECT;000 - 0x00 INVALID;Physical;0x3B81A;
249;Rock Smash;FIGHTING;40;100%;15;069 - DEFENSE_DOWN_SIDE_EFFECT;001 - PoundAnim;Physical;0x3B820;
250;Nothing;NORMAL;00;0%;00;000 - NO_ADDITIONAL_EFFECT;000 - 0x00 INVALID;Physical;0x3B826;
251;Dice Roll;ABNORMAL;77;77%;07;089 - DICEROLL_EFFECT;096 - MeditateAnim;Special;0x3B82C;
252;Wood Hammer;WOOD;120;100%;15;048 - RECOIL_EFFECT (moves like Double Edge);021 - SlamAnim;Physical;0x3B832;
253;Twig Slap;WOOD;15;84%;25;029 - TWO_TO_FIVE_ATTACKS_EFFECT (random 2-5 attacks);022 - VineWhipAnim;Physical;0x3B838;
254;Noise Pulse;SOUND;80;100%;15;001 - CONFUSION_20P_SIDE_EFFECT (20%) (BROWN);103 - ScreechAnim;Special;0x3B83E;
255;Nothing;NORMAL;00;0%;00;000 - NO_ADDITIONAL_EFFECT;000 - 0x00 INVALID;Physical;0x3B844;


Press enter to exit...