<?xml version="1.0" encoding="UTF-8"?>
<metadata>
  <identifier>metroid-x-fusion</identifier>
  <mediatype>software</mediatype>
  <collection>open_source_software</collection>
  <creator>Metaquarius</creator>
  <date>2025-08-02</date>
  <description>This is the so awaited rom hack from Metaquarius "Metroid X-Fusion"</description>
  <scanner>Internet Archive HTML5 Uploader 1.7.0</scanner>
  <subject>Metroid</subject>
  <subject>ROMHack</subject>
  <title>Metroid X-Fusion</title>
  <uploader>phantomavenger9@gmail.com</uploader>
  <publicdate>2025-08-02 07:23:28</publicdate>
  <addeddate>2025-08-02 07:23:28</addeddate>
  <curation>[curator]validator@archive.org[/curator][date]20250802072942[/date][comment]checked for malware[/comment]</curation>
</metadata>
