<?xml version="1.0" encoding="UTF-8"?>
<files>
  <file name="README.txt" source="original">
    <mtime>1754119414</mtime>
    <size>2908</size>
    <md5>00fe18b43ad98baedb37e76b759e20a6</md5>
    <crc32>e82fc4a2</crc32>
    <sha1>a31a2f74c7b58082c306124cd85f760e9657a83e</sha1>
    <format>Text</format>
    <viruscheck>1754119782</viruscheck>
  </file>
  <file name="metroid-x-fusion_archive.torrent" source="metadata">
    <btih>447e8e59682772c6b3326b5059a44f2553c3d78a</btih>
    <mtime>1754131080</mtime>
    <size>2347</size>
    <md5>cdd822effd54171169f168552cb2ff21</md5>
    <crc32>7252b676</crc32>
    <sha1>be1fbb591a3ebd03d723547ff59c7667df08b2a9</sha1>
    <format>Archive BitTorrent</format>
  </file>
  <file name="metroid-x-fusion_files.xml" source="original">
    <format>Metadata</format>
    <md5>1779decdcf1b516926a119d87404abff</md5>
    <summation>md5</summation>
  </file>
  <file name="metroid-x-fusion_meta.sqlite" source="original">
    <mtime>1754119423</mtime>
    <size>28672</size>
    <md5>11483ec467ce098d35c2aca8ab300e81</md5>
    <crc32>84af9431</crc32>
    <sha1>918936e5dd00b60403518d5dd041c9a8ac65be6e</sha1>
    <format>Metadata</format>
  </file>
  <file name="metroid-x-fusion_meta.xml" source="original">
    <mtime>1754131079</mtime>
    <size>765</size>
    <md5>82d95cccde8dc090051fd7842532b8fd</md5>
    <crc32>cb7463b2</crc32>
    <sha1>12926f03bc5daefc02ad4c36419f0237d1a436ea</sha1>
    <format>Metadata</format>
  </file>
  <file name="xf_v1.0-eng-fre-jap-ger.ips" source="original">
    <mtime>1754119386</mtime>
    <size>3989995</size>
    <md5>54291a885a3892ca0f86f5bcc36d6cd9</md5>
    <crc32>0cbeca0e</crc32>
    <sha1>8c9ca66c578c15e6a2b072fb1c068dda785a0e82</sha1>
    <format>MPEG Audio</format>
    <viruscheck>1754119782</viruscheck>
  </file>
  <file name="xf_v1.0_gba-eng-fre-jap-ger.ips" source="original">
    <mtime>1754119408</mtime>
    <size>3991168</size>
    <md5>dd93530fafaa0bcb820a7a8edd0f0f40</md5>
    <crc32>472a9071</crc32>
    <sha1>564df747527816cb36e1787d67b7d333f940006f</sha1>
    <format>MPEG Audio</format>
    <viruscheck>1754119782</viruscheck>
  </file>
</files>
