﻿<?xml version="1.0" encoding="utf-8"?>
<Book Count="1">
	<Sheet Name="配置" Count="23">
		<Header>
			<Param Name="グループ" Ident="Group" Type="PublicArray" Min="" Max="" Chg=""/>
			<Param Name="個人" Ident="Pid" Type="string" Min="" Max="" Chg=""/>
			<Param Name="軍" Ident="Force" Type="s8" Min="" Max="" Chg=""/>
			<Param Name="Flag" Ident="Flag" Type="b16" Min="" Max="" Chg=""/>
			<Param Name="出現X" Ident="AppearX" Type="s8" Min="-50" Max="50" Chg="1"/>
			<Param Name="出現Y" Ident="AppearY" Type="s8" Min="-50" Max="50" Chg="1"/>
			<Param Name="配置X" Ident="DisposX" Type="s8" Min="-50" Max="50" Chg="1"/>
			<Param Name="配置Y" Ident="DisposY" Type="s8" Min="-50" Max="50" Chg="1"/>
			<Param Name="向き" Ident="Direction" Type="s8" Min="" Max="" Chg=""/>
			<Param Name="レベルN" Ident="LevelN" Type="u8" Min="" Max="" Chg=""/>
			<Param Name="レベルH" Ident="LevelH" Type="u8" Min="" Max="" Chg=""/>
			<Param Name="レベルL" Ident="LevelL" Type="u8" Min="" Max="" Chg=""/>
			<Param Name="兵種" Ident="Jid" Type="string" Min="" Max="" Chg=""/>
			<Param Name="アイテム1" Ident="Item1.Iid" Type="string" Min="" Max="" Chg=""/>
			<Param Name="落下" Ident="Item1.Drop" Type="s8" Min="" Max="" Chg=""/>
			<Param Name="アイテム2" Ident="Item2.Iid" Type="string" Min="" Max="" Chg=""/>
			<Param Name="落下" Ident="Item2.Drop" Type="s8" Min="" Max="" Chg=""/>
			<Param Name="アイテム3" Ident="Item3.Iid" Type="string" Min="" Max="" Chg=""/>
			<Param Name="落下" Ident="Item3.Drop" Type="s8" Min="" Max="" Chg=""/>
			<Param Name="アイテム4" Ident="Item4.Iid" Type="string" Min="" Max="" Chg=""/>
			<Param Name="落下" Ident="Item4.Drop" Type="s8" Min="" Max="" Chg=""/>
			<Param Name="アイテム5" Ident="Item5.Iid" Type="string" Min="" Max="" Chg=""/>
			<Param Name="落下" Ident="Item5.Drop" Type="s8" Min="" Max="" Chg=""/>
			<Param Name="アイテム6" Ident="Item6.Iid" Type="string" Min="" Max="" Chg=""/>
			<Param Name="落下" Ident="Item6.Drop" Type="s8" Min="" Max="" Chg=""/>
			<Param Name="スキル" Ident="Sid" Type="string" Min="" Max="" Chg=""/>
			<Param Name="所属" Ident="Bid" Type="string" Min="" Max="" Chg=""/>
			<Param Name="紋章士" Ident="Gid" Type="string" Min="" Max="" Chg=""/>
			<Param Name="HPストック数" Ident="HpStockCount" Type="u8" Min="0" Max="5" Chg="1"/>
			<Param Name="開始時状態" Ident="State0" Type="s8" Min="" Max="" Chg=""/>
			<Param Name="復活１" Ident="State1" Type="s8" Min="" Max="" Chg=""/>
			<Param Name="復活２" Ident="State2" Type="s8" Min="" Max="" Chg=""/>
			<Param Name="復活３" Ident="State3" Type="s8" Min="" Max="" Chg=""/>
			<Param Name="復活４" Ident="State4" Type="s8" Min="" Max="" Chg=""/>
			<Param Name="復活５" Ident="State5" Type="s8" Min="" Max="" Chg=""/>
			<Param Name="条件" Ident="AI_ActionName" Type="string" Min="" Max="" Chg=""/>
			<Param Name="条件引数" Ident="AI_ActionVal" Type="string" Min="" Max="" Chg=""/>
			<Param Name="行動" Ident="AI_MindName" Type="string" Min="" Max="" Chg=""/>
			<Param Name="行動引数" Ident="AI_MindVal" Type="string" Min="" Max="" Chg=""/>
			<Param Name="攻撃" Ident="AI_AttackName" Type="string" Min="" Max="" Chg=""/>
			<Param Name="攻撃引数" Ident="AI_AttackVal" Type="string" Min="" Max="" Chg=""/>
			<Param Name="移動" Ident="AI_MoveName" Type="string" Min="" Max="" Chg=""/>
			<Param Name="移動引数" Ident="AI_MoveVal" Type="string" Min="" Max="" Chg=""/>
			<Param Name="戦闘評価" Ident="AI_BattleRate" Type="string" Min="" Max="" Chg=""/>
			<Param Name="行動優先" Ident="AI_Priority" Type="u8" Min="0" Max="100" Chg="1"/>
			<Param Name="回復率A" Ident="AI_HealRateA" Type="s8" Min="0" Max="100" Chg="1"/>
			<Param Name="回復率B" Ident="AI_HealRateB" Type="s8" Min="0" Max="100" Chg="1"/>
			<Param Name="小隊番号" Ident="AI_BandNo" Type="u32" Min="0" Max="100" Chg="1"/>
			<Param Name="移動制限" Ident="AI_MoveLimit" Type="string" Min="" Max="" Chg=""/>
			<Param Name="AI_Flag" Ident="AI_Flag" Type="b32" Min="" Max="" Chg=""/>
		</Header>
		<Data>
			<Param Group="Player" Pid="" Force="" Flag="" AppearX="" AppearY="" DisposX="" DisposY="" Direction="" LevelN="" LevelH="" LevelL="" Jid="" Item1.Iid="" Item1.Drop="" Item2.Iid="" Item2.Drop="" Item3.Iid="" Item3.Drop="" Item4.Iid="" Item4.Drop="" Item5.Iid="" Item5.Drop="" Item6.Iid="" Item6.Drop="" Sid="" Bid="" Gid="" HpStockCount="" State0="" State1="" State2="" State3="" State4="" State5="" AI_ActionName="" AI_ActionVal="" AI_MindName="" AI_MindVal="" AI_AttackName="" AI_AttackVal="" AI_MoveName="" AI_MoveVal="" AI_BattleRate="" AI_Priority="" AI_HealRateA="" AI_HealRateB="" AI_BandNo="" AI_MoveLimit="" AI_Flag=""/>
			<Param Group="Enemy" Pid="" Force="" Flag="" AppearX="" AppearY="" DisposX="" DisposY="" Direction="" LevelN="" LevelH="" LevelL="" Jid="" Item1.Iid="" Item1.Drop="" Item2.Iid="" Item2.Drop="" Item3.Iid="" Item3.Drop="" Item4.Iid="" Item4.Drop="" Item5.Iid="" Item5.Drop="" Item6.Iid="" Item6.Drop="" Sid="" Bid="" Gid="" HpStockCount="" State0="" State1="" State2="" State3="" State4="" State5="" AI_ActionName="" AI_ActionVal="" AI_MindName="" AI_MindVal="" AI_AttackName="" AI_AttackVal="" AI_MoveName="" AI_MoveVal="" AI_BattleRate="" AI_Priority="" AI_HealRateA="" AI_HealRateB="" AI_BandNo="" AI_MoveLimit="" AI_Flag=""/>
			<Param Group="" Pid="PID_M001G_BAR" Force="1" Flag="7" AppearX="0" AppearY="0" DisposX="15" DisposY="6" Direction="0" LevelN="0" LevelH="0" LevelL="0" Jid="" Item1.Iid="IID_鉄の斧" Item1.Drop="0" Item2.Iid="" Item2.Drop="0" Item3.Iid="" Item3.Drop="0" Item4.Iid="" Item4.Drop="0" Item5.Iid="" Item5.Drop="0" Item6.Iid="" Item6.Drop="0" Sid="" Bid="" Gid="" HpStockCount="0" State0="0" State1="-1" State2="-1" State3="-1" State4="-1" State5="-1" AI_ActionName="AI_AC_Everytime" AI_ActionVal="" AI_MindName="AI_MI_Null" AI_MindVal="" AI_AttackName="AI_AT_Attack" AI_AttackVal="" AI_MoveName="AI_MV_NearestEnemy" AI_MoveVal="" AI_BattleRate="突撃" AI_Priority="0" AI_HealRateA="75" AI_HealRateB="50" AI_BandNo="0" AI_MoveLimit="" AI_Flag="0"/>
			<Param Group="" Pid="PID_M001G_MAG" Force="1" Flag="7" AppearX="0" AppearY="0" DisposX="13" DisposY="4" Direction="0" LevelN="0" LevelH="0" LevelL="0" Jid="" Item1.Iid="IID_ファイアー" Item1.Drop="0" Item2.Iid="IID_傷薬" Item2.Drop="1" Item3.Iid="" Item3.Drop="0" Item4.Iid="" Item4.Drop="0" Item5.Iid="" Item5.Drop="0" Item6.Iid="" Item6.Drop="0" Sid="" Bid="" Gid="" HpStockCount="0" State0="0" State1="-1" State2="-1" State3="-1" State4="-1" State5="-1" AI_ActionName="AI_AC_Everytime" AI_ActionVal="" AI_MindName="AI_MI_Null" AI_MindVal="" AI_AttackName="AI_AT_Attack" AI_AttackVal="" AI_MoveName="AI_MV_NearestEnemy" AI_MoveVal="" AI_BattleRate="突撃" AI_Priority="0" AI_HealRateA="75" AI_HealRateB="50" AI_BandNo="0" AI_MoveLimit="" AI_Flag="0"/>
			<Param Group="" Pid="PID_M00G_CAV" Force="1" Flag="7" AppearX="0" AppearY="0" DisposX="4" DisposY="13" Direction="0" LevelN="0" LevelH="0" LevelL="0" Jid="" Item1.Iid="IID_鉄の槍" Item1.Drop="0" Item2.Iid="" Item2.Drop="0" Item3.Iid="" Item3.Drop="0" Item4.Iid="" Item4.Drop="0" Item5.Iid="" Item5.Drop="0" Item6.Iid="" Item6.Drop="0" Sid="" Bid="" Gid="" HpStockCount="0" State0="0" State1="-1" State2="-1" State3="-1" State4="-1" State5="-1" AI_ActionName="AI_AC_TurnAttackRange" AI_ActionVal="3" AI_MindName="AI_MI_Null" AI_MindVal="" AI_AttackName="AI_AT_Attack" AI_AttackVal="" AI_MoveName="AI_MV_NearestEnemy" AI_MoveVal="" AI_BattleRate="突撃" AI_Priority="0" AI_HealRateA="75" AI_HealRateB="50" AI_BandNo="0" AI_MoveLimit="" AI_Flag="0"/>
			<Param Group="" Pid="PID_M00G_CAVS" Force="1" Flag="7" AppearX="0" AppearY="0" DisposX="6" DisposY="13" Direction="0" LevelN="0" LevelH="0" LevelL="0" Jid="" Item1.Iid="IID_鉄の剣" Item1.Drop="0" Item2.Iid="" Item2.Drop="0" Item3.Iid="" Item3.Drop="0" Item4.Iid="" Item4.Drop="0" Item5.Iid="" Item5.Drop="0" Item6.Iid="" Item6.Drop="0" Sid="" Bid="" Gid="" HpStockCount="0" State0="0" State1="-1" State2="-1" State3="-1" State4="-1" State5="-1" AI_ActionName="AI_AC_TurnAttackRange" AI_ActionVal="3" AI_MindName="AI_MI_Null" AI_MindVal="" AI_AttackName="AI_AT_Attack" AI_AttackVal="" AI_MoveName="AI_MV_NearestEnemy" AI_MoveVal="" AI_BattleRate="突撃" AI_Priority="0" AI_HealRateA="75" AI_HealRateB="50" AI_BandNo="0" AI_MoveLimit="" AI_Flag="0"/>
			<Param Group="" Pid="PID_M00G_CAVA" Force="1" Flag="7" AppearX="0" AppearY="0" DisposX="7" DisposY="3" Direction="0" LevelN="0" LevelH="0" LevelL="0" Jid="" Item1.Iid="IID_鉄の斧" Item1.Drop="0" Item2.Iid="" Item2.Drop="0" Item3.Iid="" Item3.Drop="0" Item4.Iid="" Item4.Drop="0" Item5.Iid="" Item5.Drop="0" Item6.Iid="" Item6.Drop="0" Sid="" Bid="" Gid="" HpStockCount="0" State0="0" State1="-1" State2="-1" State3="-1" State4="-1" State5="-1" AI_ActionName="AI_AC_TurnAttackRange" AI_ActionVal="3" AI_MindName="AI_MI_Null" AI_MindVal="" AI_AttackName="AI_AT_Attack" AI_AttackVal="" AI_MoveName="AI_MV_NearestEnemy" AI_MoveVal="" AI_BattleRate="突撃" AI_Priority="0" AI_HealRateA="75" AI_HealRateB="50" AI_BandNo="0" AI_MoveLimit="" AI_Flag="0"/>
			<Param Group="" Pid="PID_M00G_CAVS" Force="1" Flag="7" AppearX="0" AppearY="0" DisposX="5" DisposY="3" Direction="0" LevelN="0" LevelH="0" LevelL="0" Jid="" Item1.Iid="IID_鉄の剣" Item1.Drop="0" Item2.Iid="" Item2.Drop="0" Item3.Iid="" Item3.Drop="0" Item4.Iid="" Item4.Drop="0" Item5.Iid="" Item5.Drop="0" Item6.Iid="" Item6.Drop="0" Sid="" Bid="" Gid="" HpStockCount="0" State0="0" State1="-1" State2="-1" State3="-1" State4="-1" State5="-1" AI_ActionName="AI_AC_TurnAttackRange" AI_ActionVal="3" AI_MindName="AI_MI_Null" AI_MindVal="" AI_AttackName="AI_AT_Attack" AI_AttackVal="" AI_MoveName="AI_MV_NearestEnemy" AI_MoveVal="" AI_BattleRate="突撃" AI_Priority="0" AI_HealRateA="75" AI_HealRateB="50" AI_BandNo="0" AI_MoveLimit="" AI_Flag="0"/>
			<Param Group="Ally" Pid="" Force="" Flag="" AppearX="" AppearY="" DisposX="" DisposY="" Direction="" LevelN="" LevelH="" LevelL="" Jid="" Item1.Iid="" Item1.Drop="" Item2.Iid="" Item2.Drop="" Item3.Iid="" Item3.Drop="" Item4.Iid="" Item4.Drop="" Item5.Iid="" Item5.Drop="" Item6.Iid="" Item6.Drop="" Sid="" Bid="" Gid="" HpStockCount="" State0="" State1="" State2="" State3="" State4="" State5="" AI_ActionName="" AI_ActionVal="" AI_MindName="" AI_MindVal="" AI_AttackName="" AI_AttackVal="" AI_MoveName="" AI_MoveVal="" AI_BattleRate="" AI_Priority="" AI_HealRateA="" AI_HealRateB="" AI_BandNo="" AI_MoveLimit="" AI_Flag=""/>
			<Param Group="" Pid="PID_Russel" Force="0" Flag="1039" AppearX="21" AppearY="6" DisposX="19" DisposY="6" Direction="0" LevelN="0" LevelH="0" LevelL="0" Jid="" Item1.Iid="IID_エイリーク_レイピア_通常" Item1.Drop="0" Item2.Iid="IID_鉄の剣" Item2.Drop="0" Item3.Iid="" Item3.Drop="0" Item4.Iid="" Item4.Drop="0" Item5.Iid="" Item5.Drop="0" Item6.Iid="" Item6.Drop="0" Sid="" Bid="" Gid="GID_SiegHide" HpStockCount="0" State0="0" State1="-1" State2="-1" State3="-1" State4="-1" State5="-1" AI_ActionName="AI_AC_Everytime" AI_ActionVal="" AI_MindName="AI_MI_Null" AI_MindVal="" AI_AttackName="AI_AT_Attack" AI_AttackVal="" AI_MoveName="AI_MV_NearestEnemy" AI_MoveVal="" AI_BattleRate="" AI_Priority="0" AI_HealRateA="75" AI_HealRateB="50" AI_BandNo="0" AI_MoveLimit="" AI_Flag="0"/>
			<Param Group="Reinforce01" Pid="" Force="" Flag="" AppearX="" AppearY="" DisposX="" DisposY="" Direction="" LevelN="" LevelH="" LevelL="" Jid="" Item1.Iid="" Item1.Drop="" Item2.Iid="" Item2.Drop="" Item3.Iid="" Item3.Drop="" Item4.Iid="" Item4.Drop="" Item5.Iid="" Item5.Drop="" Item6.Iid="" Item6.Drop="" Sid="" Bid="" Gid="" HpStockCount="" State0="" State1="" State2="" State3="" State4="" State5="" AI_ActionName="" AI_ActionVal="" AI_MindName="" AI_MindVal="" AI_AttackName="" AI_AttackVal="" AI_MoveName="" AI_MoveVal="" AI_BattleRate="" AI_Priority="" AI_HealRateA="" AI_HealRateB="" AI_BandNo="" AI_MoveLimit="" AI_Flag=""/>
			<Param Group="" Pid="PID_M00G_CAV" Force="1" Flag="7" AppearX="0" AppearY="0" DisposX="14" DisposY="14" Direction="0" LevelN="0" LevelH="0" LevelL="0" Jid="" Item1.Iid="IID_鉄の槍" Item1.Drop="0" Item2.Iid="" Item2.Drop="0" Item3.Iid="" Item3.Drop="0" Item4.Iid="" Item4.Drop="0" Item5.Iid="" Item5.Drop="0" Item6.Iid="" Item6.Drop="0" Sid="" Bid="" Gid="" HpStockCount="0" State0="0" State1="-1" State2="-1" State3="-1" State4="-1" State5="-1" AI_ActionName="AI_AC_Everytime" AI_ActionVal="" AI_MindName="AI_MI_Null" AI_MindVal="" AI_AttackName="AI_AT_Attack" AI_AttackVal="" AI_MoveName="AI_MV_NearestEnemy" AI_MoveVal="" AI_BattleRate="突撃" AI_Priority="0" AI_HealRateA="75" AI_HealRateB="50" AI_BandNo="0" AI_MoveLimit="" AI_Flag="0"/>
			<Param Group="" Pid="PID_M00G_CAV" Force="1" Flag="7" AppearX="0" AppearY="0" DisposX="12" DisposY="14" Direction="0" LevelN="0" LevelH="0" LevelL="0" Jid="" Item1.Iid="IID_鉄の槍" Item1.Drop="0" Item2.Iid="" Item2.Drop="0" Item3.Iid="" Item3.Drop="0" Item4.Iid="" Item4.Drop="0" Item5.Iid="" Item5.Drop="0" Item6.Iid="" Item6.Drop="0" Sid="" Bid="" Gid="" HpStockCount="0" State0="0" State1="-1" State2="-1" State3="-1" State4="-1" State5="-1" AI_ActionName="AI_AC_Everytime" AI_ActionVal="" AI_MindName="AI_MI_Null" AI_MindVal="" AI_AttackName="AI_AT_Attack" AI_AttackVal="" AI_MoveName="AI_MV_NearestEnemy" AI_MoveVal="" AI_BattleRate="突撃" AI_Priority="0" AI_HealRateA="75" AI_HealRateB="50" AI_BandNo="0" AI_MoveLimit="" AI_Flag="0"/>
			<Param Group="Support01" Pid="" Force="" Flag="" AppearX="" AppearY="" DisposX="" DisposY="" Direction="" LevelN="" LevelH="" LevelL="" Jid="" Item1.Iid="" Item1.Drop="" Item2.Iid="" Item2.Drop="" Item3.Iid="" Item3.Drop="" Item4.Iid="" Item4.Drop="" Item5.Iid="" Item5.Drop="" Item6.Iid="" Item6.Drop="" Sid="" Bid="" Gid="" HpStockCount="" State0="" State1="" State2="" State3="" State4="" State5="" AI_ActionName="" AI_ActionVal="" AI_MindName="" AI_MindVal="" AI_AttackName="" AI_AttackVal="" AI_MoveName="" AI_MoveVal="" AI_BattleRate="" AI_Priority="" AI_HealRateA="" AI_HealRateB="" AI_BandNo="" AI_MoveLimit="" AI_Flag=""/>
			<Param Group="" Pid="PID_Gabriel" Force="0" Flag="1039" AppearX="22" AppearY="7" DisposX="21" DisposY="7" Direction="0" LevelN="0" LevelH="0" LevelL="0" Jid="" Item1.Iid="IID_鉄の槍" Item1.Drop="0" Item2.Iid="IID_銀の槍" Item2.Drop="0" Item3.Iid="" Item3.Drop="0" Item4.Iid="" Item4.Drop="0" Item5.Iid="" Item5.Drop="0" Item6.Iid="" Item6.Drop="0" Sid="" Bid="" Gid="" HpStockCount="0" State0="0" State1="-1" State2="-1" State3="-1" State4="-1" State5="-1" AI_ActionName="AI_AC_Everytime" AI_ActionVal="" AI_MindName="AI_MI_Null" AI_MindVal="" AI_AttackName="AI_AT_Attack" AI_AttackVal="" AI_MoveName="AI_MV_NearestEnemy" AI_MoveVal="" AI_BattleRate="" AI_Priority="0" AI_HealRateA="75" AI_HealRateB="50" AI_BandNo="0" AI_MoveLimit="" AI_Flag="0"/>
			<Param Group="Reinforce02" Pid="" Force="" Flag="" AppearX="" AppearY="" DisposX="" DisposY="" Direction="" LevelN="" LevelH="" LevelL="" Jid="" Item1.Iid="" Item1.Drop="" Item2.Iid="" Item2.Drop="" Item3.Iid="" Item3.Drop="" Item4.Iid="" Item4.Drop="" Item5.Iid="" Item5.Drop="" Item6.Iid="" Item6.Drop="" Sid="" Bid="" Gid="" HpStockCount="" State0="" State1="" State2="" State3="" State4="" State5="" AI_ActionName="" AI_ActionVal="" AI_MindName="" AI_MindVal="" AI_AttackName="" AI_AttackVal="" AI_MoveName="" AI_MoveVal="" AI_BattleRate="" AI_Priority="" AI_HealRateA="" AI_HealRateB="" AI_BandNo="" AI_MoveLimit="" AI_Flag=""/>
			<Param Group="" Pid="PID_AthenaHide" Force="1" Flag="7" AppearX="0" AppearY="0" DisposX="2" DisposY="11" Direction="0" LevelN="0" LevelH="0" LevelL="0" Jid="" Item1.Iid="IID_スティレット" Item1.Drop="0" Item2.Iid="" Item2.Drop="0" Item3.Iid="" Item3.Drop="0" Item4.Iid="" Item4.Drop="0" Item5.Iid="" Item5.Drop="0" Item6.Iid="" Item6.Drop="0" Sid="" Bid="" Gid="" HpStockCount="0" State0="0" State1="-1" State2="-1" State3="-1" State4="-1" State5="-1" AI_ActionName="AI_AC_Everytime" AI_ActionVal="" AI_MindName="AI_MI_Null" AI_MindVal="" AI_AttackName="AI_AT_Person" AI_AttackVal="PID_Gabriel" AI_MoveName="AI_MV_Person" AI_MoveVal="PID_Gabriel" AI_BattleRate="突撃" AI_Priority="0" AI_HealRateA="75" AI_HealRateB="50" AI_BandNo="0" AI_MoveLimit="" AI_Flag="0"/>
			<Param Group="Reinforce03" Pid="" Force="" Flag="" AppearX="" AppearY="" DisposX="" DisposY="" Direction="" LevelN="" LevelH="" LevelL="" Jid="" Item1.Iid="" Item1.Drop="" Item2.Iid="" Item2.Drop="" Item3.Iid="" Item3.Drop="" Item4.Iid="" Item4.Drop="" Item5.Iid="" Item5.Drop="" Item6.Iid="" Item6.Drop="" Sid="" Bid="" Gid="" HpStockCount="" State0="" State1="" State2="" State3="" State4="" State5="" AI_ActionName="" AI_ActionVal="" AI_MindName="" AI_MindVal="" AI_AttackName="" AI_AttackVal="" AI_MoveName="" AI_MoveVal="" AI_BattleRate="" AI_Priority="" AI_HealRateA="" AI_HealRateB="" AI_BandNo="" AI_MoveLimit="" AI_Flag=""/>
			<Param Group="" Pid="PID_M00G_CAVS" Force="1" Flag="7" AppearX="0" AppearY="0" DisposX="21" DisposY="8" Direction="0" LevelN="0" LevelH="0" LevelL="0" Jid="" Item1.Iid="IID_鉄の剣" Item1.Drop="0" Item2.Iid="" Item2.Drop="0" Item3.Iid="" Item3.Drop="0" Item4.Iid="" Item4.Drop="0" Item5.Iid="" Item5.Drop="0" Item6.Iid="" Item6.Drop="0" Sid="" Bid="" Gid="" HpStockCount="0" State0="0" State1="-1" State2="-1" State3="-1" State4="-1" State5="-1" AI_ActionName="AI_AC_Everytime" AI_ActionVal="" AI_MindName="AI_MI_Null" AI_MindVal="" AI_AttackName="AI_AT_Attack" AI_AttackVal="" AI_MoveName="AI_MV_NearestEnemy" AI_MoveVal="" AI_BattleRate="突撃" AI_Priority="0" AI_HealRateA="75" AI_HealRateB="50" AI_BandNo="0" AI_MoveLimit="" AI_Flag="0"/>
			<Param Group="" Pid="PID_M00G_CAV" Force="1" Flag="7" AppearX="0" AppearY="0" DisposX="21" DisposY="4" Direction="0" LevelN="0" LevelH="0" LevelL="0" Jid="" Item1.Iid="IID_鉄の槍" Item1.Drop="0" Item2.Iid="" Item2.Drop="0" Item3.Iid="" Item3.Drop="0" Item4.Iid="" Item4.Drop="0" Item5.Iid="" Item5.Drop="0" Item6.Iid="" Item6.Drop="0" Sid="" Bid="" Gid="" HpStockCount="0" State0="0" State1="-1" State2="-1" State3="-1" State4="-1" State5="-1" AI_ActionName="AI_AC_Everytime" AI_ActionVal="" AI_MindName="AI_MI_Null" AI_MindVal="" AI_AttackName="AI_AT_Attack" AI_AttackVal="" AI_MoveName="AI_MV_NearestEnemy" AI_MoveVal="" AI_BattleRate="突撃" AI_Priority="0" AI_HealRateA="75" AI_HealRateB="50" AI_BandNo="0" AI_MoveLimit="" AI_Flag="0"/>
			<Param Group="" Pid="PID_M00G_CAVS" Force="1" Flag="7" AppearX="0" AppearY="0" DisposX="21" DisposY="5" Direction="0" LevelN="0" LevelH="0" LevelL="0" Jid="" Item1.Iid="IID_鉄の剣" Item1.Drop="0" Item2.Iid="" Item2.Drop="0" Item3.Iid="" Item3.Drop="0" Item4.Iid="" Item4.Drop="0" Item5.Iid="" Item5.Drop="0" Item6.Iid="" Item6.Drop="0" Sid="" Bid="" Gid="" HpStockCount="0" State0="0" State1="-1" State2="-1" State3="-1" State4="-1" State5="-1" AI_ActionName="AI_AC_Everytime" AI_ActionVal="" AI_MindName="AI_MI_Null" AI_MindVal="" AI_AttackName="AI_AT_Attack" AI_AttackVal="" AI_MoveName="AI_MV_NearestEnemy" AI_MoveVal="" AI_BattleRate="突撃" AI_Priority="0" AI_HealRateA="75" AI_HealRateB="50" AI_BandNo="0" AI_MoveLimit="" AI_Flag="0"/>
			<Param Group="" Pid="PID_M00G_CAV" Force="1" Flag="7" AppearX="0" AppearY="0" DisposX="21" DisposY="7" Direction="0" LevelN="0" LevelH="0" LevelL="0" Jid="" Item1.Iid="IID_鉄の槍" Item1.Drop="0" Item2.Iid="" Item2.Drop="0" Item3.Iid="" Item3.Drop="0" Item4.Iid="" Item4.Drop="0" Item5.Iid="" Item5.Drop="0" Item6.Iid="" Item6.Drop="0" Sid="" Bid="" Gid="" HpStockCount="0" State0="0" State1="-1" State2="-1" State3="-1" State4="-1" State5="-1" AI_ActionName="AI_AC_Everytime" AI_ActionVal="" AI_MindName="AI_MI_Null" AI_MindVal="" AI_AttackName="AI_AT_Attack" AI_AttackVal="" AI_MoveName="AI_MV_NearestEnemy" AI_MoveVal="" AI_BattleRate="突撃" AI_Priority="0" AI_HealRateA="75" AI_HealRateB="50" AI_BandNo="0" AI_MoveLimit="" AI_Flag="0"/>
			<Param Group="" Pid="PID_M00G_CAV" Force="1" Flag="7" AppearX="0" AppearY="0" DisposX="21" DisposY="6" Direction="0" LevelN="0" LevelH="0" LevelL="0" Jid="" Item1.Iid="IID_鋼の槍" Item1.Drop="0" Item2.Iid="" Item2.Drop="0" Item3.Iid="" Item3.Drop="0" Item4.Iid="" Item4.Drop="0" Item5.Iid="" Item5.Drop="0" Item6.Iid="" Item6.Drop="0" Sid="" Bid="" Gid="" HpStockCount="0" State0="0" State1="-1" State2="-1" State3="-1" State4="-1" State5="-1" AI_ActionName="AI_AC_Everytime" AI_ActionVal="" AI_MindName="AI_MI_Null" AI_MindVal="" AI_AttackName="AI_AT_Attack" AI_AttackVal="" AI_MoveName="AI_MV_NearestEnemy" AI_MoveVal="" AI_BattleRate="突撃" AI_Priority="0" AI_HealRateA="75" AI_HealRateB="50" AI_BandNo="0" AI_MoveLimit="" AI_Flag="0"/>
		</Data>
	</Sheet>
</Book>