﻿<?xml version="1.0" encoding="utf-8"?>
<Book Count="1">
	<Sheet Name="配置" Count="25">
		<Header>
			<Param Name="グループ" Ident="Group" Type="PublicArray" Min="" Max="" Chg=""/>
			<Param Name="個人" Ident="Pid" Type="string" Min="" Max="" Chg=""/>
			<Param Name="軍" Ident="Force" Type="s8" Min="" Max="" Chg=""/>
			<Param Name="Flag" Ident="Flag" Type="b16" Min="" Max="" Chg=""/>
			<Param Name="出現X" Ident="AppearX" Type="s8" Min="-50" Max="50" Chg="1"/>
			<Param Name="出現Y" Ident="AppearY" Type="s8" Min="-50" Max="50" Chg="1"/>
			<Param Name="配置X" Ident="DisposX" Type="s8" Min="-50" Max="50" Chg="1"/>
			<Param Name="配置Y" Ident="DisposY" Type="s8" Min="-50" Max="50" Chg="1"/>
			<Param Name="向き" Ident="Direction" Type="s8" Min="" Max="" Chg=""/>
			<Param Name="レベルN" Ident="LevelN" Type="u8" Min="" Max="" Chg=""/>
			<Param Name="レベルH" Ident="LevelH" Type="u8" Min="" Max="" Chg=""/>
			<Param Name="レベルL" Ident="LevelL" Type="u8" Min="" Max="" Chg=""/>
			<Param Name="兵種" Ident="Jid" Type="string" Min="" Max="" Chg=""/>
			<Param Name="アイテム1" Ident="Item1.Iid" Type="string" Min="" Max="" Chg=""/>
			<Param Name="落下" Ident="Item1.Drop" Type="s8" Min="" Max="" Chg=""/>
			<Param Name="アイテム2" Ident="Item2.Iid" Type="string" Min="" Max="" Chg=""/>
			<Param Name="落下" Ident="Item2.Drop" Type="s8" Min="" Max="" Chg=""/>
			<Param Name="アイテム3" Ident="Item3.Iid" Type="string" Min="" Max="" Chg=""/>
			<Param Name="落下" Ident="Item3.Drop" Type="s8" Min="" Max="" Chg=""/>
			<Param Name="アイテム4" Ident="Item4.Iid" Type="string" Min="" Max="" Chg=""/>
			<Param Name="落下" Ident="Item4.Drop" Type="s8" Min="" Max="" Chg=""/>
			<Param Name="アイテム5" Ident="Item5.Iid" Type="string" Min="" Max="" Chg=""/>
			<Param Name="落下" Ident="Item5.Drop" Type="s8" Min="" Max="" Chg=""/>
			<Param Name="アイテム6" Ident="Item6.Iid" Type="string" Min="" Max="" Chg=""/>
			<Param Name="落下" Ident="Item6.Drop" Type="s8" Min="" Max="" Chg=""/>
			<Param Name="スキル" Ident="Sid" Type="string" Min="" Max="" Chg=""/>
			<Param Name="所属" Ident="Bid" Type="string" Min="" Max="" Chg=""/>
			<Param Name="紋章士" Ident="Gid" Type="string" Min="" Max="" Chg=""/>
			<Param Name="HPストック数" Ident="HpStockCount" Type="u8" Min="0" Max="5" Chg="1"/>
			<Param Name="開始時状態" Ident="State0" Type="s8" Min="" Max="" Chg=""/>
			<Param Name="復活１" Ident="State1" Type="s8" Min="" Max="" Chg=""/>
			<Param Name="復活２" Ident="State2" Type="s8" Min="" Max="" Chg=""/>
			<Param Name="復活３" Ident="State3" Type="s8" Min="" Max="" Chg=""/>
			<Param Name="復活４" Ident="State4" Type="s8" Min="" Max="" Chg=""/>
			<Param Name="復活５" Ident="State5" Type="s8" Min="" Max="" Chg=""/>
			<Param Name="条件" Ident="AI_ActionName" Type="string" Min="" Max="" Chg=""/>
			<Param Name="条件引数" Ident="AI_ActionVal" Type="string" Min="" Max="" Chg=""/>
			<Param Name="行動" Ident="AI_MindName" Type="string" Min="" Max="" Chg=""/>
			<Param Name="行動引数" Ident="AI_MindVal" Type="string" Min="" Max="" Chg=""/>
			<Param Name="攻撃" Ident="AI_AttackName" Type="string" Min="" Max="" Chg=""/>
			<Param Name="攻撃引数" Ident="AI_AttackVal" Type="string" Min="" Max="" Chg=""/>
			<Param Name="移動" Ident="AI_MoveName" Type="string" Min="" Max="" Chg=""/>
			<Param Name="移動引数" Ident="AI_MoveVal" Type="string" Min="" Max="" Chg=""/>
			<Param Name="戦闘評価" Ident="AI_BattleRate" Type="string" Min="" Max="" Chg=""/>
			<Param Name="行動優先" Ident="AI_Priority" Type="u8" Min="0" Max="100" Chg="1"/>
			<Param Name="回復率A" Ident="AI_HealRateA" Type="s8" Min="0" Max="100" Chg="1"/>
			<Param Name="回復率B" Ident="AI_HealRateB" Type="s8" Min="0" Max="100" Chg="1"/>
			<Param Name="小隊番号" Ident="AI_BandNo" Type="u32" Min="0" Max="100" Chg="1"/>
			<Param Name="移動制限" Ident="AI_MoveLimit" Type="string" Min="" Max="" Chg=""/>
			<Param Name="AI_Flag" Ident="AI_Flag" Type="b32" Min="" Max="" Chg=""/>
		</Header>
		<Data>
			<Param Group="Player" Pid="" Force="" Flag="" AppearX="" AppearY="" DisposX="" DisposY="" Direction="" LevelN="" LevelH="" LevelL="" Jid="" Item1.Iid="" Item1.Drop="" Item2.Iid="" Item2.Drop="" Item3.Iid="" Item3.Drop="" Item4.Iid="" Item4.Drop="" Item5.Iid="" Item5.Drop="" Item6.Iid="" Item6.Drop="" Sid="" Bid="" Gid="" HpStockCount="" State0="" State1="" State2="" State3="" State4="" State5="" AI_ActionName="" AI_ActionVal="" AI_MindName="" AI_MindVal="" AI_AttackName="" AI_AttackVal="" AI_MoveName="" AI_MoveVal="" AI_BattleRate="" AI_Priority="" AI_HealRateA="" AI_HealRateB="" AI_BandNo="" AI_MoveLimit="" AI_Flag=""/>
			<Param Group="Enemy" Pid="" Force="" Flag="" AppearX="" AppearY="" DisposX="" DisposY="" Direction="" LevelN="" LevelH="" LevelL="" Jid="" Item1.Iid="" Item1.Drop="" Item2.Iid="" Item2.Drop="" Item3.Iid="" Item3.Drop="" Item4.Iid="" Item4.Drop="" Item5.Iid="" Item5.Drop="" Item6.Iid="" Item6.Drop="" Sid="" Bid="" Gid="" HpStockCount="" State0="" State1="" State2="" State3="" State4="" State5="" AI_ActionName="" AI_ActionVal="" AI_MindName="" AI_MindVal="" AI_AttackName="" AI_AttackVal="" AI_MoveName="" AI_MoveVal="" AI_BattleRate="" AI_Priority="" AI_HealRateA="" AI_HealRateB="" AI_BandNo="" AI_MoveLimit="" AI_Flag=""/>
			<Param Group="" Pid="PID_M001_異形兵_蛮族_ボス" Force="1" Flag="23" AppearX="0" AppearY="0" DisposX="9" DisposY="14" Direction="1" LevelN="0" LevelH="0" LevelL="0" Jid="" Item1.Iid="IID_鉄の斧" Item1.Drop="0" Item2.Iid="" Item2.Drop="0" Item3.Iid="" Item3.Drop="0" Item4.Iid="" Item4.Drop="0" Item5.Iid="" Item5.Drop="0" Item6.Iid="" Item6.Drop="0" Sid="" Bid="" Gid="" HpStockCount="0" State0="0" State1="-1" State2="-1" State3="-1" State4="-1" State5="-1" AI_ActionName="AI_AC_Turn" AI_ActionVal="1" AI_MindName="AI_MI_EscapeSlow" AI_MindVal="" AI_AttackName="AI_AT_Null" AI_AttackVal="" AI_MoveName="AI_MV_Escape" AI_MoveVal="pos(9,1),0" AI_BattleRate="突撃" AI_Priority="140" AI_HealRateA="75" AI_HealRateB="50" AI_BandNo="0" AI_MoveLimit="" AI_Flag="8"/>
			<Param Group="" Pid="PID_M001_異形兵_蛮族_雑魚A" Force="1" Flag="7" AppearX="0" AppearY="0" DisposX="9" DisposY="12" Direction="1" LevelN="0" LevelH="0" LevelL="0" Jid="" Item1.Iid="IID_鉄の斧" Item1.Drop="0" Item2.Iid="" Item2.Drop="0" Item3.Iid="" Item3.Drop="0" Item4.Iid="" Item4.Drop="0" Item5.Iid="" Item5.Drop="0" Item6.Iid="" Item6.Drop="0" Sid="" Bid="" Gid="" HpStockCount="0" State0="0" State1="-1" State2="-1" State3="-1" State4="-1" State5="-1" AI_ActionName="AI_AC_Everytime" AI_ActionVal="" AI_MindName="AI_MI_Null" AI_MindVal="" AI_AttackName="AI_AT_ForceOnly_Hero" AI_AttackVal="FORCE_PLAYER" AI_MoveName="AI_MV_Force" AI_MoveVal="FORCE_PLAYER" AI_BattleRate="突撃" AI_Priority="0" AI_HealRateA="75" AI_HealRateB="50" AI_BandNo="0" AI_MoveLimit="" AI_Flag="0"/>
			<Param Group="" Pid="PID_M001_Lnc" Force="1" Flag="7" AppearX="0" AppearY="0" DisposX="11" DisposY="13" Direction="1" LevelN="0" LevelH="0" LevelL="0" Jid="" Item1.Iid="IID_鉄の槍" Item1.Drop="0" Item2.Iid="" Item2.Drop="0" Item3.Iid="" Item3.Drop="0" Item4.Iid="" Item4.Drop="0" Item5.Iid="" Item5.Drop="0" Item6.Iid="" Item6.Drop="0" Sid="" Bid="" Gid="" HpStockCount="0" State0="0" State1="-1" State2="-1" State3="-1" State4="-1" State5="-1" AI_ActionName="AI_AC_TurnAttackRange" AI_ActionVal="2" AI_MindName="AI_MI_Null" AI_MindVal="" AI_AttackName="AI_AT_ForceOnly_Hero" AI_AttackVal="FORCE_PLAYER" AI_MoveName="AI_MV_Force" AI_MoveVal="FORCE_PLAYER" AI_BattleRate="突撃" AI_Priority="0" AI_HealRateA="75" AI_HealRateB="50" AI_BandNo="0" AI_MoveLimit="" AI_Flag="0"/>
			<Param Group="" Pid="PID_M001_異形兵_蛮族_微強" Force="1" Flag="7" AppearX="0" AppearY="12" DisposX="12" DisposY="11" Direction="1" LevelN="0" LevelH="0" LevelL="0" Jid="" Item1.Iid="IID_鉄の斧" Item1.Drop="0" Item2.Iid="" Item2.Drop="0" Item3.Iid="" Item3.Drop="0" Item4.Iid="" Item4.Drop="0" Item5.Iid="" Item5.Drop="0" Item6.Iid="" Item6.Drop="0" Sid="" Bid="" Gid="" HpStockCount="0" State0="0" State1="-1" State2="-1" State3="-1" State4="-1" State5="-1" AI_ActionName="AI_AC_Everytime" AI_ActionVal="" AI_MindName="AI_MI_Null" AI_MindVal="" AI_AttackName="AI_AT_Hero" AI_AttackVal="" AI_MoveName="AI_MV_Hero" AI_MoveVal="" AI_BattleRate="突撃" AI_Priority="0" AI_HealRateA="75" AI_HealRateB="50" AI_BandNo="0" AI_MoveLimit="" AI_Flag="0"/>
			<Param Group="" Pid="PID_M001_Swd" Force="1" Flag="7" AppearX="6" AppearY="15" DisposX="5" DisposY="5" Direction="1" LevelN="0" LevelH="0" LevelL="0" Jid="" Item1.Iid="IID_鉄の剣" Item1.Drop="0" Item2.Iid="" Item2.Drop="0" Item3.Iid="" Item3.Drop="0" Item4.Iid="" Item4.Drop="0" Item5.Iid="" Item5.Drop="0" Item6.Iid="" Item6.Drop="0" Sid="" Bid="" Gid="" HpStockCount="0" State0="0" State1="-1" State2="-1" State3="-1" State4="-1" State5="-1" AI_ActionName="AI_AC_TurnAttackRange" AI_ActionVal="3" AI_MindName="AI_MI_Null" AI_MindVal="" AI_AttackName="AI_AT_Hero" AI_AttackVal="" AI_MoveName="AI_MV_Hero" AI_MoveVal="" AI_BattleRate="突撃" AI_Priority="0" AI_HealRateA="75" AI_HealRateB="50" AI_BandNo="0" AI_MoveLimit="" AI_Flag="0"/>
			<Param Group="" Pid="PID_M001_Lnc" Force="1" Flag="7" AppearX="10" AppearY="11" DisposX="7" DisposY="11" Direction="1" LevelN="0" LevelH="0" LevelL="0" Jid="" Item1.Iid="IID_鉄の槍" Item1.Drop="0" Item2.Iid="" Item2.Drop="0" Item3.Iid="" Item3.Drop="0" Item4.Iid="" Item4.Drop="0" Item5.Iid="" Item5.Drop="0" Item6.Iid="" Item6.Drop="0" Sid="" Bid="" Gid="" HpStockCount="0" State0="0" State1="-1" State2="-1" State3="-1" State4="-1" State5="-1" AI_ActionName="AI_AC_Everytime" AI_ActionVal="" AI_MindName="AI_MI_Null" AI_MindVal="" AI_AttackName="AI_AT_Hero" AI_AttackVal="" AI_MoveName="AI_MV_Hero" AI_MoveVal="" AI_BattleRate="突撃" AI_Priority="0" AI_HealRateA="75" AI_HealRateB="50" AI_BandNo="0" AI_MoveLimit="" AI_Flag="0"/>
			<Param Group="" Pid="PID_M001_異形兵_蛮族_微強" Force="1" Flag="7" AppearX="0" AppearY="12" DisposX="13" DisposY="14" Direction="1" LevelN="0" LevelH="0" LevelL="0" Jid="" Item1.Iid="IID_鉄の斧" Item1.Drop="0" Item2.Iid="" Item2.Drop="0" Item3.Iid="" Item3.Drop="0" Item4.Iid="" Item4.Drop="0" Item5.Iid="" Item5.Drop="0" Item6.Iid="" Item6.Drop="0" Sid="" Bid="" Gid="" HpStockCount="0" State0="0" State1="-1" State2="-1" State3="-1" State4="-1" State5="-1" AI_ActionName="AI_AC_TurnAttackRange" AI_ActionVal="2" AI_MindName="AI_MI_Null" AI_MindVal="" AI_AttackName="AI_AT_Hero" AI_AttackVal="" AI_MoveName="AI_MV_Hero" AI_MoveVal="" AI_BattleRate="突撃" AI_Priority="0" AI_HealRateA="75" AI_HealRateB="50" AI_BandNo="0" AI_MoveLimit="" AI_Flag="0"/>
			<Param Group="" Pid="PID_M001_異形兵_蛮族_微強" Force="1" Flag="7" AppearX="0" AppearY="0" DisposX="4" DisposY="13" Direction="1" LevelN="0" LevelH="0" LevelL="0" Jid="" Item1.Iid="IID_鉄の斧" Item1.Drop="0" Item2.Iid="" Item2.Drop="0" Item3.Iid="" Item3.Drop="0" Item4.Iid="" Item4.Drop="0" Item5.Iid="" Item5.Drop="0" Item6.Iid="" Item6.Drop="0" Sid="" Bid="" Gid="" HpStockCount="0" State0="0" State1="-1" State2="-1" State3="-1" State4="-1" State5="-1" AI_ActionName="AI_AC_Everytime" AI_ActionVal="" AI_MindName="AI_MI_Null" AI_MindVal="" AI_AttackName="AI_AT_ForceOnly_Hero" AI_AttackVal="FORCE_PLAYER" AI_MoveName="AI_MV_Force" AI_MoveVal="FORCE_PLAYER" AI_BattleRate="突撃" AI_Priority="0" AI_HealRateA="75" AI_HealRateB="50" AI_BandNo="0" AI_MoveLimit="" AI_Flag="0"/>
			<Param Group="" Pid="PID_M001_Lnc" Force="1" Flag="7" AppearX="0" AppearY="12" DisposX="5" DisposY="15" Direction="1" LevelN="0" LevelH="0" LevelL="0" Jid="" Item1.Iid="IID_鉄の槍" Item1.Drop="0" Item2.Iid="" Item2.Drop="0" Item3.Iid="" Item3.Drop="0" Item4.Iid="" Item4.Drop="0" Item5.Iid="" Item5.Drop="0" Item6.Iid="" Item6.Drop="0" Sid="" Bid="" Gid="" HpStockCount="0" State0="0" State1="-1" State2="-1" State3="-1" State4="-1" State5="-1" AI_ActionName="AI_AC_Everytime" AI_ActionVal="" AI_MindName="AI_MI_Null" AI_MindVal="" AI_AttackName="AI_AT_Hero" AI_AttackVal="" AI_MoveName="AI_MV_Hero" AI_MoveVal="" AI_BattleRate="突撃" AI_Priority="0" AI_HealRateA="75" AI_HealRateB="50" AI_BandNo="0" AI_MoveLimit="" AI_Flag="0"/>
			<Param Group="" Pid="PID_M001_Swd" Force="1" Flag="7" AppearX="6" AppearY="15" DisposX="6" DisposY="6" Direction="1" LevelN="0" LevelH="0" LevelL="0" Jid="" Item1.Iid="IID_鉄の剣" Item1.Drop="0" Item2.Iid="" Item2.Drop="0" Item3.Iid="" Item3.Drop="0" Item4.Iid="" Item4.Drop="0" Item5.Iid="" Item5.Drop="0" Item6.Iid="" Item6.Drop="0" Sid="" Bid="" Gid="" HpStockCount="0" State0="0" State1="-1" State2="-1" State3="-1" State4="-1" State5="-1" AI_ActionName="AI_AC_TurnAttackRange" AI_ActionVal="3" AI_MindName="AI_MI_Null" AI_MindVal="" AI_AttackName="AI_AT_Hero" AI_AttackVal="" AI_MoveName="AI_MV_Hero" AI_MoveVal="" AI_BattleRate="突撃" AI_Priority="0" AI_HealRateA="75" AI_HealRateB="50" AI_BandNo="0" AI_MoveLimit="" AI_Flag="0"/>
			<Param Group="" Pid="PID_M001_Lnc" Force="1" Flag="7" AppearX="0" AppearY="12" DisposX="10" DisposY="4" Direction="1" LevelN="0" LevelH="0" LevelL="0" Jid="" Item1.Iid="IID_鉄の槍" Item1.Drop="0" Item2.Iid="" Item2.Drop="0" Item3.Iid="" Item3.Drop="0" Item4.Iid="" Item4.Drop="0" Item5.Iid="" Item5.Drop="0" Item6.Iid="" Item6.Drop="0" Sid="" Bid="" Gid="" HpStockCount="0" State0="0" State1="-1" State2="-1" State3="-1" State4="-1" State5="-1" AI_ActionName="AI_AC_TurnAttackRange" AI_ActionVal="3" AI_MindName="AI_MI_Null" AI_MindVal="" AI_AttackName="AI_AT_Hero" AI_AttackVal="" AI_MoveName="AI_MV_Hero" AI_MoveVal="" AI_BattleRate="突撃" AI_Priority="0" AI_HealRateA="75" AI_HealRateB="50" AI_BandNo="0" AI_MoveLimit="" AI_Flag="0"/>
			<Param Group="" Pid="PID_M001_異形兵_蛮族_微強" Force="1" Flag="7" AppearX="0" AppearY="12" DisposX="11" DisposY="5" Direction="1" LevelN="0" LevelH="0" LevelL="0" Jid="" Item1.Iid="IID_鉄の斧" Item1.Drop="0" Item2.Iid="" Item2.Drop="0" Item3.Iid="" Item3.Drop="0" Item4.Iid="" Item4.Drop="0" Item5.Iid="" Item5.Drop="0" Item6.Iid="" Item6.Drop="0" Sid="" Bid="" Gid="" HpStockCount="0" State0="0" State1="-1" State2="-1" State3="-1" State4="-1" State5="-1" AI_ActionName="AI_AC_TurnAttackRange" AI_ActionVal="3" AI_MindName="AI_MI_Null" AI_MindVal="" AI_AttackName="AI_AT_Hero" AI_AttackVal="" AI_MoveName="AI_MV_Hero" AI_MoveVal="" AI_BattleRate="突撃" AI_Priority="0" AI_HealRateA="75" AI_HealRateB="50" AI_BandNo="0" AI_MoveLimit="" AI_Flag="0"/>
			<Param Group="" Pid="PID_M001_異形兵_蛮族_微強" Force="1" Flag="7" AppearX="0" AppearY="12" DisposX="9" DisposY="5" Direction="1" LevelN="0" LevelH="0" LevelL="0" Jid="" Item1.Iid="IID_鉄の斧" Item1.Drop="0" Item2.Iid="" Item2.Drop="0" Item3.Iid="" Item3.Drop="0" Item4.Iid="" Item4.Drop="0" Item5.Iid="" Item5.Drop="0" Item6.Iid="" Item6.Drop="0" Sid="" Bid="" Gid="" HpStockCount="0" State0="0" State1="-1" State2="-1" State3="-1" State4="-1" State5="-1" AI_ActionName="AI_AC_TurnAttackRange" AI_ActionVal="3" AI_MindName="AI_MI_Null" AI_MindVal="" AI_AttackName="AI_AT_Hero" AI_AttackVal="" AI_MoveName="AI_MV_Hero" AI_MoveVal="" AI_BattleRate="突撃" AI_Priority="0" AI_HealRateA="75" AI_HealRateB="50" AI_BandNo="0" AI_MoveLimit="" AI_Flag="0"/>
			<Param Group="" Pid="PID_M001_Swd" Force="1" Flag="7" AppearX="6" AppearY="15" DisposX="8" DisposY="10" Direction="1" LevelN="0" LevelH="0" LevelL="0" Jid="" Item1.Iid="IID_鉄の剣" Item1.Drop="0" Item2.Iid="" Item2.Drop="0" Item3.Iid="" Item3.Drop="0" Item4.Iid="" Item4.Drop="0" Item5.Iid="" Item5.Drop="0" Item6.Iid="" Item6.Drop="0" Sid="" Bid="" Gid="" HpStockCount="0" State0="0" State1="-1" State2="-1" State3="-1" State4="-1" State5="-1" AI_ActionName="AI_AC_Everytime" AI_ActionVal="" AI_MindName="AI_MI_Null" AI_MindVal="" AI_AttackName="AI_AT_Hero" AI_AttackVal="" AI_MoveName="AI_MV_Hero" AI_MoveVal="" AI_BattleRate="突撃" AI_Priority="0" AI_HealRateA="75" AI_HealRateB="50" AI_BandNo="0" AI_MoveLimit="" AI_Flag="0"/>
			<Param Group="Ally" Pid="" Force="" Flag="" AppearX="" AppearY="" DisposX="" DisposY="" Direction="" LevelN="" LevelH="" LevelL="" Jid="" Item1.Iid="" Item1.Drop="" Item2.Iid="" Item2.Drop="" Item3.Iid="" Item3.Drop="" Item4.Iid="" Item4.Drop="" Item5.Iid="" Item5.Drop="" Item6.Iid="" Item6.Drop="" Sid="" Bid="" Gid="" HpStockCount="" State0="" State1="" State2="" State3="" State4="" State5="" AI_ActionName="" AI_ActionVal="" AI_MindName="" AI_MindVal="" AI_AttackName="" AI_AttackVal="" AI_MoveName="" AI_MoveVal="" AI_BattleRate="" AI_Priority="" AI_HealRateA="" AI_HealRateB="" AI_BandNo="" AI_MoveLimit="" AI_Flag=""/>
			<Param Group="" Pid="PID_Crane" Force="0" Flag="15" AppearX="5" AppearY="20" DisposX="5" DisposY="18" Direction="5" LevelN="0" LevelH="0" LevelL="0" Jid="" Item1.Iid="IID_鉄の斧" Item1.Drop="0" Item2.Iid="IID_傷薬" Item2.Drop="0" Item3.Iid="IID_ショートアクス" Item3.Drop="0" Item4.Iid="" Item4.Drop="0" Item5.Iid="" Item5.Drop="0" Item6.Iid="" Item6.Drop="0" Sid="" Bid="" Gid="" HpStockCount="0" State0="0" State1="-1" State2="-1" State3="-1" State4="-1" State5="-1" AI_ActionName="AI_AC_Everytime" AI_ActionVal="" AI_MindName="AI_MI_Null" AI_MindVal="" AI_AttackName="AI_AT_Attack" AI_AttackVal="" AI_MoveName="AI_MV_WeakEnemy" AI_MoveVal="" AI_BattleRate="" AI_Priority="0" AI_HealRateA="75" AI_HealRateB="50" AI_BandNo="0" AI_MoveLimit="" AI_Flag="0"/>
			<Param Group="" Pid="PID_Umbra" Force="0" Flag="15" AppearX="6" AppearY="20" DisposX="5" DisposY="19" Direction="5" LevelN="0" LevelH="0" LevelL="0" Jid="" Item1.Iid="IID_鉄の弓" Item1.Drop="0" Item2.Iid="IID_傷薬" Item2.Drop="0" Item3.Iid="" Item3.Drop="0" Item4.Iid="" Item4.Drop="0" Item5.Iid="" Item5.Drop="0" Item6.Iid="" Item6.Drop="0" Sid="" Bid="" Gid="" HpStockCount="0" State0="0" State1="-1" State2="-1" State3="-1" State4="-1" State5="-1" AI_ActionName="AI_AC_Everytime" AI_ActionVal="" AI_MindName="AI_MI_Null" AI_MindVal="" AI_AttackName="AI_AT_Attack" AI_AttackVal="" AI_MoveName="AI_MV_WeakEnemy" AI_MoveVal="" AI_BattleRate="" AI_Priority="0" AI_HealRateA="75" AI_HealRateB="50" AI_BandNo="0" AI_MoveLimit="" AI_Flag="0"/>
			<Param Group="" Pid="PID_ouppy" Force="0" Flag="15" AppearX="6" AppearY="20" DisposX="4" DisposY="18" Direction="7" LevelN="0" LevelH="0" LevelL="0" Jid="" Item1.Iid="IID_FANGS" Item1.Drop="0" Item2.Iid="IID_傷薬" Item2.Drop="0" Item3.Iid="" Item3.Drop="0" Item4.Iid="" Item4.Drop="0" Item5.Iid="" Item5.Drop="0" Item6.Iid="" Item6.Drop="0" Sid="" Bid="" Gid="" HpStockCount="0" State0="0" State1="-1" State2="-1" State3="-1" State4="-1" State5="-1" AI_ActionName="AI_AC_Everytime" AI_ActionVal="" AI_MindName="AI_MI_Null" AI_MindVal="" AI_AttackName="AI_AT_Attack" AI_AttackVal="" AI_MoveName="AI_MV_WeakEnemy" AI_MoveVal="" AI_BattleRate="" AI_Priority="0" AI_HealRateA="75" AI_HealRateB="50" AI_BandNo="0" AI_MoveLimit="" AI_Flag="0"/>
			<Param Group="Hero" Pid="" Force="" Flag="" AppearX="" AppearY="" DisposX="" DisposY="" Direction="" LevelN="" LevelH="" LevelL="" Jid="" Item1.Iid="" Item1.Drop="" Item2.Iid="" Item2.Drop="" Item3.Iid="" Item3.Drop="" Item4.Iid="" Item4.Drop="" Item5.Iid="" Item5.Drop="" Item6.Iid="" Item6.Drop="" Sid="" Bid="" Gid="" HpStockCount="" State0="" State1="" State2="" State3="" State4="" State5="" AI_ActionName="" AI_ActionVal="" AI_MindName="" AI_MindVal="" AI_AttackName="" AI_AttackVal="" AI_MoveName="" AI_MoveVal="" AI_BattleRate="" AI_Priority="" AI_HealRateA="" AI_HealRateB="" AI_BandNo="" AI_MoveLimit="" AI_Flag=""/>
			<Param Group="Support01" Pid="" Force="" Flag="" AppearX="" AppearY="" DisposX="" DisposY="" Direction="" LevelN="" LevelH="" LevelL="" Jid="" Item1.Iid="" Item1.Drop="" Item2.Iid="" Item2.Drop="" Item3.Iid="" Item3.Drop="" Item4.Iid="" Item4.Drop="" Item5.Iid="" Item5.Drop="" Item6.Iid="" Item6.Drop="" Sid="" Bid="" Gid="" HpStockCount="" State0="" State1="" State2="" State3="" State4="" State5="" AI_ActionName="" AI_ActionVal="" AI_MindName="" AI_MindVal="" AI_AttackName="" AI_AttackVal="" AI_MoveName="" AI_MoveVal="" AI_BattleRate="" AI_Priority="" AI_HealRateA="" AI_HealRateB="" AI_BandNo="" AI_MoveLimit="" AI_Flag=""/>
			<Param Group="" Pid="PID_red" Force="0" Flag="15" AppearX="12" AppearY="18" DisposX="12" DisposY="18" Direction="7" LevelN="0" LevelH="0" LevelL="0" Jid="" Item1.Iid="IID_鉄の斧" Item1.Drop="0" Item2.Iid="IID_傷薬" Item2.Drop="0" Item3.Iid="IID_ショートアクス" Item3.Drop="0" Item4.Iid="" Item4.Drop="0" Item5.Iid="" Item5.Drop="0" Item6.Iid="" Item6.Drop="0" Sid="" Bid="" Gid="" HpStockCount="0" State0="0" State1="-1" State2="-1" State3="-1" State4="-1" State5="-1" AI_ActionName="AI_AC_Everytime" AI_ActionVal="" AI_MindName="AI_MI_Null" AI_MindVal="" AI_AttackName="AI_AT_Attack" AI_AttackVal="" AI_MoveName="AI_MV_WeakEnemy" AI_MoveVal="" AI_BattleRate="" AI_Priority="0" AI_HealRateA="75" AI_HealRateB="50" AI_BandNo="0" AI_MoveLimit="" AI_Flag="0"/>
			<Param Group="" Pid="PID_green" Force="0" Flag="15" AppearX="13" AppearY="19" DisposX="13" DisposY="17" Direction="7" LevelN="0" LevelH="0" LevelL="0" Jid="" Item1.Iid="IID_鉄の剣" Item1.Drop="0" Item2.Iid="IID_傷薬" Item2.Drop="0" Item3.Iid="IID_ほそみの剣" Item3.Drop="0" Item4.Iid="" Item4.Drop="0" Item5.Iid="" Item5.Drop="0" Item6.Iid="" Item6.Drop="0" Sid="" Bid="" Gid="" HpStockCount="0" State0="0" State1="-1" State2="-1" State3="-1" State4="-1" State5="-1" AI_ActionName="AI_AC_Everytime" AI_ActionVal="" AI_MindName="AI_MI_Null" AI_MindVal="" AI_AttackName="AI_AT_Attack" AI_AttackVal="" AI_MoveName="AI_MV_WeakEnemy" AI_MoveVal="" AI_BattleRate="" AI_Priority="0" AI_HealRateA="75" AI_HealRateB="50" AI_BandNo="0" AI_MoveLimit="" AI_Flag="0"/>
			<Param Group="" Pid="PID_Jagen" Force="0" Flag="15" AppearX="13" AppearY="18" DisposX="12" DisposY="17" Direction="7" LevelN="0" LevelH="0" LevelL="0" Jid="" Item1.Iid="IID_銀の槍" Item1.Drop="0" Item2.Iid="IID_ライブ" Item2.Drop="0" Item3.Iid="IID_ほそみの槍" Item3.Drop="0" Item4.Iid="" Item4.Drop="0" Item5.Iid="" Item5.Drop="0" Item6.Iid="" Item6.Drop="0" Sid="SID_死亡回避" Bid="" Gid="" HpStockCount="0" State0="0" State1="-1" State2="-1" State3="-1" State4="-1" State5="-1" AI_ActionName="AI_AC_Everytime" AI_ActionVal="" AI_MindName="AI_MI_Null" AI_MindVal="" AI_AttackName="AI_AT_Null" AI_AttackVal="" AI_MoveName="AI_MV_Null" AI_MoveVal="" AI_BattleRate="慎重" AI_Priority="1" AI_HealRateA="75" AI_HealRateB="50" AI_BandNo="0" AI_MoveLimit="" AI_Flag="0"/>
		</Data>
	</Sheet>
</Book>