<?xml version="1.0" encoding="UTF-8"?>
<metadata>
  <identifier>beta-33-remake</identifier>
  <mediatype>software</mediatype>
  <collection>open_source_software</collection>
  <creator>SpongeToo, supermariosan100</creator>
  <date>2023-10-17</date>
  <description>&lt;div&gt;&lt;b&gt;[ORIGINALLY POSTED ON OCTOBER 12TH, 2023 AS A LIMITED RELEASE]&lt;/b&gt;&lt;/div&gt;&lt;div&gt;&lt;br /&gt;&lt;/div&gt;&lt;div&gt;Before playing, this is &lt;b&gt;NOT&lt;/b&gt; a 1:1 recreation, but rather this is something just to hold us off until the actual beta 33 releases someday.&lt;/div&gt;&lt;div&gt;&lt;b&gt;Version 2.2 is the same as v2.1 but now looks more or less closer to the actual ROM, such as changing textures and more.&lt;/b&gt;&lt;/div&gt;&lt;div&gt;&lt;b&gt;Version 2 now looks closer to the actual beta 33 ROM Mariosan made. And version 2.1 looks the same as version 2, only thing is it works on real hardware partially.&lt;/b&gt;&lt;/div&gt;&lt;div&gt;&lt;b&gt;You may see some bugs when playing on real hardware, such as every LLL coins that are crashing the game.&lt;/b&gt;&lt;br /&gt;&lt;/div&gt;&lt;div&gt;&lt;b&gt;REQUIRES EXPANSION PAK&lt;/b&gt;&lt;/div&gt;&lt;div&gt;&lt;b&gt;&lt;br /&gt;&lt;/b&gt;&lt;/div&gt;&lt;div&gt;Only two levels are playable. (Rocky Mountain and Lethal Lava Land; Bowser 1 is partially playable, DDD crashes the game.)&lt;/div&gt;&lt;div&gt;&lt;b&gt;A good dump of Super Mario 64 (USA) is required to play this romhack.&lt;/b&gt;&lt;/div&gt;&lt;div&gt;&lt;br /&gt;&lt;/div&gt;&lt;div&gt;Credits:&lt;/div&gt;&lt;div&gt;&lt;b&gt;TwinLamps/SpongeToo&lt;/b&gt; - Project lead&lt;/div&gt;&lt;div&gt;&lt;b&gt;Mr. Hatsman&lt;/b&gt;&lt;b&gt; &lt;/b&gt;- Textures, Research&lt;/div&gt;&lt;div&gt;&lt;b&gt;duskewl&lt;/b&gt; - Castle build inspiration&lt;/div&gt;&lt;div&gt;&lt;b&gt;supermariosan100&lt;/b&gt; - Major inspiration, LLL map design&lt;/div&gt;&lt;div&gt;&lt;b&gt;satellavista &amp;amp; anon&lt;/b&gt; - Research&lt;/div&gt;&lt;div&gt;&lt;b&gt;Dudaw &amp;amp; BeccaBeta&lt;/b&gt; - Original SM64BRP project&lt;/div&gt;&lt;div&gt;&lt;b&gt;Chlorobyte (v2.1), CyberTanuki, Davideesk &amp;amp; Dudaw&lt;/b&gt; - Console compatibility tweaks&lt;br /&gt;&lt;/div&gt;&lt;div&gt;&lt;b&gt;darkspire17 &lt;/b&gt;- Special thanks&lt;/div&gt;</description>
  <language>eng</language>
  <scanner>Internet Archive HTML5 Uploader 1.7.0</scanner>
  <subject>super mario 64</subject>
  <subject>nintendo 64</subject>
  <subject>n64</subject>
  <subject>rom hack</subject>
  <subject>beta revival</subject>
  <subject>shoshinkai 1995</subject>
  <subject>shoshinkai '95</subject>
  <subject>spaceworld 1995</subject>
  <subject>spaceworld '95</subject>
  <title>スーパーマリオ 64 (SM64) Beta Restoration - Build 33 Remake</title>
  <uploader>notvillager64@protonmail.com</uploader>
  <publicdate>2023-10-17 10:06:01</publicdate>
  <addeddate>2023-10-17 10:06:01</addeddate>
  <curation>[curator]validator@archive.org[/curator][date]20231017101147[/date][comment]checked for malware[/comment]</curation>
  <year>2023</year>
</metadata>
