<?xml version="1.0" encoding="UTF-8"?>
<files>
  <file name="0.png" source="original">
    <mtime>1697553621</mtime>
    <size>848038</size>
    <md5>8d066590dd5878739b3f45df84e41264</md5>
    <crc32>ce1c2e1a</crc32>
    <sha1>0fa41bc52ea13ebddbf6a61fecf9eecdc8554ed7</sha1>
    <format>PNG</format>
  </file>
  <file name="0_thumb.jpg" source="derivative">
    <format>JPEG Thumb</format>
    <original>0.png</original>
    <mtime>1697554076</mtime>
    <size>8248</size>
    <md5>73ed817e4914b6db3e81d1135fdc0029</md5>
    <crc32>d8e2a4bc</crc32>
    <sha1>0dc14ee872d0d796f8def26c76217ffdba29d64a</sha1>
  </file>
  <file name="1.png" source="original">
    <mtime>1697537162</mtime>
    <size>52469</size>
    <md5>874133d0923df04a3f1c95bef68c2ef2</md5>
    <crc32>d3c02c2d</crc32>
    <sha1>5b6371e5f3280aca779d762f3218a639f67ef2e2</sha1>
    <format>PNG</format>
  </file>
  <file name="1_thumb.jpg" source="derivative">
    <format>JPEG Thumb</format>
    <original>1.png</original>
    <mtime>1697537574</mtime>
    <size>6346</size>
    <md5>80a2a084db4a968d9e380f85479ad148</md5>
    <crc32>176ae002</crc32>
    <sha1>1d7628611aad53d1108e0ab36aa4996c289e4ffa</sha1>
  </file>
  <file name="2.png" source="original">
    <mtime>1699117323</mtime>
    <size>88327</size>
    <md5>c328892318cf01b58ceb0170e7d96244</md5>
    <crc32>e2f03c9c</crc32>
    <sha1>1ae0daef3ffd8f8eabb8aeb65e04b2e520f16799</sha1>
    <format>PNG</format>
  </file>
  <file name="2_thumb.jpg" source="derivative">
    <format>JPEG Thumb</format>
    <original>2.png</original>
    <mtime>1699117695</mtime>
    <size>8121</size>
    <md5>3b77ef5b72218964a20555980a8e4dfa</md5>
    <crc32>da507e3b</crc32>
    <sha1>6f94b3b083f6714ad65e5483e16fdf56f11114f0</sha1>
  </file>
  <file name="3.png" source="original">
    <mtime>1699117325</mtime>
    <size>103774</size>
    <md5>d12a6b10bfe7263a283295ad23d54211</md5>
    <crc32>0368b825</crc32>
    <sha1>1bcbcc507a4e55a54c1f269051daaf60df89049e</sha1>
    <format>PNG</format>
  </file>
  <file name="3_thumb.jpg" source="derivative">
    <format>JPEG Thumb</format>
    <original>3.png</original>
    <mtime>1699117700</mtime>
    <size>8654</size>
    <md5>4d20b284a138164e3f0b556abeefecb3</md5>
    <crc32>426b5d93</crc32>
    <sha1>a03694ab0d5af794e99f9327fd417c8a0a329172</sha1>
  </file>
  <file name="4.png" source="original">
    <mtime>1699117328</mtime>
    <size>120647</size>
    <md5>f10e489cdf87f4286d23055355acff46</md5>
    <crc32>4de1f323</crc32>
    <sha1>4622bb60f164f47cf3320064ebbf9973202005ed</sha1>
    <format>PNG</format>
  </file>
  <file name="4_thumb.jpg" source="derivative">
    <format>JPEG Thumb</format>
    <original>4.png</original>
    <mtime>1699117705</mtime>
    <size>8450</size>
    <md5>2063410245ae37783df792e88820331a</md5>
    <crc32>1653169d</crc32>
    <sha1>0a527493f5bb3e072b231ef2ea811dab02552467</sha1>
  </file>
  <file name="__ia_thumb.jpg" source="original">
    <mtime>1697553629</mtime>
    <size>14592</size>
    <md5>0783b8ba6071ff5fe8285b0534a4afa4</md5>
    <crc32>5dfd9ee9</crc32>
    <sha1>8e660df0846bac708af7ada4cd1040f02d434bc9</sha1>
    <format>Item Tile</format>
    <rotation>0</rotation>
  </file>
  <file name="beta 33 (remake) (v2 hotfix 2).bps" source="original">
    <mtime>1699095450</mtime>
    <size>3567803</size>
    <md5>daffdc7824843bdbcb39a18b41d67518</md5>
    <crc32>2144df1c</crc32>
    <sha1>f371b1ceaf9dcd408975cd23c5f8bf3fbfe56195</sha1>
    <format>Unknown</format>
    <viruscheck>1709573302</viruscheck>
  </file>
  <file name="beta 33 (remake) (v2 hotfix).bps" source="original">
    <mtime>1699093937</mtime>
    <size>3567799</size>
    <md5>169463416a53ef78918dbff8df3654cc</md5>
    <crc32>2144df1c</crc32>
    <sha1>cd24893fb2e5d880282a635765332900fa69ff56</sha1>
    <format>Unknown</format>
    <viruscheck>1709573302</viruscheck>
  </file>
  <file name="beta 33 (remake) (v2).bps" source="original">
    <mtime>1699089045</mtime>
    <size>3567793</size>
    <md5>8db2ca9a4341344d453132c02e7e2d97</md5>
    <crc32>2144df1c</crc32>
    <sha1>cad293dc402d9e094bb33d7db0987c637f035420</sha1>
    <format>Unknown</format>
    <viruscheck>1709573302</viruscheck>
  </file>
  <file name="beta 33 (remake) (v2.1 console tweak).bps" source="original">
    <mtime>1699117320</mtime>
    <size>3314668</size>
    <md5>fe45319f8c00a812d409f8378acec8b6</md5>
    <crc32>2144df1c</crc32>
    <sha1>9906eb13b5e8452d2df814e4938d311172f411a8</sha1>
    <format>Unknown</format>
    <viruscheck>1709573302</viruscheck>
  </file>
  <file name="beta 33 (remake) (v2.2).bps" source="original">
    <mtime>1709572347</mtime>
    <size>3312933</size>
    <md5>8c6544955f15d4bc92c12b2f49092e68</md5>
    <crc32>2144df1c</crc32>
    <sha1>dc5572df3bec4bd95442b06e92c593f766c723d8</sha1>
    <format>Unknown</format>
    <viruscheck>1709573302</viruscheck>
  </file>
  <file name="beta 33 (remake).bps" source="original">
    <mtime>1697537136</mtime>
    <size>3568024</size>
    <md5>e503c6a41a91b05b20f2736e10d50224</md5>
    <crc32>2144df1c</crc32>
    <sha1>7899e5761c010a2862a613c3553496254ab73873</sha1>
    <format>Unknown</format>
    <viruscheck>1709573302</viruscheck>
  </file>
  <file name="beta-33-remake_archive.torrent" source="metadata">
    <btih>91416425a9a97fd94926904beb14a1c895469468</btih>
    <mtime>1732805651</mtime>
    <size>5235</size>
    <md5>84225ebfa25618bcc92a4e4652377218</md5>
    <crc32>ac5c9a69</crc32>
    <sha1>769fc7d655ce016a97c210fda482f418a551da60</sha1>
    <format>Archive BitTorrent</format>
  </file>
  <file name="beta-33-remake_files.xml" source="original">
    <format>Metadata</format>
    <md5>343026719bba5e271a636bc06ae73f19</md5>
    <summation>md5</summation>
  </file>
  <file name="beta-33-remake_meta.sqlite" source="original">
    <mtime>1709572354</mtime>
    <size>49152</size>
    <md5>2a78511ad62c225b6460813b51603cc2</md5>
    <crc32>76389c2e</crc32>
    <sha1>921669584acdfa038c353b028a3da11cca16b2e5</sha1>
    <format>Metadata</format>
  </file>
  <file name="beta-33-remake_meta.xml" source="original">
    <mtime>1732805650</mtime>
    <size>3069</size>
    <md5>54f38a2b25b86c6f380b90bf2a705581</md5>
    <crc32>68186ab2</crc32>
    <sha1>a6eef93461cc4fb3ba8b45a2d9fa0a47af128ca5</sha1>
    <format>Metadata</format>
  </file>
</files>
