<?xml version="1.0" encoding="UTF-8"?>
<files>
  <file name="ECW Born to be Wired PREVIEW 4.zip" source="original">
    <mtime>1756477029</mtime>
    <size>73691885</size>
    <md5>b6e249ab044b061d63cadd2e890bde33</md5>
    <crc32>e0f6ac21</crc32>
    <sha1>9592a1fb6ae1a5a0068b6d7c1723777024060022</sha1>
    <format>ZIP</format>
    <filecount>11</filecount>
  </file>
  <file name="ecw-born-to-be-wired-preview-4_archive.torrent" source="metadata">
    <btih>441d622dc7d45564896f52fcd89f398a008ce0df</btih>
    <mtime>1756477416</mtime>
    <size>4632</size>
    <md5>e8958d1052957044abb3c6f92cb097d9</md5>
    <crc32>249d66b7</crc32>
    <sha1>54879d01632a7e6260c35a9868bb7960717b3fc3</sha1>
    <format>Archive BitTorrent</format>
  </file>
  <file name="ecw-born-to-be-wired-preview-4_files.xml" source="original">
    <format>Metadata</format>
    <md5>762186fe785c9997981dbe70c425d520</md5>
    <summation>md5</summation>
  </file>
  <file name="ecw-born-to-be-wired-preview-4_meta.sqlite" source="original">
    <mtime>1756477065</mtime>
    <size>20480</size>
    <md5>b40d93a91127042e3dfc60cb17d0fef2</md5>
    <crc32>a89037e4</crc32>
    <sha1>d3dc6230919378ba896fefb08e9128ec73b00634</sha1>
    <format>Metadata</format>
  </file>
  <file name="ecw-born-to-be-wired-preview-4_meta.xml" source="original">
    <mtime>1756477412</mtime>
    <size>875</size>
    <md5>a6f86c8ce52f5f5347b1fcc4b7edf947</md5>
    <crc32>c3bd51ff</crc32>
    <sha1>b2e7eb202d981ab693e0c806fce90a8ea011082b</sha1>
    <format>Metadata</format>
  </file>
</files>
