<?xml version="1.0" encoding="UTF-8"?>
<metadata>
  <identifier>ecw-born-to-be-wired-preview-4</identifier>
  <mediatype>software</mediatype>
  <collection>open_source_software</collection>
  <description>ECW themed rom hack of WWF No Mercy. Not the final version; this is BETA build #4</description>
  <scanner>Internet Archive HTML5 Uploader 1.7.0</scanner>
  <subject>ecw</subject>
  <subject>wwf</subject>
  <subject>no mercy</subject>
  <subject>AKI</subject>
  <subject>wrestling</subject>
  <subject>rom hack</subject>
  <title>ECW Born To Be Wired PREVIEW 4 (No Mercy Rom Hack)</title>
  <uploader>notoriousjamie@gmail.com</uploader>
  <publicdate>2025-08-29 14:17:31</publicdate>
  <addeddate>2025-08-29 14:17:31</addeddate>
  <curation>[curator]validator@archive.org[/curator][date]20250829141800[/date][comment]checked for malware[/comment]</curation>
</metadata>
