<?xml version="1.0" encoding="UTF-8"?>
<metadata>
  <identifier>MARIO-ARG-files</identifier>
  <mediatype>data</mediatype>
  <collection>opensource_media</collection>
  <creator>M A R I O</creator>
  <date>2010</date>
  <description>The files provided by YouTuber Hey Peter in his duo of videos looking into the creepy Super Mario ARG called "M A R I O." Everything within is everything you need as it was everything provided on the forums it was originally posted to including IRC chats. The only additional pieces of software you'll need to experience this ARG is a copy of the ROM Super Mario World, Lunar Magic, and a program which can view audio spectrograms. Videos involving the investigation of the ARG by Hey Peter are as follows:&lt;br /&gt;Part 1: https://www.youtube.com/watch?v=FOD6A_E0xjY&lt;div&gt;Part 2: https://www.youtube.com/watch?v=uKchbQUO2Q0&lt;/div&gt;</description>
  <scanner>Internet Archive HTML5 Uploader 1.7.0</scanner>
  <subject>super mario world</subject>
  <title>M A R I O ARG files</title>
  <subject>arg</subject>
  <subject>romhack</subject>
  <subject>hey peter</subject>
  <uploader>cluntwestwood@protonmail.com</uploader>
  <publicdate>2023-07-10 23:01:49</publicdate>
  <addeddate>2023-07-10 23:01:49</addeddate>
  <curation>[curator]validator@archive.org[/curator][date]20230710230815[/date][comment]checked for malware[/comment]</curation>
</metadata>
