<?xml version="1.0" encoding="UTF-8"?>
<files>
  <file name="Files.zip" source="original">
    <mtime>1689030077</mtime>
    <size>20422137</size>
    <md5>c6f43934111aa4db34d1b0ca72e39009</md5>
    <crc32>047c5e1c</crc32>
    <sha1>ef0e57c48b41bacc840f2b63ab57792cc1690a74</sha1>
    <format>ZIP</format>
    <filecount>35</filecount>
    <viruscheck>1689030495</viruscheck>
  </file>
  <file name="MARIO-ARG-files_archive.torrent" source="metadata">
    <btih>f71b40354a6209e4d4a03c48697d62779a0b1c66</btih>
    <mtime>1689030496</mtime>
    <size>2433</size>
    <md5>4a22b03099db2c3e08606f419fa63da5</md5>
    <crc32>e4ae6827</crc32>
    <sha1>585bbf6e8e0b1a3b654b72d101062232e68e2b4d</sha1>
    <format>Archive BitTorrent</format>
  </file>
  <file name="MARIO-ARG-files_files.xml" source="original">
    <format>Metadata</format>
    <md5>6e78be74021d6dee8931d28555afbec0</md5>
    <summation>md5</summation>
  </file>
  <file name="MARIO-ARG-files_meta.sqlite" source="original">
    <mtime>1689030125</mtime>
    <size>20480</size>
    <md5>2c82c5784d44a18e32b85145582e6e57</md5>
    <crc32>7509a1f6</crc32>
    <sha1>0643b196970bb7807f86edcbc3261a033da4a2c2</sha1>
    <format>Metadata</format>
  </file>
  <file name="MARIO-ARG-files_meta.xml" source="original">
    <mtime>1689030495</mtime>
    <size>1398</size>
    <md5>afa75f3bbba9bcc350b8a1c2990ac712</md5>
    <crc32>9c903b8f</crc32>
    <sha1>2035f0925521da8fecc2fffe6fe179ec2f4dd88c</sha1>
    <format>Metadata</format>
  </file>
</files>
