<?xml version="1.0" encoding="UTF-8"?>
<files>
  <file name="Mega Man X6 Remake - X Playthrough (720p_60fps_H264-128kbit_AAC).ia.mp4" source="derivative">
    <format>h.264 IA</format>
    <original>Mega Man X6 Remake - X Playthrough (720p_60fps_H264-128kbit_AAC).mp4</original>
    <mtime>1638199116</mtime>
    <size>1282739522</size>
    <md5>491c17d82eaa1d52eed17e23fbc2a0bc</md5>
    <crc32>62cdc46a</crc32>
    <sha1>9a71e86024ee1376ffc684dc3837b5b7a6a52fac</sha1>
    <length>4702.65</length>
    <height>720</height>
    <width>1280</width>
  </file>
  <file name="Mega Man X6 Remake - X Playthrough (720p_60fps_H264-128kbit_AAC).mp4" source="original">
    <mtime>1638196732</mtime>
    <size>1282739522</size>
    <md5>437aa77d1910403186a29740f841bb3b</md5>
    <crc32>6af678bf</crc32>
    <sha1>0d697a41614c2dfe7ed8e464b4cfdb25763e1d9d</sha1>
    <format>MPEG4</format>
    <length>4702.65</length>
    <height>720</height>
    <width>1280</width>
  </file>
  <file name="Mega Man X6 Remake - X Playthrough (Description).txt" source="original">
    <mtime>1638196289</mtime>
    <size>42</size>
    <md5>b1db290903b8cd4985e195079fe02c70</md5>
    <crc32>67d1e6d6</crc32>
    <sha1>85877c404a9b85eafd28360ea48eed0a4dabb068</sha1>
    <format>Text</format>
    <viruscheck>1638196320</viruscheck>
  </file>
  <file name="Mega Man X6 Remake Trailer + Download Link (720p_60fps_H264-128kbit_AAC).ia.mp4" source="derivative">
    <format>h.264 IA</format>
    <original>Mega Man X6 Remake Trailer + Download Link (720p_60fps_H264-128kbit_AAC).mp4</original>
    <mtime>1638198814</mtime>
    <size>23562695</size>
    <md5>392e2d053ce412033554ff542375e810</md5>
    <crc32>e43e8861</crc32>
    <sha1>535eaeeb877a523d3c738caf7c9c53d80d97a775</sha1>
    <length>63.41</length>
    <height>720</height>
    <width>1280</width>
  </file>
  <file name="Mega Man X6 Remake Trailer + Download Link (720p_60fps_H264-128kbit_AAC).mp4" source="original">
    <mtime>1638196319</mtime>
    <size>23562695</size>
    <md5>defe7eefc84471d08dd1bdb5b4f10bbf</md5>
    <crc32>462cc1d4</crc32>
    <sha1>c4782e82dcd6eb436e370194a80b63a2c02e50ca</sha1>
    <format>MPEG4</format>
    <length>63.41</length>
    <height>720</height>
    <width>1280</width>
  </file>
  <file name="Mega Man X6 Remake Trailer + Download Link (BQ).jpg" source="original">
    <mtime>1638196734</mtime>
    <size>95224</size>
    <md5>98c2f83095fcf50ebcf1588a6a7051e3</md5>
    <crc32>7119cb04</crc32>
    <sha1>88a818c17bffcbde0e847bbc28a419fefb707657</sha1>
    <format>JPEG</format>
    <rotation>0</rotation>
  </file>
  <file name="Mega Man X6 Remake Trailer + Download Link (BQ)_thumb.jpg" source="derivative">
    <format>JPEG Thumb</format>
    <original>Mega Man X6 Remake Trailer + Download Link (BQ).jpg</original>
    <mtime>1638199363</mtime>
    <size>8223</size>
    <md5>0fd80bf16dd62a59636d6ecfd4af39df</md5>
    <crc32>c01173e3</crc32>
    <sha1>615b26f12b65bcadda089597e8c953b9d0db6bdb</sha1>
  </file>
  <file name="Mega Man X6 Remake Trailer + Download Link (Description).txt" source="original">
    <mtime>1638196321</mtime>
    <size>371</size>
    <md5>17f714b33b2878fbecfcd725d34a61a8</md5>
    <crc32>367eb1ba</crc32>
    <sha1>bf38efb9a973b7f6569d1371a73702ab7250be00</sha1>
    <format>Text</format>
    <viruscheck>1638196346</viruscheck>
  </file>
  <file name="Mega Man X6 Remake.zip" source="original">
    <mtime>1638196332</mtime>
    <size>8534990</size>
    <md5>80af2c1160228e0d885c5957a9180184</md5>
    <crc32>549204bd</crc32>
    <sha1>eca6e0970c5a91f525ac67155344003902470a94</sha1>
    <format>ZIP</format>
    <viruscheck>1638196346</viruscheck>
    <filecount>13</filecount>
  </file>
  <file name="__ia_thumb.jpg" source="original">
    <mtime>1638199507</mtime>
    <size>8882</size>
    <md5>eee16686513bfdbc0b5bbd68b5a4a936</md5>
    <crc32>1b176e47</crc32>
    <sha1>6bdef38c45410fb4808cd511aa419dd7cadb0af3</sha1>
    <format>Item Tile</format>
    <rotation>0</rotation>
  </file>
  <file name="mega-man-x-6-remake-x-playthrough-720p-60fps-h-264-128kbit-aac.thumbs/Mega Man X6 Remake - X Playthrough (720p_60fps_H264-128kbit_AAC)_000001.jpg" source="derivative">
    <format>Thumbnail</format>
    <original>Mega Man X6 Remake - X Playthrough (720p_60fps_H264-128kbit_AAC).mp4</original>
    <mtime>1638197308</mtime>
    <size>3557</size>
    <md5>5b94409f44796608349d5673ceff8237</md5>
    <crc32>7c840cfc</crc32>
    <sha1>bd36478f8cc8b336fdacf84a3e10a8b42a0d3cc0</sha1>
  </file>
  <file name="mega-man-x-6-remake-x-playthrough-720p-60fps-h-264-128kbit-aac.thumbs/Mega Man X6 Remake - X Playthrough (720p_60fps_H264-128kbit_AAC)_000055.jpg" source="derivative">
    <format>Thumbnail</format>
    <original>Mega Man X6 Remake - X Playthrough (720p_60fps_H264-128kbit_AAC).mp4</original>
    <mtime>1638197327</mtime>
    <size>70245</size>
    <md5>54cde8face89e1374bb424d8813cb0ba</md5>
    <crc32>de8b50cf</crc32>
    <sha1>8bdeb590f3516064478fab1fc7453f2315441084</sha1>
  </file>
  <file name="mega-man-x-6-remake-x-playthrough-720p-60fps-h-264-128kbit-aac.thumbs/Mega Man X6 Remake - X Playthrough (720p_60fps_H264-128kbit_AAC)_000116.jpg" source="derivative">
    <format>Thumbnail</format>
    <original>Mega Man X6 Remake - X Playthrough (720p_60fps_H264-128kbit_AAC).mp4</original>
    <mtime>1638197350</mtime>
    <size>67070</size>
    <md5>8e1d9af36339a10f3febf4f408c08b56</md5>
    <crc32>5ba15540</crc32>
    <sha1>4e23c2d7113f735dbc9f3bf16f4ce327e8aaf3ff</sha1>
  </file>
  <file name="mega-man-x-6-remake-x-playthrough-720p-60fps-h-264-128kbit-aac.thumbs/Mega Man X6 Remake - X Playthrough (720p_60fps_H264-128kbit_AAC)_000177.jpg" source="derivative">
    <format>Thumbnail</format>
    <original>Mega Man X6 Remake - X Playthrough (720p_60fps_H264-128kbit_AAC).mp4</original>
    <mtime>1638197375</mtime>
    <size>58997</size>
    <md5>e6910abbba0de43bb7c35592dbffd2ee</md5>
    <crc32>fc467179</crc32>
    <sha1>771c93d68ae4bdb2b236564a354dae62cb550927</sha1>
  </file>
  <file name="mega-man-x-6-remake-x-playthrough-720p-60fps-h-264-128kbit-aac.thumbs/Mega Man X6 Remake - X Playthrough (720p_60fps_H264-128kbit_AAC)_000238.jpg" source="derivative">
    <format>Thumbnail</format>
    <original>Mega Man X6 Remake - X Playthrough (720p_60fps_H264-128kbit_AAC).mp4</original>
    <mtime>1638197395</mtime>
    <size>54465</size>
    <md5>896a8f0d4675133957a28166f120acb3</md5>
    <crc32>6ed2e8ae</crc32>
    <sha1>a44a31c40e357e33b7b922a1fee929777c13524d</sha1>
  </file>
  <file name="mega-man-x-6-remake-x-playthrough-720p-60fps-h-264-128kbit-aac.thumbs/Mega Man X6 Remake - X Playthrough (720p_60fps_H264-128kbit_AAC)_000298.jpg" source="derivative">
    <format>Thumbnail</format>
    <original>Mega Man X6 Remake - X Playthrough (720p_60fps_H264-128kbit_AAC).mp4</original>
    <mtime>1638197423</mtime>
    <size>83721</size>
    <md5>ec239d021ccaa0fd4c60f61dce114004</md5>
    <crc32>a781d17c</crc32>
    <sha1>dc51b9821229bac29dc62f4a1daa1338d963282c</sha1>
  </file>
  <file name="mega-man-x-6-remake-x-playthrough-720p-60fps-h-264-128kbit-aac.thumbs/Mega Man X6 Remake - X Playthrough (720p_60fps_H264-128kbit_AAC)_000354.jpg" source="derivative">
    <format>Thumbnail</format>
    <original>Mega Man X6 Remake - X Playthrough (720p_60fps_H264-128kbit_AAC).mp4</original>
    <mtime>1638197445</mtime>
    <size>90666</size>
    <md5>9592b5a1152e215c8647271d45fe20e8</md5>
    <crc32>176bf62d</crc32>
    <sha1>440e150ae14aae9b4f1fd09925be8e61327d426c</sha1>
  </file>
  <file name="mega-man-x-6-remake-x-playthrough-720p-60fps-h-264-128kbit-aac.thumbs/Mega Man X6 Remake - X Playthrough (720p_60fps_H264-128kbit_AAC)_000415.jpg" source="derivative">
    <format>Thumbnail</format>
    <original>Mega Man X6 Remake - X Playthrough (720p_60fps_H264-128kbit_AAC).mp4</original>
    <mtime>1638197469</mtime>
    <size>9609</size>
    <md5>7d5dac79c045866a43465111e68364c3</md5>
    <crc32>e9750546</crc32>
    <sha1>fb980797afee70ea94d5aad5781d1da050ac29f1</sha1>
  </file>
  <file name="mega-man-x-6-remake-x-playthrough-720p-60fps-h-264-128kbit-aac.thumbs/Mega Man X6 Remake - X Playthrough (720p_60fps_H264-128kbit_AAC)_000476.jpg" source="derivative">
    <format>Thumbnail</format>
    <original>Mega Man X6 Remake - X Playthrough (720p_60fps_H264-128kbit_AAC).mp4</original>
    <mtime>1638197495</mtime>
    <size>65484</size>
    <md5>710893649e1ab47c2cd604c039ec11ae</md5>
    <crc32>9f38299a</crc32>
    <sha1>ee4fe860344bfd9f4a51bbd92ed67d7deba78576</sha1>
  </file>
  <file name="mega-man-x-6-remake-x-playthrough-720p-60fps-h-264-128kbit-aac.thumbs/Mega Man X6 Remake - X Playthrough (720p_60fps_H264-128kbit_AAC)_000537.jpg" source="derivative">
    <format>Thumbnail</format>
    <original>Mega Man X6 Remake - X Playthrough (720p_60fps_H264-128kbit_AAC).mp4</original>
    <mtime>1638197523</mtime>
    <size>79004</size>
    <md5>67452f05c39635f0562719cba50c185c</md5>
    <crc32>626e514c</crc32>
    <sha1>a56a2d75ee3e0fb436239de9f8e62be9b2bc64ed</sha1>
  </file>
  <file name="mega-man-x-6-remake-x-playthrough-720p-60fps-h-264-128kbit-aac.thumbs/Mega Man X6 Remake - X Playthrough (720p_60fps_H264-128kbit_AAC)_000597.jpg" source="derivative">
    <format>Thumbnail</format>
    <original>Mega Man X6 Remake - X Playthrough (720p_60fps_H264-128kbit_AAC).mp4</original>
    <mtime>1638197538</mtime>
    <size>76560</size>
    <md5>f707f6845ff68322d50389abdf923b32</md5>
    <crc32>7b92a9d8</crc32>
    <sha1>cdb5fe7b95eae0649c979bbcb8039ee36e4b99ee</sha1>
  </file>
  <file name="mega-man-x-6-remake-x-playthrough-720p-60fps-h-264-128kbit-aac.thumbs/Mega Man X6 Remake - X Playthrough (720p_60fps_H264-128kbit_AAC)_000658.jpg" source="derivative">
    <format>Thumbnail</format>
    <original>Mega Man X6 Remake - X Playthrough (720p_60fps_H264-128kbit_AAC).mp4</original>
    <mtime>1638197553</mtime>
    <size>9624</size>
    <md5>d343c3ad22e0a3e89c00f707c36c328a</md5>
    <crc32>f0a24586</crc32>
    <sha1>76e46036faa72aa0d8caa570eee72ec4bfe9c5d3</sha1>
  </file>
  <file name="mega-man-x-6-remake-x-playthrough-720p-60fps-h-264-128kbit-aac.thumbs/Mega Man X6 Remake - X Playthrough (720p_60fps_H264-128kbit_AAC)_000714.jpg" source="derivative">
    <format>Thumbnail</format>
    <original>Mega Man X6 Remake - X Playthrough (720p_60fps_H264-128kbit_AAC).mp4</original>
    <mtime>1638197568</mtime>
    <size>45026</size>
    <md5>4f1b102a608bc68793381395f103a033</md5>
    <crc32>9a230d93</crc32>
    <sha1>81ce2ab484f011d3ef7055844c197e1ba36edf8e</sha1>
  </file>
  <file name="mega-man-x-6-remake-x-playthrough-720p-60fps-h-264-128kbit-aac.thumbs/Mega Man X6 Remake - X Playthrough (720p_60fps_H264-128kbit_AAC)_000775.jpg" source="derivative">
    <format>Thumbnail</format>
    <original>Mega Man X6 Remake - X Playthrough (720p_60fps_H264-128kbit_AAC).mp4</original>
    <mtime>1638197583</mtime>
    <size>79877</size>
    <md5>2d17905a0beaee4a3fea4cb980a69e11</md5>
    <crc32>321a9b57</crc32>
    <sha1>3f379f42bbe3253c14f93d8b8216e97749ccdb35</sha1>
  </file>
  <file name="mega-man-x-6-remake-x-playthrough-720p-60fps-h-264-128kbit-aac.thumbs/Mega Man X6 Remake - X Playthrough (720p_60fps_H264-128kbit_AAC)_000836.jpg" source="derivative">
    <format>Thumbnail</format>
    <original>Mega Man X6 Remake - X Playthrough (720p_60fps_H264-128kbit_AAC).mp4</original>
    <mtime>1638197600</mtime>
    <size>9617</size>
    <md5>89c69f17065f84b5b17a5e75a1392243</md5>
    <crc32>399b8ded</crc32>
    <sha1>5da78da79142797718e394504c1ce89f651e99ce</sha1>
  </file>
  <file name="mega-man-x-6-remake-x-playthrough-720p-60fps-h-264-128kbit-aac.thumbs/Mega Man X6 Remake - X Playthrough (720p_60fps_H264-128kbit_AAC)_000896.jpg" source="derivative">
    <format>Thumbnail</format>
    <original>Mega Man X6 Remake - X Playthrough (720p_60fps_H264-128kbit_AAC).mp4</original>
    <mtime>1638197616</mtime>
    <size>62313</size>
    <md5>2dff44830908136387a48a7474b291cf</md5>
    <crc32>bd0e390b</crc32>
    <sha1>3add9c0adb7457071cc6c4b2727050ac0163ddc5</sha1>
  </file>
  <file name="mega-man-x-6-remake-x-playthrough-720p-60fps-h-264-128kbit-aac.thumbs/Mega Man X6 Remake - X Playthrough (720p_60fps_H264-128kbit_AAC)_000957.jpg" source="derivative">
    <format>Thumbnail</format>
    <original>Mega Man X6 Remake - X Playthrough (720p_60fps_H264-128kbit_AAC).mp4</original>
    <mtime>1638197632</mtime>
    <size>59467</size>
    <md5>81a47ce5c20d68ebbdead22458b816b8</md5>
    <crc32>f82d908e</crc32>
    <sha1>77dd0debe7f8ded9096af8a39276c1cd0f16c3d6</sha1>
  </file>
  <file name="mega-man-x-6-remake-x-playthrough-720p-60fps-h-264-128kbit-aac.thumbs/Mega Man X6 Remake - X Playthrough (720p_60fps_H264-128kbit_AAC)_001018.jpg" source="derivative">
    <format>Thumbnail</format>
    <original>Mega Man X6 Remake - X Playthrough (720p_60fps_H264-128kbit_AAC).mp4</original>
    <mtime>1638197647</mtime>
    <size>62248</size>
    <md5>3a7daf4efe3b69d3691a48bbd0273e58</md5>
    <crc32>54ca198e</crc32>
    <sha1>d6b52c465723e68649872da82334848d1b7a2855</sha1>
  </file>
  <file name="mega-man-x-6-remake-x-playthrough-720p-60fps-h-264-128kbit-aac.thumbs/Mega Man X6 Remake - X Playthrough (720p_60fps_H264-128kbit_AAC)_001074.jpg" source="derivative">
    <format>Thumbnail</format>
    <original>Mega Man X6 Remake - X Playthrough (720p_60fps_H264-128kbit_AAC).mp4</original>
    <mtime>1638197660</mtime>
    <size>65801</size>
    <md5>44355f0063339697647ff85e2f6b09e2</md5>
    <crc32>9c915ab5</crc32>
    <sha1>a95cfed740b82307589fd1f87885e35dd5c2ac4b</sha1>
  </file>
  <file name="mega-man-x-6-remake-x-playthrough-720p-60fps-h-264-128kbit-aac.thumbs/Mega Man X6 Remake - X Playthrough (720p_60fps_H264-128kbit_AAC)_001134.jpg" source="derivative">
    <format>Thumbnail</format>
    <original>Mega Man X6 Remake - X Playthrough (720p_60fps_H264-128kbit_AAC).mp4</original>
    <mtime>1638197677</mtime>
    <size>54388</size>
    <md5>49c7cddc80029b6cb988218fba3e36d0</md5>
    <crc32>cf123735</crc32>
    <sha1>e7e522590675de372a2964594deafe3d4ca22266</sha1>
  </file>
  <file name="mega-man-x-6-remake-x-playthrough-720p-60fps-h-264-128kbit-aac.thumbs/Mega Man X6 Remake - X Playthrough (720p_60fps_H264-128kbit_AAC)_001195.jpg" source="derivative">
    <format>Thumbnail</format>
    <original>Mega Man X6 Remake - X Playthrough (720p_60fps_H264-128kbit_AAC).mp4</original>
    <mtime>1638197694</mtime>
    <size>21677</size>
    <md5>b2a045e9fcdc89d3c4b9e4376a9c7e2b</md5>
    <crc32>643dcc32</crc32>
    <sha1>e3f89d222333d66d460870aaf1db3f1e32ccb27c</sha1>
  </file>
  <file name="mega-man-x-6-remake-x-playthrough-720p-60fps-h-264-128kbit-aac.thumbs/Mega Man X6 Remake - X Playthrough (720p_60fps_H264-128kbit_AAC)_001256.jpg" source="derivative">
    <format>Thumbnail</format>
    <original>Mega Man X6 Remake - X Playthrough (720p_60fps_H264-128kbit_AAC).mp4</original>
    <mtime>1638197710</mtime>
    <size>77059</size>
    <md5>ee0fcf8810e1442278d82a1211c1692d</md5>
    <crc32>2393156b</crc32>
    <sha1>55cad69b3c37aece739213881714a4423c456d4c</sha1>
  </file>
  <file name="mega-man-x-6-remake-x-playthrough-720p-60fps-h-264-128kbit-aac.thumbs/Mega Man X6 Remake - X Playthrough (720p_60fps_H264-128kbit_AAC)_001317.jpg" source="derivative">
    <format>Thumbnail</format>
    <original>Mega Man X6 Remake - X Playthrough (720p_60fps_H264-128kbit_AAC).mp4</original>
    <mtime>1638197727</mtime>
    <size>45588</size>
    <md5>e7f90455b96c861affe829dd22b904e5</md5>
    <crc32>2eb0952a</crc32>
    <sha1>aecae0356724e1ab59b1938ff7421ba180c46929</sha1>
  </file>
  <file name="mega-man-x-6-remake-x-playthrough-720p-60fps-h-264-128kbit-aac.thumbs/Mega Man X6 Remake - X Playthrough (720p_60fps_H264-128kbit_AAC)_001378.jpg" source="derivative">
    <format>Thumbnail</format>
    <original>Mega Man X6 Remake - X Playthrough (720p_60fps_H264-128kbit_AAC).mp4</original>
    <mtime>1638197742</mtime>
    <size>52339</size>
    <md5>0902eee43fa45ac94bd6de59bf370c2a</md5>
    <crc32>575703fa</crc32>
    <sha1>ae658ed13b77a39169da99785d1c1cc80b8df7e2</sha1>
  </file>
  <file name="mega-man-x-6-remake-x-playthrough-720p-60fps-h-264-128kbit-aac.thumbs/Mega Man X6 Remake - X Playthrough (720p_60fps_H264-128kbit_AAC)_001438.jpg" source="derivative">
    <format>Thumbnail</format>
    <original>Mega Man X6 Remake - X Playthrough (720p_60fps_H264-128kbit_AAC).mp4</original>
    <mtime>1638197757</mtime>
    <size>78692</size>
    <md5>604c3beec1cce2b3d6a88e3acc89428c</md5>
    <crc32>ac3a9ae9</crc32>
    <sha1>08a000e645969f2a41e72ac85cb12b29bf167522</sha1>
  </file>
  <file name="mega-man-x-6-remake-x-playthrough-720p-60fps-h-264-128kbit-aac.thumbs/Mega Man X6 Remake - X Playthrough (720p_60fps_H264-128kbit_AAC)_001494.jpg" source="derivative">
    <format>Thumbnail</format>
    <original>Mega Man X6 Remake - X Playthrough (720p_60fps_H264-128kbit_AAC).mp4</original>
    <mtime>1638197772</mtime>
    <size>87619</size>
    <md5>706806f1ffd61a1332ba7f70359f4311</md5>
    <crc32>0d9cbc7f</crc32>
    <sha1>286f53d27b6efe971df3919c51e8c7df12edad2c</sha1>
  </file>
  <file name="mega-man-x-6-remake-x-playthrough-720p-60fps-h-264-128kbit-aac.thumbs/Mega Man X6 Remake - X Playthrough (720p_60fps_H264-128kbit_AAC)_001555.jpg" source="derivative">
    <format>Thumbnail</format>
    <original>Mega Man X6 Remake - X Playthrough (720p_60fps_H264-128kbit_AAC).mp4</original>
    <mtime>1638197787</mtime>
    <size>80659</size>
    <md5>3831d6e59beff6bdb4b95b3943074413</md5>
    <crc32>e96a9b0a</crc32>
    <sha1>7937415354594259ade8a3c6906bec17b80e2f1d</sha1>
  </file>
  <file name="mega-man-x-6-remake-x-playthrough-720p-60fps-h-264-128kbit-aac.thumbs/Mega Man X6 Remake - X Playthrough (720p_60fps_H264-128kbit_AAC)_001616.jpg" source="derivative">
    <format>Thumbnail</format>
    <original>Mega Man X6 Remake - X Playthrough (720p_60fps_H264-128kbit_AAC).mp4</original>
    <mtime>1638197803</mtime>
    <size>91308</size>
    <md5>9a35e0a38f9b13989062fb1293a60089</md5>
    <crc32>598c6c14</crc32>
    <sha1>969a631ccc2b9aecaf4019b0ab5749e29ecb59de</sha1>
  </file>
  <file name="mega-man-x-6-remake-x-playthrough-720p-60fps-h-264-128kbit-aac.thumbs/Mega Man X6 Remake - X Playthrough (720p_60fps_H264-128kbit_AAC)_001677.jpg" source="derivative">
    <format>Thumbnail</format>
    <original>Mega Man X6 Remake - X Playthrough (720p_60fps_H264-128kbit_AAC).mp4</original>
    <mtime>1638197819</mtime>
    <size>77705</size>
    <md5>70f9976c16b25ec30bb7552b5ef00dd6</md5>
    <crc32>0996c77c</crc32>
    <sha1>9e5f3fa3fa40f552a45389ca5970ea2b8781ba64</sha1>
  </file>
  <file name="mega-man-x-6-remake-x-playthrough-720p-60fps-h-264-128kbit-aac.thumbs/Mega Man X6 Remake - X Playthrough (720p_60fps_H264-128kbit_AAC)_001737.jpg" source="derivative">
    <format>Thumbnail</format>
    <original>Mega Man X6 Remake - X Playthrough (720p_60fps_H264-128kbit_AAC).mp4</original>
    <mtime>1638197833</mtime>
    <size>51301</size>
    <md5>739c1db5013a5d846cee20be82bf7ee0</md5>
    <crc32>2c21ce4b</crc32>
    <sha1>d1e73f5fc89f2326aa24b22f881a3eb4e7a9e9db</sha1>
  </file>
  <file name="mega-man-x-6-remake-x-playthrough-720p-60fps-h-264-128kbit-aac.thumbs/Mega Man X6 Remake - X Playthrough (720p_60fps_H264-128kbit_AAC)_001798.jpg" source="derivative">
    <format>Thumbnail</format>
    <original>Mega Man X6 Remake - X Playthrough (720p_60fps_H264-128kbit_AAC).mp4</original>
    <mtime>1638197848</mtime>
    <size>78667</size>
    <md5>685c537fb105749134769b1e724cf8d0</md5>
    <crc32>838a7fde</crc32>
    <sha1>ff33e2ed518d33c21c4605538e313599d2ab660c</sha1>
  </file>
  <file name="mega-man-x-6-remake-x-playthrough-720p-60fps-h-264-128kbit-aac.thumbs/Mega Man X6 Remake - X Playthrough (720p_60fps_H264-128kbit_AAC)_001854.jpg" source="derivative">
    <format>Thumbnail</format>
    <original>Mega Man X6 Remake - X Playthrough (720p_60fps_H264-128kbit_AAC).mp4</original>
    <mtime>1638197862</mtime>
    <size>9648</size>
    <md5>fff9979e8d643ab0b9098c9acb42c0a7</md5>
    <crc32>a52e44de</crc32>
    <sha1>fd2b2d55d303fa7418a08386cda6e0085ce243d1</sha1>
  </file>
  <file name="mega-man-x-6-remake-x-playthrough-720p-60fps-h-264-128kbit-aac.thumbs/Mega Man X6 Remake - X Playthrough (720p_60fps_H264-128kbit_AAC)_001915.jpg" source="derivative">
    <format>Thumbnail</format>
    <original>Mega Man X6 Remake - X Playthrough (720p_60fps_H264-128kbit_AAC).mp4</original>
    <mtime>1638197877</mtime>
    <size>79344</size>
    <md5>759b9984a37e3bf8c99188e414956268</md5>
    <crc32>718f90f1</crc32>
    <sha1>95528936063cd0cff64879e7a17ba81c64a714ec</sha1>
  </file>
  <file name="mega-man-x-6-remake-x-playthrough-720p-60fps-h-264-128kbit-aac.thumbs/Mega Man X6 Remake - X Playthrough (720p_60fps_H264-128kbit_AAC)_001976.jpg" source="derivative">
    <format>Thumbnail</format>
    <original>Mega Man X6 Remake - X Playthrough (720p_60fps_H264-128kbit_AAC).mp4</original>
    <mtime>1638197892</mtime>
    <size>67891</size>
    <md5>4ed44e66a7ab2dbbb9524d8c089b32ee</md5>
    <crc32>467f8587</crc32>
    <sha1>b40d55d19b0b0591de62763ee40be2f3a095f8fe</sha1>
  </file>
  <file name="mega-man-x-6-remake-x-playthrough-720p-60fps-h-264-128kbit-aac.thumbs/Mega Man X6 Remake - X Playthrough (720p_60fps_H264-128kbit_AAC)_002036.jpg" source="derivative">
    <format>Thumbnail</format>
    <original>Mega Man X6 Remake - X Playthrough (720p_60fps_H264-128kbit_AAC).mp4</original>
    <mtime>1638197910</mtime>
    <size>81815</size>
    <md5>2bc0c31108f1c5b3f0fddbf2727876c7</md5>
    <crc32>8329d07d</crc32>
    <sha1>ee49d772560d7a00876edb3cabf3c7b4554001ae</sha1>
  </file>
  <file name="mega-man-x-6-remake-x-playthrough-720p-60fps-h-264-128kbit-aac.thumbs/Mega Man X6 Remake - X Playthrough (720p_60fps_H264-128kbit_AAC)_002097.jpg" source="derivative">
    <format>Thumbnail</format>
    <original>Mega Man X6 Remake - X Playthrough (720p_60fps_H264-128kbit_AAC).mp4</original>
    <mtime>1638197930</mtime>
    <size>48049</size>
    <md5>c363447b033802f92f56f76cfe6d1276</md5>
    <crc32>e90ee3f2</crc32>
    <sha1>eba89635ac9d230da9ded25b8f86eed9ed0dc7f5</sha1>
  </file>
  <file name="mega-man-x-6-remake-x-playthrough-720p-60fps-h-264-128kbit-aac.thumbs/Mega Man X6 Remake - X Playthrough (720p_60fps_H264-128kbit_AAC)_002158.jpg" source="derivative">
    <format>Thumbnail</format>
    <original>Mega Man X6 Remake - X Playthrough (720p_60fps_H264-128kbit_AAC).mp4</original>
    <mtime>1638197946</mtime>
    <size>64840</size>
    <md5>7a05f797538499d2fe13987c9e9d0067</md5>
    <crc32>243d5a78</crc32>
    <sha1>5ab3cd678b965eb929a5299d104811e0ef3f2c23</sha1>
  </file>
  <file name="mega-man-x-6-remake-x-playthrough-720p-60fps-h-264-128kbit-aac.thumbs/Mega Man X6 Remake - X Playthrough (720p_60fps_H264-128kbit_AAC)_002214.jpg" source="derivative">
    <format>Thumbnail</format>
    <original>Mega Man X6 Remake - X Playthrough (720p_60fps_H264-128kbit_AAC).mp4</original>
    <mtime>1638197960</mtime>
    <size>60664</size>
    <md5>58ce826ef88575e0296038a69bf2610c</md5>
    <crc32>7a28c120</crc32>
    <sha1>4f483f44948c16d0e8721242767c45038b8e1b56</sha1>
  </file>
  <file name="mega-man-x-6-remake-x-playthrough-720p-60fps-h-264-128kbit-aac.thumbs/Mega Man X6 Remake - X Playthrough (720p_60fps_H264-128kbit_AAC)_002274.jpg" source="derivative">
    <format>Thumbnail</format>
    <original>Mega Man X6 Remake - X Playthrough (720p_60fps_H264-128kbit_AAC).mp4</original>
    <mtime>1638197975</mtime>
    <size>77516</size>
    <md5>58abc677f498465ca49a1c34e5f5e38c</md5>
    <crc32>63b372d4</crc32>
    <sha1>06eb3ffdfcb1f5611ab5e5920dff3403065e1657</sha1>
  </file>
  <file name="mega-man-x-6-remake-x-playthrough-720p-60fps-h-264-128kbit-aac.thumbs/Mega Man X6 Remake - X Playthrough (720p_60fps_H264-128kbit_AAC)_002335.jpg" source="derivative">
    <format>Thumbnail</format>
    <original>Mega Man X6 Remake - X Playthrough (720p_60fps_H264-128kbit_AAC).mp4</original>
    <mtime>1638197991</mtime>
    <size>90287</size>
    <md5>3f4ee8ef3ec74b0d46e2dcd08327ccd8</md5>
    <crc32>2db592e0</crc32>
    <sha1>4a8815aa3e4d0e84c7b0d8b546843738a8bb4e31</sha1>
  </file>
  <file name="mega-man-x-6-remake-x-playthrough-720p-60fps-h-264-128kbit-aac.thumbs/Mega Man X6 Remake - X Playthrough (720p_60fps_H264-128kbit_AAC)_002396.jpg" source="derivative">
    <format>Thumbnail</format>
    <original>Mega Man X6 Remake - X Playthrough (720p_60fps_H264-128kbit_AAC).mp4</original>
    <mtime>1638198009</mtime>
    <size>75498</size>
    <md5>2ee03d968f7d60deffe4207b9fddbe2e</md5>
    <crc32>16d5cc73</crc32>
    <sha1>e8c39f951b51aea39c848243a775509b7a583e8d</sha1>
  </file>
  <file name="mega-man-x-6-remake-x-playthrough-720p-60fps-h-264-128kbit-aac.thumbs/Mega Man X6 Remake - X Playthrough (720p_60fps_H264-128kbit_AAC)_002457.jpg" source="derivative">
    <format>Thumbnail</format>
    <original>Mega Man X6 Remake - X Playthrough (720p_60fps_H264-128kbit_AAC).mp4</original>
    <mtime>1638198025</mtime>
    <size>68948</size>
    <md5>f488f3fb41917fae93ce959090e92038</md5>
    <crc32>0b0ffd90</crc32>
    <sha1>538e142876dcedd91a56df8a79beb211d7f00da2</sha1>
  </file>
  <file name="mega-man-x-6-remake-x-playthrough-720p-60fps-h-264-128kbit-aac.thumbs/Mega Man X6 Remake - X Playthrough (720p_60fps_H264-128kbit_AAC)_002518.jpg" source="derivative">
    <format>Thumbnail</format>
    <original>Mega Man X6 Remake - X Playthrough (720p_60fps_H264-128kbit_AAC).mp4</original>
    <mtime>1638198039</mtime>
    <size>79258</size>
    <md5>f2d4ec931223155ffb0918bdeabd2d48</md5>
    <crc32>f3bf39f9</crc32>
    <sha1>95570b55ce2ca42246ace026449e58768c33b18b</sha1>
  </file>
  <file name="mega-man-x-6-remake-x-playthrough-720p-60fps-h-264-128kbit-aac.thumbs/Mega Man X6 Remake - X Playthrough (720p_60fps_H264-128kbit_AAC)_002578.jpg" source="derivative">
    <format>Thumbnail</format>
    <original>Mega Man X6 Remake - X Playthrough (720p_60fps_H264-128kbit_AAC).mp4</original>
    <mtime>1638198054</mtime>
    <size>71015</size>
    <md5>469b7a60c3c32ab982e48ca4bdec263a</md5>
    <crc32>df8e817d</crc32>
    <sha1>55809411deb87bdc0d1575f5997bccfd33e97b32</sha1>
  </file>
  <file name="mega-man-x-6-remake-x-playthrough-720p-60fps-h-264-128kbit-aac.thumbs/Mega Man X6 Remake - X Playthrough (720p_60fps_H264-128kbit_AAC)_002634.jpg" source="derivative">
    <format>Thumbnail</format>
    <original>Mega Man X6 Remake - X Playthrough (720p_60fps_H264-128kbit_AAC).mp4</original>
    <mtime>1638198068</mtime>
    <size>67922</size>
    <md5>992958e74003b4269fe2b911993cbc48</md5>
    <crc32>e588050e</crc32>
    <sha1>5a7a5c8705f7fdb54e5894c16d744efa53646d18</sha1>
  </file>
  <file name="mega-man-x-6-remake-x-playthrough-720p-60fps-h-264-128kbit-aac.thumbs/Mega Man X6 Remake - X Playthrough (720p_60fps_H264-128kbit_AAC)_002695.jpg" source="derivative">
    <format>Thumbnail</format>
    <original>Mega Man X6 Remake - X Playthrough (720p_60fps_H264-128kbit_AAC).mp4</original>
    <mtime>1638198082</mtime>
    <size>5952</size>
    <md5>e67d5585d0f4a92abf916537de58e6a8</md5>
    <crc32>51a53af4</crc32>
    <sha1>c0d7cb5b7527441b125f23b160b6b532612185ce</sha1>
  </file>
  <file name="mega-man-x-6-remake-x-playthrough-720p-60fps-h-264-128kbit-aac.thumbs/Mega Man X6 Remake - X Playthrough (720p_60fps_H264-128kbit_AAC)_002756.jpg" source="derivative">
    <format>Thumbnail</format>
    <original>Mega Man X6 Remake - X Playthrough (720p_60fps_H264-128kbit_AAC).mp4</original>
    <mtime>1638198099</mtime>
    <size>100862</size>
    <md5>77b81d08ab874361c261cfdd9dd6063c</md5>
    <crc32>2b51c71d</crc32>
    <sha1>6a5afffe991973b7d78627b02f4942d16c807f70</sha1>
  </file>
  <file name="mega-man-x-6-remake-x-playthrough-720p-60fps-h-264-128kbit-aac.thumbs/Mega Man X6 Remake - X Playthrough (720p_60fps_H264-128kbit_AAC)_002817.jpg" source="derivative">
    <format>Thumbnail</format>
    <original>Mega Man X6 Remake - X Playthrough (720p_60fps_H264-128kbit_AAC).mp4</original>
    <mtime>1638198113</mtime>
    <size>77492</size>
    <md5>8584e08b15a24e5ba4bdfe183ec9644e</md5>
    <crc32>6aeddcfb</crc32>
    <sha1>97bf1d9ceff4d3768c14beaeaa5554990c90ac3a</sha1>
  </file>
  <file name="mega-man-x-6-remake-x-playthrough-720p-60fps-h-264-128kbit-aac.thumbs/Mega Man X6 Remake - X Playthrough (720p_60fps_H264-128kbit_AAC)_002877.jpg" source="derivative">
    <format>Thumbnail</format>
    <original>Mega Man X6 Remake - X Playthrough (720p_60fps_H264-128kbit_AAC).mp4</original>
    <mtime>1638198132</mtime>
    <size>88441</size>
    <md5>ad1b115697f348cd082dce02f224f17c</md5>
    <crc32>ab944509</crc32>
    <sha1>cb63ee0d2752d687b3c29f1cc9f2e8d90665490a</sha1>
  </file>
  <file name="mega-man-x-6-remake-x-playthrough-720p-60fps-h-264-128kbit-aac.thumbs/Mega Man X6 Remake - X Playthrough (720p_60fps_H264-128kbit_AAC)_002938.jpg" source="derivative">
    <format>Thumbnail</format>
    <original>Mega Man X6 Remake - X Playthrough (720p_60fps_H264-128kbit_AAC).mp4</original>
    <mtime>1638198149</mtime>
    <size>9630</size>
    <md5>269f6e40b2e03ff716f4093914132550</md5>
    <crc32>044a5bd3</crc32>
    <sha1>296ddd2c71b0baeb7eb7a371b82c27b145fa7fff</sha1>
  </file>
  <file name="mega-man-x-6-remake-x-playthrough-720p-60fps-h-264-128kbit-aac.thumbs/Mega Man X6 Remake - X Playthrough (720p_60fps_H264-128kbit_AAC)_002994.jpg" source="derivative">
    <format>Thumbnail</format>
    <original>Mega Man X6 Remake - X Playthrough (720p_60fps_H264-128kbit_AAC).mp4</original>
    <mtime>1638198166</mtime>
    <size>118238</size>
    <md5>2748dd982f68435d0774580247b0be00</md5>
    <crc32>773aecf5</crc32>
    <sha1>fbecd365c72f7c4f8cb97c168df5aa0bc32411c0</sha1>
  </file>
  <file name="mega-man-x-6-remake-x-playthrough-720p-60fps-h-264-128kbit-aac.thumbs/Mega Man X6 Remake - X Playthrough (720p_60fps_H264-128kbit_AAC)_003055.jpg" source="derivative">
    <format>Thumbnail</format>
    <original>Mega Man X6 Remake - X Playthrough (720p_60fps_H264-128kbit_AAC).mp4</original>
    <mtime>1638198185</mtime>
    <size>112567</size>
    <md5>49a906975dfd15390727bdd39ff18be3</md5>
    <crc32>bfba730a</crc32>
    <sha1>51eccb2703101b887a2fd31549314342f6658c98</sha1>
  </file>
  <file name="mega-man-x-6-remake-x-playthrough-720p-60fps-h-264-128kbit-aac.thumbs/Mega Man X6 Remake - X Playthrough (720p_60fps_H264-128kbit_AAC)_003116.jpg" source="derivative">
    <format>Thumbnail</format>
    <original>Mega Man X6 Remake - X Playthrough (720p_60fps_H264-128kbit_AAC).mp4</original>
    <mtime>1638198205</mtime>
    <size>106272</size>
    <md5>02c53799eb1686e96ad28aad272b6e71</md5>
    <crc32>20c2683c</crc32>
    <sha1>03a23eaca36667fd6d01bcef9a01784280f5d2bc</sha1>
  </file>
  <file name="mega-man-x-6-remake-x-playthrough-720p-60fps-h-264-128kbit-aac.thumbs/Mega Man X6 Remake - X Playthrough (720p_60fps_H264-128kbit_AAC)_003176.jpg" source="derivative">
    <format>Thumbnail</format>
    <original>Mega Man X6 Remake - X Playthrough (720p_60fps_H264-128kbit_AAC).mp4</original>
    <mtime>1638198226</mtime>
    <size>98012</size>
    <md5>d7521e5e6b33776befef075cc7561d47</md5>
    <crc32>613665a8</crc32>
    <sha1>43fe71780dc09ed95b20cc1a09d0d50d00b30f3e</sha1>
  </file>
  <file name="mega-man-x-6-remake-x-playthrough-720p-60fps-h-264-128kbit-aac.thumbs/Mega Man X6 Remake - X Playthrough (720p_60fps_H264-128kbit_AAC)_003237.jpg" source="derivative">
    <format>Thumbnail</format>
    <original>Mega Man X6 Remake - X Playthrough (720p_60fps_H264-128kbit_AAC).mp4</original>
    <mtime>1638198247</mtime>
    <size>96550</size>
    <md5>7247f014df78cd0c996d2b3bf5411dd9</md5>
    <crc32>ddf7fe68</crc32>
    <sha1>c8f0c0e9d1ee61bac5cd6041c0cb9e45233d8b75</sha1>
  </file>
  <file name="mega-man-x-6-remake-x-playthrough-720p-60fps-h-264-128kbit-aac.thumbs/Mega Man X6 Remake - X Playthrough (720p_60fps_H264-128kbit_AAC)_003298.jpg" source="derivative">
    <format>Thumbnail</format>
    <original>Mega Man X6 Remake - X Playthrough (720p_60fps_H264-128kbit_AAC).mp4</original>
    <mtime>1638198265</mtime>
    <size>110682</size>
    <md5>15f57bd2c66b408753e35eee7672a2dd</md5>
    <crc32>0093fb14</crc32>
    <sha1>ca397df0de2466a65aaf223cdb3282963e89a8bc</sha1>
  </file>
  <file name="mega-man-x-6-remake-x-playthrough-720p-60fps-h-264-128kbit-aac.thumbs/Mega Man X6 Remake - X Playthrough (720p_60fps_H264-128kbit_AAC)_003354.jpg" source="derivative">
    <format>Thumbnail</format>
    <original>Mega Man X6 Remake - X Playthrough (720p_60fps_H264-128kbit_AAC).mp4</original>
    <mtime>1638198282</mtime>
    <size>107901</size>
    <md5>1648d43a9ebb11d91fa6d8cce06a094e</md5>
    <crc32>08bd9ea5</crc32>
    <sha1>e377a49a8352242236bd43c15e63c136bc1c88d0</sha1>
  </file>
  <file name="mega-man-x-6-remake-x-playthrough-720p-60fps-h-264-128kbit-aac.thumbs/Mega Man X6 Remake - X Playthrough (720p_60fps_H264-128kbit_AAC)_003414.jpg" source="derivative">
    <format>Thumbnail</format>
    <original>Mega Man X6 Remake - X Playthrough (720p_60fps_H264-128kbit_AAC).mp4</original>
    <mtime>1638198301</mtime>
    <size>96750</size>
    <md5>33445c60b48b2bbd1190e325e1d8783a</md5>
    <crc32>a6b2e2af</crc32>
    <sha1>69e0e06fb1074604866d93fda66af796dfae136f</sha1>
  </file>
  <file name="mega-man-x-6-remake-x-playthrough-720p-60fps-h-264-128kbit-aac.thumbs/Mega Man X6 Remake - X Playthrough (720p_60fps_H264-128kbit_AAC)_003475.jpg" source="derivative">
    <format>Thumbnail</format>
    <original>Mega Man X6 Remake - X Playthrough (720p_60fps_H264-128kbit_AAC).mp4</original>
    <mtime>1638198321</mtime>
    <size>116492</size>
    <md5>fac6836cdd4a8f330783b30a567a79e1</md5>
    <crc32>edeafb45</crc32>
    <sha1>a4b73a761be186b751ed4675395ae33b675c5ea7</sha1>
  </file>
  <file name="mega-man-x-6-remake-x-playthrough-720p-60fps-h-264-128kbit-aac.thumbs/Mega Man X6 Remake - X Playthrough (720p_60fps_H264-128kbit_AAC)_003536.jpg" source="derivative">
    <format>Thumbnail</format>
    <original>Mega Man X6 Remake - X Playthrough (720p_60fps_H264-128kbit_AAC).mp4</original>
    <mtime>1638198340</mtime>
    <size>110168</size>
    <md5>0b68ed4c5a91b7a20f9bceb318725548</md5>
    <crc32>5e91f6db</crc32>
    <sha1>4ec195419297217358ea5c9911a3680a938065ec</sha1>
  </file>
  <file name="mega-man-x-6-remake-x-playthrough-720p-60fps-h-264-128kbit-aac.thumbs/Mega Man X6 Remake - X Playthrough (720p_60fps_H264-128kbit_AAC)_003597.jpg" source="derivative">
    <format>Thumbnail</format>
    <original>Mega Man X6 Remake - X Playthrough (720p_60fps_H264-128kbit_AAC).mp4</original>
    <mtime>1638198357</mtime>
    <size>108929</size>
    <md5>531371a4d9f1b23b10d447850fcdcb0d</md5>
    <crc32>067f909b</crc32>
    <sha1>d6a6bb6c2e145e7304f3f14c7e73c18b06fb3e02</sha1>
  </file>
  <file name="mega-man-x-6-remake-x-playthrough-720p-60fps-h-264-128kbit-aac.thumbs/Mega Man X6 Remake - X Playthrough (720p_60fps_H264-128kbit_AAC)_003658.jpg" source="derivative">
    <format>Thumbnail</format>
    <original>Mega Man X6 Remake - X Playthrough (720p_60fps_H264-128kbit_AAC).mp4</original>
    <mtime>1638198375</mtime>
    <size>70976</size>
    <md5>f00977c6bfc500cc637e7c3904b0aeb5</md5>
    <crc32>8903ba75</crc32>
    <sha1>ce0b7212af53d085037435048bb8b7cc3e462b01</sha1>
  </file>
  <file name="mega-man-x-6-remake-x-playthrough-720p-60fps-h-264-128kbit-aac.thumbs/Mega Man X6 Remake - X Playthrough (720p_60fps_H264-128kbit_AAC)_003718.jpg" source="derivative">
    <format>Thumbnail</format>
    <original>Mega Man X6 Remake - X Playthrough (720p_60fps_H264-128kbit_AAC).mp4</original>
    <mtime>1638198394</mtime>
    <size>78332</size>
    <md5>8ba36842a999142ff369ad16e346afd5</md5>
    <crc32>2aca0962</crc32>
    <sha1>7ff3e37b0d3236ff46ecb13f6e7c2beea04451ec</sha1>
  </file>
  <file name="mega-man-x-6-remake-x-playthrough-720p-60fps-h-264-128kbit-aac.thumbs/Mega Man X6 Remake - X Playthrough (720p_60fps_H264-128kbit_AAC)_003774.jpg" source="derivative">
    <format>Thumbnail</format>
    <original>Mega Man X6 Remake - X Playthrough (720p_60fps_H264-128kbit_AAC).mp4</original>
    <mtime>1638198409</mtime>
    <size>83488</size>
    <md5>5faa7cd8fbf38e79d567add16dcaba4d</md5>
    <crc32>dfc36114</crc32>
    <sha1>f66bb745dd8435f5a9e3018c5ab807e2ebfc5092</sha1>
  </file>
  <file name="mega-man-x-6-remake-x-playthrough-720p-60fps-h-264-128kbit-aac.thumbs/Mega Man X6 Remake - X Playthrough (720p_60fps_H264-128kbit_AAC)_003835.jpg" source="derivative">
    <format>Thumbnail</format>
    <original>Mega Man X6 Remake - X Playthrough (720p_60fps_H264-128kbit_AAC).mp4</original>
    <mtime>1638198426</mtime>
    <size>2563</size>
    <md5>fdca36f3e8208ef614251fa65a61317b</md5>
    <crc32>1ffd5a6f</crc32>
    <sha1>9e006673b8752010db3dbfdded4494461655424f</sha1>
  </file>
  <file name="mega-man-x-6-remake-x-playthrough-720p-60fps-h-264-128kbit-aac.thumbs/Mega Man X6 Remake - X Playthrough (720p_60fps_H264-128kbit_AAC)_003896.jpg" source="derivative">
    <format>Thumbnail</format>
    <original>Mega Man X6 Remake - X Playthrough (720p_60fps_H264-128kbit_AAC).mp4</original>
    <mtime>1638198444</mtime>
    <size>84028</size>
    <md5>45c1d27c19277960f424fdc14e6815fc</md5>
    <crc32>13b2cbbc</crc32>
    <sha1>5d0fc7c5176864ecbee233f90feaad6bd38b0ae4</sha1>
  </file>
  <file name="mega-man-x-6-remake-x-playthrough-720p-60fps-h-264-128kbit-aac.thumbs/Mega Man X6 Remake - X Playthrough (720p_60fps_H264-128kbit_AAC)_003957.jpg" source="derivative">
    <format>Thumbnail</format>
    <original>Mega Man X6 Remake - X Playthrough (720p_60fps_H264-128kbit_AAC).mp4</original>
    <mtime>1638198462</mtime>
    <size>78406</size>
    <md5>167a9067ef7fb0de2453e293fa2956eb</md5>
    <crc32>eff8a77c</crc32>
    <sha1>fd2d1cac4ebb223c175c2048587c76f9bdc4d9b2</sha1>
  </file>
  <file name="mega-man-x-6-remake-x-playthrough-720p-60fps-h-264-128kbit-aac.thumbs/Mega Man X6 Remake - X Playthrough (720p_60fps_H264-128kbit_AAC)_004017.jpg" source="derivative">
    <format>Thumbnail</format>
    <original>Mega Man X6 Remake - X Playthrough (720p_60fps_H264-128kbit_AAC).mp4</original>
    <mtime>1638198484</mtime>
    <size>82058</size>
    <md5>d3b2372c11f350b5b36d327dd1cfe9b2</md5>
    <crc32>d6670903</crc32>
    <sha1>93e7c9a8311800cd474e9712fd329fa854a4b780</sha1>
  </file>
  <file name="mega-man-x-6-remake-x-playthrough-720p-60fps-h-264-128kbit-aac.thumbs/Mega Man X6 Remake - X Playthrough (720p_60fps_H264-128kbit_AAC)_004078.jpg" source="derivative">
    <format>Thumbnail</format>
    <original>Mega Man X6 Remake - X Playthrough (720p_60fps_H264-128kbit_AAC).mp4</original>
    <mtime>1638198506</mtime>
    <size>83183</size>
    <md5>186da8fef952a397e460326288e74fbc</md5>
    <crc32>70194a8b</crc32>
    <sha1>11815adb7ed4e73d7a9b6eb00aafa3a8823a8d05</sha1>
  </file>
  <file name="mega-man-x-6-remake-x-playthrough-720p-60fps-h-264-128kbit-aac.thumbs/Mega Man X6 Remake - X Playthrough (720p_60fps_H264-128kbit_AAC)_004134.jpg" source="derivative">
    <format>Thumbnail</format>
    <original>Mega Man X6 Remake - X Playthrough (720p_60fps_H264-128kbit_AAC).mp4</original>
    <mtime>1638198527</mtime>
    <size>77254</size>
    <md5>cb3d80087191c5ab52ef21e402a5cba4</md5>
    <crc32>0c450ed1</crc32>
    <sha1>abddee3b591850e1c799aa29c373681d8323b102</sha1>
  </file>
  <file name="mega-man-x-6-remake-x-playthrough-720p-60fps-h-264-128kbit-aac.thumbs/Mega Man X6 Remake - X Playthrough (720p_60fps_H264-128kbit_AAC)_004195.jpg" source="derivative">
    <format>Thumbnail</format>
    <original>Mega Man X6 Remake - X Playthrough (720p_60fps_H264-128kbit_AAC).mp4</original>
    <mtime>1638198551</mtime>
    <size>76076</size>
    <md5>977be109efc692697ae9f83077e52d1e</md5>
    <crc32>ba52110f</crc32>
    <sha1>9c7848bc84519eb87c69333337b48881dae35ff5</sha1>
  </file>
  <file name="mega-man-x-6-remake-x-playthrough-720p-60fps-h-264-128kbit-aac.thumbs/Mega Man X6 Remake - X Playthrough (720p_60fps_H264-128kbit_AAC)_004256.jpg" source="derivative">
    <format>Thumbnail</format>
    <original>Mega Man X6 Remake - X Playthrough (720p_60fps_H264-128kbit_AAC).mp4</original>
    <mtime>1638198572</mtime>
    <size>78539</size>
    <md5>2d661ca76b4fa9be7c01ef3f14ea75e7</md5>
    <crc32>4e60db49</crc32>
    <sha1>39ab9b3595926a4204d41300aace3f18331203da</sha1>
  </file>
  <file name="mega-man-x-6-remake-x-playthrough-720p-60fps-h-264-128kbit-aac.thumbs/Mega Man X6 Remake - X Playthrough (720p_60fps_H264-128kbit_AAC)_004316.jpg" source="derivative">
    <format>Thumbnail</format>
    <original>Mega Man X6 Remake - X Playthrough (720p_60fps_H264-128kbit_AAC).mp4</original>
    <mtime>1638198595</mtime>
    <size>83940</size>
    <md5>6f3b5fed9f239f01f2f2019a1b741c80</md5>
    <crc32>f628fe6c</crc32>
    <sha1>d87ec00fb7d4bc1b1f92272801ce452def02cae7</sha1>
  </file>
  <file name="mega-man-x-6-remake-x-playthrough-720p-60fps-h-264-128kbit-aac.thumbs/Mega Man X6 Remake - X Playthrough (720p_60fps_H264-128kbit_AAC)_004377.jpg" source="derivative">
    <format>Thumbnail</format>
    <original>Mega Man X6 Remake - X Playthrough (720p_60fps_H264-128kbit_AAC).mp4</original>
    <mtime>1638198612</mtime>
    <size>89013</size>
    <md5>cefe162ced650a8aee0c2641a64f026a</md5>
    <crc32>65e2cbac</crc32>
    <sha1>1c0f5ec8337980ce2267456c0a022a0f23f527ad</sha1>
  </file>
  <file name="mega-man-x-6-remake-x-playthrough-720p-60fps-h-264-128kbit-aac.thumbs/Mega Man X6 Remake - X Playthrough (720p_60fps_H264-128kbit_AAC)_004438.jpg" source="derivative">
    <format>Thumbnail</format>
    <original>Mega Man X6 Remake - X Playthrough (720p_60fps_H264-128kbit_AAC).mp4</original>
    <mtime>1638198630</mtime>
    <size>8935</size>
    <md5>67d8405c1b4a2df6d489084fde2ce822</md5>
    <crc32>dd784c0a</crc32>
    <sha1>dad563585df3f5c4af3f4c53322e43989ed45f98</sha1>
  </file>
  <file name="mega-man-x-6-remake-x-playthrough-720p-60fps-h-264-128kbit-aac.thumbs/Mega Man X6 Remake - X Playthrough (720p_60fps_H264-128kbit_AAC)_004494.jpg" source="derivative">
    <format>Thumbnail</format>
    <original>Mega Man X6 Remake - X Playthrough (720p_60fps_H264-128kbit_AAC).mp4</original>
    <mtime>1638198643</mtime>
    <size>50643</size>
    <md5>ffb19eed21818d94c8d32e70bbedaa51</md5>
    <crc32>a9d2bf07</crc32>
    <sha1>3d8f3c8d613c0d0c5d42b2254d5383ff2a426dd9</sha1>
  </file>
  <file name="mega-man-x-6-remake-x-playthrough-720p-60fps-h-264-128kbit-aac.thumbs/Mega Man X6 Remake - X Playthrough (720p_60fps_H264-128kbit_AAC)_004554.jpg" source="derivative">
    <format>Thumbnail</format>
    <original>Mega Man X6 Remake - X Playthrough (720p_60fps_H264-128kbit_AAC).mp4</original>
    <mtime>1638198661</mtime>
    <size>57050</size>
    <md5>c721dd2ee5b46d4271a5311752851367</md5>
    <crc32>fbcba33b</crc32>
    <sha1>fffaf3558ce8008af9f73833b7d26366616b8cb3</sha1>
  </file>
  <file name="mega-man-x-6-remake-x-playthrough-720p-60fps-h-264-128kbit-aac.thumbs/Mega Man X6 Remake - X Playthrough (720p_60fps_H264-128kbit_AAC)_004615.jpg" source="derivative">
    <format>Thumbnail</format>
    <original>Mega Man X6 Remake - X Playthrough (720p_60fps_H264-128kbit_AAC).mp4</original>
    <mtime>1638198678</mtime>
    <size>47321</size>
    <md5>ec33665d496d62ffd535a5237ff35a0b</md5>
    <crc32>143291d5</crc32>
    <sha1>f748305565633a0448e98e3d19afd8c31c8c199c</sha1>
  </file>
  <file name="mega-man-x-6-remake-x-playthrough-720p-60fps-h-264-128kbit-aac.thumbs/Mega Man X6 Remake - X Playthrough (720p_60fps_H264-128kbit_AAC)_004676.jpg" source="derivative">
    <format>Thumbnail</format>
    <original>Mega Man X6 Remake - X Playthrough (720p_60fps_H264-128kbit_AAC).mp4</original>
    <mtime>1638198697</mtime>
    <size>28660</size>
    <md5>309a6d76e9bd85ed80ddc7109db610ca</md5>
    <crc32>09a1b1ce</crc32>
    <sha1>a848cf85d79387f1a177612a1f29bef649497991</sha1>
  </file>
  <file name="mega-man-x-6-remake-x-playthrough-720p-60fps-h-264-128kbit-aac.thumbs/Mega Man X6 Remake Trailer + Download Link (720p_60fps_H264-128kbit_AAC)_000001.jpg" source="derivative">
    <format>Thumbnail</format>
    <original>Mega Man X6 Remake Trailer + Download Link (720p_60fps_H264-128kbit_AAC).mp4</original>
    <mtime>1638197183</mtime>
    <size>73287</size>
    <md5>78e180029cd8fda19aabdbc44fe2092e</md5>
    <crc32>a78626cc</crc32>
    <sha1>9808d0029d742622f922c5f180828b7225f56171</sha1>
  </file>
  <file name="mega-man-x-6-remake-x-playthrough-720p-60fps-h-264-128kbit-aac.thumbs/Mega Man X6 Remake Trailer + Download Link (720p_60fps_H264-128kbit_AAC)_000005.jpg" source="derivative">
    <format>Thumbnail</format>
    <original>Mega Man X6 Remake Trailer + Download Link (720p_60fps_H264-128kbit_AAC).mp4</original>
    <mtime>1638197183</mtime>
    <size>92025</size>
    <md5>dbe3c0791985213486a52146c99f4c29</md5>
    <crc32>69847230</crc32>
    <sha1>49096e1dbf2068a2a8efc5ae977ce631f7318e83</sha1>
  </file>
  <file name="mega-man-x-6-remake-x-playthrough-720p-60fps-h-264-128kbit-aac.thumbs/Mega Man X6 Remake Trailer + Download Link (720p_60fps_H264-128kbit_AAC)_000010.jpg" source="derivative">
    <format>Thumbnail</format>
    <original>Mega Man X6 Remake Trailer + Download Link (720p_60fps_H264-128kbit_AAC).mp4</original>
    <mtime>1638197186</mtime>
    <size>71215</size>
    <md5>19292de1389bd36e8f9522809f393e00</md5>
    <crc32>3991cad6</crc32>
    <sha1>d8362f6473d04bb2acaa86fa47bf3205c8866451</sha1>
  </file>
  <file name="mega-man-x-6-remake-x-playthrough-720p-60fps-h-264-128kbit-aac.thumbs/Mega Man X6 Remake Trailer + Download Link (720p_60fps_H264-128kbit_AAC)_000014.jpg" source="derivative">
    <format>Thumbnail</format>
    <original>Mega Man X6 Remake Trailer + Download Link (720p_60fps_H264-128kbit_AAC).mp4</original>
    <mtime>1638197188</mtime>
    <size>86156</size>
    <md5>5f7d55f4dcb0e58af22a1ceee4f65124</md5>
    <crc32>7e967cde</crc32>
    <sha1>98f0ab38600fceedb684aca8e58bb3511529d58f</sha1>
  </file>
  <file name="mega-man-x-6-remake-x-playthrough-720p-60fps-h-264-128kbit-aac.thumbs/Mega Man X6 Remake Trailer + Download Link (720p_60fps_H264-128kbit_AAC)_000020.jpg" source="derivative">
    <format>Thumbnail</format>
    <original>Mega Man X6 Remake Trailer + Download Link (720p_60fps_H264-128kbit_AAC).mp4</original>
    <mtime>1638197191</mtime>
    <size>99998</size>
    <md5>4748be37ee7c13fb4a7ef5fdd66c5aeb</md5>
    <crc32>9e073af9</crc32>
    <sha1>16b5ae175f15f762115f29c2283c81fc59dc13b8</sha1>
  </file>
  <file name="mega-man-x-6-remake-x-playthrough-720p-60fps-h-264-128kbit-aac.thumbs/Mega Man X6 Remake Trailer + Download Link (720p_60fps_H264-128kbit_AAC)_000025.jpg" source="derivative">
    <format>Thumbnail</format>
    <original>Mega Man X6 Remake Trailer + Download Link (720p_60fps_H264-128kbit_AAC).mp4</original>
    <mtime>1638197194</mtime>
    <size>81273</size>
    <md5>82b6547a5c83e0fc2ca7c8b741ec2542</md5>
    <crc32>6df62dc4</crc32>
    <sha1>ef3e3309e2d0af3f2f135afd3e4983ada570b636</sha1>
  </file>
  <file name="mega-man-x-6-remake-x-playthrough-720p-60fps-h-264-128kbit-aac.thumbs/Mega Man X6 Remake Trailer + Download Link (720p_60fps_H264-128kbit_AAC)_000030.jpg" source="derivative">
    <format>Thumbnail</format>
    <original>Mega Man X6 Remake Trailer + Download Link (720p_60fps_H264-128kbit_AAC).mp4</original>
    <mtime>1638197196</mtime>
    <size>41172</size>
    <md5>1f396500c7c988b4c06cd5431cac1471</md5>
    <crc32>209c64e2</crc32>
    <sha1>0cedbd595e24016ebc609c86f7f37e3085081a35</sha1>
  </file>
  <file name="mega-man-x-6-remake-x-playthrough-720p-60fps-h-264-128kbit-aac.thumbs/Mega Man X6 Remake Trailer + Download Link (720p_60fps_H264-128kbit_AAC)_000034.jpg" source="derivative">
    <format>Thumbnail</format>
    <original>Mega Man X6 Remake Trailer + Download Link (720p_60fps_H264-128kbit_AAC).mp4</original>
    <mtime>1638197199</mtime>
    <size>28936</size>
    <md5>b5e4f6804a8624c9aa19111e311a6186</md5>
    <crc32>a7c821f9</crc32>
    <sha1>dd937b966083d9f1fc17b39ea9273820f3046154</sha1>
  </file>
  <file name="mega-man-x-6-remake-x-playthrough-720p-60fps-h-264-128kbit-aac.thumbs/Mega Man X6 Remake Trailer + Download Link (720p_60fps_H264-128kbit_AAC)_000039.jpg" source="derivative">
    <format>Thumbnail</format>
    <original>Mega Man X6 Remake Trailer + Download Link (720p_60fps_H264-128kbit_AAC).mp4</original>
    <mtime>1638197201</mtime>
    <size>43139</size>
    <md5>24207933a6a90328cb16c6d3bec4dc0e</md5>
    <crc32>6293aa8c</crc32>
    <sha1>e7ab20c509608eb05a365d14eb0bb64b8577ee31</sha1>
  </file>
  <file name="mega-man-x-6-remake-x-playthrough-720p-60fps-h-264-128kbit-aac.thumbs/Mega Man X6 Remake Trailer + Download Link (720p_60fps_H264-128kbit_AAC)_000045.jpg" source="derivative">
    <format>Thumbnail</format>
    <original>Mega Man X6 Remake Trailer + Download Link (720p_60fps_H264-128kbit_AAC).mp4</original>
    <mtime>1638197203</mtime>
    <size>28026</size>
    <md5>61524ad119dd3f7f0e10c2ddc43699b6</md5>
    <crc32>2135e738</crc32>
    <sha1>2a9d3f68ea11cdb7569966ef4b95a3a40876ae5a</sha1>
  </file>
  <file name="mega-man-x-6-remake-x-playthrough-720p-60fps-h-264-128kbit-aac.thumbs/Mega Man X6 Remake Trailer + Download Link (720p_60fps_H264-128kbit_AAC)_000050.jpg" source="derivative">
    <format>Thumbnail</format>
    <original>Mega Man X6 Remake Trailer + Download Link (720p_60fps_H264-128kbit_AAC).mp4</original>
    <mtime>1638197206</mtime>
    <size>28697</size>
    <md5>b583eb48f071223880472d35e98ebf00</md5>
    <crc32>ba29344e</crc32>
    <sha1>a72a06de48f908704bdf69f0fece3f01fff1b83e</sha1>
  </file>
  <file name="mega-man-x-6-remake-x-playthrough-720p-60fps-h-264-128kbit-aac.thumbs/Mega Man X6 Remake Trailer + Download Link (720p_60fps_H264-128kbit_AAC)_000055.jpg" source="derivative">
    <format>Thumbnail</format>
    <original>Mega Man X6 Remake Trailer + Download Link (720p_60fps_H264-128kbit_AAC).mp4</original>
    <mtime>1638197208</mtime>
    <size>20591</size>
    <md5>c8ac593cd9d7cbb9ce1464472fc59909</md5>
    <crc32>da1956b3</crc32>
    <sha1>ce98cdff40f160fd76c5e53af72b39b280c64ce9</sha1>
  </file>
  <file name="mega-man-x-6-remake-x-playthrough-720p-60fps-h-264-128kbit-aac.thumbs/Mega Man X6 Remake Trailer + Download Link (720p_60fps_H264-128kbit_AAC)_000060.jpg" source="derivative">
    <format>Thumbnail</format>
    <original>Mega Man X6 Remake Trailer + Download Link (720p_60fps_H264-128kbit_AAC).mp4</original>
    <mtime>1638197211</mtime>
    <size>11323</size>
    <md5>ab9789cbcf3412fd6a7c32181c38e0a7</md5>
    <crc32>1aa1b653</crc32>
    <sha1>64b014948d07224c460c5c60f3d43ceee3501003</sha1>
  </file>
  <file name="mega-man-x-6-remake-x-playthrough-720p-60fps-h-264-128kbit-aac_archive.torrent" source="metadata">
    <btih>3e6922754ac79f8167716ff94c0f0c32fb498f87</btih>
    <mtime>1684751814</mtime>
    <size>29894</size>
    <md5>234e71da36beb88fdeb9250227f791a8</md5>
    <crc32>cdefc50e</crc32>
    <sha1>fc30dccc316902df0603d8678f613789256aafc6</sha1>
    <format>Archive BitTorrent</format>
  </file>
  <file name="mega-man-x-6-remake-x-playthrough-720p-60fps-h-264-128kbit-aac_files.xml" source="original">
    <format>Metadata</format>
    <md5>9da95b473dcf5bea03048cf49d1c4657</md5>
    <summation>md5</summation>
  </file>
  <file name="mega-man-x-6-remake-x-playthrough-720p-60fps-h-264-128kbit-aac_meta.sqlite" source="original">
    <mtime>1638196749</mtime>
    <size>57344</size>
    <md5>4eb3b15b21391d2fefc203a247dcb6f9</md5>
    <crc32>80c3ba84</crc32>
    <sha1>9c35b9566c8becaf8d6ed6f86f6bcb590ddcb402</sha1>
    <format>Metadata</format>
  </file>
  <file name="mega-man-x-6-remake-x-playthrough-720p-60fps-h-264-128kbit-aac_meta.xml" source="original">
    <mtime>1684751814</mtime>
    <size>3728</size>
    <md5>5451484ee2862b30d2abc61e19a760f5</md5>
    <crc32>11741ad0</crc32>
    <sha1>459e9b1656845498e0c86d19d9f2716f21b3ffc3</sha1>
    <format>Metadata</format>
  </file>
</files>
