{
  "id": "MAP_CELADON_CITY_DEPARTMENT_STORE_2F",
  "name": "CeladonCity_DepartmentStore_2F",
  "layout": "LAYOUT_CELADON_CITY_DEPARTMENT_STORE_2F",
  "music": "MUS_POKE_CENTER",
  "region_map_section": "MAPSEC_CELADON_CITY",
  "requires_flash": false,
  "weather": "WEATHER_NONE",
  "map_type": "MAP_TYPE_INDOOR",
  "allow_cycling": false,
  "allow_escaping": false,
  "allow_running": false,
  "show_map_name": true,
  "floor_number": 2,
  "battle_scene": "MAP_BATTLE_SCENE_NORMAL",
  "connections": 0,
  "object_events": [
    {
      "type": "object",
      "graphics_id": "OBJ_EVENT_GFX_WOMAN_1",
      "x": 14,
      "y": 4,
      "elevation": 3,
      "movement_type": "MOVEMENT_TYPE_WANDER_UP_AND_DOWN",
      "movement_range_x": 2,
      "movement_range_y": 1,
      "trainer_type": "TRAINER_TYPE_NONE",
      "trainer_sight_or_berry_tree_id": "0",
      "script": "CeladonCity_DepartmentStore_2F_EventScript_Lass",
      "flag": "0",
      "in_connection": false
    },
    {
      "type": "object",
      "graphics_id": "OBJ_EVENT_GFX_CLERK",
      "x": 5,
      "y": 3,
      "elevation": 0,
      "movement_type": "MOVEMENT_TYPE_FACE_DOWN",
      "movement_range_x": 3,
      "movement_range_y": 1,
      "trainer_type": "TRAINER_TYPE_NONE",
      "trainer_sight_or_berry_tree_id": "0",
      "script": "CeladonCity_DepartmentStore_2F_EventScript_ClerkItems",
      "flag": "0",
      "in_connection": false
    },
    {
      "type": "object",
      "graphics_id": "OBJ_EVENT_GFX_CLERK",
      "x": 6,
      "y": 3,
      "elevation": 3,
      "movement_type": "MOVEMENT_TYPE_FACE_DOWN",
      "movement_range_x": 3,
      "movement_range_y": 1,
      "trainer_type": "TRAINER_TYPE_NONE",
      "trainer_sight_or_berry_tree_id": "0",
      "script": "CeladonCity_DepartmentStore_2F_EventScript_ClerkTMs",
      "flag": "0",
      "in_connection": false
    },
    {
      "type": "object",
      "graphics_id": "OBJ_EVENT_GFX_MAN",
      "x": 19,
      "y": 5,
      "elevation": 3,
      "movement_type": "MOVEMENT_TYPE_LOOK_AROUND",
      "movement_range_x": 2,
      "movement_range_y": 1,
      "trainer_type": "TRAINER_TYPE_NONE",
      "trainer_sight_or_berry_tree_id": "0",
      "script": "CeladonCity_DepartmentStore_2F_EventScript_UnusedNPC",
      "flag": "0",
      "in_connection": false
    }
  ],
  "warp_events": [
    {
      "x": 1,
      "y": 1,
      "elevation": 0,
      "dest_map": "MAP_CELADON_CITY_DEPARTMENT_STORE_ELEVATOR",
      "dest_warp_id": "0"
    },
    {
      "x": 12,
      "y": 1,
      "elevation": 3,
      "dest_map": "MAP_CELADON_CITY_DEPARTMENT_STORE_1F",
      "dest_warp_id": "5"
    },
    {
      "x": 16,
      "y": 1,
      "elevation": 3,
      "dest_map": "MAP_CELADON_CITY_DEPARTMENT_STORE_3F",
      "dest_warp_id": "1"
    }
  ],
  "coord_events": [

  ],
  "bg_events": [
    {
      "type": "sign",
      "x": 14,
      "y": 1,
      "elevation": 0,
      "player_facing_dir": "BG_EVENT_PLAYER_FACING_ANY",
      "script": "CeladonCity_DepartmentStore_2F_EventScript_FloorSign"
    }
  ]
}
