<?xml version="1.0" encoding="UTF-8"?>
<metadata>
  <identifier>wii-sports-resort-swordplay-showdown-kaizo-stages</identifier>
  <mediatype>data</mediatype>
  <collection>opensource_media</collection>
  <date>2025-08-15</date>
  <description>&lt;div&gt;These are the 20 Kaizo Stages.&lt;/div&gt;&lt;div&gt;These are all enemies are extremely aggressives.&lt;/div&gt;&lt;div&gt;These are 20 Hard Bosses uses his Matt's movesets.&lt;/div&gt;&lt;div&gt;The Boss Miis has been changed.&lt;/div&gt;&lt;div&gt;All the Miis are wearing colored armors has changed.&lt;/div&gt;</description>
  <language>eng</language>
  <scanner>Internet Archive HTML5 Uploader 1.7.0</scanner>
  <subject>ROM Hack</subject>
  <title>Wii Sports Resort Swordplay Showdown Kaizo Stages</title>
  <uploader>bradleydobbs2020@gmail.com</uploader>
  <publicdate>2025-08-15 19:41:01</publicdate>
  <addeddate>2025-08-15 19:41:01</addeddate>
  <curation>[curator]validator@archive.org[/curator][date]20250815194626[/date][comment]checked for malware[/comment]</curation>
</metadata>
