<?xml version="1.0" encoding="UTF-8"?>
<files>
  <file name="wii-sports-resort-swordplay-showdown-kaizo-stages_archive.torrent" source="metadata">
    <btih>1a86ce9363fa5226ff8331e2b3efdfb16c1367e8</btih>
    <mtime>1756165772</mtime>
    <size>2000</size>
    <md5>6f0c900e541176611de04a2a5dbd9568</md5>
    <crc32>157c08c5</crc32>
    <sha1>f12cd663f9127e73a7df1da7a8ad11829f5d2ba8</sha1>
    <format>Archive BitTorrent</format>
  </file>
  <file name="wii-sports-resort-swordplay-showdown-kaizo-stages_files.xml" source="original">
    <format>Metadata</format>
    <md5>335a6668abd423b3b1b2a93bb6269b24</md5>
    <summation>md5</summation>
  </file>
  <file name="wii-sports-resort-swordplay-showdown-kaizo-stages_meta.sqlite" source="original">
    <mtime>1755286871</mtime>
    <size>20480</size>
    <md5>b96ab04888b8327bedf6a05637a94d7c</md5>
    <crc32>2aa93306</crc32>
    <sha1>5305aedbc23a81b0dff99d02fd7e75c23f7c8a18</sha1>
    <format>Metadata</format>
  </file>
  <file name="wii-sports-resort-swordplay-showdown-kaizo-stages_meta.xml" source="original">
    <mtime>1756165771</mtime>
    <size>1049</size>
    <md5>eb29ab0cbb2bb4b4502a8eeefb6c8ff7</md5>
    <crc32>c7e31990</crc32>
    <sha1>dbf707b0ab651dfa8848093372c0e0697de00804</sha1>
    <format>Metadata</format>
  </file>
  <file name="wsr_kaizo_swordplay_showdown.zip" source="original">
    <mtime>1755286842</mtime>
    <size>244549</size>
    <md5>dae39e71178c1deacdd0ffb0ae71269a</md5>
    <crc32>09de2bf8</crc32>
    <sha1>f796502ffbc2793771d61cf2df6caa14b5044399</sha1>
    <format>ZIP</format>
    <filecount>38</filecount>
    <viruscheck>1755287186</viruscheck>
  </file>
</files>
