{
  "id": "MAP_SAFARI_ZONE_NORTH",
  "name": "SafariZone_North",
  "layout": "LAYOUT_SAFARI_ZONE_NORTH",
  "music": "MUS_EVOLUTION",
  "region_map_section": "MAPSEC_KANTO_SAFARI_ZONE",
  "requires_flash": false,
  "weather": "WEATHER_NONE",
  "map_type": "MAP_TYPE_ROUTE",
  "allow_cycling": true,
  "allow_escaping": false,
  "allow_running": true,
  "show_map_name": true,
  "floor_number": 0,
  "battle_scene": "MAP_BATTLE_SCENE_NORMAL",
  "connections": 0,
  "object_events": [
    {
      "type": "object",
      "graphics_id": "OBJ_EVENT_GFX_ITEM_BALL",
      "x": 26,
      "y": 1,
      "elevation": 3,
      "movement_type": "MOVEMENT_TYPE_FACE_DOWN",
      "movement_range_x": 1,
      "movement_range_y": 1,
      "trainer_type": "TRAINER_TYPE_NONE",
      "trainer_sight_or_berry_tree_id": "0",
      "script": "SafariZone_North_EventScript_ItemProtein",
      "flag": "FLAG_HIDE_SAFARI_ZONE_NORTH_PROTEIN",
      "in_connection": false
    },
    {
      "type": "object",
      "graphics_id": "OBJ_EVENT_GFX_ITEM_BALL",
      "x": 19,
      "y": 7,
      "elevation": 3,
      "movement_type": "MOVEMENT_TYPE_FACE_DOWN",
      "movement_range_x": 1,
      "movement_range_y": 1,
      "trainer_type": "TRAINER_TYPE_NONE",
      "trainer_sight_or_berry_tree_id": "0",
      "script": "SafariZone_North_EventScript_ItemTM40",
      "flag": "FLAG_HIDE_SAFARI_ZONE_NORTH_TM40",
      "in_connection": false
    }
  ],
  "warp_events": [
    {
      "x": 2,
      "y": 35,
      "elevation": 3,
      "dest_map": "MAP_SAFARI_ZONE_WEST",
      "dest_warp_id": "0"
    },
    {
      "x": 3,
      "y": 35,
      "elevation": 3,
      "dest_map": "MAP_SAFARI_ZONE_WEST",
      "dest_warp_id": "2"
    },
    {
      "x": 8,
      "y": 35,
      "elevation": 3,
      "dest_map": "MAP_SAFARI_ZONE_WEST",
      "dest_warp_id": "3"
    },
    {
      "x": 9,
      "y": 35,
      "elevation": 3,
      "dest_map": "MAP_SAFARI_ZONE_WEST",
      "dest_warp_id": "5"
    },
    {
      "x": 39,
      "y": 30,
      "elevation": 3,
      "dest_map": "MAP_SAFARI_ZONE_EAST",
      "dest_warp_id": "0"
    },
    {
      "x": 39,
      "y": 31,
      "elevation": 3,
      "dest_map": "MAP_SAFARI_ZONE_EAST",
      "dest_warp_id": "1"
    },
    {
      "x": 20,
      "y": 35,
      "elevation": 3,
      "dest_map": "MAP_SAFARI_ZONE_CENTER",
      "dest_warp_id": "2"
    },
    {
      "x": 21,
      "y": 35,
      "elevation": 3,
      "dest_map": "MAP_SAFARI_ZONE_CENTER",
      "dest_warp_id": "3"
    },
    {
      "x": 35,
      "y": 3,
      "elevation": 0,
      "dest_map": "MAP_SAFARI_ZONE_NORTH_REST_HOUSE",
      "dest_warp_id": "0"
    }
  ],
  "coord_events": [

  ],
  "bg_events": [
    {
      "type": "sign",
      "x": 4,
      "y": 25,
      "elevation": 0,
      "player_facing_dir": "BG_EVENT_PLAYER_FACING_ANY",
      "script": "SafariZone_North_EventScript_TrainerTips1"
    },
    {
      "type": "sign",
      "x": 13,
      "y": 31,
      "elevation": 0,
      "player_facing_dir": "BG_EVENT_PLAYER_FACING_ANY",
      "script": "SafariZone_North_EventScript_AreaSign"
    },
    {
      "type": "sign",
      "x": 19,
      "y": 33,
      "elevation": 0,
      "player_facing_dir": "BG_EVENT_PLAYER_FACING_ANY",
      "script": "SafariZone_North_EventScript_TrainerTips2"
    },
    {
      "type": "sign",
      "x": 26,
      "y": 28,
      "elevation": 0,
      "player_facing_dir": "BG_EVENT_PLAYER_FACING_ANY",
      "script": "SafariZone_North_EventScript_TrainerTips3"
    },
    {
      "type": "sign",
      "x": 36,
      "y": 4,
      "elevation": 0,
      "player_facing_dir": "BG_EVENT_PLAYER_FACING_ANY",
      "script": "SafariZone_North_EventScript_RestHouseSign"
    }
  ]
}
