{
  "id": "MAP_NORTHSTAR_CITY_INTERLINK",
  "name": "NorthstarCity_Interlink",
  "layout": "LAYOUT_NORTHSTAR_CITY_INTERLINK",
  "music": "MUS_RUSTBORO",
  "region_map_section": "MAPSEC_NORTHSTAR_CITY",
  "requires_flash": false,
  "weather": "WEATHER_NONE",
  "map_type": "MAP_TYPE_INDOOR",
  "allow_cycling": true,
  "allow_escaping": false,
  "allow_running": true,
  "show_map_name": false,
  "battle_scene": "MAP_BATTLE_SCENE_NORMAL",
  "connections": 0,
  "object_events": [
    {
      "graphics_id": "OBJ_EVENT_GFX_COOK",
      "x": 5,
      "y": 5,
      "elevation": 3,
      "movement_type": "MOVEMENT_TYPE_WANDER_RIGHT_AND_LEFT",
      "movement_range_x": 0,
      "movement_range_y": 0,
      "trainer_type": "TRAINER_TYPE_NONE",
      "trainer_sight_or_berry_tree_id": "0",
      "script": "NorthstarCity_Interlink_Chef",
      "flag": "0"
    },
    {
      "graphics_id": "OBJ_EVENT_GFX_SAILOR",
      "x": 10,
      "y": 7,
      "elevation": 3,
      "movement_type": "MOVEMENT_TYPE_WANDER_LEFT_AND_RIGHT",
      "movement_range_x": 0,
      "movement_range_y": 0,
      "trainer_type": "TRAINER_TYPE_NONE",
      "trainer_sight_or_berry_tree_id": "0",
      "script": "NorthstarCity_Interlink_Sailor",
      "flag": "0"
    },
    {
      "graphics_id": "OBJ_EVENT_GFX_SCIENTIST_1",
      "x": 12,
      "y": 4,
      "elevation": 0,
      "movement_type": "MOVEMENT_TYPE_NONE",
      "movement_range_x": 0,
      "movement_range_y": 0,
      "trainer_type": "TRAINER_TYPE_NONE",
      "trainer_sight_or_berry_tree_id": "0",
      "script": "NorthstarCity_Interlink_Aide",
      "flag": "0"
    }
  ],
  "warp_events": [
    {
      "x": 1,
      "y": 5,
      "elevation": 3,
      "dest_map": "MAP_ROUTE8",
      "dest_warp_id": "2"
    },
    {
      "x": 1,
      "y": 6,
      "elevation": 3,
      "dest_map": "MAP_ROUTE8",
      "dest_warp_id": "3"
    },
    {
      "x": 1,
      "y": 7,
      "elevation": 3,
      "dest_map": "MAP_ROUTE8",
      "dest_warp_id": "4"
    },
    {
      "x": 15,
      "y": 5,
      "elevation": 3,
      "dest_map": "MAP_NORTHSTAR_CITY",
      "dest_warp_id": "1"
    },
    {
      "x": 15,
      "y": 6,
      "elevation": 3,
      "dest_map": "MAP_NORTHSTAR_CITY",
      "dest_warp_id": "2"
    },
    {
      "x": 15,
      "y": 7,
      "elevation": 3,
      "dest_map": "MAP_NORTHSTAR_CITY",
      "dest_warp_id": "3"
    }
  ],
  "coord_events": [

  ],
  "bg_events": [
    {
      "type": "sign",
      "x": 10,
      "y": 3,
      "elevation": 0,
      "player_facing_dir": "BG_EVENT_PLAYER_FACING_ANY",
      "script": "LilycoveCity_DepartmentStoreRooftop_EventScript_VendingMachine"
    },
    {
      "type": "sign",
      "x": 11,
      "y": 3,
      "elevation": 0,
      "player_facing_dir": "BG_EVENT_PLAYER_FACING_ANY",
      "script": "LilycoveCity_DepartmentStoreRooftop_EventScript_VendingMachine"
    }
  ]
}
