<?xml version="1.0" encoding="UTF-8"?>
<files>
  <file name="Traducao_Pikmin_1elevadoa2_.v1.1.zip" source="original">
    <mtime>1740573179</mtime>
    <size>11283837</size>
    <md5>6c58a6dfd117b3f2736ed78419f021b5</md5>
    <crc32>5172d7ae</crc32>
    <sha1>ed3ac9445988efeb64615951dcc2c219cb4901b2</sha1>
    <format>ZIP</format>
    <filecount>5</filecount>
    <viruscheck>1740573531</viruscheck>
  </file>
  <file name="traducao-pikmin-1elevadoa-2-.v-1.1_archive.torrent" source="metadata">
    <btih>001611c328248f6735f499d63d3c5629989d5efa</btih>
    <mtime>1740573532</mtime>
    <size>2292</size>
    <md5>46100303a75d85957e1a30247f976214</md5>
    <crc32>a04c0bc4</crc32>
    <sha1>6f56560076d190d724e0293db7e566d8cc2cda64</sha1>
    <format>Archive BitTorrent</format>
  </file>
  <file name="traducao-pikmin-1elevadoa-2-.v-1.1_files.xml" source="original">
    <format>Metadata</format>
    <md5>ee7a58db3c05cad299a7dd0bcf20a7f9</md5>
    <summation>md5</summation>
  </file>
  <file name="traducao-pikmin-1elevadoa-2-.v-1.1_meta.sqlite" source="original">
    <mtime>1740573216</mtime>
    <size>28672</size>
    <md5>6372d200cee7f94420e495d0689c668b</md5>
    <crc32>517e541f</crc32>
    <sha1>d3164ea7f33c00b4eb4a807935638fff4342d65b</sha1>
    <format>Metadata</format>
  </file>
  <file name="traducao-pikmin-1elevadoa-2-.v-1.1_meta.xml" source="original">
    <mtime>1740573531</mtime>
    <size>2308</size>
    <md5>c02dd3c9b6efc84f96abd63f5c07fe61</md5>
    <crc32>f35a545e</crc32>
    <sha1>8f6e62c53e2a25f64dd8270a86fef91437f634b0</sha1>
    <format>Metadata</format>
  </file>
</files>
