<?xml version="1.0" encoding="UTF-8"?>
<metadata>
  <identifier>traducao-pikmin-1elevadoa-2-.v-1.1</identifier>
  <mediatype>software</mediatype>
  <collection>open_source_software</collection>
  <creator>Grisi</creator>
  <date>2025-02-26</date>
  <description>&lt;span style="color:rgb(44,44,44);font-family:'Helvetica Neue', Helvetica, Arial, sans-serif;font-size:14px;background-color:rgb(255,255,255);"&gt;Tradução versão 1.1 para o romhack Pikmin1²&lt;/span&gt;&lt;div&gt;&lt;span style="color:rgb(44,44,44);font-family:'Helvetica Neue', Helvetica, Arial, sans-serif;font-size:14px;background-color:rgb(255,255,255);"&gt;&lt;br /&gt;&lt;/span&gt;&lt;/div&gt;&lt;div&gt;&lt;font color="#262626" face="Lato, Segoe UI, Helvetica, Arial"&gt;&lt;span style="font-size:14.4px;"&gt;Pikmin 1² é um port de Pikmin 1 para a engine de Pikmin 2 com conteúdo novo como o modo randomizador, uma nova aventura estrelando o Louie e modo para 2 jogadores!&lt;/span&gt;&lt;/font&gt;&lt;/div&gt;&lt;div&gt;&lt;font color="#262626" face="Lato, Segoe UI, Helvetica, Arial"&gt;&lt;span style="font-size:14.4px;"&gt;&lt;br /&gt;&lt;/span&gt;&lt;/font&gt;&lt;/div&gt;&lt;div&gt;&lt;font color="#262626" face="Lato, Segoe UI, Helvetica, Arial"&gt;&lt;span style="font-size:14.4px;"&gt;Changelog versão 1.1&lt;/span&gt;&lt;/font&gt;&lt;/div&gt;&lt;div&gt;&lt;br /&gt;&lt;/div&gt;&lt;div&gt;&lt;font color="#262626" face="Lato, Segoe UI, Helvetica, Arial"&gt;&lt;span style="font-size:14.4px;"&gt;&lt;/span&gt;&lt;/font&gt;&lt;div&gt;- Tradução de texto revisada para soar mais natural. Mais paridade com alguns termos e textos usados na tradução oficial usada em Pikmin 4.&lt;/div&gt;&lt;div&gt;- Corrigidos alguns erros gramaticais.&lt;/div&gt;&lt;div&gt;- Corrigidos alguns textos sobre elementos visuais.&lt;/div&gt;&lt;/div&gt;</description>
  <language>por</language>
  <scanner>Internet Archive HTML5 Uploader 1.7.0</scanner>
  <subject>romhack</subject>
  <title>Traducao Pikmin 1² v 1.1</title>
  <subject>fantranslations</subject>
  <uploader>greasebr@gmail.com</uploader>
  <publicdate>2025-02-26 12:33:20</publicdate>
  <addeddate>2025-02-26 12:33:20</addeddate>
  <curation>[curator]validator@archive.org[/curator][date]20250226123851[/date][comment]checked for malware[/comment]</curation>
</metadata>
