<?xml version="1.0" encoding="UTF-8"?>
<metadata>
  <identifier>terranigma-ntsc</identifier>
  <mediatype>data</mediatype>
  <collection>opensource_media</collection>
  <creator>FaydGamer</creator>
  <date>2025-04-21</date>
  <description>Terranigma NTSC (No Header)&lt;div&gt;&lt;br /&gt;&lt;/div&gt;&lt;div&gt;other version is not compatible with other Terranigma Rom Hacks. &lt;/div&gt;&lt;div&gt;Used with a No Header Rom&lt;/div&gt;</description>
  <scanner>Internet Archive HTML5 Uploader 1.7.0</scanner>
  <subject>Terranigma NTSC</subject>
  <title>Terranigma NTSC</title>
  <uploader>faydpromotions@gmail.com</uploader>
  <publicdate>2025-04-22 01:33:25</publicdate>
  <addeddate>2025-04-22 01:33:25</addeddate>
  <curation>[curator]validator@archive.org[/curator][date]20250422013921[/date][comment]checked for malware[/comment]</curation>
</metadata>
