<?xml version="1.0" encoding="UTF-8"?>
<files>
  <file name="Terranigma NTSC.ips" source="original">
    <mtime>1745285580</mtime>
    <size>20</size>
    <md5>e9be497c5a5ba3317104cce81f0134c4</md5>
    <crc32>6a12b6f1</crc32>
    <sha1>075922d6cc0ec186c6deb945d15b47509853c492</sha1>
    <format>Unknown</format>
    <viruscheck>1745285961</viruscheck>
  </file>
  <file name="terranigma-ntsc_archive.torrent" source="metadata">
    <btih>03fedebcd14031848e950a4004a9f9ba1d6d517d</btih>
    <mtime>1745285962</mtime>
    <size>1676</size>
    <md5>e6109f0ef91c90c1875095aaeb90ddf6</md5>
    <crc32>2571ee08</crc32>
    <sha1>0d9201833884396da944e112631d35c35a9b5b25</sha1>
    <format>Archive BitTorrent</format>
  </file>
  <file name="terranigma-ntsc_files.xml" source="original">
    <format>Metadata</format>
    <md5>fe70fe93dc6cb9426e586183e80b46a6</md5>
    <summation>md5</summation>
  </file>
  <file name="terranigma-ntsc_meta.sqlite" source="original">
    <mtime>1745285628</mtime>
    <size>20480</size>
    <md5>eab6846d5276dd085ea5c04db384553c</md5>
    <crc32>039accb9</crc32>
    <sha1>3216f807e7c21cab61668090ad0bda49cfd60a8a</sha1>
    <format>Metadata</format>
  </file>
  <file name="terranigma-ntsc_meta.xml" source="original">
    <mtime>1745285961</mtime>
    <size>863</size>
    <md5>36e4d8d1ef7802ca9b73ce72cb815873</md5>
    <crc32>aafd060b</crc32>
    <sha1>5048446c264d3ecd27ed0245d814ab2f2eb06354</sha1>
    <format>Metadata</format>
  </file>
</files>
