{
  "id": "MAP_CHANDRA_VILLAGE_PLAYER_HOUSE_2F",
  "name": "ChandraVillage_PlayerHouse_2F",
  "layout": "LAYOUT_CHANDRA_VILLAGE_PLAYER_HOUSE_2F",
  "music": "MUS_CHANDRA_VILLAGE",
  "region_map_section": "MAPSEC_CHANDRA_VILLAGE",
  "requires_flash": false,
  "weather": "WEATHER_NONE",
  "map_type": "MAP_TYPE_INDOOR",
  "allow_cycling": false,
  "allow_escaping": false,
  "allow_running": true,
  "show_map_name": false,
  "battle_scene": "MAP_BATTLE_SCENE_NORMAL",
  "connections": 0,
  "object_events": [
    {
      "graphics_id": "OBJ_EVENT_GFX_MOM",
      "x": 3,
      "y": 9,
      "elevation": 3,
      "movement_type": "MOVEMENT_TYPE_FACE_UP",
      "movement_range_x": 0,
      "movement_range_y": 0,
      "trainer_type": "TRAINER_TYPE_NONE",
      "trainer_sight_or_berry_tree_id": "0",
      "script": "NULL",
      "flag": "FLAG_HIDE_CHANDRA_VILLAGE_PLAYERS_BEDROOM_MOM"
    },
    {
      "graphics_id": "OBJ_EVENT_GFX_NINJA_BOY",
      "x": 7,
      "y": 34,
      "elevation": 0,
      "movement_type": "MOVEMENT_TYPE_INVISIBLE",
      "movement_range_x": 0,
      "movement_range_y": 0,
      "trainer_type": "TRAINER_TYPE_NONE",
      "trainer_sight_or_berry_tree_id": "0",
      "script": "ChandraVillage_PlayerHouse_2F_NinjaBoy",
      "flag": "0"
    }
  ],
  "warp_events": [
    {
      "x": 7,
      "y": 20,
      "elevation": 0,
      "dest_map": "MAP_CHANDRA_VILLAGE_PLAYER_HOUSE_1F",
      "dest_warp_id": "1"
    },
    {
      "x": 9,
      "y": 22,
      "elevation": 3,
      "dest_map": "MAP_CHANDRA_VILLAGE",
      "dest_warp_id": "1"
    },
    {
      "x": 3,
      "y": 20,
      "elevation": 3,
      "dest_map": "MAP_CHANDRA_VILLAGE_PLAYER_HOUSE_2F",
      "dest_warp_id": "4"
    },
    {
      "x": 3,
      "y": 22,
      "elevation": 3,
      "dest_map": "MAP_CHANDRA_VILLAGE_PLAYER_HOUSE_2F",
      "dest_warp_id": "5"
    },
    {
      "x": 3,
      "y": 9,
      "elevation": 3,
      "dest_map": "MAP_CHANDRA_VILLAGE_PLAYER_HOUSE_2F",
      "dest_warp_id": "2"
    },
    {
      "x": 3,
      "y": 34,
      "elevation": 3,
      "dest_map": "MAP_CHANDRA_VILLAGE_PLAYER_HOUSE_2F",
      "dest_warp_id": "3"
    }
  ],
  "coord_events": [
    {
      "type": "trigger",
      "x": 3,
      "y": 9,
      "elevation": 0,
      "var": "VAR_STORYLINE_STATE",
      "var_value": "1",
      "script": "ChandraVillage_PlayerHouse_2F_Storyline_State_1"
    },
    {
      "type": "trigger",
      "x": 9,
      "y": 22,
      "elevation": 0,
      "var": "VAR_STORYLINE_STATE",
      "var_value": "2",
      "script": "ChandraVillage_PlayerHouse_2F_Storyline_State_2"
    },
    {
      "type": "trigger",
      "x": 9,
      "y": 22,
      "elevation": 0,
      "var": "VAR_STORYLINE_STATE",
      "var_value": "3",
      "script": "ChandraVillage_PlayerHouse_2F_Storyline_State_2"
    }
  ],
  "bg_events": [
    {
      "type": "sign",
      "x": 3,
      "y": 3,
      "elevation": 0,
      "player_facing_dir": "BG_EVENT_PLAYER_FACING_ANY",
      "script": "ChandraVillage_PlayerHouse_2F_Sign_Guitar"
    },
    {
      "type": "sign",
      "x": 4,
      "y": 3,
      "elevation": 0,
      "player_facing_dir": "BG_EVENT_PLAYER_FACING_ANY",
      "script": "ChandraVillage_PlayerHouse_2F_Sign_Amp"
    },
    {
      "type": "sign",
      "x": 7,
      "y": 3,
      "elevation": 0,
      "player_facing_dir": "BG_EVENT_PLAYER_FACING_ANY",
      "script": "ChandraVillage_PlayerHouse_2F_Sign_Switch"
    },
    {
      "type": "sign",
      "x": 1,
      "y": 9,
      "elevation": 0,
      "player_facing_dir": "BG_EVENT_PLAYER_FACING_ANY",
      "script": "ChandraVillage_PlayerHouse_2F_Sign_Trash"
    },
    {
      "type": "sign",
      "x": 6,
      "y": 2,
      "elevation": 0,
      "player_facing_dir": "BG_EVENT_PLAYER_FACING_ANY",
      "script": "ChandraVillage_PlayerHouse_2F_Sign_TV"
    },
    {
      "type": "sign",
      "x": 9,
      "y": 3,
      "elevation": 0,
      "player_facing_dir": "BG_EVENT_PLAYER_FACING_ANY",
      "script": "ChandraVillage_PlayerHouse_2F_Sign_Flowers"
    },
    {
      "type": "sign",
      "x": 0,
      "y": 20,
      "elevation": 0,
      "player_facing_dir": "BG_EVENT_PLAYER_FACING_ANY",
      "script": "ChandraVillage_PlayerHouse_2F_Sign_Flowers"
    },
    {
      "type": "sign",
      "x": 1,
      "y": 34,
      "elevation": 0,
      "player_facing_dir": "BG_EVENT_PLAYER_FACING_ANY",
      "script": "ChandraVillage_PlayerHouse_2F_Sign_Flowers"
    },
    {
      "type": "sign",
      "x": 0,
      "y": 2,
      "elevation": 0,
      "player_facing_dir": "BG_EVENT_PLAYER_FACING_NORTH",
      "script": "LittlerootTown_BrendansHouse_2F_EventScript_PC"
    }
  ]
}
