{
  "id": "MAP_PINLEAF_TOWN_STORAGE_FACILITY",
  "name": "PinleafTown_StorageFacility",
  "layout": "LAYOUT_PINLEAF_TOWN_STORAGE_FACILITY",
  "music": "MUS_GREENDALE_VILLAGE",
  "region_map_section": "MAPSEC_PINLEAF_TOWN",
  "requires_flash": false,
  "weather": "WEATHER_NONE",
  "map_type": "MAP_TYPE_INDOOR",
  "allow_cycling": false,
  "allow_escaping": false,
  "allow_running": true,
  "show_map_name": false,
  "battle_scene": "MAP_BATTLE_SCENE_NORMAL",
  "connections": 0,
  "object_events": [
    {
      "graphics_id": "OBJ_EVENT_GFX_ITEM_BALL",
      "x": 6,
      "y": 3,
      "elevation": 3,
      "movement_type": "MOVEMENT_TYPE_NONE",
      "movement_range_x": 0,
      "movement_range_y": 0,
      "trainer_type": "TRAINER_TYPE_NONE",
      "trainer_sight_or_berry_tree_id": "0",
      "script": "PinleafTown_EventScript_ItemMaxRevive",
      "flag": "FLAG_ITEM_PINLEAF_TOWN_MAX_REVIVE"
    }
  ],
  "warp_events": [
    {
      "x": 2,
      "y": 5,
      "elevation": 3,
      "dest_map": "MAP_PINLEAF_TOWN",
      "dest_warp_id": "7"
    },
    {
      "x": 3,
      "y": 5,
      "elevation": 0,
      "dest_map": "MAP_PINLEAF_TOWN",
      "dest_warp_id": "7"
    }
  ],
  "coord_events": [

  ],
  "bg_events": [

  ]
}
