討伐修練【低位１】	Exterminate [Low Rank 1]	Exterminate [Low Rank 1]	
ロアー官吏	Loar	Loar	
トーロ荒地に現れた	Exterminate the raging bull that	Exterminate the raging bull that has	
【オオアバレウシ】を討伐せよ	appeared in Toro Wasteland.	appeared in the Toro Wasteland.	
参加者はバザルタ出張所の	Participants should speak	Prospective participants should speak	
ロアーまで報告を！	with Loar at the Legion office.	with Loar at the Legion branch office.	
オオアバレウシ	Raging Bull	Raging Bull	
			
			
バザルタ出張所の	I'll meet with Loar at	I'll meet with Loar at	22
ロアー官吏に会う	the Legion branch office.	the Legion branch office.	25
ロアーに参加報告をした	Reported participation.	Reported participation.	
指示通りトーロ荒地を目指す	I'll head for Toro Wasteland.	I'll head for Toro Wasteland.	
トーロ荒地でビンザーに会った	Met Vinzer at Toro Wasteland.	Met Vinzer at Toro Wasteland.	
同じ修練に参加中のランカーだ	He was doing the same training.	He was doing the same training.	
ビンザーの申し出を受け入れた	Accepted Vinzer's proposal.	Accepted Vinzer's proposal.	
標的を倒せと言われたが…	He said to kill the target...	He said to kill the target...	
ビンザーの申し出を断った	Rejected Vinzer's proposal.	Rejected Vinzer's proposal.	
はやく標的を探そう	I'll hurry and find the target.	I'll hurry and find the target.	
オオアバレウシと遭遇	Encountered raging bull.	Encountered raging bull.	
なんとか討伐に成功する	Defeated it somehow.	Defeated it somehow.	
報奨を巡りビンザーと戦う	Fought Vinzer over the reward.	Fought Vinzer over the reward.	
勝ったから報奨をもらうぞ	I won, the reward is mine.	I won, the reward is mine.	
修練の目的は果たしたから	Having completed the objective,	Having completed the objective,	
ロアーに報告しに行こう	I'll go report to Loar.	I'll go report to Loar.	
ロアーから報奨をもらった	Got the reward from Loar.	Got the reward from Loar.	
修練完了だ	Training complete.	Training complete.	
