討伐修練【低位２】	Exterminate [Low Rank 2]	Exterminate [Low Rank 2]	
ロアー官吏	Loar	Loar	
マイヤールの森の奥へ逃げた	Defeat remaining ibinos that	Defeat remaining ibinos that escaped	
イビノスの生き残りを討伐せよ	escaped from Miyar forest.	from the heart of Miyar forest.	
参加者はバザルタ出張所の	Participants should speak	Prospective participants should speak	
ロアーまで報告を！	with Loar at the Legion office.	with Loar at the Legion branch office.	
イビノス	Ibinos	Ibinos	
			
			
バザルタ出張所の	I'll meet with Loar at	I'll meet with Loar at	
ロアー官吏に会う	the Legion branch office.	the Legion branch office.	
ロアーに参加を断られた	Loar refused me. It	Loar refused me. It	19
おれのランクが低すぎるらしい	seems my rank is too low.	seems my rank is too low.	25
ロアーに参加報告をした	Reported participation.	Reported participation.	
まずはマイヤールの森を目指す	I'll head for Miyar Forest.	I'll head for Miyar Forest.	
川に流木の橋ができていた	Made a bridge with driftwood.	Made a bridge with driftwood.	
この先にイビノスが…？	Are the ibinos past here...?	Are the ibinos past here...?	
付近のイビノスは全て倒した	Defeated nearby ibinos.	Defeated nearby ibinos.	
ロアーに報告しに戻ろう	I'll return to Loar.	I'll return to Loar.	
ロアーから報奨をもらった	Got the reward from Loar.	Got the reward from Loar.	
修練完了だ	Training complete.	Training complete.	
