討伐修練【低位５】	Exterminate [Low Rank 5]	Exterminate [Low Rank 5]
ロアー官吏	Loar	Loar
崩壊した村の跡地に集まる	Exterminate monsters at the	Exterminate monsters at the
飢えた獣を討伐せよ	site of the destroyed village.	site of the destroyed village.
参加者はバザルタ出張所の	Participants should speak	Prospective participants should speak
ロアーまで報告を！	with Loar at the Legion office.	with Loar at the Legion branch office.
廃村に巣くうモンスター	Ghost town monsters	Ghost town monsters
		
		
バザルタ出張所の	I'll meet with Loar at	I'll meet with Loar at
ロアー官吏に会う	the Legion branch office.	the Legion branch office.
ロアーに参加報告をした	Reported participation.	Reported participation.
カンタレラ…だな	Cantelera...huh.	Cantelera...huh.
捨てた故郷とはいえ	I don't want to give my	I don't want to give my
獣どもにくれてやる気はない	hometown to monsters.	hometown to monsters.
獣の気配はもうない	The monster presence	The monster presence
ロアーに報告に戻ろう	is gone. I'll go see Loar.	is gone. I'll go see Loar.
ロアーから報奨をもらった	Got the reward from Loar.	Got the reward from Loar.
修練完了だ	Training complete.	Training complete.
