討伐修練【高位２】	Exterminate [High Rank 2]	Exterminate [High Rank 2]
ヒヴォット官吏	Hivot	Hivot
各地に出現した強力なイビノスを	Strong ibinos appeared. We need	Strong ibinos have appeared. We need
戦侯機構の名に賭けて討伐せよ	Legion members to kill them.	Legion members to exterminate them.
修練の詳細はバザルタ出張所の	Participants should speak	Prospective participants should speak
ヒヴォットよりご説明致します	with Hivot at the Legion office.	with Hivot at the Legion branch office.
真のイビノス	Rare Rabbit	Rare Rabbit
		
		
バザルタ出張所の	I'll meet with Hivot at	I'll meet with Hivot at
ヒヴォット官吏に会う	the Legion branch office.	the Legion branch office.
確認されたイビノスは６体	There's 6 confirmed ibinos.	There's 6 confirmed ibinos.
どこから手を付けるか……	Where to begin...	Where to begin...
ウィルゴー砂漠で	Defeated the true ibinos	Defeated the true ibinos
真のイビノスを倒した	at Virgo Desert.	at Virgo Desert.
ベリエ街道で	Defeated the true ibinos	Defeated the true ibinos
真のイビノスを倒した	at Belier Road.	at Belier Road.
サルバトーレ離宮で	Defeated the true ibinos	Defeated the true ibinos
真のイビノスを倒した	at Salvatore Estate.	at Salvatore Estate.
フィッシェ街道で	Defeated the true ibinos	Defeated the true ibinos
真のイビノスを倒した	at Fishe Road.	at Fishe Road.
カルキノス荒地で	Defeated the true ibinos	Defeated the true ibinos
真のイビノスを倒した	at Karkinos Wasteland.	at Karkinos Wasteland.
ケイロニア砦で	Defeated the true ibinos	Defeated the true ibinos
真のイビノスを倒した	at Fort Keronia.	at Fort Keronia.
真のイビノスを全て倒した	Defeated all true ibinos.	Defeated all true ibinos.
ヒヴォットに報告に行こう	I'll go report to Hivot.	I'll go report to Hivot.
ヒヴォットから報奨をもらった	Got the reward from Hivot.	Got the reward from Hivot.
修練完了だ	Training complete.	Training complete.
