薬草探しの代理人	Search for Herbs	Search for Herbs
行商人ウル	Peddler Ur	Peddler Ur
【万治草】という薬草を	I need someone to search	I need someone to search
探して頂きたく思います	for [Manji Grass].	for [Manji Grass].
参加報告は、宿屋・宵の間の	To participate, see peddler	To participate, please see peddler
行商人ウルまでお願い致します	Ur in the inn's Dusk Room.	Ur in the inn's Dusk Room.
万治草	Manji Grass	Manji Grass
		
		
宿屋・宵の間の	I'll meet with Peddler Ur	I'll meet with Peddler Ur
行商人ウルに会う	at the inn's Dusk Room.	the inn's Dusk Room.
ウルに参加報告をした	Reported participation.	Reported participation.
リブラ森林へ薬草をつみに行く	I'll go to Libra forest.	I'll go to Libra forest.
万治草を見つけた	Found Manji Grass.	Found Manji Grass.
４つ集めればいいはずだ	I need to gather 4.	I need to gather 4.
万治草が４つそろったから	I gathered 4 Manji Grass.	I gathered 4 Manji Grass.
ウルに報告しに行こう	I'll go report to Ur.	I'll go report to Ur.
ウルに報告し報奨をもらった	Reported, recieved reward.	Reported, recieved reward.
修練完了だ	Training complete.	Training complete.
