新商品開発の手伝い	New Product Development	New Product Development
行商人カウノ	Kaun	Kaun
新商品の開発にご協力を	This job involves gathering raw	This simple job involves gathering
原材料を集める簡単な仕事です	materials for new products I'm	raw materials for new products I'm
詳しくはリブラ支部の前の	developing. For details, see	developing. For details, see Kaun
行商人カウノまで	Kaun in front of Libra outpost.	in front of Libra Forest outpost.
カドモールクレイ	Khadmore Clay	Kadmore Clay
ベリエクレイ	Belier Clay	Belier Clay
マイヤールクレイ	Miyar Clay	Miyar Clay
リブラ支部の前の	I'll meet with Kaun in front	I'll meet with Kaun in front
行商人カウノに会う	of Libra Forest outpost.	of Libra Forest outpost.
カドモール水源、ベリエ街道	Kadmore Riverbed, Belier	Kadmore Riverbed, Belier
マイヤールの森で泥探しだ	Road, Miyar Forest mud.	Road, Miyar Forest mud.
とりあえず泥を手に入れた	I got the mud. I'll go	I got the mud. I'll go
カウノに見せに行こう	show them to Kaun.	show them to Kaun.
カウノは満足してくれたらしい	Kaun was satisfied.	Kaun was satisfied.
修練完了だ	Training complete.	Training complete.
