加護あることを祈って	Prayer for Protection	Prayer for Protection	
ヤナ	Yana	Yana	
ラ・キット遺跡に行って	Will you go to La-Kit Ruins	Will you go to La-Kit Ruins	27
お守りを作って頂けませんか？	and say an invocation for me?	and say an invocation for me?	29
ご協力くださる方は	If you'll help, see Yana in	If you'll help, see Yana in	27
闘技場前の民家にいるヤナへ	her house near the arena.	her house near the arena.	25
守護のコイン	Coin of Protection	Coin of Protection	
			
			
ガンドアの闘技場前の民家で	I'll meet Yana in her house	I'll meet Yana in her house	27
ヤナに会う	near the arena.	near the arena.	15
ヤナに頼まれてラ・キットへ	Yana asked me to go to the	Yana asked me to go to the	26
泉は中程にあった気がする	fountain halfway in La-Kit.	fountain halfway in La-Kit.	27
右回りで２回、左回りで１回	Clockwise twice, counter once,	Clockwise twice, counter once,	30
最後に右回りに１回…	finally clockwise once...	finally clockwise once...	25
お守りができた…と思う	It's done...I think.	It's done...I think.	20
ヤナに渡しに行こう	I'll go look for Yana.	I'll go look for Yana.	22
ヤナに報奨をもらった	Got the reward from Yana.	Got the reward from Yana.	25
お守り、効果があるといいな	I hope the invocation worked.	I hope the invocation worked.	29
