武術指南のお願い	Teach Me Martial Arts	Teach Me Martial Arts
アイリス	Iris	Iris
武術が上達せず困っています	I'm having trouble improving my	I'm having trouble improving my martial
指導してくださる方は	martial arts and I could use	arts and I could use some help.
バザルタ出張所前のアイリスへ	some help. See Iris outside	Please see Iris outside the
どうぞよろしくお願いします	the Bazalta branch office.	Bazalta branch office.
アイリスを鍛える	Train Iris	Train Iris
		
		
ガンドアのバザルタ出張所前で	I'll meet Iris in front of the	I'll meet Iris in front of the
アイリスに会う	Bazalta branch office.	Bazalta branch office.
アイリスを鍛えに町の外に行く	I'll leave town to train Iris.	I'll leave town to train Iris.
準備をしてから話しかけよう	I'll speak with her when ready.	I'll speak with her when I'm ready.
アイリスは驚くほど弱かった	Iris was surprisingly weak.	Iris was surprisingly weak.
とにかくガンドアに戻ろう	Anyway, I'll head to Ghandoar.	Anyway, I'll head to Ghandoar.
変な男が絡んできたので倒した	I defeated a strange man.	I defeated a strange man.
何かを掴んだらしく修練完了に	Gotta catch him to finish.	Gotta catch him to finish.
アイリスは戦いで死んだそうだ	It seems Iris died in battle.	It seems Iris died in battle.
……修練完了だ	...Training complete.	...Training complete.
