スキルチップ収集中	Skill Chip Collecting	Skill Chip Collecting
行商人トクト	Takt	Takt
レアなスキルチップを	I'm looking for a rare	I'm looking for a rare
探してるんだ	skill chip. For more	skill chip. For more
とにかく話だけでも聞いてよ	info, speak with Takt	info, speak with Takt
闘技場受付のトクトより	near arena reception.	near arena reception.
アーマーキル	Armor Kill	Armor Kill
		
		
ガンドアの闘技場受付で	I'll meet Takt at the Ghandoar	I'll meet Takt at the Ghandoar
行商人トクトに会う	Arena reception desk.	Arena reception desk.
トクトが欲しがっているのは	Takt is looking for the	Takt is looking for the
アーマーキルのスキルチップだ	Armor Kill skill chip.	Armor Kill skill chip.
目的のスキルチップをみつけた	Found the target chip.	Found the target chip.
トクトに見せに行こう	I'll go show it to Takt.	I'll go show it to Takt.
トクトから報奨をもらった	Got the reward from Takt.	Got the reward from Takt.
修練完了だ	Training complete.	Training complete.
アーマーキルのスキルチップは	I bought the Armor	I bought the Armor
トクトに買い取ってもらった	Kill chip from Takt.	Kill chip from Takt.
アーマーキルのスキルチップは	I bought the Armor	I bought the Armor
トクトに買い取ってもらった	Kill chip from Takt.	Kill chip from Takt.
