盗難品の行方は	Recover Stolen Goods	Recover Stolen Goods	
高級商店マスター	Shop Manager	Shop Manager	
店の品が盗まれてしまったので	Will you help recover the goods	Will you help recover the goods	31
取り返して頂けませんか？	stolen from my shop? If so,	stolen from my shop? If so,	27
参加報告は至上にして最上の店	speak with Ornar at Sunset	speak with Ornar at Sunset	26
サンセットのオーナーまで！	Shop in the Upper District!	Shop in the Upper District!	27
盗まれた盾	Stolen Shield	Stolen Shield	
			
			
ガンドアの高級商店で	I'll meet Ornar at Ghandoar	I'll meet Ornar at Ghandoar	27
高級商店オーナーに会う	Upper District Shop.	Upper District Shop.	20
盗まれた盾を探す	I'll look for the stolen shield.	I'll look for the stolen shield.	
オーナーからヒントを聞いた	Heard the hint from Ornar.	Heard the hint from Ornar.	
鉄道の駅の時刻表に	A second hint was on the	A second hint was on the	
２つ目のヒントが書いてあった	railway time table.	railway time table.	
ランカー居住区のテーブルで	Found the third hint on a	Found the third hint on a	
３つ目のヒントをみつけた	table in residential district.	table in residential district.	
病院の花瓶の中に	The fourth hint was inside a	The fourth hint was inside a	
４つ目のヒントが入っていた	flower vase in the hospital.	flower vase in the hospital.	
闘技場控え室の本置き場で	Found the fifth hint in the	Found the fifth hint in the	27
５つ目のヒントをみつけた	arena waiting room bookcase.	arena waiting room bookcase.	28
ベアっちからヒントが出てきた	Got a hint from Bear. The	Got a hint from Bear. The	25
犯人の居場所は…	criminal's location is...	criminal's location is...	25
犯人から盾を取り戻した	Recovered the shield. I'll	Recovered the shield. I'll	26
高級商店に返しに行こう	return it to the shop.	return it to the shop.	
オーナーから報奨をもらった	Got the reward from Ornar.	Got the reward from Ornar.	
修練完了だ	Training completed.	Training completed.	
