河畔の生態系調査	River Ecology Survey	River Ecology Survey
ヨハン官吏	John	John
６７０００位を超えた者に限る	Rank 67000 and above.	Rank 67000 and above.
ベリエ街道で獣を討伐せよ	Defeat monsters on Belier Road.	Defeat monsters on Belier Road.
参加報告はバザルタ出張所の	Report participation to John	Report participation to John
ヨハンのところへ	at the Bazalta legion office.	at the Bazalta legion office.
アイロナイト紅種	Red Ironite	Red Ironite
		
		
ウェルマーから	Was introduced to	Was introduced to
ヨハン官吏を紹介された	John by Welmer.	John by Welmer.
バザルタ出張所の	I'll meet with John at	I'll meet with John at
ヨハン官吏に会う	Bazalta legion office.	Bazalta legion office.
ヨハンに参加を断られた	John refused me. It seems	John refused me. It seems
おれのランクが低すぎるらしい	my rank isn't high enough.	my rank isn't high enough.
ベリエ街道に行き	I'm heading to Belier Road.	I'm heading to Belier Road.
アイロナイト紅種を２体倒す	I'll defeat two Red Ironite.	I'll defeat two Red Ironite.
アイロナイト紅種を２体倒した	Defeated two Red Ironite.	Defeated two Red Ironite.
ヨハンに報告に行こう	I'll go report to John.	I'll go report to John.
ヨハンに報告し報奨をもらった	Got the reward from John.	Got the reward from John.
修練完了だ	Training complete.	Training complete.
