新人官吏を捕獲せよ	Catch New Official	Catch New Official
ヌッティ官吏	Nutti	Nutti
機密書類を持ち出した官吏を	Catch the official who stole	Catch the official who stole secret
大事になる前に捕まえてほしい	secret documents before things	documents before things get serious.
詳しくはバザルタ出張所の	get serious. See Nutti at	For the details, ask Nutti at
ヌッティまでお問い合わせを	the Bazalta branch office.	the Bazalta branch office.
重要機密書類の奪還	Recover secret documents	Recover secret documents
		
		
ウェルマーから	Was introduced to	Was introduced to
ヌッティ官吏を紹介された	Nutti by Welmer.	Nutti by Welmer.
バザルタ出張所の	I'll meet with Nutti at the	I'll meet with Nutti at the
ヌッティ官吏に会う	Bazalta branch office.	Bazalta branch office.
ヌッティに参加を断られた	Nutti refused me. Looks	Nutti refused me. Looks
おれのランクが低すぎるらしい	like my rank is too low.	like my rank is too low.
サウリ官吏を捜す	I'll look for Sauri. Looks like	I'll look for Sauri. Looks like
鉄道の駅で目撃されたらしい	he was seen by the rail stop.	he was seen by the rail stop.
駅を訪れたサウリは	Looks like Sauri headed	Looks like Sauri headed
次に商店に向かったらしい	for the next store.	for the next store.
サウリは靴を買って	Sauri bought shoes and	Sauri bought shoes and
近場の支部に出かけたらしい	went to the nearby outpost.	went to the nearby outpost.
ベリエ支部でサウリを発見	Found him at Belier Outpost.	Found him at Belier Outpost.
事情を伝えガンドアに連れ戻す	I'll bring him to Ghandoar.	I'll bring him to Ghandoar.
ヌッティから報奨をもらった	Got the reward from Nutti.	Got the reward from Nutti.
アンチ容疑も晴れたらしい	Anti suspicion was cleared.	Anti suspicion was cleared.
