異郷からきた尋ね人	Missing Foreigner	Missing Foreigner
アンナ	Anna	Anna
５０００位より強い方に限る	Rank 5000 or above. I need	Rank 5000 or above. I need
人探しの協力者を募集中	to search for a missing person.	to search for a missing person.
バザルタ出張所前の	Please see Anna in front	For details, please see Anna in
アンナが詳細をお伝えします	of the Bazalta branch office.	front of the Bazalta branch office.
シンとアンナを引き合わせる	Bring Shin to Anna	Bring Shin to Anna
		
		
ガンドアのバザルタ出張所前で	I'll meet Anna in front of	I'll meet Anna in front of
ランカーのアンナに会う	the Bazalta branch office.	the Bazalta branch office.
アンナに参加を断られた	Anna refused me. Seems	Anna refused me. Seems
おれのランクが低すぎるらしい	my rank is too low.	my rank is too low.
まずはアンナと戦うことに	I'll prepare and then speak	I'll prepare and then speak
準備が出来たら彼女と話そう	with Anna to fight her.	with Anna to fight her.
彼女の技には覚えがある	I remember her technique.	I remember her technique.
あれは確か、ドネイ回廊で……	The Donea Corridor...	The Donea Corridor...
彼女の技に心当たりはなかった	I've no idea about her style.	I've no idea about her style.
引き続き捜索する	I'll look various places.	I'll look various places.
ドネイ回廊にいたランカーなら	Maybe the rankers in Donea	Maybe the rankers in Donea
何か知っているかもしれない	Corridor know something.	Corridor know something.
シンらしき男をみつけた	Found a guy like Shin. I'll	Found a guy like Shin. I'll
アンナをつれてドネイ回廊へ	bring Anna to Donea.	bring Anna to Donea.
アンナはシンと再会した	Anna reunited with Shin.	Anna reunited with Shin.
感謝され、報奨をもらう	She gave me the reward.	She gave me the reward.
