赫の指環を求めて	Search for Shining Ring	Search for Shining Ring
レイネ	Reine	Reine
氷河に失せた赫き光を	Need to search for the shining	Need to search for the shining
探し出せる英哲は居るだろうか	shining ring I lost at glacier.	shining ring I lost at glacier.
われこそはという者は	If you're the searcher, see	If you're the searcher, see
闘技場前のレイネに名乗れ	Reine in front of the arena.	Reine in front of the arena.
ベアトリスの指環	Beatrice's Ring	Beatrice's Ring
		
		
ガンドア闘技場前にいる	I'll meet Reine in front of	I'll meet Reine in front of
ランカーのレイネに会う	Ghandoar Arena.	Ghandoar Arena.
レイネの姉、エイネの頼みで	I'm headed to Nishula Glacier	I'm headed to Nishula Glacier
指環を探してニシュラ氷河へ	to search for Eine's ring.	to search for Eine's ring.
今のが不思議なルートらしい	This is really strange. Repeat-	This is really strange. Repeating
これをあと４回繰り返せば…	ing the same thing four times...	the same thing four times...
ベアトリスの指環を手に入れた	Got Beatrice's ring. Whether	Got Beatrice's ring. Whether
長年の望みが叶うとか何とか…	it can make wishes come true...	it can make wishes come true...
エイネから報奨をもらい	Got the reward from Eine and	Got the reward from Eine and
そのまま戦いを挑まれた	was challenged to a battle.	was challenged to a battle.
よくわからない言葉を残し	I don't get it, but the strange	I don't get it, but the mysterious
不思議姉妹は去っていった	sisters said goodbye and left.	sisters said goodbye and left.
