闘技場の害獣駆除	Raging Rabbits at the Arena	Raging Rabbits at the Arena	
闘技場受付嬢	Arena Receptionist	Arena Receptionist	
【ドロウサギ】に乱入され	[Mud Rabbits] have invaded the	[Mud Rabbits] have invaded the	
闘技場を閉鎖せざるを得ません	Arena, rendering it unusable.	Arena, rendering it unusable.	
退治にご協力くださる方は	Those interested, report to	Those interested, report to	
闘技場受付までお越しください	the Arena reception desk.	the Arena reception desk.	
乱入ドロウサギを倒す	Defeat invading Mud Rabbits	Defeat invading Mud Rabbits	
			
			
ガンドア闘技場受付で	I'll meet with the reception-	I'll meet with the reception-	
闘技場受付嬢と会う	ist at Ghandoar Arena.	ist at Ghandoar Arena.	
闘技場受付で参加報告をした	Reported participation.	Reported participation.	
ステージの獣を倒しにいく	Went to beat the monsters.	Went to beat the monsters.	26
控え室でホフマンに会った	Met Hoffman. I've got to beat	Met Hoffman in the waiting room. I've	Met Hoffman in the waiting
標的を多く倒した方に報奨だ	the most to get the reward.	got to beat the most to get the reward.	got to beat the most to ge
ステージの獣を９匹倒し	Beat nine of them on the stage.	Beat nine of them on the stage.	26
控え室に戻った	Returned to the waiting room.	Returned to the waiting room.	
倒した数はおれが勝っていたが	Though I won, I bet the reward	Though I won, I bet the reward	
報奨を賭けてホフマンと戦う	on a battle with Hoffman.	on a battle with Hoffman.	
勝ったので受付に報告しよう	I won, and reported to reception.	I won, and reported to the receptionist.	33
ホフマンは次の修練に行った	Hoffman went to his next training.	Hoffman headed to the next training.	34
受付嬢から報奨をもらった	Got the reward from the	Got the reward from the receptionist.	23
修練完了だ	receptionist. Training complete.	Training complete.	32
