討伐修練【緊急】	Exterminate [Urgent]	Exterminate [Urgent]	
スペル官吏	Spel	Spel	
リブラ森林で突如繁殖した獣を	Monsters suddenly appeared	Monsters suddenly appeared	
討伐してください	in Libra Forest. Defeat them.	in Libra Forest. Defeat them.	
バザルタ出張所のスペルより	From Spel. (It's urgent. Please	From Spel. (It's urgent. Please	
（緊急なので参加はお早めに）	hurry if you're participating.)	hurry if you're participating.)	
ウゴキソウの討伐	Defeat Predatory Plantmen	Defeat Predatory Plantmen	
			
			
バザルタ出張所の	I'll meet with Spel at the	I'll meet with Spel at the	
スペル官吏に会う	Bazalta branch office.	Bazalta branch office.	
ベイガーに勝負を挑まれた	Got challenged by Bayger.	Got challenged by Bayger.	
この修練で競争したいらしい	Training will be a competition.	Training will be a competition.	
参加報告したらベイガーが出た	Bayger reported participation	Veigar reported participation and left.	29
ヤツに連れられてリブラ森林へ	and left. I'll follow to Libra.	I'll follow him to Libra Forest.	31
リブラ森林にいるウゴキソウ	Plantmen are in Libra Forest.	Plantmen are in Libra Forest.	
これが修練の標的だ	That's the training objective.	That's the training objective.	
標的をそれなりに倒した	Completed the objective.	Completed the objective.	
出張所前でベイガーと合流だ	Met with Bayger at the office.	Met with Bayger at the office.	
引き分けが不満なベイガーが	We drew. Bayger says	We drew. Beyger says	
勝負したいと言っている	he wants to challenge me.	he wants to challenge me.	
修練の報奨をかけて	Fought Bayger, betting	Fought Beyger, betting	
ベイガーと戦った	the reward.	the reward.	
捨て台詞を残して去るベイガー	Bayger left, insulting me.	Beyger left, insulting me.	
さあ、スペル官吏に報告だ	Time to report to Spel.	Time to report to Spel.	
スペル官吏から報奨をもらう	Got the reward from Spel.	Got the reward from Spel.	
修練完了だ	Training complete.	Training complete.	
