鉱物資源の収集【緊急】	Ore Gathering [Urgent]	Ore Gathering [Urgent]
スペル官吏	Spel	Spel
ドネイ回廊で資源となる鉱物を	Please gather ore in	Please gather ore in
採集してください	Donea Corridor.	Donea Corridor.
バザルタ出張所のスペルより	From Spel. (It's urgent. Please	From Spel. (It's urgent. Please
（緊急なので参加はお早めに）	hurry if you're participating.)	hurry if you're participating.)
ヘレライト	Helerite	Helerite
		
		
バザルタ出張所の	I'll meet with Spel at the	I'll meet with Spel at the
スペル官吏に会う	Bazalta branch office.	Bazalta branch office.
再びベイガーに勝負を挑まれた	Challenged by Bayger again.	Challenged by Beyger again.
…おれに構って欲しいのか？	...What is that guy's problem?	...What is that guy's problem?
参加報告したらベイガーが出た	Bayger reported and left. He'll	Veigar reported and left. He'll
ヤツに連れられてドネイ回廊へ	take me to Donea Corridor.	take me to Donea Corridor.
ドネイ回廊で採れるヘレライト	The objective is to collect	The objective is to collect
これを３つ集めれば目的達成だ	three Helerite ores.	three Helerite ores.
ヘレライトを３つ集めた	Got the Helerites. Heading	Got the Helerites. Heading
ドネイ回廊の入り口に戻ろう	back to the corridor entrance.	back to the corridor entrance.
先に着いて勝ち誇るベイガー	Bayger was elated and didn't	Beyger was elated and didn't
後ろのイビノスに気付かない	see the ibinos behind him.	see the ibinos behind him.
悔しそうに走り去るベイガー	Veigar annoyingly ran away.	Veigar annoyingly ran away.
もう出てこないことを祈る	Hope I don't see him again.	Hope I don't see him again.
スペル官吏から報奨をもらう	Got the reward from Spel.	Got the reward from Spel.
修練完了だ	Training complete.	Training complete.
既に修練は締め切られていた	The training's already closed.	The training's already closed.
もっと早くに来ていれば…	If only I had been quicker...	If only I had been quicker...
