衛兵の剣の没収	Seize Sentinel's Sword	Seize Sentinel's Sword
リド	Rid	Rid
親方命令だ！	Boss's orders! 	Boss's orders! 
ガンドアの大橋にいる	Go to longbridge and	Go to longbridge and
衛兵のプロポから剣を奪え！	seize Propo's sword.	seize Propo's sword.
報告はリドまで	See Rid for more info.	See Rid for more info.
プロポの剣	Propo's Sword	Propo's Sword
		
		
ガンドアのタイロン租界で	I'll meet Rid at Tylong	I'll meet Rid at Tylong
リドに会う	Compound in Ghandoar.	Compound in Ghandoar.
ガンドア大橋の衛兵プロポから	Looks like I need to steal	Looks like I need to steal
剣を奪えばいいらしい	guard Propo's sword.	guard Propo's sword.
プロポの剣を手に入れた	Got Propo's sword.	Got Propo's sword.
ひどい言われようだった	He said awful things.	He said awful things.
プロポの剣をリドに渡した	Gave the sword to Rid.	Gave the sword to Rid.
本当にこれで良かったのか？	Is this really all right?	Is this really all right?
