森のイビノス駆除【重大】	Forest Ibinos [Major]	Forest Ibinos [Major]
ヒヴォット官吏	Hivot	Hivot
マイヤールの森に大発生した	There's been a huge outbreak	There's been a huge outbreak
イビノスを討伐せよ	of ibinos in Miyar Forest.	of ibinos in Miyar Forest.
修練の詳細はバザルタ出張所の	For details, see Hivot at the	For details, see Hivot at the
ヒヴォットよりご説明致します	Bazalta legion office.	Bazalta legion office.
イビノスボス	Ibinos Boss	Ibinos Boss
		
		
バザルタ出張所の	I'll meet with Hivot at the	I'll meet with Hivot at the
ヒヴォット官吏に会う	Bazalta legion office.	Bazalta legion office.
目的地であるマイヤールの森は	Miyar Forest is the target	Miyar Forest is the target area.
リブラ森林の先にあるらしい	area. It's just past Libra Forest.	Seems it's just past Libra Forest.
森でマキスと再会した	Met Makis at the forest. He	Met Makis at the forest. He
ボスを倒せと教えられる	told me how to beat the boss.	told me how to beat the boss.
初めてイビノスと戦った！	Fought the first ibinos battle!	Fought the first ibinos battle!
とても手ごわい…！	They're super strong...!	They're super strong...!
森にはレンの仲間が大勢いた	Ren's comrades were there too.	Ren's comrades were there too.
あいつも参加していたのか…	So they're here too, huh...	So they're here too, huh...
イビノスボスはレンに倒された	Ren defeated the ibinos boss.	Ren defeated the ibinos boss.
ほんの少しの違いだった	We weren't so far apart.	We weren't so far apart.
初めて修練に失敗した	It was my first training failure.	It was my first training failure.
当然何も得られなかった	Naturally, I received nothing.	Naturally, I received nothing.
