七騎士認定修練【重大】	Seven Certification [Major]	Seven Certification [Major]
ヒヴォット官吏	Hivot	Hivot
七騎士センゴクの技を受けよ！	Can you stand up to Sengoku!?	Can you stand up to Sengoku!?
耐えし者を七騎士に迎える！	If you can, you'll be one of the	If you can, you'll be one of the
ラ・キット遺跡で待つセンゴクに	Seven! Announce your intention	Seven! Announce your intention
己が名を告げるべし	to Sengoku at the La-Kit Ruins!	to Sengoku at the La-Kit Ruins!
センゴクの技を受ける	Withstand Sengoku's skill	Withstand Sengoku's skill
		
		
申し込みの必要はないようだ	It seems there's no need	Seems there's no need to apply.
	to apply.	
