0	ＢＧＭとＳＥの音量を設定します \b(03)初期設定に戻す	Set BGM and SE volume \b(03)Reset to default
1	ボイスの音量を設定します \b(03)初期設定に戻す	Set voice volume \b(03)Reset to default
2	フィールドカメラの回転方向を設定します \b(03)初期設定に戻す	Set field camera rotation direction \b(03)Reset to default
3	イベント中の字幕の表示を設定します \b(03)初期設定に戻す	Change event subtitle display \b(03)Reset to default
4	メッセージ速度を設定します \b(03)初期設定に戻す	Set message speed \b(03)Reset to default
5	インストールデータの使用を設定します \b(03)初期設定に戻す	Set installed data usage \b(03)Reset to default
6	初期設定に戻してもよろしいですか？	Reset to default settings?
7	は　い	Yes
8	いいえ	No
9		
