<?xml version="1.0" encoding="UTF-8"?>
<metadata>
  <identifier>wsr_swordplay_showdown_100_miis_wild_stages</identifier>
  <mediatype>data</mediatype>
  <collection>opensource_media</collection>
  <date>2025-09-12</date>
  <description>These are the 20 Wild Stages with 100 Miis.</description>
  <scanner>Internet Archive HTML5 Uploader 1.7.0</scanner>
  <subject>ROM Hack</subject>
  <title>Wii Sports Resort Swordplay Showdown Wild Stages</title>
  <uploader>bradleydobbs2020@gmail.com</uploader>
  <publicdate>2025-09-12 17:55:02</publicdate>
  <addeddate>2025-09-12 17:55:02</addeddate>
  <curation>[curator]validator@archive.org[/curator][date]20250912180043[/date][comment]checked for malware[/comment]</curation>
  <language>English</language>
</metadata>
