<?xml version="1.0" encoding="UTF-8"?>
<files>
  <file name="wsr_swordplay_showdown_100_miis_wild_stages.zip" source="original">
    <mtime>1757699679</mtime>
    <size>74849</size>
    <md5>3c7368b378d83b8b6a653239c475ee1c</md5>
    <crc32>fa2f4abf</crc32>
    <sha1>1ad654fd82a622f2b3218c21b2cb727d7d77ede9</sha1>
    <format>ZIP</format>
    <filecount>3</filecount>
    <viruscheck>1757700043</viruscheck>
  </file>
  <file name="wsr_swordplay_showdown_100_miis_wild_stages_archive.torrent" source="metadata">
    <btih>c8862132f1e9d31e84b668ba218f3eda460066ea</btih>
    <mtime>1757701446</mtime>
    <size>1959</size>
    <md5>3697f06f3f1427069120f114c3e87901</md5>
    <crc32>a1a35617</crc32>
    <sha1>4be8f5f6cfb41450b1f543489e57cae9df9be9b8</sha1>
    <format>Archive BitTorrent</format>
  </file>
  <file name="wsr_swordplay_showdown_100_miis_wild_stages_files.xml" source="original">
    <format>Metadata</format>
    <md5>a77b12a881588759d06d4be2f03dc6c1</md5>
    <summation>md5</summation>
  </file>
  <file name="wsr_swordplay_showdown_100_miis_wild_stages_meta.sqlite" source="original">
    <mtime>1757699726</mtime>
    <size>20480</size>
    <md5>5d4c794ce5f46918138d11039c74fb95</md5>
    <crc32>4aac0487</crc32>
    <sha1>3c5decd6b99d00aac110b4a3262245d9a0fdc27f</sha1>
    <format>Metadata</format>
  </file>
  <file name="wsr_swordplay_showdown_100_miis_wild_stages_meta.xml" source="original">
    <mtime>1757701445</mtime>
    <size>763</size>
    <md5>5fda7aa4c5f2d391e40d8ed80733e2fc</md5>
    <crc32>0e492cbc</crc32>
    <sha1>cac0f2bba0a71f2097798b9a6aff3c82eae91d04</sha1>
    <format>Metadata</format>
  </file>
</files>
