<?xml version="1.0" encoding="UTF-8"?>
<metadata>
  <identifier>light-crusader-modernized</identifier>
  <mediatype>software</mediatype>
  <collection>open_source_software</collection>
  <creator>Nintenja</creator>
  <description>Light Crusader for Sega Megadrive/Genesis is a classic action rpg developed by Treasure and released in 1995. Here are three enhancements that make the game more Modernized.&lt;div&gt;Apply this patch to a USA rom of Light Crusader,&lt;/div&gt;&lt;div&gt;&lt;span style="color:rgb(173,216,230);font-family:Arial, Helvetica, sans-serif;font-size:17px;text-align:center;"&gt;&lt;br /&gt;&lt;/span&gt;&lt;/div&gt;&lt;div&gt;&lt;div style="font-family:lato, 'helvetica neue', Helvetica, Arial, sans-serif;"&gt;1.Light Crusader - Skippable Intro Cutsenes Hack&lt;/div&gt;&lt;div style="font-family:lato, 'helvetica neue', Helvetica, Arial, sans-serif;"&gt;This modification allows player to skip intro cutscene sequences.&lt;/div&gt;&lt;div style="font-family:lato, 'helvetica neue', Helvetica, Arial, sans-serif;"&gt;Features:&lt;/div&gt;&lt;div style="font-family:lato, 'helvetica neue', Helvetica, Arial, sans-serif;"&gt;Allows to skip intro cutsene by pressing start&lt;/div&gt;&lt;div style="font-family:lato, 'helvetica neue', Helvetica, Arial, sans-serif;"&gt;Fixed end credits skip&lt;/div&gt;&lt;div style="font-family:lato, 'helvetica neue', Helvetica, Arial, sans-serif;"&gt;Fixed color fade animation glitches&lt;/div&gt;&lt;div style="font-family:lato, 'helvetica neue', Helvetica, Arial, sans-serif;"&gt;Known issues:&lt;/div&gt;&lt;div style="font-family:lato, 'helvetica neue', Helvetica, Arial, sans-serif;"&gt;This hack does not allow to skip “arriving to town” and “talk to king” sequences&lt;/div&gt;&lt;/div&gt;&lt;div&gt;By Segaman&lt;/div&gt;&lt;div&gt;https://www.romhacking.net/hacks/8734/&lt;/div&gt;&lt;div&gt;&lt;br /&gt;&lt;/div&gt;&lt;div&gt;2.&lt;span style="color:rgb(173,216,230);font-family:Arial, Helvetica, sans-serif;font-size:17px;text-align:center;"&gt;Light Crusader - Color Palette Optimization Hack v1.1&lt;/span&gt;&lt;/div&gt;&lt;div&gt;&lt;span style="color:rgb(173,216,230);font-family:Arial, Helvetica, sans-serif;font-size:17px;text-align:center;"&gt;Description:&lt;/span&gt;&lt;/div&gt;&lt;div&gt;&lt;span style="color:rgb(173,216,230);font-family:Arial, Helvetica, sans-serif;font-size:17px;text-align:center;"&gt;This modification improves the palette transition effects. The code is written from scratch using color tables, which greatly speeds up the game during loading and gameplay.&lt;/span&gt;&lt;/div&gt;&lt;div&gt;&lt;span style="color:rgb(173,216,230);font-family:Arial, Helvetica, sans-serif;font-size:17px;text-align:center;"&gt;Also, frame-by-frame animation was removed, which caused the red tint to lag, making the colors seem unnatural and faded. This is actually the main reason behind the idea of ​​this hack - to remove color issues&lt;/span&gt;&lt;/div&gt;&lt;div&gt;&lt;span style="color:rgb(173,216,230);font-family:Arial, Helvetica, sans-serif;font-size:17px;text-align:center;"&gt;Inside the code, the palette effect is applied every frame and uses complex math involving the multiply instruction, which uses many CPU cycles and is very taxing on the code. Now all calculations are pre-calculated and stored in a separate table, which uses much fewer CPU cycles for reading.&lt;/span&gt;&lt;/div&gt;&lt;div&gt;&lt;span style="color:rgb(173,216,230);font-family:Arial, Helvetica, sans-serif;font-size:17px;text-align:center;"&gt;Features:&lt;/span&gt;&lt;/div&gt;&lt;div&gt;&lt;span style="color:rgb(173,216,230);font-family:Arial, Helvetica, sans-serif;font-size:17px;text-align:center;"&gt;v1.0&lt;/span&gt;&lt;/div&gt;&lt;div&gt;&lt;span style="color:rgb(173,216,230);font-family:Arial, Helvetica, sans-serif;font-size:17px;text-align:center;"&gt;Rewritten pallette routine from scratch&lt;/span&gt;&lt;/div&gt;&lt;div&gt;&lt;span style="color:rgb(173,216,230);font-family:Arial, Helvetica, sans-serif;font-size:17px;text-align:center;"&gt;Added color tables for fade effects both to dark and light&lt;/span&gt;&lt;/div&gt;&lt;div&gt;&lt;span style="color:rgb(173,216,230);font-family:Arial, Helvetica, sans-serif;font-size:17px;text-align:center;"&gt;Optimized palette routines provided faster loading times&lt;/span&gt;&lt;/div&gt;&lt;div&gt;&lt;span style="color:rgb(173,216,230);font-family:Arial, Helvetica, sans-serif;font-size:17px;text-align:center;"&gt;v1.1&lt;/span&gt;&lt;/div&gt;&lt;div&gt;&lt;span style="color:rgb(173,216,230);font-family:Arial, Helvetica, sans-serif;font-size:17px;text-align:center;"&gt;Fixed fade to white effect on boss defeat or event&lt;/span&gt;&lt;/div&gt;&lt;div&gt;&lt;span style="color:rgb(173,216,230);font-family:Arial, Helvetica, sans-serif;font-size:17px;text-align:center;"&gt;Fixed fade effects on final boss&lt;/span&gt;&lt;/div&gt;&lt;div&gt;&lt;span style="color:rgb(173,216,230);font-family:Arial, Helvetica, sans-serif;font-size:17px;text-align:center;"&gt;By Segaman&lt;/span&gt;&lt;/div&gt;&lt;div&gt;&lt;span style="color:rgb(173,216,230);font-family:Arial, Helvetica, sans-serif;font-size:17px;text-align:center;"&gt;https://www.romhacking.net/forum/index.php?topic=35801.0&lt;/span&gt;&lt;/div&gt;&lt;div&gt;&lt;br /&gt;&lt;/div&gt;&lt;div&gt;3.Light Crusader - Double Jump&lt;/div&gt;&lt;div&gt;"This is a simple patch that adds a double jump in Light Crusader on Sega Genesis.&lt;/div&gt;&lt;div&gt;How it works:&lt;br /&gt;&lt;/div&gt;&lt;div&gt;David is allowed a second jump by default to help him navigate dungeons and puzzles."&lt;/div&gt;&lt;div&gt;By BillyTime! Games!&lt;/div&gt;&lt;div&gt;https://www.romhacking.net/hacks/8505/&lt;/div&gt;</description>
  <scanner>Internet Archive HTML5 Uploader 1.7.0</scanner>
  <subject>Light Crusader</subject>
  <subject>megadrive</subject>
  <subject>Genesis</subject>
  <subject>rpg</subject>
  <subject>role playing game</subject>
  <subject>action rpg</subject>
  <subject>hack and slash</subject>
  <subject>sega</subject>
  <subject>classic</subject>
  <subject>Modernized</subject>
  <subject>modernization</subject>
  <subject>Pixel freemaster</subject>
  <subject>freemaster</subject>
  <subject>nintenja</subject>
  <subject>rom hack</subject>
  <subject>improvement</subject>
  <title>Light Crusader Modernized</title>
  <uploader>nintenjaofficial@gmail.com</uploader>
  <publicdate>2024-07-15 18:25:14</publicdate>
  <addeddate>2024-07-15 18:25:14</addeddate>
  <curation>[curator]validator@archive.org[/curator][date]20240715183030[/date][comment]checked for malware[/comment]</curation>
</metadata>
