<?xml version="1.0" encoding="UTF-8"?>
<files>
  <file name="Light Crusader-Modernized (skippable intro cutscene+color pallette optimization+Double Jump).ips" source="original">
    <mtime>1721067897</mtime>
    <size>4660</size>
    <md5>f016ae01770f08432d3e0658d5a34880</md5>
    <crc32>32e5863f</crc32>
    <sha1>56ff92b606c122793c6af29c5f188d5df3bee9ce</sha1>
    <format>Unknown</format>
    <viruscheck>1721068230</viruscheck>
  </file>
  <file name="light-crusader-modernized_archive.torrent" source="metadata">
    <btih>6656b91dd4c12300806927336d993bc696fd50de</btih>
    <mtime>1721068986</mtime>
    <size>1846</size>
    <md5>91a383c93d9fdff86a8d65b1fb7ce57d</md5>
    <crc32>25b14cf3</crc32>
    <sha1>a787d44fc9ad87ba9025352e33a53d910848ef12</sha1>
    <format>Archive BitTorrent</format>
  </file>
  <file name="light-crusader-modernized_files.xml" source="original">
    <format>Metadata</format>
    <md5>70c012a443ba2dd1640ccd41e83d1c39</md5>
    <summation>md5</summation>
  </file>
  <file name="light-crusader-modernized_meta.sqlite" source="original">
    <mtime>1721067920</mtime>
    <size>36864</size>
    <md5>139678c8c24d28dcc744c9c3ec2c2a43</md5>
    <crc32>c7e88a0c</crc32>
    <sha1>63c935a0c9d0555c0fd2ae260cb836e4882e3c0d</sha1>
    <format>Metadata</format>
  </file>
  <file name="light-crusader-modernized_meta.xml" source="original">
    <mtime>1721068985</mtime>
    <size>6635</size>
    <md5>18681b97b974f992339f9bf0ed02c87a</md5>
    <crc32>ec1ed0f6</crc32>
    <sha1>70e113a020b1c8a02ff082d3563e08ffe9aa1069</sha1>
    <format>Metadata</format>
  </file>
</files>
