{
  "id": "MAP_SSANNE_3F_CORRIDOR",
  "name": "SSAnne_3F_Corridor",
  "layout": "LAYOUT_SSANNE_3F_CORRIDOR",
  "music": "MUS_SS_ANNE",
  "region_map_section": "MAPSEC_S_S_ANNE",
  "requires_flash": false,
  "weather": "WEATHER_NONE",
  "map_type": "MAP_TYPE_INDOOR",
  "allow_cycling": false,
  "allow_escaping": false,
  "allow_running": true,
  "show_map_name": true,
  "floor_number": 0,
  "battle_scene": "MAP_BATTLE_SCENE_NORMAL",
  "connections": 0,
  "object_events": [
    {
      "type": "object",
      "graphics_id": "OBJ_EVENT_GFX_SAILOR",
      "x": 9,
      "y": 3,
      "elevation": 3,
      "movement_type": "MOVEMENT_TYPE_WANDER_LEFT_AND_RIGHT",
      "movement_range_x": 3,
      "movement_range_y": 1,
      "trainer_type": "TRAINER_TYPE_NONE",
      "trainer_sight_or_berry_tree_id": "0",
      "script": "SSAnne_3F_Corridor_EventScript_Sailor",
      "flag": "0",
      "in_connection": false
    }
  ],
  "warp_events": [
    {
      "x": 19,
      "y": 3,
      "elevation": 3,
      "dest_map": "MAP_SSANNE_2F_CORRIDOR",
      "dest_warp_id": "1"
    },
    {
      "x": 0,
      "y": 3,
      "elevation": 0,
      "dest_map": "MAP_SSANNE_DECK",
      "dest_warp_id": "0"
    }
  ],
  "coord_events": [

  ],
  "bg_events": [

  ]
}
