<?xml version="1.0" encoding="UTF-8"?>
<files>
  <file name="Terranigma 1.25X Enemy Stat increase.ips" source="original">
    <mtime>1743467027</mtime>
    <size>1105</size>
    <md5>bc1d4f457af362b2df25823defdf30fa</md5>
    <crc32>c8480eea</crc32>
    <sha1>9ce9a8fc67b479081627fabca720ee06c5af531c</sha1>
    <format>Unknown</format>
    <viruscheck>1743467352</viruscheck>
  </file>
  <file name="Terranigma Double Enemy HP.ips" source="original">
    <mtime>1742693812</mtime>
    <size>1190</size>
    <md5>1f11fca44ba8bdabbf47adfb18e2312c</md5>
    <crc32>eccadadc</crc32>
    <sha1>ba6e91a124420e0b7204a32c71a17aec089da3a5</sha1>
    <format>Unknown</format>
    <viruscheck>1742694344</viruscheck>
  </file>
  <file name="terranigma-double-boss-hp_archive.torrent" source="metadata">
    <btih>0675f390171427c88cf1d6c7451982d237f88f80</btih>
    <mtime>1743880592</mtime>
    <size>1973</size>
    <md5>34a180348d1f7d1d14d1de410e35c6d4</md5>
    <crc32>e1265ad5</crc32>
    <sha1>a1be6eedbde520a00ee7dc161c718a56afff43a6</sha1>
    <format>Archive BitTorrent</format>
  </file>
  <file name="terranigma-double-boss-hp_files.xml" source="original">
    <format>Metadata</format>
    <md5>b6e953a9b1f5d3c269e066505deca5c8</md5>
    <summation>md5</summation>
  </file>
  <file name="terranigma-double-boss-hp_meta.sqlite" source="original">
    <mtime>1743880591</mtime>
    <size>20480</size>
    <md5>7ccf6e36a2a67f20d436f294b919e8a8</md5>
    <crc32>68e4dda3</crc32>
    <sha1>fdfe6b5f1ee25eba2b623c2326ed35f7a8cb4d1e</sha1>
    <format>Metadata</format>
  </file>
  <file name="terranigma-double-boss-hp_meta.xml" source="original">
    <mtime>1743467386</mtime>
    <size>1766</size>
    <md5>a205e4339ca874f4638c2dd13a85dd8c</md5>
    <crc32>b2484d9e</crc32>
    <sha1>23d998f836872462727ca7b0a8d08bfa1c33472d</sha1>
    <format>Metadata</format>
  </file>
</files>
