<?xml version="1.0" encoding="UTF-8"?>
<files>
  <file name="Terranigma Balanced Magic Damage.ips" source="original">
    <mtime>1742672308</mtime>
    <size>44</size>
    <md5>8f1a00985a9a0a4025ff273da8315bd4</md5>
    <crc32>0bb62a67</crc32>
    <sha1>7a10da3dc11c25429502d8b8e68ed45359f3a82e</sha1>
    <format>Unknown</format>
    <viruscheck>1742672631</viruscheck>
  </file>
  <file name="Terranigma Double Magic Damge.ips" source="original">
    <mtime>1742621545</mtime>
    <size>50</size>
    <md5>9ca7c67664a9b9138b52ae2ad3939c54</md5>
    <crc32>9be06e1d</crc32>
    <sha1>5f51da2d8e087e73d8daa67328627c7bedaaffbf</sha1>
    <format>Unknown</format>
    <viruscheck>1742621893</viruscheck>
  </file>
  <file name="terranigma-double-magic-damge_archive.torrent" source="metadata">
    <btih>6a5026b7976e012329ce438a0ac654b4166907f3</btih>
    <mtime>1742698132</mtime>
    <size>2004</size>
    <md5>c49611196537e14ffa7440b787b1a73b</md5>
    <crc32>240309a6</crc32>
    <sha1>be11373a665f6fc75c2e555b6dbc9a826135faad</sha1>
    <format>Archive BitTorrent</format>
  </file>
  <file name="terranigma-double-magic-damge_files.xml" source="original">
    <format>Metadata</format>
    <md5>bb086e211ff51dd293392820c77452a4</md5>
    <summation>md5</summation>
  </file>
  <file name="terranigma-double-magic-damge_meta.sqlite" source="original">
    <mtime>1742672313</mtime>
    <size>20480</size>
    <md5>c20a8c7af13bce79b22a32243c0160db</md5>
    <crc32>041db547</crc32>
    <sha1>c30fcb5b87c86308d68f339ae6044e7f4b53fd92</sha1>
    <format>Metadata</format>
  </file>
  <file name="terranigma-double-magic-damge_meta.xml" source="original">
    <mtime>1742698131</mtime>
    <size>1893</size>
    <md5>8b41974436210eb33d0fe4e7ebf0ca52</md5>
    <crc32>ccfc305e</crc32>
    <sha1>ff89be87e98fd136559681687805cfed112ba74b</sha1>
    <format>Metadata</format>
  </file>
</files>
