<?xml version="1.0" encoding="UTF-8"?>
<metadata>
  <identifier>terranigma-double-magic-damge</identifier>
  <mediatype>data</mediatype>
  <collection>opensource_media</collection>
  <creator>FaydGamer</creator>
  <date>2025-03-21</date>
  <description>&lt;p style="text-indent:0.5cm;font-family:Arial, Helvetica, sans-serif;font-size:15px;background-color:rgb(247,250,252);"&gt;Magic is usually an afterthought in Terranigma, so I wanted to make something to make it more useful.&lt;/p&gt;&lt;p style="text-indent:0.5cm;font-family:Arial, Helvetica, sans-serif;font-size:15px;background-color:rgb(247,250,252);"&gt;Increases the Magic Damage by 2X.&lt;/p&gt;&lt;p style="text-indent:0.5cm;font-family:Arial, Helvetica, sans-serif;font-size:15px;background-color:rgb(247,250,252);"&gt;Added a Second Patch thats more Balanced&lt;/p&gt;&lt;p style="text-indent:0.5cm;font-family:Arial, Helvetica, sans-serif;font-size:15px;background-color:rgb(247,250,252);"&gt;Weaker Magic Spells are now 50 Damage Stronger MAgic Spells are now 85 Damage&lt;/p&gt;&lt;p style="text-indent:0.5cm;font-family:Arial, Helvetica, sans-serif;font-size:15px;background-color:rgb(247,250,252);"&gt;If there’s any fans of Terranigma that has requests for some improvement patches, feel free to share. As long as it’s in my capability, I will make them. Especially since Terranigma is in dire need of more hacks.&lt;/p&gt;</description>
  <scanner>Internet Archive HTML5 Uploader 1.7.0</scanner>
  <subject>Terranigma</subject>
  <subject>Snes</subject>
  <subject>Rom Hack</subject>
  <title>Terranigma Balanced Magic Damage</title>
  <uploader>faydpromotions@gmail.com</uploader>
  <publicdate>2025-03-22 05:32:43</publicdate>
  <addeddate>2025-03-22 05:32:43</addeddate>
  <curation>[curator]validator@archive.org[/curator][date]20250322053813[/date][comment]checked for malware[/comment]</curation>
</metadata>
