{
  "id": "MAP_MT_EMBER_SUMMIT_PATH_3F",
  "name": "MtEmber_SummitPath_3F",
  "layout": "LAYOUT_MT_EMBER_SUMMIT_PATH_3F",
  "music": "MUS_SEVII_CAVE",
  "region_map_section": "MAPSEC_MT_EMBER",
  "requires_flash": false,
  "weather": "WEATHER_NONE",
  "map_type": "MAP_TYPE_UNDERGROUND",
  "allow_cycling": true,
  "allow_escaping": true,
  "allow_running": true,
  "show_map_name": true,
  "floor_number": 0,
  "battle_scene": "MAP_BATTLE_SCENE_NORMAL",
  "connections": 0,
  "object_events": [

  ],
  "warp_events": [
    {
      "x": 2,
      "y": 4,
      "elevation": 0,
      "dest_map": "MAP_MT_EMBER_SUMMIT_PATH_2F",
      "dest_warp_id": "1"
    },
    {
      "x": 11,
      "y": 8,
      "elevation": 0,
      "dest_map": "MAP_MT_EMBER_EXTERIOR",
      "dest_warp_id": "3"
    }
  ],
  "coord_events": [

  ],
  "bg_events": [

  ]
}
