{
  "id": "MAP_ROUTE12_NORTH_ENTRANCE_1F",
  "name": "Route12_NorthEntrance_1F",
  "layout": "LAYOUT_ROUTE12_NORTH_ENTRANCE_1F",
  "music": "MUS_PEWTER",
  "region_map_section": "MAPSEC_ROUTE_12",
  "requires_flash": false,
  "weather": "WEATHER_NONE",
  "map_type": "MAP_TYPE_INDOOR",
  "allow_cycling": true,
  "allow_escaping": false,
  "allow_running": true,
  "show_map_name": false,
  "floor_number": 0,
  "battle_scene": "MAP_BATTLE_SCENE_NORMAL",
  "connections": 0,
  "object_events": [
    {
      "type": "object",
      "graphics_id": "OBJ_EVENT_GFX_POLICEMAN",
      "x": 1,
      "y": 3,
      "elevation": 3,
      "movement_type": "MOVEMENT_TYPE_LOOK_AROUND",
      "movement_range_x": 1,
      "movement_range_y": 1,
      "trainer_type": "TRAINER_TYPE_NONE",
      "trainer_sight_or_berry_tree_id": "0",
      "script": "Route12_NorthEntrance_1F_EventScript_Guard",
      "flag": "0",
      "in_connection": false
    }
  ],
  "warp_events": [
    {
      "x": 4,
      "y": 0,
      "elevation": 3,
      "dest_map": "MAP_ROUTE12",
      "dest_warp_id": "1"
    },
    {
      "x": 5,
      "y": 0,
      "elevation": 0,
      "dest_map": "MAP_ROUTE12",
      "dest_warp_id": "2"
    },
    {
      "x": 4,
      "y": 7,
      "elevation": 3,
      "dest_map": "MAP_ROUTE12",
      "dest_warp_id": "3"
    },
    {
      "x": 5,
      "y": 7,
      "elevation": 3,
      "dest_map": "MAP_ROUTE12",
      "dest_warp_id": "3"
    },
    {
      "x": 8,
      "y": 6,
      "elevation": 3,
      "dest_map": "MAP_ROUTE12_NORTH_ENTRANCE_2F",
      "dest_warp_id": "0"
    }
  ],
  "coord_events": [

  ],
  "bg_events": [

  ]
}
