{
  "Enemy": {
    "Drop1": {
      "Offset": "0x08",
      "Length": 2,
      "RawHex": true
    },
    "Drop2": {
      "Offset": "0x0A",
      "Length": 2,
      "RawHex": true
    },
    "Health": {
      "Offset": "0x0C",
      "Length": 2,
      "RawHex": false
    },
    "Experience": {
      "Offset": "0x0E",
      "Length": 2,
      "RawHex": false
    },
    "Level": {
      "Offset": "0x10",
      "Length": 1,
      "RawHex": false
    },
    "Defense": {
      "Offset": "0x11",
      "Length": 1,
      "RawHex": false
    },
    "Damage": {
      "Offset": "0x14",
      "Length": 2,
      "RawHex": false
    },
    "Attack1": {
      "Offset": "0x16",
      "Length": 2,
      "RawHex": false
    },
    "Attack2": {
      "Offset": "0x18",
      "Length": 2,
      "RawHex": false
    },
    "Attack3": {
      "Offset": "0x1A",
      "Length": 2,
      "RawHex": false
    },
    "DamageType": {
      "Offset": "0x1C",
      "Length": 1,
      "RawHex": true
    },
    "Attack1Type": {
      "Offset": "0x1D",
      "Length": 1,
      "RawHex": true
    },
    "Attack2Type": {
      "Offset": "0x1E",
      "Length": 1,
      "RawHex": true
    },
    "Attack3Type": {
      "Offset": "0x1F",
      "Length": 1,
      "RawHex": true
    },
    "Resist": {
      "Offset": "0x20",
      "Length": 1,
      "RawHex": true
    },
    "Weak": {
      "Offset": "0x21",
      "Length": 1,
      "RawHex": true
    }
  }
}