{
  "id": "MAP_PALLET_TOWN_PROFESSOR_OAKS_LAB",
  "name": "PalletTown_ProfessorOaksLab",
  "layout": "LAYOUT_PALLET_TOWN_PROFESSOR_OAKS_LAB",
  "music": "MUS_OAK_LAB",
  "region_map_section": "MAPSEC_PALLET_TOWN",
  "requires_flash": false,
  "weather": "WEATHER_NONE",
  "map_type": "MAP_TYPE_INDOOR",
  "allow_cycling": false,
  "allow_escaping": false,
  "allow_running": false,
  "show_map_name": false,
  "floor_number": 0,
  "battle_scene": "MAP_BATTLE_SCENE_NORMAL",
  "connections": 0,
  "object_events": [
    {
      "type": "object",
      "graphics_id": "OBJ_EVENT_GFX_SCIENTIST",
      "x": 2,
      "y": 10,
      "elevation": 3,
      "movement_type": "MOVEMENT_TYPE_LOOK_AROUND",
      "movement_range_x": 0,
      "movement_range_y": 0,
      "trainer_type": "TRAINER_TYPE_NONE",
      "trainer_sight_or_berry_tree_id": "0",
      "script": "PalletTown_ProfessorOaksLab_EventScript_Aide1",
      "flag": "0",
      "in_connection": false
    },
    {
      "type": "object",
      "graphics_id": "OBJ_EVENT_GFX_WOMAN_1",
      "x": 1,
      "y": 9,
      "elevation": 3,
      "movement_type": "MOVEMENT_TYPE_WANDER_UP_AND_DOWN",
      "movement_range_x": 0,
      "movement_range_y": 4,
      "trainer_type": "TRAINER_TYPE_NONE",
      "trainer_sight_or_berry_tree_id": "0",
      "script": "PalletTown_ProfessorOaksLab_EventScript_Aide3",
      "flag": "0",
      "in_connection": false
    },
    {
      "type": "object",
      "graphics_id": "OBJ_EVENT_GFX_SCIENTIST",
      "x": 8,
      "y": 10,
      "elevation": 3,
      "movement_type": "MOVEMENT_TYPE_LOOK_AROUND",
      "movement_range_x": 0,
      "movement_range_y": 0,
      "trainer_type": "TRAINER_TYPE_NONE",
      "trainer_sight_or_berry_tree_id": "0",
      "script": "PalletTown_ProfessorOaksLab_EventScript_Aide2",
      "flag": "0",
      "in_connection": false
    },
    {
      "type": "object",
      "graphics_id": "OBJ_EVENT_GFX_PROF_OAK",
      "x": 5,
      "y": 2,
      "elevation": 3,
      "movement_type": "MOVEMENT_TYPE_FACE_DOWN",
      "movement_range_x": 1,
      "movement_range_y": 1,
      "trainer_type": "TRAINER_TYPE_NONE",
      "trainer_sight_or_berry_tree_id": "0",
      "script": "PalletTown_ProfessorOaksLab_EventScript_ProfOak",
      "flag": "FLAG_HIDE_OAK_IN_HIS_LAB",
      "in_connection": false
    },
    {
      "type": "object",
      "graphics_id": "OBJ_EVENT_GFX_ITEM_BALL",
      "x": 8,
      "y": 3,
      "elevation": 0,
      "movement_type": "MOVEMENT_TYPE_FACE_DOWN",
      "movement_range_x": 1,
      "movement_range_y": 1,
      "trainer_type": "TRAINER_TYPE_NONE",
      "trainer_sight_or_berry_tree_id": "0",
      "script": "PalletTown_ProfessorOaksLab_EventScript_BulbasaurBall",
      "flag": "FLAG_HIDE_BULBASAUR_BALL",
      "in_connection": false
    },
    {
      "type": "object",
      "graphics_id": "OBJ_EVENT_GFX_ITEM_BALL",
      "x": 7,
      "y": 3,
      "elevation": 0,
      "movement_type": "MOVEMENT_TYPE_FACE_DOWN",
      "movement_range_x": 1,
      "movement_range_y": 1,
      "trainer_type": "TRAINER_TYPE_NONE",
      "trainer_sight_or_berry_tree_id": "0",
      "script": "PalletTown_ProfessorOaksLab_EventScript_SquirtleBall",
      "flag": "FLAG_HIDE_SQUIRTLE_BALL",
      "in_connection": false
    },
    {
      "type": "object",
      "graphics_id": "OBJ_EVENT_GFX_ITEM_BALL",
      "x": 6,
      "y": 3,
      "elevation": 0,
      "movement_type": "MOVEMENT_TYPE_FACE_DOWN",
      "movement_range_x": 1,
      "movement_range_y": 1,
      "trainer_type": "TRAINER_TYPE_NONE",
      "trainer_sight_or_berry_tree_id": "0",
      "script": "PalletTown_ProfessorOaksLab_EventScript_CharmanderBall",
      "flag": "FLAG_HIDE_CHARMANDER_BALL",
      "in_connection": false
    },
    {
      "type": "object",
      "graphics_id": "OBJ_EVENT_GFX_BLUE",
      "x": 4,
      "y": 3,
      "elevation": 3,
      "movement_type": "MOVEMENT_TYPE_FACE_DOWN",
      "movement_range_x": 1,
      "movement_range_y": 1,
      "trainer_type": "TRAINER_TYPE_NONE",
      "trainer_sight_or_berry_tree_id": "0",
      "script": "PalletTown_ProfessorOaksLab_EventScript_Rival",
      "flag": "FLAG_HIDE_RIVAL_IN_LAB",
      "in_connection": false
    },
    {
      "type": "object",
      "graphics_id": "OBJ_EVENT_GFX_POKEDEX",
      "x": 2,
      "y": 1,
      "elevation": 0,
      "movement_type": "MOVEMENT_TYPE_FACE_DOWN",
      "movement_range_x": 1,
      "movement_range_y": 1,
      "trainer_type": "TRAINER_TYPE_NONE",
      "trainer_sight_or_berry_tree_id": "0",
      "script": "PalletTown_ProfessorOaksLab_EventScript_Pokedex",
      "flag": "FLAG_HIDE_POKEDEX",
      "in_connection": false
    },
    {
      "type": "object",
      "graphics_id": "OBJ_EVENT_GFX_POKEDEX",
      "x": 3,
      "y": 1,
      "elevation": 0,
      "movement_type": "MOVEMENT_TYPE_FACE_DOWN",
      "movement_range_x": 1,
      "movement_range_y": 1,
      "trainer_type": "TRAINER_TYPE_NONE",
      "trainer_sight_or_berry_tree_id": "0",
      "script": "PalletTown_ProfessorOaksLab_EventScript_Pokedex",
      "flag": "FLAG_HIDE_POKEDEX",
      "in_connection": false
    }
  ],
  "warp_events": [
    {
      "x": 5,
      "y": 11,
      "elevation": 3,
      "dest_map": "MAP_PALLET_TOWN",
      "dest_warp_id": "2"
    },
    {
      "x": 4,
      "y": 11,
      "elevation": 3,
      "dest_map": "MAP_PALLET_TOWN",
      "dest_warp_id": "2"
    }
  ],
  "coord_events": [
    {
      "type": "trigger",
      "x": 4,
      "y": 6,
      "elevation": 3,
      "var": "VAR_MAP_SCENE_PALLET_TOWN_PROFESSOR_OAKS_LAB",
      "var_value": "2",
      "script": "PalletTown_ProfessorOaksLab_EventScript_LeaveStarterSceneTrigger"
    },
    {
      "type": "trigger",
      "x": 5,
      "y": 6,
      "elevation": 3,
      "var": "VAR_MAP_SCENE_PALLET_TOWN_PROFESSOR_OAKS_LAB",
      "var_value": "2",
      "script": "PalletTown_ProfessorOaksLab_EventScript_LeaveStarterSceneTrigger"
    },
    {
      "type": "trigger",
      "x": 4,
      "y": 6,
      "elevation": 3,
      "var": "VAR_MAP_SCENE_PALLET_TOWN_PROFESSOR_OAKS_LAB",
      "var_value": "3",
      "script": "PalletTown_ProfessorOaksLab_EventScript_RivalBattleTriggerLeft"
    },
    {
      "type": "trigger",
      "x": 5,
      "y": 6,
      "elevation": 3,
      "var": "VAR_MAP_SCENE_PALLET_TOWN_PROFESSOR_OAKS_LAB",
      "var_value": "3",
      "script": "PalletTown_ProfessorOaksLab_EventScript_RivalBattleTriggerRight"
    }
  ],
  "bg_events": [
    {
      "type": "sign",
      "x": 0,
      "y": 1,
      "elevation": 0,
      "player_facing_dir": "BG_EVENT_PLAYER_FACING_ANY",
      "script": "PalletTown_ProfessorOaksLab_EventScript_Computer"
    },
    {
      "type": "sign",
      "x": 1,
      "y": 1,
      "elevation": 0,
      "player_facing_dir": "BG_EVENT_PLAYER_FACING_ANY",
      "script": "PalletTown_ProfessorOaksLab_EventScript_Computer"
    },
    {
      "type": "sign",
      "x": 4,
      "y": 0,
      "elevation": 0,
      "player_facing_dir": "BG_EVENT_PLAYER_FACING_ANY",
      "script": "PalletTown_ProfessorOaksLab_EventScript_LeftSign"
    },
    {
      "type": "sign",
      "x": 5,
      "y": 0,
      "elevation": 0,
      "player_facing_dir": "BG_EVENT_PLAYER_FACING_ANY",
      "script": "PalletTown_ProfessorOaksLab_EventScript_RightSign"
    }
  ]
}
