{
  "id": "MAP_PINLEAF_TOWN_HOUSE1",
  "name": "PinleafTown_House1",
  "layout": "LAYOUT_PINLEAF_TOWN_HOUSE1",
  "music": "MUS_GREENDALE_VILLAGE",
  "region_map_section": "MAPSEC_PINLEAF_TOWN",
  "requires_flash": false,
  "weather": "WEATHER_NONE",
  "map_type": "MAP_TYPE_INDOOR",
  "allow_cycling": false,
  "allow_escaping": false,
  "allow_running": true,
  "show_map_name": false,
  "battle_scene": "MAP_BATTLE_SCENE_NORMAL",
  "connections": 0,
  "object_events": [
    {
      "graphics_id": "OBJ_EVENT_GFX_EXPERT_F",
      "x": 5,
      "y": 3,
      "elevation": 3,
      "movement_type": "MOVEMENT_TYPE_FACE_UP",
      "movement_range_x": 0,
      "movement_range_y": 0,
      "trainer_type": "TRAINER_TYPE_NONE",
      "trainer_sight_or_berry_tree_id": "0",
      "script": "PinleafTown_House1_Old_Woman",
      "flag": "0"
    },
    {
      "graphics_id": "OBJ_EVENT_GFX_EXPERT_M",
      "x": 5,
      "y": 5,
      "elevation": 3,
      "movement_type": "MOVEMENT_TYPE_FACE_RIGHT",
      "movement_range_x": 0,
      "movement_range_y": 0,
      "trainer_type": "TRAINER_TYPE_NONE",
      "trainer_sight_or_berry_tree_id": "0",
      "script": "PinleafTown_House1_Old_Man",
      "flag": "0"
    }
  ],
  "warp_events": [
    {
      "x": 2,
      "y": 6,
      "elevation": 3,
      "dest_map": "MAP_PINLEAF_TOWN",
      "dest_warp_id": "1"
    },
    {
      "x": 3,
      "y": 6,
      "elevation": 3,
      "dest_map": "MAP_PINLEAF_TOWN",
      "dest_warp_id": "1"
    }
  ],
  "coord_events": [

  ],
  "bg_events": [
    {
      "type": "sign",
      "x": 7,
      "y": 2,
      "elevation": 0,
      "player_facing_dir": "BG_EVENT_PLAYER_FACING_ANY",
      "script": "Refrigerator_Sign"
    }
  ]
}
