{
  "id": "MAP_HIGHWIND_VILLAGE_HOUSE2",
  "name": "HighwindVillage_House2",
  "layout": "LAYOUT_HIGHWIND_VILLAGE_HOUSE2",
  "music": "MUS_HIGHWIND_VILLAGE",
  "region_map_section": "MAPSEC_HIGHWIND_VILLAGE",
  "requires_flash": false,
  "weather": "WEATHER_NONE",
  "map_type": "MAP_TYPE_INDOOR",
  "allow_cycling": false,
  "allow_escaping": false,
  "allow_running": true,
  "show_map_name": false,
  "battle_scene": "MAP_BATTLE_SCENE_NORMAL",
  "connections": 0,
  "object_events": [
    {
      "graphics_id": "OBJ_EVENT_GFX_WOMAN_2",
      "x": 1,
      "y": 3,
      "elevation": 3,
      "movement_type": "MOVEMENT_TYPE_NONE",
      "movement_range_x": 0,
      "movement_range_y": 0,
      "trainer_type": "TRAINER_TYPE_NONE",
      "trainer_sight_or_berry_tree_id": "0",
      "script": "HighwindVillage_House2_Woman",
      "flag": "0"
    },
    {
      "graphics_id": "OBJ_EVENT_GFX_EXPERT_M",
      "x": 5,
      "y": 5,
      "elevation": 3,
      "movement_type": "MOVEMENT_TYPE_FACE_RIGHT",
      "movement_range_x": 0,
      "movement_range_y": 0,
      "trainer_type": "TRAINER_TYPE_NONE",
      "trainer_sight_or_berry_tree_id": "0",
      "script": "HighwindVillage_House2_Old_Man",
      "flag": "0"
    },
    {
      "graphics_id": "OBJ_EVENT_GFX_BOY_1",
      "x": 5,
      "y": 4,
      "elevation": 0,
      "movement_type": "MOVEMENT_TYPE_FACE_RIGHT",
      "movement_range_x": 0,
      "movement_range_y": 0,
      "trainer_type": "TRAINER_TYPE_NONE",
      "trainer_sight_or_berry_tree_id": "0",
      "script": "HighwindVillage_House2_HaroldTradeSequence",
      "flag": "0"
    }
  ],
  "warp_events": [
    {
      "x": 2,
      "y": 7,
      "elevation": 3,
      "dest_map": "MAP_HIGHWIND_VILLAGE",
      "dest_warp_id": "3"
    },
    {
      "x": 3,
      "y": 7,
      "elevation": 3,
      "dest_map": "MAP_HIGHWIND_VILLAGE",
      "dest_warp_id": "3"
    }
  ],
  "coord_events": [

  ],
  "bg_events": [
    {
      "type": "sign",
      "x": 2,
      "y": 1,
      "elevation": 0,
      "player_facing_dir": "BG_EVENT_PLAYER_FACING_ANY",
      "script": "TV"
    },
    {
      "type": "sign",
      "x": 3,
      "y": 1,
      "elevation": 0,
      "player_facing_dir": "BG_EVENT_PLAYER_FACING_ANY",
      "script": "TV"
    },
    {
      "type": "sign",
      "x": 8,
      "y": 2,
      "elevation": 0,
      "player_facing_dir": "BG_EVENT_PLAYER_FACING_ANY",
      "script": "Refrigerator_Sign"
    }
  ]
}
