{
  "id": "MAP_ROCKFALL_CAVE_1F",
  "name": "RockfallCave_1F",
  "layout": "LAYOUT_ROCKFALL_CAVE_1F",
  "music": "MUS_CAVE",
  "region_map_section": "MAPSEC_ROCKFALL_CAVE",
  "requires_flash": false,
  "weather": "WEATHER_NONE",
  "map_type": "MAP_TYPE_UNDERGROUND",
  "allow_cycling": true,
  "allow_escaping": true,
  "allow_running": true,
  "show_map_name": true,
  "battle_scene": "MAP_BATTLE_SCENE_NORMAL",
  "connections": 0,
  "object_events": [
    {
      "graphics_id": "OBJ_EVENT_GFX_CAMPER",
      "x": 82,
      "y": 7,
      "elevation": 3,
      "movement_type": "MOVEMENT_TYPE_FACE_LEFT",
      "movement_range_x": 0,
      "movement_range_y": 0,
      "trainer_type": "TRAINER_TYPE_NONE",
      "trainer_sight_or_berry_tree_id": "0",
      "script": "NULL",
      "flag": "FLAG_HIDE_ROCKFALL_CAVE_RANGER"
    },
    {
      "graphics_id": "OBJ_EVENT_GFX_ITEM_BALL",
      "x": 62,
      "y": 28,
      "elevation": 3,
      "movement_type": "MOVEMENT_TYPE_NONE",
      "movement_range_x": 0,
      "movement_range_y": 0,
      "trainer_type": "TRAINER_TYPE_NONE",
      "trainer_sight_or_berry_tree_id": "0",
      "script": "RockfallCave_1F_EventScript_ItemPokeBall",
      "flag": "FLAG_ITEM_ROCKFALL_CAVE_1F_POKE_BALL"
    },
    {
      "graphics_id": "OBJ_EVENT_GFX_HIKER",
      "x": 51,
      "y": 19,
      "elevation": 3,
      "movement_type": "MOVEMENT_TYPE_FACE_RIGHT",
      "movement_range_x": 0,
      "movement_range_y": 0,
      "trainer_type": "TRAINER_TYPE_NORMAL",
      "trainer_sight_or_berry_tree_id": "3",
      "script": "RockfallCave_1F_EventScript_Dave",
      "flag": "0"
    },
    {
      "graphics_id": "OBJ_EVENT_GFX_MANIAC",
      "x": 38,
      "y": 21,
      "elevation": 3,
      "movement_type": "MOVEMENT_TYPE_FACE_RIGHT",
      "movement_range_x": 0,
      "movement_range_y": 0,
      "trainer_type": "TRAINER_TYPE_NONE",
      "trainer_sight_or_berry_tree_id": "0",
      "script": "RockfallCave_1F_Maniac",
      "flag": "0"
    },
    {
      "graphics_id": "OBJ_EVENT_GFX_LASS",
      "x": 11,
      "y": 7,
      "elevation": 3,
      "movement_type": "MOVEMENT_TYPE_FACE_DOWN_AND_LEFT",
      "movement_range_x": 0,
      "movement_range_y": 0,
      "trainer_type": "TRAINER_TYPE_NONE",
      "trainer_sight_or_berry_tree_id": "0",
      "script": "RockfallCave_1F_Lass",
      "flag": "0"
    },
    {
      "graphics_id": "OBJ_EVENT_GFX_BLACK_BELT",
      "x": 8,
      "y": 2,
      "elevation": 3,
      "movement_type": "MOVEMENT_TYPE_NONE",
      "movement_range_x": 0,
      "movement_range_y": 0,
      "trainer_type": "TRAINER_TYPE_NONE",
      "trainer_sight_or_berry_tree_id": "0",
      "script": "RockfallCave_1F_Blackbelt",
      "flag": "0"
    },
    {
      "graphics_id": "OBJ_EVENT_GFX_BREAKABLE_ROCK",
      "x": 16,
      "y": 31,
      "elevation": 3,
      "movement_type": "MOVEMENT_TYPE_NONE",
      "movement_range_x": 0,
      "movement_range_y": 0,
      "trainer_type": "TRAINER_TYPE_NONE",
      "trainer_sight_or_berry_tree_id": "0",
      "script": "EventScript_RockSmash",
      "flag": "FLAG_TEMP_11"
    },
    {
      "graphics_id": "OBJ_EVENT_GFX_ITEM_BALL",
      "x": 16,
      "y": 32,
      "elevation": 3,
      "movement_type": "MOVEMENT_TYPE_NONE",
      "movement_range_x": 0,
      "movement_range_y": 0,
      "trainer_type": "TRAINER_TYPE_NONE",
      "trainer_sight_or_berry_tree_id": "0",
      "script": "NULL",
      "flag": "0"
    },
    {
      "graphics_id": "OBJ_EVENT_GFX_ZUBAT",
      "x": 56,
      "y": 8,
      "elevation": 0,
      "movement_type": "MOVEMENT_TYPE_NONE",
      "movement_range_x": 0,
      "movement_range_y": 0,
      "trainer_type": "TRAINER_TYPE_NONE",
      "trainer_sight_or_berry_tree_id": "0",
      "script": "NULL",
      "flag": "0"
    },
    {
      "graphics_id": "OBJ_EVENT_GFX_ZUBAT",
      "x": 25,
      "y": 2,
      "elevation": 0,
      "movement_type": "MOVEMENT_TYPE_NONE",
      "movement_range_x": 0,
      "movement_range_y": 0,
      "trainer_type": "TRAINER_TYPE_NONE",
      "trainer_sight_or_berry_tree_id": "0",
      "script": "NULL",
      "flag": "0"
    },
    {
      "graphics_id": "OBJ_EVENT_GFX_GEODUDE",
      "x": 15,
      "y": 29,
      "elevation": 0,
      "movement_type": "MOVEMENT_TYPE_NONE",
      "movement_range_x": 0,
      "movement_range_y": 0,
      "trainer_type": "TRAINER_TYPE_NONE",
      "trainer_sight_or_berry_tree_id": "0",
      "script": "NULL",
      "flag": "0"
    },
    {
      "graphics_id": "OBJ_EVENT_GFX_GEODUDE",
      "x": 17,
      "y": 2,
      "elevation": 0,
      "movement_type": "MOVEMENT_TYPE_NONE",
      "movement_range_x": 0,
      "movement_range_y": 0,
      "trainer_type": "TRAINER_TYPE_NONE",
      "trainer_sight_or_berry_tree_id": "0",
      "script": "NULL",
      "flag": "0"
    },
    {
      "graphics_id": "OBJ_EVENT_GFX_ITEM_BALL",
      "x": 20,
      "y": 44,
      "elevation": 0,
      "movement_type": "MOVEMENT_TYPE_NONE",
      "movement_range_x": 0,
      "movement_range_y": 0,
      "trainer_type": "TRAINER_TYPE_NONE",
      "trainer_sight_or_berry_tree_id": "0",
      "script": "RockfallCaveInterlink_EventScript_ItemSuperPotion",
      "flag": "FLAG_ITEM_ROCKFALL_CAVE_INTERLINK_SUPER_POTION"
    },
    {
      "graphics_id": "OBJ_EVENT_GFX_ZUBAT",
      "x": 26,
      "y": 47,
      "elevation": 0,
      "movement_type": "MOVEMENT_TYPE_NONE",
      "movement_range_x": 0,
      "movement_range_y": 0,
      "trainer_type": "TRAINER_TYPE_NONE",
      "trainer_sight_or_berry_tree_id": "0",
      "script": "NULL",
      "flag": "0"
    }
  ],
  "warp_events": [
    {
      "x": 45,
      "y": 5,
      "elevation": 3,
      "dest_map": "MAP_ROUTE6",
      "dest_warp_id": "0"
    },
    {
      "x": 29,
      "y": 36,
      "elevation": 0,
      "dest_map": "MAP_ROUTE6",
      "dest_warp_id": "1"
    },
    {
      "x": 24,
      "y": 18,
      "elevation": 0,
      "dest_map": "MAP_ROCKFALL_CAVE_1F",
      "dest_warp_id": "3"
    },
    {
      "x": 68,
      "y": 6,
      "elevation": 0,
      "dest_map": "MAP_ROCKFALL_CAVE_1F",
      "dest_warp_id": "2"
    },
    {
      "x": 77,
      "y": 33,
      "elevation": 0,
      "dest_map": "MAP_ROCKFALL_CAVE_B1F",
      "dest_warp_id": "0"
    },
    {
      "x": 10,
      "y": 32,
      "elevation": 0,
      "dest_map": "MAP_ROUTE6",
      "dest_warp_id": "3"
    },
    {
      "x": 3,
      "y": 16,
      "elevation": 0,
      "dest_map": "MAP_ROUTE6",
      "dest_warp_id": "4"
    },
    {
      "x": 15,
      "y": 21,
      "elevation": 0,
      "dest_map": "MAP_ROUTE6",
      "dest_warp_id": "2"
    },
    {
      "x": 32,
      "y": 54,
      "elevation": 0,
      "dest_map": "MAP_ROUTE6",
      "dest_warp_id": "5"
    },
    {
      "x": 6,
      "y": 48,
      "elevation": 0,
      "dest_map": "MAP_LAVERIA_CITY",
      "dest_warp_id": "1"
    }
  ],
  "coord_events": [
    {
      "type": "trigger",
      "x": 81,
      "y": 7,
      "elevation": 0,
      "var": "VAR_RANGER_EVENT_1",
      "var_value": "0",
      "script": "RockfallCave_1F_RangerEvent1Start"
    }
  ],
  "bg_events": [
    {
      "type": "hidden_item",
      "x": 13,
      "y": 36,
      "elevation": 0,
      "item": "ITEM_RARE_CANDY",
      "flag": "FLAG_HIDDEN_ITEM_ROUTE_128_HEART_SCALE_2"
    },
    {
      "type": "hidden_item",
      "x": 22,
      "y": 6,
      "elevation": 0,
      "item": "ITEM_ABILITY_PATCH",
      "flag": "FLAG_HIDDEN_ITEM_ROUTE_128_HEART_SCALE_3"
    },
    {
      "type": "hidden_item",
      "x": 50,
      "y": 31,
      "elevation": 0,
      "item": "ITEM_X_ATTACK",
      "flag": "FLAG_HIDDEN_ITEM_ROUTE_128_HEART_SCALE_1"
    }
  ]
}
