{
  "id": "MAP_ROCKET_HIDEOUT_ELEVATOR",
  "name": "RocketHideout_Elevator",
  "layout": "LAYOUT_ROCKET_HIDEOUT_ELEVATOR",
  "music": "MUS_ROCKET_HIDEOUT",
  "region_map_section": "MAPSEC_ROCKET_HIDEOUT",
  "requires_flash": false,
  "weather": "WEATHER_NONE",
  "map_type": "MAP_TYPE_INDOOR",
  "allow_cycling": false,
  "allow_escaping": false,
  "allow_running": true,
  "show_map_name": true,
  "floor_number": 0,
  "battle_scene": "MAP_BATTLE_SCENE_INDOOR_2",
  "connections": 0,
  "object_events": [

  ],
  "warp_events": [
    {
      "x": 2,
      "y": 1,
      "elevation": 3,
      "dest_map": "MAP_DYNAMIC",
      "dest_warp_id": "WARP_ID_DYNAMIC"
    },
    {
      "x": 3,
      "y": 1,
      "elevation": 3,
      "dest_map": "MAP_DYNAMIC",
      "dest_warp_id": "WARP_ID_DYNAMIC"
    }
  ],
  "coord_events": [

  ],
  "bg_events": [
    {
      "type": "sign",
      "x": 1,
      "y": 1,
      "elevation": 0,
      "player_facing_dir": "BG_EVENT_PLAYER_FACING_ANY",
      "script": "RocketHideout_Elevator_EventScript_FloorSelect"
    }
  ]
}
