{
  "id": "MAP_PROTOTYPE_SEVII_ISLE_6",
  "name": "Prototype_SeviiIsle_6",
  "layout": "LAYOUT_PROTOTYPE_SEVII_ISLE_6",
  "music": "MUS_SEVII_ROUTE",
  "region_map_section": "MAPSEC_SEVII_ISLE_6",
  "requires_flash": false,
  "weather": "WEATHER_SUNNY",
  "map_type": "MAP_TYPE_ROUTE",
  "allow_cycling": true,
  "allow_escaping": false,
  "allow_running": true,
  "show_map_name": true,
  "floor_number": 0,
  "battle_scene": "MAP_BATTLE_SCENE_NORMAL",
  "connections": [
    {
      "map": "MAP_THREE_ISLAND",
      "offset": 0,
      "direction": "up"
    }
  ],
  "object_events": [],
  "warp_events": [],
  "coord_events": [],
  "bg_events": []
}
