{
  "Cloth Tunic": "0xb4300",
  "Hide Cuirass": "0xb4320",
  "Bronze Cuirass": "0xb4340",
  "Iron Cuirass": "0xb4360",
  "Steel Cuirass": "0xb4380",
  "Silver Plate": "0xb43a0",
  "Gold Plate": "0xb44f0",
  "Platinum Mail": "0xb4510",
  "Diamond Plate": "0xb4530",
  "Fire Mail": "0xb4550",
  "Lightning Mail": "0xb4570",
  "Ice Mail": "0xb4590",
  "Mirror Cuirass": "0xb45b0",
  "Spike Breaker": "0xb45d0",
  "Alucard Mail": "0xb45f0",
  "Dark Armor": "0xb4610",
  "Healing Mail": "0xb4630",
  "Holy Mail": "0xb4650",
  "Walk Armor": "0xb4670",
  "Brilliant Mail": "0xb4690",
  "Mojo Mail": "0xb46b0",
  "Fury Plate": "0xb46d0",
  "Dracula Tunic": "0xb46f0",
  "God's Garb": "0xb4710",
  "Axe Lord Armor": "0xb4730",
  "Sunglasses": "0xb4770",
  "Ballroom Mask": "0xb4790",
  "Bandanna": "0xb47b0",
  "Felt Hat": "0xb47d0",
  "Velvet Hat": "0xb47f0",
  "Goggles": "0xb4810",
  "Leather Hat": "0xb4830",
  "Holy Glasses": "0xb4850",
  "Steel Helm": "0xb4870",
  "Stone Mask": "0xb4890",
  "Circlet": "0xb48b0",
  "Gold Circlet": "0xb48d0",
  "Ruby Circlet": "0xb48f0",
  "Opal Circlet": "0xb4910",
  "Topaz Circlet": "0xb4930",
  "Beryl Circlet": "0xb4950",
  "Cat-Eye Circlet": "0xb4970",
  "Coral Circlet": "0xb4990",
  "Dragon Helm": "0xb49b0",
  "Silver Crown": "0xb49d0",
  "Wizard Hat": "0xb49f0",
  "Cloth Cape": "0xb4a30",
  "Reverse Cloak": "0xb4a50",
  "Elven Cloak": "0xb4a70",
  "Crystal Cloak": "0xb4a90",
  "Royal Cloak": "0xb4ab0",
  "Blood Cloak": "0xb4ad0",
  "Joseph's Cloak": "0xb4af0",
  "Twilight Cloak": "0xb4b10",
  "Moonstone": "0xb4b50",
  "Sunstone": "0xb4b70",
  "Bloodstone": "0xb4b90",
  "Staurolite": "0xb4bb0",
  "Ring of Pales": "0xb4bd0",
  "Zircon": "0xb4bf0",
  "Aquamarine": "0xb4c10",
  "Turquoise": "0xb4c30",
  "Onyx": "0xb4c50",
  "Garnet": "0xb4c70",
  "Opal": "0xb4c90",
  "Diamond": "0xb4cb0",
  "Lapis Lazuli": "0xb4cd0",
  "Ring of Ares": "0xb4e20",
  "Gold Ring": "0xb4e40",
  "Silver Ring": "0xb4e60",
  "Ring of Varda": "0xb4e80",
  "Ring of Arcana": "0xb4ea0",
  "Mystic Pendant": "0xb4ec0",
  "Heart Broach": "0xb4ee0",
  "Necklace of J": "0xb4f00",
  "Gauntlet": "0xb4f20",
  "Ankh of Life": "0xb4f40",
  "Ring of Feanor": "0xb4f60",
  "Medal": "0xb4f80",
  "Talisman": "0xb4fa0",
  "Duplicator": "0xb4fc0",
  "King's Stone": "0xb4fe0",
  "Covenant Stone": "0xb5000",
  "Nauglamir": "0xb5020",
  "Secret Boots": "0xb5040",
  "Alucart Mail": "0xb5060"
}