<?xml version="1.0" encoding="UTF-8"?>
<metadata>
  <identifier>secret-of-man-no-stamina</identifier>
  <mediatype>data</mediatype>
  <collection>opensource_media</collection>
  <creator>Queue</creator>
  <date>2025-04-22</date>
  <description>&lt;span style="color:rgb(45,45,45);font-family:'Segoe UI', 'Helvetica Neue', 'Nimbus Sans L', Arial, 'Liberation Sans', sans-serif;font-size:13.3328px;background-color:rgb(253,253,253);"&gt;Core "Turbo" Features:&lt;/span&gt;&lt;br style="padding:0px;margin:0px;color:rgb(45,45,45);font-family:'Segoe UI', 'Helvetica Neue', 'Nimbus Sans L', Arial, 'Liberation Sans', sans-serif;font-size:13.3328px;background-color:rgb(253,253,253);" /&gt;&lt;span style="color:rgb(45,45,45);font-family:'Segoe UI', 'Helvetica Neue', 'Nimbus Sans L', Arial, 'Liberation Sans', sans-serif;font-size:13.3328px;background-color:rgb(253,253,253);"&gt;- Removes stamina (attacking / running / blocking)&lt;/span&gt;&lt;br style="padding:0px;margin:0px;color:rgb(45,45,45);font-family:'Segoe UI', 'Helvetica Neue', 'Nimbus Sans L', Arial, 'Liberation Sans', sans-serif;font-size:13.3328px;background-color:rgb(253,253,253);" /&gt;&lt;span style="color:rgb(45,45,45);font-family:'Segoe UI', 'Helvetica Neue', 'Nimbus Sans L', Arial, 'Liberation Sans', sans-serif;font-size:13.3328px;background-color:rgb(253,253,253);"&gt;- Streamlines weapon charging UI&lt;/span&gt;&lt;br style="padding:0px;margin:0px;color:rgb(45,45,45);font-family:'Segoe UI', 'Helvetica Neue', 'Nimbus Sans L', Arial, 'Liberation Sans', sans-serif;font-size:13.3328px;background-color:rgb(253,253,253);" /&gt;&lt;span style="color:rgb(45,45,45);font-family:'Segoe UI', 'Helvetica Neue', 'Nimbus Sans L', Arial, 'Liberation Sans', sans-serif;font-size:13.3328px;background-color:rgb(253,253,253);"&gt;- Removes weapon charging klaxon&lt;/span&gt;&lt;br style="padding:0px;margin:0px;color:rgb(45,45,45);font-family:'Segoe UI', 'Helvetica Neue', 'Nimbus Sans L', Arial, 'Liberation Sans', sans-serif;font-size:13.3328px;background-color:rgb(253,253,253);" /&gt;&lt;span style="color:rgb(45,45,45);font-family:'Segoe UI', 'Helvetica Neue', 'Nimbus Sans L', Arial, 'Liberation Sans', sans-serif;font-size:13.3328px;background-color:rgb(253,253,253);"&gt;- Stairs don't prevent running (but still slow you)&lt;/span&gt;&lt;div&gt;&lt;span style="color:rgb(45,45,45);font-family:'Segoe UI', 'Helvetica Neue', 'Nimbus Sans L', Arial, 'Liberation Sans', sans-serif;font-size:13.3328px;background-color:rgb(253,253,253);"&gt;&lt;br /&gt;&lt;/span&gt;&lt;/div&gt;&lt;div&gt;&lt;font color="#2d2d2d" face="Segoe UI, Helvetica Neue, Nimbus Sans L, Arial, Liberation Sans, sans-serif"&gt;&lt;span style="font-size:13.3328px;background-color:rgb(253,253,253);"&gt;Originally from Secret of Mana Turbo&lt;/span&gt;&lt;/font&gt;&lt;/div&gt;&lt;div&gt;&lt;a href="https://www.romhacking.net/forum/index.php?topic=27890.0" rel="ugc nofollow"&gt;Secret of Mana, Turbo - Beta 231108&lt;/a&gt;&lt;font color="#2d2d2d" face="Segoe UI, Helvetica Neue, Nimbus Sans L, Arial, Liberation Sans, sans-serif"&gt;&lt;span style="font-size:13.3328px;background-color:rgb(253,253,253);"&gt;&lt;/span&gt;&lt;/font&gt;&lt;/div&gt;&lt;div&gt;&lt;br /&gt;&lt;/div&gt;&lt;div&gt;I am not the creator of this patch. Im only uploading it due to it being Compatible with Secret of Mana Plus which is not added to Turbo. So this will get you a mix of both worlds.&lt;/div&gt;&lt;div&gt;&lt;br /&gt;&lt;/div&gt;&lt;div&gt;&lt;br /&gt;&lt;/div&gt;&lt;div&gt;If youre a fan of Secret of Mana Turbo, Check out Terranigma Redux!&lt;/div&gt;&lt;div&gt;&lt;a href="https://www.romhacking.net/hacks/8939/" rel="ugc nofollow"&gt;Romhacking.net - Hacks - Terranigma Redux&lt;/a&gt;&lt;/div&gt;</description>
  <scanner>Internet Archive HTML5 Uploader 1.7.0</scanner>
  <subject>Secret of Mana Turbo</subject>
  <title>Secret Of Mana No Stamina</title>
  <uploader>faydpromotions@gmail.com</uploader>
  <publicdate>2025-04-22 22:54:55</publicdate>
  <addeddate>2025-04-22 22:54:55</addeddate>
  <curation>[curator]validator@archive.org[/curator][date]20250422230416[/date][comment]checked for malware[/comment]</curation>
</metadata>
