<?xml version="1.0" encoding="UTF-8"?>
<files>
  <file name="Secret of Mana No Stamina.ips" source="original">
    <mtime>1745362627</mtime>
    <size>308</size>
    <md5>08858e9b5a45fc332ef68c7013166969</md5>
    <crc32>8191e5a5</crc32>
    <sha1>fbf51b06f42135aa08ebec96ea960644d6ab6145</sha1>
    <format>Unknown</format>
    <viruscheck>1745363056</viruscheck>
  </file>
  <file name="secret-of-man-no-stamina_archive.torrent" source="metadata">
    <btih>c88505ef78f211c2cd4057e0304eaac47d8f0c77</btih>
    <mtime>1751154863</mtime>
    <size>1769</size>
    <md5>0980ace23bc63432bfaf075c7586319a</md5>
    <crc32>0998ebb9</crc32>
    <sha1>ed8f9bea897e219810853bb2fa30f250b249da19</sha1>
    <format>Archive BitTorrent</format>
  </file>
  <file name="secret-of-man-no-stamina_files.xml" source="original">
    <format>Metadata</format>
    <md5>4c3a755365705fbb82a68ae5151f4489</md5>
    <summation>md5</summation>
  </file>
  <file name="secret-of-man-no-stamina_meta.sqlite" source="original">
    <mtime>1745362877</mtime>
    <size>28672</size>
    <md5>1a8a0595badcd069a6e9c130c6b99731</md5>
    <crc32>f128c031</crc32>
    <sha1>d2ec95cedc0903cd2c68c55085a9a9799ae06214</sha1>
    <format>Metadata</format>
  </file>
  <file name="secret-of-man-no-stamina_meta.xml" source="original">
    <mtime>1751154862</mtime>
    <size>4175</size>
    <md5>8065b49dd3f01e72d3892727166bd98b</md5>
    <crc32>e873217d</crc32>
    <sha1>ac37a608a2f62aae5f6c87c7331c264376541f05</sha1>
    <format>Metadata</format>
  </file>
</files>
