<?xml version="1.0" encoding="UTF-8"?>
<files>
  <file name="Epilogue Gender Patches.zip" source="original">
    <mtime>1699025354</mtime>
    <size>1833</size>
    <md5>31524aff298e0a6bf9fdb0be2b59e3c0</md5>
    <crc32>b6aab27b</crc32>
    <sha1>467521762b133dce058377eb6954fccdd7329867</sha1>
    <format>ZIP</format>
    <filecount>6</filecount>
    <viruscheck>1699025678</viruscheck>
  </file>
  <file name="Sburbmon 0.6.0.0.ips" source="original">
    <mtime>1699025333</mtime>
    <size>1949569</size>
    <md5>d1d208aca6627a28aa886881f7906461</md5>
    <crc32>8ab5704f</crc32>
    <sha1>1f6c44198645e7462ea1ff29c8a5f9236da2e005</sha1>
    <format>Unknown</format>
    <viruscheck>1699025678</viruscheck>
  </file>
  <file name="sburbmon-0.6.0.0_archive.torrent" source="metadata">
    <btih>eaac5846cd57bf09ce8324e149e110e92285cc51</btih>
    <mtime>1699025679</mtime>
    <size>1932</size>
    <md5>a4099c7530a9a49ff3b9cf431af9e981</md5>
    <crc32>b11c4606</crc32>
    <sha1>325b8228c622f503b8690695faa8baed31e834de</sha1>
    <format>Archive BitTorrent</format>
  </file>
  <file name="sburbmon-0.6.0.0_files.xml" source="original">
    <format>Metadata</format>
    <md5>2ad1f3f15c767a9afd3afc07771f67f5</md5>
    <summation>md5</summation>
  </file>
  <file name="sburbmon-0.6.0.0_meta.sqlite" source="original">
    <mtime>1699025359</mtime>
    <size>36864</size>
    <md5>13fbdf2655ca11302713503a7a69088d</md5>
    <crc32>7dbe2bab</crc32>
    <sha1>0e5255c68e7b7dd96c18132f08664fba7e48540c</sha1>
    <format>Metadata</format>
  </file>
  <file name="sburbmon-0.6.0.0_meta.xml" source="original">
    <mtime>1699025678</mtime>
    <size>2281</size>
    <md5>816756b2d67e2b1e650512d462eb4994</md5>
    <crc32>659a990c</crc32>
    <sha1>3ab0b3bed4291a16f9e773cb47e9eda678d2cc9e</sha1>
    <format>Metadata</format>
  </file>
</files>
