<?xml version="1.0" encoding="UTF-8"?>
<metadata>
  <identifier>sburbmon-0.6.0.0</identifier>
  <mediatype>software</mediatype>
  <collection>open_source_software</collection>
  <description>&lt;p&gt;1. Download the following:&lt;/p&gt;&lt;ul&gt;&lt;li&gt;The latest patch&lt;/li&gt;&lt;li&gt;&lt;a href="https://href.li/?http://tinyurl.com/vba180" rel="nofollow"&gt;Visual Boy Advance&lt;/a&gt; 1.8.0 beta 3&lt;/li&gt;&lt;li&gt;A clean, &lt;strong&gt;1.0&lt;/strong&gt;
 rom of Pokémon FireRed. Due to legal reasons, we cannot directly link 
one. Google is your friend. There’s a bad rom floating around that isn’t
 compatible with the game, so as a hint, the correct one includes the 
human word for ‘nut creature’.&lt;/li&gt;&lt;/ul&gt;&lt;p&gt;2. Unzip VBA and the rom.&lt;/p&gt;&lt;p&gt;3. Place the rom and the patch in the same folder, and rename them both to Sburbmon.&lt;/p&gt;&lt;p&gt;4. Open up VBA, and ensure your save settings look like &lt;a href="https://href.li/?https://i.imgur.com/gursgc3.png" rel="nofollow"&gt;this&lt;/a&gt; and that ‘Automatic IPS Patching’ is marked.&lt;/p&gt;&lt;p&gt;5. Hit File &amp;gt; Open, then select the rom. The title screen should very clearly say Sburbmon, and you’re good to go.&lt;/p&gt;&lt;p&gt;Anytime you need to update to a new patch, just download it and replace the old patch (make sure you rename the new one).&lt;/p&gt;&lt;p&gt;If
 automatic patching isn’t working, or you want to run the game on 
alternate devices (eg. Android), make a backup of the base ROM and patch
 it using &lt;a href="https://href.li/?http://fusoya.eludevisibility.org/lips/" rel="nofollow"&gt;Lunar IPS&lt;/a&gt;. Do note that with this method you will have to delete the patched ROM and patch a fresh one each time there is a patch update.&lt;/p&gt;</description>
  <language>eng</language>
  <scanner>Internet Archive HTML5 Uploader 1.7.0</scanner>
  <subject>pokemon</subject>
  <title>Sburbmon 0.6.0.0</title>
  <subject>homestuck</subject>
  <uploader>anicebee@protonmail.com</uploader>
  <publicdate>2023-11-03 15:29:13</publicdate>
  <addeddate>2023-11-03 15:29:13</addeddate>
  <curation>[curator]validator@archive.org[/curator][date]20231103153438[/date][comment]checked for malware[/comment]</curation>
</metadata>
