<?xml version="1.0" encoding="UTF-8"?>
<metadata>
  <identifier>super-don-karma-world-flusaks-adventure</identifier>
  <mediatype>software</mediatype>
  <collection>open_source_software</collection>
  <creator>Flusaka / Flusak1235 / Flusak</creator>
  <description>Fuck flusaka</description>
  <scanner>Internet Archive HTML5 Uploader 1.7.0</scanner>
  <subject>TriHard</subject>
  <title>super don karma world flusaks adventure</title>
  <subject>Rom hack</subject>
  <subject>SMW</subject>
  <uploader>jacksonomallyhills@proton.me</uploader>
  <publicdate>2025-07-27 19:42:54</publicdate>
  <addeddate>2025-07-27 19:42:54</addeddate>
  <curation>[curator]validator@archive.org[/curator][date]20250727194822[/date][comment]checked for malware[/comment]</curation>
</metadata>
