<?xml version="1.0" encoding="UTF-8"?>
<files>
  <file name="super-don-karma-world-flusaks-adventure-32093.zip" source="original">
    <mtime>1753645356</mtime>
    <size>6957566</size>
    <md5>a6f3e7a843a94c5a95b48c0fe40fd5d7</md5>
    <crc32>756d550e</crc32>
    <sha1>13635212c27d62b73f7dd82cc4b4106e67610e79</sha1>
    <format>ZIP</format>
    <filecount>2</filecount>
    <viruscheck>1753645701</viruscheck>
  </file>
  <file name="super-don-karma-world-flusaks-adventure_archive.torrent" source="metadata">
    <btih>bc7582d2aafbb5f4c4ef5dc44d2035bf7fe6274d</btih>
    <mtime>1753645705</mtime>
    <size>2188</size>
    <md5>877604962a6aa593fcd27be82c04a2fb</md5>
    <crc32>ffbfdee9</crc32>
    <sha1>c761c3e503732f2e8a5b227ff5579586a5a4441c</sha1>
    <format>Archive BitTorrent</format>
  </file>
  <file name="super-don-karma-world-flusaks-adventure_files.xml" source="original">
    <format>Metadata</format>
    <md5>3d0f59f3612ea818f2709376604ad7ef</md5>
    <summation>md5</summation>
  </file>
  <file name="super-don-karma-world-flusaks-adventure_meta.sqlite" source="original">
    <mtime>1753645385</mtime>
    <size>20480</size>
    <md5>6a94b5b66c2e69cb3045509ca3e64c42</md5>
    <crc32>94f34a1a</crc32>
    <sha1>433a7d6876958cf015757ca266ca6cf1f2482b76</sha1>
    <format>Metadata</format>
  </file>
  <file name="super-don-karma-world-flusaks-adventure_meta.xml" source="original">
    <mtime>1753645702</mtime>
    <size>777</size>
    <md5>8903d184f406475d4dff9cd0b84080d1</md5>
    <crc32>8831b68c</crc32>
    <sha1>780aeda8c907efbb032173862f4c015decae54fb</sha1>
    <format>Metadata</format>
  </file>
</files>
