{
  "id": "MAP_NORTHSTAR_CITY_TOURNAMENT_2F",
  "name": "NorthstarCity_Tournament_2F",
  "layout": "LAYOUT_NORTHSTAR_CITY_TOURNAMENT_2F",
  "music": "MUS_NORTHSTAR_TOURNAMENT",
  "region_map_section": "MAPSEC_NORTHSTAR_CITY",
  "requires_flash": false,
  "weather": "WEATHER_NONE",
  "map_type": "MAP_TYPE_INDOOR",
  "allow_cycling": false,
  "allow_escaping": false,
  "allow_running": true,
  "show_map_name": false,
  "battle_scene": "MAP_BATTLE_SCENE_NORMAL",
  "connections": 0,
  "object_events": [
    {
      "graphics_id": "OBJ_EVENT_GFX_LITTLE_GIRL",
      "x": 9,
      "y": 3,
      "elevation": 3,
      "movement_type": "MOVEMENT_TYPE_WANDER_LEFT_AND_RIGHT",
      "movement_range_x": 0,
      "movement_range_y": 0,
      "trainer_type": "TRAINER_TYPE_NONE",
      "trainer_sight_or_berry_tree_id": "0",
      "script": "NorthstarCity_Tournament_2F_Little_Girl",
      "flag": "FLAG_NORTHSTAR_SUBO_TAKEOVER"
    },
    {
      "graphics_id": "OBJ_EVENT_GFX_AQUA_MEMBER_F",
      "x": 11,
      "y": 4,
      "elevation": 3,
      "movement_type": "MOVEMENT_TYPE_FACE_UP",
      "movement_range_x": 0,
      "movement_range_y": 0,
      "trainer_type": "TRAINER_TYPE_NORMAL",
      "trainer_sight_or_berry_tree_id": "2",
      "script": "NorthstarCity_Tournament_2F_Lily",
      "flag": "FLAG_NORTHSTAR_TOURNAMENT_SUBO_2F"
    },
    {
      "graphics_id": "OBJ_EVENT_GFX_AQUA_MEMBER_M",
      "x": 14,
      "y": 2,
      "elevation": 3,
      "movement_type": "MOVEMENT_TYPE_FACE_LEFT",
      "movement_range_x": 0,
      "movement_range_y": 0,
      "trainer_type": "TRAINER_TYPE_NORMAL",
      "trainer_sight_or_berry_tree_id": "3",
      "script": "NorthstarCity_Tournament_2F_Dusty",
      "flag": "FLAG_NORTHSTAR_TOURNAMENT_SUBO_2F"
    },
    {
      "graphics_id": "OBJ_EVENT_GFX_TEALA",
      "x": 7,
      "y": 8,
      "elevation": 3,
      "movement_type": "MOVEMENT_TYPE_NONE",
      "movement_range_x": 0,
      "movement_range_y": 0,
      "trainer_type": "TRAINER_TYPE_NONE",
      "trainer_sight_or_berry_tree_id": "0",
      "script": "NorthstarCity_Tournament_2F_Receptionist",
      "flag": "FLAG_NORTHSTAR_SUBO_TAKEOVER"
    },
    {
      "graphics_id": "OBJ_EVENT_GFX_AQUA_MEMBER_M",
      "x": 11,
      "y": 8,
      "elevation": 3,
      "movement_type": "MOVEMENT_TYPE_NONE",
      "movement_range_x": 0,
      "movement_range_y": 0,
      "trainer_type": "TRAINER_TYPE_NONE",
      "trainer_sight_or_berry_tree_id": "0",
      "script": "NorthstarCity_Tournament_2F_SUBO",
      "flag": "FLAG_NORTHSTAR_TOURNAMENT_SUBO_2F"
    },
    {
      "graphics_id": "OBJ_EVENT_GFX_GIRL_2",
      "x": 15,
      "y": 7,
      "elevation": 3,
      "movement_type": "MOVEMENT_TYPE_WANDER_AROUND",
      "movement_range_x": 0,
      "movement_range_y": 0,
      "trainer_type": "TRAINER_TYPE_NONE",
      "trainer_sight_or_berry_tree_id": "0",
      "script": "NorthstarCity_Tournament_2F_Girl_1",
      "flag": "FLAG_NORTHSTAR_SUBO_TAKEOVER"
    },
    {
      "graphics_id": "OBJ_EVENT_GFX_AQUA_MEMBER_F",
      "x": 2,
      "y": 8,
      "elevation": 3,
      "movement_type": "MOVEMENT_TYPE_LOOK_AROUND",
      "movement_range_x": 0,
      "movement_range_y": 0,
      "trainer_type": "TRAINER_TYPE_NORMAL",
      "trainer_sight_or_berry_tree_id": "2",
      "script": "NorthstarCity_Tournament_2F_Skye",
      "flag": "FLAG_NORTHSTAR_TOURNAMENT_SUBO_2F"
    },
    {
      "graphics_id": "OBJ_EVENT_GFX_GIRL_3",
      "x": 2,
      "y": 9,
      "elevation": 3,
      "movement_type": "MOVEMENT_TYPE_WANDER_AROUND",
      "movement_range_x": 0,
      "movement_range_y": 0,
      "trainer_type": "TRAINER_TYPE_NONE",
      "trainer_sight_or_berry_tree_id": "0",
      "script": "NorthstarCity_Tournament_2F_Girl_2",
      "flag": "FLAG_NORTHSTAR_SUBO_TAKEOVER"
    },
    {
      "graphics_id": "OBJ_EVENT_GFX_CAMPER",
      "x": 1,
      "y": 4,
      "elevation": 3,
      "movement_type": "MOVEMENT_TYPE_FACE_RIGHT",
      "movement_range_x": 0,
      "movement_range_y": 0,
      "trainer_type": "TRAINER_TYPE_NONE",
      "trainer_sight_or_berry_tree_id": "0",
      "script": "NorthstarCity_Tournament_2F_Camper",
      "flag": "FLAG_NORTHSTAR_SUBO_TAKEOVER"
    },
    {
      "graphics_id": "OBJ_EVENT_GFX_KECLEON",
      "x": 2,
      "y": 4,
      "elevation": 3,
      "movement_type": "MOVEMENT_TYPE_FACE_LEFT",
      "movement_range_x": 0,
      "movement_range_y": 0,
      "trainer_type": "TRAINER_TYPE_NONE",
      "trainer_sight_or_berry_tree_id": "0",
      "script": "NorthstarCity_Tournament_2F_Kecleon",
      "flag": "FLAG_NORTHSTAR_SUBO_TAKEOVER"
    }
  ],
  "warp_events": [
    {
      "x": 15,
      "y": 1,
      "elevation": 3,
      "dest_map": "MAP_NORTHSTAR_CITY_TOURNAMENT_1F",
      "dest_warp_id": "4"
    },
    {
      "x": 11,
      "y": 1,
      "elevation": 3,
      "dest_map": "MAP_NORTHSTAR_CITY_TOURNAMENT_3F",
      "dest_warp_id": "0"
    }
  ],
  "coord_events": [

  ],
  "bg_events": [

  ]
}
