<?xml version="1.0" encoding="UTF-8"?>
<files>
  <file name="Pastel Super Mario Bros Castle.png" source="original">
    <mtime>1742877703</mtime>
    <size>2104</size>
    <md5>246d17d7529e8c76f32924e8be244879</md5>
    <crc32>6ad5ccee</crc32>
    <sha1>78ff631cc615365a4dc3658cd763a55b77dcc18f</sha1>
    <format>PNG</format>
  </file>
  <file name="Pastel Super Mario Bros Castle_thumb.jpg" source="derivative">
    <format>JPEG Thumb</format>
    <original>Pastel Super Mario Bros Castle.png</original>
    <mtime>1742878132</mtime>
    <size>8255</size>
    <md5>e6f8099ceb8b9b90405cde6e83138963</md5>
    <crc32>efd3a9cf</crc32>
    <sha1>d32196fc09e7465319d5a3d5e8be57c36ea9c7c4</sha1>
  </file>
  <file name="Pastel Super Mario Bros Overworld 1.png" source="original">
    <mtime>1742877705</mtime>
    <size>2955</size>
    <md5>6c12bca31abeae294f7ab2bd678c08eb</md5>
    <crc32>3038cb80</crc32>
    <sha1>3c1453fecb30d6de6db02ac84768143c764354cb</sha1>
    <format>PNG</format>
  </file>
  <file name="Pastel Super Mario Bros Overworld 1_thumb.jpg" source="derivative">
    <format>JPEG Thumb</format>
    <original>Pastel Super Mario Bros Overworld 1.png</original>
    <mtime>1742878142</mtime>
    <size>7464</size>
    <md5>2d78aecc369a3274ba68334d60e278c8</md5>
    <crc32>07c0bc1b</crc32>
    <sha1>487ad3a61ad9785ece03fc4c02c1067ad8c70c3f</sha1>
  </file>
  <file name="Pastel Super Mario Bros Overworld 2.png" source="original">
    <mtime>1742877707</mtime>
    <size>3202</size>
    <md5>317bc90a11dfe378df272295c4b3e910</md5>
    <crc32>6e74c161</crc32>
    <sha1>323ef979bca1c11bd84b711372be43810d91229e</sha1>
    <format>PNG</format>
  </file>
  <file name="Pastel Super Mario Bros Overworld 2_thumb.jpg" source="derivative">
    <format>JPEG Thumb</format>
    <original>Pastel Super Mario Bros Overworld 2.png</original>
    <mtime>1742878151</mtime>
    <size>7782</size>
    <md5>876088c06224165125ba96575e954be3</md5>
    <crc32>153af306</crc32>
    <sha1>c14ce749567d58e39c6dd93d2fb8ce494330f162</sha1>
  </file>
  <file name="Pastel Super Mario Bros Overworld 3.png" source="original">
    <mtime>1742877710</mtime>
    <size>3087</size>
    <md5>5821d5e0f348cd52fd4cbaa820dde3e9</md5>
    <crc32>a037ff46</crc32>
    <sha1>42d785cce11f9ef9ab98d159841c60a2ad6e1561</sha1>
    <format>PNG</format>
  </file>
  <file name="Pastel Super Mario Bros Overworld 3_thumb.jpg" source="derivative">
    <format>JPEG Thumb</format>
    <original>Pastel Super Mario Bros Overworld 3.png</original>
    <mtime>1742878163</mtime>
    <size>7274</size>
    <md5>46009cbd8568e5b8832eb1ee3d4b7581</md5>
    <crc32>a54ce961</crc32>
    <sha1>7b12726f07aa5a1640cb12173c0ebc5055d78aa9</sha1>
  </file>
  <file name="Pastel Super Mario Bros Snow Day.png" source="original">
    <mtime>1742877713</mtime>
    <size>3507</size>
    <md5>0a48f2403609b44433d521dba293b33e</md5>
    <crc32>e05ed15a</crc32>
    <sha1>bb29bae4d3b6573dfaf11504f28565558d611ac6</sha1>
    <format>PNG</format>
  </file>
  <file name="Pastel Super Mario Bros Snow Day_thumb.jpg" source="derivative">
    <format>JPEG Thumb</format>
    <original>Pastel Super Mario Bros Snow Day.png</original>
    <mtime>1742878170</mtime>
    <size>7809</size>
    <md5>0ca756e3b2482f0f69c6d87ed3194f62</md5>
    <crc32>7275a742</crc32>
    <sha1>d356e2fa8154b5b0605f4383b958c33bb003d7c2</sha1>
  </file>
  <file name="Pastel Super Mario Bros Snow Night.png" source="original">
    <mtime>1742877714</mtime>
    <size>2547</size>
    <md5>2e9bc8e0542558e6526046f961afabc9</md5>
    <crc32>8acd69ec</crc32>
    <sha1>5875e8333ce53b530aae013d5479ebca864c23fd</sha1>
    <format>PNG</format>
  </file>
  <file name="Pastel Super Mario Bros Snow Night_thumb.jpg" source="derivative">
    <format>JPEG Thumb</format>
    <original>Pastel Super Mario Bros Snow Night.png</original>
    <mtime>1742878176</mtime>
    <size>8517</size>
    <md5>148d94fd8ae98a872fda0fe85ee52b0d</md5>
    <crc32>f5b2e5f2</crc32>
    <sha1>fca6e5dd65b456e3724dd8a93d2b87929be3a44c</sha1>
  </file>
  <file name="Pastel Super Mario Bros Title.png" source="original">
    <mtime>1742877720</mtime>
    <size>3309</size>
    <md5>ed778a54a4f605001caf56f168eab75e</md5>
    <crc32>ec65af8d</crc32>
    <sha1>7786b5dff817ed32d30b3b4acb7082b386a949e9</sha1>
    <format>PNG</format>
  </file>
  <file name="Pastel Super Mario Bros Title_thumb.jpg" source="derivative">
    <format>JPEG Thumb</format>
    <original>Pastel Super Mario Bros Title.png</original>
    <mtime>1742878188</mtime>
    <size>9229</size>
    <md5>b6be63240c8e430db443c2936614b76f</md5>
    <crc32>0c33fe5b</crc32>
    <sha1>b5f35942a1df41fa3876feda61f59f034287b873</sha1>
  </file>
  <file name="Pastel Super Mario Bros Underground.png" source="original">
    <mtime>1742877698</mtime>
    <size>2649</size>
    <md5>ece64d420c8c38cf46361f24dab19404</md5>
    <crc32>004e5cc5</crc32>
    <sha1>308fe85b6697fbb694f536b92c21ae035806e580</sha1>
    <format>PNG</format>
  </file>
  <file name="Pastel Super Mario Bros Underground_thumb.jpg" source="derivative">
    <format>JPEG Thumb</format>
    <original>Pastel Super Mario Bros Underground.png</original>
    <mtime>1742878198</mtime>
    <size>8809</size>
    <md5>74f411dc423272cf1f7b17541e402a98</md5>
    <crc32>c9239d1d</crc32>
    <sha1>3077c5d89a51547e20c8910d8a6cef61febebc47</sha1>
  </file>
  <file name="Pastel Super Mario Bros Underwater.png" source="original">
    <mtime>1742877700</mtime>
    <size>3032</size>
    <md5>64cc5104e0e37b623b9cda322a010b94</md5>
    <crc32>632a30fd</crc32>
    <sha1>eca0c325bba387225f05f1b9ba971406757df4f7</sha1>
    <format>PNG</format>
  </file>
  <file name="Pastel Super Mario Bros Underwater_thumb.jpg" source="derivative">
    <format>JPEG Thumb</format>
    <original>Pastel Super Mario Bros Underwater.png</original>
    <mtime>1742878212</mtime>
    <size>8077</size>
    <md5>c7f11f9fafaa5a3aa9bc0cdadfdb8de7</md5>
    <crc32>7d7eb1b4</crc32>
    <sha1>f6743c997048f7032d14a77e18dc9a779601ac5f</sha1>
  </file>
  <file name="Pastel Super Mario Bros.ips" source="original">
    <mtime>1742877677</mtime>
    <size>4541</size>
    <md5>2e5a9188e173664459fe54fcef90c80d</md5>
    <crc32>c05e7ac2</crc32>
    <sha1>38142d8536888da78b5b314c6b041942daadad62</sha1>
    <format>Unknown</format>
    <viruscheck>1742878102</viruscheck>
  </file>
  <file name="__ia_thumb.jpg" source="original">
    <mtime>1742877766</mtime>
    <size>12464</size>
    <md5>6ed2d4c9c9050a87d9272a91fb6e2dec</md5>
    <crc32>2ae67656</crc32>
    <sha1>01c3fcda02d02843d0439498b2a4f6f5dafdd897</sha1>
    <format>Item Tile</format>
  </file>
  <file name="pastel-super-mario-bros_archive.torrent" source="metadata">
    <btih>3eae5915afe54f0a00f5a6f3d38fdf3617f053fe</btih>
    <mtime>1742882138</mtime>
    <size>5403</size>
    <md5>10bc405860383be6bd700d291d513789</md5>
    <crc32>3a9d22f1</crc32>
    <sha1>4717f34678775cb5b9dda862c1deeeb296ac00fb</sha1>
    <format>Archive BitTorrent</format>
  </file>
  <file name="pastel-super-mario-bros_files.xml" source="original">
    <format>Metadata</format>
    <md5>f02979923d8996d7a958947209d1efbe</md5>
    <summation>md5</summation>
  </file>
  <file name="pastel-super-mario-bros_meta.sqlite" source="original">
    <mtime>1742877727</mtime>
    <size>61440</size>
    <md5>183b7541ab35fda4b3892790a6966586</md5>
    <crc32>7d4f315f</crc32>
    <sha1>b3fb72b9cafca31cf6a9eae5e6d9888cf0cc0915</sha1>
    <format>Metadata</format>
  </file>
  <file name="pastel-super-mario-bros_meta.xml" source="original">
    <mtime>1742882137</mtime>
    <size>1191</size>
    <md5>af887d71b303c82c329d1375a067fd63</md5>
    <crc32>0f5dec84</crc32>
    <sha1>b6ea9c4dace93d1da4c75a1021eef2d1e6f09807</sha1>
    <format>Metadata</format>
  </file>
</files>
