<?xml version="1.0" encoding="UTF-8"?>
<metadata>
  <identifier>pastel-super-mario-bros</identifier>
  <mediatype>software</mediatype>
  <collection>open_source_software</collection>
  <creator>SolvalouArt</creator>
  <date>2025-03-24</date>
  <description>A graphical overhaul hack of Super Mario Bros. for the NES that features lovingly redrawn sprites and a beautiful color palette. Recommended to be played using the FCEUX emulator's default color palette for the best experience! &lt;div&gt;&lt;br /&gt;&lt;/div&gt;&lt;div&gt;If you don't know how to use an IPS patch file, it's incredibly easy, just google it!&lt;/div&gt;</description>
  <language>eng</language>
  <scanner>Internet Archive HTML5 Uploader 1.7.0</scanner>
  <subject>video games</subject>
  <subject>NES</subject>
  <subject>Nintendo</subject>
  <subject>ROM Hacks</subject>
  <subject>Mario</subject>
  <title>Pastel Super Mario Bros</title>
  <uploader>m364p13@gmail.com</uploader>
  <publicdate>2025-03-25 04:41:38</publicdate>
  <addeddate>2025-03-25 04:41:38</addeddate>
  <curation>[curator]validator@archive.org[/curator][date]20250325044822[/date][comment]checked for malware[/comment]</curation>
</metadata>
