{
  "id": "MAP_MAGMA_HIDEOUT_2F_1R",
  "name": "MagmaHideout_2F_1R",
  "layout": "LAYOUT_MAGMA_HIDEOUT_2F_1R",
  "music": "MUS_AQUA_MAGMA_HIDEOUT",
  "region_map_section": "MAPSEC_MAGMA_HIDEOUT",
  "requires_flash": false,
  "weather": "WEATHER_NONE",
  "map_type": "MAP_TYPE_UNDERGROUND",
  "allow_cycling": true,
  "allow_escaping": true,
  "allow_running": true,
  "show_map_name": true,
  "battle_scene": "MAP_BATTLE_SCENE_NORMAL",
  "connections": 0,
  "object_events": [

  ],
  "warp_events": [
    {
      "x": 11,
      "y": 23,
      "elevation": 0,
      "dest_map": "MAP_MAGMA_HIDEOUT_2F_2R",
      "dest_warp_id": "0"
    },
    {
      "x": 8,
      "y": 2,
      "elevation": 0,
      "dest_map": "MAP_MAGMA_HIDEOUT_1F",
      "dest_warp_id": "1"
    },
    {
      "x": 17,
      "y": 33,
      "elevation": 3,
      "dest_map": "MAP_MAGMA_HIDEOUT_3F_1R",
      "dest_warp_id": "2"
    }
  ],
  "coord_events": [

  ],
  "bg_events": [

  ]
}
