<?xml version="1.0" encoding="UTF-8"?>
<metadata>
  <identifier>dbz-ii-rebalance-nes</identifier>
  <mediatype>software</mediatype>
  <collection>open_source_software</collection>
  <creator>injoon84</creator>
  <date>2025-07-12</date>
  <description>&lt;div&gt;Info:&lt;/div&gt;&lt;div&gt;1) This ROM Hack rebalance the DBZ Warriors.&lt;/div&gt;&lt;div&gt;2) BP is adjusted so that Goku will not be too OP while Piccolo and Vegeta will have decent level up to level 25 (Max 40).&lt;/div&gt;&lt;div&gt;3) Reduce BP experience gains from the Gravity Machine Training before reaching level 31.&lt;/div&gt;&lt;div&gt;4) Adjustment regarding BP experience gains also been made for training like agility, rock and body split.&lt;/div&gt;&lt;div&gt;5) Modification on both optional bosses' BP experience gains were also included.&lt;/div&gt;&lt;div&gt;6) As for the HP, the value will now always end with either 0 or 5 when level up. Tenshinhan's HP at Level 36 is fixed too.&lt;/div&gt;&lt;div&gt;7) Fixed Gyroballer's English Patch v1.02 password system by adding ' while removing the unnecessary ' and etc.&lt;/div&gt;&lt;div&gt;8) All the details are inside the xls file. There is Cheat Code explaining how to make Vegeta fully playable too.&lt;/div&gt;&lt;div&gt;&lt;br /&gt;&lt;/div&gt;&lt;div&gt;&lt;div&gt;2 patches were provided:&lt;/div&gt;&lt;div&gt;1) Dragon Ball Z II - Gekishin Freeza!! (J) [Rebalance].ips&lt;/div&gt;&lt;div&gt;2) Dragon Ball Z II - Tyrant Freeza!! (J) [Rebalance] [T+Eng1.02_Gyroballer].ips&lt;/div&gt;&lt;div&gt;&lt;br /&gt;&lt;/div&gt;&lt;div&gt;How to patch:&lt;/div&gt;&lt;div&gt;Use Lunar IPS and choose one of the ips file to patch it with the original ROM.&lt;/div&gt;&lt;div&gt;Database match: Dragon Ball Z II - Gekishin Freeza!! (Japan) (Rev 1)&lt;/div&gt;&lt;div&gt;Database: No-Intro: Nintendo Entertainment System (v. 20210216-231042)&lt;/div&gt;&lt;div&gt;File SHA-1: 1D1E2B5F97A0BDB4823FDC43308AB65BAB2A5152&lt;/div&gt;&lt;div&gt;File CRC32: D396D28A&lt;/div&gt;&lt;div&gt;ROM SHA-1: 111D38E2FB41D0B43753E18757D427A91B0DBCB9&lt;/div&gt;&lt;div&gt;ROM CRC32: A9541452&lt;/div&gt;&lt;/div&gt;&lt;div&gt;&lt;br /&gt;&lt;/div&gt;&lt;div&gt;&lt;div&gt;Credits:&lt;/div&gt;&lt;div&gt;1) http://lucifer.s14.xrea.com/hobby/reizouko/&lt;/div&gt;&lt;div&gt;2) https://docs.google.com/document/d/1LO71sumL1XMlDnoQzo7Z1JMZnTJjYuTitvOTiJaB9WA/edit?tab=t.0&lt;/div&gt;&lt;div&gt;3) https://dragonball.fandom.com/wiki/Dragon_Ball_Z_II:_Gekishin_Freeza#Maps&lt;/div&gt;&lt;div&gt;4) https://gesato.com/fc/dbz2/data.html&lt;/div&gt;&lt;div&gt;5) Gyroballer from ROMhacking.net&lt;/div&gt;&lt;div&gt;6) Twilight Translations from ROMhacking.net&lt;/div&gt;&lt;/div&gt;</description>
  <language>eng</language>
  <scanner>Internet Archive HTML5 Uploader 1.7.0</scanner>
  <subject>DBZ II Gekishin Freeza!! Rebalance</subject>
  <title>DBZ II Gekishin Freeza!! [Rebalance]</title>
  <subject>DBZ II Tyrant Freeza!! Rebalance</subject>
  <subject>DBZ 2 Rebalance</subject>
  <subject>DBZ 2 Romhack</subject>
  <subject>Dragon Ball Z</subject>
  <subject>DBZ</subject>
  <subject>romhack</subject>
  <subject>ips</subject>
  <subject>Nintendo Entertainment System</subject>
  <subject>nes</subject>
  <uploader>injoon84@gmail.com</uploader>
  <publicdate>2025-07-11 17:23:24</publicdate>
  <addeddate>2025-07-11 17:23:24</addeddate>
  <curation>[curator]validator@archive.org[/curator][date]20250711173000[/date][comment]checked for malware[/comment]</curation>
</metadata>
