<?xml version="1.0" encoding="UTF-8"?>
<files>
  <file name="00a.png" source="original">
    <mtime>1752254645</mtime>
    <size>53700</size>
    <md5>17fa1987c6541e63c6b3bf331427e297</md5>
    <crc32>f4b65151</crc32>
    <sha1>b2aef14eb2b916099cb2488484af290957999efa</sha1>
    <format>PNG</format>
  </file>
  <file name="00a_thumb.jpg" source="derivative">
    <format>JPEG Thumb</format>
    <original>00a.png</original>
    <mtime>1752255168</mtime>
    <size>11459</size>
    <md5>cb5d0e07f5e3fdb36bc556e5d9229c81</md5>
    <crc32>3803aac4</crc32>
    <sha1>b27376d3eed66b97dd811db31cf9519e5b9370d6</sha1>
  </file>
  <file name="DBZ II Rebalance.zip" source="original">
    <mtime>1752254584</mtime>
    <size>74331</size>
    <md5>66f82c034720b31b4749bf155b423ae5</md5>
    <crc32>1e1e6a89</crc32>
    <sha1>b647e8deb480f3dde6892a4086582296dbcfb1da</sha1>
    <format>ZIP</format>
    <filecount>4</filecount>
    <viruscheck>1752255000</viruscheck>
  </file>
  <file name="__ia_thumb.jpg" source="original">
    <mtime>1752254681</mtime>
    <size>37123</size>
    <md5>0c73a3a0e547fc96d9287c0c404d4558</md5>
    <crc32>bbc14cfe</crc32>
    <sha1>57cf508f40e58214b963b30bcc7d5ee4a8cb8829</sha1>
    <format>Item Tile</format>
  </file>
  <file name="dbz-ii-rebalance-nes_archive.torrent" source="metadata">
    <btih>d56522bfae7227f018d0d0972f485713ab5d62c0</btih>
    <mtime>1752255179</mtime>
    <size>2221</size>
    <md5>f5d07365e56d67429bb9547defbe8873</md5>
    <crc32>1a104d80</crc32>
    <sha1>95827d5dbbc3bf1e627ee87d73e22676f3938bee</sha1>
    <format>Archive BitTorrent</format>
  </file>
  <file name="dbz-ii-rebalance-nes_files.xml" source="original">
    <format>Metadata</format>
    <md5>239c6f9b866923c51d08f85f07e47230</md5>
    <summation>md5</summation>
  </file>
  <file name="dbz-ii-rebalance-nes_meta.sqlite" source="original">
    <mtime>1752254647</mtime>
    <size>32768</size>
    <md5>0e4803765bf1db93ef5fb0cff1581a3c</md5>
    <crc32>074181d2</crc32>
    <sha1>1ab41fc08bf25ad25de044e1d4e61105e603f835</sha1>
    <format>Metadata</format>
  </file>
  <file name="dbz-ii-rebalance-nes_meta.xml" source="original">
    <mtime>1752255000</mtime>
    <size>3494</size>
    <md5>54844a088e1bb9092dda436f3d13341e</md5>
    <crc32>5d5ef891</crc32>
    <sha1>cd80a63fcfeebef9bc20b579e55429089b49dfc3</sha1>
    <format>Metadata</format>
  </file>
</files>
