{
  "id": "MAP_ROUTE22_NORTH_ENTRANCE",
  "name": "Route22_NorthEntrance",
  "layout": "LAYOUT_ROUTE22_NORTH_ENTRANCE",
  "music": "MUS_VIRIDIAN_FOREST",
  "region_map_section": "MAPSEC_ROUTE_22",
  "requires_flash": false,
  "weather": "WEATHER_NONE",
  "map_type": "MAP_TYPE_INDOOR",
  "allow_cycling": false,
  "allow_escaping": false,
  "allow_running": false,
  "show_map_name": false,
  "floor_number": 0,
  "battle_scene": "MAP_BATTLE_SCENE_NORMAL",
  "connections": 0,
  "object_events": [
    {
      "type": "object",
      "graphics_id": "OBJ_EVENT_GFX_POLICEMAN",
      "x": 6,
      "y": 2,
      "elevation": 3,
      "movement_type": "MOVEMENT_TYPE_FACE_LEFT",
      "movement_range_x": 1,
      "movement_range_y": 1,
      "trainer_type": "TRAINER_TYPE_NONE",
      "trainer_sight_or_berry_tree_id": "0",
      "script": "Route22_NorthEntrance_EventScript_BoulderBadgeGuard",
      "flag": "0",
      "in_connection": false
    }
  ],
  "warp_events": [
    {
      "x": 4,
      "y": 0,
      "elevation": 3,
      "dest_map": "MAP_ROUTE23",
      "dest_warp_id": "2"
    },
    {
      "x": 4,
      "y": 7,
      "elevation": 3,
      "dest_map": "MAP_ROUTE22",
      "dest_warp_id": "0"
    },
    {
      "x": 5,
      "y": 7,
      "elevation": 3,
      "dest_map": "MAP_ROUTE22",
      "dest_warp_id": "0"
    },
    {
      "x": 5,
      "y": 0,
      "elevation": 3,
      "dest_map": "MAP_ROUTE23",
      "dest_warp_id": "2"
    }
  ],
  "coord_events": [
    {
      "type": "trigger",
      "x": 4,
      "y": 2,
      "elevation": 3,
      "var": "VAR_MAP_SCENE_ROUTE23",
      "var_value": "0",
      "script": "Route22_NorthEntrance_EventScript_BoulderBadgeGuardTrigger"
    },
    {
      "type": "trigger",
      "x": 5,
      "y": 2,
      "elevation": 3,
      "var": "VAR_MAP_SCENE_ROUTE23",
      "var_value": "0",
      "script": "Route22_NorthEntrance_EventScript_BoulderBadgeGuardTrigger"
    }
  ],
  "bg_events": [

  ]
}
