<?xml version="1.0" encoding="UTF-8"?>
<files>
  <file name="Key of Heaven (E) UNDUB v1.0.xdelta" source="original">
    <mtime>1747105746</mtime>
    <size>40919</size>
    <md5>49915e8213989a250664fcd8023447f7</md5>
    <crc32>ece8190a</crc32>
    <sha1>2585cedf5f018a4320f3a56e3b010882a0a09a79</sha1>
    <format>Unknown</format>
    <viruscheck>1747106118</viruscheck>
  </file>
  <file name="Kingdom of Paradise (U) UNDUB v1.0.xdelta" source="original">
    <mtime>1747106680</mtime>
    <size>69722346</size>
    <md5>eeb5fd6c651eb8e897ea094e677df1ad</md5>
    <crc32>e00f354e</crc32>
    <sha1>03167b9acfa138d6b2895448679d385708c01d6b</sha1>
    <format>Unknown</format>
  </file>
  <file name="kingdom_of_paradise_undub_patch_archive.torrent" source="metadata">
    <btih>7ad33f78e9691a086ba9f8fdab1dc3df6877317e</btih>
    <mtime>1747112563</mtime>
    <size>4700</size>
    <md5>46d39cc45cb04c5c2e30fb8430cc86f0</md5>
    <crc32>7778417f</crc32>
    <sha1>4b13344041b2dc697de1024df4960a6d9dfa843f</sha1>
    <format>Archive BitTorrent</format>
  </file>
  <file name="kingdom_of_paradise_undub_patch_files.xml" source="original">
    <format>Metadata</format>
    <md5>44e2d30d36950a8e1d921e22fb78f374</md5>
    <summation>md5</summation>
  </file>
  <file name="kingdom_of_paradise_undub_patch_meta.sqlite" source="original">
    <mtime>1747106686</mtime>
    <size>32768</size>
    <md5>867bb7be34368eb8d089da561bc090e0</md5>
    <crc32>a0e388a2</crc32>
    <sha1>ae068c9b01d7d0bf00e1d0f9426d4de264abb30d</sha1>
    <format>Metadata</format>
  </file>
  <file name="kingdom_of_paradise_undub_patch_meta.xml" source="original">
    <mtime>1747112562</mtime>
    <size>3016</size>
    <md5>914ab566ffba16ece7df3413edcb5989</md5>
    <crc32>95d106e8</crc32>
    <sha1>ff60ec3fb95e5131a7641ff92c27d1fc327f853e</sha1>
    <format>Metadata</format>
  </file>
</files>
