<?xml version="1.0" encoding="UTF-8"?>
<metadata>
  <identifier>kingdom_of_paradise_undub_patch</identifier>
  <mediatype>software</mediatype>
  <collection>open_source_software</collection>
  <creator>C&amp;P-kyun</creator>
  <date>2025-05-13</date>
  <description>The very old undub by &lt;i&gt;&lt;b&gt;Independent Undubbers' Union&lt;/b&gt;&lt;/i&gt; was okay for the time, but it had a few issues: English lip-sync and line timings, all of the FMV were re-encoded instead of only the relevant ones, the re-encoded FMVs have playback issues / stutter.&lt;div&gt;And the European version of the game includes dual audio natively, as well as Japanese lip-sync and line timings for both of the dubs, but it fails to switch to the Japanese audio track for a few pre-rendered cutscenes.&lt;/div&gt;&lt;div&gt;&lt;br /&gt;&lt;/div&gt;&lt;div&gt;This new undub for the North American version of the game solves the issues listed above, and the patch for the European version works around the problem with the FMVs by duplicating the Japanese audio tracks in place of the English ones... and also re-linking English audio for Japanese across the game along the way, since it wouldn't make sense to have partial English audio.&lt;/div&gt;&lt;div&gt;&lt;br /&gt;&lt;/div&gt;&lt;div&gt;One neat thing about these patches is that they feature probably the first-ever truly remuxed PMFs used in a PSP undub. Pretty cool, huh?&lt;/div&gt;&lt;div&gt;&lt;hr /&gt;&lt;div&gt;Apply the &lt;code&gt;U&lt;/code&gt; patch to a &lt;a href="http://redump.org/disc/1287/" rel="ugc nofollow"&gt;Redump-compliant&lt;/a&gt; North American ISO&lt;/div&gt;&lt;div&gt;CRC32: &lt;code&gt;AEC0D9BC&lt;/code&gt; | MD5: &lt;code&gt;6EC92800CC2D8EA9F7C0CA5013DBA4B0&lt;/code&gt;&lt;/div&gt;&lt;div&gt;&lt;br /&gt;&lt;/div&gt;&lt;div&gt;Apply the &lt;code&gt;E&lt;/code&gt; patch to a &lt;a href="http://redump.org/disc/4395/" rel="ugc nofollow"&gt;Redump-compliant&lt;/a&gt; European ISO&lt;/div&gt;&lt;div&gt;CRC32: &lt;code&gt;FFA56A4D&lt;/code&gt; | MD5: &lt;code&gt;99BE6EC5715FDE1F82B39C9AE26F4D6D&lt;/code&gt;&lt;/div&gt;&lt;/div&gt;</description>
  <language>eng</language>
  <language>jpn</language>
  <language>fre</language>
  <language>spa</language>
  <language>ger</language>
  <language>ita</language>
  <scanner>Internet Archive HTML5 Uploader 1.7.0</scanner>
  <subject>PlayStation Portable</subject>
  <subject>PSP</subject>
  <subject>Undub</subject>
  <subject>Mod</subject>
  <subject>Tenchi no Mon</subject>
  <subject>Climax Entertainment</subject>
  <subject>Sony Computer Entertainment</subject>
  <subject>SCE</subject>
  <subject>UCUS-98623</subject>
  <subject>UCES-00178</subject>
  <title>Kingdom of Paradise / Key of Heaven UNDUB patch</title>
  <uploader>swosho@gmail.com</uploader>
  <publicdate>2025-05-13 03:09:25</publicdate>
  <addeddate>2025-05-13 03:09:25</addeddate>
  <curation>[curator]validator@archive.org[/curator][date]20250513031518[/date][comment]checked for malware[/comment]</curation>
</metadata>
