{
  "0x0001": "Monster Vial 1",
  "0x0002": "Monster Vial 2",
  "0x0003": "Monster Vial 3",
  "0x0004": "Shield Rod",
  "0x0005": "Leather Shield",
  "0x0006": "Knight Shield",
  "0x0007": "Iron Shield",
  "0x0008": "Axelord Shield",
  "0x0009": "Herald Shield",
  "0x000a": "Dark Shield",
  "0x000b": "Goddess Shield",
  "0x000c": "Shaman Shield",
  "0x000d": "Medusa Shield",
  "0x000e": "Skull Shield",
  "0x000f": "Fire Shield",
  "0x0010": "Alucard Shield",
  "0x0011": "Sword of Dawn",
  "0x0012": "Basilard",
  "0x0013": "Short Sword",
  "0x0014": "Combat Knife",
  "0x0015": "Nunchaku",
  "0x0016": "Were Bane",
  "0x0017": "Rapier",
  "0x0018": "Karma Coin",
  "0x0019": "Magic Missile",
  "0x001a": "Red Rust",
  "0x001b": "Takemitsu",
  "0x001c": "Shotel",
  "0x001d": "Orange",
  "0x001e": "Apple",
  "0x001f": "Banana",
  "0x0020": "Grapes",
  "0x0021": "Strawberry",
  "0x0022": "Pineapple",
  "0x0023": "Peanuts",
  "0x0024": "Toadstool",
  "0x0025": "Shiitake",
  "0x0026": "Cheesecake",
  "0x0027": "Shortcake",
  "0x0028": "Tart",
  "0x0029": "Parfait",
  "0x002a": "Pudding",
  "0x002b": "Ice Cream",
  "0x002c": "Frankfurter",
  "0x002d": "Hamburger",
  "0x002e": "Pizza",
  "0x002f": "Cheese",
  "0x0030": "Ham And Eggs",
  "0x0031": "Omelette",
  "0x0032": "Morning Set",
  "0x0033": "Lunch A",
  "0x0034": "Lunch B",
  "0x0035": "Curry Rice",
  "0x0036": "Gyros Plate",
  "0x0037": "Spaghetti",
  "0x0038": "Grape Juice",
  "0x0039": "Barley Tea",
  "0x003a": "Green Tea",
  "0x003b": "Natou",
  "0x003c": "Ramen",
  "0x003d": "Miso Soup",
  "0x003e": "Sushi",
  "0x003f": "Pork Bun",
  "0x0040": "Red Bean Bun",
  "0x0041": "Chinese Bun",
  "0x0042": "Dim Sum Set",
  "0x0043": "Pot Roast",
  "0x0044": "Sirloin",
  "0x0045": "Turkey",
  "0x0046": "Meal Ticket",
  "0x0047": "Neutron Bomb",
  "0x0048": "Power of Sire",
  "0x0049": "Pentagram",
  "0x004a": "Bat Pentagram",
  "0x004b": "Shuriken",
  "0x004c": "Cross Shuriken",
  "0x004d": "Buffalo Star",
  "0x004e": "Flame Star",
  "0x004f": "Tnt",
  "0x0050": "Bwaka Knife",
  "0x0051": "Boomerang",
  "0x0052": "Javelin",
  "0x0053": "Tyrfing",
  "0x0054": "Namakura",
  "0x0055": "Knuckle Duster",
  "0x0056": "Gladius",
  "0x0057": "Scimitar",
  "0x0058": "Cutlass",
  "0x0059": "Saber",
  "0x005a": "Falchion",
  "0x005b": "Broadsword",
  "0x005c": "Bekatowa",
  "0x005d": "Damascus Sword",
  "0x005e": "Hunter Sword",
  "0x005f": "Estoc",
  "0x0060": "Bastard Sword",
  "0x0061": "Jewel Knuckles",
  "0x0062": "Claymore",
  "0x0063": "Talwar",
  "0x0064": "Katana",
  "0x0065": "Flamberge",
  "0x0066": "Iron Fist",
  "0x0067": "Zwei Hander",
  "0x0068": "Sword of Hador",
  "0x0069": "Luminus",
  "0x006a": "Harper",
  "0x006b": "Obsidian Sword",
  "0x006c": "Gram",
  "0x006d": "Jewel Sword",
  "0x006e": "Mormegil",
  "0x006f": "Firebrand",
  "0x0070": "Thunderbrand",
  "0x0071": "Icebrand",
  "0x0072": "Stone Sword",
  "0x0073": "Holy Sword",
  "0x0074": "Terminus Est",
  "0x0075": "Marsil",
  "0x0076": "Dark Blade",
  "0x0077": "Heaven Sword",
  "0x0078": "Fist of Tulkas",
  "0x0079": "Gurthang",
  "0x007a": "Mourneblade",
  "0x007b": "Alucard Sword",
  "0x007c": "Mablung Sword",
  "0x007d": "Badelaire",
  "0x007e": "Sword Familiar",
  "0x007f": "Great Sword",
  "0x0080": "Mace",
  "0x0081": "Morningstar",
  "0x0082": "Holy Rod",
  "0x0083": "Star Flail",
  "0x0084": "Moon Rod",
  "0x0085": "Chakram",
  "0x0086": "Fire Boomerang",
  "0x0087": "Iron Ball",
  "0x0088": "Holbein Dagger",
  "0x0089": "Blue Knuckles",
  "0x008a": "Dynamite",
  "0x008b": "Osafune Katana",
  "0x008c": "Masamune",
  "0x008d": "Muramasa",
  "0x008e": "Heart Refresh",
  "0x008f": "Runesword",
  "0x0090": "Antivenom",
  "0x0091": "Uncurse",
  "0x0092": "Life Apple",
  "0x0093": "Hammer",
  "0x0094": "Str. Potion",
  "0x0095": "Luck Potion",
  "0x0096": "Smart Potion",
  "0x0097": "Attack Potion",
  "0x0098": "Shield Potion",
  "0x0099": "Resist Fire",
  "0x009a": "Resist Thunder",
  "0x009b": "Resist Ice",
  "0x009c": "Resist Stone",
  "0x009d": "Resist Holy",
  "0x009e": "Resist Dark",
  "0x009f": "Potion",
  "0x00a0": "High Potion",
  "0x00a1": "Elixir",
  "0x00a2": "Manna Prism",
  "0x00a3": "Vorpal Blade",
  "0x00a4": "Crissaegrim",
  "0x00a5": "Yasutsuna",
  "0x00a6": "Library Card",
  "0x00a7": "Alucart Shield",
  "0x00a8": "Alucart Sword",
  "0x00aa": "Cloth Tunic",
  "0x00ab": "Hide Cuirass",
  "0x00ac": "Bronze Cuirass",
  "0x00ad": "Iron Cuirass",
  "0x00ae": "Steel Cuirass",
  "0x00af": "Silver Plate",
  "0x00b0": "Gold Plate",
  "0x00b1": "Platinum Mail",
  "0x00b2": "Diamond Plate",
  "0x00b3": "Fire Mail",
  "0x00b4": "Lightning Mail",
  "0x00b5": "Ice Mail",
  "0x00b6": "Mirror Cuirass",
  "0x00b7": "Spike Breaker",
  "0x00b8": "Alucard Mail",
  "0x00b9": "Dark Armor",
  "0x00ba": "Healing Mail",
  "0x00bb": "Holy Mail",
  "0x00bc": "Walk Armor",
  "0x00bd": "Brilliant Mail",
  "0x00be": "Mojo Mail",
  "0x00bf": "Fury Plate",
  "0x00c0": "Dracula Tunic",
  "0x00c1": "God's Garb",
  "0x00c2": "Axe Lord Armor",
  "0x00c4": "Sunglasses",
  "0x00c5": "Ballroom Mask",
  "0x00c6": "Bandanna",
  "0x00c7": "Felt Hat",
  "0x00c8": "Velvet Hat",
  "0x00c9": "Goggles",
  "0x00ca": "Leather Hat",
  "0x00cb": "Holy Glasses",
  "0x00cc": "Steel Helm",
  "0x00cd": "Stone Mask",
  "0x00ce": "Circlet",
  "0x00cf": "Gold Circlet",
  "0x00d0": "Ruby Circlet",
  "0x00d1": "Opal Circlet",
  "0x00d2": "Topaz Circlet",
  "0x00d3": "Beryl Circlet",
  "0x00d4": "Cat-Eye Circlet",
  "0x00d5": "Coral Circlet",
  "0x00d6": "Dragon Helm",
  "0x00d7": "Silver Crown",
  "0x00d8": "Wizard Hat",
  "0x00da": "Cloth Cape",
  "0x00db": "Reverse Cloak",
  "0x00dc": "Elven Cloak",
  "0x00dd": "Crystal Cloak",
  "0x00de": "Royal Cloak",
  "0x00df": "Blood Cloak",
  "0x00e0": "Joseph's Cloak",
  "0x00e1": "Twilight Cloak",
  "0x00e3": "Moonstone",
  "0x00e4": "Sunstone",
  "0x00e5": "Bloodstone",
  "0x00e6": "Staurolite",
  "0x00e7": "Ring of Pales",
  "0x00e8": "Zircon",
  "0x00e9": "Aquamarine",
  "0x00ea": "Turquoise",
  "0x00eb": "Onyx",
  "0x00ec": "Garnet",
  "0x00ed": "Opal",
  "0x00ee": "Diamond",
  "0x00ef": "Lapis Lazuli",
  "0x00f0": "Ring of Ares",
  "0x00f1": "Gold Ring",
  "0x00f2": "Silver Ring",
  "0x00f3": "Ring of Varda",
  "0x00f4": "Ring of Arcana",
  "0x00f5": "Mystic Pendant",
  "0x00f6": "Heart Broach",
  "0x00f7": "Necklace of J",
  "0x00f8": "Gauntlet",
  "0x00f9": "Ankh of Life",
  "0x00fa": "Ring of Feanor",
  "0x00fb": "Medal",
  "0x00fc": "Talisman",
  "0x00fd": "Duplicator",
  "0x00fe": "King's Stone",
  "0x00ff": "Covenant Stone",
  "0x0100": "Nauglamir",
  "0x0101": "Secret Boots",
  "0x0102": "Alucart Mail"
}