{
  "id": "MAP_SSANNE_B1F_ROOM1",
  "name": "SSAnne_B1F_Room1",
  "layout": "LAYOUT_SSANNE_ROOM2",
  "music": "MUS_SS_ANNE",
  "region_map_section": "MAPSEC_S_S_ANNE",
  "requires_flash": false,
  "weather": "WEATHER_NONE",
  "map_type": "MAP_TYPE_INDOOR",
  "allow_cycling": false,
  "allow_escaping": false,
  "allow_running": true,
  "show_map_name": true,
  "floor_number": 0,
  "battle_scene": "MAP_BATTLE_SCENE_NORMAL",
  "connections": 0,
  "object_events": [
    {
      "type": "object",
      "graphics_id": "OBJ_EVENT_GFX_FISHER",
      "x": 0,
      "y": 4,
      "elevation": 3,
      "movement_type": "MOVEMENT_TYPE_FACE_RIGHT",
      "movement_range_x": 1,
      "movement_range_y": 1,
      "trainer_type": "TRAINER_TYPE_NORMAL",
      "trainer_sight_or_berry_tree_id": "3",
      "script": "SSAnne_B1F_Room1_EventScript_Barny",
      "flag": "0",
      "in_connection": false
    },
    {
      "type": "object",
      "graphics_id": "OBJ_EVENT_GFX_SAILOR",
      "x": 0,
      "y": 2,
      "elevation": 3,
      "movement_type": "MOVEMENT_TYPE_FACE_RIGHT",
      "movement_range_x": 1,
      "movement_range_y": 1,
      "trainer_type": "TRAINER_TYPE_NORMAL",
      "trainer_sight_or_berry_tree_id": "2",
      "script": "SSAnne_B1F_Room1_EventScript_Phillip",
      "flag": "0",
      "in_connection": false
    }
  ],
  "warp_events": [
    {
      "x": 2,
      "y": 5,
      "elevation": 3,
      "dest_map": "MAP_SSANNE_B1F_CORRIDOR",
      "dest_warp_id": "1"
    },
    {
      "x": 3,
      "y": 5,
      "elevation": 3,
      "dest_map": "MAP_SSANNE_B1F_CORRIDOR",
      "dest_warp_id": "1"
    }
  ],
  "coord_events": [

  ],
  "bg_events": [
    {
      "type": "hidden_item",
      "x": 3,
      "y": 1,
      "elevation": 0,
      "item": "ITEM_HYPER_POTION",
      "flag": "FLAG_HIDDEN_ITEM_SSANNE_B1F_ROOM1_HYPER_POTION",
      "quantity": 1,
      "underfoot": false
    }
  ]
}
