<?xml version="1.0" encoding="UTF-8"?>
<files>
  <file name="Pokemon Emerald Anthro Edition.ups" source="original">
    <mtime>1689755138</mtime>
    <size>16908561</size>
    <md5>d1669de6679ef81a6e29fd0fa5d92f06</md5>
    <crc32>2144df1c</crc32>
    <sha1>af7ed0ea84b0c24b0af3a5249d0dbe3a7a4148e9</sha1>
    <format>Unknown</format>
    <viruscheck>1689755766</viruscheck>
  </file>
  <file name="__ia_thumb.jpg" source="original">
    <mtime>1689755506</mtime>
    <size>17356</size>
    <md5>0600f23e4382be9b205542d009ff66f7</md5>
    <crc32>1bd45d2a</crc32>
    <sha1>a14144f94988703d6afb584d84a0338732286114</sha1>
    <format>Item Tile</format>
    <rotation>0</rotation>
  </file>
  <file name="news_round_up_by_sabs3_dfaryip-375w-2x.jpg" source="original">
    <mtime>1689755026</mtime>
    <size>72074</size>
    <md5>0f2b4268bb515248defa2ed84f035767</md5>
    <crc32>7c61fbf7</crc32>
    <sha1>2a74c45a322e068ebcdfa7e82968112a71bba326</sha1>
    <format>JPEG</format>
    <rotation>0</rotation>
  </file>
  <file name="news_round_up_by_sabs3_dfaryip-375w-2x_thumb.jpg" source="derivative">
    <format>JPEG Thumb</format>
    <original>news_round_up_by_sabs3_dfaryip-375w-2x.jpg</original>
    <mtime>1689755827</mtime>
    <size>10089</size>
    <md5>a9e4f78fcb02ba3a0db49c246fca8a43</md5>
    <crc32>02c5952b</crc32>
    <sha1>71b84caee7ed0f4e94287300d539d0e45ce2b78c</sha1>
  </file>
  <file name="pokemon-emerald-anthro-edition_archive.torrent" source="metadata">
    <btih>82962b4d496fa9944de485c7198537bb368b9d85</btih>
    <mtime>1689755871</mtime>
    <size>3040</size>
    <md5>01f59e357dba1be251773d05fb46825f</md5>
    <crc32>b282c06e</crc32>
    <sha1>268746f4ae55b07ca50f7725b8d39325c4600d6c</sha1>
    <format>Archive BitTorrent</format>
  </file>
  <file name="pokemon-emerald-anthro-edition_files.xml" source="original">
    <format>Metadata</format>
    <md5>ee98782899d213bb4ce37f0617f17df8</md5>
    <summation>md5</summation>
  </file>
  <file name="pokemon-emerald-anthro-edition_meta.sqlite" source="original">
    <mtime>1689755495</mtime>
    <size>28672</size>
    <md5>ff706ea9a458d21a78ce63200b196dfe</md5>
    <crc32>69c9d1d1</crc32>
    <sha1>2db2ba4d1b8e9cc8b859fd5acd0bde4864e1c6d9</sha1>
    <format>Metadata</format>
  </file>
  <file name="pokemon-emerald-anthro-edition_meta.xml" source="original">
    <mtime>1689755766</mtime>
    <size>1666</size>
    <md5>a0be3dfc0d8cabe51df3aafbad1f4aea</md5>
    <crc32>78993351</crc32>
    <sha1>45d825770796e9cefd2f064599eec8a9c9522816</sha1>
    <format>Metadata</format>
  </file>
</files>
