<?xml version="1.0" encoding="UTF-8"?>
<metadata>
  <identifier>pokemon-emerald-anthro-edition</identifier>
  <mediatype>software</mediatype>
  <collection>open_source_software</collection>
  <creator>Sabs3</creator>
  <date>2022-08-07</date>
  <description>A Rom hack for Pokemon: Emerald that turn your pocket monsters into stacked anthro babes.&lt;div&gt;&lt;br /&gt;&lt;/div&gt;&lt;div&gt;You will need a GBA Emulator, a Pokemon: Emerald ROM, and NUPS.&lt;/div&gt;&lt;div&gt;&lt;br /&gt;&lt;/div&gt;&lt;div&gt;&lt;br /&gt;&lt;/div&gt;</description>
  <language>eng</language>
  <licenseurl>https://creativecommons.org/publicdomain/zero/1.0/</licenseurl>
  <scanner>Internet Archive HTML5 Uploader 1.7.0</scanner>
  <subject>Romhack</subject>
  <title>Pokemon Emerald (anthro edition)</title>
  <subject>Rom Hack</subject>
  <subject>ROM Hack</subject>
  <subject>Sprite Edit</subject>
  <subject>Mod</subject>
  <subject>Game Mod</subject>
  <subject>Pokemon</subject>
  <subject>Nintendo</subject>
  <subject>Fan Made</subject>
  <subject>Fanmade</subject>
  <subject>Anthro</subject>
  <subject>Anthropomorphic</subject>
  <subject>Shortstacks</subject>
  <subject>Shortstack</subject>
  <subject>Furry</subject>
  <subject>Monster Girl</subject>
  <subject>Pokemon: Emerald</subject>
  <subject>Gameboy</subject>
  <subject>Gameboy Advanced</subject>
  <subject>GBA</subject>
  <uploader>billthesomething@gmail.com</uploader>
  <publicdate>2023-07-19 08:25:30</publicdate>
  <addeddate>2023-07-19 08:25:30</addeddate>
  <curation>[curator]validator@archive.org[/curator][date]20230719083606[/date][comment]checked for malware[/comment]</curation>
</metadata>
