{
  "id": "MAP_EVER_GRANDE_CITY_HALL_OF_FAME",
  "name": "EverGrandeCity_HallOfFame",
  "layout": "LAYOUT_EVER_GRANDE_CITY_HALL_OF_FAME",
  "music": "MUS_HALL_OF_FAME_ROOM",
  "region_map_section": "MAPSEC_EVER_GRANDE_CITY",
  "requires_flash": false,
  "weather": "WEATHER_NONE",
  "map_type": "MAP_TYPE_INDOOR",
  "allow_cycling": false,
  "allow_escaping": false,
  "allow_running": false,
  "show_map_name": false,
  "battle_scene": "MAP_BATTLE_SCENE_NORMAL",
  "connections": 0,
  "object_events": [

  ],
  "warp_events": [
    {
      "x": 7,
      "y": 11,
      "elevation": 3,
      "dest_map": "MAP_EVER_GRANDE_CITY_CHAMPIONS_ROOM",
      "dest_warp_id": "1"
    }
  ],
  "coord_events": [

  ],
  "bg_events": [

  ]
}
