{
  "id": "MAP_ROUTE16_NORTH_ENTRANCE_2F",
  "name": "Route16_NorthEntrance_2F",
  "layout": "LAYOUT_ENTRANCE_2F",
  "music": "MUS_PEWTER",
  "region_map_section": "MAPSEC_ROUTE_16",
  "requires_flash": false,
  "weather": "WEATHER_NONE",
  "map_type": "MAP_TYPE_INDOOR",
  "allow_cycling": false,
  "allow_escaping": false,
  "allow_running": false,
  "show_map_name": false,
  "floor_number": 0,
  "battle_scene": "MAP_BATTLE_SCENE_NORMAL",
  "connections": 0,
  "object_events": [
    {
      "type": "object",
      "graphics_id": "OBJ_EVENT_GFX_LITTLE_BOY",
      "x": 4,
      "y": 2,
      "elevation": 3,
      "movement_type": "MOVEMENT_TYPE_LOOK_AROUND",
      "movement_range_x": 1,
      "movement_range_y": 1,
      "trainer_type": "TRAINER_TYPE_NONE",
      "trainer_sight_or_berry_tree_id": "0",
      "script": "Route16_NorthEntrance_2F_EventScript_LittleBoy",
      "flag": "0",
      "in_connection": false
    },
    {
      "type": "object",
      "graphics_id": "OBJ_EVENT_GFX_LITTLE_GIRL",
      "x": 2,
      "y": 5,
      "elevation": 3,
      "movement_type": "MOVEMENT_TYPE_WANDER_LEFT_AND_RIGHT",
      "movement_range_x": 1,
      "movement_range_y": 1,
      "trainer_type": "TRAINER_TYPE_NONE",
      "trainer_sight_or_berry_tree_id": "0",
      "script": "Route16_NorthEntrance_2F_EventScript_LittleGirl",
      "flag": "0",
      "in_connection": false
    }
  ],
  "warp_events": [
    {
      "x": 7,
      "y": 7,
      "elevation": 3,
      "dest_map": "MAP_ROUTE16_NORTH_ENTRANCE_1F",
      "dest_warp_id": "4"
    }
  ],
  "coord_events": [

  ],
  "bg_events": [
    {
      "type": "sign",
      "x": 1,
      "y": 2,
      "elevation": 0,
      "player_facing_dir": "BG_EVENT_PLAYER_FACING_ANY",
      "script": "Route16_NorthEntrance_2F_EventScript_LeftBinoculars"
    },
    {
      "type": "sign",
      "x": 6,
      "y": 2,
      "elevation": 0,
      "player_facing_dir": "BG_EVENT_PLAYER_FACING_ANY",
      "script": "Route16_NorthEntrance_2F_EventScript_RightBinoculars"
    }
  ]
}
