{
  "Bat": {
    "Level": 4,
    "MaxHealth": 100,
    "MaxDamage": 170,
    "MaxDefense": 60,
    "MaxExperience": 66,
    "Resistances": {
      "FLA": 1,
      "ICE": 1,
      "LIG": 1,
      "AIR": 1
    },
    "AttackCorrection": [],
    "DamageType": "0x00",
    "AttackType": [],
    "Category": "Spawner",
    "RamUsage": "0x1000",
    "GfxPointer": [
      "0x80e894c"
    ],
    "MainEntry": true
  },
  "Tiny Slime": {
    "Level": 14,
    "MaxHealth": 100,
    "MaxDamage": 170,
    "MaxDefense": 60,
    "MaxExperience": 66,
    "Resistances": {
      "FLA": 1,
      "ICE": 1,
      "LIG": 1,
      "AIR": 1
    },
    "AttackCorrection": [],
    "DamageType": "0x00",
    "AttackType": [],
    "Category": "Spawner",
    "RamUsage": "0x2000",
    "GfxPointer": [
      "0x811bd88"
    ],
    "MainEntry": true
  },
  "Slime": {
    "Level": 14,
    "MaxHealth": 300,
    "MaxDamage": 170,
    "MaxDefense": 60,
    "MaxExperience": 200,
    "Resistances": {
      "FLA": 1,
      "ICE": 1,
      "LIG": 1,
      "AIR": 1
    },
    "AttackCorrection": [
      1.25
    ],
    "DamageType": "0x00",
    "AttackType": [
      "0x00"
    ],
    "Category": "Ground",
    "RamUsage": "0x2000",
    "GfxPointer": [
      "0x811bd88"
    ],
    "MainEntry": true
  },
  "Medusa Head": {
    "Level": 5,
    "MaxHealth": 60,
    "MaxDamage": 150,
    "MaxDefense": 60,
    "MaxExperience": 40,
    "Resistances": {
      "FLA": 1,
      "ICE": 1,
      "LIG": 2,
      "AIR": 1
    },
    "AttackCorrection": [],
    "DamageType": "0x00",
    "AttackType": [],
    "Category": "Spawner",
    "RamUsage": "0x500",
    "GfxPointer": [
      "0x811bc98"
    ],
    "MainEntry": true
  },
  "Zombie": {
    "Level": 2,
    "MaxHealth": 100,
    "MaxDamage": 170,
    "MaxDefense": 30,
    "MaxExperience": 66,
    "Resistances": {
      "FLA": 0,
      "ICE": 1,
      "LIG": 1,
      "AIR": 1
    },
    "AttackCorrection": [],
    "DamageType": "0x00",
    "AttackType": [],
    "Category": "Spawner",
    "RamUsage": "0x1000",
    "GfxPointer": [
      "0x811bc88"
    ],
    "MainEntry": true
  },
  "Skeleton": {
    "Level": 3,
    "MaxHealth": 800,
    "MaxDamage": 170,
    "MaxDefense": 90,
    "MaxExperience": 533,
    "Resistances": {
      "FLA": 1,
      "ICE": 1,
      "LIG": 1,
      "AIR": 1
    },
    "AttackCorrection": [
      1.25,
      1.25
    ],
    "DamageType": "0x00",
    "AttackType": [
      "0x00",
      "0x00"
    ],
    "Category": "Ground",
    "RamUsage": "0x1000",
    "GfxPointer": [
      "0x80f0a2c"
    ],
    "MainEntry": true
  },
  "Fleaman": {
    "Level": 4,
    "MaxHealth": 200,
    "MaxDamage": 160,
    "MaxDefense": 30,
    "MaxExperience": 133,
    "Resistances": {
      "FLA": 1,
      "ICE": 1,
      "LIG": 1,
      "AIR": 1
    },
    "AttackCorrection": [],
    "DamageType": "0x00",
    "AttackType": [],
    "Category": "Ground",
    "RamUsage": "0x1000",
    "GfxPointer": [
      "0x80f0a24"
    ],
    "MainEntry": true
  },
  "Bone Soldier": {
    "Level": 4,
    "MaxHealth": 800,
    "MaxDamage": 170,
    "MaxDefense": 120,
    "MaxExperience": 533,
    "Resistances": {
      "FLA": 1,
      "ICE": 1,
      "LIG": 1,
      "AIR": 1
    },
    "AttackCorrection": [
      1.25
    ],
    "DamageType": "0x00",
    "AttackType": [
      "0x00"
    ],
    "Category": "Ground",
    "RamUsage": "0x1000",
    "GfxPointer": [
      "0x80f0a2c"
    ],
    "MainEntry": true
  },
  "Armor Knight": {
    "Level": 4,
    "MaxHealth": 800,
    "MaxDamage": 170,
    "MaxDefense": 180,
    "MaxExperience": 533,
    "Resistances": {
      "FLA": 1,
      "ICE": 1,
      "LIG": 0,
      "AIR": 1
    },
    "AttackCorrection": [
      1.25
    ],
    "DamageType": "0x00",
    "AttackType": [
      "0x00"
    ],
    "Category": "Ground",
    "RamUsage": "0x1000",
    "GfxPointer": [
      "0x80e89ac"
    ],
    "MainEntry": true
  },
  "Giant Bat": {
    "Level": 6,
    "MaxHealth": 4000,
    "MaxDamage": 180,
    "MaxDefense": 150,
    "MaxExperience": 5333,
    "Resistances": {
      "FLA": 1,
      "ICE": 1,
      "LIG": 1,
      "AIR": 1
    },
    "AttackCorrection": [
      1.5,
      1.25
    ],
    "DamageType": "0x00",
    "AttackType": [
      "0x00",
      "0x01"
    ],
    "Category": "None",
    "RamUsage": "0x2000",
    "GfxPointer": [
      "0x80dcd4c"
    ],
    "MainEntry": true
  },
  "Ghost": {
    "Level": 5,
    "MaxHealth": 100,
    "MaxDamage": 170,
    "MaxDefense": 180,
    "MaxExperience": 66,
    "Resistances": {
      "FLA": 0,
      "ICE": 1,
      "LIG": 1,
      "AIR": 1
    },
    "AttackCorrection": [],
    "DamageType": "0x00",
    "AttackType": [],
    "Category": "Spawner",
    "RamUsage": "0x1000",
    "GfxPointer": [
      "0x80e8954"
    ],
    "MainEntry": true
  },
  "Bone Pillar": {
    "Level": 6,
    "MaxHealth": 1000,
    "MaxDamage": 170,
    "MaxDefense": 120,
    "MaxExperience": 400,
    "Resistances": {
      "FLA": 2,
      "ICE": 1,
      "LIG": 1,
      "AIR": 1
    },
    "AttackCorrection": [
      1.25,
      1.25
    ],
    "DamageType": "0x00",
    "AttackType": [
      "0x01",
      "0x01"
    ],
    "Category": "Ground",
    "RamUsage": "0x1000",
    "GfxPointer": [
      "0x80e8944"
    ],
    "MainEntry": true
  },
  "Large Ghost": {
    "Level": 7,
    "MaxHealth": 1000,
    "MaxDamage": 180,
    "MaxDefense": 180,
    "MaxExperience": 666,
    "Resistances": {
      "FLA": 0,
      "ICE": 1,
      "LIG": 1,
      "AIR": 1
    },
    "AttackCorrection": [
      1.25
    ],
    "DamageType": "0x00",
    "AttackType": [
      "0x00"
    ],
    "Category": "AirBig",
    "RamUsage": "0x2000",
    "GfxPointer": [
      "0x80e8974"
    ],
    "MainEntry": true
  },
  "White Dragon": {
    "Level": 8,
    "MaxHealth": 600,
    "MaxDamage": 180,
    "MaxDefense": 120,
    "MaxExperience": 400,
    "Resistances": {
      "FLA": 1,
      "ICE": 1,
      "LIG": 1,
      "AIR": 1
    },
    "AttackCorrection": [
      1.0,
      1.25
    ],
    "DamageType": "0x00",
    "AttackType": [
      "0x00",
      "0x01"
    ],
    "Category": "None",
    "RamUsage": "0x1000",
    "GfxPointer": [
      "0x80e8934"
    ],
    "MainEntry": true
  },
  "Rock Armor": {
    "Level": 7,
    "MaxHealth": 1000,
    "MaxDamage": 170,
    "MaxDefense": 210,
    "MaxExperience": 666,
    "Resistances": {
      "FLA": 1,
      "ICE": 2,
      "LIG": 0,
      "AIR": 1
    },
    "AttackCorrection": [
      1.5
    ],
    "DamageType": "0x00",
    "AttackType": [
      "0x00"
    ],
    "Category": "GroundBig",
    "RamUsage": "0x1000",
    "GfxPointer": [
      "0x811bd18"
    ],
    "MainEntry": true
  },
  "White Dragon Lv2": {
    "Level": 25,
    "MaxHealth": 600,
    "MaxDamage": 180,
    "MaxDefense": 120,
    "MaxExperience": 400,
    "Resistances": {
      "FLA": 1,
      "ICE": 1,
      "LIG": 1,
      "AIR": 1
    },
    "AttackCorrection": [
      1.0,
      1.25
    ],
    "DamageType": "0x00",
    "AttackType": [
      "0x00",
      "0x01"
    ],
    "Category": "None",
    "RamUsage": "0x1000",
    "GfxPointer": [
      "0x80e8934"
    ],
    "MainEntry": true
  },
  "Lizard Man": {
    "Level": 8,
    "MaxHealth": 800,
    "MaxDamage": 180,
    "MaxDefense": 120,
    "MaxExperience": 533,
    "Resistances": {
      "FLA": 1,
      "ICE": 0,
      "LIG": 1,
      "AIR": 1
    },
    "AttackCorrection": [],
    "DamageType": "0x00",
    "AttackType": [],
    "Category": "Ground",
    "RamUsage": "0x1500",
    "GfxPointer": [
      "0x811bd20"
    ],
    "MainEntry": true
  },
  "Living Armor": {
    "Level": 10,
    "MaxHealth": 8000,
    "MaxDamage": 180,
    "MaxDefense": 240,
    "MaxExperience": 10666,
    "Resistances": {
      "FLA": 1,
      "ICE": 1,
      "LIG": 1,
      "AIR": 1
    },
    "AttackCorrection": [
      1.25
    ],
    "DamageType": "0x00",
    "AttackType": [
      "0x00"
    ],
    "Category": "None",
    "RamUsage": "0x2000",
    "GfxPointer": [
      "0x80e89c4"
    ],
    "MainEntry": true
  },
  "Ectoplasm": {
    "Level": 9,
    "MaxHealth": 400,
    "MaxDamage": 160,
    "MaxDefense": 60,
    "MaxExperience": 266,
    "Resistances": {
      "FLA": 1,
      "ICE": 1,
      "LIG": 1,
      "AIR": 1
    },
    "AttackCorrection": [],
    "DamageType": "0x00",
    "AttackType": [],
    "Category": "Air",
    "RamUsage": "0x500",
    "GfxPointer": [
      "0x80e896c"
    ],
    "MainEntry": true
  },
  "Skeleton Blaze": {
    "Level": 10,
    "MaxHealth": 400,
    "MaxDamage": 170,
    "MaxDefense": 90,
    "MaxExperience": 400,
    "Resistances": {
      "FLA": 1,
      "ICE": 1,
      "LIG": 1,
      "AIR": 1
    },
    "AttackCorrection": [
      1.25
    ],
    "DamageType": "0x00",
    "AttackType": [
      "0x00"
    ],
    "Category": "Ground",
    "RamUsage": "0x1000",
    "GfxPointer": [
      "0x811bc38"
    ],
    "MainEntry": true
  },
  "Big Skeleton": {
    "Level": 24,
    "MaxHealth": 2000,
    "MaxDamage": 180,
    "MaxDefense": 210,
    "MaxExperience": 1333,
    "Resistances": {
      "FLA": 0,
      "ICE": 1,
      "LIG": 1,
      "AIR": 1
    },
    "AttackCorrection": [
      1.25,
      1.25
    ],
    "DamageType": "0x00",
    "AttackType": [
      "0x00",
      "0x00"
    ],
    "Category": "GroundBig",
    "RamUsage": "0x2000",
    "GfxPointer": [
      "0x80e897c"
    ],
    "MainEntry": true
  },
  "Flying Bone": {
    "Level": 14,
    "MaxHealth": 300,
    "MaxDamage": 160,
    "MaxDefense": 90,
    "MaxExperience": 200,
    "Resistances": {
      "FLA": 1,
      "ICE": 1,
      "LIG": 1,
      "AIR": 2
    },
    "AttackCorrection": [
      1.25
    ],
    "DamageType": "0x08",
    "AttackType": [
      "0x08"
    ],
    "Category": "Spawner",
    "RamUsage": "0x1000",
    "GfxPointer": [
      "0x80e8984"
    ],
    "MainEntry": true
  },
  "Peeping Eye": {
    "Level": 9,
    "MaxHealth": 400,
    "MaxDamage": 170,
    "MaxDefense": 60,
    "MaxExperience": 266,
    "Resistances": {
      "FLA": 1,
      "ICE": 1,
      "LIG": 1,
      "AIR": 1
    },
    "AttackCorrection": [],
    "DamageType": "0x08",
    "AttackType": [],
    "Category": "Ground",
    "RamUsage": "0x1000",
    "GfxPointer": [
      "0x80e893c"
    ],
    "MainEntry": true
  },
  "Skeleton Flail": {
    "Level": 11,
    "MaxHealth": 800,
    "MaxDamage": 170,
    "MaxDefense": 180,
    "MaxExperience": 533,
    "Resistances": {
      "FLA": 1,
      "ICE": 1,
      "LIG": 0,
      "AIR": 1
    },
    "AttackCorrection": [
      1.25
    ],
    "DamageType": "0x00",
    "AttackType": [
      "0x00"
    ],
    "Category": "Ground",
    "RamUsage": "0x1000",
    "GfxPointer": [
      "0x811bc00"
    ],
    "MainEntry": true
  },
  "Skeleton Spear": {
    "Level": 12,
    "MaxHealth": 800,
    "MaxDamage": 170,
    "MaxDefense": 120,
    "MaxExperience": 533,
    "Resistances": {
      "FLA": 1,
      "ICE": 1,
      "LIG": 1,
      "AIR": 1
    },
    "AttackCorrection": [
      1.25
    ],
    "DamageType": "0x00",
    "RamUsage": "0x1000",
    "AttackType": [
      "0x00"
    ],
    "Category": "Ground",
    "GfxPointer": [
      "0x811bc68"
    ],
    "MainEntry": true
  },
  "Red Skeleton": {
    "Level": 11,
    "MaxHealth": 400,
    "MaxDamage": 160,
    "MaxDefense": 30,
    "MaxExperience": 0,
    "Resistances": {
      "FLA": 2,
      "ICE": 1,
      "LIG": 1,
      "AIR": 1
    },
    "AttackCorrection": [],
    "DamageType": "0x00",
    "AttackType": [],
    "Category": "Ground",
    "RamUsage": "0x1000",
    "GfxPointer": [
      "0x811bcb0"
    ],
    "MainEntry": true
  },
  "Skeleton Rib": {
    "Level": 10,
    "MaxHealth": 800,
    "MaxDamage": 170,
    "MaxDefense": 120,
    "MaxExperience": 533,
    "Resistances": {
      "FLA": 1,
      "ICE": 1,
      "LIG": 1,
      "AIR": 1
    },
    "AttackCorrection": [
      1.25
    ],
    "DamageType": "0x00",
    "AttackType": [
      "0x00"
    ],
    "Category": "Ground",
    "RamUsage": "0x1000",
    "GfxPointer": [
      "0x811bc68"
    ],
    "MainEntry": true
  },
  "Bone Thrower": {
    "Level": 15,
    "MaxHealth": 800,
    "MaxDamage": 170,
    "MaxDefense": 120,
    "MaxExperience": 533,
    "Resistances": {
      "FLA": 1,
      "ICE": 1,
      "LIG": 1,
      "AIR": 1
    },
    "AttackCorrection": [
      1.25
    ],
    "DamageType": "0x00",
    "AttackType": [
      "0x00"
    ],
    "Category": "Ground",
    "RamUsage": "0x1000",
    "GfxPointer": [
      "0x811bdf0"
    ],
    "MainEntry": true
  },
  "Skeleton Ape": {
    "Level": 13,
    "MaxHealth": 1000,
    "MaxDamage": 190,
    "MaxDefense": 150,
    "MaxExperience": 666,
    "Resistances": {
      "FLA": 1,
      "ICE": 1,
      "LIG": 1,
      "AIR": 1
    },
    "AttackCorrection": [],
    "DamageType": "0x00",
    "AttackType": [],
    "Category": "Ground",
    "RamUsage": "0x1000",
    "GfxPointer": [
      "0x811bc80"
    ],
    "MainEntry": true
  },
  "Gate Guarder": {
    "Level": 13,
    "MaxHealth": 3000,
    "MaxDamage": 180,
    "MaxDefense": 240,
    "MaxExperience": 2000,
    "Resistances": {
      "FLA": 1,
      "ICE": 1,
      "LIG": 1,
      "AIR": 1
    },
    "AttackCorrection": [
      1.25
    ],
    "DamageType": "0x00",
    "AttackType": [
      "0x00"
    ],
    "Category": "None",
    "RamUsage": "0x2000",
    "GfxPointer": [
      "0x80e89c4"
    ],
    "MainEntry": true
  },
  "Golem": {
    "Level": 19,
    "MaxHealth": 8000,
    "MaxDamage": 180,
    "MaxDefense": 210,
    "MaxExperience": 10666,
    "Resistances": {
      "FLA": 1,
      "ICE": 1,
      "LIG": 2,
      "AIR": 1
    },
    "AttackCorrection": [
      1.5,
      1.1,
      1.25
    ],
    "DamageType": "0x00",
    "AttackType": [
      "0x00",
      "0x00",
      "0x00"
    ],
    "Category": "None",
    "RamUsage": "0x2000",
    "GfxPointer": [
      "0x80de39c"
    ],
    "MainEntry": true
  },
  "Skull Knight": {
    "Level": 15,
    "MaxHealth": 8000,
    "MaxDamage": 180,
    "MaxDefense": 180,
    "MaxExperience": 10666,
    "Resistances": {
      "FLA": 1,
      "ICE": 1,
      "LIG": 0,
      "AIR": 1
    },
    "AttackCorrection": [
      1.25,
      1.4,
      1.5
    ],
    "DamageType": "0x00",
    "AttackType": [
      "0x02",
      "0x01",
      "0x04"
    ],
    "Category": "None",
    "RamUsage": "0x2000",
    "GfxPointer": [
      "0x80dfd20"
    ],
    "MainEntry": true
  },
  "Tiny Devil": {
    "Level": 39,
    "MaxHealth": 300,
    "MaxDamage": 170,
    "MaxDefense": 90,
    "MaxExperience": 200,
    "Resistances": {
      "FLA": 1,
      "ICE": 1,
      "LIG": 1,
      "AIR": 1
    },
    "AttackCorrection": [
      1.25
    ],
    "DamageType": "0x00",
    "AttackType": [
      "0x00"
    ],
    "Category": "Spawner",
    "RamUsage": "0x500",
    "GfxPointer": [
      "0x811bdf8"
    ],
    "MainEntry": true
  },
  "Scarecrow": {
    "Level": 15,
    "MaxHealth": 100,
    "MaxDamage": 180,
    "MaxDefense": 90,
    "MaxExperience": 66,
    "Resistances": {
      "FLA": 0,
      "ICE": 1,
      "LIG": 1,
      "AIR": 1
    },
    "AttackCorrection": [],
    "DamageType": "0x00",
    "AttackType": [],
    "Category": "Ground",
    "RamUsage": "0x1000",
    "GfxPointer": [
      "0x811bcc0"
    ],
    "MainEntry": true
  },
  "Skeleton Spider": {
    "Level": 14,
    "MaxHealth": 3000,
    "MaxDamage": 180,
    "MaxDefense": 210,
    "MaxExperience": 2000,
    "Resistances": {
      "FLA": 1,
      "ICE": 1,
      "LIG": 1,
      "AIR": 1
    },
    "AttackCorrection": [],
    "DamageType": "0x00",
    "AttackType": [],
    "Category": "Spider",
    "RamUsage": "0x1000",
    "GfxPointer": [
      "0x80f0a34"
    ],
    "MainEntry": true
  },
  "Man-eater": {
    "Level": 17,
    "MaxHealth": 800,
    "MaxDamage": 170,
    "MaxDefense": 60,
    "MaxExperience": 533,
    "Resistances": {
      "FLA": 0,
      "ICE": 0,
      "LIG": 1,
      "AIR": 1
    },
    "AttackCorrection": [
      1.0,
      0.8
    ],
    "DamageType": "0x00",
    "AttackType": [
      "0x00",
      "0x00"
    ],
    "Category": "GroundBig",
    "RamUsage": "0x1000",
    "GfxPointer": [
      "0x80f0a44"
    ],
    "MainEntry": true
  },
  "Axe Armor": {
    "Level": 15,
    "MaxHealth": 800,
    "MaxDamage": 170,
    "MaxDefense": 180,
    "MaxExperience": 533,
    "Resistances": {
      "FLA": 2,
      "ICE": 1,
      "LIG": 0,
      "AIR": 1
    },
    "AttackCorrection": [
      1.25,
      1.25
    ],
    "DamageType": "0x00",
    "AttackType": [
      "0x00",
      "0x00"
    ],
    "Category": "Ground",
    "RamUsage": "0x1000",
    "GfxPointer": [
      "0x811bbe8"
    ],
    "MainEntry": true
  },
  "Witch": {
    "Level": 16,
    "MaxHealth": 800,
    "MaxDamage": 170,
    "MaxDefense": 120,
    "MaxExperience": 533,
    "Resistances": {
      "FLA": 0,
      "ICE": 2,
      "LIG": 1,
      "AIR": 1
    },
    "AttackCorrection": [
      1.25,
      1.25,
      1.5
    ],
    "DamageType": "0x00",
    "AttackType": [
      "0x00",
      "0x02",
      "0x02"
    ],
    "Category": "Air",
    "RamUsage": "0x1000",
    "GfxPointer": [
      "0x811bcd0"
    ],
    "MainEntry": true
  },
  "Siren": {
    "Level": 16,
    "MaxHealth": 1000,
    "MaxDamage": 170,
    "MaxDefense": 120,
    "MaxExperience": 533,
    "Resistances": {
      "FLA": 1,
      "ICE": 1,
      "LIG": 1,
      "AIR": 1
    },
    "AttackCorrection": [
      1.25,
      1.5
    ],
    "DamageType": "0x00",
    "AttackType": [
      "0x02",
      "0x02"
    ],
    "Category": "Air",
    "RamUsage": "0x1000",
    "GfxPointer": [
      "0x811bce0"
    ],
    "MainEntry": true
  },
  "Bomber Armor": {
    "Level": 12,
    "MaxHealth": 1000,
    "MaxDamage": 170,
    "MaxDefense": 210,
    "MaxExperience": 666,
    "Resistances": {
      "FLA": 1,
      "ICE": 1,
      "LIG": 0,
      "AIR": 1
    },
    "AttackCorrection": [
      1.4,
      0.8
    ],
    "DamageType": "0x00",
    "AttackType": [
      "0x01",
      "0x01"
    ],
    "Category": "GroundBig",
    "RamUsage": "0x1000",
    "GfxPointer": [
      "0x811bd18"
    ],
    "MainEntry": true
  },
  "Minotaur": {
    "Level": 17,
    "MaxHealth": 8000,
    "MaxDamage": 180,
    "MaxDefense": 180,
    "MaxExperience": 10666,
    "Resistances": {
      "FLA": 1,
      "ICE": 1,
      "LIG": 1,
      "AIR": 1
    },
    "AttackCorrection": [
      1.25,
      1.25
    ],
    "DamageType": "0x00",
    "AttackType": [
      "0x00",
      "0x00"
    ],
    "Category": "None",
    "RamUsage": "0x2000",
    "GfxPointer": [
      "0x80e71ac"
    ],
    "MainEntry": true
  },
  "Balloon": {
    "Level": 16,
    "MaxHealth": 300,
    "MaxDamage": 170,
    "MaxDefense": 60,
    "MaxExperience": 200,
    "Resistances": {
      "FLA": 1,
      "ICE": 1,
      "LIG": 1,
      "AIR": 0
    },
    "AttackCorrection": [
      0.8
    ],
    "DamageType": "0x00",
    "AttackType": [
      "0x00"
    ],
    "Category": "Ground",
    "RamUsage": "0x1000",
    "GfxPointer": [
      "0x811bb20"
    ],
    "MainEntry": true
  },
  "Big Balloon": {
    "Level": 19,
    "MaxHealth": 600,
    "MaxDamage": 180,
    "MaxDefense": 90,
    "MaxExperience": 200,
    "Resistances": {
      "FLA": 1,
      "ICE": 1,
      "LIG": 1,
      "AIR": 0
    },
    "AttackCorrection": [],
    "DamageType": "0x00",
    "AttackType": [],
    "Category": "GroundBig",
    "RamUsage": "0x1000",
    "GfxPointer": [
      "0x811bb20"
    ],
    "MainEntry": true
  },
  "Bone Archer": {
    "Level": 18,
    "MaxHealth": 800,
    "MaxDamage": 170,
    "MaxDefense": 90,
    "MaxExperience": 533,
    "Resistances": {
      "FLA": 1,
      "ICE": 2,
      "LIG": 1,
      "AIR": 1
    },
    "AttackCorrection": [
      1.25
    ],
    "DamageType": "0x00",
    "AttackType": [
      "0x00"
    ],
    "Category": "Ground",
    "RamUsage": "0x2000",
    "GfxPointer": [
      "0x811bbe0"
    ],
    "MainEntry": true
  },
  "Ruler Sword": {
    "Level": 20,
    "MaxHealth": 1000,
    "MaxDamage": 170,
    "MaxDefense": 90,
    "MaxExperience": 666,
    "Resistances": {
      "FLA": 1,
      "ICE": 0,
      "LIG": 2,
      "AIR": 2
    },
    "AttackCorrection": [
      0.8
    ],
    "DamageType": "0x00",
    "AttackType": [
      "0x00"
    ],
    "Category": "AirBig",
    "RamUsage": "0x2000",
    "GfxPointer": [
      "0x811bd50"
    ],
    "MainEntry": true
  },
  "Disc Armor": {
    "Level": 23,
    "MaxHealth": 1600,
    "MaxDamage": 180,
    "MaxDefense": 210,
    "MaxExperience": 1066,
    "Resistances": {
      "FLA": 1,
      "ICE": 1,
      "LIG": 0,
      "AIR": 1
    },
    "AttackCorrection": [
      1.25
    ],
    "DamageType": "0x00",
    "AttackType": [
      "0x00"
    ],
    "Category": "GroundBig",
    "RamUsage": "0x2000",
    "GfxPointer": [
      "0x80f0a1c"
    ],
    "MainEntry": true
  },
  "Devil": {
    "Level": 21,
    "MaxHealth": 6000,
    "MaxDamage": 190,
    "MaxDefense": 150,
    "MaxExperience": 8000,
    "Resistances": {
      "FLA": 1,
      "ICE": 1,
      "LIG": 1,
      "AIR": 1
    },
    "AttackCorrection": [
      1.25,
      1.0,
      1.0
    ],
    "DamageType": "0x00",
    "AttackType": [
      "0x01",
      "0x01",
      "0x00"
    ],
    "Category": "None",
    "RamUsage": "0x2000",
    "GfxPointer": [
      "0x811bb10"
    ],
    "MainEntry": true
  },
  "Merman": {
    "Level": 20,
    "MaxHealth": 1000,
    "MaxDamage": 170,
    "MaxDefense": 60,
    "MaxExperience": 533,
    "Resistances": {
      "FLA": 2,
      "ICE": 0,
      "LIG": 1,
      "AIR": 1
    },
    "AttackCorrection": [
      1.25
    ],
    "DamageType": "0x00",
    "AttackType": [
      "0x00"
    ],
    "Category": "Ground",
    "RamUsage": "0x1000",
    "GfxPointer": [
      "0x811bd60"
    ],
    "MainEntry": true
  },
  "Fishman": {
    "Level": 20,
    "MaxHealth": 1000,
    "MaxDamage": 170,
    "MaxDefense": 60,
    "MaxExperience": 533,
    "Resistances": {
      "FLA": 2,
      "ICE": 0,
      "LIG": 1,
      "AIR": 1
    },
    "AttackCorrection": [
      1.25
    ],
    "DamageType": "0x00",
    "AttackType": [
      "0x00"
    ],
    "Category": "Ground",
    "RamUsage": "0x1000",
    "GfxPointer": [
      "0x811bd68"
    ],
    "MainEntry": true
  },
  "Arabaki": {
    "Level": 24,
    "MaxHealth": 200,
    "MaxDamage": 160,
    "MaxDefense": 120,
    "MaxExperience": 133,
    "Resistances": {
      "FLA": 1,
      "ICE": 1,
      "LIG": 1,
      "AIR": 1
    },
    "AttackCorrection": [],
    "DamageType": "0x00",
    "AttackType": [],
    "Category": "Air",
    "RamUsage": "0x1000",
    "GfxPointer": [
      "0x811bd90"
    ],
    "MainEntry": true
  },
  "Ruler Sword Lv2": {
    "Level": 24,
    "MaxHealth": 1000,
    "MaxDamage": 170,
    "MaxDefense": 90,
    "MaxExperience": 666,
    "Resistances": {
      "FLA": 1,
      "ICE": 0,
      "LIG": 2,
      "AIR": 2
    },
    "AttackCorrection": [
      0.8
    ],
    "DamageType": "0x00",
    "AttackType": [
      "0x00"
    ],
    "Category": "AirBig",
    "RamUsage": "0x2000",
    "GfxPointer": [
      "0x811bd50"
    ],
    "MainEntry": true
  },
  "Feather Demon": {
    "Level": 26,
    "MaxHealth": 2000,
    "MaxDamage": 170,
    "MaxDefense": 120,
    "MaxExperience": 1333,
    "Resistances": {
      "FLA": 1,
      "ICE": 1,
      "LIG": 1,
      "AIR": 2
    },
    "AttackCorrection": [
      1.0
    ],
    "DamageType": "0x08",
    "AttackType": [
      "0x02"
    ],
    "Category": "GroundBig",
    "RamUsage": "0x2000",
    "GfxPointer": [
      "0x811bd58"
    ],
    "MainEntry": true
  },
  "Guardian Armor": {
    "Level": 24,
    "MaxHealth": 3000,
    "MaxDamage": 180,
    "MaxDefense": 240,
    "MaxExperience": 2000,
    "Resistances": {
      "FLA": 1,
      "ICE": 1,
      "LIG": 1,
      "AIR": 1
    },
    "AttackCorrection": [],
    "DamageType": "0x00",
    "AttackType": [],
    "Category": "None",
    "RamUsage": "0x2000",
    "GfxPointer": [
      "0x80e89c4"
    ],
    "MainEntry": true
  },
  "Boomerang Armor": {
    "Level": 24,
    "MaxHealth": 3000,
    "MaxDamage": 180,
    "MaxDefense": 240,
    "MaxExperience": 2000,
    "Resistances": {
      "FLA": 1,
      "ICE": 1,
      "LIG": 1,
      "AIR": 1
    },
    "AttackCorrection": [
      1.25
    ],
    "DamageType": "0x00",
    "AttackType": [
      "0x00"
    ],
    "Category": "None",
    "RamUsage": "0x2000",
    "GfxPointer": [
      "0x80e89cc"
    ],
    "MainEntry": true
  },
  "Giant Merman": {
    "Level": 23,
    "MaxHealth": 8000,
    "MaxDamage": 180,
    "MaxDefense": 150,
    "MaxExperience": 10666,
    "Resistances": {
      "FLA": 2,
      "ICE": 0,
      "LIG": 1,
      "AIR": 1
    },
    "AttackCorrection": [
      1.25,
      1.5
    ],
    "DamageType": "0x00",
    "AttackType": [
      "0x00",
      "0x00"
    ],
    "Category": "None",
    "RamUsage": "0x2000",
    "GfxPointer": [
      "0x811bd70",
      "0x811bd78"
    ],
    "MainEntry": true
  },
  "Max Slimer": {
    "Level": 25,
    "MaxHealth": 8000,
    "MaxDamage": 180,
    "MaxDefense": 150,
    "MaxExperience": 10666,
    "Resistances": {
      "FLA": 1,
      "ICE": 1,
      "LIG": 1,
      "AIR": 1
    },
    "AttackCorrection": [],
    "DamageType": "0x00",
    "AttackType": [],
    "Category": "None",
    "RamUsage": "0x2000",
    "GfxPointer": [
      "0x811bd88"
    ],
    "MainEntry": true
  },
  "Fleaman Armor": {
    "Level": 24,
    "MaxHealth": 300,
    "MaxDamage": 170,
    "MaxDefense": 150,
    "MaxExperience": 200,
    "Resistances": {
      "FLA": 2,
      "ICE": 1,
      "LIG": 0,
      "AIR": 1
    },
    "AttackCorrection": [
      1.25
    ],
    "DamageType": "0x00",
    "AttackType": [
      "0x00"
    ],
    "Category": "Ground",
    "RamUsage": "0x1000",
    "GfxPointer": [
      "0x80f0a24"
    ],
    "MainEntry": true
  },
  "Gold Medusa": {
    "Level": 20,
    "MaxHealth": 60,
    "MaxDamage": 150,
    "MaxDefense": 60,
    "MaxExperience": 40,
    "Resistances": {
      "FLA": 1,
      "ICE": 1,
      "LIG": 2,
      "AIR": 1
    },
    "AttackCorrection": [],
    "DamageType": "0x00",
    "AttackType": [],
    "Category": "Spawner",
    "RamUsage": "0x500",
    "GfxPointer": [
      "0x811bc98"
    ],
    "MainEntry": true
  },
  "Mimic": {
    "Level": 40,
    "MaxHealth": 600,
    "MaxDamage": 170,
    "MaxDefense": 90,
    "MaxExperience": 400,
    "Resistances": {
      "FLA": 1,
      "ICE": 0,
      "LIG": 1,
      "AIR": 1
    },
    "AttackCorrection": [
      1.25
    ],
    "DamageType": "0x00",
    "AttackType": [
      "0x00"
    ],
    "Category": "Ground",
    "RamUsage": "0x1000",
    "GfxPointer": [
      "0x8123678"
    ],
    "MainEntry": true
  },
  "White Dragon Lv3": {
    "Level": 45,
    "MaxHealth": 600,
    "MaxDamage": 180,
    "MaxDefense": 120,
    "MaxExperience": 400,
    "Resistances": {
      "FLA": 1,
      "ICE": 1,
      "LIG": 1,
      "AIR": 1
    },
    "AttackCorrection": [
      1.25
    ],
    "DamageType": "0x00",
    "AttackType": [
      "0x01"
    ],
    "Category": "None",
    "RamUsage": "0x1000",
    "GfxPointer": [
      "0x80e8934"
    ],
    "MainEntry": true
  },
  "Skeleton Mirror": {
    "Level": 30,
    "MaxHealth": 800,
    "MaxDamage": 170,
    "MaxDefense": 90,
    "MaxExperience": 533,
    "Resistances": {
      "FLA": 1,
      "ICE": 1,
      "LIG": 1,
      "AIR": 1
    },
    "AttackCorrection": [
      1.25
    ],
    "DamageType": "0x00",
    "AttackType": [
      "0x00"
    ],
    "Category": "Ground",
    "RamUsage": "0x1000",
    "GfxPointer": [
      "0x81236e8"
    ],
    "MainEntry": true
  },
  "O": {
    "Level": 44,
    "MaxHealth": 600,
    "MaxDamage": 170,
    "MaxDefense": 90,
    "MaxExperience": 400,
    "Resistances": {
      "FLA": 1,
      "ICE": 1,
      "LIG": 1,
      "AIR": 1
    },
    "AttackCorrection": [
      1.25
    ],
    "DamageType": "0x00",
    "AttackType": [
      "0x00"
    ],
    "Category": "Ground",
    "RamUsage": "0x2000",
    "GfxPointer": [
      "0x811bd10",
      "0x8123678"
    ],
    "MainEntry": true
  },
  "Harpy": {
    "Level": 22,
    "MaxHealth": 600,
    "MaxDamage": 170,
    "MaxDefense": 30,
    "MaxExperience": 400,
    "Resistances": {
      "FLA": 1,
      "ICE": 0,
      "LIG": 1,
      "AIR": 2
    },
    "AttackCorrection": [
      1.25,
      1.1
    ],
    "DamageType": "0x08",
    "AttackType": [
      "0x08",
      "0x08"
    ],
    "Category": "Air",
    "RamUsage": "0x1000",
    "GfxPointer": [
      "0x811bbd8"
    ],
    "MainEntry": true
  },
  "Axe Armor Lv2": {
    "Level": 29,
    "MaxHealth": 800,
    "MaxDamage": 170,
    "MaxDefense": 180,
    "MaxExperience": 533,
    "Resistances": {
      "FLA": 1,
      "ICE": 1,
      "LIG": 0,
      "AIR": 1
    },
    "AttackCorrection": [
      1.25,
      1.25,
      1.5
    ],
    "DamageType": "0x00",
    "AttackType": [
      "0x00",
      "0x00",
      "0x00"
    ],
    "Category": "Ground",
    "RamUsage": "0x1000",
    "GfxPointer": [
      "0x811bbe8"
    ],
    "MainEntry": true
  },
  "Specter": {
    "Level": 25,
    "MaxHealth": 600,
    "MaxDamage": 170,
    "MaxDefense": 90,
    "MaxExperience": 400,
    "Resistances": {
      "FLA": 1,
      "ICE": 1,
      "LIG": 1,
      "AIR": 1
    },
    "AttackCorrection": [
      1.25
    ],
    "DamageType": "0x00",
    "AttackType": [
      "0x00"
    ],
    "Category": "AirBig",
    "RamUsage": "0x2000",
    "GfxPointer": [
      "0x811bd50"
    ],
    "MainEntry": true
  },
  "Bronze Guarder": {
    "Level": 26,
    "MaxHealth": 3000,
    "MaxDamage": 180,
    "MaxDefense": 240,
    "MaxExperience": 2000,
    "Resistances": {
      "FLA": 1,
      "ICE": 1,
      "LIG": 1,
      "AIR": 1
    },
    "AttackCorrection": [
      1.25
    ],
    "DamageType": "0x00",
    "AttackType": [
      "0x00"
    ],
    "Category": "None",
    "RamUsage": "0x2000",
    "GfxPointer": [
      "0x80e89c4"
    ],
    "MainEntry": true
  },
  "Peeping Big": {
    "Level": 28,
    "MaxHealth": 6000,
    "MaxDamage": 180,
    "MaxDefense": 120,
    "MaxExperience": 8000,
    "Resistances": {
      "FLA": 1,
      "ICE": 1,
      "LIG": 1,
      "AIR": 1
    },
    "AttackCorrection": [
      1.1
    ],
    "DamageType": "0x00",
    "AttackType": [
      "0x00"
    ],
    "Category": "None",
    "RamUsage": "0x2000",
    "GfxPointer": [
      "0x80e893c",
      "0x811bb18"
    ],
    "MainEntry": true
  },
  "Legion (saint)": {
    "Level": 30,
    "MaxHealth": 8000,
    "MaxDamage": 180,
    "MaxDefense": 180,
    "MaxExperience": 10666,
    "Resistances": {
      "FLA": 1,
      "ICE": 1,
      "LIG": 1,
      "AIR": 1
    },
    "AttackCorrection": [
      1.0,
      1.5,
      1.0
    ],
    "DamageType": "0x00",
    "AttackType": [
      "0x00",
      "0x04",
      "0x00"
    ],
    "Category": "None",
    "RamUsage": "0x2000",
    "GfxPointer": [
      "0x8123680",
      "0x8123688"
    ],
    "MainEntry": true
  },
  "Shadow": {
    "Level": 32,
    "MaxHealth": 6000,
    "MaxDamage": 190,
    "MaxDefense": 150,
    "MaxExperience": 8000,
    "Resistances": {
      "FLA": 1,
      "ICE": 1,
      "LIG": 1,
      "AIR": 1
    },
    "AttackCorrection": [],
    "DamageType": "0x00",
    "AttackType": [],
    "Category": "None",
    "RamUsage": "0x2000",
    "GfxPointer": [
      "0x80e4da0"
    ],
    "MainEntry": true
  },
  "Melty Zombie": {
    "Level": 31,
    "MaxHealth": 1300,
    "MaxDamage": 190,
    "MaxDefense": 60,
    "MaxExperience": 666,
    "Resistances": {
      "FLA": 1,
      "ICE": 0,
      "LIG": 1,
      "AIR": 0
    },
    "AttackCorrection": [],
    "DamageType": "0x00",
    "AttackType": [],
    "Category": "GroundBig",
    "RamUsage": "0x1000",
    "GfxPointer": [
      "0x811bd80"
    ],
    "MainEntry": true
  },
  "Bone Liquid": {
    "Level": 29,
    "MaxHealth": 400,
    "MaxDamage": 170,
    "MaxDefense": 30,
    "MaxExperience": 266,
    "Resistances": {
      "FLA": 1,
      "ICE": 1,
      "LIG": 0,
      "AIR": 1
    },
    "AttackCorrection": [],
    "DamageType": "0x00",
    "AttackType": [],
    "Category": "Ground",
    "RamUsage": "0x1000",
    "GfxPointer": [
      "0x811bcb0"
    ],
    "MainEntry": true
  },
  "Ruler Sword Lv3": {
    "Level": 32,
    "MaxHealth": 1000,
    "MaxDamage": 170,
    "MaxDefense": 90,
    "MaxExperience": 666,
    "Resistances": {
      "FLA": 1,
      "ICE": 0,
      "LIG": 2,
      "AIR": 2
    },
    "AttackCorrection": [
      0.8
    ],
    "DamageType": "0x00",
    "AttackType": [
      "0x00"
    ],
    "Category": "AirBig",
    "RamUsage": "0x2000",
    "GfxPointer": [
      "0x811bd50"
    ],
    "MainEntry": true
  },
  "Poison Lizard": {
    "Level": 35,
    "MaxHealth": 800,
    "MaxDamage": 170,
    "MaxDefense": 120,
    "MaxExperience": 533,
    "Resistances": {
      "FLA": 1,
      "ICE": 0,
      "LIG": 1,
      "AIR": 1
    },
    "AttackCorrection": [],
    "DamageType": "0x00",
    "AttackType": [],
    "Category": "Ground",
    "RamUsage": "0x1500",
    "GfxPointer": [
      "0x811bd20"
    ],
    "MainEntry": true
  },
  "Pazuzu": {
    "Level": 35,
    "MaxHealth": 8000,
    "MaxDamage": 180,
    "MaxDefense": 180,
    "MaxExperience": 10666,
    "Resistances": {
      "FLA": 1,
      "ICE": 1,
      "LIG": 1,
      "AIR": 1
    },
    "AttackCorrection": [
      1.25
    ],
    "DamageType": "0x00",
    "AttackType": [
      "0x01"
    ],
    "Category": "None",
    "RamUsage": "0x2000",
    "GfxPointer": [
      "0x811be00",
      "0x811be08"
    ],
    "MainEntry": true
  },
  "Spriggan": {
    "Level": 37,
    "MaxHealth": 800,
    "MaxDamage": 180,
    "MaxDefense": 120,
    "MaxExperience": 533,
    "Resistances": {
      "FLA": 1,
      "ICE": 1,
      "LIG": 1,
      "AIR": 0
    },
    "AttackCorrection": [],
    "DamageType": "0x00",
    "AttackType": [],
    "Category": "GroundBig",
    "RamUsage": "0x2000",
    "GfxPointer": [
      "0x811bd08"
    ],
    "MainEntry": true
  },
  "Gorgon": {
    "Level": 38,
    "MaxHealth": 1300,
    "MaxDamage": 180,
    "MaxDefense": 150,
    "MaxExperience": 866,
    "Resistances": {
      "FLA": 1,
      "ICE": 1,
      "LIG": 2,
      "AIR": 1
    },
    "AttackCorrection": [
      1.25
    ],
    "DamageType": "0x00",
    "AttackType": [
      "0x00"
    ],
    "Category": "GroundBig",
    "RamUsage": "0x1000",
    "GfxPointer": [
      "0x811bbf0"
    ],
    "MainEntry": true
  },
  "Blaze Master": {
    "Level": 39,
    "MaxHealth": 400,
    "MaxDamage": 170,
    "MaxDefense": 90,
    "MaxExperience": 400,
    "Resistances": {
      "FLA": 1,
      "ICE": 1,
      "LIG": 1,
      "AIR": 1
    },
    "AttackCorrection": [
      1.25
    ],
    "DamageType": "0x00",
    "AttackType": [
      "0x00"
    ],
    "Category": "Ground",
    "RamUsage": "0x1000",
    "GfxPointer": [
      "0x811bc40"
    ],
    "MainEntry": true
  },
  "Arthro Skeleton": {
    "Level": 40,
    "MaxHealth": 3000,
    "MaxDamage": 180,
    "MaxDefense": 210,
    "MaxExperience": 2000,
    "Resistances": {
      "FLA": 1,
      "ICE": 1,
      "LIG": 1,
      "AIR": 1
    },
    "AttackCorrection": [
      1.25
    ],
    "DamageType": "0x00",
    "AttackType": [
      "0x00"
    ],
    "Category": "Spider",
    "RamUsage": "0x1000",
    "GfxPointer": [
      "0x80f0a34"
    ],
    "MainEntry": true
  },
  "Rare Ghost": {
    "Level": 44,
    "MaxHealth": 10,
    "MaxDamage": 180,
    "MaxDefense": 0,
    "MaxExperience": 2000,
    "Resistances": {
      "FLA": 1,
      "ICE": 1,
      "LIG": 1,
      "AIR": 1
    },
    "AttackCorrection": [],
    "DamageType": "0x00",
    "AttackType": [],
    "Category": "None",
    "RamUsage": "0x1000",
    "GfxPointer": [
      "0x811bd10"
    ],
    "MainEntry": true
  },
  "Skeleton Glass": {
    "Level": 37,
    "MaxHealth": 800,
    "MaxDamage": 170,
    "MaxDefense": 90,
    "MaxExperience": 533,
    "Resistances": {
      "FLA": 1,
      "ICE": 2,
      "LIG": 1,
      "AIR": 1
    },
    "AttackCorrection": [
      1.25,
      1.25
    ],
    "DamageType": "0x00",
    "AttackType": [
      "0x00",
      "0x00"
    ],
    "Category": "Ground",
    "RamUsage": "0x1000",
    "GfxPointer": [
      "0x8123710"
    ],
    "MainEntry": true
  },
  "Victory Armor": {
    "Level": 42,
    "MaxHealth": 1300,
    "MaxDamage": 180,
    "MaxDefense": 210,
    "MaxExperience": 866,
    "Resistances": {
      "FLA": 2,
      "ICE": 1,
      "LIG": 0,
      "AIR": 1
    },
    "AttackCorrection": [
      1.25,
      1.25,
      1.25
    ],
    "DamageType": "0x00",
    "AttackType": [
      "0x00",
      "0x00",
      "0x01"
    ],
    "Category": "GroundBig",
    "RamUsage": "0x2000",
    "GfxPointer": [
      "0x80f0a4c"
    ],
    "MainEntry": true
  },
  "Hammer-Hammer": {
    "Level": 43,
    "MaxHealth": 3000,
    "MaxDamage": 180,
    "MaxDefense": 240,
    "MaxExperience": 2000,
    "Resistances": {
      "FLA": 1,
      "ICE": 1,
      "LIG": 1,
      "AIR": 1
    },
    "AttackCorrection": [
      1.25
    ],
    "DamageType": "0x00",
    "AttackType": [
      "0x00"
    ],
    "Category": "None",
    "RamUsage": "0x2000",
    "GfxPointer": [
      "0x80e89d4"
    ],
    "MainEntry": true
  },
  "Disc Armor Lv2": {
    "Level": 32,
    "MaxHealth": 1600,
    "MaxDamage": 180,
    "MaxDefense": 210,
    "MaxExperience": 1066,
    "Resistances": {
      "FLA": 1,
      "ICE": 1,
      "LIG": 0,
      "AIR": 1
    },
    "AttackCorrection": [
      1.25
    ],
    "DamageType": "0x00",
    "AttackType": [
      "0x00"
    ],
    "Category": "GroundBig",
    "RamUsage": "0x2000",
    "GfxPointer": [
      "0x80f0a1c"
    ],
    "MainEntry": true
  },
  "Minotaur Lv2": {
    "Level": 38,
    "MaxHealth": 8000,
    "MaxDamage": 180,
    "MaxDefense": 180,
    "MaxExperience": 10666,
    "Resistances": {
      "FLA": 1,
      "ICE": 1,
      "LIG": 1,
      "AIR": 1
    },
    "AttackCorrection": [
      1.0,
      1.0,
      1.25
    ],
    "DamageType": "0x00",
    "AttackType": [
      "0x00",
      "0x00",
      "0x00"
    ],
    "Category": "None",
    "RamUsage": "0x2000",
    "GfxPointer": [
      "0x80e71ac"
    ],
    "MainEntry": true
  },
  "Legion (corpse)": {
    "Level": 40,
    "MaxHealth": 8000,
    "MaxDamage": 180,
    "MaxDefense": 180,
    "MaxExperience": 10666,
    "Resistances": {
      "FLA": 1,
      "ICE": 1,
      "LIG": 1,
      "AIR": 1
    },
    "AttackCorrection": [
      1.0
    ],
    "DamageType": "0x00",
    "AttackType": [
      "0x00"
    ],
    "Category": "None",
    "RamUsage": "0x2000",
    "GfxPointer": [
      "0x8123690",
      "0x8123698"
    ],
    "MainEntry": true
  },
  "Talos": {
    "Level": 50,
    "MaxHealth": 8000,
    "MaxDamage": 200,
    "MaxDefense": 300,
    "MaxExperience": 10666,
    "Resistances": {
      "FLA": 1,
      "ICE": 2,
      "LIG": 1,
      "AIR": 1
    },
    "AttackCorrection": [],
    "DamageType": "0x00",
    "AttackType": [],
    "Category": "None",
    "RamUsage": "0x2000",
    "GfxPointer": [],
    "MainEntry": true
  },
  "Death 1": {
    "Level": 44,
    "MaxHealth": 8000,
    "MaxDamage": 180,
    "MaxDefense": 240,
    "MaxExperience": 0,
    "Resistances": {
      "FLA": 1,
      "ICE": 1,
      "LIG": 1,
      "AIR": 1
    },
    "AttackCorrection": [
      1.5,
      1.25,
      0.8
    ],
    "DamageType": "0x00",
    "AttackType": [
      "0x04",
      "0x00",
      "0x00"
    ],
    "Category": "None",
    "RamUsage": "0x2000",
    "GfxPointer": [
      "0x80deae0"
    ],
    "MainEntry": true
  },
  "Death 2": {
    "Level": 44,
    "MaxHealth": 4000,
    "MaxDamage": 180,
    "MaxDefense": 240,
    "MaxExperience": 12000,
    "Resistances": {
      "FLA": 1,
      "ICE": 1,
      "LIG": 1,
      "AIR": 1
    },
    "AttackCorrection": [
      1.1
    ],
    "DamageType": "0x00",
    "AttackType": [
      "0x00"
    ],
    "Category": "None",
    "RamUsage": "0x2000",
    "GfxPointer": [
      "0x80deae0"
    ],
    "MainEntry": false
  },
  "Pixie": {
    "Level": 41,
    "MaxHealth": 800,
    "MaxDamage": 170,
    "MaxDefense": 120,
    "MaxExperience": 533,
    "Resistances": {
      "FLA": 2,
      "ICE": 0,
      "LIG": 1,
      "AIR": 1
    },
    "AttackCorrection": [
      1.25,
      1.25
    ],
    "DamageType": "0x00",
    "AttackType": [
      "0x00",
      "0x01"
    ],
    "Category": "Air",
    "RamUsage": "0x1000",
    "GfxPointer": [
      "0x811bcd8"
    ],
    "MainEntry": true
  },
  "Sylph": {
    "Level": 41,
    "MaxHealth": 1000,
    "MaxDamage": 170,
    "MaxDefense": 120,
    "MaxExperience": 533,
    "Resistances": {
      "FLA": 1,
      "ICE": 1,
      "LIG": 1,
      "AIR": 1
    },
    "AttackCorrection": [
      1.25,
      1.5
    ],
    "DamageType": "0x00",
    "AttackType": [
      "0x01",
      "0x00"
    ],
    "Category": "Air",
    "RamUsage": "0x1000",
    "GfxPointer": [
      "0x811bce0"
    ],
    "MainEntry": true
  },
  "Master Lizard": {
    "Level": 45,
    "MaxHealth": 600,
    "MaxDamage": 180,
    "MaxDefense": 120,
    "MaxExperience": 533,
    "Resistances": {
      "FLA": 1,
      "ICE": 0,
      "LIG": 1,
      "AIR": 1
    },
    "AttackCorrection": [],
    "DamageType": "0x00",
    "AttackType": [],
    "Category": "Ground",
    "RamUsage": "0x1500",
    "GfxPointer": [
      "0x811bd20"
    ],
    "MainEntry": true
  },
  "Owl": {
    "Level": 43,
    "MaxHealth": 600,
    "MaxDamage": 170,
    "MaxDefense": 30,
    "MaxExperience": 400,
    "Resistances": {
      "FLA": 1,
      "ICE": 1,
      "LIG": 1,
      "AIR": 2
    },
    "AttackCorrection": [
      1.1
    ],
    "DamageType": "0x08",
    "AttackType": [
      "0x08"
    ],
    "Category": "Air",
    "RamUsage": "0x1000",
    "GfxPointer": [
      "0x811bbd0"
    ],
    "MainEntry": true
  },
  "Clear Bone": {
    "Level": 44,
    "MaxHealth": 400,
    "MaxDamage": 170,
    "MaxDefense": 90,
    "MaxExperience": 533,
    "Resistances": {
      "FLA": 1,
      "ICE": 1,
      "LIG": 2,
      "AIR": 1
    },
    "AttackCorrection": [
      1.25,
      1.25
    ],
    "DamageType": "0x00",
    "AttackType": [
      "0x00",
      "0x00"
    ],
    "Category": "Ground",
    "RamUsage": "0x1000",
    "GfxPointer": [
      "0x80f0a2c"
    ],
    "MainEntry": true
  },
  "Jp Bonepillar": {
    "Level": 43,
    "MaxHealth": 100,
    "MaxDamage": 180,
    "MaxDefense": 60,
    "MaxExperience": 66,
    "Resistances": {
      "FLA": 1,
      "ICE": 1,
      "LIG": 1,
      "AIR": 0
    },
    "AttackCorrection": [
      1.25
    ],
    "DamageType": "0x00",
    "AttackType": [
      "0x01"
    ],
    "Category": "Ground",
    "RamUsage": "0x2000",
    "GfxPointer": [
      "0x80e8944",
      "0x811bcc0"
    ],
    "MainEntry": true
  },
  "Simon Wraith": {
    "Level": 44,
    "MaxHealth": 1000,
    "MaxDamage": 180,
    "MaxDefense": 120,
    "MaxExperience": 533,
    "Resistances": {
      "FLA": 0,
      "ICE": 1,
      "LIG": 1,
      "AIR": 1
    },
    "AttackCorrection": [
      1.25
    ],
    "DamageType": "0x00",
    "AttackType": [
      "0x00"
    ],
    "Category": "Ground",
    "RamUsage": "0x1000",
    "GfxPointer": [
      "0x811bd28"
    ],
    "MainEntry": true
  },
  "Pike Master": {
    "Level": 46,
    "MaxHealth": 3000,
    "MaxDamage": 180,
    "MaxDefense": 240,
    "MaxExperience": 2000,
    "Resistances": {
      "FLA": 1,
      "ICE": 1,
      "LIG": 1,
      "AIR": 1
    },
    "AttackCorrection": [
      1.25
    ],
    "DamageType": "0x00",
    "AttackType": [
      "0x00"
    ],
    "Category": "None",
    "RamUsage": "0x2000",
    "GfxPointer": [
      "0x80e89dc"
    ],
    "MainEntry": true
  },
  "Cyclops": {
    "Level": 48,
    "MaxHealth": 8000,
    "MaxDamage": 180,
    "MaxDefense": 180,
    "MaxExperience": 10666,
    "Resistances": {
      "FLA": 1,
      "ICE": 1,
      "LIG": 1,
      "AIR": 1
    },
    "AttackCorrection": [
      1.5
    ],
    "DamageType": "0x00",
    "AttackType": [
      "0x00"
    ],
    "Category": "None",
    "RamUsage": "0x2000",
    "GfxPointer": [
      "0x80e707c"
    ],
    "MainEntry": true
  },
  "Maxim": {
    "Level": 45,
    "MaxHealth": 6600,
    "MaxDamage": 170,
    "MaxDefense": 180,
    "MaxExperience": 0,
    "Resistances": {
      "FLA": 1,
      "ICE": 1,
      "LIG": 1,
      "AIR": 1
    },
    "AttackCorrection": [
      1.25,
      0.75
    ],
    "DamageType": "0x00",
    "AttackType": [
      "0x00",
      "0x00"
    ],
    "Category": "None",
    "RamUsage": "0x2000",
    "GfxPointer": [
      "0x80e0570"
    ],
    "MainEntry": true
  },
  "Dracula Wraith 1": {
    "Level": 55,
    "MaxHealth": 4000,
    "MaxDamage": 180,
    "MaxDefense": 180,
    "MaxExperience": 0,
    "Resistances": {
      "FLA": 1,
      "ICE": 1,
      "LIG": 1,
      "AIR": 1
    },
    "AttackCorrection": [
      1.0,
      1.25
    ],
    "DamageType": "0x00",
    "AttackType": [
      "0x01",
      "0x01"
    ],
    "Category": "None",
    "RamUsage": "0x2000",
    "GfxPointer": [
      "0x8123700"
    ],
    "MainEntry": true
  },
  "Dracula Wraith 2": {
    "Level": 55,
    "MaxHealth": 12000,
    "MaxDamage": 180,
    "MaxDefense": 240,
    "MaxExperience": 0,
    "Resistances": {
      "FLA": 1,
      "ICE": 1,
      "LIG": 1,
      "AIR": 1
    },
    "AttackCorrection": [
      1.1,
      1.25,
      1.5
    ],
    "DamageType": "0x00",
    "AttackType": [
      "0x00",
      "0x00",
      "0x04"
    ],
    "Category": "None",
    "RamUsage": "0x2000",
    "GfxPointer": [
      "0x81236f0",
      "0x81236f8"
    ],
    "MainEntry": false
  }
}