{
  "id": "MAP_VICTORY_ROAD_2F",
  "name": "VictoryRoad_2F",
  "layout": "LAYOUT_VICTORY_ROAD_2F",
  "music": "MUS_MT_MOON",
  "region_map_section": "MAPSEC_KANTO_VICTORY_ROAD",
  "requires_flash": false,
  "weather": "WEATHER_NONE",
  "map_type": "MAP_TYPE_UNDERGROUND",
  "allow_cycling": true,
  "allow_escaping": true,
  "allow_running": true,
  "show_map_name": true,
  "floor_number": 0,
  "battle_scene": "MAP_BATTLE_SCENE_NORMAL",
  "connections": 0,
  "object_events": [
    {
      "type": "object",
      "graphics_id": "OBJ_EVENT_GFX_SUPER_NERD",
      "x": 4,
      "y": 2,
      "elevation": 3,
      "movement_type": "MOVEMENT_TYPE_FACE_DOWN",
      "movement_range_x": 1,
      "movement_range_y": 1,
      "trainer_type": "TRAINER_TYPE_NORMAL",
      "trainer_sight_or_berry_tree_id": "1",
      "script": "VictoryRoad_2F_EventScript_Dawson",
      "flag": "0",
      "in_connection": false
    },
    {
      "type": "object",
      "graphics_id": "OBJ_EVENT_GFX_HIKER",
      "x": 12,
      "y": 9,
      "elevation": 4,
      "movement_type": "MOVEMENT_TYPE_FACE_LEFT",
      "movement_range_x": 1,
      "movement_range_y": 1,
      "trainer_type": "TRAINER_TYPE_NORMAL",
      "trainer_sight_or_berry_tree_id": "4",
      "script": "VictoryRoad_2F_EventScript_Daisuke",
      "flag": "0",
      "in_connection": false
    },
    {
      "type": "object",
      "graphics_id": "OBJ_EVENT_GFX_COOLTRAINER_M",
      "x": 21,
      "y": 13,
      "elevation": 4,
      "movement_type": "MOVEMENT_TYPE_FACE_LEFT",
      "movement_range_x": 1,
      "movement_range_y": 1,
      "trainer_type": "TRAINER_TYPE_NORMAL",
      "trainer_sight_or_berry_tree_id": "3",
      "script": "VictoryRoad_2F_EventScript_Nelson",
      "flag": "0",
      "in_connection": false
    },
    {
      "type": "object",
      "graphics_id": "OBJ_EVENT_GFX_COOLTRAINER_M",
      "x": 19,
      "y": 8,
      "elevation": 3,
      "movement_type": "MOVEMENT_TYPE_FACE_DOWN",
      "movement_range_x": 4,
      "movement_range_y": 4,
      "trainer_type": "TRAINER_TYPE_NORMAL",
      "trainer_sight_or_berry_tree_id": "3",
      "script": "VictoryRoad_2F_EventScript_Vincent",
      "flag": "0",
      "in_connection": false
    },
    {
      "type": "object",
      "graphics_id": "OBJ_EVENT_GFX_COOLTRAINER_M",
      "x": 26,
      "y": 3,
      "elevation": 3,
      "movement_type": "MOVEMENT_TYPE_FACE_LEFT",
      "movement_range_x": 1,
      "movement_range_y": 1,
      "trainer_type": "TRAINER_TYPE_NORMAL",
      "trainer_sight_or_berry_tree_id": "3",
      "script": "VictoryRoad_2F_EventScript_Gregory",
      "flag": "0",
      "in_connection": false
    },
    {
      "type": "object",
      "graphics_id": "OBJ_EVENT_GFX_ITEM_BALL",
      "x": 11,
      "y": 0,
      "elevation": 3,
      "movement_type": "MOVEMENT_TYPE_FACE_DOWN",
      "movement_range_x": 1,
      "movement_range_y": 1,
      "trainer_type": "TRAINER_TYPE_NONE",
      "trainer_sight_or_berry_tree_id": "0",
      "script": "VictoryRoad_2F_EventScript_ItemGuardSpec",
      "flag": "FLAG_HIDE_VICTORY_ROAD_2F_GUARD_SPEC",
      "in_connection": false
    },
    {
      "type": "object",
      "graphics_id": "OBJ_EVENT_GFX_ITEM_BALL",
      "x": 28,
      "y": 5,
      "elevation": 3,
      "movement_type": "MOVEMENT_TYPE_FACE_DOWN",
      "movement_range_x": 1,
      "movement_range_y": 1,
      "trainer_type": "TRAINER_TYPE_NONE",
      "trainer_sight_or_berry_tree_id": "0",
      "script": "VictoryRoad_2F_EventScript_ItemTM17",
      "flag": "FLAG_HIDE_VICTORY_ROAD_2F_TM17",
      "in_connection": false
    },
    {
      "type": "object",
      "graphics_id": "OBJ_EVENT_GFX_ITEM_BALL",
      "x": 18,
      "y": 9,
      "elevation": 3,
      "movement_type": "MOVEMENT_TYPE_FACE_DOWN",
      "movement_range_x": 1,
      "movement_range_y": 1,
      "trainer_type": "TRAINER_TYPE_NONE",
      "trainer_sight_or_berry_tree_id": "0",
      "script": "VictoryRoad_2F_EventScript_ItemFullHeal",
      "flag": "FLAG_HIDE_VICTORY_ROAD_2F_FULL_HEAL",
      "in_connection": false
    },
    {
      "type": "object",
      "graphics_id": "OBJ_EVENT_GFX_ITEM_BALL",
      "x": 9,
      "y": 11,
      "elevation": 3,
      "movement_type": "MOVEMENT_TYPE_FACE_DOWN",
      "movement_range_x": 1,
      "movement_range_y": 1,
      "trainer_type": "TRAINER_TYPE_NONE",
      "trainer_sight_or_berry_tree_id": "0",
      "script": "VictoryRoad_2F_EventScript_ItemTM05",
      "flag": "FLAG_HIDE_VICTORY_ROAD_2F_TM05",
      "in_connection": false
    },
    {
      "type": "object",
      "graphics_id": "OBJ_EVENT_GFX_PUSHABLE_BOULDER",
      "x": 5,
      "y": 5,
      "elevation": 3,
      "movement_type": "MOVEMENT_TYPE_FACE_DOWN",
      "movement_range_x": 0,
      "movement_range_y": 0,
      "trainer_type": "TRAINER_TYPE_NONE",
      "trainer_sight_or_berry_tree_id": "0",
      "script": "EventScript_StrengthBoulder",
      "flag": "0",
      "in_connection": false
    },
    {
      "type": "object",
      "graphics_id": "OBJ_EVENT_GFX_PUSHABLE_BOULDER",
      "x": 4,
      "y": 14,
      "elevation": 3,
      "movement_type": "MOVEMENT_TYPE_FACE_DOWN",
      "movement_range_x": 0,
      "movement_range_y": 0,
      "trainer_type": "TRAINER_TYPE_NONE",
      "trainer_sight_or_berry_tree_id": "0",
      "script": "EventScript_StrengthBoulder",
      "flag": "0",
      "in_connection": false
    },
    {
      "type": "object",
      "graphics_id": "OBJ_EVENT_GFX_PUSHABLE_BOULDER",
      "x": 23,
      "y": 16,
      "elevation": 3,
      "movement_type": "MOVEMENT_TYPE_FACE_DOWN",
      "movement_range_x": 0,
      "movement_range_y": 0,
      "trainer_type": "TRAINER_TYPE_NONE",
      "trainer_sight_or_berry_tree_id": "0",
      "script": "EventScript_StrengthBoulder",
      "flag": "FLAG_HIDE_VICTORY_ROAD_2F_BOULDER",
      "in_connection": false
    },
    {
      "type": "object",
      "graphics_id": "OBJ_EVENT_GFX_MOLTRES",
      "x": 11,
      "y": 5,
      "elevation": 3,
      "movement_type": "MOVEMENT_TYPE_FACE_DOWN",
      "movement_range_x": 0,
      "movement_range_y": 0,
      "trainer_type": "TRAINER_TYPE_NONE",
      "trainer_sight_or_berry_tree_id": "0",
      "script": "MtEmber_Summit_EventScript_Moltres",
      "flag": "FLAG_HIDE_MOLTRES",
      "in_connection": false
    }
  ],
  "warp_events": [
    {
      "x": 0,
      "y": 8,
      "elevation": 3,
      "dest_map": "MAP_VICTORY_ROAD_1F",
      "dest_warp_id": "2"
    },
    {
      "x": 1,
      "y": 1,
      "elevation": 3,
      "dest_map": "MAP_VICTORY_ROAD_3F",
      "dest_warp_id": "0"
    },
    {
      "x": 23,
      "y": 7,
      "elevation": 3,
      "dest_map": "MAP_VICTORY_ROAD_3F",
      "dest_warp_id": "1"
    },
    {
      "x": 27,
      "y": 7,
      "elevation": 3,
      "dest_map": "MAP_VICTORY_ROAD_3F",
      "dest_warp_id": "2"
    },
    {
      "x": 24,
      "y": 16,
      "elevation": 4,
      "dest_map": "MAP_VICTORY_ROAD_3F",
      "dest_warp_id": "0"
    },
    {
      "x": 29,
      "y": 7,
      "elevation": 3,
      "dest_map": "MAP_ROUTE23",
      "dest_warp_id": "1"
    },
    {
      "x": 29,
      "y": 8,
      "elevation": 0,
      "dest_map": "MAP_ROUTE23",
      "dest_warp_id": "1"
    },
    {
      "x": 25,
      "y": 14,
      "elevation": 3,
      "dest_map": "MAP_VICTORY_ROAD_3F",
      "dest_warp_id": "3"
    }
  ],
  "coord_events": [
    {
      "type": "trigger",
      "x": 1,
      "y": 16,
      "elevation": 3,
      "var": "VAR_MAP_SCENE_VICTORY_ROAD_2F_BOULDER1",
      "var_value": "99",
      "script": "VictoryRoad_2F_EventScript_FloorSwitch1"
    },
    {
      "type": "trigger",
      "x": 9,
      "y": 16,
      "elevation": 3,
      "var": "VAR_MAP_SCENE_VICTORY_ROAD_2F_BOULDER2",
      "var_value": "99",
      "script": "VictoryRoad_2F_EventScript_FloorSwitch2"
    }
  ],
  "bg_events": [
    {
      "type": "hidden_item",
      "x": 5,
      "y": 2,
      "elevation": 0,
      "item": "ITEM_ULTRA_BALL",
      "flag": "FLAG_HIDDEN_ITEM_VICTORY_ROAD_2F_ULTRA_BALL",
      "quantity": 1,
      "underfoot": false
    },
    {
      "type": "hidden_item",
      "x": 26,
      "y": 7,
      "elevation": 0,
      "item": "ITEM_FULL_RESTORE",
      "flag": "FLAG_HIDDEN_ITEM_VICTORY_ROAD_2F_FULL_RESTORE",
      "quantity": 1,
      "underfoot": false
    }
  ]
}
