{
  "id": "MAP_CELADON_CITY_GAME_CORNER",
  "name": "CeladonCity_GameCorner",
  "layout": "LAYOUT_CELADON_CITY_GAME_CORNER",
  "music": "MUS_GAME_CORNER",
  "region_map_section": "MAPSEC_CELADON_CITY",
  "requires_flash": false,
  "weather": "WEATHER_NONE",
  "map_type": "MAP_TYPE_INDOOR",
  "allow_cycling": false,
  "allow_escaping": false,
  "allow_running": false,
  "show_map_name": false,
  "floor_number": 0,
  "battle_scene": "MAP_BATTLE_SCENE_NORMAL",
  "connections": 0,
  "object_events": [
    {
      "type": "object",
      "graphics_id": "OBJ_EVENT_GFX_BEAUTY",
      "x": 2,
      "y": 2,
      "elevation": 3,
      "movement_type": "MOVEMENT_TYPE_FACE_DOWN",
      "movement_range_x": 1,
      "movement_range_y": 1,
      "trainer_type": "TRAINER_TYPE_NONE",
      "trainer_sight_or_berry_tree_id": "0",
      "script": "CeladonCity_GameCorner_EventScript_InfoClerk",
      "flag": "0",
      "in_connection": false
    },
    {
      "type": "object",
      "graphics_id": "OBJ_EVENT_GFX_CLERK",
      "x": 5,
      "y": 2,
      "elevation": 3,
      "movement_type": "MOVEMENT_TYPE_FACE_DOWN",
      "movement_range_x": 1,
      "movement_range_y": 1,
      "trainer_type": "TRAINER_TYPE_NONE",
      "trainer_sight_or_berry_tree_id": "0",
      "script": "CeladonCity_GameCorner_EventScript_CoinsClerk",
      "flag": "0",
      "in_connection": false
    },
    {
      "type": "object",
      "graphics_id": "OBJ_EVENT_GFX_MAN",
      "x": 2,
      "y": 6,
      "elevation": 3,
      "movement_type": "MOVEMENT_TYPE_FACE_LEFT",
      "movement_range_x": 1,
      "movement_range_y": 1,
      "trainer_type": "TRAINER_TYPE_NONE",
      "trainer_sight_or_berry_tree_id": "0",
      "script": "CeladonCity_GameCorner_EventScript_BaldingMan",
      "flag": "0",
      "in_connection": false
    },
    {
      "type": "object",
      "graphics_id": "OBJ_EVENT_GFX_BEAUTY",
      "x": 2,
      "y": 9,
      "elevation": 3,
      "movement_type": "MOVEMENT_TYPE_FACE_LEFT",
      "movement_range_x": 1,
      "movement_range_y": 1,
      "trainer_type": "TRAINER_TYPE_NONE",
      "trainer_sight_or_berry_tree_id": "0",
      "script": "CeladonCity_GameCorner_EventScript_Woman1",
      "flag": "0",
      "in_connection": false
    },
    {
      "type": "object",
      "graphics_id": "OBJ_EVENT_GFX_MG_DELIVERYMAN",
      "x": 5,
      "y": 7,
      "elevation": 3,
      "movement_type": "MOVEMENT_TYPE_FACE_RIGHT",
      "movement_range_x": 1,
      "movement_range_y": 1,
      "trainer_type": "TRAINER_TYPE_NONE",
      "trainer_sight_or_berry_tree_id": "0",
      "script": "CeladonCity_GameCorner_EventScript_Fisher",
      "flag": "0",
      "in_connection": false
    },
    {
      "type": "object",
      "graphics_id": "OBJ_EVENT_GFX_GYM_GUY",
      "x": 8,
      "y": 10,
      "elevation": 3,
      "movement_type": "MOVEMENT_TYPE_FACE_LEFT",
      "movement_range_x": 1,
      "movement_range_y": 1,
      "trainer_type": "TRAINER_TYPE_NONE",
      "trainer_sight_or_berry_tree_id": "0",
      "script": "CeladonCity_GameCorner_EventScript_GymGuy",
      "flag": "0",
      "in_connection": false
    },
    {
      "type": "object",
      "graphics_id": "OBJ_EVENT_GFX_WOMAN_3",
      "x": 8,
      "y": 7,
      "elevation": 3,
      "movement_type": "MOVEMENT_TYPE_FACE_LEFT",
      "movement_range_x": 1,
      "movement_range_y": 1,
      "trainer_type": "TRAINER_TYPE_NONE",
      "trainer_sight_or_berry_tree_id": "0",
      "script": "CeladonCity_GameCorner_EventScript_Woman2",
      "flag": "0",
      "in_connection": false
    },
    {
      "type": "object",
      "graphics_id": "OBJ_EVENT_GFX_CAMPER",
      "x": 11,
      "y": 11,
      "elevation": 3,
      "movement_type": "MOVEMENT_TYPE_FACE_RIGHT",
      "movement_range_x": 1,
      "movement_range_y": 1,
      "trainer_type": "TRAINER_TYPE_NONE",
      "trainer_sight_or_berry_tree_id": "0",
      "script": "CeladonCity_GameCorner_EventScript_OldMan",
      "flag": "0",
      "in_connection": false
    },
    {
      "type": "object",
      "graphics_id": "OBJ_EVENT_GFX_CLERK",
      "x": 14,
      "y": 7,
      "elevation": 3,
      "movement_type": "MOVEMENT_TYPE_FACE_LEFT",
      "movement_range_x": 1,
      "movement_range_y": 1,
      "trainer_type": "TRAINER_TYPE_NONE",
      "trainer_sight_or_berry_tree_id": "0",
      "script": "CeladonCity_GameCorner_EventScript_Scientist",
      "flag": "0",
      "in_connection": false
    },
    {
      "type": "object",
      "graphics_id": "OBJ_EVENT_GFX_GENTLEMAN",
      "x": 17,
      "y": 9,
      "elevation": 3,
      "movement_type": "MOVEMENT_TYPE_FACE_RIGHT",
      "movement_range_x": 1,
      "movement_range_y": 1,
      "trainer_type": "TRAINER_TYPE_NONE",
      "trainer_sight_or_berry_tree_id": "0",
      "script": "CeladonCity_GameCorner_EventScript_Gentleman",
      "flag": "0",
      "in_connection": false
    },
    {
      "type": "object",
      "graphics_id": "OBJ_EVENT_GFX_ROCKET_M",
      "x": 9,
      "y": 1,
      "elevation": 3,
      "movement_type": "MOVEMENT_TYPE_FACE_UP",
      "movement_range_x": 1,
      "movement_range_y": 1,
      "trainer_type": "TRAINER_TYPE_NORMAL",
      "trainer_sight_or_berry_tree_id": "0",
      "script": "CeladonCity_GameCorner_EventScript_RocketGrunt",
      "flag": "FLAG_HIDE_GAME_CORNER_ROCKET",
      "in_connection": false
    }
  ],
  "warp_events": [
    {
      "x": 15,
      "y": 13,
      "elevation": 0,
      "dest_map": "MAP_CELADON_CITY",
      "dest_warp_id": "0"
    },
    {
      "x": 16,
      "y": 13,
      "elevation": 0,
      "dest_map": "MAP_CELADON_CITY",
      "dest_warp_id": "0"
    },
    {
      "x": 17,
      "y": 0,
      "elevation": 3,
      "dest_map": "MAP_ROCKET_HIDEOUT_B1F",
      "dest_warp_id": "0"
    }
  ],
  "coord_events": [

  ],
  "bg_events": [
    {
      "type": "sign",
      "x": 9,
      "y": 0,
      "elevation": 0,
      "player_facing_dir": "BG_EVENT_PLAYER_FACING_ANY",
      "script": "CeladonCity_GameCorner_EventScript_Poster"
    },
    {
      "type": "sign",
      "x": 18,
      "y": 7,
      "elevation": 0,
      "player_facing_dir": "BG_EVENT_PLAYER_FACING_EAST",
      "script": "CeladonCity_GameCorner_EventScript_SlotMachine21"
    },
    {
      "type": "sign",
      "x": 13,
      "y": 6,
      "elevation": 0,
      "player_facing_dir": "BG_EVENT_PLAYER_FACING_WEST",
      "script": "CeladonCity_GameCorner_EventScript_SlotMachine20"
    },
    {
      "type": "sign",
      "x": 13,
      "y": 9,
      "elevation": 0,
      "player_facing_dir": "BG_EVENT_PLAYER_FACING_WEST",
      "script": "CeladonCity_GameCorner_EventScript_SlotMachine19"
    },
    {
      "type": "sign",
      "x": 18,
      "y": 6,
      "elevation": 0,
      "player_facing_dir": "BG_EVENT_PLAYER_FACING_EAST",
      "script": "CeladonCity_GameCorner_EventScript_UnusableSlotMachine3"
    },
    {
      "type": "sign",
      "x": 13,
      "y": 11,
      "elevation": 0,
      "player_facing_dir": "BG_EVENT_PLAYER_FACING_WEST",
      "script": "CeladonCity_GameCorner_EventScript_SlotMachine17"
    },
    {
      "type": "sign",
      "x": 12,
      "y": 10,
      "elevation": 0,
      "player_facing_dir": "BG_EVENT_PLAYER_FACING_EAST",
      "script": "CeladonCity_GameCorner_EventScript_SlotMachine16"
    },
    {
      "type": "sign",
      "x": 13,
      "y": 8,
      "elevation": 0,
      "player_facing_dir": "BG_EVENT_PLAYER_FACING_WEST",
      "script": "CeladonCity_GameCorner_EventScript_UnusableSlotMachine2"
    },
    {
      "type": "sign",
      "x": 12,
      "y": 8,
      "elevation": 0,
      "player_facing_dir": "BG_EVENT_PLAYER_FACING_EAST",
      "script": "CeladonCity_GameCorner_EventScript_SlotMachine14"
    },
    {
      "type": "sign",
      "x": 12,
      "y": 7,
      "elevation": 0,
      "player_facing_dir": "BG_EVENT_PLAYER_FACING_EAST",
      "script": "CeladonCity_GameCorner_EventScript_SlotMachine13"
    },
    {
      "type": "sign",
      "x": 12,
      "y": 6,
      "elevation": 0,
      "player_facing_dir": "BG_EVENT_PLAYER_FACING_EAST",
      "script": "CeladonCity_GameCorner_EventScript_SlotMachine12"
    },
    {
      "type": "sign",
      "x": 7,
      "y": 6,
      "elevation": 0,
      "player_facing_dir": "BG_EVENT_PLAYER_FACING_WEST",
      "script": "CeladonCity_GameCorner_EventScript_SlotMachine11"
    },
    {
      "type": "sign",
      "x": 7,
      "y": 8,
      "elevation": 0,
      "player_facing_dir": "BG_EVENT_PLAYER_FACING_WEST",
      "script": "CeladonCity_GameCorner_EventScript_SlotMachine10"
    },
    {
      "type": "sign",
      "x": 7,
      "y": 9,
      "elevation": 0,
      "player_facing_dir": "BG_EVENT_PLAYER_FACING_WEST",
      "script": "CeladonCity_GameCorner_EventScript_SlotMachine9"
    },
    {
      "type": "sign",
      "x": 7,
      "y": 11,
      "elevation": 0,
      "player_facing_dir": "BG_EVENT_PLAYER_FACING_WEST",
      "script": "CeladonCity_GameCorner_EventScript_SlotMachine8"
    },
    {
      "type": "sign",
      "x": 6,
      "y": 11,
      "elevation": 0,
      "player_facing_dir": "BG_EVENT_PLAYER_FACING_EAST",
      "script": "CeladonCity_GameCorner_EventScript_SlotMachine7"
    },
    {
      "type": "sign",
      "x": 6,
      "y": 10,
      "elevation": 0,
      "player_facing_dir": "BG_EVENT_PLAYER_FACING_EAST",
      "script": "CeladonCity_GameCorner_EventScript_SlotMachine6"
    },
    {
      "type": "sign",
      "x": 6,
      "y": 9,
      "elevation": 0,
      "player_facing_dir": "BG_EVENT_PLAYER_FACING_EAST",
      "script": "CeladonCity_GameCorner_EventScript_SlotMachine5"
    },
    {
      "type": "sign",
      "x": 6,
      "y": 8,
      "elevation": 0,
      "player_facing_dir": "BG_EVENT_PLAYER_FACING_EAST",
      "script": "CeladonCity_GameCorner_EventScript_UnusableSlotMachine1"
    },
    {
      "type": "sign",
      "x": 1,
      "y": 7,
      "elevation": 0,
      "player_facing_dir": "BG_EVENT_PLAYER_FACING_WEST",
      "script": "CeladonCity_GameCorner_EventScript_SlotMachine3"
    },
    {
      "type": "sign",
      "x": 1,
      "y": 8,
      "elevation": 0,
      "player_facing_dir": "BG_EVENT_PLAYER_FACING_WEST",
      "script": "CeladonCity_GameCorner_EventScript_SlotMachine2"
    },
    {
      "type": "sign",
      "x": 1,
      "y": 10,
      "elevation": 0,
      "player_facing_dir": "BG_EVENT_PLAYER_FACING_WEST",
      "script": "CeladonCity_GameCorner_EventScript_SlotMachine1"
    },
    {
      "type": "sign",
      "x": 1,
      "y": 11,
      "elevation": 0,
      "player_facing_dir": "BG_EVENT_PLAYER_FACING_WEST",
      "script": "CeladonCity_GameCorner_EventScript_SlotMachine0"
    },
    {
      "type": "sign",
      "x": 0,
      "y": 0,
      "elevation": 0,
      "player_facing_dir": "BG_EVENT_PLAYER_FACING_EAST",
      "script": "CeladonCity_GameCorner_EventScript_PhotoPrinter"
    },
    {
      "type": "hidden_item",
      "x": 15,
      "y": 4,
      "elevation": 3,
      "item": "ITEM_NONE",
      "flag": "FLAG_HIDDEN_ITEM_CELADON_CITY_GAME_CORNER_COINS_11",
      "quantity": 100,
      "underfoot": false
    },
    {
      "type": "hidden_item",
      "x": 1,
      "y": 12,
      "elevation": 3,
      "item": "ITEM_NONE",
      "flag": "FLAG_HIDDEN_ITEM_CELADON_CITY_GAME_CORNER_COINS",
      "quantity": 10,
      "underfoot": false
    },
    {
      "type": "hidden_item",
      "x": 10,
      "y": 12,
      "elevation": 3,
      "item": "ITEM_NONE",
      "flag": "FLAG_HIDDEN_ITEM_CELADON_CITY_GAME_CORNER_COINS_9",
      "quantity": 10,
      "underfoot": false
    },
    {
      "type": "hidden_item",
      "x": 9,
      "y": 11,
      "elevation": 3,
      "item": "ITEM_NONE",
      "flag": "FLAG_HIDDEN_ITEM_CELADON_CITY_GAME_CORNER_COINS_8",
      "quantity": 10,
      "underfoot": false
    },
    {
      "type": "hidden_item",
      "x": 9,
      "y": 8,
      "elevation": 3,
      "item": "ITEM_NONE",
      "flag": "FLAG_HIDDEN_ITEM_CELADON_CITY_GAME_CORNER_COINS_7",
      "quantity": 20,
      "underfoot": false
    },
    {
      "type": "hidden_item",
      "x": 11,
      "y": 3,
      "elevation": 3,
      "item": "ITEM_NONE",
      "flag": "FLAG_HIDDEN_ITEM_CELADON_CITY_GAME_CORNER_COINS_6",
      "quantity": 20,
      "underfoot": false
    },
    {
      "type": "hidden_item",
      "x": 0,
      "y": 4,
      "elevation": 3,
      "item": "ITEM_NONE",
      "flag": "FLAG_HIDDEN_ITEM_CELADON_CITY_GAME_CORNER_COINS_5",
      "quantity": 10,
      "underfoot": false
    },
    {
      "type": "hidden_item",
      "x": 16,
      "y": 10,
      "elevation": 3,
      "item": "ITEM_NONE",
      "flag": "FLAG_HIDDEN_ITEM_CELADON_CITY_GAME_CORNER_COINS_10",
      "quantity": 10,
      "underfoot": false
    },
    {
      "type": "hidden_item",
      "x": 3,
      "y": 7,
      "elevation": 3,
      "item": "ITEM_NONE",
      "flag": "FLAG_HIDDEN_ITEM_CELADON_CITY_GAME_CORNER_COINS_4",
      "quantity": 20,
      "underfoot": false
    },
    {
      "type": "hidden_item",
      "x": 3,
      "y": 10,
      "elevation": 3,
      "item": "ITEM_NONE",
      "flag": "FLAG_HIDDEN_ITEM_CELADON_CITY_GAME_CORNER_COINS_2",
      "quantity": 10,
      "underfoot": false
    },
    {
      "type": "hidden_item",
      "x": 4,
      "y": 8,
      "elevation": 3,
      "item": "ITEM_NONE",
      "flag": "FLAG_HIDDEN_ITEM_CELADON_CITY_GAME_CORNER_COINS_3",
      "quantity": 10,
      "underfoot": false
    },
    {
      "type": "sign",
      "x": 13,
      "y": 10,
      "elevation": 0,
      "player_facing_dir": "BG_EVENT_PLAYER_FACING_WEST",
      "script": "CeladonCity_GameCorner_EventScript_SlotMachine18"
    },
    {
      "type": "sign",
      "x": 12,
      "y": 9,
      "elevation": 0,
      "player_facing_dir": "BG_EVENT_PLAYER_FACING_EAST",
      "script": "CeladonCity_GameCorner_EventScript_SlotMachine15"
    },
    {
      "type": "sign",
      "x": 6,
      "y": 6,
      "elevation": 0,
      "player_facing_dir": "BG_EVENT_PLAYER_FACING_EAST",
      "script": "CeladonCity_GameCorner_EventScript_SlotMachine4"
    },
    {
      "type": "sign",
      "x": 18,
      "y": 8,
      "elevation": 0,
      "player_facing_dir": "BG_EVENT_PLAYER_FACING_EAST",
      "script": "CeladonCity_GameCorner_EventScript_SlotMachine22"
    },
    {
      "type": "sign",
      "x": 18,
      "y": 10,
      "elevation": 0,
      "player_facing_dir": "BG_EVENT_PLAYER_FACING_EAST",
      "script": "CeladonCity_GameCorner_EventScript_SlotMachine23"
    },
    {
      "type": "sign",
      "x": 18,
      "y": 11,
      "elevation": 0,
      "player_facing_dir": "BG_EVENT_PLAYER_FACING_EAST",
      "script": "CeladonCity_GameCorner_EventScript_SlotMachine24"
    }
  ]
}
