{
  "id": "MAP_ROCKET_HIDEOUT_B2F",
  "name": "RocketHideout_B2F",
  "layout": "LAYOUT_ROCKET_HIDEOUT_B2F",
  "music": "MUS_ROCKET_HIDEOUT",
  "region_map_section": "MAPSEC_ROCKET_HIDEOUT",
  "requires_flash": false,
  "weather": "WEATHER_NONE",
  "map_type": "MAP_TYPE_INDOOR",
  "allow_cycling": false,
  "allow_escaping": true,
  "allow_running": true,
  "show_map_name": true,
  "floor_number": -2,
  "battle_scene": "MAP_BATTLE_SCENE_INDOOR_2",
  "connections": 0,
  "object_events": [
    {
      "type": "object",
      "graphics_id": "OBJ_EVENT_GFX_ROCKET_M",
      "x": 20,
      "y": 6,
      "elevation": 3,
      "movement_type": "MOVEMENT_TYPE_FACE_DOWN",
      "movement_range_x": 1,
      "movement_range_y": 1,
      "trainer_type": "TRAINER_TYPE_NORMAL",
      "trainer_sight_or_berry_tree_id": "3",
      "script": "RocketHideout_B2F_EventScript_Grunt",
      "flag": "FLAG_HIDE_MISC_KANTO_ROCKETS",
      "in_connection": false
    },
    {
      "type": "object",
      "graphics_id": "OBJ_EVENT_GFX_ITEM_BALL",
      "x": 16,
      "y": 2,
      "elevation": 3,
      "movement_type": "MOVEMENT_TYPE_FACE_DOWN",
      "movement_range_x": 1,
      "movement_range_y": 1,
      "trainer_type": "TRAINER_TYPE_NONE",
      "trainer_sight_or_berry_tree_id": "0",
      "script": "RocketHideout_B2F_EventScript_ItemNugget",
      "flag": "FLAG_HIDE_ROCKET_HIDEOUT_B2F_NUGGET",
      "in_connection": false
    },
    {
      "type": "object",
      "graphics_id": "OBJ_EVENT_GFX_ITEM_BALL",
      "x": 1,
      "y": 5,
      "elevation": 3,
      "movement_type": "MOVEMENT_TYPE_FACE_DOWN",
      "movement_range_x": 1,
      "movement_range_y": 1,
      "trainer_type": "TRAINER_TYPE_NONE",
      "trainer_sight_or_berry_tree_id": "0",
      "script": "RocketHideout_B2F_EventScript_ItemMoonStone",
      "flag": "FLAG_HIDE_ROCKET_HIDEOUT_B2F_MOON_STONE",
      "in_connection": false
    },
    {
      "type": "object",
      "graphics_id": "OBJ_EVENT_GFX_ITEM_BALL",
      "x": 6,
      "y": 6,
      "elevation": 3,
      "movement_type": "MOVEMENT_TYPE_FACE_DOWN",
      "movement_range_x": 1,
      "movement_range_y": 1,
      "trainer_type": "TRAINER_TYPE_NONE",
      "trainer_sight_or_berry_tree_id": "0",
      "script": "RocketHideout_B2F_EventScript_ItemTM07",
      "flag": "FLAG_HIDE_ROCKET_HIDEOUT_B2F_TM07",
      "in_connection": false
    },
    {
      "type": "object",
      "graphics_id": "OBJ_EVENT_GFX_ITEM_BALL",
      "x": 3,
      "y": 15,
      "elevation": 3,
      "movement_type": "MOVEMENT_TYPE_FACE_DOWN",
      "movement_range_x": 1,
      "movement_range_y": 1,
      "trainer_type": "TRAINER_TYPE_NONE",
      "trainer_sight_or_berry_tree_id": "0",
      "script": "RocketHideout_B2F_EventScript_ItemSuperPotion",
      "flag": "FLAG_HIDE_ROCKET_HIDEOUT_B2F_SUPER_POTION",
      "in_connection": false
    }
  ],
  "warp_events": [
    {
      "x": 21,
      "y": 2,
      "elevation": 3,
      "dest_map": "MAP_ROCKET_HIDEOUT_B3F",
      "dest_warp_id": "0"
    },
    {
      "x": 27,
      "y": 2,
      "elevation": 3,
      "dest_map": "MAP_ROCKET_HIDEOUT_B1F",
      "dest_warp_id": "1"
    },
    {
      "x": 21,
      "y": 16,
      "elevation": 3,
      "dest_map": "MAP_ROCKET_HIDEOUT_B1F",
      "dest_warp_id": "2"
    },
    {
      "x": 24,
      "y": 13,
      "elevation": 0,
      "dest_map": "MAP_ROCKET_HIDEOUT_ELEVATOR",
      "dest_warp_id": "0"
    },
    {
      "x": 25,
      "y": 13,
      "elevation": 0,
      "dest_map": "MAP_ROCKET_HIDEOUT_ELEVATOR",
      "dest_warp_id": "0"
    }
  ],
  "coord_events": [

  ],
  "bg_events": [

  ]
}
