<?xml version="1.0" encoding="UTF-8"?>
<metadata>
  <identifier>super-mario-all-stars-solo-rom-patches</identifier>
  <mediatype>software</mediatype>
  <collection>open_source_software</collection>
  <creator>aml435</creator>
  <date>2025-02-18</date>
  <description>These four bps patches, when applied to a US non-headered rom of Suepr Mario All Stars converts to rom to a solo launching  rom of the individual title, either:&lt;br /&gt;&lt;br /&gt;Super Mario Bros. (U)&lt;div&gt;Super Mario Bros.: The Lost Level (U)&lt;br /&gt;&lt;div&gt;Super Mario Bros. 2 (U)&lt;br /&gt;or&lt;/div&gt;&lt;/div&gt;&lt;div&gt;Super Mario Bros. 3 (U)&lt;/div&gt;</description>
  <language>eng</language>
  <scanner>Internet Archive HTML5 Uploader 1.7.0</scanner>
  <subject>snes</subject>
  <title>Super Mario All Stars Solo Rom Patches</title>
  <subject>rom hack</subject>
  <subject>super mario bros</subject>
  <subject>super mario all stars</subject>
  <uploader>aaronmlane@hotmail.com</uploader>
  <publicdate>2025-02-18 06:39:32</publicdate>
  <addeddate>2025-02-18 06:39:32</addeddate>
  <curation>[curator]validator@archive.org[/curator][date]20250218064610[/date][comment]checked for malware[/comment]</curation>
</metadata>
