<?xml version="1.0" encoding="UTF-8"?>
<files>
  <file name="WITR.zip" source="original">
    <mtime>1757177110</mtime>
    <size>6419991</size>
    <md5>c7d4e6c125357d26ede2358ca63ef86a</md5>
    <crc32>93d4ae82</crc32>
    <sha1>70a20275e8e443c3e154b63a187ae7293ba53369</sha1>
    <format>ZIP</format>
    <filecount>2</filecount>
    <viruscheck>1757177455</viruscheck>
  </file>
  <file name="witrbeta_archive.torrent" source="metadata">
    <btih>fc3a36396ba18d2dbfde8c50c0e629c3a4d9b2b1</btih>
    <mtime>1757177456</mtime>
    <size>1846</size>
    <md5>3208243a87787842361e840ec99895a2</md5>
    <crc32>430cb47c</crc32>
    <sha1>cb4d48cfa095ce0423dbc0793e3dc4637870b898</sha1>
    <format>Archive BitTorrent</format>
  </file>
  <file name="witrbeta_files.xml" source="original">
    <format>Metadata</format>
    <md5>cade341cc9570ea4696b22027546eeb7</md5>
    <summation>md5</summation>
  </file>
  <file name="witrbeta_meta.sqlite" source="original">
    <mtime>1757177143</mtime>
    <size>45056</size>
    <md5>0914b3003317e8c89753ef7e3542b532</md5>
    <crc32>287b4cd8</crc32>
    <sha1>1de4c19fd44c11362ce64d17107197dc658d6a84</sha1>
    <format>Metadata</format>
  </file>
  <file name="witrbeta_meta.xml" source="original">
    <mtime>1757177455</mtime>
    <size>7672</size>
    <md5>469403be342127d3fd9289deddf87334</md5>
    <crc32>eb23b1fc</crc32>
    <sha1>54f52d0d1f61e8713cb47ffdcfec66cace46de31</sha1>
    <format>Metadata</format>
  </file>
</files>
