<?xml version="1.0" encoding="UTF-8"?>
<metadata>
  <identifier>witrbeta</identifier>
  <mediatype>movies</mediatype>
  <collection>opensource_movies</collection>
  <creator>jadu307</creator>
  <date>2025-09-06</date>
  <description>WITR was a SM64 Beta Rom hack based on mario going through the courtyard to see more funni beyta levels and stuff idkk, the download link of this rom was originaly on a unlisted video of a japanese guy on a playlist that currently cannot be found, and then this was uploaded to romhacking.com but for unknow reasons this was deleted from the website some time.&lt;div&gt;(recommended patching the usafixed version)&lt;/div&gt;&lt;div&gt;Original Description: &lt;/div&gt;&lt;div&gt;&lt;span style="color:rgb(19,19,19);font-family:Roboto, Arial, sans-serif;font-size:14px;background-color:rgba(0,0,0,0.05);"&gt;''Figured I'd throw this up here because this website really has 0 quality control when it comes to beta content.&lt;/span&gt;&lt;/div&gt;&lt;div&gt;&lt;span style="color:rgb(19,19,19);font-family:Roboto, Arial, sans-serif;font-size:14px;background-color:rgba(0,0,0,0.05);"&gt;Sorry that this is so long. I don't expect a lot of you to read this because you're too eager to play the same 5 riveting levels that have been seen in every other hack.&lt;/span&gt;&lt;span style="color:rgb(19,19,19);font-family:Roboto, Arial, sans-serif;font-size:14px;background-color:rgba(0,0,0,0.05);"&gt;&lt;/span&gt;&lt;/div&gt;&lt;div&gt;&lt;span class="yt-core-attributed-string--link-inherit-color" style="margin:0px;padding:0px;border:0px;background:rgba(0,0,0,0.05);font-family:Roboto, Arial, sans-serif;font-size:14px;color:rgb(19,19,19);"&gt;WHY THE HACK IS NAMED THE WAY IT IS:
WITR = Where Is The ROM (stupid injoke GIF from like 4 years ago)

CREDITS:
Dudaw - Used a ton of the ASM he released.
Emmy - Rocky Mountain painting graphic
XKoop7321 - Occasional ASM help
dualsh0x/duskewl/jadu307 - Did everything else

BUGS/THINGS THAT ANNOY ME AND WILL ANNOY YOU TOO:
&lt;/span&gt;&lt;ul class="yt-core-attributed-string__list-group" dir="ltr" style="margin:0px;padding:0px;border:0px;background:rgba(0,0,0,0.05);color:rgb(15,15,15);font-family:Roboto, Arial, sans-serif;font-size:14px;"&gt;&lt;li style="margin:0px;padding:0px;border:0px;background:transparent;"&gt;&lt;span class="yt-core-attributed-string--link-inherit-color" style="margin:0px;padding:0px;border:0px;background:transparent;color:rgb(19,19,19);"&gt;The castle lags way too much. Set the counter factor to 1 (2 by default) in the ROM settings tab to stop it. The camera in the castle is also pretty broken and gets all ugly when you enter and leave a room.
&lt;/span&gt;&lt;/li&gt;&lt;li style="margin:0px;padding:0px;border:0px;background:transparent;"&gt;&lt;span class="yt-core-attributed-string--link-inherit-color" style="margin:0px;padding:0px;border:0px;background:transparent;color:rgb(19,19,19);"&gt;Objects that spawn stars don't work properly. The behavior crashes the game so it's been replaced with the normal star code, meaning it spawns exactly where the object is. Not a big deal for the penguin star.
&lt;/span&gt;&lt;/li&gt;&lt;li style="margin:0px;padding:0px;border:0px;background:transparent;"&gt;&lt;span class="yt-core-attributed-string--link-inherit-color" style="margin:0px;padding:0px;border:0px;background:transparent;color:rgb(19,19,19);"&gt;The Big Bully does not spawn a star, because I was an idiot 2 years ago.
&lt;/span&gt;&lt;/li&gt;&lt;li style="margin:0px;padding:0px;border:0px;background:transparent;"&gt;&lt;span class="yt-core-attributed-string--link-inherit-color" style="margin:0px;padding:0px;border:0px;background:transparent;color:rgb(19,19,19);"&gt;People have complained about the hack not working unless they use 1.6? Not sure why, it works fine for me using the GlideN64 graphics plugins. 
&lt;/span&gt;&lt;/li&gt;&lt;li style="margin:0px;padding:0px;border:0px;background:transparent;"&gt;&lt;span class="yt-core-attributed-string--link-inherit-color" style="margin:0px;padding:0px;border:0px;background:transparent;color:rgb(19,19,19);"&gt;The star camera code isn't perfect, so if you keep moving the camera while grabbing a star, Mario will end up facing the wrong way.
&lt;/span&gt;&lt;/li&gt;&lt;li style="margin:0px;padding:0px;border:0px;background:transparent;"&gt;&lt;span class="yt-core-attributed-string--link-inherit-color" style="margin:0px;padding:0px;border:0px;background:transparent;color:rgb(19,19,19);"&gt;The WF tower's platforms don't have the right collision. 
&lt;/span&gt;&lt;/li&gt;&lt;/ul&gt;&lt;span class="yt-core-attributed-string--link-inherit-color" style="margin:0px;padding:0px;border:0px;background:rgba(0,0,0,0.05);font-family:Roboto, Arial, sans-serif;font-size:14px;color:rgb(19,19,19);"&gt;
Features this hack has that probably not a lot of other ones have:
&lt;/span&gt;&lt;ul class="yt-core-attributed-string__list-group" dir="ltr" style="margin:0px;padding:0px;border:0px;background:rgba(0,0,0,0.05);color:rgb(15,15,15);font-family:Roboto, Arial, sans-serif;font-size:14px;"&gt;&lt;li style="margin:0px;padding:0px;border:0px;background:transparent;"&gt;&lt;span class="yt-core-attributed-string--link-inherit-color" style="margin:0px;padding:0px;border:0px;background:transparent;color:rgb(19,19,19);"&gt;Fully functional paintings for the two floors
&lt;/span&gt;&lt;/li&gt;&lt;li style="margin:0px;padding:0px;border:0px;background:transparent;"&gt;&lt;span class="yt-core-attributed-string--link-inherit-color" style="margin:0px;padding:0px;border:0px;background:transparent;color:rgb(19,19,19);"&gt;Better code for the 'grabbing a star' camera than a lot of other hacks (It actually has code to re-focus on Mario so he isn't offcentered)
&lt;/span&gt;&lt;/li&gt;&lt;li style="margin:0px;padding:0px;border:0px;background:transparent;"&gt;&lt;span class="yt-core-attributed-string--link-inherit-color" style="margin:0px;padding:0px;border:0px;background:transparent;color:rgb(19,19,19);"&gt;Unique textbox font inspired by the JP SM64 alphabet
&lt;/span&gt;&lt;/li&gt;&lt;li style="margin:0px;padding:0px;border:0px;background:transparent;"&gt;&lt;span class="yt-core-attributed-string--link-inherit-color" style="margin:0px;padding:0px;border:0px;background:transparent;color:rgb(19,19,19);"&gt;Some sound effects are higher quality like the beta (painting sparkles)
&lt;/span&gt;&lt;/li&gt;&lt;li style="margin:0px;padding:0px;border:0px;background:transparent;"&gt;&lt;span class="yt-core-attributed-string--link-inherit-color" style="margin:0px;padding:0px;border:0px;background:transparent;color:rgb(19,19,19);"&gt;LLL is a fusion between all its versions (never got to doing this for other maps)
&lt;/span&gt;&lt;/li&gt;&lt;li style="margin:0px;padding:0px;border:0px;background:transparent;"&gt;&lt;span class="yt-core-attributed-string--link-inherit-color" style="margin:0px;padding:0px;border:0px;background:transparent;color:rgb(19,19,19);"&gt;ROM protection that someone will probably break soon anyway''&lt;/span&gt;&lt;/li&gt;&lt;/ul&gt;&lt;/div&gt;</description>
  <language>eng</language>
  <scanner>Internet Archive HTML5 Uploader 1.7.0</scanner>
  <subject>#sm64</subject>
  <title>SM64 Beta: WITR</title>
  <subject>#sm64beta</subject>
  <subject>#mario</subject>
  <subject>#romhacking</subject>
  <subject>#witr</subject>
  <subject>#95b</subject>
  <subject>#archive</subject>
  <uploader>elumb9010@gmail.com</uploader>
  <publicdate>2025-09-06 16:45:33</publicdate>
  <addeddate>2025-09-06 16:45:33</addeddate>
  <curation>[curator]validator@archive.org[/curator][date]20250906165055[/date][comment]checked for malware[/comment]</curation>
</metadata>
