{
  "id": "MAP_POWER_PLANT",
  "name": "PowerPlant",
  "layout": "LAYOUT_POWER_PLANT",
  "music": "MUS_POKE_MANSION",
  "region_map_section": "MAPSEC_POWER_PLANT",
  "requires_flash": false,
  "weather": "WEATHER_NONE",
  "map_type": "MAP_TYPE_INDOOR",
  "allow_cycling": false,
  "allow_escaping": true,
  "allow_running": true,
  "show_map_name": true,
  "floor_number": 0,
  "battle_scene": "MAP_BATTLE_SCENE_INDOOR_2",
  "connections": 0,
  "object_events": [
    {
      "type": "object",
      "graphics_id": "OBJ_EVENT_GFX_ITEM_BALL",
      "x": 20,
      "y": 32,
      "elevation": 3,
      "movement_type": "MOVEMENT_TYPE_FACE_DOWN",
      "movement_range_x": 1,
      "movement_range_y": 1,
      "trainer_type": "TRAINER_TYPE_NONE",
      "trainer_sight_or_berry_tree_id": "0",
      "script": "PowerPlant_EventScript_ItemTM33",
      "flag": "FLAG_HIDE_POWER_PLANT_TM33",
      "in_connection": false
    },
    {
      "type": "object",
      "graphics_id": "OBJ_EVENT_GFX_ITEM_BALL",
      "x": 7,
      "y": 25,
      "elevation": 3,
      "movement_type": "MOVEMENT_TYPE_FACE_DOWN",
      "movement_range_x": 1,
      "movement_range_y": 1,
      "trainer_type": "TRAINER_TYPE_NONE",
      "trainer_sight_or_berry_tree_id": "0",
      "script": "PowerPlant_EventScript_ItemCARBOS",
      "flag": "FLAG_HIDE_POWER_PLANT_CARBOS",
      "in_connection": false
    },
    {
      "type": "object",
      "graphics_id": "OBJ_EVENT_GFX_ITEM_BALL",
      "x": 26,
      "y": 32,
      "elevation": 3,
      "movement_type": "MOVEMENT_TYPE_FACE_DOWN",
      "movement_range_x": 1,
      "movement_range_y": 1,
      "trainer_type": "TRAINER_TYPE_NONE",
      "trainer_sight_or_berry_tree_id": "0",
      "script": "PowerPlant_EventScript_ItemTM25",
      "flag": "FLAG_HIDE_POWER_PLANT_TM25",
      "in_connection": false
    },
    {
      "type": "object",
      "graphics_id": "OBJ_EVENT_GFX_ITEM_BALL",
      "x": 34,
      "y": 3,
      "elevation": 3,
      "movement_type": "MOVEMENT_TYPE_FACE_DOWN",
      "movement_range_x": 1,
      "movement_range_y": 1,
      "trainer_type": "TRAINER_TYPE_NONE",
      "trainer_sight_or_berry_tree_id": "0",
      "script": "PowerPlant_EventScript_ItemRareCandy",
      "flag": "FLAG_HIDE_POWER_PLANT_RARE_CANDY",
      "in_connection": false
    },
    {
      "type": "object",
      "graphics_id": "OBJ_EVENT_GFX_ITEM_BALL",
      "x": 28,
      "y": 3,
      "elevation": 3,
      "movement_type": "MOVEMENT_TYPE_FACE_DOWN",
      "movement_range_x": 1,
      "movement_range_y": 1,
      "trainer_type": "TRAINER_TYPE_NONE",
      "trainer_sight_or_berry_tree_id": "0",
      "script": "PowerPlant_EventScript_ItemHP_Up",
      "flag": "FLAG_HIDE_POWER_PLANT_HP_UP",
      "in_connection": false
    },
    {
      "type": "object",
      "graphics_id": "OBJ_EVENT_GFX_ZAPDOS",
      "x": 4,
      "y": 9,
      "elevation": 3,
      "movement_type": "MOVEMENT_TYPE_FACE_DOWN",
      "movement_range_x": 1,
      "movement_range_y": 1,
      "trainer_type": "TRAINER_TYPE_NONE",
      "trainer_sight_or_berry_tree_id": "0",
      "script": "PowerPlant_EventScript_Zapdos",
      "flag": "FLAG_HIDE_ZAPDOS",
      "in_connection": false
    },
    {
      "type": "object",
      "graphics_id": "OBJ_EVENT_GFX_ITEM_BALL",
      "x": 21,
      "y": 14,
      "elevation": 3,
      "movement_type": "MOVEMENT_TYPE_FACE_DOWN",
      "movement_range_x": 1,
      "movement_range_y": 1,
      "trainer_type": "TRAINER_TYPE_NONE",
      "trainer_sight_or_berry_tree_id": "0",
      "script": "PowerPlant_EventScript_Electrode2",
      "flag": "FLAG_HIDE_POWER_PLANT_ELECTRODE_2",
      "in_connection": false
    },
    {
      "type": "object",
      "graphics_id": "OBJ_EVENT_GFX_ITEM_BALL",
      "x": 32,
      "y": 18,
      "elevation": 3,
      "movement_type": "MOVEMENT_TYPE_FACE_DOWN",
      "movement_range_x": 1,
      "movement_range_y": 1,
      "trainer_type": "TRAINER_TYPE_NONE",
      "trainer_sight_or_berry_tree_id": "0",
      "script": "PowerPlant_EventScript_Electrode1",
      "flag": "FLAG_HIDE_POWER_PLANT_ELECTRODE_1",
      "in_connection": false
    },
    {
      "type": "object",
      "graphics_id": "OBJ_EVENT_GFX_ITEM_BALL",
      "x": 25,
      "y": 18,
      "elevation": 0,
      "movement_type": "MOVEMENT_TYPE_FACE_DOWN",
      "movement_range_x": 1,
      "movement_range_y": 1,
      "trainer_type": "TRAINER_TYPE_NONE",
      "trainer_sight_or_berry_tree_id": "0",
      "script": "PowerPlant_EventScript_Voltorb1",
      "flag": "FLAG_HIDE_POWER_PLANT_VOLTORB_1"
    },
    {
      "type": "object",
      "graphics_id": "OBJ_EVENT_GFX_ITEM_BALL",
      "x": 9,
      "y": 20,
      "elevation": 0,
      "movement_type": "MOVEMENT_TYPE_FACE_DOWN",
      "movement_range_x": 1,
      "movement_range_y": 1,
      "trainer_type": "TRAINER_TYPE_NONE",
      "trainer_sight_or_berry_tree_id": "0",
      "script": "PowerPlant_EventScript_Voltorb2",
      "flag": "FLAG_HIDE_POWER_PLANT_VOLTORB_2"
    },
    {
      "type": "object",
      "graphics_id": "OBJ_EVENT_GFX_ITEM_BALL",
      "x": 23,
      "y": 34,
      "elevation": 0,
      "movement_type": "MOVEMENT_TYPE_FACE_DOWN",
      "movement_range_x": 1,
      "movement_range_y": 1,
      "trainer_type": "TRAINER_TYPE_NONE",
      "trainer_sight_or_berry_tree_id": "0",
      "script": "PowerPlant_EventScript_Voltorb3",
      "flag": "FLAG_HIDE_POWER_PLANT_VOLTORB_3"
    },
    {
      "type": "object",
      "graphics_id": "OBJ_EVENT_GFX_ITEM_BALL",
      "x": 26,
      "y": 28,
      "elevation": 0,
      "movement_type": "MOVEMENT_TYPE_FACE_DOWN",
      "movement_range_x": 1,
      "movement_range_y": 1,
      "trainer_type": "TRAINER_TYPE_NONE",
      "trainer_sight_or_berry_tree_id": "0",
      "script": "PowerPlant_EventScript_Voltorb4",
      "flag": "FLAG_HIDE_POWER_PLANT_VOLTORB_4"
    },
    {
      "type": "object",
      "graphics_id": "OBJ_EVENT_GFX_ITEM_BALL",
      "x": 37,
      "y": 32,
      "elevation": 0,
      "movement_type": "MOVEMENT_TYPE_FACE_DOWN",
      "movement_range_x": 1,
      "movement_range_y": 1,
      "trainer_type": "TRAINER_TYPE_NONE",
      "trainer_sight_or_berry_tree_id": "0",
      "script": "PowerPlant_EventScript_Voltorb5",
      "flag": "FLAG_HIDE_POWER_PLANT_VOLTORB_5"
    },
    {
      "type": "object",
      "graphics_id": "OBJ_EVENT_GFX_ITEM_BALL",
      "x": 21,
      "y": 25,
      "elevation": 0,
      "movement_type": "MOVEMENT_TYPE_FACE_DOWN",
      "movement_range_x": 1,
      "movement_range_y": 1,
      "trainer_type": "TRAINER_TYPE_NONE",
      "trainer_sight_or_berry_tree_id": "0",
      "script": "PowerPlant_EventScript_Voltorb6",
      "flag": "FLAG_HIDE_POWER_PLANT_VOLTORB_6"
    }
  ],
  "warp_events": [
    {
      "x": 4,
      "y": 35,
      "elevation": 3,
      "dest_map": "MAP_ROUTE10",
      "dest_warp_id": "2"
    },
    {
      "x": 5,
      "y": 35,
      "elevation": 3,
      "dest_map": "MAP_ROUTE10",
      "dest_warp_id": "2"
    },
    {
      "x": 0,
      "y": 11,
      "elevation": 3,
      "dest_map": "MAP_ROUTE10",
      "dest_warp_id": "2"
    }
  ],
  "coord_events": [

  ],
  "bg_events": [
    {
      "type": "hidden_item",
      "x": 17,
      "y": 16,
      "elevation": 3,
      "item": "ITEM_MAX_ELIXIR",
      "flag": "FLAG_HIDDEN_ITEM_POWER_PLANT_MAX_ELIXIR",
      "quantity": 1,
      "underfoot": false
    },
    {
      "type": "hidden_item",
      "x": 12,
      "y": 1,
      "elevation": 0,
      "item": "ITEM_PP_UP",
      "flag": "FLAG_HIDDEN_ITEM_POWER_PLANT_PP_UP",
      "quantity": 1,
      "underfoot": false
    }
  ]
}
