{
  "id": "MAP_VIRIDIAN_FOREST",
  "name": "ViridianForest",
  "layout": "LAYOUT_VIRIDIAN_FOREST",
  "music": "MUS_VIRIDIAN_FOREST",
  "region_map_section": "MAPSEC_VIRIDIAN_FOREST",
  "requires_flash": false,
  "weather": "WEATHER_SHADE",
  "map_type": "MAP_TYPE_ROUTE",
  "allow_cycling": true,
  "allow_escaping": true,
  "allow_running": true,
  "show_map_name": true,
  "floor_number": 0,
  "battle_scene": "MAP_BATTLE_SCENE_NORMAL",
  "connections": 0,
  "object_events": [
    {
      "type": "object",
      "graphics_id": "OBJ_EVENT_GFX_YOUNGSTER",
      "x": 22,
      "y": 43,
      "elevation": 3,
      "movement_type": "MOVEMENT_TYPE_FACE_DOWN",
      "movement_range_x": 1,
      "movement_range_y": 1,
      "trainer_type": "TRAINER_TYPE_NONE",
      "trainer_sight_or_berry_tree_id": "0",
      "script": "ViridianForest_EventScript_Youngster",
      "flag": "0",
      "in_connection": false
    },
    {
      "type": "object",
      "graphics_id": "OBJ_EVENT_GFX_BOY",
      "x": 33,
      "y": 40,
      "elevation": 3,
      "movement_type": "MOVEMENT_TYPE_FACE_LEFT",
      "movement_range_x": 1,
      "movement_range_y": 1,
      "trainer_type": "TRAINER_TYPE_NONE",
      "trainer_sight_or_berry_tree_id": "0",
      "script": "ViridianForest_EventScript_Boy",
      "flag": "0",
      "in_connection": false
    },
    {
      "type": "object",
      "graphics_id": "OBJ_EVENT_GFX_BUG_CATCHER",
      "x": 36,
      "y": 33,
      "elevation": 3,
      "movement_type": "MOVEMENT_TYPE_FACE_LEFT",
      "movement_range_x": 1,
      "movement_range_y": 1,
      "trainer_type": "TRAINER_TYPE_NORMAL",
      "trainer_sight_or_berry_tree_id": "4",
      "script": "ViridianForest_EventScript_Rick",
      "flag": "0",
      "in_connection": false
    },
    {
      "type": "object",
      "graphics_id": "OBJ_EVENT_GFX_BUG_CATCHER",
      "x": 36,
      "y": 19,
      "elevation": 3,
      "movement_type": "MOVEMENT_TYPE_FACE_LEFT",
      "movement_range_x": 1,
      "movement_range_y": 1,
      "trainer_type": "TRAINER_TYPE_NORMAL",
      "trainer_sight_or_berry_tree_id": "4",
      "script": "ViridianForest_EventScript_Doug",
      "flag": "0",
      "in_connection": false
    },
    {
      "type": "object",
      "graphics_id": "OBJ_EVENT_GFX_BUG_CATCHER",
      "x": 8,
      "y": 18,
      "elevation": 3,
      "movement_type": "MOVEMENT_TYPE_FACE_LEFT",
      "movement_range_x": 1,
      "movement_range_y": 1,
      "trainer_type": "TRAINER_TYPE_NORMAL",
      "trainer_sight_or_berry_tree_id": "4",
      "script": "ViridianForest_EventScript_Sammy",
      "flag": "0",
      "in_connection": false
    },
    {
      "type": "object",
      "graphics_id": "OBJ_EVENT_GFX_ITEM_BALL",
      "x": 7,
      "y": 31,
      "elevation": 3,
      "movement_type": "MOVEMENT_TYPE_FACE_DOWN",
      "movement_range_x": 1,
      "movement_range_y": 1,
      "trainer_type": "TRAINER_TYPE_NONE",
      "trainer_sight_or_berry_tree_id": "0",
      "script": "ViridianForest_EventScript_ItemPokeBall",
      "flag": "FLAG_HIDE_VIRIDIAN_FOREST_POKE_BALL",
      "in_connection": false
    },
    {
      "type": "object",
      "graphics_id": "OBJ_EVENT_GFX_ITEM_BALL",
      "x": 31,
      "y": 11,
      "elevation": 3,
      "movement_type": "MOVEMENT_TYPE_FACE_DOWN",
      "movement_range_x": 1,
      "movement_range_y": 1,
      "trainer_type": "TRAINER_TYPE_NONE",
      "trainer_sight_or_berry_tree_id": "0",
      "script": "ViridianForest_EventScript_ItemAntidote",
      "flag": "FLAG_HIDE_VIRIDIAN_FOREST_ANTIDOTE",
      "in_connection": false
    },
    {
      "type": "object",
      "graphics_id": "OBJ_EVENT_GFX_ITEM_BALL",
      "x": 18,
      "y": 29,
      "elevation": 3,
      "movement_type": "MOVEMENT_TYPE_FACE_DOWN",
      "movement_range_x": 1,
      "movement_range_y": 1,
      "trainer_type": "TRAINER_TYPE_NONE",
      "trainer_sight_or_berry_tree_id": "0",
      "script": "ViridianForest_EventScript_ItemPotion2",
      "flag": "FLAG_HIDE_VIRIDIAN_FOREST_POTION_2",
      "in_connection": false
    }
  ],
  "warp_events": [
    {
      "x": 22,
      "y": 47,
      "elevation": 3,
      "dest_map": "MAP_ROUTE2_VIRIDIAN_FOREST_SOUTH_ENTRANCE",
      "dest_warp_id": "2"
    },
    {
      "x": 8,
      "y": 0,
      "elevation": 3,
      "dest_map": "MAP_ROUTE2_VIRIDIAN_FOREST_NORTH_ENTRANCE",
      "dest_warp_id": "0"
    },
    {
      "x": 23,
      "y": 47,
      "elevation": 3,
      "dest_map": "MAP_ROUTE2_VIRIDIAN_FOREST_SOUTH_ENTRANCE",
      "dest_warp_id": "2"
    },
    {
      "x": 7,
      "y": 0,
      "elevation": 3,
      "dest_map": "MAP_ROUTE2_VIRIDIAN_FOREST_NORTH_ENTRANCE",
      "dest_warp_id": "0"
    }
  ],
  "coord_events": [

  ],
  "bg_events": [
    {
      "type": "sign",
      "x": 30,
      "y": 40,
      "elevation": 3,
      "player_facing_dir": "BG_EVENT_PLAYER_FACING_ANY",
      "script": "ViridianForest_EventScript_TrainerTips1"
    },
    {
      "type": "sign",
      "x": 32,
      "y": 17,
      "elevation": 0,
      "player_facing_dir": "BG_EVENT_PLAYER_FACING_ANY",
      "script": "ViridianForest_EventScript_TrainerTips3"
    },
    {
      "type": "sign",
      "x": 10,
      "y": 24,
      "elevation": 0,
      "player_facing_dir": "BG_EVENT_PLAYER_FACING_ANY",
      "script": "ViridianForest_EventScript_TrainerTips4"
    },
    {
      "type": "sign",
      "x": 8,
      "y": 1,
      "elevation": 0,
      "player_facing_dir": "BG_EVENT_PLAYER_FACING_ANY",
      "script": "ViridianForest_EventScript_ExitSign"
    },
    {
      "type": "sign",
      "x": 22,
      "y": 32,
      "elevation": 0,
      "player_facing_dir": "BG_EVENT_PLAYER_FACING_ANY",
      "script": "ViridianForest_EventScript_TrainerTips2"
    },
    {
      "type": "sign",
      "x": 24,
      "y": 45,
      "elevation": 0,
      "player_facing_dir": "BG_EVENT_PLAYER_FACING_ANY",
      "script": "ViridianForest_EventScript_TrainerTips5"
    },
    {
      "type": "hidden_item",
      "x": 22,
      "y": 42,
      "elevation": 0,
      "item": "ITEM_ANTIDOTE",
      "flag": "FLAG_HIDDEN_ITEM_VIRIDIAN_FOREST_ANTIDOTE",
      "quantity": 1,
      "underfoot": false
    },
    {
      "type": "hidden_item",
      "x": 7,
      "y": 18,
      "elevation": 0,
      "item": "ITEM_POTION",
      "flag": "FLAG_HIDDEN_ITEM_VIRIDIAN_FOREST_POTION",
      "quantity": 1,
      "underfoot": false
    }
  ]
}
