<?xml version="1.0" encoding="UTF-8"?>
<files>
  <file name="brown.zip" source="original">
    <mtime>1748225201</mtime>
    <size>119017</size>
    <md5>351d682189327da4471e6bc80017c9c8</md5>
    <crc32>05f38b17</crc32>
    <sha1>d990e911f34523f586a97f005d234fd77af5c26e</sha1>
    <format>ZIP</format>
    <filecount>1</filecount>
    <viruscheck>1748225545</viruscheck>
  </file>
  <file name="brown_20250526_archive.torrent" source="metadata">
    <btih>f5fba8b1406f4dd94dd7fe9625162aaed4badb31</btih>
    <mtime>1748225546</mtime>
    <size>1661</size>
    <md5>45fa4751a945fa7a867e94e17e597c89</md5>
    <crc32>3cdea69d</crc32>
    <sha1>59ff25c461a9df384bb362a58833c4e206317b56</sha1>
    <format>Archive BitTorrent</format>
  </file>
  <file name="brown_20250526_files.xml" source="original">
    <format>Metadata</format>
    <md5>83fe11af1377b7957ad2455d757c03bf</md5>
    <summation>md5</summation>
  </file>
  <file name="brown_20250526_meta.sqlite" source="original">
    <mtime>1748225231</mtime>
    <size>20480</size>
    <md5>fdd77ba93e320875078df3b6bcbe7d6b</md5>
    <crc32>9db22cd7</crc32>
    <sha1>d88262cd36c1c622164955739fbdab3fd9647b90</sha1>
    <format>Metadata</format>
  </file>
  <file name="brown_20250526_meta.xml" source="original">
    <mtime>1748225545</mtime>
    <size>1299</size>
    <md5>16680941f0961f4ec8b7919f7ef96996</md5>
    <crc32>53af09ea</crc32>
    <sha1>a38b833e2166b0d3758fff81b7bdefea315e3a58</sha1>
    <format>Metadata</format>
  </file>
</files>
