<?xml version="1.0" encoding="UTF-8"?>
<metadata>
  <identifier>brown_20250526</identifier>
  <mediatype>software</mediatype>
  <collection>open_source_software</collection>
  <creator>Coolboyman</creator>
  <date>2004-11-13</date>
  <description>This is the earliest known version of Pokémon Brown, originally uploaded to coolbm.com by its creator Coolboyman (now known as Koolboyman) in late 2004. Inside the ZIP file is an IPS patch for the game. The original web page where the download was served can be found at https://web.archive.org/web/20040119231000/http://www.coolbm.com/pokemonbrown/. The IPS patch should be applied to a clean copy of Pokémon Red. The game is fully playable from start to finish but lacks a lot of polish. At the moment, no earlier versions than 1.1 are known to exist.</description>
  <language>eng</language>
  <scanner>Internet Archive HTML5 Uploader 1.7.0</scanner>
  <subject>software</subject>
  <title>Pokémon Brown v1.1</title>
  <subject>game</subject>
  <subject>rom hack</subject>
  <uploader>44hy17@gmail.com</uploader>
  <publicdate>2025-05-26 02:07:02</publicdate>
  <addeddate>2025-05-26 02:07:02</addeddate>
  <curation>[curator]validator@archive.org[/curator][date]20250526021225[/date][comment]checked for malware[/comment]</curation>
</metadata>
