{
  "id": "MAP_BATTLE_FRONTIER_LOUNGE5",
  "name": "BattleFrontier_Lounge5",
  "layout": "LAYOUT_BATTLE_FRONTIER_LOUNGE1",
  "music": "MUS_B_TOWER_RS",
  "region_map_section": "MAPSEC_BATTLE_FRONTIER",
  "requires_flash": false,
  "weather": "WEATHER_NONE",
  "map_type": "MAP_TYPE_INDOOR",
  "allow_cycling": false,
  "allow_escaping": false,
  "allow_running": false,
  "show_map_name": false,
  "battle_scene": "MAP_BATTLE_SCENE_NORMAL",
  "connections": 0,
  "object_events": [
    {
      "graphics_id": "OBJ_EVENT_GFX_LITTLE_GIRL",
      "x": 12,
      "y": 4,
      "elevation": 4,
      "movement_type": "MOVEMENT_TYPE_FACE_LEFT",
      "movement_range_x": 1,
      "movement_range_y": 1,
      "trainer_type": "TRAINER_TYPE_NONE",
      "trainer_sight_or_berry_tree_id": "0",
      "script": "BattleFrontier_Lounge5_EventScript_NatureGirl",
      "flag": "0"
    },
    {
      "graphics_id": "OBJ_EVENT_GFX_GENTLEMAN",
      "x": 0,
      "y": 4,
      "elevation": 3,
      "movement_type": "MOVEMENT_TYPE_FACE_RIGHT",
      "movement_range_x": 1,
      "movement_range_y": 1,
      "trainer_type": "TRAINER_TYPE_NONE",
      "trainer_sight_or_berry_tree_id": "0",
      "script": "BattleFrontier_Lounge5_EventScript_Gentleman",
      "flag": "0"
    },
    {
      "graphics_id": "OBJ_EVENT_GFX_BLACK_BELT",
      "x": 6,
      "y": 5,
      "elevation": 0,
      "movement_type": "MOVEMENT_TYPE_WANDER_AROUND",
      "movement_range_x": 1,
      "movement_range_y": 1,
      "trainer_type": "TRAINER_TYPE_NONE",
      "trainer_sight_or_berry_tree_id": "0",
      "script": "BattleFrontier_Lounge5_EventScript_BlackBelt",
      "flag": "0"
    },
    {
      "graphics_id": "OBJ_EVENT_GFX_LITTLE_BOY",
      "x": 11,
      "y": 7,
      "elevation": 0,
      "movement_type": "MOVEMENT_TYPE_LOOK_AROUND",
      "movement_range_x": 1,
      "movement_range_y": 1,
      "trainer_type": "TRAINER_TYPE_NONE",
      "trainer_sight_or_berry_tree_id": "0",
      "script": "BattleFrontier_Lounge5_EventScript_LittleBoy",
      "flag": "0"
    }
  ],
  "warp_events": [
    {
      "x": 1,
      "y": 7,
      "elevation": 0,
      "dest_map": "MAP_BATTLE_FRONTIER_OUTSIDE_EAST",
      "dest_warp_id": "7"
    },
    {
      "x": 2,
      "y": 7,
      "elevation": 0,
      "dest_map": "MAP_BATTLE_FRONTIER_OUTSIDE_EAST",
      "dest_warp_id": "7"
    }
  ],
  "coord_events": [

  ],
  "bg_events": [

  ]
}
