{
  "id": "MAP_PALACE_OF_ICE_ENTRANCE",
  "name": "PalaceOfIce_Entrance",
  "layout": "LAYOUT_PALACE_OF_ICE_ENTRANCE",
  "music": "MUS_ICE_PALACE",
  "region_map_section": "MAPSEC_PALACE_OF_ICE",
  "requires_flash": false,
  "weather": "WEATHER_NONE",
  "map_type": "MAP_TYPE_NONE",
  "allow_cycling": false,
  "allow_escaping": true,
  "allow_running": true,
  "show_map_name": true,
  "battle_scene": "MAP_BATTLE_SCENE_NORMAL",
  "connections": 0,
  "object_events": [
    {
      "graphics_id": "OBJ_EVENT_GFX_REGIGIGAS_STONE",
      "x": 9,
      "y": 5,
      "elevation": 0,
      "movement_type": "MOVEMENT_TYPE_NONE",
      "movement_range_x": 0,
      "movement_range_y": 0,
      "trainer_type": "TRAINER_TYPE_NONE",
      "trainer_sight_or_berry_tree_id": "0",
      "script": "NULL",
      "flag": "0"
    }
  ],
  "warp_events": [
    {
      "x": 9,
      "y": 22,
      "elevation": 3,
      "dest_map": "MAP_TAMAROK_PEAK",
      "dest_warp_id": "2"
    }
  ],
  "coord_events": [

  ],
  "bg_events": [
    {
      "type": "sign",
      "x": 8,
      "y": 15,
      "elevation": 0,
      "player_facing_dir": "BG_EVENT_PLAYER_FACING_ANY",
      "script": "PalaceOfIce_Entrance_EntranceLeftSide"
    },
    {
      "type": "sign",
      "x": 9,
      "y": 15,
      "elevation": 0,
      "player_facing_dir": "BG_EVENT_PLAYER_FACING_ANY",
      "script": "PalaceOfIce_Entrance_EntranceMiddle"
    },
    {
      "type": "sign",
      "x": 10,
      "y": 15,
      "elevation": 0,
      "player_facing_dir": "BG_EVENT_PLAYER_FACING_ANY",
      "script": "PalaceOfIce_Entrance_EntranceRightSide"
    },
    {
      "type": "sign",
      "x": 9,
      "y": 5,
      "elevation": 0,
      "player_facing_dir": "BG_EVENT_PLAYER_FACING_ANY",
      "script": "PalaceOfIce_Entrance_RegigigasStone"
    }
  ]
}
