<?xml version="1.0" encoding="UTF-8"?>
<files>
  <file name="Terranigma Harder Bosses.ips" source="original">
    <mtime>1743385933</mtime>
    <size>288</size>
    <md5>0a34e47eee41063fbe4439d03d466681</md5>
    <crc32>3690d0db</crc32>
    <sha1>23be76334e5925f294ad6441bdb1b76a16a2a655</sha1>
    <format>Unknown</format>
    <viruscheck>1743386325</viruscheck>
  </file>
  <file name="terranigma-harder-bosses_archive.torrent" source="metadata">
    <btih>deccbe70def5ebb72c8c5c7302a11c4d0e421fe6</btih>
    <mtime>1743386372</mtime>
    <size>1768</size>
    <md5>0ab624bdf5003f63097e5946b682001e</md5>
    <crc32>3a288103</crc32>
    <sha1>5e462c26d79d32713fb349339d936e2202fc4c8c</sha1>
    <format>Archive BitTorrent</format>
  </file>
  <file name="terranigma-harder-bosses_files.xml" source="original">
    <format>Metadata</format>
    <md5>24b88222ad37bdf85852f1c3fbdb423e</md5>
    <summation>md5</summation>
  </file>
  <file name="terranigma-harder-bosses_meta.sqlite" source="original">
    <mtime>1743385994</mtime>
    <size>20480</size>
    <md5>a82a6a3426161b676547bf88bfb7332f</md5>
    <crc32>5c713f52</crc32>
    <sha1>2eed54594f9dbdee1eb12705f04a2887f6d0b22c</sha1>
    <format>Metadata</format>
  </file>
  <file name="terranigma-harder-bosses_meta.xml" source="original">
    <mtime>1743386370</mtime>
    <size>1478</size>
    <md5>b31cdf3e9f0063637c971cbf2a0714d5</md5>
    <crc32>35ae0a69</crc32>
    <sha1>37f633629438d123dbd8105376b6001a799a74ee</sha1>
    <format>Metadata</format>
  </file>
</files>
