{
  "id": "MAP_SOOTOPOLIS_CITY_LOTAD_AND_SEEDOT_HOUSE",
  "name": "SootopolisCity_LotadAndSeedotHouse",
  "layout": "LAYOUT_SOOTOPOLIS_CITY_LOTAD_AND_SEEDOT_HOUSE",
  "music": "MUS_SOOTOPOLIS",
  "region_map_section": "MAPSEC_SOOTOPOLIS_CITY",
  "requires_flash": false,
  "weather": "WEATHER_NONE",
  "map_type": "MAP_TYPE_INDOOR",
  "allow_cycling": false,
  "allow_escaping": false,
  "allow_running": false,
  "show_map_name": false,
  "battle_scene": "MAP_BATTLE_SCENE_NORMAL",
  "connections": null,
  "object_events": [
    {
      "graphics_id": "OBJ_EVENT_GFX_FISHERMAN",
      "x": 2,
      "y": 4,
      "elevation": 3,
      "movement_type": "MOVEMENT_TYPE_FACE_RIGHT",
      "movement_range_x": 0,
      "movement_range_y": 0,
      "trainer_type": "TRAINER_TYPE_NONE",
      "trainer_sight_or_berry_tree_id": "0",
      "script": "SootopolisCity_LotadAndSeedotHouse_EventScript_LotadBrother",
      "flag": "0"
    },
    {
      "graphics_id": "OBJ_EVENT_GFX_HIKER",
      "x": 5,
      "y": 4,
      "elevation": 3,
      "movement_type": "MOVEMENT_TYPE_FACE_LEFT",
      "movement_range_x": 0,
      "movement_range_y": 0,
      "trainer_type": "TRAINER_TYPE_NONE",
      "trainer_sight_or_berry_tree_id": "0",
      "script": "SootopolisCity_LotadAndSeedotHouse_EventScript_SeedotBrother",
      "flag": "0"
    }
  ],
  "warp_events": [
    {
      "x": 3,
      "y": 6,
      "elevation": 0,
      "dest_map": "MAP_SOOTOPOLIS_CITY",
      "dest_warp_id": "11"
    },
    {
      "x": 4,
      "y": 6,
      "elevation": 0,
      "dest_map": "MAP_SOOTOPOLIS_CITY",
      "dest_warp_id": "11"
    }
  ],
  "coord_events": [],
  "bg_events": [
    {
      "type": "sign",
      "x": 5,
      "y": 1,
      "elevation": 0,
      "player_facing_dir": "BG_EVENT_PLAYER_FACING_ANY",
      "script": "SootopolisCity_LotadAndSeedotHouse_EventScript_SeedotSizeRecord"
    },
    {
      "type": "sign",
      "x": 2,
      "y": 1,
      "elevation": 0,
      "player_facing_dir": "BG_EVENT_PLAYER_FACING_ANY",
      "script": "SootopolisCity_LotadAndSeedotHouse_EventScript_LotadSizeRecord"
    }
  ]
}
