<?xml version="1.0" encoding="UTF-8"?>
<files>
  <file name="GLideN64_Luigi's_Quest_004.png" source="original">
    <mtime>1698446282</mtime>
    <size>556168</size>
    <md5>5ce9fbf071d82e87a4d61b5ceaf7d930</md5>
    <crc32>c3b57965</crc32>
    <sha1>dc0535320db71da3a897fea01655cc52d1f22da5</sha1>
    <format>PNG</format>
  </file>
  <file name="GLideN64_Luigi's_Quest_004_thumb.jpg" source="derivative">
    <format>JPEG Thumb</format>
    <original>GLideN64_Luigi's_Quest_004.png</original>
    <mtime>1698446417</mtime>
    <size>8478</size>
    <md5>34339336193709d82416d9cdb968b571</md5>
    <crc32>2f67671e</crc32>
    <sha1>6741c230a07b2606d67b078a5b6d2f082381c5a0</sha1>
  </file>
  <file name="GLideN64_Luigi's_Quest_007.png" source="original">
    <mtime>1698446285</mtime>
    <size>751075</size>
    <md5>96ff20d6a68532085fca0d3e69ff8085</md5>
    <crc32>b5374539</crc32>
    <sha1>8d47edb20115fa0e366302663070efadca826d3a</sha1>
    <format>PNG</format>
  </file>
  <file name="GLideN64_Luigi's_Quest_007_thumb.jpg" source="derivative">
    <format>JPEG Thumb</format>
    <original>GLideN64_Luigi's_Quest_007.png</original>
    <mtime>1698446422</mtime>
    <size>8912</size>
    <md5>5edbf617ebfd50694c435c89d626a9b4</md5>
    <crc32>dd5b5c73</crc32>
    <sha1>e43af5d6486d156c518710730c9f0d410422b44c</sha1>
  </file>
  <file name="GLideN64_Luigi's_Quest_008.png" source="original">
    <mtime>1698446293</mtime>
    <size>693309</size>
    <md5>c31222a13a0c932efd20b64c95768266</md5>
    <crc32>0236c409</crc32>
    <sha1>e58f6b1558261d0f8fd00653efaed89770fe71dc</sha1>
    <format>PNG</format>
  </file>
  <file name="GLideN64_Luigi's_Quest_008_thumb.jpg" source="derivative">
    <format>JPEG Thumb</format>
    <original>GLideN64_Luigi's_Quest_008.png</original>
    <mtime>1698446427</mtime>
    <size>8634</size>
    <md5>b594bcda22272a5ce426b9af469ac5d3</md5>
    <crc32>798fe853</crc32>
    <sha1>a8f9b55c78498a56097ee8c75cf53d7846542566</sha1>
  </file>
  <file name="GLideN64_Luigi's_Quest_009.png" source="original">
    <mtime>1698446295</mtime>
    <size>533017</size>
    <md5>c327e5f7f22cfbcd5a5add63a510f9d3</md5>
    <crc32>560977e1</crc32>
    <sha1>d78dd5f4bc77ff188a413666aa1f044df1cc4f46</sha1>
    <format>PNG</format>
  </file>
  <file name="GLideN64_Luigi's_Quest_009_thumb.jpg" source="derivative">
    <format>JPEG Thumb</format>
    <original>GLideN64_Luigi's_Quest_009.png</original>
    <mtime>1698446432</mtime>
    <size>9449</size>
    <md5>a1c3085eab5fc7bc2337b238eb4221b6</md5>
    <crc32>f3d5071b</crc32>
    <sha1>68717e8c48484b08429234bb41df66ab184e77b1</sha1>
  </file>
  <file name="GLideN64_Luigi's_Quest_012.png" source="original">
    <mtime>1698446305</mtime>
    <size>672463</size>
    <md5>79121483f79b9a86dd5aec8f7622bf08</md5>
    <crc32>88c42b1e</crc32>
    <sha1>8f0e393deaa8fa077243bf5fbba6c8b2ee6f0bd9</sha1>
    <format>PNG</format>
  </file>
  <file name="GLideN64_Luigi's_Quest_012_thumb.jpg" source="derivative">
    <format>JPEG Thumb</format>
    <original>GLideN64_Luigi's_Quest_012.png</original>
    <mtime>1698446437</mtime>
    <size>9698</size>
    <md5>8bc03a2aded7a7648abcd4d06d43d54e</md5>
    <crc32>beb06b60</crc32>
    <sha1>8d3ee06a86f7d2aad413c3310f2c4b172505ed81</sha1>
  </file>
  <file name="GLideN64_Luigi's_Quest_013.png" source="original">
    <mtime>1698446307</mtime>
    <size>979464</size>
    <md5>80addce3ab73b82d21546bbf41d8df62</md5>
    <crc32>baeb54da</crc32>
    <sha1>2f73b20dc429ec1a5eb8d57919557a6f55b515c4</sha1>
    <format>PNG</format>
  </file>
  <file name="GLideN64_Luigi's_Quest_013_thumb.jpg" source="derivative">
    <format>JPEG Thumb</format>
    <original>GLideN64_Luigi's_Quest_013.png</original>
    <mtime>1698446443</mtime>
    <size>8135</size>
    <md5>dae4f96e6d68c347ffec737ce5857142</md5>
    <crc32>76fe2cf0</crc32>
    <sha1>21c1d98ff947239ba7709a0169b4565067fd1e64</sha1>
  </file>
  <file name="GLideN64_Luigi's_Quest_016.png" source="original">
    <mtime>1698446310</mtime>
    <size>906181</size>
    <md5>3d8c6f4d9a62a057616ab9bcf3cf84af</md5>
    <crc32>09356bdc</crc32>
    <sha1>d4f6487581c1bd02ebd7c90f77b720b0225c33fe</sha1>
    <format>PNG</format>
  </file>
  <file name="GLideN64_Luigi's_Quest_016_thumb.jpg" source="derivative">
    <format>JPEG Thumb</format>
    <original>GLideN64_Luigi's_Quest_016.png</original>
    <mtime>1698446448</mtime>
    <size>8609</size>
    <md5>e86f1c50997494c865377de4c2f4a28b</md5>
    <crc32>acda1f9e</crc32>
    <sha1>cca31aa2812ef2de4b42df3074bef1a72df5b876</sha1>
  </file>
  <file name="GLideN64_Luigi's_Quest_018.png" source="original">
    <mtime>1698446313</mtime>
    <size>1307277</size>
    <md5>57dc99950aef54c7ed2cd595e1238ad9</md5>
    <crc32>342bc82e</crc32>
    <sha1>8023c95ac10228694e16d45f001a4fa402b91340</sha1>
    <format>PNG</format>
  </file>
  <file name="GLideN64_Luigi's_Quest_018_thumb.jpg" source="derivative">
    <format>JPEG Thumb</format>
    <original>GLideN64_Luigi's_Quest_018.png</original>
    <mtime>1698446452</mtime>
    <size>9251</size>
    <md5>ed2fa4b1de1b6d2da621c5387ea5e2db</md5>
    <crc32>314f0c21</crc32>
    <sha1>b4d272bbfed871b0a9ba2994a399d4a9537851fe</sha1>
  </file>
  <file name="GLideN64_Luigi's_Quest_020.png" source="original">
    <mtime>1698446315</mtime>
    <size>829901</size>
    <md5>f96c162436cf5f68d3917c4ad507aee4</md5>
    <crc32>acdb253a</crc32>
    <sha1>6713f7e6c918bccbcf15b57a202cc470d0fc60c4</sha1>
    <format>PNG</format>
  </file>
  <file name="GLideN64_Luigi's_Quest_020_thumb.jpg" source="derivative">
    <format>JPEG Thumb</format>
    <original>GLideN64_Luigi's_Quest_020.png</original>
    <mtime>1698446457</mtime>
    <size>8288</size>
    <md5>29da009ce9c321e71f17adc835695e8b</md5>
    <crc32>f1d9a1a9</crc32>
    <sha1>bf9feebeec9f68c1c3ff064a53b31b4283c6af87</sha1>
  </file>
  <file name="GLideN64_Luigi's_Quest_021.png" source="original">
    <mtime>1698446318</mtime>
    <size>616488</size>
    <md5>7312078cb80a9483d7838c6385cd560e</md5>
    <crc32>092e53f7</crc32>
    <sha1>a720759168be9032a043b050ed3771b08799f022</sha1>
    <format>PNG</format>
  </file>
  <file name="GLideN64_Luigi's_Quest_021_thumb.jpg" source="derivative">
    <format>JPEG Thumb</format>
    <original>GLideN64_Luigi's_Quest_021.png</original>
    <mtime>1698446461</mtime>
    <size>8694</size>
    <md5>28b49b166f16dcc40771406b683a8371</md5>
    <crc32>4018c969</crc32>
    <sha1>912a4d78ffb37a70c9b0312a456e30e3eec35212</sha1>
  </file>
  <file name="GLideN64_SUPER_MARIO_64_000.png" source="original">
    <mtime>1698446324</mtime>
    <size>917829</size>
    <md5>266b2afe9298475a9ffadfc9459b7acb</md5>
    <crc32>269c094d</crc32>
    <sha1>d4fe6d6e6781849d2a737a219b478482cc825689</sha1>
    <format>PNG</format>
  </file>
  <file name="GLideN64_SUPER_MARIO_64_000_thumb.jpg" source="derivative">
    <format>JPEG Thumb</format>
    <original>GLideN64_SUPER_MARIO_64_000.png</original>
    <mtime>1698446465</mtime>
    <size>9359</size>
    <md5>50bff7c02340b4e9a0c1c63dfcdc2cdc</md5>
    <crc32>8529391f</crc32>
    <sha1>857aff7e1f4b06e1f0da92f228447f2cb17413cf</sha1>
  </file>
  <file name="Luigi's Quest For the Golden Mushroom BETA DEMO.bps" source="original">
    <mtime>1698446162</mtime>
    <size>4336379</size>
    <md5>1b29bff35180f822e3d8623dba31db5f</md5>
    <crc32>2144df1c</crc32>
    <sha1>e1088715b41083348dbf6dd61c02d34148b33101</sha1>
    <format>Unknown</format>
    <viruscheck>1698446397</viruscheck>
  </file>
  <file name="__ia_thumb.jpg" source="original">
    <mtime>1698446378</mtime>
    <size>15014</size>
    <md5>ee52ea27f4e992edd2738839b41dac4c</md5>
    <crc32>1b89207d</crc32>
    <sha1>8837a44bac273548b1be0e3f8938fd2d9aa4bb6f</sha1>
    <format>Item Tile</format>
    <rotation>0</rotation>
  </file>
  <file name="floating.zip" source="original">
    <mtime>1698446183</mtime>
    <size>158223</size>
    <md5>7b78640e895bdf50cb9c23cf306ba184</md5>
    <crc32>b9369096</crc32>
    <sha1>676a4c63cbbb901e5f39c7be3981473295ba12a0</sha1>
    <format>ZIP</format>
    <filecount>5</filecount>
    <viruscheck>1698446397</viruscheck>
  </file>
  <file name="luigis-quest-for-the-golden-mushroom-beta-demo_archive.torrent" source="metadata">
    <btih>0ab54b2317f29b0b6a15f6c83cc2b491f9295404</btih>
    <mtime>1698446479</mtime>
    <size>6946</size>
    <md5>8516f0bff5904eee1a82b84436c96fef</md5>
    <crc32>92787a52</crc32>
    <sha1>92252b7f11d0060ecd699b920e8f783c988e25fb</sha1>
    <format>Archive BitTorrent</format>
  </file>
  <file name="luigis-quest-for-the-golden-mushroom-beta-demo_files.xml" source="original">
    <format>Metadata</format>
    <md5>c23afbab871be519089b198de86ecece</md5>
    <summation>md5</summation>
  </file>
  <file name="luigis-quest-for-the-golden-mushroom-beta-demo_meta.sqlite" source="original">
    <mtime>1698446375</mtime>
    <size>57344</size>
    <md5>1339ae1b843d83c28ad151f7b09f0691</md5>
    <crc32>09cfeb56</crc32>
    <sha1>b7e83ac48e95cb3a16376d6b8aff45d135d9109c</sha1>
    <format>Metadata</format>
  </file>
  <file name="luigis-quest-for-the-golden-mushroom-beta-demo_meta.xml" source="original">
    <mtime>1698446397</mtime>
    <size>4485</size>
    <md5>37eedd3d4e8137db3284cacce28a9ada</md5>
    <crc32>a9162004</crc32>
    <sha1>f631607f73ff2b26f4cca83dff91493866eeed4c</sha1>
    <format>Metadata</format>
  </file>
</files>
