<?xml version="1.0" encoding="UTF-8"?>
<metadata>
  <identifier>luigis-quest-for-the-golden-mushroom-beta-demo</identifier>
  <mediatype>software</mediatype>
  <collection>open_source_software</collection>
  <creator>amantewingcap2008</creator>
  <date>2023-10-27</date>
  <description>&lt;p style="padding:0px;margin-right:0px;margin-bottom:0px;margin-left:0px;font-size:16px;color:rgb(17,17,17);font-family:'-apple-system', Roboto, SegoeUI, 'Segoe UI', 'Helvetica Neue', Helvetica, 'Microsoft YaHei', 'Meiryo UI', Meiryo, 'Arial Unicode MS', sans-serif;background-color:rgba(255,255,255,0.7);margin-top:0px;"&gt;Embark on an epic journey in “Luigi’s Quest for the Golden Mushroom”, a Super Mario 64 ROM hack that redefines the classic adventure. Luigi steps out of the shadow of his brother Mario, to prove that he too can be a hero.&lt;/p&gt;&lt;p style="padding:0px;margin:12px 0px 0px;font-size:16px;color:rgb(17,17,17);font-family:'-apple-system', Roboto, SegoeUI, 'Segoe UI', 'Helvetica Neue', Helvetica, 'Microsoft YaHei', 'Meiryo UI', Meiryo, 'Arial Unicode MS', sans-serif;background-color:rgba(255,255,255,0.7);"&gt;In this game, Luigi traverses through a series of meticulously designed levels, each more challenging and intriguing than the last. The Golden Mushroom, an artifact of immense power, has been stolen and it’s up to Luigi to retrieve it.&lt;/p&gt;&lt;p style="padding:0px;margin:12px 0px 0px;font-size:16px;color:rgb(17,17,17);font-family:'-apple-system', Roboto, SegoeUI, 'Segoe UI', 'Helvetica Neue', Helvetica, 'Microsoft YaHei', 'Meiryo UI', Meiryo, 'Arial Unicode MS', sans-serif;background-color:rgba(255,255,255,0.7);"&gt;From haunted houses filled with booby traps to underwater worlds teeming with dangerous creatures, Luigi’s courage and agility will be put to the test. Along the way, he’ll encounter familiar foes from the Mushroom Kingdom, as well as new enemies and puzzles.&lt;/p&gt;&lt;p style="padding:0px;margin:12px 0px 0px;font-size:16px;color:rgb(17,17,17);font-family:'-apple-system', Roboto, SegoeUI, 'Segoe UI', 'Helvetica Neue', Helvetica, 'Microsoft YaHei', 'Meiryo UI', Meiryo, 'Arial Unicode MS', sans-serif;background-color:rgba(255,255,255,0.7);"&gt;With enhanced graphics that bring the Mushroom Kingdom to life like never before, and a storyline that adds depth to Luigi’s character, “Luigi’s Quest for the Golden Mushroom” offers a fresh take on the beloved franchise. Whether you’re a long-time fan or new to the series, this ROM hack is sure to provide hours of fun and excitement.&lt;/p&gt;&lt;p style="padding:0px;margin:12px 0px 0px;font-size:16px;color:rgb(17,17,17);font-family:'-apple-system', Roboto, SegoeUI, 'Segoe UI', 'Helvetica Neue', Helvetica, 'Microsoft YaHei', 'Meiryo UI', Meiryo, 'Arial Unicode MS', sans-serif;background-color:rgba(255,255,255,0.7);"&gt;So, are you ready to step into Luigi’s shoes and embark on this thrilling quest? The Golden Mushroom awaits!&lt;/p&gt;&lt;p style="padding:0px;margin:12px 0px 0px;font-size:16px;color:rgb(17,17,17);font-family:'-apple-system', Roboto, SegoeUI, 'Segoe UI', 'Helvetica Neue', Helvetica, 'Microsoft YaHei', 'Meiryo UI', Meiryo, 'Arial Unicode MS', sans-serif;background-color:rgba(255,255,255,0.7);"&gt;You will need a USA Super Mario 64 ROM. You can find it here: https://vimm.net/vault/2764 &lt;/p&gt;&lt;p style="padding:0px;margin:12px 0px 0px;font-size:16px;color:rgb(17,17,17);font-family:'-apple-system', Roboto, SegoeUI, 'Segoe UI', 'Helvetica Neue', Helvetica, 'Microsoft YaHei', 'Meiryo UI', Meiryo, 'Arial Unicode MS', sans-serif;background-color:rgba(255,255,255,0.7);"&gt;You will also need flips. Which is provided if you check the files.&lt;/p&gt;</description>
  <language>eng</language>
  <scanner>Internet Archive HTML5 Uploader 1.7.0</scanner>
  <subject>super mario 64</subject>
  <title>Luigi's Quest For The Golden Mushroom BETA DEMO</title>
  <subject>super mario 64 rom hack</subject>
  <subject>rom hacks</subject>
  <subject>super mario 64 beta</subject>
  <subject>sm64 rom hack</subject>
  <subject>sm64</subject>
  <subject>mario</subject>
  <subject>super mario bros</subject>
  <subject>super luigi 64</subject>
  <uploader>ninelivezofficial@outlook.com</uploader>
  <publicdate>2023-10-27 22:36:23</publicdate>
  <addeddate>2023-10-27 22:36:23</addeddate>
  <curation>[curator]validator@archive.org[/curator][date]20231027223957[/date][comment]checked for malware[/comment]</curation>
</metadata>
