<?xml version="1.0" encoding="UTF-8"?>
<files>
  <file name="B3313_unabandoned_a1_debug_wob_music.bps" source="original">
    <mtime>1735248651</mtime>
    <size>70852427</size>
    <md5>d58ae5e9346b2780e3db0a0f9f8a69db</md5>
    <crc32>2144df1c</crc32>
    <sha1>4e47b045cfb9722c94fcf91347408e287e3b82b9</sha1>
    <format>Unknown</format>
  </file>
  <file name="B3313_unabandoned_a2_debug.bps" source="original">
    <mtime>1735248300</mtime>
    <size>70853053</size>
    <md5>e4d722a0e0edb5d11e802f6af73e642d</md5>
    <crc32>2144df1c</crc32>
    <sha1>6c9d755634543090cec47ef84edb6f3851b35abe</sha1>
    <format>Unknown</format>
  </file>
  <file name="__ia_thumb.jpg" source="original">
    <mtime>1735247868</mtime>
    <size>8724</size>
    <md5>c74fd22efdf5b8c24f0204ee57bb68bd</md5>
    <crc32>eb3ef0aa</crc32>
    <sha1>647dbb1e29db091864c90ea14ded0976b18d2e45</sha1>
    <format>Item Tile</format>
  </file>
  <file name="b3313-unabandoned-a2-debug-restored_archive.torrent" source="metadata">
    <btih>7f137459b63457bd6fcaa8b0044a3dd7c75d54d6</btih>
    <mtime>1735248706</mtime>
    <size>7969</size>
    <md5>0e0d9b23b22ad9971bfc6eacdca05a40</md5>
    <crc32>cda32052</crc32>
    <sha1>f5b612e8df615ea1df81a24d549f9a9e7959500f</sha1>
    <format>Archive BitTorrent</format>
  </file>
  <file name="b3313-unabandoned-a2-debug-restored_files.xml" source="original">
    <format>Metadata</format>
    <md5>9dcbe653e256612c1af559b3277ea6a8</md5>
    <summation>md5</summation>
  </file>
  <file name="b3313-unabandoned-a2-debug-restored_meta.sqlite" source="original">
    <mtime>1735248662</mtime>
    <size>36864</size>
    <md5>1de9497b7caff41c69b15dc2ab930ac2</md5>
    <crc32>34589189</crc32>
    <sha1>e218c0b7cb3427d7201d912bd960d143a54657de</sha1>
    <format>Metadata</format>
  </file>
  <file name="b3313-unabandoned-a2-debug-restored_meta.xml" source="original">
    <mtime>1735247880</mtime>
    <size>3273</size>
    <md5>0b3cfe73172ca4e3360c5601b8ee4941</md5>
    <crc32>0c422dc5</crc32>
    <sha1>4a835bbeacb26a6d2dfca32ca31ff9b833b40fe8</sha1>
    <format>Metadata</format>
  </file>
  <file name="b3313.png" source="original">
    <mtime>1735247785</mtime>
    <size>264228</size>
    <md5>7495bed8b9baf9e92efcd5a2913c1664</md5>
    <crc32>a3ec5e0b</crc32>
    <sha1>80b125eb95afc4674d53a98f91876b298a92881d</sha1>
    <format>PNG</format>
  </file>
  <file name="b3313_thumb.jpg" source="derivative">
    <format>JPEG Thumb</format>
    <original>b3313.png</original>
    <mtime>1735248701</mtime>
    <size>6636</size>
    <md5>3895bf37f2f25bb5e2adbea91a81a3d0</md5>
    <crc32>09683f4f</crc32>
    <sha1>2e10a3b0497e443d49ec9ef6a91f0fda8b98a5da</sha1>
  </file>
</files>
