{
  "id": "MAP_ROUTE16_NORTH_ENTRANCE_1F",
  "name": "Route16_NorthEntrance_1F",
  "layout": "LAYOUT_ROUTE16_NORTH_ENTRANCE_1F",
  "music": "MUS_PEWTER",
  "region_map_section": "MAPSEC_ROUTE_16",
  "requires_flash": false,
  "weather": "WEATHER_NONE",
  "map_type": "MAP_TYPE_INDOOR",
  "allow_cycling": true,
  "allow_escaping": false,
  "allow_running": true,
  "show_map_name": false,
  "floor_number": 0,
  "battle_scene": "MAP_BATTLE_SCENE_NORMAL",
  "connections": 0,
  "object_events": [
    {
      "type": "object",
      "graphics_id": "OBJ_EVENT_GFX_POLICEMAN",
      "x": 4,
      "y": 4,
      "elevation": 3,
      "movement_type": "MOVEMENT_TYPE_FACE_DOWN",
      "movement_range_x": 1,
      "movement_range_y": 1,
      "trainer_type": "TRAINER_TYPE_NONE",
      "trainer_sight_or_berry_tree_id": "0",
      "script": "Route16_NorthEntrance_1F_EventScript_Guard",
      "flag": "0",
      "in_connection": false
    },
    {
      "type": "object",
      "graphics_id": "OBJ_EVENT_GFX_CAMPER",
      "x": 4,
      "y": 2,
      "elevation": 3,
      "movement_type": "MOVEMENT_TYPE_LOOK_AROUND",
      "movement_range_x": 1,
      "movement_range_y": 1,
      "trainer_type": "TRAINER_TYPE_NONE",
      "trainer_sight_or_berry_tree_id": "0",
      "script": "Route16_NorthEntrance_1F_EventScript_OldMan",
      "flag": "0",
      "in_connection": false
    }
  ],
  "warp_events": [
    {
      "x": 0,
      "y": 2,
      "elevation": 3,
      "dest_map": "MAP_ROUTE16",
      "dest_warp_id": "1"
    },
    {
      "x": 7,
      "y": 2,
      "elevation": 3,
      "dest_map": "MAP_ROUTE16",
      "dest_warp_id": "2"
    },
    {
      "x": 0,
      "y": 7,
      "elevation": 3,
      "dest_map": "MAP_ROUTE16",
      "dest_warp_id": "7"
    },
    {
      "x": 7,
      "y": 7,
      "elevation": 3,
      "dest_map": "MAP_ROUTE16",
      "dest_warp_id": "4"
    },
    {
      "x": 6,
      "y": 11,
      "elevation": 3,
      "dest_map": "MAP_ROUTE16_NORTH_ENTRANCE_2F",
      "dest_warp_id": "0"
    },
    {
      "x": 7,
      "y": 8,
      "elevation": 3,
      "dest_map": "MAP_ROUTE16",
      "dest_warp_id": "4"
    },
    {
      "x": 0,
      "y": 8,
      "elevation": 3,
      "dest_map": "MAP_ROUTE16",
      "dest_warp_id": "3"
    },
    {
      "x": 7,
      "y": 1,
      "elevation": 3,
      "dest_map": "MAP_ROUTE16",
      "dest_warp_id": "5"
    },
    {
      "x": 0,
      "y": 1,
      "elevation": 3,
      "dest_map": "MAP_ROUTE16",
      "dest_warp_id": "6"
    }
  ],
  "coord_events": [
    {
      "type": "trigger",
      "x": 6,
      "y": 7,
      "elevation": 3,
      "var": "VAR_MAP_SCENE_ROUTE16",
      "var_value": "1",
      "script": "EventScript_SetExitingCyclingRoad"
    },
    {
      "type": "trigger",
      "x": 1,
      "y": 7,
      "elevation": 3,
      "var": "VAR_MAP_SCENE_ROUTE16",
      "var_value": "0",
      "script": "EventScript_SetEnteringCyclingRoad"
    },
    {
      "type": "trigger",
      "x": 4,
      "y": 6,
      "elevation": 3,
      "var": "VAR_TEMP_1",
      "var_value": "0",
      "script": "Route16_NorthEntrance_1F_EventScript_NeedBikeTriggerTop"
    },
    {
      "type": "trigger",
      "x": 4,
      "y": 7,
      "elevation": 3,
      "var": "VAR_TEMP_1",
      "var_value": "0",
      "script": "Route16_NorthEntrance_1F_EventScript_NeedBikeTriggerMidTop"
    },
    {
      "type": "trigger",
      "x": 0,
      "y": 9,
      "elevation": 3,
      "var": "VAR_MAP_SCENE_ROUTE16",
      "var_value": "0",
      "script": "EventScript_SetEnteringCyclingRoad"
    },
    {
      "type": "trigger",
      "x": 0,
      "y": 6,
      "elevation": 3,
      "var": "VAR_MAP_SCENE_ROUTE16",
      "var_value": "0",
      "script": "EventScript_SetEnteringCyclingRoad"
    },
    {
      "type": "trigger",
      "x": 7,
      "y": 6,
      "elevation": 3,
      "var": "VAR_MAP_SCENE_ROUTE16",
      "var_value": "1",
      "script": "EventScript_SetExitingCyclingRoad"
    },
    {
      "type": "trigger",
      "x": 7,
      "y": 9,
      "elevation": 3,
      "var": "VAR_MAP_SCENE_ROUTE16",
      "var_value": "1",
      "script": "EventScript_SetExitingCyclingRoad"
    },
    {
      "type": "trigger",
      "x": 4,
      "y": 8,
      "elevation": 3,
      "var": "VAR_TEMP_1",
      "var_value": "0",
      "script": "Route16_NorthEntrance_1F_EventScript_NeedBikeTriggerMid"
    },
    {
      "type": "trigger",
      "x": 4,
      "y": 9,
      "elevation": 3,
      "var": "VAR_TEMP_1",
      "var_value": "0",
      "script": "Route16_NorthEntrance_1F_EventScript_NeedBikeTriggerMidBottom"
    },
    {
      "type": "trigger",
      "x": 4,
      "y": 10,
      "elevation": 3,
      "var": "VAR_TEMP_1",
      "var_value": "0",
      "script": "Route16_NorthEntrance_1F_EventScript_NeedBikeTriggerBottom"
    },
    {
      "type": "trigger",
      "x": 1,
      "y": 8,
      "elevation": 3,
      "var": "VAR_MAP_SCENE_ROUTE16",
      "var_value": "0",
      "script": "EventScript_SetEnteringCyclingRoad"
    },
    {
      "type": "trigger",
      "x": 6,
      "y": 8,
      "elevation": 3,
      "var": "VAR_MAP_SCENE_ROUTE16",
      "var_value": "1",
      "script": "EventScript_SetExitingCyclingRoad"
    }
  ],
  "bg_events": [

  ]
}
