<?xml version="1.0" encoding="UTF-8"?>
<files>
  <file name="Readme.txt" source="original">
    <mtime>1747871127</mtime>
    <size>788</size>
    <md5>fe73aa2dc5b249ed786ab498258cb5b5</md5>
    <crc32>1ed524c0</crc32>
    <sha1>129e50ece84cbf42d781406417f9a0f71715e84a</sha1>
    <format>Text</format>
    <viruscheck>1747871503</viruscheck>
  </file>
  <file name="Super Mario 64 Spooky Worlds V1.0.zip" source="original">
    <mtime>1747871098</mtime>
    <size>3677149</size>
    <md5>a61dd8441e05bb52e8a48a66ee466d72</md5>
    <crc32>5944057d</crc32>
    <sha1>cbc78d3898843b65ea66b1d7a772e21a70f70445</sha1>
    <format>ZIP</format>
    <filecount>2</filecount>
    <viruscheck>1747871503</viruscheck>
  </file>
  <file name="Super Mario 64 Spooky Worlds V1.c.zip" source="original">
    <mtime>1747871125</mtime>
    <size>385970</size>
    <md5>b299b55e824b548cd509daaabde21893</md5>
    <crc32>7eb059e2</crc32>
    <sha1>e94f67f61a6bb8a389fddaa9c90178ce2b5b028a</sha1>
    <format>ZIP</format>
    <filecount>3</filecount>
    <viruscheck>1747871503</viruscheck>
  </file>
  <file name="Thumbnail 1.png" source="original">
    <mtime>1747871132</mtime>
    <size>60456</size>
    <md5>b02ddeec317b3ceae97ab31958a932ff</md5>
    <crc32>788f2141</crc32>
    <sha1>66dc459ad13c3e6a29834fe6d894cea80f89c399</sha1>
    <format>PNG</format>
  </file>
  <file name="Thumbnail 1_thumb.jpg" source="derivative">
    <format>JPEG Thumb</format>
    <original>Thumbnail 1.png</original>
    <mtime>1747871781</mtime>
    <size>6669</size>
    <md5>06ad41de6a664b19a526baf951b7e444</md5>
    <crc32>dca2d9bd</crc32>
    <sha1>57acf23fd62e9720152a5f6bd0f9ce7176f59692</sha1>
  </file>
  <file name="Thumbnail 2.png" source="original">
    <mtime>1747871137</mtime>
    <size>265665</size>
    <md5>2da22877e4bd5e04e5d42d2fa956c31c</md5>
    <crc32>16db24e8</crc32>
    <sha1>143fa94ad46ef29c078efb345bcdbacea8898c14</sha1>
    <format>PNG</format>
  </file>
  <file name="Thumbnail 2_thumb.jpg" source="derivative">
    <format>JPEG Thumb</format>
    <original>Thumbnail 2.png</original>
    <mtime>1747871796</mtime>
    <size>7437</size>
    <md5>c6ad13279a67f531931082e9c2bf9b94</md5>
    <crc32>6274cbf4</crc32>
    <sha1>21e7a0f64ba0a2f59d5d01652f1d517ac28c79ff</sha1>
  </file>
  <file name="__ia_thumb.jpg" source="original">
    <mtime>1747871187</mtime>
    <size>8724</size>
    <md5>64347013bbb5844bc5d6589356cad777</md5>
    <crc32>32a3a9a7</crc32>
    <sha1>11b09fc77fd96fce3669cfce153dc699a9fd8f97</sha1>
    <format>Item Tile</format>
  </file>
  <file name="super-mario-64-spooky-worlds-v1.0-v1.c_archive.torrent" source="metadata">
    <btih>ac016df8d9a3d12d26b92039bc2ddd757a2e6fd8</btih>
    <mtime>1747871807</mtime>
    <size>3276</size>
    <md5>1e9f59c768ffb8d97a97f66a58864ada</md5>
    <crc32>5ab9e505</crc32>
    <sha1>1221326396e03465f70ae48c44a8f72e3ed68cef</sha1>
    <format>Archive BitTorrent</format>
  </file>
  <file name="super-mario-64-spooky-worlds-v1.0-v1.c_files.xml" source="original">
    <format>Metadata</format>
    <md5>53683547a828bc5c96a1f7a318040804</md5>
    <summation>md5</summation>
  </file>
  <file name="super-mario-64-spooky-worlds-v1.0-v1.c_meta.sqlite" source="original">
    <mtime>1747871153</mtime>
    <size>40960</size>
    <md5>1b6ec0136ef235ce76f2ee248c887987</md5>
    <crc32>d50e36bb</crc32>
    <sha1>1c8de36027e1c3be8b665d1816eb545057df5850</sha1>
    <format>Metadata</format>
  </file>
  <file name="super-mario-64-spooky-worlds-v1.0-v1.c_meta.xml" source="original">
    <mtime>1747871503</mtime>
    <size>1953</size>
    <md5>864e5d3a9e345e42901c5f9112791ddd</md5>
    <crc32>24b775e9</crc32>
    <sha1>522d30dd3cdf839fa64c9de2b4a2a57ac05a2d19</sha1>
    <format>Metadata</format>
  </file>
</files>
