<?xml version="1.0" encoding="UTF-8"?>
<metadata>
  <identifier>super-mario-64-spooky-worlds-v1.0-v1.c</identifier>
  <mediatype>software</mediatype>
  <collection>open_source_software</collection>
  <creator>AwesomeLukeyProject</creator>
  <date>2010-08-19</date>
  <description>&lt;div&gt;This hack was not made by me. It was created by AwesomeLukeyProject.&lt;/div&gt;&lt;div&gt;&lt;br /&gt;&lt;/div&gt;&lt;div&gt;I'm sharing the patches for Super Mario 64 Spooky Worlds V1.0 and V1.c (they turn out to be exactly the same, with identical checksum after patching).&lt;/div&gt;&lt;div&gt;&lt;br /&gt;&lt;/div&gt;&lt;div&gt;I manually recreated the V1.0 patches myself, as I couldn't find the original zip.&lt;/div&gt;&lt;div&gt;The V1.c patch is the original one by AwesomeLukeyProject.&lt;/div&gt;&lt;div&gt;&lt;br /&gt;&lt;/div&gt;&lt;div&gt;&lt;i&gt;Here are some videos about this version:&lt;/i&gt;&lt;/div&gt;&lt;div&gt;&lt;ul&gt;&lt;li&gt;&lt;a href="https://youtu.be/mvAjnniWvQk?si=pi02bUwSbFZasvm7" rel="ugc nofollow"&gt;[SM64 Spooky Worlds Longplay]&lt;/a&gt;&lt;/li&gt;&lt;li&gt;&lt;a href="https://youtu.be/ZvMs5-p_AZQ?si=L59za7HOrK6u7hbq" rel="ugc nofollow"&gt;[SM64 Spooky Worlds Extra]&lt;/a&gt;&lt;/li&gt;&lt;li&gt;&lt;a href="https://youtu.be/XjaG2weGVmk?si=ckSHPfPEYiyk4ec8" rel="ugc nofollow"&gt;[SM64 Spooky Worlds - Volcano Stars]&lt;/a&gt;&lt;/li&gt;&lt;/ul&gt;&lt;/div&gt;</description>
  <language>eng</language>
  <scanner>Internet Archive HTML5 Uploader 1.7.0</scanner>
  <subject>Super Mario 64</subject>
  <title>Super Mario 64 Spooky Worlds V1.0 / V1.c</title>
  <subject>ROM Hack</subject>
  <subject>SM64 Spooky Worlds</subject>
  <uploader>Fernandodelacruz.vintage@yahoo.com</uploader>
  <publicdate>2025-05-21 23:45:28</publicdate>
  <addeddate>2025-05-21 23:45:28</addeddate>
  <curation>[curator]validator@archive.org[/curator][date]20250521235143[/date][comment]checked for malware[/comment]</curation>
</metadata>
