{
  "id": "MAP_GREENDALE_VILLAGE_MART",
  "name": "GreendaleVillage_Mart",
  "layout": "LAYOUT_GREENDALE_VILLAGE_MART",
  "music": "MUS_POKE_MART",
  "region_map_section": "MAPSEC_GREENDALE_VILLAGE",
  "requires_flash": false,
  "weather": "WEATHER_NONE",
  "map_type": "MAP_TYPE_INDOOR",
  "show_map_name": false,
  "battle_scene": "MAP_BATTLE_SCENE_NORMAL",
  "connections": 0,
  "object_events": [
    {
      "graphics_id": "OBJ_EVENT_GFX_FAT_MAN",
      "x": 2,
      "y": 5,
      "elevation": 3,
      "movement_type": "MOVEMENT_TYPE_FACE_DOWN_AND_RIGHT",
      "movement_range_x": 0,
      "movement_range_y": 0,
      "trainer_type": "TRAINER_TYPE_NONE",
      "trainer_sight_or_berry_tree_id": "0",
      "script": "GreendaleVillage_Mart_Fat_Guy",
      "flag": "0"
    },
    {
      "graphics_id": "OBJ_EVENT_GFX_BUG_CATCHER",
      "x": 9,
      "y": 5,
      "elevation": 3,
      "movement_type": "MOVEMENT_TYPE_WANDER_LEFT_AND_RIGHT",
      "movement_range_x": 0,
      "movement_range_y": 0,
      "trainer_type": "TRAINER_TYPE_NONE",
      "trainer_sight_or_berry_tree_id": "0",
      "script": "GreendaleVillage_Mart_Bug_Catcher",
      "flag": "0"
    },
    {
      "graphics_id": "OBJ_EVENT_GFX_ROOFTOP_SALE_WOMAN",
      "x": 5,
      "y": 3,
      "elevation": 3,
      "movement_type": "MOVEMENT_TYPE_NONE",
      "movement_range_x": 0,
      "movement_range_y": 0,
      "trainer_type": "TRAINER_TYPE_NONE",
      "trainer_sight_or_berry_tree_id": "0",
      "script": "GreendaleVillage_Mart_Clerk",
      "flag": "0"
    }
  ],
  "warp_events": [
    {
      "x": 5,
      "y": 6,
      "elevation": 3,
      "dest_map": "MAP_GREENDALE_VILLAGE",
      "dest_warp_id": "4"
    },
    {
      "x": 6,
      "y": 6,
      "elevation": 3,
      "dest_map": "MAP_GREENDALE_VILLAGE",
      "dest_warp_id": "4"
    }
  ],
  "coord_events": [

  ],
  "bg_events": [

  ],
  "allow_cycling": false,
  "allow_escaping": false,
  "allow_running": true
}
