{
  "id": "MAP_ROUTE6",
  "name": "Route6",
  "layout": "LAYOUT_ROUTE6",
  "music": "MUS_ROUTE3",
  "region_map_section": "MAPSEC_ROUTE_6",
  "requires_flash": false,
  "weather": "WEATHER_SUNNY",
  "map_type": "MAP_TYPE_ROUTE",
  "allow_cycling": true,
  "allow_escaping": false,
  "allow_running": true,
  "show_map_name": false,
  "floor_number": 0,
  "battle_scene": "MAP_BATTLE_SCENE_NORMAL",
  "connections": [
    {
      "map": "MAP_SAFFRON_CITY",
      "offset": -6,
      "direction": "up"
    },
    {
      "map": "MAP_VERMILION_CITY",
      "offset": -8,
      "direction": "down"
    },
    {
      "map": "MAP_SAFFRON_CITY",
      "offset": -4,
      "direction": "up"
    }
  ],
  "object_events": [
    {
      "type": "object",
      "graphics_id": "OBJ_EVENT_GFX_BUG_CATCHER",
      "x": 7,
      "y": 13,
      "elevation": 3,
      "movement_type": "MOVEMENT_TYPE_FACE_RIGHT",
      "movement_range_x": 1,
      "movement_range_y": 1,
      "trainer_type": "TRAINER_TYPE_NORMAL",
      "trainer_sight_or_berry_tree_id": "4",
      "script": "Route6_EventScript_Keigo",
      "flag": "0",
      "in_connection": false
    },
    {
      "type": "object",
      "graphics_id": "OBJ_EVENT_GFX_COOLTRAINER_M",
      "x": 17,
      "y": 19,
      "elevation": 3,
      "movement_type": "MOVEMENT_TYPE_FACE_RIGHT",
      "movement_range_x": 1,
      "movement_range_y": 1,
      "trainer_type": "TRAINER_TYPE_NORMAL",
      "trainer_sight_or_berry_tree_id": "0",
      "script": "Route6_EventScript_Ricky",
      "flag": "0",
      "in_connection": false
    },
    {
      "type": "object",
      "graphics_id": "OBJ_EVENT_GFX_LASS",
      "x": 18,
      "y": 19,
      "elevation": 3,
      "movement_type": "MOVEMENT_TYPE_FACE_LEFT",
      "movement_range_x": 1,
      "movement_range_y": 1,
      "trainer_type": "TRAINER_TYPE_NORMAL",
      "trainer_sight_or_berry_tree_id": "0",
      "script": "Route6_EventScript_Nancy",
      "flag": "0",
      "in_connection": false
    },
    {
      "type": "object",
      "graphics_id": "OBJ_EVENT_GFX_BUG_CATCHER",
      "x": 26,
      "y": 24,
      "elevation": 3,
      "movement_type": "MOVEMENT_TYPE_FACE_LEFT",
      "movement_range_x": 1,
      "movement_range_y": 1,
      "trainer_type": "TRAINER_TYPE_NORMAL",
      "trainer_sight_or_berry_tree_id": "3",
      "script": "Route6_EventScript_Elijah",
      "flag": "0",
      "in_connection": false
    },
    {
      "type": "object",
      "graphics_id": "OBJ_EVENT_GFX_LASS",
      "x": 18,
      "y": 28,
      "elevation": 3,
      "movement_type": "MOVEMENT_TYPE_FACE_LEFT",
      "movement_range_x": 1,
      "movement_range_y": 1,
      "trainer_type": "TRAINER_TYPE_NORMAL",
      "trainer_sight_or_berry_tree_id": "3",
      "script": "Route6_EventScript_Isabelle",
      "flag": "0",
      "in_connection": false
    },
    {
      "type": "object",
      "graphics_id": "OBJ_EVENT_GFX_COOLTRAINER_M",
      "x": 18,
      "y": 29,
      "elevation": 3,
      "movement_type": "MOVEMENT_TYPE_FACE_LEFT",
      "movement_range_x": 1,
      "movement_range_y": 1,
      "trainer_type": "TRAINER_TYPE_NORMAL",
      "trainer_sight_or_berry_tree_id": "3",
      "script": "Route6_EventScript_Jeff",
      "flag": "0",
      "in_connection": false
    }
  ],
  "warp_events": [
    {
      "x": 24,
      "y": 11,
      "elevation": 0,
      "dest_map": "MAP_UNDERGROUND_PATH_SOUTH_ENTRANCE",
      "dest_warp_id": "0"
    },
    {
      "x": 17,
      "y": 5,
      "elevation": 3,
      "dest_map": "MAP_ROUTE6_NORTH_ENTRANCE",
      "dest_warp_id": "2"
    }
  ],
  "coord_events": [

  ],
  "bg_events": [
    {
      "type": "sign",
      "x": 26,
      "y": 13,
      "elevation": 0,
      "player_facing_dir": "BG_EVENT_PLAYER_FACING_ANY",
      "script": "Route6_EventScript_UndergroundPathSign"
    }
  ]
}
