{
  "id": "MAP_ROUTE2_EAST_BUILDING",
  "name": "Route2_EastBuilding",
  "layout": "LAYOUT_ROUTE2_ENTRANCE",
  "music": "MUS_PEWTER",
  "region_map_section": "MAPSEC_ROUTE_2",
  "requires_flash": false,
  "weather": "WEATHER_NONE",
  "map_type": "MAP_TYPE_INDOOR",
  "allow_cycling": true,
  "allow_escaping": false,
  "allow_running": true,
  "show_map_name": false,
  "floor_number": 0,
  "battle_scene": "MAP_BATTLE_SCENE_NORMAL",
  "connections": 0,
  "object_events": [
    {
      "type": "object",
      "graphics_id": "OBJ_EVENT_GFX_SCIENTIST",
      "x": 1,
      "y": 4,
      "elevation": 3,
      "movement_type": "MOVEMENT_TYPE_LOOK_AROUND",
      "movement_range_x": 1,
      "movement_range_y": 1,
      "trainer_type": "TRAINER_TYPE_NONE",
      "trainer_sight_or_berry_tree_id": "0",
      "script": "Route2_EastBuilding_EventScript_Aide",
      "flag": "0",
      "in_connection": false
    },
    {
      "type": "object",
      "graphics_id": "OBJ_EVENT_GFX_BOY",
      "x": 5,
      "y": 4,
      "elevation": 3,
      "movement_type": "MOVEMENT_TYPE_WANDER_LEFT_AND_RIGHT",
      "movement_range_x": 2,
      "movement_range_y": 1,
      "trainer_type": "TRAINER_TYPE_NONE",
      "trainer_sight_or_berry_tree_id": "0",
      "script": "Route2_EastBuilding_EventScript_Rocker",
      "flag": "0",
      "in_connection": false
    }
  ],
  "warp_events": [
    {
      "x": 4,
      "y": 7,
      "elevation": 0,
      "dest_map": "MAP_ROUTE2",
      "dest_warp_id": "5"
    },
    {
      "x": 5,
      "y": 7,
      "elevation": 3,
      "dest_map": "MAP_ROUTE2",
      "dest_warp_id": "5"
    },
    {
      "x": 5,
      "y": 0,
      "elevation": 3,
      "dest_map": "MAP_ROUTE2",
      "dest_warp_id": "6"
    }
  ],
  "coord_events": [

  ],
  "bg_events": [

  ]
}
