﻿<wiidisc version="1" root="/ES_eng">
    <id game="R8E">
      <region type="J" />
    </id>
    <options>
        <section name="EARTH SEEKER ENGLISH">
            <option name="English translation" id="patcher"  default="1">
                <choice name="Activated"><patch id="mainpatch" /></choice>
            </option>
        </section>
    </options>
    <patch id="mainpatch">
        <file disc="main.dol" external="main.dol" />
        <folder disc="/2D/" external="2D/" />
        <folder disc="/FFX/" external="FFX/" />
        <folder disc="/FONT/" external="FONT/" />
        <folder disc="/MODEL/MAP/GDM/" external="GDM/" />
        <folder disc="/MODEL/MAP/HOME/" external="HOME/" />
        <folder disc="/NUT/" external="NUT/" />
    </patch>
</wiidisc>