{
  "id": "MAP_FIVE_ISLAND_LOST_CAVE_ROOM14",
  "name": "FiveIsland_LostCave_Room14",
  "layout": "LAYOUT_FIVE_ISLAND_LOST_CAVE_ROOM14",
  "music": "MUS_SEVII_CAVE",
  "region_map_section": "MAPSEC_LOST_CAVE",
  "requires_flash": false,
  "weather": "WEATHER_FOG_HORIZONTAL",
  "map_type": "MAP_TYPE_UNDERGROUND",
  "allow_cycling": true,
  "allow_escaping": true,
  "allow_running": true,
  "show_map_name": true,
  "floor_number": 0,
  "battle_scene": "MAP_BATTLE_SCENE_NORMAL",
  "connections": null,
  "object_events": [
    {
      "type": "object",
      "graphics_id": "OBJ_EVENT_GFX_ITEM_BALL",
      "x": 5,
      "y": 5,
      "elevation": 3,
      "movement_type": "MOVEMENT_TYPE_FACE_DOWN",
      "movement_range_x": 1,
      "movement_range_y": 1,
      "trainer_type": "TRAINER_TYPE_NONE",
      "trainer_sight_or_berry_tree_id": "0",
      "script": "FiveIsland_LostCave_Room14_EventScript_ItemRareCandy",
      "flag": "FLAG_HIDE_FIVE_ISLAND_LOST_CAVE_ROOM14_RARE_CANDY"
    }
  ],
  "warp_events": [
    {
      "x": 8,
      "y": 5,
      "elevation": 3,
      "dest_map": "MAP_FIVE_ISLAND_LOST_CAVE_ROOM1",
      "dest_warp_id": "4"
    }
  ],
  "coord_events": [],
  "bg_events": []
}
