<?xml version="1.0" encoding="UTF-8"?>
<metadata>
  <identifier>sml-dx-v-2-ag-patch-for-rev-1-rom</identifier>
  <mediatype>data</mediatype>
  <collection>opensource_media</collection>
  <date>2022-11-04</date>
  <description>&lt;div&gt;This is a modification of the "DX" hack of Super Mario Land. This modification changes the way the Goombas look when set to "New" mode. There are two files here, one for an existing DX ROM, and one for a Rev1 Super Mario Land ROM.&lt;/div&gt;&lt;div&gt;&lt;br /&gt;&lt;/div&gt;&lt;div&gt;In addition, the color of the stars in the sky on the last level was changed from yellow to white.&lt;br /&gt;&lt;/div&gt;</description>
  <scanner>Internet Archive HTML5 Uploader 1.7.0</scanner>
  <subject>Romhack</subject>
  <title>Alternate Goombas for Super Mario Land DX</title>
  <subject>Super Mario Land DX</subject>
  <uploader>WindowToaster@gmail.com</uploader>
  <collection>community</collection>
  <publicdate>2022-11-05 00:51:05</publicdate>
  <addeddate>2022-11-05 00:51:05</addeddate>
  <curation>[curator]validator@archive.org[/curator][date]20221105010146[/date][comment]checked for malware[/comment]</curation>
</metadata>
