<?xml version="1.0" encoding="UTF-8"?>
<files>
  <file name="SML DX v2 AG Patch for Rev1 Rom.ips" source="original">
    <mtime>1667609442</mtime>
    <size>190118</size>
    <md5>e4bbc2af0cfc325b17d455d090bae702</md5>
    <crc32>d0747d55</crc32>
    <sha1>1215ca16cff1bbbf47229f332a2ec823d253a107</sha1>
    <format>Unknown</format>
    <viruscheck>1667610106</viruscheck>
  </file>
  <file name="Super Mario Land DX AG.ips" source="original">
    <mtime>1667609461</mtime>
    <size>265</size>
    <md5>d28c1b4d116ef753a8bbdcbce57c0c4d</md5>
    <crc32>9b1a8345</crc32>
    <sha1>c49172661ba125a6dbb80dceea5e4608f4fc18b7</sha1>
    <format>Unknown</format>
    <viruscheck>1667610106</viruscheck>
  </file>
  <file name="sml-dx-v-2-ag-patch-for-rev-1-rom_archive.torrent" source="metadata">
    <btih>a9558d607c200c65b3f51b4979f68885cb46c9d0</btih>
    <mtime>1667610108</mtime>
    <size>2007</size>
    <md5>2a4757daef79bb1bddbd0d73f0cab5f8</md5>
    <crc32>e77fd3a6</crc32>
    <sha1>ee2f098e3596484693586797571ccf78cbbb7ccf</sha1>
    <format>Archive BitTorrent</format>
  </file>
  <file name="sml-dx-v-2-ag-patch-for-rev-1-rom_files.xml" source="original">
    <format>Metadata</format>
    <md5>3f8a203f923a5a16171b7601ee02bbe7</md5>
    <summation>md5</summation>
  </file>
  <file name="sml-dx-v-2-ag-patch-for-rev-1-rom_meta.sqlite" source="original">
    <mtime>1667609484</mtime>
    <size>28672</size>
    <md5>ff626070d272d3a1fcb8100f4af02e2c</md5>
    <crc32>e38ff9ff</crc32>
    <sha1>d26d119acc115195408466e94fe8d107206fa647</sha1>
    <format>Metadata</format>
  </file>
  <file name="sml-dx-v-2-ag-patch-for-rev-1-rom_meta.xml" source="original">
    <mtime>1667610107</mtime>
    <size>1167</size>
    <md5>431418553c943c9aa709eae09152f6e0</md5>
    <crc32>c102b9f2</crc32>
    <sha1>860c14413a850cc1d800720960f18dcd10d6f3d8</sha1>
    <format>Metadata</format>
  </file>
</files>
