{
  "id": "MAP_SEVEN_ISLAND_HOUSE_ROOM2",
  "name": "SevenIsland_House_Room2",
  "layout": "LAYOUT_SEVEN_ISLAND_HOUSE_ROOM2",
  "music": "MUS_SEVII_67",
  "region_map_section": "MAPSEC_SEVEN_ISLAND",
  "requires_flash": false,
  "weather": "WEATHER_NONE",
  "map_type": "MAP_TYPE_INDOOR",
  "allow_cycling": false,
  "allow_escaping": false,
  "allow_running": false,
  "show_map_name": false,
  "floor_number": 0,
  "battle_scene": "MAP_BATTLE_SCENE_GYM",
  "connections": 0,
  "object_events": [
    {
      "type": "object",
      "graphics_id": "OBJ_EVENT_GFX_VAR_0",
      "x": 6,
      "y": 5,
      "elevation": 0,
      "movement_type": "MOVEMENT_TYPE_FACE_LEFT",
      "movement_range_x": 1,
      "movement_range_y": 1,
      "trainer_type": "TRAINER_TYPE_NONE",
      "trainer_sight_or_berry_tree_id": "0",
      "script": "0x0",
      "flag": "0"
    }
  ],
  "warp_events": [
    {
      "x": 3,
      "y": 1,
      "elevation": 0,
      "dest_map": "MAP_SEVEN_ISLAND_HOUSE_ROOM1",
      "dest_warp_id": "1"
    }
  ],
  "coord_events": [

  ],
  "bg_events": [

  ]
}
