{
  "id": "MAP_UNDERGROUND_PATH_EAST_WEST_TUNNEL",
  "name": "UndergroundPath_EastWestTunnel",
  "layout": "LAYOUT_UNDERGROUND_PATH_EAST_WEST_TUNNEL",
  "music": "MUS_ROUTE1",
  "region_map_section": "MAPSEC_UNDERGROUND_PATH_2",
  "requires_flash": false,
  "weather": "WEATHER_NONE",
  "map_type": "MAP_TYPE_INDOOR",
  "allow_cycling": true,
  "allow_escaping": false,
  "allow_running": true,
  "show_map_name": true,
  "floor_number": 0,
  "battle_scene": "MAP_BATTLE_SCENE_NORMAL",
  "connections": 0,
  "object_events": [

  ],
  "warp_events": [
    {
      "x": 46,
      "y": 2,
      "elevation": 3,
      "dest_map": "MAP_UNDERGROUND_PATH_EAST_ENTRANCE",
      "dest_warp_id": "2"
    },
    {
      "x": 1,
      "y": 5,
      "elevation": 3,
      "dest_map": "MAP_UNDERGROUND_PATH_WEST_ENTRANCE",
      "dest_warp_id": "2"
    }
  ],
  "coord_events": [

  ],
  "bg_events": [
    {
      "type": "hidden_item",
      "x": 20,
      "y": 5,
      "elevation": 0,
      "item": "ITEM_ELIXIR",
      "flag": "FLAG_HIDDEN_ITEM_UNDERGROUND_PATH_EAST_WEST_TUNNEL_ELIXER",
      "quantity": 1,
      "underfoot": false
    },
    {
      "type": "hidden_item",
      "x": 11,
      "y": 2,
      "elevation": 0,
      "item": "ITEM_NUGGET",
      "flag": "FLAG_HIDDEN_ITEM_UNDERGROUND_PATH_EAST_WEST_TUNNEL_NUGGET",
      "quantity": 1,
      "underfoot": false
    }
  ]
}
