{
  "id": "MAP_NORTHSTAR_CITY_LIGHTHOUSE",
  "name": "NorthstarCity_Lighthouse",
  "layout": "LAYOUT_NORTHSTAR_CITY_LIGHTHOUSE",
  "music": "MUS_UNION_CITY",
  "region_map_section": "MAPSEC_NORTHSTAR_CITY",
  "requires_flash": false,
  "weather": "WEATHER_NONE",
  "map_type": "MAP_TYPE_INDOOR",
  "allow_cycling": false,
  "allow_escaping": false,
  "allow_running": true,
  "show_map_name": false,
  "battle_scene": "MAP_BATTLE_SCENE_NORMAL",
  "connections": 0,
  "object_events": [
    {
      "graphics_id": "OBJ_EVENT_GFX_EXPERT_M",
      "x": 36,
      "y": 4,
      "elevation": 3,
      "movement_type": "MOVEMENT_TYPE_FACE_RIGHT",
      "movement_range_x": 0,
      "movement_range_y": 0,
      "trainer_type": "TRAINER_TYPE_NONE",
      "trainer_sight_or_berry_tree_id": "0",
      "script": "NorthstarCity_Lighthouse_Old_Man",
      "flag": "0"
    }
  ],
  "warp_events": [
    {
      "x": 3,
      "y": 8,
      "elevation": 3,
      "dest_map": "MAP_NORTHSTAR_CITY",
      "dest_warp_id": "15"
    },
    {
      "x": 4,
      "y": 8,
      "elevation": 3,
      "dest_map": "MAP_NORTHSTAR_CITY",
      "dest_warp_id": "15"
    },
    {
      "x": 2,
      "y": 1,
      "elevation": 3,
      "dest_map": "MAP_NORTHSTAR_CITY_LIGHTHOUSE",
      "dest_warp_id": "3"
    },
    {
      "x": 17,
      "y": 1,
      "elevation": 3,
      "dest_map": "MAP_NORTHSTAR_CITY_LIGHTHOUSE",
      "dest_warp_id": "2"
    },
    {
      "x": 20,
      "y": 1,
      "elevation": 3,
      "dest_map": "MAP_NORTHSTAR_CITY_LIGHTHOUSE",
      "dest_warp_id": "5"
    },
    {
      "x": 35,
      "y": 1,
      "elevation": 3,
      "dest_map": "MAP_NORTHSTAR_CITY_LIGHTHOUSE",
      "dest_warp_id": "4"
    },
    {
      "x": 36,
      "y": 4,
      "elevation": 3,
      "dest_map": "MAP_NORTHSTAR_CITY_LIGHTHOUSE",
      "dest_warp_id": "0"
    }
  ],
  "coord_events": [

  ],
  "bg_events": [

  ]
}
