<?xml version="1.0" encoding="UTF-8"?>
<files>
  <file name="Adventure Time - Hey Ice King! Audio Restoration Patch (DS Ver.).zip" source="original">
    <mtime>1743576547</mtime>
    <size>29396054</size>
    <md5>f3c90d6150e4b2a155d60c2ff649c8ce</md5>
    <crc32>205cf283</crc32>
    <sha1>37857e7cdc85760c306eb1889f2befd24f21eee6</sha1>
    <format>ZIP</format>
    <filecount>4</filecount>
    <viruscheck>1743576989</viruscheck>
  </file>
  <file name="Thumb.png" source="original">
    <mtime>1743576570</mtime>
    <size>998255</size>
    <md5>62fe5d7d298642c909bc88ac82c97be2</md5>
    <crc32>30507ffb</crc32>
    <sha1>6bb2c0ed10096360b0b6409a06e0deb4bd934b79</sha1>
    <format>PNG</format>
  </file>
  <file name="Thumb_thumb.jpg" source="derivative">
    <format>JPEG Thumb</format>
    <original>Thumb.png</original>
    <mtime>1743577009</mtime>
    <size>8923</size>
    <md5>c69b74355851fdf339ff3a73cd003246</md5>
    <crc32>9bb2c72c</crc32>
    <sha1>1f260c0ff22efe4a067eb642f450f4a2622ce3f4</sha1>
  </file>
  <file name="__ia_thumb.jpg" source="original">
    <mtime>1743576642</mtime>
    <size>15553</size>
    <md5>b4b2cb0348959957e5ccfbc77c1e9b9d</md5>
    <crc32>5517d92a</crc32>
    <sha1>50d8b4af8d273497a9b8730341c0c1f6674f1e3a</sha1>
    <format>Item Tile</format>
  </file>
  <file name="adventure-time-hey-ice-king-audio-restoration-patch-ds-ver._archive.torrent" source="metadata">
    <btih>38f440ec1c9837a3d00d6f96c507a66c47df4bef</btih>
    <mtime>1743577015</mtime>
    <size>3789</size>
    <md5>fc0d37cad10c76bc36a98066d9da8df1</md5>
    <crc32>2a4a1c62</crc32>
    <sha1>21c8e5f36153116769be23a7976ccf4f6cbdee93</sha1>
    <format>Archive BitTorrent</format>
  </file>
  <file name="adventure-time-hey-ice-king-audio-restoration-patch-ds-ver._files.xml" source="original">
    <format>Metadata</format>
    <md5>779358a1e64dde8220e01b802e864eeb</md5>
    <summation>md5</summation>
  </file>
  <file name="adventure-time-hey-ice-king-audio-restoration-patch-ds-ver._meta.sqlite" source="original">
    <mtime>1743576609</mtime>
    <size>28672</size>
    <md5>1f3a3b41d0d4713efea520c45dc2afaf</md5>
    <crc32>7cde5c10</crc32>
    <sha1>78744418931c7874cbe0683398e11f88379d1f2a</sha1>
    <format>Metadata</format>
  </file>
  <file name="adventure-time-hey-ice-king-audio-restoration-patch-ds-ver._meta.xml" source="original">
    <mtime>1743576989</mtime>
    <size>1340</size>
    <md5>149d9cfb94080f3a9f72092db91501ba</md5>
    <crc32>f4ecf34c</crc32>
    <sha1>0ba4a9d1543cfa404a24dc78286f3ba3717a22ae</sha1>
    <format>Metadata</format>
  </file>
</files>
