<?xml version="1.0" encoding="UTF-8"?>
<metadata>
  <identifier>adventure-time-hey-ice-king-audio-restoration-patch-ds-ver.</identifier>
  <mediatype>software</mediatype>
  <collection>open_source_software</collection>
  <creator>BobHellscape</creator>
  <date>2025-04-02</date>
  <description>This patch restores high quality audio to all of the background music in Adventure Time: Hey Ice King! Why'd you Steal our Garbage!!!? for the Nintendo DS.&lt;br /&gt;&lt;br /&gt;This patch is designed ONLY for the North American Nintendo DS version of the game. It will not work with the Nintendo 3DS version of the game.&lt;br /&gt;&lt;br /&gt;Patch notes and Patching tutorial included inside the zip file.&lt;br /&gt;&lt;br /&gt;Enjoy!</description>
  <scanner>Internet Archive HTML5 Uploader 1.7.0</scanner>
  <subject>rom</subject>
  <title>Adventure Time Hey Ice King! Audio Restoration Patch (Nintendo DS Ver.)</title>
  <subject>hack</subject>
  <subject>romhack</subject>
  <subject>patch</subject>
  <subject>Adventure Time</subject>
  <subject>DS</subject>
  <uploader>Bobhellscape@aol.com</uploader>
  <publicdate>2025-04-02 06:49:39</publicdate>
  <addeddate>2025-04-02 06:49:39</addeddate>
  <curation>[curator]validator@archive.org[/curator][date]20250402065629[/date][comment]checked for malware[/comment]</curation>
</metadata>
