{
  "id": "MAP_NORTHSTAR_CITY_TELESCOPE_SEA",
  "name": "NorthstarCity_TelescopeSea",
  "layout": "LAYOUT_NORTHSTAR_CITY_TELESCOPE_SEA",
  "music": "MUS_UNION_CITY",
  "region_map_section": "MAPSEC_NORTHSTAR_CITY",
  "requires_flash": true,
  "weather": "WEATHER_RAIN_THUNDERSTORM",
  "map_type": "MAP_TYPE_OCEAN_ROUTE",
  "allow_cycling": false,
  "allow_escaping": false,
  "allow_running": false,
  "show_map_name": false,
  "battle_scene": "MAP_BATTLE_SCENE_NORMAL",
  "connections": 0,
  "object_events": [
    {
      "graphics_id": "OBJ_EVENT_GFX_PELIPPER",
      "x": 18,
      "y": 5,
      "elevation": 4,
      "movement_type": "MOVEMENT_TYPE_NONE",
      "movement_range_x": 0,
      "movement_range_y": 0,
      "trainer_type": "TRAINER_TYPE_NONE",
      "trainer_sight_or_berry_tree_id": "0",
      "script": "NULL",
      "flag": "0"
    },
    {
      "graphics_id": "OBJ_EVENT_GFX_NORTHSTAR_BOAT",
      "x": 28,
      "y": 23,
      "elevation": 3,
      "movement_type": "MOVEMENT_TYPE_FACE_SEQUENCE_DOWN_UP_LEFT",
      "movement_range_x": 0,
      "movement_range_y": 0,
      "trainer_type": "TRAINER_TYPE_NONE",
      "trainer_sight_or_berry_tree_id": "0",
      "script": "NULL",
      "flag": "0"
    },
    {
      "graphics_id": "OBJ_EVENT_GFX_NORTHSTAR_BOAT",
      "x": 32,
      "y": 23,
      "elevation": 3,
      "movement_type": "MOVEMENT_TYPE_FACE_SEQUENCE_DOWN_UP_LEFT",
      "movement_range_x": 0,
      "movement_range_y": 0,
      "trainer_type": "TRAINER_TYPE_NONE",
      "trainer_sight_or_berry_tree_id": "0",
      "script": "NULL",
      "flag": "0"
    },
    {
      "graphics_id": "OBJ_EVENT_GFX_AQUA_MEMBER_M",
      "x": 31,
      "y": 22,
      "elevation": 3,
      "movement_type": "MOVEMENT_TYPE_FACE_LEFT",
      "movement_range_x": 0,
      "movement_range_y": 0,
      "trainer_type": "TRAINER_TYPE_NONE",
      "trainer_sight_or_berry_tree_id": "0",
      "script": "NULL",
      "flag": "0"
    },
    {
      "graphics_id": "OBJ_EVENT_GFX_AQUA_MEMBER_F",
      "x": 33,
      "y": 22,
      "elevation": 3,
      "movement_type": "MOVEMENT_TYPE_FACE_LEFT",
      "movement_range_x": 0,
      "movement_range_y": 0,
      "trainer_type": "TRAINER_TYPE_NONE",
      "trainer_sight_or_berry_tree_id": "0",
      "script": "NULL",
      "flag": "0"
    },
    {
      "graphics_id": "OBJ_EVENT_GFX_DEVON_EMPLOYEE",
      "x": 29,
      "y": 22,
      "elevation": 3,
      "movement_type": "MOVEMENT_TYPE_FACE_RIGHT",
      "movement_range_x": 0,
      "movement_range_y": 0,
      "trainer_type": "TRAINER_TYPE_NONE",
      "trainer_sight_or_berry_tree_id": "0",
      "script": "NULL",
      "flag": "0"
    }
  ],
  "warp_events": [
    {
      "x": 10,
      "y": 8,
      "elevation": 3,
      "dest_map": "MAP_NORTHSTAR_CITY_TELESCOPE_SEA",
      "dest_warp_id": "0"
    }
  ],
  "coord_events": [
    {
      "type": "trigger",
      "x": 35,
      "y": 19,
      "elevation": 0,
      "var": "VAR_TEMP_0",
      "var_value": "0",
      "script": "NorthstarCity_TelescopeSea_SUBO"
    },
    {
      "type": "trigger",
      "x": 34,
      "y": 19,
      "elevation": 0,
      "var": "VAR_TEMP_0",
      "var_value": "0",
      "script": "NorthstarCity_TelescopeSea_SUBO"
    },
    {
      "type": "trigger",
      "x": 33,
      "y": 19,
      "elevation": 0,
      "var": "VAR_TEMP_0",
      "var_value": "0",
      "script": "NorthstarCity_TelescopeSea_SUBO"
    },
    {
      "type": "trigger",
      "x": 32,
      "y": 19,
      "elevation": 0,
      "var": "VAR_TEMP_0",
      "var_value": "0",
      "script": "NorthstarCity_TelescopeSea_SUBO"
    },
    {
      "type": "trigger",
      "x": 31,
      "y": 19,
      "elevation": 0,
      "var": "VAR_TEMP_0",
      "var_value": "0",
      "script": "NorthstarCity_TelescopeSea_SUBO"
    },
    {
      "type": "trigger",
      "x": 30,
      "y": 19,
      "elevation": 0,
      "var": "VAR_TEMP_0",
      "var_value": "0",
      "script": "NorthstarCity_TelescopeSea_SUBO"
    },
    {
      "type": "trigger",
      "x": 29,
      "y": 19,
      "elevation": 0,
      "var": "VAR_TEMP_0",
      "var_value": "0",
      "script": "NorthstarCity_TelescopeSea_SUBO"
    },
    {
      "type": "trigger",
      "x": 28,
      "y": 19,
      "elevation": 0,
      "var": "VAR_TEMP_0",
      "var_value": "0",
      "script": "NorthstarCity_TelescopeSea_SUBO"
    },
    {
      "type": "trigger",
      "x": 27,
      "y": 19,
      "elevation": 0,
      "var": "VAR_TEMP_0",
      "var_value": "0",
      "script": "NorthstarCity_TelescopeSea_SUBO"
    },
    {
      "type": "trigger",
      "x": 26,
      "y": 19,
      "elevation": 0,
      "var": "VAR_TEMP_0",
      "var_value": "0",
      "script": "NorthstarCity_TelescopeSea_SUBO"
    },
    {
      "type": "trigger",
      "x": 25,
      "y": 20,
      "elevation": 0,
      "var": "VAR_TEMP_0",
      "var_value": "0",
      "script": "NorthstarCity_TelescopeSea_SUBO"
    },
    {
      "type": "trigger",
      "x": 25,
      "y": 21,
      "elevation": 0,
      "var": "VAR_TEMP_0",
      "var_value": "0",
      "script": "NorthstarCity_TelescopeSea_SUBO"
    },
    {
      "type": "trigger",
      "x": 25,
      "y": 22,
      "elevation": 0,
      "var": "VAR_TEMP_0",
      "var_value": "0",
      "script": "NorthstarCity_TelescopeSea_SUBO"
    },
    {
      "type": "trigger",
      "x": 25,
      "y": 23,
      "elevation": 0,
      "var": "VAR_TEMP_0",
      "var_value": "0",
      "script": "NorthstarCity_TelescopeSea_SUBO"
    }
  ],
  "bg_events": [

  ]
}
