{
  "id": "MAP_CHANDRA_VILLAGE",
  "name": "ChandraVillage",
  "layout": "LAYOUT_CHANDRA_VILLAGE",
  "music": "MUS_CHANDRA_VILLAGE",
  "region_map_section": "MAPSEC_CHANDRA_VILLAGE",
  "requires_flash": false,
  "weather": "WEATHER_SUNNY_CLOUDS",
  "map_type": "MAP_TYPE_TOWN",
  "show_map_name": true,
  "battle_scene": "MAP_BATTLE_SCENE_NORMAL",
  "connections": [
    {
      "map": "MAP_ROUTE1",
      "offset": 29,
      "direction": "up"
    },
    {
      "map": "MAP_ROUTE31",
      "offset": 9,
      "direction": "right"
    },
    {
      "map": "MAP_ROUTE25",
      "offset": 0,
      "direction": "left"
    }
  ],
  "object_events": [
    {
      "graphics_id": "OBJ_EVENT_GFX_FAT_MAN",
      "x": 36,
      "y": 38,
      "elevation": 3,
      "movement_type": "MOVEMENT_TYPE_WANDER_LEFT_AND_RIGHT",
      "movement_range_x": 2,
      "movement_range_y": 2,
      "trainer_type": "TRAINER_TYPE_NONE",
      "trainer_sight_or_berry_tree_id": "0",
      "script": "ChandraVillage_Fat_Guy",
      "flag": "0"
    },
    {
      "graphics_id": "OBJ_EVENT_GFX_BERRY_TREE",
      "x": 9,
      "y": 18,
      "elevation": 3,
      "movement_type": "MOVEMENT_TYPE_BERRY_TREE_GROWTH",
      "movement_range_x": 0,
      "movement_range_y": 0,
      "trainer_type": "TRAINER_TYPE_NONE",
      "trainer_sight_or_berry_tree_id": "BERRY_TREE_ROUTE_104_ORAN_1",
      "script": "BerryTreeScript",
      "flag": "0"
    },
    {
      "graphics_id": "OBJ_EVENT_GFX_BERRY_TREE_EARLY_STAGES",
      "x": 8,
      "y": 18,
      "elevation": 3,
      "movement_type": "MOVEMENT_TYPE_BERRY_TREE_GROWTH",
      "movement_range_x": 0,
      "movement_range_y": 0,
      "trainer_type": "TRAINER_TYPE_NONE",
      "trainer_sight_or_berry_tree_id": "BERRY_TREE_ROUTE_104_ORAN_2",
      "script": "BerryTreeScript",
      "flag": "0"
    },
    {
      "graphics_id": "OBJ_EVENT_GFX_GIRL_1",
      "x": 21,
      "y": 20,
      "elevation": 3,
      "movement_type": "MOVEMENT_TYPE_FACE_DOWN_LEFT_AND_RIGHT",
      "movement_range_x": 1,
      "movement_range_y": 1,
      "trainer_type": "TRAINER_TYPE_NONE",
      "trainer_sight_or_berry_tree_id": "0",
      "script": "ChandraVillage_Hoenn_Girl",
      "flag": "0"
    },
    {
      "graphics_id": "OBJ_EVENT_GFX_GIRL_2",
      "x": 37,
      "y": 24,
      "elevation": 3,
      "movement_type": "MOVEMENT_TYPE_WANDER_LEFT_AND_RIGHT",
      "movement_range_x": 2,
      "movement_range_y": 2,
      "trainer_type": "TRAINER_TYPE_NONE",
      "trainer_sight_or_berry_tree_id": "0",
      "script": "ChandraVillage_Young_Girl",
      "flag": "0"
    },
    {
      "graphics_id": "OBJ_EVENT_GFX_EXPERT_M",
      "x": 50,
      "y": 33,
      "elevation": 3,
      "movement_type": "MOVEMENT_TYPE_FACE_UP",
      "movement_range_x": 0,
      "movement_range_y": 0,
      "trainer_type": "TRAINER_TYPE_NONE",
      "trainer_sight_or_berry_tree_id": "0",
      "script": "ChandraVillage_Old_Man",
      "flag": "0"
    },
    {
      "graphics_id": "OBJ_EVENT_GFX_PIDGEY",
      "x": 26,
      "y": 24,
      "elevation": 3,
      "movement_type": "MOVEMENT_TYPE_NONE",
      "movement_range_x": 2,
      "movement_range_y": 2,
      "trainer_type": "TRAINER_TYPE_NONE",
      "trainer_sight_or_berry_tree_id": "0",
      "script": "NULL",
      "flag": "0"
    },
    {
      "graphics_id": "OBJ_EVENT_GFX_QUINTY_PLUMP",
      "x": 28,
      "y": 28,
      "elevation": 3,
      "movement_type": "MOVEMENT_TYPE_NONE",
      "movement_range_x": 0,
      "movement_range_y": 0,
      "trainer_type": "TRAINER_TYPE_NONE",
      "trainer_sight_or_berry_tree_id": "0",
      "script": "NULL",
      "flag": "FLAG_HIDE_CHANDRA_VILLAGE_TYLER_1"
    },
    {
      "graphics_id": "OBJ_EVENT_GFX_QUINTY_PLUMP",
      "x": 38,
      "y": 7,
      "elevation": 3,
      "movement_type": "MOVEMENT_TYPE_FACE_LEFT",
      "movement_range_x": 0,
      "movement_range_y": 0,
      "trainer_type": "TRAINER_TYPE_NONE",
      "trainer_sight_or_berry_tree_id": "0",
      "script": "NULL",
      "flag": "FLAG_HIDE_CHANDRA_VILLAGE_TYLER_2"
    },
    {
      "graphics_id": "OBJ_EVENT_GFX_PROF_BIRCH",
      "x": 36,
      "y": 7,
      "elevation": 3,
      "movement_type": "MOVEMENT_TYPE_FACE_RIGHT",
      "movement_range_x": 2,
      "movement_range_y": 2,
      "trainer_type": "TRAINER_TYPE_NONE",
      "trainer_sight_or_berry_tree_id": "0",
      "script": "ChandraVillage_Prof",
      "flag": "FLAG_HIDE_CHANDRA_VILLAGE_PROF"
    },
    {
      "graphics_id": "OBJ_EVENT_GFX_MAN_1",
      "x": 52,
      "y": 5,
      "elevation": 3,
      "movement_type": "MOVEMENT_TYPE_NONE",
      "movement_range_x": 0,
      "movement_range_y": 0,
      "trainer_type": "TRAINER_TYPE_NONE",
      "trainer_sight_or_berry_tree_id": "0",
      "script": "ChandraVillage_Joker",
      "flag": "0"
    },
    {
      "graphics_id": "OBJ_EVENT_GFX_WOMAN_2",
      "x": 52,
      "y": 6,
      "elevation": 3,
      "movement_type": "MOVEMENT_TYPE_FACE_UP",
      "movement_range_x": 0,
      "movement_range_y": 0,
      "trainer_type": "TRAINER_TYPE_NONE",
      "trainer_sight_or_berry_tree_id": "0",
      "script": "ChandraVillage_Jokers_Wife",
      "flag": "0"
    },
    {
      "graphics_id": "OBJ_EVENT_GFX_POLIWAG",
      "x": 52,
      "y": 44,
      "elevation": 0,
      "movement_type": "MOVEMENT_TYPE_NONE",
      "movement_range_x": 0,
      "movement_range_y": 0,
      "trainer_type": "TRAINER_TYPE_NONE",
      "trainer_sight_or_berry_tree_id": "0",
      "script": "NULL",
      "flag": "0"
    },
    {
      "graphics_id": "OBJ_EVENT_GFX_ZIGZAGOON_OW",
      "x": 42,
      "y": 5,
      "elevation": 0,
      "movement_type": "MOVEMENT_TYPE_WANDER_LEFT_AND_RIGHT",
      "movement_range_x": 0,
      "movement_range_y": 0,
      "trainer_type": "TRAINER_TYPE_NONE",
      "trainer_sight_or_berry_tree_id": "0",
      "script": "NULL",
      "flag": "0"
    },
    {
      "graphics_id": "OBJ_EVENT_GFX_TREE",
      "x": 42,
      "y": 21,
      "elevation": 0,
      "movement_type": "MOVEMENT_TYPE_NONE",
      "movement_range_x": 0,
      "movement_range_y": 0,
      "trainer_type": "TRAINER_TYPE_NONE",
      "trainer_sight_or_berry_tree_id": "0",
      "script": "NULL",
      "flag": "0"
    },
    {
      "graphics_id": "OBJ_EVENT_GFX_TREE",
      "x": 34,
      "y": 10,
      "elevation": 0,
      "movement_type": "MOVEMENT_TYPE_NONE",
      "movement_range_x": 0,
      "movement_range_y": 0,
      "trainer_type": "TRAINER_TYPE_NONE",
      "trainer_sight_or_berry_tree_id": "0",
      "script": "NULL",
      "flag": "0"
    },
    {
      "graphics_id": "OBJ_EVENT_GFX_TREE",
      "x": 30,
      "y": 27,
      "elevation": 0,
      "movement_type": "MOVEMENT_TYPE_NONE",
      "movement_range_x": 0,
      "movement_range_y": 0,
      "trainer_type": "TRAINER_TYPE_NONE",
      "trainer_sight_or_berry_tree_id": "0",
      "script": "NULL",
      "flag": "0"
    },
    {
      "graphics_id": "OBJ_EVENT_GFX_TREE",
      "x": 25,
      "y": 20,
      "elevation": 0,
      "movement_type": "MOVEMENT_TYPE_NONE",
      "movement_range_x": 0,
      "movement_range_y": 0,
      "trainer_type": "TRAINER_TYPE_NONE",
      "trainer_sight_or_berry_tree_id": "0",
      "script": "NULL",
      "flag": "0"
    },
    {
      "graphics_id": "OBJ_EVENT_GFX_TREE",
      "x": 38,
      "y": 41,
      "elevation": 0,
      "movement_type": "MOVEMENT_TYPE_NONE",
      "movement_range_x": 0,
      "movement_range_y": 0,
      "trainer_type": "TRAINER_TYPE_NONE",
      "trainer_sight_or_berry_tree_id": "0",
      "script": "NULL",
      "flag": "0"
    },
    {
      "graphics_id": "OBJ_EVENT_GFX_LAB",
      "x": 34,
      "y": 6,
      "elevation": 0,
      "movement_type": "MOVEMENT_TYPE_NONE",
      "movement_range_x": 0,
      "movement_range_y": 0,
      "trainer_type": "TRAINER_TYPE_NONE",
      "trainer_sight_or_berry_tree_id": "0",
      "script": "NULL",
      "flag": "0"
    },
    {
      "graphics_id": "OBJ_EVENT_GFX_VAR_1",
      "x": 0,
      "y": 49,
      "elevation": 0,
      "movement_type": "MOVEMENT_TYPE_INVISIBLE",
      "movement_range_x": 0,
      "movement_range_y": 0,
      "trainer_type": "TRAINER_TYPE_NONE",
      "trainer_sight_or_berry_tree_id": "0",
      "script": "NULL",
      "flag": "FLAG_CHANDRA_VILLAGE_VAR"
    },
    {
      "graphics_id": "OBJ_EVENT_GFX_VAR_1",
      "x": 0,
      "y": 49,
      "elevation": 0,
      "movement_type": "MOVEMENT_TYPE_INVISIBLE",
      "movement_range_x": 0,
      "movement_range_y": 0,
      "trainer_type": "TRAINER_TYPE_NONE",
      "trainer_sight_or_berry_tree_id": "0",
      "script": "NULL",
      "flag": "FLAG_CHANDRA_VILLAGE_VAR"
    },
    {
      "graphics_id": "OBJ_EVENT_GFX_VAR_1",
      "x": 0,
      "y": 49,
      "elevation": 0,
      "movement_type": "MOVEMENT_TYPE_INVISIBLE",
      "movement_range_x": 0,
      "movement_range_y": 0,
      "trainer_type": "TRAINER_TYPE_NONE",
      "trainer_sight_or_berry_tree_id": "0",
      "script": "NULL",
      "flag": "FLAG_CHANDRA_VILLAGE_VAR"
    },
    {
      "graphics_id": "OBJ_EVENT_GFX_VAR_1",
      "x": 0,
      "y": 49,
      "elevation": 0,
      "movement_type": "MOVEMENT_TYPE_INVISIBLE",
      "movement_range_x": 0,
      "movement_range_y": 0,
      "trainer_type": "TRAINER_TYPE_NONE",
      "trainer_sight_or_berry_tree_id": "0",
      "script": "NULL",
      "flag": "FLAG_CHANDRA_VILLAGE_VAR"
    },
    {
      "graphics_id": "OBJ_EVENT_GFX_VAR_1",
      "x": 0,
      "y": 49,
      "elevation": 0,
      "movement_type": "MOVEMENT_TYPE_INVISIBLE",
      "movement_range_x": 0,
      "movement_range_y": 0,
      "trainer_type": "TRAINER_TYPE_NONE",
      "trainer_sight_or_berry_tree_id": "0",
      "script": "NULL",
      "flag": "FLAG_CHANDRA_VILLAGE_VAR"
    },
    {
      "graphics_id": "OBJ_EVENT_GFX_VAR_1",
      "x": 0,
      "y": 49,
      "elevation": 0,
      "movement_type": "MOVEMENT_TYPE_INVISIBLE",
      "movement_range_x": 0,
      "movement_range_y": 0,
      "trainer_type": "TRAINER_TYPE_NONE",
      "trainer_sight_or_berry_tree_id": "0",
      "script": "NULL",
      "flag": "FLAG_CHANDRA_VILLAGE_VAR"
    },
    {
      "graphics_id": "OBJ_EVENT_GFX_VAR_1",
      "x": 0,
      "y": 49,
      "elevation": 0,
      "movement_type": "MOVEMENT_TYPE_INVISIBLE",
      "movement_range_x": 0,
      "movement_range_y": 0,
      "trainer_type": "TRAINER_TYPE_NONE",
      "trainer_sight_or_berry_tree_id": "0",
      "script": "NULL",
      "flag": "FLAG_CHANDRA_VILLAGE_VAR"
    },
    {
      "graphics_id": "OBJ_EVENT_GFX_VAR_1",
      "x": 0,
      "y": 49,
      "elevation": 0,
      "movement_type": "MOVEMENT_TYPE_INVISIBLE",
      "movement_range_x": 0,
      "movement_range_y": 0,
      "trainer_type": "TRAINER_TYPE_NONE",
      "trainer_sight_or_berry_tree_id": "0",
      "script": "NULL",
      "flag": "FLAG_CHANDRA_VILLAGE_VAR"
    },
    {
      "graphics_id": "OBJ_EVENT_GFX_VAR_1",
      "x": 0,
      "y": 49,
      "elevation": 0,
      "movement_type": "MOVEMENT_TYPE_INVISIBLE",
      "movement_range_x": 0,
      "movement_range_y": 0,
      "trainer_type": "TRAINER_TYPE_NONE",
      "trainer_sight_or_berry_tree_id": "0",
      "script": "NULL",
      "flag": "FLAG_CHANDRA_VILLAGE_VAR"
    },
    {
      "graphics_id": "OBJ_EVENT_GFX_VAR_1",
      "x": 0,
      "y": 49,
      "elevation": 0,
      "movement_type": "MOVEMENT_TYPE_INVISIBLE",
      "movement_range_x": 0,
      "movement_range_y": 0,
      "trainer_type": "TRAINER_TYPE_NONE",
      "trainer_sight_or_berry_tree_id": "0",
      "script": "NULL",
      "flag": "FLAG_CHANDRA_VILLAGE_VAR"
    },
    {
      "graphics_id": "OBJ_EVENT_GFX_VAR_1",
      "x": 0,
      "y": 49,
      "elevation": 0,
      "movement_type": "MOVEMENT_TYPE_INVISIBLE",
      "movement_range_x": 0,
      "movement_range_y": 0,
      "trainer_type": "TRAINER_TYPE_NONE",
      "trainer_sight_or_berry_tree_id": "0",
      "script": "NULL",
      "flag": "FLAG_CHANDRA_VILLAGE_VAR"
    },
    {
      "graphics_id": "OBJ_EVENT_GFX_VAR_1",
      "x": 0,
      "y": 49,
      "elevation": 0,
      "movement_type": "MOVEMENT_TYPE_INVISIBLE",
      "movement_range_x": 0,
      "movement_range_y": 0,
      "trainer_type": "TRAINER_TYPE_NONE",
      "trainer_sight_or_berry_tree_id": "0",
      "script": "NULL",
      "flag": "FLAG_CHANDRA_VILLAGE_VAR"
    },
    {
      "graphics_id": "OBJ_EVENT_GFX_VAR_1",
      "x": 0,
      "y": 49,
      "elevation": 0,
      "movement_type": "MOVEMENT_TYPE_INVISIBLE",
      "movement_range_x": 0,
      "movement_range_y": 0,
      "trainer_type": "TRAINER_TYPE_NONE",
      "trainer_sight_or_berry_tree_id": "0",
      "script": "NULL",
      "flag": "FLAG_CHANDRA_VILLAGE_VAR"
    },
    {
      "graphics_id": "OBJ_EVENT_GFX_VAR_1",
      "x": 0,
      "y": 49,
      "elevation": 0,
      "movement_type": "MOVEMENT_TYPE_INVISIBLE",
      "movement_range_x": 0,
      "movement_range_y": 0,
      "trainer_type": "TRAINER_TYPE_NONE",
      "trainer_sight_or_berry_tree_id": "0",
      "script": "NULL",
      "flag": "FLAG_CHANDRA_VILLAGE_VAR"
    },
    {
      "graphics_id": "OBJ_EVENT_GFX_VAR_1",
      "x": 0,
      "y": 49,
      "elevation": 0,
      "movement_type": "MOVEMENT_TYPE_INVISIBLE",
      "movement_range_x": 0,
      "movement_range_y": 0,
      "trainer_type": "TRAINER_TYPE_NONE",
      "trainer_sight_or_berry_tree_id": "0",
      "script": "NULL",
      "flag": "FLAG_CHANDRA_VILLAGE_VAR"
    },
    {
      "graphics_id": "OBJ_EVENT_GFX_VAR_1",
      "x": 0,
      "y": 49,
      "elevation": 0,
      "movement_type": "MOVEMENT_TYPE_INVISIBLE",
      "movement_range_x": 0,
      "movement_range_y": 0,
      "trainer_type": "TRAINER_TYPE_NONE",
      "trainer_sight_or_berry_tree_id": "0",
      "script": "NULL",
      "flag": "FLAG_CHANDRA_VILLAGE_VAR"
    },
    {
      "graphics_id": "OBJ_EVENT_GFX_VAR_1",
      "x": 0,
      "y": 49,
      "elevation": 0,
      "movement_type": "MOVEMENT_TYPE_INVISIBLE",
      "movement_range_x": 0,
      "movement_range_y": 0,
      "trainer_type": "TRAINER_TYPE_NONE",
      "trainer_sight_or_berry_tree_id": "0",
      "script": "NULL",
      "flag": "FLAG_CHANDRA_VILLAGE_VAR"
    },
    {
      "graphics_id": "OBJ_EVENT_GFX_VAR_1",
      "x": 0,
      "y": 49,
      "elevation": 0,
      "movement_type": "MOVEMENT_TYPE_INVISIBLE",
      "movement_range_x": 0,
      "movement_range_y": 0,
      "trainer_type": "TRAINER_TYPE_NONE",
      "trainer_sight_or_berry_tree_id": "0",
      "script": "NULL",
      "flag": "FLAG_CHANDRA_VILLAGE_VAR"
    },
    {
      "graphics_id": "OBJ_EVENT_GFX_VAR_1",
      "x": 0,
      "y": 49,
      "elevation": 0,
      "movement_type": "MOVEMENT_TYPE_INVISIBLE",
      "movement_range_x": 0,
      "movement_range_y": 0,
      "trainer_type": "TRAINER_TYPE_NONE",
      "trainer_sight_or_berry_tree_id": "0",
      "script": "NULL",
      "flag": "FLAG_CHANDRA_VILLAGE_VAR"
    },
    {
      "graphics_id": "OBJ_EVENT_GFX_VAR_1",
      "x": 0,
      "y": 49,
      "elevation": 0,
      "movement_type": "MOVEMENT_TYPE_INVISIBLE",
      "movement_range_x": 0,
      "movement_range_y": 0,
      "trainer_type": "TRAINER_TYPE_NONE",
      "trainer_sight_or_berry_tree_id": "0",
      "script": "NULL",
      "flag": "FLAG_CHANDRA_VILLAGE_VAR"
    },
    {
      "graphics_id": "OBJ_EVENT_GFX_VAR_1",
      "x": 0,
      "y": 49,
      "elevation": 0,
      "movement_type": "MOVEMENT_TYPE_INVISIBLE",
      "movement_range_x": 0,
      "movement_range_y": 0,
      "trainer_type": "TRAINER_TYPE_NONE",
      "trainer_sight_or_berry_tree_id": "0",
      "script": "NULL",
      "flag": "FLAG_CHANDRA_VILLAGE_VAR"
    },
    {
      "graphics_id": "OBJ_EVENT_GFX_VAR_1",
      "x": 0,
      "y": 49,
      "elevation": 0,
      "movement_type": "MOVEMENT_TYPE_INVISIBLE",
      "movement_range_x": 0,
      "movement_range_y": 0,
      "trainer_type": "TRAINER_TYPE_NONE",
      "trainer_sight_or_berry_tree_id": "0",
      "script": "NULL",
      "flag": "FLAG_CHANDRA_VILLAGE_VAR"
    },
    {
      "graphics_id": "OBJ_EVENT_GFX_VAR_1",
      "x": 0,
      "y": 49,
      "elevation": 0,
      "movement_type": "MOVEMENT_TYPE_INVISIBLE",
      "movement_range_x": 0,
      "movement_range_y": 0,
      "trainer_type": "TRAINER_TYPE_NONE",
      "trainer_sight_or_berry_tree_id": "0",
      "script": "NULL",
      "flag": "FLAG_CHANDRA_VILLAGE_VAR"
    },
    {
      "graphics_id": "OBJ_EVENT_GFX_VAR_1",
      "x": 0,
      "y": 49,
      "elevation": 0,
      "movement_type": "MOVEMENT_TYPE_INVISIBLE",
      "movement_range_x": 0,
      "movement_range_y": 0,
      "trainer_type": "TRAINER_TYPE_NONE",
      "trainer_sight_or_berry_tree_id": "0",
      "script": "NULL",
      "flag": "FLAG_CHANDRA_VILLAGE_VAR"
    },
    {
      "graphics_id": "OBJ_EVENT_GFX_VAR_1",
      "x": 0,
      "y": 49,
      "elevation": 0,
      "movement_type": "MOVEMENT_TYPE_INVISIBLE",
      "movement_range_x": 0,
      "movement_range_y": 0,
      "trainer_type": "TRAINER_TYPE_NONE",
      "trainer_sight_or_berry_tree_id": "0",
      "script": "NULL",
      "flag": "FLAG_CHANDRA_VILLAGE_VAR"
    },
    {
      "graphics_id": "OBJ_EVENT_GFX_VAR_1",
      "x": 0,
      "y": 49,
      "elevation": 0,
      "movement_type": "MOVEMENT_TYPE_INVISIBLE",
      "movement_range_x": 0,
      "movement_range_y": 0,
      "trainer_type": "TRAINER_TYPE_NONE",
      "trainer_sight_or_berry_tree_id": "0",
      "script": "NULL",
      "flag": "FLAG_CHANDRA_VILLAGE_VAR"
    },
    {
      "graphics_id": "OBJ_EVENT_GFX_VAR_1",
      "x": 0,
      "y": 49,
      "elevation": 0,
      "movement_type": "MOVEMENT_TYPE_INVISIBLE",
      "movement_range_x": 0,
      "movement_range_y": 0,
      "trainer_type": "TRAINER_TYPE_NONE",
      "trainer_sight_or_berry_tree_id": "0",
      "script": "NULL",
      "flag": "FLAG_CHANDRA_VILLAGE_VAR"
    },
    {
      "graphics_id": "OBJ_EVENT_GFX_VAR_1",
      "x": 0,
      "y": 49,
      "elevation": 0,
      "movement_type": "MOVEMENT_TYPE_INVISIBLE",
      "movement_range_x": 0,
      "movement_range_y": 0,
      "trainer_type": "TRAINER_TYPE_NONE",
      "trainer_sight_or_berry_tree_id": "0",
      "script": "NULL",
      "flag": "FLAG_CHANDRA_VILLAGE_VAR"
    },
    {
      "graphics_id": "OBJ_EVENT_GFX_VAR_1",
      "x": 0,
      "y": 49,
      "elevation": 0,
      "movement_type": "MOVEMENT_TYPE_INVISIBLE",
      "movement_range_x": 0,
      "movement_range_y": 0,
      "trainer_type": "TRAINER_TYPE_NONE",
      "trainer_sight_or_berry_tree_id": "0",
      "script": "NULL",
      "flag": "FLAG_CHANDRA_VILLAGE_VAR"
    },
    {
      "graphics_id": "OBJ_EVENT_GFX_VAR_1",
      "x": 0,
      "y": 49,
      "elevation": 0,
      "movement_type": "MOVEMENT_TYPE_INVISIBLE",
      "movement_range_x": 0,
      "movement_range_y": 0,
      "trainer_type": "TRAINER_TYPE_NONE",
      "trainer_sight_or_berry_tree_id": "0",
      "script": "NULL",
      "flag": "FLAG_CHANDRA_VILLAGE_VAR"
    },
    {
      "graphics_id": "OBJ_EVENT_GFX_VAR_1",
      "x": 0,
      "y": 49,
      "elevation": 0,
      "movement_type": "MOVEMENT_TYPE_INVISIBLE",
      "movement_range_x": 0,
      "movement_range_y": 0,
      "trainer_type": "TRAINER_TYPE_NONE",
      "trainer_sight_or_berry_tree_id": "0",
      "script": "NULL",
      "flag": "FLAG_CHANDRA_VILLAGE_VAR"
    },
    {
      "graphics_id": "OBJ_EVENT_GFX_VAR_1",
      "x": 0,
      "y": 49,
      "elevation": 0,
      "movement_type": "MOVEMENT_TYPE_INVISIBLE",
      "movement_range_x": 0,
      "movement_range_y": 0,
      "trainer_type": "TRAINER_TYPE_NONE",
      "trainer_sight_or_berry_tree_id": "0",
      "script": "NULL",
      "flag": "FLAG_CHANDRA_VILLAGE_VAR"
    },
    {
      "graphics_id": "OBJ_EVENT_GFX_VAR_1",
      "x": 0,
      "y": 49,
      "elevation": 0,
      "movement_type": "MOVEMENT_TYPE_INVISIBLE",
      "movement_range_x": 0,
      "movement_range_y": 0,
      "trainer_type": "TRAINER_TYPE_NONE",
      "trainer_sight_or_berry_tree_id": "0",
      "script": "NULL",
      "flag": "FLAG_CHANDRA_VILLAGE_VAR"
    },
    {
      "graphics_id": "OBJ_EVENT_GFX_VAR_1",
      "x": 0,
      "y": 49,
      "elevation": 0,
      "movement_type": "MOVEMENT_TYPE_INVISIBLE",
      "movement_range_x": 0,
      "movement_range_y": 0,
      "trainer_type": "TRAINER_TYPE_NONE",
      "trainer_sight_or_berry_tree_id": "0",
      "script": "NULL",
      "flag": "FLAG_CHANDRA_VILLAGE_VAR"
    },
    {
      "graphics_id": "OBJ_EVENT_GFX_VAR_1",
      "x": 0,
      "y": 49,
      "elevation": 0,
      "movement_type": "MOVEMENT_TYPE_INVISIBLE",
      "movement_range_x": 0,
      "movement_range_y": 0,
      "trainer_type": "TRAINER_TYPE_NONE",
      "trainer_sight_or_berry_tree_id": "0",
      "script": "NULL",
      "flag": "FLAG_CHANDRA_VILLAGE_VAR"
    },
    {
      "graphics_id": "OBJ_EVENT_GFX_VAR_1",
      "x": 0,
      "y": 49,
      "elevation": 0,
      "movement_type": "MOVEMENT_TYPE_INVISIBLE",
      "movement_range_x": 0,
      "movement_range_y": 0,
      "trainer_type": "TRAINER_TYPE_NONE",
      "trainer_sight_or_berry_tree_id": "0",
      "script": "NULL",
      "flag": "FLAG_CHANDRA_VILLAGE_VAR"
    },
    {
      "graphics_id": "OBJ_EVENT_GFX_VAR_1",
      "x": 0,
      "y": 49,
      "elevation": 0,
      "movement_type": "MOVEMENT_TYPE_INVISIBLE",
      "movement_range_x": 0,
      "movement_range_y": 0,
      "trainer_type": "TRAINER_TYPE_NONE",
      "trainer_sight_or_berry_tree_id": "0",
      "script": "NULL",
      "flag": "FLAG_CHANDRA_VILLAGE_VAR"
    },
    {
      "graphics_id": "OBJ_EVENT_GFX_VAR_1",
      "x": 0,
      "y": 49,
      "elevation": 0,
      "movement_type": "MOVEMENT_TYPE_INVISIBLE",
      "movement_range_x": 0,
      "movement_range_y": 0,
      "trainer_type": "TRAINER_TYPE_NONE",
      "trainer_sight_or_berry_tree_id": "0",
      "script": "NULL",
      "flag": "FLAG_CHANDRA_VILLAGE_VAR"
    },
    {
      "graphics_id": "OBJ_EVENT_GFX_VAR_1",
      "x": 0,
      "y": 49,
      "elevation": 0,
      "movement_type": "MOVEMENT_TYPE_INVISIBLE",
      "movement_range_x": 0,
      "movement_range_y": 0,
      "trainer_type": "TRAINER_TYPE_NONE",
      "trainer_sight_or_berry_tree_id": "0",
      "script": "NULL",
      "flag": "FLAG_CHANDRA_VILLAGE_VAR"
    },
    {
      "graphics_id": "OBJ_EVENT_GFX_VAR_1",
      "x": 0,
      "y": 49,
      "elevation": 0,
      "movement_type": "MOVEMENT_TYPE_INVISIBLE",
      "movement_range_x": 0,
      "movement_range_y": 0,
      "trainer_type": "TRAINER_TYPE_NONE",
      "trainer_sight_or_berry_tree_id": "0",
      "script": "NULL",
      "flag": "FLAG_CHANDRA_VILLAGE_VAR"
    },
    {
      "graphics_id": "OBJ_EVENT_GFX_VAR_1",
      "x": 0,
      "y": 49,
      "elevation": 0,
      "movement_type": "MOVEMENT_TYPE_INVISIBLE",
      "movement_range_x": 0,
      "movement_range_y": 0,
      "trainer_type": "TRAINER_TYPE_NONE",
      "trainer_sight_or_berry_tree_id": "0",
      "script": "NULL",
      "flag": "FLAG_CHANDRA_VILLAGE_VAR"
    },
    {
      "graphics_id": "OBJ_EVENT_GFX_VAR_1",
      "x": 0,
      "y": 49,
      "elevation": 0,
      "movement_type": "MOVEMENT_TYPE_INVISIBLE",
      "movement_range_x": 0,
      "movement_range_y": 0,
      "trainer_type": "TRAINER_TYPE_NONE",
      "trainer_sight_or_berry_tree_id": "0",
      "script": "NULL",
      "flag": "FLAG_CHANDRA_VILLAGE_VAR"
    },
    {
      "graphics_id": "OBJ_EVENT_GFX_VAR_1",
      "x": 0,
      "y": 49,
      "elevation": 0,
      "movement_type": "MOVEMENT_TYPE_INVISIBLE",
      "movement_range_x": 0,
      "movement_range_y": 0,
      "trainer_type": "TRAINER_TYPE_NONE",
      "trainer_sight_or_berry_tree_id": "0",
      "script": "NULL",
      "flag": "FLAG_CHANDRA_VILLAGE_VAR"
    },
    {
      "graphics_id": "OBJ_EVENT_GFX_VAR_1",
      "x": 39,
      "y": 7,
      "elevation": 0,
      "movement_type": "MOVEMENT_TYPE_NONE",
      "movement_range_x": 0,
      "movement_range_y": 0,
      "trainer_type": "TRAINER_TYPE_NONE",
      "trainer_sight_or_berry_tree_id": "0",
      "script": "EventScript_Follower",
      "flag": "FLAG_UNUSED_0x020"
    }
  ],
  "warp_events": [
    {
      "x": 24,
      "y": 27,
      "elevation": 3,
      "dest_map": "MAP_CHANDRA_VILLAGE_PLAYER_HOUSE_1F",
      "dest_warp_id": "0"
    },
    {
      "x": 28,
      "y": 25,
      "elevation": 4,
      "dest_map": "MAP_CHANDRA_VILLAGE_PLAYER_HOUSE_2F",
      "dest_warp_id": "1"
    },
    {
      "x": 32,
      "y": 22,
      "elevation": 3,
      "dest_map": "MAP_CHANDRA_VILLAGE_TYLER_HOUSE_1F",
      "dest_warp_id": "0"
    },
    {
      "x": 36,
      "y": 20,
      "elevation": 4,
      "dest_map": "MAP_CHANDRA_VILLAGE_TYLER_HOUSE_2F",
      "dest_warp_id": "1"
    },
    {
      "x": 37,
      "y": 6,
      "elevation": 3,
      "dest_map": "MAP_CHANDRA_VILLAGE_LAB",
      "dest_warp_id": "0"
    }
  ],
  "coord_events": [
    {
      "type": "trigger",
      "x": 41,
      "y": 9,
      "elevation": 0,
      "var": "VAR_STORYLINE_STATE",
      "var_value": "4",
      "script": "ChandraVillage_Storyline_State_4"
    },
    {
      "type": "trigger",
      "x": 42,
      "y": 9,
      "elevation": 0,
      "var": "VAR_STORYLINE_STATE",
      "var_value": "4",
      "script": "ChandraVillage_Storyline_State_4"
    },
    {
      "type": "trigger",
      "x": 51,
      "y": 2,
      "elevation": 0,
      "var": "VAR_TYLERS_HOUSE",
      "var_value": "0",
      "script": "ChandraVillage_ExitNorth"
    },
    {
      "type": "trigger",
      "x": 52,
      "y": 2,
      "elevation": 0,
      "var": "VAR_TYLERS_HOUSE",
      "var_value": "0",
      "script": "ChandraVillage_ExitNorth"
    },
    {
      "type": "trigger",
      "x": 53,
      "y": 2,
      "elevation": 0,
      "var": "VAR_TYLERS_HOUSE",
      "var_value": "0",
      "script": "ChandraVillage_ExitNorth"
    },
    {
      "type": "trigger",
      "x": 37,
      "y": 7,
      "elevation": 0,
      "var": "VAR_STORYLINE_STATE",
      "var_value": "6",
      "script": "ChandraVillage_WhiteOut"
    }
  ],
  "bg_events": [
    {
      "type": "sign",
      "x": 27,
      "y": 31,
      "elevation": 0,
      "player_facing_dir": "BG_EVENT_PLAYER_FACING_ANY",
      "script": "ChandraVillage_PlayersHouse"
    },
    {
      "type": "sign",
      "x": 37,
      "y": 26,
      "elevation": 0,
      "player_facing_dir": "BG_EVENT_PLAYER_FACING_ANY",
      "script": "ChandraVillage_Town_Sign"
    },
    {
      "type": "sign",
      "x": 38,
      "y": 22,
      "elevation": 0,
      "player_facing_dir": "BG_EVENT_PLAYER_FACING_ANY",
      "script": "ChandraVillage_TylersHouse"
    },
    {
      "type": "sign",
      "x": 41,
      "y": 6,
      "elevation": 0,
      "player_facing_dir": "BG_EVENT_PLAYER_FACING_ANY",
      "script": "ChandraVillage_Facility_Sign"
    }
  ],
  "allow_cycling": true,
  "allow_escaping": false,
  "allow_running": true
}
