<?xml version="1.0" encoding="UTF-8"?>
<files>
  <file name="Traducao_Pikmin_1elevadoa2_.v1.0.2.zip" source="original">
    <mtime>1736790959</mtime>
    <size>10400207</size>
    <md5>704bcf94c169b313219203efa38e522b</md5>
    <crc32>95dee964</crc32>
    <sha1>cfa8e14df30edd32ac0958c7c2981e5ed0b11af8</sha1>
    <format>ZIP</format>
    <filecount>5</filecount>
    <viruscheck>1736791308</viruscheck>
  </file>
  <file name="traducao-pikmin-1elevadoa-2-.v-1.0.2_archive.torrent" source="metadata">
    <btih>9f4d1ab26310508848be6064649278a4b6305510</btih>
    <mtime>1736862576</mtime>
    <size>2272</size>
    <md5>bcb5da07605366bdf32707a35b89bcbb</md5>
    <crc32>c44684a2</crc32>
    <sha1>f13781bb58983785e730a5fe7f18a935b4b11bfc</sha1>
    <format>Archive BitTorrent</format>
  </file>
  <file name="traducao-pikmin-1elevadoa-2-.v-1.0.2_files.xml" source="original">
    <format>Metadata</format>
    <md5>5ce19fe69f80f39e7d8835dc7f46d820</md5>
    <summation>md5</summation>
  </file>
  <file name="traducao-pikmin-1elevadoa-2-.v-1.0.2_meta.sqlite" source="original">
    <mtime>1736790989</mtime>
    <size>28672</size>
    <md5>579f4c6a57e1473f0d46f412431ffa3b</md5>
    <crc32>e127ca68</crc32>
    <sha1>64e7db56e7b8e98391c58da29186d6d0a05f091d</sha1>
    <format>Metadata</format>
  </file>
  <file name="traducao-pikmin-1elevadoa-2-.v-1.0.2_meta.xml" source="original">
    <mtime>1736862576</mtime>
    <size>2896</size>
    <md5>3352d42f88c452494ee8bca138e98317</md5>
    <crc32>682040b0</crc32>
    <sha1>93afe9fc8a9240bca9b624323e346fd515b80617</sha1>
    <format>Metadata</format>
  </file>
</files>
