<?xml version="1.0" encoding="UTF-8"?>
<metadata>
  <identifier>traducao-pikmin-1elevadoa-2-.v-1.0.2</identifier>
  <mediatype>software</mediatype>
  <collection>open_source_software</collection>
  <creator>Grisi</creator>
  <date>2025-01-13</date>
  <description>&lt;span style="color:rgb(44,44,44);font-family:'Helvetica Neue', Helvetica, Arial, sans-serif;font-size:14px;background-color:rgb(255,255,255);"&gt;Tradução 1.0.2 para o romhack Pikmin1²&lt;/span&gt;&lt;div style="color:rgb(44,44,44);font-family:'Helvetica Neue', Helvetica, Arial, sans-serif;font-size:14px;background-color:rgb(255,255,255);"&gt;&lt;br /&gt;&lt;/div&gt;&lt;div style="color:rgb(44,44,44);font-family:'Helvetica Neue', Helvetica, Arial, sans-serif;font-size:14px;background-color:rgb(255,255,255);"&gt;&lt;font color="#2c2c2c" face="Helvetica Neue, Helvetica, Arial, sans-serif"&gt;Mais detalhe na página do GitHub&lt;/font&gt;&lt;br /&gt;&lt;div&gt;https://github.com/mdsmendes94/pikmin1elevadoa2&lt;/div&gt;&lt;div&gt;&lt;br /&gt;&lt;/div&gt;&lt;div&gt;Mudanças:&lt;/div&gt;&lt;div&gt;Versão 1.0.2&lt;/div&gt;&lt;div&gt;- Tradução em geral melhorada principalmente na missão de Louie&lt;/div&gt;&lt;div&gt;- Melhoria de UI para tradução&lt;/div&gt;&lt;div&gt;- Corrigo texturas mal funcionando em alguns estágios&lt;/div&gt;&lt;div&gt;&lt;br /&gt;&lt;/div&gt;&lt;div&gt;&lt;br /&gt;&lt;/div&gt;&lt;div&gt;Versão 1.0.1&lt;/div&gt;&lt;div&gt;&lt;div&gt;&lt;font color="#2c2c2c" face="Helvetica Neue, Helvetica, Arial, sans-serif"&gt;- Corrigido bug que aparecia ao esperar na tela título usando o Dolphin;&lt;/font&gt;&lt;/div&gt;&lt;div&gt;&lt;font color="#2c2c2c" face="Helvetica Neue, Helvetica, Arial, sans-serif"&gt;- Mudança de .arc descomprimidos para .szs comprimidos em yaz0;&lt;/font&gt;&lt;/div&gt;&lt;div&gt;&lt;font color="#2c2c2c" face="Helvetica Neue, Helvetica, Arial, sans-serif"&gt;- Inclusão de mudanças.txt junto com a tradução&lt;/font&gt;&lt;/div&gt;&lt;div&gt;&lt;font color="#2c2c2c" face="Helvetica Neue, Helvetica, Arial, sans-serif"&gt;&lt;br /&gt;&lt;/font&gt;&lt;/div&gt;&lt;div&gt;&lt;font color="#2c2c2c" face="Helvetica Neue, Helvetica, Arial, sans-serif"&gt;Versão 1.0&lt;/font&gt;&lt;/div&gt;&lt;div&gt;&lt;font color="#2c2c2c" face="Helvetica Neue, Helvetica, Arial, sans-serif"&gt;- Lançamento&lt;/font&gt;&lt;/div&gt;&lt;/div&gt;&lt;/div&gt;</description>
  <language>por</language>
  <scanner>Internet Archive HTML5 Uploader 1.7.0</scanner>
  <subject>fantranslation</subject>
  <subject>romhack</subject>
  <title>Traducao Pikmin 1elevadoa 2 .v 1.0.2</title>
  <uploader>greasebr@gmail.com</uploader>
  <publicdate>2025-01-13 17:56:18</publicdate>
  <addeddate>2025-01-13 17:56:18</addeddate>
  <curation>[curator]validator@archive.org[/curator][date]20250113180148[/date][comment]checked for malware[/comment]</curation>
  <year>2025</year>
</metadata>
