{
  "id": "MAP_PEWTER_CITY",
  "name": "PewterCity",
  "layout": "LAYOUT_PEWTER_CITY",
  "music": "MUS_PEWTER",
  "region_map_section": "MAPSEC_PEWTER_CITY",
  "requires_flash": false,
  "weather": "WEATHER_SUNNY",
  "map_type": "MAP_TYPE_TOWN",
  "allow_cycling": true,
  "allow_escaping": false,
  "allow_running": true,
  "show_map_name": false,
  "floor_number": 0,
  "battle_scene": "MAP_BATTLE_SCENE_NORMAL",
  "connections": [
    {
      "map": "MAP_ROUTE2",
      "offset": 5,
      "direction": "down"
    },
    {
      "map": "MAP_ROUTE3",
      "offset": 8,
      "direction": "right"
    }
  ],
  "object_events": [
    {
      "type": "object",
      "graphics_id": "OBJ_EVENT_GFX_LASS",
      "x": 14,
      "y": 15,
      "elevation": 3,
      "movement_type": "MOVEMENT_TYPE_LOOK_AROUND",
      "movement_range_x": 1,
      "movement_range_y": 1,
      "trainer_type": "TRAINER_TYPE_NONE",
      "trainer_sight_or_berry_tree_id": "0",
      "script": "PewterCity_EventScript_Lass",
      "flag": "0",
      "in_connection": false
    },
    {
      "type": "object",
      "graphics_id": "OBJ_EVENT_GFX_SUPER_NERD",
      "x": 33,
      "y": 17,
      "elevation": 3,
      "movement_type": "MOVEMENT_TYPE_LOOK_AROUND",
      "movement_range_x": 1,
      "movement_range_y": 1,
      "trainer_type": "TRAINER_TYPE_NONE",
      "trainer_sight_or_berry_tree_id": "0",
      "script": "PewterCity_EventScript_MuseumGuide",
      "flag": "FLAG_HIDE_PEWTER_MUSEUM_GUIDE",
      "in_connection": false
    },
    {
      "type": "object",
      "graphics_id": "OBJ_EVENT_GFX_COOLTRAINER_M",
      "x": 23,
      "y": 25,
      "elevation": 3,
      "movement_type": "MOVEMENT_TYPE_FACE_DOWN",
      "movement_range_x": 1,
      "movement_range_y": 1,
      "trainer_type": "TRAINER_TYPE_NONE",
      "trainer_sight_or_berry_tree_id": "0",
      "script": "PewterCity_EventScript_FatMan",
      "flag": "0",
      "in_connection": false
    },
    {
      "type": "object",
      "graphics_id": "OBJ_EVENT_GFX_SUPER_NERD",
      "x": 32,
      "y": 25,
      "elevation": 3,
      "movement_type": "MOVEMENT_TYPE_WANDER_LEFT_AND_RIGHT",
      "movement_range_x": 2,
      "movement_range_y": 1,
      "trainer_type": "TRAINER_TYPE_NONE",
      "trainer_sight_or_berry_tree_id": "0",
      "script": "PewterCity_EventScript_BugCatcher",
      "flag": "0",
      "in_connection": false
    },
    {
      "type": "object",
      "graphics_id": "OBJ_EVENT_GFX_BOY",
      "x": 41,
      "y": 16,
      "elevation": 3,
      "movement_type": "MOVEMENT_TYPE_FACE_DOWN",
      "movement_range_x": 1,
      "movement_range_y": 1,
      "trainer_type": "TRAINER_TYPE_NONE",
      "trainer_sight_or_berry_tree_id": "0",
      "script": "PewterCity_EventScript_GymGuide",
      "flag": "FLAG_HIDE_PEWTER_CITY_GYM_GUIDE",
      "in_connection": false
    },
    {
      "type": "object",
      "graphics_id": "OBJ_EVENT_GFX_CUT_TREE",
      "x": 32,
      "y": 4,
      "elevation": 3,
      "movement_type": "MOVEMENT_TYPE_FACE_DOWN",
      "movement_range_x": 1,
      "movement_range_y": 1,
      "trainer_type": "TRAINER_TYPE_NONE",
      "trainer_sight_or_berry_tree_id": "0",
      "script": "EventScript_CutTree",
      "flag": "FLAG_TEMP_1B",
      "in_connection": false
    }
  ],
  "warp_events": [
    {
      "x": 20,
      "y": 7,
      "elevation": 0,
      "dest_map": "MAP_PEWTER_CITY_MUSEUM_1F",
      "dest_warp_id": "0"
    },
    {
      "x": 25,
      "y": 5,
      "elevation": 0,
      "dest_map": "MAP_PEWTER_CITY_MUSEUM_1F",
      "dest_warp_id": "2"
    },
    {
      "x": 22,
      "y": 17,
      "elevation": 0,
      "dest_map": "MAP_PEWTER_CITY_GYM",
      "dest_warp_id": "0"
    },
    {
      "x": 29,
      "y": 17,
      "elevation": 0,
      "dest_map": "MAP_PEWTER_CITY_MART",
      "dest_warp_id": "0"
    },
    {
      "x": 35,
      "y": 13,
      "elevation": 0,
      "dest_map": "MAP_PEWTER_CITY_HOUSE1",
      "dest_warp_id": "0"
    },
    {
      "x": 19,
      "y": 25,
      "elevation": 0,
      "dest_map": "MAP_PEWTER_CITY_POKEMON_CENTER_1F",
      "dest_warp_id": "0"
    },
    {
      "x": 13,
      "y": 29,
      "elevation": 0,
      "dest_map": "MAP_PEWTER_CITY_HOUSE2",
      "dest_warp_id": "0"
    }
  ],
  "coord_events": [
    {
      "type": "trigger",
      "x": 41,
      "y": 17,
      "elevation": 3,
      "var": "VAR_MAP_SCENE_PEWTER_CITY",
      "var_value": "0",
      "script": "PewterCity_EventScript_GymGuideTriggerTop"
    },
    {
      "type": "trigger",
      "x": 43,
      "y": 18,
      "elevation": 3,
      "var": "VAR_MAP_SCENE_PEWTER_CITY",
      "var_value": "0",
      "script": "PewterCity_EventScript_GymGuideTriggerMid"
    },
    {
      "type": "trigger",
      "x": 43,
      "y": 19,
      "elevation": 3,
      "var": "VAR_MAP_SCENE_PEWTER_CITY",
      "var_value": "0",
      "script": "PewterCity_EventScript_GymGuideTriggerBottom"
    },
    {
      "type": "trigger",
      "x": 42,
      "y": 17,
      "elevation": 3,
      "var": "VAR_MAP_SCENE_PEWTER_CITY",
      "var_value": "0",
      "script": "PewterCity_EventScript_GymGuideTriggerRight"
    }
  ],
  "bg_events": [
    {
      "type": "sign",
      "x": 21,
      "y": 9,
      "elevation": 0,
      "player_facing_dir": "BG_EVENT_PLAYER_FACING_ANY",
      "script": "PewterCity_EventScript_MuseumSign"
    },
    {
      "type": "sign",
      "x": 39,
      "y": 19,
      "elevation": 0,
      "player_facing_dir": "BG_EVENT_PLAYER_FACING_ANY",
      "script": "PewterCity_EventScript_PoliceNotice"
    },
    {
      "type": "sign",
      "x": 17,
      "y": 17,
      "elevation": 0,
      "player_facing_dir": "BG_EVENT_PLAYER_FACING_ANY",
      "script": "PewterCity_EventScript_GymSign"
    },
    {
      "type": "sign",
      "x": 25,
      "y": 29,
      "elevation": 0,
      "player_facing_dir": "BG_EVENT_PLAYER_FACING_ANY",
      "script": "PewterCity_EventScript_TrainerTips"
    },
    {
      "type": "sign",
      "x": 31,
      "y": 23,
      "elevation": 0,
      "player_facing_dir": "BG_EVENT_PLAYER_FACING_ANY",
      "script": "PewterCity_EventScript_CitySign"
    }
  ]
}
