<?xml version="1.0" encoding="UTF-8"?>
<metadata>
  <identifier>spongebob-version</identifier>
  <mediatype>software</mediatype>
  <collection>open_source_software</collection>
  <description>Ahoy! SpongeBob joins you as your starter. He is a dual Water/Fighting type. &lt;div&gt;&lt;br /&gt;&lt;/div&gt;&lt;div&gt;SpongeBob replaces Squirtle as a starter and overwrites Mew's data/slot.&lt;/div&gt;&lt;div&gt;&lt;br /&gt;&lt;/div&gt;&lt;div&gt;This patch is for Pokémon Red.&lt;/div&gt;</description>
  <language>eng</language>
  <scanner>Internet Archive HTML5 Uploader 1.7.0</scanner>
  <subject>romhack</subject>
  <title>Pokemon: SpongeBob Version</title>
  <subject>pokemon</subject>
  <subject>spongebob</subject>
  <uploader>ohheyyoupeople@gmail.com</uploader>
  <publicdate>2025-06-30 20:32:05</publicdate>
  <addeddate>2025-06-30 20:32:05</addeddate>
  <curation>[curator]validator@archive.org[/curator][date]20250630203743[/date][comment]checked for malware[/comment]</curation>
</metadata>
