<?xml version="1.0" encoding="UTF-8"?>
<files>
  <file name="SpongeBobVersion.bps" source="original">
    <mtime>1751315505</mtime>
    <size>7257</size>
    <md5>1fe7c9735f6ff1b8630a41988bdf6005</md5>
    <crc32>2144df1c</crc32>
    <sha1>1afcd444085c26a0b93647957ee80e75f8e079bb</sha1>
    <format>Unknown</format>
    <viruscheck>1751315863</viruscheck>
  </file>
  <file name="spongebob-version_archive.torrent" source="metadata">
    <btih>b3efb9b0bfe788b578e6ed72671ea6f719a6c7af</btih>
    <mtime>1751315864</mtime>
    <size>1696</size>
    <md5>59ccb59bee9a42b0ade28e46f6591140</md5>
    <crc32>3e662cf4</crc32>
    <sha1>4ddda822619719c68432281df402ad39314d7cca</sha1>
    <format>Archive BitTorrent</format>
  </file>
  <file name="spongebob-version_files.xml" source="original">
    <format>Metadata</format>
    <md5>684ce12568043d49387bc64410140011</md5>
    <summation>md5</summation>
  </file>
  <file name="spongebob-version_meta.sqlite" source="original">
    <mtime>1751315542</mtime>
    <size>20480</size>
    <md5>4f4e7b51badc4943415514704a0147f9</md5>
    <crc32>95c909b8</crc32>
    <sha1>a3c8b57a2286d8e7a7c5ddc7b427e3ceb3256959</sha1>
    <format>Metadata</format>
  </file>
  <file name="spongebob-version_meta.xml" source="original">
    <mtime>1751315863</mtime>
    <size>1004</size>
    <md5>2606db14970cc4e1829b094ce6640fd4</md5>
    <crc32>d05dca3d</crc32>
    <sha1>5ffdd6d830cacd99996b01312c69a93d9a1a9f45</sha1>
    <format>Metadata</format>
  </file>
</files>
