<?xml version="1.0" encoding="UTF-8"?>
<files>
  <file name="__ia_thumb.jpg" source="original">
    <mtime>1711729985</mtime>
    <size>14783</size>
    <md5>df4dae2d831d452923b43350343b54e5</md5>
    <crc32>68b4349e</crc32>
    <sha1>80c478e9af68bad893202ea040f6267562c23153</sha1>
    <format>Item Tile</format>
  </file>
  <file name="b3313 V1.0 hotfix debug.bps" source="original">
    <mtime>1713888211</mtime>
    <size>29601847</size>
    <md5>f01aa613740e77d4892ab8535431b860</md5>
    <crc32>2144df1c</crc32>
    <sha1>e482d8dc7fbb2de10db7eff054dff8c0c87888ff</sha1>
    <format>Unknown</format>
    <viruscheck>1713888582</viruscheck>
  </file>
  <file name="b3313 V1.0 hotfix debug.png" source="original">
    <mtime>1711729973</mtime>
    <size>257636</size>
    <md5>cf422e7db183e29f3607b33c211aaab9</md5>
    <crc32>55d4832a</crc32>
    <sha1>4725c0b4ed31b3623b95a4d5fea7a0dd93f38631</sha1>
    <format>PNG</format>
  </file>
  <file name="b3313 V1.0 hotfix debug_thumb.jpg" source="derivative">
    <format>JPEG Thumb</format>
    <original>b3313 V1.0 hotfix debug.png</original>
    <mtime>1711730144</mtime>
    <size>7777</size>
    <md5>e0326f9aa322d6edb68a30030265f734</md5>
    <crc32>d90b23e2</crc32>
    <sha1>ad2a0ab556cf2eeb179bf803786da2c148562cb4</sha1>
  </file>
  <file name="b3313 V1.0 hotfix tweaked.bps" source="original">
    <mtime>1711730119</mtime>
    <size>29601742</size>
    <md5>6f65f12cc11d799376913faae936e38a</md5>
    <crc32>2144df1c</crc32>
    <sha1>cc4d037b0ff05ff203704d6f4b99062fe15e32e4</sha1>
    <format>Unknown</format>
    <viruscheck>1711730136</viruscheck>
  </file>
  <file name="b3313-v1.0-debug-tweaks_202403_archive.torrent" source="metadata">
    <btih>c919f955f1a0bf22764a24adf2134b3f2ef27b8b</btih>
    <mtime>1715427354</mtime>
    <size>4810</size>
    <md5>34b7874fcd14ff91ed418c2dd6e27bd4</md5>
    <crc32>0aa5deeb</crc32>
    <sha1>1f5ec9ac3d4c4d005baa477c54aac3187a77849c</sha1>
    <format>Archive BitTorrent</format>
  </file>
  <file name="b3313-v1.0-debug-tweaks_202403_files.xml" source="original">
    <format>Metadata</format>
    <md5>8ae4b34100d9edc33f97b997dd1f0664</md5>
    <summation>md5</summation>
  </file>
  <file name="b3313-v1.0-debug-tweaks_202403_meta.sqlite" source="original">
    <mtime>1713888220</mtime>
    <size>36864</size>
    <md5>82baed05251bc26463979fe70edfb8d5</md5>
    <crc32>582e4ee8</crc32>
    <sha1>02c7c6abf48b08d9da964ffd6c672bc3f2935b3f</sha1>
    <format>Metadata</format>
  </file>
  <file name="b3313-v1.0-debug-tweaks_202403_meta.xml" source="original">
    <mtime>1715427353</mtime>
    <size>2765</size>
    <md5>f2fd75b633a676c2bd681f77bc4ce7d2</md5>
    <crc32>1aae85e3</crc32>
    <sha1>39be2c6e1e61485a36a56b8a78a835bd22466dde</sha1>
    <format>Metadata</format>
  </file>
</files>
