<?xml version="1.0" encoding="UTF-8"?>
<metadata>
  <identifier>b3313-v1.0-debug-tweaks_202403</identifier>
  <mediatype>software</mediatype>
  <collection>open_source_software</collection>
  <creator>Christopher Rios Lillo and the B3313 Team</creator>
  <date>2024-03-27</date>
  <description>I made two bps patches for the final hotfix release of B3313 1.0.&lt;br /&gt;Apply to an original US version of SM64. Don't try to use both at the same time.&lt;br /&gt;&lt;br /&gt;I based my patches on the coloured Goomba fix released March 27th, 2024. With difficulty scaling coloured Goombas will spawn as intended.&lt;br /&gt;&lt;br /&gt;- Debug Menu Restored -&lt;br /&gt;&lt;br /&gt;Press L-Trigger ingame to display various stats such as what map you're in, how many red stars you have, AI difficulty scaling values etc.&lt;br /&gt;&lt;br /&gt;Press C-Up + L-Trigger once to access a sound test.&lt;br /&gt;D-Pad Left and Right selects a song ID and L-Trigger plays the song.&lt;br /&gt;D-Pad Up and Down allows you to change the soundfont, tempo etc.&lt;br /&gt;&lt;br /&gt;Press C-Up + L-Trigger twice to access no clip mode.&lt;br /&gt;D-Pad Left activates no clip.&lt;br /&gt;D-Pad Right displays a random AI message.&lt;br /&gt;&lt;br /&gt;- Chlorobyte's Tweaks -&lt;br /&gt;&lt;br /&gt;Chlorobyte's tweaks fix the Captain Fly Guy boss, red star progression and remove debug mode. I take no credit, I only ported them over to the final B3313 release.&lt;br /&gt;&lt;br /&gt;Have fun!</description>
  <language>eng</language>
  <scanner>Internet Archive HTML5 Uploader 1.7.0</scanner>
  <subject>b3313</subject>
  <subject>super</subject>
  <subject>mario</subject>
  <subject>64</subject>
  <subject>internal</subject>
  <subject>plexus</subject>
  <subject>nintendo</subject>
  <subject>shoshinkai</subject>
  <subject>spaceworld</subject>
  <subject>beta</subject>
  <subject>1995</subject>
  <subject>prototype</subject>
  <subject>proto</subject>
  <subject>personalized</subject>
  <subject>creepypasta</subject>
  <subject>romhack</subject>
  <subject>hack</subject>
  <subject>mod</subject>
  <subject>project</subject>
  <subject>official</subject>
  <subject>gigaleak</subject>
  <subject>n64</subject>
  <subject>patch</subject>
  <subject>ultra</subject>
  <subject>brothers</subject>
  <subject>bros</subject>
  <subject>cartridge</subject>
  <subject>haunted</subject>
  <subject>build</subject>
  <title>B3313 v1.0 Debug Menu Restored + Tweaks</title>
  <uploader>plopsie@gmx.net</uploader>
  <publicdate>2024-03-29 16:32:52</publicdate>
  <addeddate>2024-03-29 16:32:52</addeddate>
  <curation>[curator]validator@archive.org[/curator][date]20240329163311[/date][comment]checked for malware[/comment]</curation>
  <year>2024</year>
</metadata>
