<?xml version="1.0" encoding="UTF-8"?>
<files>
  <file name="Contravania Ecclesia Edition Plus Bill Rizer Wii U (Brightness Fix) [WUP].7z" source="original">
    <mtime>1742763178</mtime>
    <size>82207438</size>
    <md5>a3be5e2fa042d4e6673c686f4431cc8c</md5>
    <crc32>03d73269</crc32>
    <sha1>378070c40eba7153c3550ffcdec4e2e04b5907d1</sha1>
    <format>7z</format>
    <filecount>19</filecount>
  </file>
  <file name="Contravania Ecclesia Edition Plus Bill Rizer Wii U (Brightness Fix) [WUP].jpg" source="original">
    <mtime>1742763206</mtime>
    <size>75330</size>
    <md5>10d93b8b6fda114388af165fac1e3eb1</md5>
    <crc32>c41c1a0a</crc32>
    <sha1>8a748ea5a75313e8f63169d6dbf7c955c5e9ba8a</sha1>
    <format>JPEG</format>
  </file>
  <file name="Contravania Ecclesia Edition Plus Bill Rizer Wii U (Brightness Fix) [WUP]_thumb.jpg" source="derivative">
    <format>JPEG Thumb</format>
    <original>Contravania Ecclesia Edition Plus Bill Rizer Wii U (Brightness Fix) [WUP].jpg</original>
    <mtime>1742763328</mtime>
    <size>9871</size>
    <md5>208a0342d0b4f0e460e4c9c4d71e4be3</md5>
    <crc32>118d4a56</crc32>
    <sha1>d2a9d82d92156f86fbae5b99ffc6ec035783f89c</sha1>
  </file>
  <file name="__ia_thumb.jpg" source="original">
    <mtime>1742763277</mtime>
    <size>12360</size>
    <md5>11fffb74bb82239d9d86fbed8261a68e</md5>
    <crc32>540986ce</crc32>
    <sha1>2c56e058c0a5dbb019776e966c4a6af48dc44f02</sha1>
    <format>Item Tile</format>
  </file>
  <file name="contravania-ecclesia-edition-plus-bill-rizer-wii-u-brightness-fix-wup.-7z_archive.torrent" source="metadata">
    <btih>350167bf5201217f43822b18e4753d9d4b876ff2</btih>
    <mtime>1742763339</mtime>
    <size>6039</size>
    <md5>19c9a40ab58b511672cbdc9cbc8616ba</md5>
    <crc32>aa66319f</crc32>
    <sha1>e00289b1f9fed1ea4adf4625c7eae807126e0954</sha1>
    <format>Archive BitTorrent</format>
  </file>
  <file name="contravania-ecclesia-edition-plus-bill-rizer-wii-u-brightness-fix-wup.-7z_files.xml" source="original">
    <format>Metadata</format>
    <md5>718228e5b0a4341407bc9d924428a42d</md5>
    <summation>md5</summation>
  </file>
  <file name="contravania-ecclesia-edition-plus-bill-rizer-wii-u-brightness-fix-wup.-7z_meta.sqlite" source="original">
    <mtime>1742763242</mtime>
    <size>32768</size>
    <md5>6b1fc1ab41f0ae0155f7b83cb870dc95</md5>
    <crc32>961eabf6</crc32>
    <sha1>a0a18919adb1eb1563c95bb67858de2b39e464b2</sha1>
    <format>Metadata</format>
  </file>
  <file name="contravania-ecclesia-edition-plus-bill-rizer-wii-u-brightness-fix-wup.-7z_meta.xml" source="original">
    <mtime>1742763313</mtime>
    <size>3849</size>
    <md5>66ca391f634470a12697e6c35ceef3af</md5>
    <crc32>b60fe28a</crc32>
    <sha1>990176655e3bf8e5a4b0baf73d838472dc9540e6</sha1>
    <format>Metadata</format>
  </file>
</files>
