<?xml version="1.0" encoding="UTF-8"?>
<metadata>
  <identifier>contravania-ecclesia-edition-plus-bill-rizer-wii-u-brightness-fix-wup.-7z</identifier>
  <mediatype>software</mediatype>
  <collection>open_source_software</collection>
  <description>&lt;div&gt;&lt;p&gt;Contravania - Ecclesia Edition + is a 
Contra Fan games for Castlevania 
Order of Ecclesia (USA) (EN, Fr). (The previous name is Contravania in Ecclesia)
The only playable mode for this hack is the Albus Mode, so &lt;span class="bold"&gt;don’t click “Don’t Play”&lt;/span&gt;.
&lt;/p&gt;
&lt;p&gt;This is the primary hack involving Contra Character, looking for sans and others?
Click here: &lt;a href="https://www.romhacking.net/hacks/7528/" rel="ugc nofollow"&gt;&lt;/a&gt;&lt;a href="https://www.romhacking.net/hacks/7528/" rel="ugc nofollow"&gt; https://www.romhacking.net/hacks/7528/&lt;/a&gt;
&lt;/p&gt;
&lt;p&gt;&lt;span class="bold"&gt;
&lt;span class="bold"&gt;Instruction Manual&lt;/span&gt;. 
This Instruction section aims to ensure that the hack was patched successfully without any errors or crashes.&lt;/span&gt;&lt;/p&gt;
&lt;ul&gt;&lt;li&gt;Read the “ROM / ISO Information”, those are the EXACT ROM required to patch the MOD&lt;/li&gt;&lt;li&gt;Use a TRUSTED patching tool from the TRUSTED website&lt;/li&gt;&lt;li&gt; There are 5 (FIVE) Patches in the Zip File, CLEAN ROM for EACH 
PATCH!!! Do NOT use a Pre-patched ROM to patch this hack. (Renaming the 
file for clean organization)&lt;/li&gt;&lt;li&gt;Use a TRUSTED Emulator to play (MelonDS or Desmume)&lt;/li&gt;&lt;/ul&gt;
&lt;p&gt;You must’ve done something wrong if there’s still a problem with the output.
&lt;/p&gt;
&lt;p&gt;&lt;span class="bold"&gt;What’s NEW? (1.2.0)&lt;/span&gt;.
&lt;/p&gt;
&lt;ul&gt;&lt;li&gt;&lt;span class="bold"&gt;Various Bug fix&lt;/span&gt; &lt;/li&gt;&lt;li&gt;&lt;span class="bold"&gt;Gameplay improvement&lt;/span&gt; &lt;/li&gt;&lt;li&gt;&lt;span class="bold"&gt;Buffed some characters&lt;/span&gt; &lt;/li&gt;&lt;li&gt;&lt;span class="bold"&gt;Improved Music&lt;/span&gt; &lt;/li&gt;&lt;li&gt;&lt;span class="bold"&gt;Nerfed Eligor, Death, and Dracula because O, BOI these bosses is over tuned.&lt;/span&gt; &lt;/li&gt;&lt;li&gt;&lt;span class="bold"&gt;New secret?&lt;/span&gt; &lt;/li&gt;&lt;/ul&gt;&lt;br /&gt;&lt;/div&gt;&lt;div&gt;Playable Character: Bill Rizer&lt;/div&gt;&lt;div&gt;&lt;p&gt;&lt;span class="bold"&gt;Difficulty&lt;/span&gt;.
Just like Contra, the game difficulty increases the more you progress to another level. But in the end, the game is &lt;span class="bold"&gt;Fair.&lt;/span&gt;.
&lt;/p&gt;
&lt;ul&gt;&lt;li&gt;All enemies in this game have NO Weakness and Resistance to your 
Machine gun, utilizing those weapons properly is the key to victory.&lt;/li&gt;&lt;li&gt;When you double jump, your hitbox is Smaller, allowing you to evade more enemies.&lt;/li&gt;&lt;li&gt;Added extra power-ups throughout the world.&lt;/li&gt;&lt;li&gt;Some characters have extra quirks such as Iframes and more DMG, utilize it properly.&lt;/li&gt;&lt;li&gt;Some bosses have been buffed because of how easy it is (Except Blackmore, Death, Eligor, and Dracula.)&lt;/li&gt;&lt;li&gt;Don’t get greedy…&lt;/li&gt;&lt;/ul&gt;
&lt;p&gt;Enjoy the game!&lt;/p&gt;&lt;br /&gt;&lt;/div&gt;</description>
  <scanner>Internet Archive HTML5 Uploader 1.7.0</scanner>
  <subject>castlevania</subject>
  <title>Contravania Ecclesia Edition Plus Bill Rizer Wii U (Brightness Fix) [WUP]. 7z</title>
  <subject>contra</subject>
  <subject>wii u</subject>
  <subject>wup</subject>
  <uploader>eldritchpenumbra@aol.com</uploader>
  <publicdate>2025-03-23 20:53:34</publicdate>
  <addeddate>2025-03-23 20:53:34</addeddate>
  <curation>[curator]validator@archive.org[/curator][date]20250323205513[/date][comment]checked for malware[/comment]</curation>
</metadata>
