{
  "id": "MAP_SEVEN_ISLAND_SEVAULT_CANYON_TANOBY_KEY",
  "name": "SevenIsland_SevaultCanyon_TanobyKey",
  "layout": "LAYOUT_SEVEN_ISLAND_SEVAULT_CANYON_TANOBY_KEY",
  "music": "MUS_SEVII_DUNGEON",
  "region_map_section": "MAPSEC_TANOBY_KEY",
  "requires_flash": false,
  "weather": "WEATHER_NONE",
  "map_type": "MAP_TYPE_UNDERGROUND",
  "allow_cycling": true,
  "allow_escaping": true,
  "allow_running": true,
  "show_map_name": true,
  "floor_number": 0,
  "battle_scene": "MAP_BATTLE_SCENE_INDOOR_1",
  "connections": 0,
  "object_events": [
    {
      "type": "object",
      "graphics_id": "OBJ_EVENT_GFX_PUSHABLE_BOULDER",
      "x": 7,
      "y": 6,
      "elevation": 3,
      "movement_type": "MOVEMENT_TYPE_LOOK_AROUND",
      "movement_range_x": 0,
      "movement_range_y": 0,
      "trainer_type": "TRAINER_TYPE_NONE",
      "trainer_sight_or_berry_tree_id": "0",
      "script": "EventScript_StrengthBoulder",
      "flag": "0"
    },
    {
      "type": "object",
      "graphics_id": "OBJ_EVENT_GFX_PUSHABLE_BOULDER",
      "x": 8,
      "y": 6,
      "elevation": 3,
      "movement_type": "MOVEMENT_TYPE_LOOK_AROUND",
      "movement_range_x": 0,
      "movement_range_y": 0,
      "trainer_type": "TRAINER_TYPE_NONE",
      "trainer_sight_or_berry_tree_id": "0",
      "script": "EventScript_StrengthBoulder",
      "flag": "0"
    },
    {
      "type": "object",
      "graphics_id": "OBJ_EVENT_GFX_PUSHABLE_BOULDER",
      "x": 8,
      "y": 9,
      "elevation": 3,
      "movement_type": "MOVEMENT_TYPE_LOOK_AROUND",
      "movement_range_x": 0,
      "movement_range_y": 0,
      "trainer_type": "TRAINER_TYPE_NONE",
      "trainer_sight_or_berry_tree_id": "0",
      "script": "EventScript_StrengthBoulder",
      "flag": "0"
    },
    {
      "type": "object",
      "graphics_id": "OBJ_EVENT_GFX_PUSHABLE_BOULDER",
      "x": 6,
      "y": 10,
      "elevation": 3,
      "movement_type": "MOVEMENT_TYPE_LOOK_AROUND",
      "movement_range_x": 0,
      "movement_range_y": 0,
      "trainer_type": "TRAINER_TYPE_NONE",
      "trainer_sight_or_berry_tree_id": "0",
      "script": "EventScript_StrengthBoulder",
      "flag": "0"
    },
    {
      "type": "object",
      "graphics_id": "OBJ_EVENT_GFX_PUSHABLE_BOULDER",
      "x": 8,
      "y": 10,
      "elevation": 3,
      "movement_type": "MOVEMENT_TYPE_LOOK_AROUND",
      "movement_range_x": 0,
      "movement_range_y": 0,
      "trainer_type": "TRAINER_TYPE_NONE",
      "trainer_sight_or_berry_tree_id": "0",
      "script": "EventScript_StrengthBoulder",
      "flag": "0"
    },
    {
      "type": "object",
      "graphics_id": "OBJ_EVENT_GFX_PUSHABLE_BOULDER",
      "x": 6,
      "y": 9,
      "elevation": 3,
      "movement_type": "MOVEMENT_TYPE_LOOK_AROUND",
      "movement_range_x": 0,
      "movement_range_y": 0,
      "trainer_type": "TRAINER_TYPE_NONE",
      "trainer_sight_or_berry_tree_id": "0",
      "script": "EventScript_StrengthBoulder",
      "flag": "0"
    },
    {
      "type": "object",
      "graphics_id": "OBJ_EVENT_GFX_PUSHABLE_BOULDER",
      "x": 6,
      "y": 6,
      "elevation": 3,
      "movement_type": "MOVEMENT_TYPE_LOOK_AROUND",
      "movement_range_x": 0,
      "movement_range_y": 0,
      "trainer_type": "TRAINER_TYPE_NONE",
      "trainer_sight_or_berry_tree_id": "0",
      "script": "EventScript_StrengthBoulder",
      "flag": "0"
    }
  ],
  "warp_events": [
    {
      "x": 7,
      "y": 13,
      "elevation": 3,
      "dest_map": "MAP_SEVEN_ISLAND_SEVAULT_CANYON",
      "dest_warp_id": "0"
    }
  ],
  "coord_events": [
    {
      "type": "trigger",
      "x": 7,
      "y": 2,
      "elevation": 3,
      "var": "VAR_TEMP_1",
      "var_value": "99",
      "script": "SevenIsland_SevaultCanyon_TanobyKey_EventScript_Switch1"
    },
    {
      "type": "trigger",
      "x": 9,
      "y": 8,
      "elevation": 3,
      "var": "VAR_TEMP_7",
      "var_value": "99",
      "script": "SevenIsland_SevaultCanyon_TanobyKey_EventScript_Switch7"
    },
    {
      "type": "trigger",
      "x": 5,
      "y": 8,
      "elevation": 3,
      "var": "VAR_TEMP_6",
      "var_value": "99",
      "script": "SevenIsland_SevaultCanyon_TanobyKey_EventScript_Switch6"
    },
    {
      "type": "trigger",
      "x": 9,
      "y": 6,
      "elevation": 3,
      "var": "VAR_TEMP_5",
      "var_value": "99",
      "script": "SevenIsland_SevaultCanyon_TanobyKey_EventScript_Switch5"
    },
    {
      "type": "trigger",
      "x": 5,
      "y": 6,
      "elevation": 3,
      "var": "VAR_TEMP_4",
      "var_value": "99",
      "script": "SevenIsland_SevaultCanyon_TanobyKey_EventScript_Switch4"
    },
    {
      "type": "trigger",
      "x": 10,
      "y": 4,
      "elevation": 3,
      "var": "VAR_TEMP_3",
      "var_value": "99",
      "script": "SevenIsland_SevaultCanyon_TanobyKey_EventScript_Switch3"
    },
    {
      "type": "trigger",
      "x": 4,
      "y": 4,
      "elevation": 3,
      "var": "VAR_TEMP_2",
      "var_value": "99",
      "script": "SevenIsland_SevaultCanyon_TanobyKey_EventScript_Switch2"
    }
  ],
  "bg_events": [

  ]
}
