<?xml version="1.0" encoding="UTF-8"?>
<metadata>
  <identifier>chili96flashbacks</identifier>
  <mediatype>software</mediatype>
  <collection>open_source_software</collection>
  <creator>stalechilibeans</creator>
  <date>2022-06-11</date>
  <description>&lt;div&gt;Late February/Early March 1996 build interpretation&lt;/div&gt;&lt;div&gt;&lt;br /&gt;&lt;/div&gt;&lt;div&gt;Official mirror of https://romhacking.com/hack/96flashbacks&lt;/div&gt;&lt;div&gt;&lt;br /&gt;&lt;/div&gt;&lt;div&gt;Make sure to patch the .bps files into a US SM64 ROM (it has to be this way now because of romhacking.com's policies...)&lt;/div&gt;&lt;div&gt;&lt;br /&gt;&lt;/div&gt;&lt;div&gt;Enjoy!&lt;br /&gt;&lt;/div&gt;</description>
  <scanner>Internet Archive HTML5 Uploader 1.7.0</scanner>
  <subject>sm64; sm64 beta; pre-e3; nintendo 64; n64</subject>
  <subject>beta</subject>
  <title>96flashbacks</title>
  <uploader>rj6205703@gmail.com</uploader>
  <publicdate>2024-05-13 05:46:17</publicdate>
  <addeddate>2024-05-13 05:46:17</addeddate>
  <curation>[curator]validator@archive.org[/curator][date]20240513055244[/date][comment]checked for malware[/comment]</curation>
  <year>2022</year>
  <contributor>1up-Guy, K-Dubs, Sleekflash-16</contributor>
  <publisher>stalechilibeans</publisher>
</metadata>
