<?xml version="1.0" encoding="UTF-8"?>
<files>
  <file name="96flashbacks-v1.0.bps" source="original">
    <mtime>1715579147</mtime>
    <size>803266</size>
    <md5>30cacd3decca127c483294376c598c52</md5>
    <crc32>2144df1c</crc32>
    <sha1>15625ac26a30b670395ababc0b897eaed6169ed5</sha1>
    <format>Information</format>
    <viruscheck>1721356187</viruscheck>
    <title>v1.0</title>
  </file>
  <file name="96flashbacks-v1.1.zip" source="original">
    <mtime>1715579167</mtime>
    <size>2213511</size>
    <md5>98610b695d1f1cb6a108599808bdd1d7</md5>
    <crc32>17080ddb</crc32>
    <sha1>cddbfface32c49915aabf34728a51156be46af95</sha1>
    <format>ZIP</format>
    <filecount>5</filecount>
    <viruscheck>1721356187</viruscheck>
    <title>v1.1</title>
  </file>
  <file name="__ia_thumb.jpg" source="original">
    <mtime>1715579504</mtime>
    <size>8799</size>
    <md5>b061a906f23eaf2f5c4c5085c1d02ff5</md5>
    <crc32>3cdfd363</crc32>
    <sha1>faef43e91dcc6acababbe10fc794fc8829050377</sha1>
    <format>Item Tile</format>
  </file>
  <file name="chili96flashbacks_archive.torrent" source="metadata">
    <btih>f60fc1018f325083ab465bb77b6d5ce7ecc2350c</btih>
    <mtime>1721434740</mtime>
    <size>2500</size>
    <md5>3b629f5a3bcfec1d994dd767ad547bbb</md5>
    <crc32>a4e9a14b</crc32>
    <sha1>6f372c71c87289310aef42073e182cf62127c66e</sha1>
    <format>Archive BitTorrent</format>
  </file>
  <file name="chili96flashbacks_files.xml" source="original">
    <format>Metadata</format>
    <md5>ca06446998f958e50137158a7dc94b26</md5>
    <summation>md5</summation>
  </file>
  <file name="chili96flashbacks_meta.sqlite" source="original">
    <mtime>1721434738</mtime>
    <size>28672</size>
    <md5>3160e49218f189bc603f6c4fe514f45d</md5>
    <crc32>0f310e5f</crc32>
    <sha1>2c353c14dddbdd80b9ad9871023c62fdd98ddd9e</sha1>
    <format>Metadata</format>
  </file>
  <file name="chili96flashbacks_meta.xml" source="original">
    <mtime>1715581679</mtime>
    <size>1291</size>
    <md5>e8366f30b1cd35e6ca26af7760ef0848</md5>
    <crc32>fa20474a</crc32>
    <sha1>465b3a9b86ad3ed5c36d98280a146a09e842d57c</sha1>
    <format>Metadata</format>
  </file>
  <file name="preview.png" source="original">
    <mtime>1715579269</mtime>
    <size>277208</size>
    <md5>e649c9476c8e34b90a1465e4c0905862</md5>
    <crc32>9026e777</crc32>
    <sha1>6e52b76f49f48388ba44cf36f0d59d5b87d3685f</sha1>
    <format>PNG</format>
  </file>
  <file name="preview_thumb.jpg" source="derivative">
    <format>JPEG Thumb</format>
    <original>preview.png</original>
    <mtime>1715579593</mtime>
    <size>6473</size>
    <md5>440a5a0fd587bb92fe1d3454ca86a8f7</md5>
    <crc32>adbbd559</crc32>
    <sha1>76085fe3e12c0472c4e658fba657212fb2122f97</sha1>
  </file>
</files>
