<wiidisc version="1" root="">
  <id game="RZT" />
  <region type="E" />
  <options>
    <section name="WSR Kaizo Swordplay Showdown">
      <option name="Kaizo Swordplay Showdown">
        <choice name="Kaizo Stages">
          <patch id="swfkaizostages" />
        </choice>
      </option>
    </section>
  </options>
 <patch id="swfkaizostages">
    <file disc="/Stage/SwfScene/Kumite.carc" external="/WSR Kaizo Showdown/SwfScene/KumiteKaizo.carc" offset="" />
    <file disc="/US/Message/message.carc" external="/WSR Kaizo Showdown/US/Message/messagekaizo.carc" offset="" />
  </patch>
</wiidisc>