<?xml version="1.0" encoding="UTF-8"?>
<files>
  <file name="EasyCrudelo.zip" source="original">
    <mtime>1690621964</mtime>
    <size>2807948</size>
    <md5>d329b933871d3f7da953eec4fb3a6e31</md5>
    <crc32>68e2b110</crc32>
    <sha1>1dbf4d3a58393480108a666ca35b0989e1e576c6</sha1>
    <format>ZIP</format>
    <filecount>2</filecount>
    <viruscheck>1690622420</viruscheck>
  </file>
  <file name="__ia_thumb.jpg" source="original">
    <mtime>1690622863</mtime>
    <size>12254</size>
    <md5>3e498a4962e5e218d7355d4a0a2f8e12</md5>
    <crc32>29d0886b</crc32>
    <sha1>0b73b49e6b4a7a1274857e318049a1127805ba3a</sha1>
    <format>Item Tile</format>
    <rotation>0</rotation>
  </file>
  <file name="easy-crudelo_archive.torrent" source="metadata">
    <btih>e67f08c14d2459f911428aa98b7d777871534702</btih>
    <mtime>1690622977</mtime>
    <size>2257</size>
    <md5>be40fd5971e0d1d50d4c7c59c3df623e</md5>
    <crc32>8e40c961</crc32>
    <sha1>c515864bc145a485b12650c342a72d717eec205b</sha1>
    <format>Archive BitTorrent</format>
  </file>
  <file name="easy-crudelo_files.xml" source="original">
    <format>Metadata</format>
    <md5>890d02da5ebabf021dfc6a6343c61bd7</md5>
    <summation>md5</summation>
  </file>
  <file name="easy-crudelo_meta.sqlite" source="original">
    <mtime>1690622862</mtime>
    <size>28672</size>
    <md5>533ce0617f16d26d1bad9cd2e2be07b8</md5>
    <crc32>00513c18</crc32>
    <sha1>8952a16ed22674dd2b5a0a1ebbf097c7ee3552b8</sha1>
    <format>Metadata</format>
  </file>
  <file name="easy-crudelo_meta.xml" source="original">
    <mtime>1690622776</mtime>
    <size>1964</size>
    <md5>cd513822951b56a6a3eb7878b5ccc268</md5>
    <crc32>a3248a50</crc32>
    <sha1>66c8e95769fd3b65c881d37659b95cd931677e03</sha1>
    <format>Metadata</format>
  </file>
  <file name="hqdefault.jpg" source="original">
    <mtime>1690622443</mtime>
    <size>40694</size>
    <md5>8ab3dcada291c4e29af30ae34f181cb7</md5>
    <crc32>77e3387a</crc32>
    <sha1>26d11d895feffb947a29829d60bdfe91028de5c1</sha1>
    <format>JPEG</format>
    <rotation>0</rotation>
  </file>
  <file name="hqdefault_thumb.jpg" source="derivative">
    <format>JPEG Thumb</format>
    <original>hqdefault.jpg</original>
    <mtime>1690622971</mtime>
    <size>9582</size>
    <md5>dffa77e542ad23f9d300b4217dbd58f0</md5>
    <crc32>c863fba8</crc32>
    <sha1>863086cf487e16fa017abe16c0fd98b06c979c7c</sha1>
  </file>
</files>
