<?xml version="1.0" encoding="UTF-8"?>
<metadata>
  <identifier>easy-crudelo</identifier>
  <mediatype>software</mediatype>
  <collection>open_source_software</collection>
  <creator>Lugmillord</creator>
  <date>2021-07-21</date>
  <description>&lt;div&gt;&lt;span class="yt-core-attributed-string yt-core-attributed-string--white-space-pre-wrap"&gt;&lt;span class="yt-core-attributed-string--link-inherit-color" style="color:rgb(255,255,255);"&gt;You can now book your trip around Crudelo Sphere! Explore one of the hardest Super Mario 64 levels without actually having to play it. Our agency has worked hard to make sure you can have a relaxed and enjoyable day.

Prices don't include food items or travel costs. Please follow the guidelines on site.&lt;/span&gt;&lt;/span&gt;&lt;/div&gt;&lt;div&gt;&lt;span class="yt-core-attributed-string yt-core-attributed-string--white-space-pre-wrap"&gt;&lt;span class="yt-core-attributed-string--link-inherit-color" style="color:rgb(255,255,255);"&gt;&lt;br /&gt;&lt;/span&gt;&lt;/span&gt;&lt;/div&gt;&lt;div&gt;&lt;span class="yt-core-attributed-string yt-core-attributed-string--white-space-pre-wrap"&gt;&lt;span class="yt-core-attributed-string--link-inherit-color" style="color:rgb(255,255,255);"&gt;A Super Mario 64 ROM Hack by Lugmillord&lt;br /&gt;&lt;/span&gt;&lt;/span&gt;&lt;/div&gt;</description>
  <language>eng</language>
  <scanner>Internet Archive HTML5 Uploader 1.7.0</scanner>
  <subject>Super Mario 64; Super Mario 64 ROM Hack; SM64; Lugmillord; Super Mario 74</subject>
  <title>Baby's First Crudelo Sphere [Super Mario 64 ROM Hack]</title>
  <uploader>jannis.tschan@hotmail.ch</uploader>
  <publicdate>2023-07-29 09:13:23</publicdate>
  <addeddate>2023-07-29 09:13:23</addeddate>
  <curation>[curator]validator@archive.org[/curator][date]20230729092020[/date][comment]checked for malware[/comment]</curation>
  <year>2021</year>
  <links>https://www.youtube.com/watch?v=gpEXA_oSkCU</links>
</metadata>
