<?xml version="1.0" encoding="UTF-8"?>
<metadata>
  <identifier>armored_core_undub_patch</identifier>
  <mediatype>software</mediatype>
  <collection>open_source_software</collection>
  <collection>community</collection>
  <creator>swosho</creator>
  <date>2021-11-30</date>
  <description>&lt;div&gt;Apply to a &lt;a href="http://redump.org/disc/3205/" rel="nofollow"&gt;Redump-compliant&lt;/a&gt; North American BIN (v1.1 / Agetec reprint): &lt;/div&gt;&lt;div&gt;CRC32: 32D117F3 | MD5: 34A3F5EA63AC6A6E9753E5FD38425D7E&lt;/div&gt;&lt;div&gt;&lt;br /&gt;&lt;/div&gt;&lt;div&gt;Everything's undubbed, with hardsubbed FMVs and zero English leftovers.&lt;/div&gt;&lt;div&gt;Unfortunately, there's an issue with a significant amount of XA-type voice clips cutting out prematurely, and I've no clue how to backport the Japanese textbox timings it yet.&lt;/div&gt;&lt;div&gt;&lt;br /&gt;&lt;/div&gt;&lt;div&gt;※ There is also a &lt;a href="https://hiddenpalace.org/Armored_Core_(Jul_3,_1997_prototype)" rel="nofollow"&gt;localisation prototype out there&lt;/a&gt;, featuring English text and Japanese voice acting with zero cutting out issues.&lt;/div&gt;&lt;div&gt;&lt;br /&gt;&lt;/div&gt;&lt;div&gt;&lt;a href="https://github.com/IvanDSM/KingsFieldRE/" rel="nofollow"&gt;checksum_tool&lt;/a&gt; by &lt;b&gt;&lt;i&gt;IvanDSM&lt;/i&gt;&lt;/b&gt; was used for calculating new checksums for the edited files.&lt;/div&gt;&lt;div&gt;&lt;br /&gt;&lt;/div&gt;&lt;div&gt;Version history:&lt;/div&gt;&lt;div&gt;2021-09-11 (v1.0 beta): Initial release&lt;/div&gt;&lt;div&gt;2021-11-30 (v1.1 beta): Fixed the endless loading screens&lt;/div&gt;</description>
  <language>eng</language>
  <language>jpn</language>
  <scanner>Internet Archive HTML5 Uploader 1.6.4</scanner>
  <subject>PlayStation</subject>
  <subject>PS1</subject>
  <subject>PSX</subject>
  <subject>Undub</subject>
  <subject>Mod</subject>
  <subject>FromSoftware</subject>
  <subject>Agetec</subject>
  <subject>Sony Computer Entertainment</subject>
  <subject>SCE</subject>
  <subject>SLUS-01323</subject>
  <title>Armored Core UNDUB patch</title>
  <uploader>swosho@gmail.com</uploader>
  <publicdate>2021-09-11 03:47:19</publicdate>
  <addeddate>2021-09-11 03:47:19</addeddate>
  <curation>[curator]validator@archive.org[/curator][date]20210911034741[/date][comment]checked for malware[/comment]</curation>
  <year>2021</year>
</metadata>
