<?xml version="1.0" encoding="UTF-8"?>
<files>
  <file name="Armored Core (U) UNDUB v1.1 beta.xdelta" source="original">
    <mtime>1638231261</mtime>
    <size>31421169</size>
    <md5>1884718a1cd032462345d0c3c5cfc71f</md5>
    <crc32>9aede910</crc32>
    <sha1>ed25b7d42f5ab793bcccbd56c5cc738919aebc67</sha1>
    <format>Unknown</format>
    <viruscheck>1638232128</viruscheck>
  </file>
  <file name="armored_core_undub_patch_archive.torrent" source="metadata">
    <btih>79fa7bf4f54633411dd5298a9b9d1b7d5e348540</btih>
    <mtime>1671015386</mtime>
    <size>2936</size>
    <md5>31371fe88647de60fd53489860baa403</md5>
    <crc32>459b4104</crc32>
    <sha1>038663d0e5dd51b67c9cffaf9d3fae118f8660f3</sha1>
    <format>Archive BitTorrent</format>
  </file>
  <file name="armored_core_undub_patch_files.xml" source="original">
    <format>Metadata</format>
    <md5>878f7c5b1986fe4aa352fcc7e16d55ff</md5>
    <summation>md5</summation>
  </file>
  <file name="armored_core_undub_patch_meta.sqlite" source="original">
    <mtime>1638231654</mtime>
    <size>20480</size>
    <md5>d8ad2fc1489c1ab2a96faf953e1b3be2</md5>
    <crc32>adf6196e</crc32>
    <sha1>b3a0cf41d932d59c472b4857f846da716488f2b8</sha1>
    <format>Metadata</format>
  </file>
  <file name="armored_core_undub_patch_meta.xml" source="original">
    <mtime>1671015385</mtime>
    <size>2400</size>
    <md5>66b633af1adcfb7ea93e4b9296e483c3</md5>
    <crc32>4f9c19fc</crc32>
    <sha1>5b975ebc7bdcfad6b33013cbb135f1b664f1e2c7</sha1>
    <format>Metadata</format>
  </file>
</files>
