{
  "id": "MAP_ROUTE13",
  "name": "Route13",
  "layout": "LAYOUT_ROUTE13",
  "music": "MUS_ROUTE11",
  "region_map_section": "MAPSEC_ROUTE_13",
  "requires_flash": false,
  "weather": "WEATHER_SUNNY",
  "map_type": "MAP_TYPE_ROUTE",
  "allow_cycling": true,
  "allow_escaping": false,
  "allow_running": true,
  "show_map_name": false,
  "floor_number": 0,
  "battle_scene": "MAP_BATTLE_SCENE_NORMAL",
  "connections": [
    {
      "map": "MAP_ROUTE12",
      "offset": 42,
      "direction": "up"
    },
    {
      "map": "MAP_ROUTE14",
      "offset": -3,
      "direction": "left"
    }
  ],
  "object_events": [
    {
      "type": "object",
      "graphics_id": "OBJ_EVENT_GFX_LASS",
      "x": 52,
      "y": 5,
      "elevation": 3,
      "movement_type": "MOVEMENT_TYPE_FACE_DOWN",
      "movement_range_x": 1,
      "movement_range_y": 1,
      "trainer_type": "TRAINER_TYPE_NORMAL",
      "trainer_sight_or_berry_tree_id": "3",
      "script": "Route13_EventScript_Alma",
      "flag": "0",
      "in_connection": false
    },
    {
      "type": "object",
      "graphics_id": "OBJ_EVENT_GFX_SUPER_NERD",
      "x": 51,
      "y": 10,
      "elevation": 3,
      "movement_type": "MOVEMENT_TYPE_FACE_RIGHT",
      "movement_range_x": 1,
      "movement_range_y": 1,
      "trainer_type": "TRAINER_TYPE_NORMAL",
      "trainer_sight_or_berry_tree_id": "2",
      "script": "Route13_EventScript_Sebastian",
      "flag": "0",
      "in_connection": false
    },
    {
      "type": "object",
      "graphics_id": "OBJ_EVENT_GFX_LASS",
      "x": 50,
      "y": 10,
      "elevation": 3,
      "movement_type": "MOVEMENT_TYPE_FACE_DOWN",
      "movement_range_x": 1,
      "movement_range_y": 1,
      "trainer_type": "TRAINER_TYPE_NORMAL",
      "trainer_sight_or_berry_tree_id": "1",
      "script": "Route13_EventScript_Susie",
      "flag": "0",
      "in_connection": false
    },
    {
      "type": "object",
      "graphics_id": "OBJ_EVENT_GFX_BEAUTY",
      "x": 32,
      "y": 6,
      "elevation": 3,
      "movement_type": "MOVEMENT_TYPE_FACE_DOWN",
      "movement_range_x": 1,
      "movement_range_y": 1,
      "trainer_type": "TRAINER_TYPE_NORMAL",
      "trainer_sight_or_berry_tree_id": "2",
      "script": "Route13_EventScript_Sheila",
      "flag": "0",
      "in_connection": false
    },
    {
      "type": "object",
      "graphics_id": "OBJ_EVENT_GFX_BEAUTY",
      "x": 33,
      "y": 6,
      "elevation": 3,
      "movement_type": "MOVEMENT_TYPE_FACE_DOWN",
      "movement_range_x": 1,
      "movement_range_y": 1,
      "trainer_type": "TRAINER_TYPE_NORMAL",
      "trainer_sight_or_berry_tree_id": "3",
      "script": "Route13_EventScript_Lola",
      "flag": "0",
      "in_connection": false
    },
    {
      "type": "object",
      "graphics_id": "OBJ_EVENT_GFX_LASS",
      "x": 27,
      "y": 9,
      "elevation": 3,
      "movement_type": "MOVEMENT_TYPE_FACE_DOWN",
      "movement_range_x": 1,
      "movement_range_y": 1,
      "trainer_type": "TRAINER_TYPE_NORMAL",
      "trainer_sight_or_berry_tree_id": "1",
      "script": "Route13_EventScript_Valerie",
      "flag": "0",
      "in_connection": false
    },
    {
      "type": "object",
      "graphics_id": "OBJ_EVENT_GFX_LASS",
      "x": 23,
      "y": 10,
      "elevation": 3,
      "movement_type": "MOVEMENT_TYPE_FACE_LEFT",
      "movement_range_x": 1,
      "movement_range_y": 1,
      "trainer_type": "TRAINER_TYPE_NORMAL",
      "trainer_sight_or_berry_tree_id": "2",
      "script": "Route13_EventScript_Gwen",
      "flag": "0",
      "in_connection": false
    },
    {
      "type": "object",
      "graphics_id": "OBJ_EVENT_GFX_COOLTRAINER_M",
      "x": 7,
      "y": 13,
      "elevation": 3,
      "movement_type": "MOVEMENT_TYPE_FACE_UP",
      "movement_range_x": 1,
      "movement_range_y": 1,
      "trainer_type": "TRAINER_TYPE_NORMAL",
      "trainer_sight_or_berry_tree_id": "3",
      "script": "Route13_EventScript_Robert",
      "flag": "0",
      "in_connection": false
    },
    {
      "type": "object",
      "graphics_id": "OBJ_EVENT_GFX_COOLTRAINER_M",
      "x": 12,
      "y": 4,
      "elevation": 3,
      "movement_type": "MOVEMENT_TYPE_FACE_RIGHT",
      "movement_range_x": 1,
      "movement_range_y": 1,
      "trainer_type": "TRAINER_TYPE_NORMAL",
      "trainer_sight_or_berry_tree_id": "2",
      "script": "Route13_EventScript_Perry",
      "flag": "0",
      "in_connection": false
    },
    {
      "type": "object",
      "graphics_id": "OBJ_EVENT_GFX_BIKER",
      "x": 10,
      "y": 7,
      "elevation": 3,
      "movement_type": "MOVEMENT_TYPE_FACE_UP",
      "movement_range_x": 1,
      "movement_range_y": 1,
      "trainer_type": "TRAINER_TYPE_NORMAL",
      "trainer_sight_or_berry_tree_id": "1",
      "script": "Route13_EventScript_Jared",
      "flag": "0",
      "in_connection": false
    },
    {
      "type": "object",
      "graphics_id": "OBJ_EVENT_GFX_CUT_TREE",
      "x": 34,
      "y": 4,
      "elevation": 3,
      "movement_type": "MOVEMENT_TYPE_FACE_DOWN",
      "movement_range_x": 1,
      "movement_range_y": 1,
      "trainer_type": "TRAINER_TYPE_NONE",
      "trainer_sight_or_berry_tree_id": "0",
      "script": "EventScript_CutTree",
      "flag": "FLAG_TEMP_1E",
      "in_connection": false
    }
  ],
  "warp_events": [

  ],
  "coord_events": [

  ],
  "bg_events": [
    {
      "type": "sign",
      "x": 31,
      "y": 11,
      "elevation": 0,
      "player_facing_dir": "BG_EVENT_PLAYER_FACING_ANY",
      "script": "Route13_EventScript_RouteSign"
    },
    {
      "type": "sign",
      "x": 33,
      "y": 5,
      "elevation": 0,
      "player_facing_dir": "BG_EVENT_PLAYER_FACING_ANY",
      "script": "Route13_EventScript_TrainerTips2"
    },
    {
      "type": "sign",
      "x": 15,
      "y": 13,
      "elevation": 0,
      "player_facing_dir": "BG_EVENT_PLAYER_FACING_ANY",
      "script": "Route13_EventScript_TrainerTips1"
    },
    {
      "type": "hidden_item",
      "x": 1,
      "y": 14,
      "elevation": 3,
      "item": "ITEM_PP_UP",
      "flag": "FLAG_HIDDEN_ITEM_ROUTE13_PP_UP",
      "quantity": 1,
      "underfoot": false
    },
    {
      "type": "hidden_item",
      "x": 16,
      "y": 13,
      "elevation": 3,
      "item": "ITEM_CALCIUM",
      "flag": "FLAG_HIDDEN_ITEM_ROUTE13_CALCIUM",
      "quantity": 1,
      "underfoot": false
    }
  ]
}
