﻿<wiidisc version="1" root="/Takt_eng">
    <id game="ROS">
      <region type="J" />
    </id>
    <options>
        <section name="TAKT ENGLISH">
            <option name="English translation" id="patcher"  default="1">
                <choice name="Activated"><patch id="mainpatch" /></choice>
            </option>
        </section>
    </options>
    <patch id="mainpatch">
        <folder disc="/COMP/FONT/" external="COMP/FONT/" />
        <folder disc="/COMP/HMBT/" external="COMP/HMBT/" />
        <folder disc="/COMP/LYT/" external="COMP/LYT/" />
        <folder disc="/COMP/REPLAY/" external="COMP/REPLAY/" />
        <folder disc="/COMP/TEXT/" external="COMP/TEXT/" />
    </patch>
</wiidisc>