{
  "Slot1": 500,
  "Slot2": 800,
  "Slot3": 2000,
  "Slot4": 8000,
  "Slot5": 4000,
  "Slot6": 200,
  "Slot7": 200,
  "Slot8": 200,
  "Slot9": 300,
  "Slot10": 400,
  "Slot11": 500,
  "Slot12": 800,
  "Slot13": 1000,
  "Slot14": 2400,
  "Slot15": 5000,
  "Slot16": 8000,
  "Slot17": 15000,
  "Slot18": 500,
  "Slot19": 2000,
  "Slot20": 1500,
  "Slot21": 2000,
  "Slot22": 4000,
  "Slot23": 10000,
  "Slot24": 10000,
  "Slot25": 10000,
  "Slot26": 12000,
  "Slot27": 400,
  "Slot28": 3980,
  "Slot29": 400,
  "Slot30": 1000,
  "Slot31": 4000,
  "Slot32": 12000,
  "Slot33": 1500,
  "Slot34": 4000,
  "Slot35": 12000,
  "Slot36": 2000,
  "Slot37": 3000,
  "Slot38": 30000,
  "Slot39": 3000,
  "Slot40": 4000,
  "Slot41": 8000,
  "Slot42": 500000
}