{
  "id": "MAP_LAVENDER_TOWN",
  "name": "LavenderTown",
  "layout": "LAYOUT_LAVENDER_TOWN",
  "music": "MUS_LAVENDER",
  "region_map_section": "MAPSEC_LAVENDER_TOWN",
  "requires_flash": false,
  "weather": "WEATHER_SUNNY",
  "map_type": "MAP_TYPE_TOWN",
  "allow_cycling": true,
  "allow_escaping": false,
  "allow_running": true,
  "show_map_name": false,
  "floor_number": 0,
  "battle_scene": "MAP_BATTLE_SCENE_NORMAL",
  "connections": [
    {
      "map": "MAP_ROUTE10",
      "offset": 0,
      "direction": "up"
    },
    {
      "map": "MAP_ROUTE12",
      "offset": 0,
      "direction": "down"
    },
    {
      "map": "MAP_ROUTE8",
      "offset": 0,
      "direction": "left"
    }
  ],
  "object_events": [
    {
      "type": "object",
      "graphics_id": "OBJ_EVENT_GFX_LITTLE_GIRL",
      "x": 15,
      "y": 9,
      "elevation": 3,
      "movement_type": "MOVEMENT_TYPE_WANDER_AROUND",
      "movement_range_x": 2,
      "movement_range_y": 1,
      "trainer_type": "TRAINER_TYPE_NONE",
      "trainer_sight_or_berry_tree_id": "0",
      "script": "LavenderTown_EventScript_LittleGirl",
      "flag": "0",
      "in_connection": false
    },
    {
      "type": "object",
      "graphics_id": "OBJ_EVENT_GFX_COOLTRAINER_M",
      "x": 9,
      "y": 10,
      "elevation": 3,
      "movement_type": "MOVEMENT_TYPE_FACE_DOWN",
      "movement_range_x": 1,
      "movement_range_y": 1,
      "trainer_type": "TRAINER_TYPE_NONE",
      "trainer_sight_or_berry_tree_id": "0",
      "script": "LavenderTown_EventScript_WorkerM",
      "flag": "0",
      "in_connection": false
    },
    {
      "type": "object",
      "graphics_id": "OBJ_EVENT_GFX_SUPER_NERD",
      "x": 8,
      "y": 7,
      "elevation": 3,
      "movement_type": "MOVEMENT_TYPE_WANDER_LEFT_AND_RIGHT",
      "movement_range_x": 1,
      "movement_range_y": 1,
      "trainer_type": "TRAINER_TYPE_NONE",
      "trainer_sight_or_berry_tree_id": "0",
      "script": "LavenderTown_EventScript_Boy",
      "flag": "0",
      "in_connection": false
    }
  ],
  "warp_events": [
    {
      "x": 14,
      "y": 6,
      "elevation": 0,
      "dest_map": "MAP_POKEMON_TOWER_1F",
      "dest_warp_id": "0"
    },
    {
      "x": 3,
      "y": 5,
      "elevation": 0,
      "dest_map": "MAP_LAVENDER_TOWN_POKEMON_CENTER_1F",
      "dest_warp_id": "0"
    },
    {
      "x": 7,
      "y": 9,
      "elevation": 0,
      "dest_map": "MAP_LAVENDER_TOWN_VOLUNTEER_POKEMON_HOUSE",
      "dest_warp_id": "0"
    },
    {
      "x": 3,
      "y": 13,
      "elevation": 0,
      "dest_map": "MAP_LAVENDER_TOWN_HOUSE1",
      "dest_warp_id": "0"
    },
    {
      "x": 7,
      "y": 13,
      "elevation": 0,
      "dest_map": "MAP_LAVENDER_TOWN_HOUSE2",
      "dest_warp_id": "0"
    },
    {
      "x": 15,
      "y": 13,
      "elevation": 0,
      "dest_map": "MAP_LAVENDER_TOWN_MART",
      "dest_warp_id": "0"
    }
  ],
  "coord_events": [

  ],
  "bg_events": [
    {
      "type": "sign",
      "x": 9,
      "y": 3,
      "elevation": 0,
      "player_facing_dir": "BG_EVENT_PLAYER_FACING_ANY",
      "script": "LavenderTown_EventScript_SilphScopeNotice"
    },
    {
      "type": "sign",
      "x": 11,
      "y": 9,
      "elevation": 0,
      "player_facing_dir": "BG_EVENT_PLAYER_FACING_ANY",
      "script": "LavenderTown_EventScript_TownSign"
    },
    {
      "type": "sign",
      "x": 17,
      "y": 7,
      "elevation": 0,
      "player_facing_dir": "BG_EVENT_PLAYER_FACING_ANY",
      "script": "LavenderTown_EventScript_PokemonTowerSign"
    },
    {
      "type": "sign",
      "x": 5,
      "y": 9,
      "elevation": 0,
      "player_facing_dir": "BG_EVENT_PLAYER_FACING_ANY",
      "script": "LavenderTown_EventScript_VolunteerHouseSign"
    }
  ]
}
