<?xml version="1.0" encoding="UTF-8"?>
<files>
  <file name="Traducao_Pikmin_1elevadoa2_.v1.0.3.zip" source="original">
    <mtime>1736862134</mtime>
    <size>10400572</size>
    <md5>3509a4e43fc3495cccaf0d9a9b6ce0c7</md5>
    <crc32>e6c50dfa</crc32>
    <sha1>cba4b8bd85a767c3fe319cddc4610576ebcb84a3</sha1>
    <format>ZIP</format>
    <filecount>5</filecount>
    <viruscheck>1736862516</viruscheck>
  </file>
  <file name="traducao-pikmin-1elevadoa-2-.v-1.0.3_archive.torrent" source="metadata">
    <btih>d37aae20b860e88970a49bad59b4846b723cbc66</btih>
    <mtime>1736862551</mtime>
    <size>2272</size>
    <md5>1accfb03ae01f41eda9094896faa17c1</md5>
    <crc32>bb4caadc</crc32>
    <sha1>ab6cd94ae819aab1d8a0e319fe925a76ac8d144f</sha1>
    <format>Archive BitTorrent</format>
  </file>
  <file name="traducao-pikmin-1elevadoa-2-.v-1.0.3_files.xml" source="original">
    <format>Metadata</format>
    <md5>6b78d585e16ecea8d9a0ecb47e2cae1b</md5>
    <summation>md5</summation>
  </file>
  <file name="traducao-pikmin-1elevadoa-2-.v-1.0.3_meta.sqlite" source="original">
    <mtime>1736862181</mtime>
    <size>28672</size>
    <md5>cb07bd59bd7893096ab4ba0756c30af9</md5>
    <crc32>b565cdec</crc32>
    <sha1>abf951c15ec7d306cdd25249f2ed23af4ec01b6b</sha1>
    <format>Metadata</format>
  </file>
  <file name="traducao-pikmin-1elevadoa-2-.v-1.0.3_meta.xml" source="original">
    <mtime>1736862550</mtime>
    <size>3196</size>
    <md5>938c05f7d72912eca4575e0abbb70b68</md5>
    <crc32>36543fdd</crc32>
    <sha1>9a202bb471bba9869d5e910ab2d74739c2b38028</sha1>
    <format>Metadata</format>
  </file>
</files>
