<?xml version="1.0" encoding="UTF-8"?>
<files>
  <file name="Terranigma Redux Hardmode.ips" source="original">
    <mtime>1743357989</mtime>
    <size>6273</size>
    <md5>afc47b1290a18f71553bf6d6657cc57f</md5>
    <crc32>eb04f1c7</crc32>
    <sha1>ad08fda34526584972c72f8707eb4fe63e4f462d</sha1>
    <format>Unknown</format>
    <viruscheck>1743358352</viruscheck>
  </file>
  <file name="Terranigma Redux.ips" source="original">
    <mtime>1743357570</mtime>
    <size>4785</size>
    <md5>679ac40512fda1f0fda41d2d9add4472</md5>
    <crc32>4f9e1bcf</crc32>
    <sha1>c81f7514ee187b9ab5db0e3e9e5d7f0149a66b05</sha1>
    <format>Unknown</format>
    <viruscheck>1743357941</viruscheck>
  </file>
  <file name="terranigma-redux_archive.torrent" source="metadata">
    <btih>f52d8a6372b09ebdceacd904ae4da24268597a67</btih>
    <mtime>1743385219</mtime>
    <size>1871</size>
    <md5>4f56584ff6ba73675cfd5e93de24aab3</md5>
    <crc32>1449a034</crc32>
    <sha1>63bdef6e39e35a9ab2eb1382230024b44088ca64</sha1>
    <format>Archive BitTorrent</format>
  </file>
  <file name="terranigma-redux_files.xml" source="original">
    <format>Metadata</format>
    <md5>4e7b40933dfa26a3952a2db25a6a43d9</md5>
    <summation>md5</summation>
  </file>
  <file name="terranigma-redux_meta.sqlite" source="original">
    <mtime>1743358026</mtime>
    <size>20480</size>
    <md5>652c5ce7d39fea6f5b77f89eaab9b0c6</md5>
    <crc32>53b964de</crc32>
    <sha1>60d42459b08deaf3bf431cd533c088861eaf84c8</sha1>
    <format>Metadata</format>
  </file>
  <file name="terranigma-redux_meta.xml" source="original">
    <mtime>1743385218</mtime>
    <size>4226</size>
    <md5>e78860d2ca3b32a820dcb12e7d26769c</md5>
    <crc32>cec2732a</crc32>
    <sha1>7371cd6707cab5dee20ecb1659d6aaa7f85a3cbc</sha1>
    <format>Metadata</format>
  </file>
</files>
