<?xml version="1.0" encoding="UTF-8"?>
<metadata>
  <identifier>terranigma-redux</identifier>
  <mediatype>data</mediatype>
  <collection>opensource_media</collection>
  <creator>FaydGamer</creator>
  <date>2025-03-29</date>
  <description>Terranigma Redux&lt;div&gt;&lt;br /&gt;&lt;/div&gt;&lt;div&gt;Weapon and Armor now have various bonuses and effects that balances the progression of the game, making weapon and armor decisions meaningful.&lt;/div&gt;&lt;div&gt;&lt;br /&gt;&lt;/div&gt;&lt;div&gt;Weapons and Armor now come at proper stages in game instead of being available late game but have no use due to already been giving a stronger choice.&lt;/div&gt;&lt;div&gt;&lt;br /&gt;&lt;/div&gt;&lt;div&gt;Overworld Map Locations will be easier to locate. No changes to in game dungeons or towns, plans to make exploration a bit easier in future updates.&lt;/div&gt;&lt;div&gt;&lt;br /&gt;&lt;/div&gt;&lt;div&gt;Boss Adjustments; now scale properly.&lt;/div&gt;&lt;div&gt;&lt;br /&gt;&lt;/div&gt;&lt;div&gt;Balanced Magic;&lt;/div&gt;&lt;div&gt;Weaker Spells are now 50 Damage and Stronger Spells are now all 85 Damage making Magic useful.&lt;/div&gt;&lt;div&gt;&lt;br /&gt;&lt;/div&gt;&lt;div&gt;Slight early enemy changes for balancing.&lt;/div&gt;&lt;div&gt;&lt;br /&gt;&lt;/div&gt;&lt;div&gt;Changes;&lt;/div&gt;&lt;div&gt;&lt;br /&gt;&lt;/div&gt;&lt;div&gt;Hueball - Increased to 4 Gems&lt;/div&gt;&lt;div&gt;Whisp - Increased to 8 Gems.&lt;/div&gt;&lt;div&gt;Living Staue - Decreased to 16 HP.&lt;/div&gt;&lt;div&gt;Gall Fish - Increased to 3 Gems.&lt;/div&gt;&lt;div&gt;Perinton - Increased to 8 Gems.&lt;/div&gt;&lt;div&gt;Douma - Increased to 38 Gems.&lt;/div&gt;&lt;div&gt;Sabredog - Increassed to 43 &amp;amp; 52 Gems.&lt;/div&gt;&lt;div&gt;&lt;br /&gt;&lt;/div&gt;&lt;div&gt;Redux Hardmode included!&lt;/div&gt;&lt;div&gt;&lt;br /&gt;&lt;/div&gt;&lt;div&gt;Includes the above changes and;&lt;/div&gt;&lt;div&gt;&lt;br /&gt;&lt;/div&gt;&lt;div&gt;Bosses Hp Doubled (Enemy HP is still at 1X)&lt;/div&gt;&lt;div&gt;Bosses Attack and Defense stats increased by 1.25X&lt;/div&gt;&lt;div&gt;Bosses Level increased by 1.25X &lt;/div&gt;&lt;div&gt;(this Scales Dark Gaia to be at Level 47, the max is Level 50 for you and Bosses so now you have a real reason to max out stats)&lt;/div&gt;&lt;div&gt;XP from Enemys and Bosses Doubled&lt;/div&gt;&lt;div&gt;Gold Drop Amount Doubled&lt;/div&gt;&lt;div&gt;&lt;br /&gt;&lt;/div&gt;&lt;div&gt;&lt;br /&gt;&lt;/div&gt;&lt;div&gt;More Plans for the Future!&lt;/div&gt;&lt;div&gt;&lt;br /&gt;&lt;/div&gt;&lt;div&gt;&lt;br /&gt;&lt;/div&gt;&lt;div&gt;Patches that are compatible, not compatiable or included in Redux &amp;amp; Redux Hardmode;&lt;/div&gt;&lt;div&gt;&lt;br /&gt;&lt;/div&gt;&lt;div&gt;&lt;a href="https://www.romhacking.net/hacks/8923/" rel="ugc nofollow"&gt;Romhacking.net - Hacks - Terranigma Balanced Magic Damage&lt;/a&gt; &lt;/div&gt;&lt;div&gt;(Included in both Redux and Redux Hardmode, if you want Double Magic Damage instead of Balanced then patch this after redux)&lt;/div&gt;&lt;br /&gt;&lt;div&gt;&lt;a href="https://www.romhacking.net/hacks/8916/" rel="ugc nofollow"&gt;Romhacking.net - Hacks - Terranigma Bloody Mary Fix&lt;/a&gt;&lt;/div&gt;&lt;div&gt;(Changes are included in Redux) &lt;/div&gt;&lt;div&gt;&lt;br /&gt;&lt;/div&gt;&lt;div&gt;&lt;a href="https://www.romhacking.net/hacks/8931/" rel="ugc nofollow"&gt;Romhacking.net - Hacks - Terranigma Easymode&lt;/a&gt;&lt;/div&gt;&lt;div&gt;(Included in Redux Hardmode, Compatible with Redux) &lt;/div&gt;&lt;div&gt;&lt;br /&gt;&lt;/div&gt;&lt;div&gt;&lt;a href="https://www.romhacking.net/hacks/8922/" rel="ugc nofollow"&gt;Romhacking.net - Hacks - Terranigma Hardmode&lt;/a&gt;&lt;/div&gt;&lt;div&gt;(Included in Redux Hardmode, Compatible with Redux)&lt;/div&gt;</description>
  <scanner>Internet Archive HTML5 Uploader 1.7.0</scanner>
  <subject>Terranigma Redux</subject>
  <title>Terranigma Redux</title>
  <uploader>faydpromotions@gmail.com</uploader>
  <publicdate>2025-03-30 04:21:34</publicdate>
  <addeddate>2025-03-30 04:21:34</addeddate>
  <curation>[curator]validator@archive.org[/curator][date]20250330042711[/date][comment]checked for malware[/comment]</curation>
</metadata>
