<?xml version="1.0" encoding="UTF-8"?>
<files>
  <file name="Spectral Souls - Resurrection of the Ethereal Empires (U) UNDUB v1.0.xdelta" source="original">
    <mtime>1734057100</mtime>
    <size>20647090</size>
    <md5>72d2d35c6cdc4f846cec97bdaf5f18af</md5>
    <crc32>c93fdd40</crc32>
    <sha1>047ec40b0af226071709529fee2d8baed156e0f3</sha1>
    <format>Unknown</format>
    <viruscheck>1734057523</viruscheck>
  </file>
  <file name="spectral_souls_psp_undub_patch_archive.torrent" source="metadata">
    <btih>8df219cd29fced88d26d3c8c72e1e91fb12545f9</btih>
    <mtime>1734142933</mtime>
    <size>2655</size>
    <md5>69663d72f3e1285aaff023fa98e9589a</md5>
    <crc32>bd6e5edb</crc32>
    <sha1>4bdc9b9ef167b6319a8bb6cdde332617cb013ae7</sha1>
    <format>Archive BitTorrent</format>
  </file>
  <file name="spectral_souls_psp_undub_patch_files.xml" source="original">
    <format>Metadata</format>
    <md5>6814ff735b248a333b4a4723eecb125c</md5>
    <summation>md5</summation>
  </file>
  <file name="spectral_souls_psp_undub_patch_meta.sqlite" source="original">
    <mtime>1734057166</mtime>
    <size>20480</size>
    <md5>e2ec9b6166a385e7ad39db256178bb5c</md5>
    <crc32>e22251f2</crc32>
    <sha1>db0079235ad6f967d94302a98e3544a3b1dda596</sha1>
    <format>Metadata</format>
  </file>
  <file name="spectral_souls_psp_undub_patch_meta.xml" source="original">
    <mtime>1734142932</mtime>
    <size>1553</size>
    <md5>b7fe85401bf427a9e245ea4218cdb470</md5>
    <crc32>dcbc121f</crc32>
    <sha1>b97c946b2832bec5ef57183e5bd328600a6ac28c</sha1>
    <format>Metadata</format>
  </file>
</files>
