<?xml version="1.0" encoding="UTF-8"?>
<metadata>
  <identifier>spectral_souls_psp_undub_patch</identifier>
  <mediatype>software</mediatype>
  <collection>open_source_software</collection>
  <creator>C&amp;P-kyun</creator>
  <date>2024-12-13</date>
  <description>A small and issue-free copy-and-paste undub. Incidentally, the undub also fixes the issue of abruptly cutting out SFX voice clips in the localised version of the game.&lt;div&gt;&lt;hr /&gt;&lt;/div&gt;&lt;div&gt;Apply to a &lt;a href="http://redump.org/disc/4642/" rel="nofollow"&gt;Redump-compliant&lt;/a&gt; North American ISO&lt;/div&gt;&lt;div&gt;&lt;div&gt;CRC32: &lt;code&gt;9874E2AB&lt;/code&gt; MD5: &lt;code&gt;E14A7F0D0EF32274AAB2CD280B304239&lt;/code&gt;&lt;/div&gt;&lt;/div&gt;</description>
  <language>eng</language>
  <language>jpn</language>
  <scanner>Internet Archive HTML5 Uploader 1.7.0</scanner>
  <subject>PlayStation Portable</subject>
  <subject>PSP</subject>
  <subject>Undub</subject>
  <subject>Mod</subject>
  <subject>Idea Factory</subject>
  <subject>NIS America</subject>
  <title>Spectral Souls: Resurrection of the Ethereal Empires UNDUB patch (PSP)</title>
  <uploader>swosho@gmail.com</uploader>
  <collection_added>ipaarchive</collection_added>
  <collection_added>phonesoftware</collection_added>
  <publicdate>2024-12-13 02:32:20</publicdate>
  <addeddate>2024-12-13 02:32:20</addeddate>
  <curation>[curator]validator@archive.org[/curator][date]20241213023843[/date][comment]checked for malware[/comment]</curation>
  <year>2024</year>
</metadata>
