<?xml version="1.0" encoding="UTF-8"?>
<metadata>
  <identifier>arns-winter-quest-gway-edition-102_202307</identifier>
  <mediatype>software</mediatype>
  <collection>open_source_software</collection>
  <creator>Toby Fox</creator>
  <date>2006-01-01</date>
  <description>&lt;div style="font-family:Arial, Helvetica, sans-serif;font-size:15px;background-color:rgb(247,250,252);"&gt;&lt;p style="text-indent:0.5cm;"&gt;In the words of its creator, “Arn’s Winter Quest has been a labor of love for me for two months, and rivals those hacks such as Hat Quest and EarthBound 2.5: Electric Boogaloo Joint Jive. It has a lot of fun inside jokes, an incoherent story, and all new battle graphics. This hack is basically linear Dragon Warrior with a bunch of humor thrown in, so if you like fighting and you like funny and you like very hard viewtiful fun time hacks, then don’t play this hack because it’ll satisfy your cravings and your head will probably explode.”&lt;/p&gt;&lt;p style="text-indent:0.5cm;"&gt;There are also lots of bugs. Reset everytime you save in a new place. Actually save. If you die without save-reset, then you’ll end up the first place you saved. If you haven’t saved throughout the game, you’ll be dropped in a death ocean.&lt;/p&gt;&lt;p style="text-indent:0.5cm;"&gt;NOTE: YOU MUST EXPAND THE ROM TO 48Mbits *BEFORE* YOU APPLY THIS PATCH. It’s suggested you use Lunar Expand(found on this site) to do it.&lt;/p&gt;&lt;div&gt;&lt;br /&gt;&lt;/div&gt;&lt;/div&gt;</description>
  <language>eng</language>
  <scanner>Internet Archive HTML5 Uploader 1.7.0</scanner>
  <subject>Toby Fox</subject>
  <title>Arns Winter Quest Gway Edition 102</title>
  <subject>earthbound</subject>
  <uploader>wathakate@gmail.com</uploader>
  <publicdate>2023-07-22 15:51:54</publicdate>
  <addeddate>2023-07-22 15:51:54</addeddate>
  <curation>[curator]validator@archive.org[/curator][date]20230722155724[/date][comment]checked for malware[/comment]</curation>
</metadata>
