<?xml version="1.0" encoding="UTF-8"?>
<files>
  <file name="Arns Winter Quest - Gway Edition 102.zip" source="original">
    <mtime>1690041095</mtime>
    <size>517506</size>
    <md5>f54e9da8f23e4519b8cb0c62e87194cc</md5>
    <crc32>d177e43e</crc32>
    <sha1>b839c1c9ede7051712619464360c5ecf502d05d7</sha1>
    <format>ZIP</format>
    <filecount>3</filecount>
    <viruscheck>1690041444</viruscheck>
  </file>
  <file name="arns-winter-quest-gway-edition-102_202307_archive.torrent" source="metadata">
    <btih>a400d9085a275d7be447468d40051b40910b9c79</btih>
    <mtime>1690041448</mtime>
    <size>1954</size>
    <md5>266eea9957416399594e8a8aed72e6a1</md5>
    <crc32>168568f0</crc32>
    <sha1>219f57eb03a1cb122104097b26fccca38214453b</sha1>
    <format>Archive BitTorrent</format>
  </file>
  <file name="arns-winter-quest-gway-edition-102_202307_files.xml" source="original">
    <format>Metadata</format>
    <md5>72ba8ac54dc894efaa8130c267b7d6d5</md5>
    <summation>md5</summation>
  </file>
  <file name="arns-winter-quest-gway-edition-102_202307_meta.sqlite" source="original">
    <mtime>1690041123</mtime>
    <size>20480</size>
    <md5>2cd3a20c86ba69c8a62fed62ad79a2b9</md5>
    <crc32>c5d0cdb1</crc32>
    <sha1>fa5738535a34ae41e880d2e2b15519089ba59798</sha1>
    <format>Metadata</format>
  </file>
  <file name="arns-winter-quest-gway-edition-102_202307_meta.xml" source="original">
    <mtime>1690041444</mtime>
    <size>1993</size>
    <md5>d2e6298c155d83a0423369f768afc146</md5>
    <crc32>4bc67ef6</crc32>
    <sha1>553deafef970d0848cb69b74670c49c21d34cc6f</sha1>
    <format>Metadata</format>
  </file>
</files>
