{
  "id": "MAP_ROUTE12",
  "name": "Route12",
  "layout": "LAYOUT_ROUTE12",
  "music": "MUS_ROUTE11",
  "region_map_section": "MAPSEC_ROUTE_12",
  "requires_flash": false,
  "weather": "WEATHER_SUNNY",
  "map_type": "MAP_TYPE_ROUTE",
  "allow_cycling": true,
  "allow_escaping": false,
  "allow_running": true,
  "show_map_name": false,
  "floor_number": 0,
  "battle_scene": "MAP_BATTLE_SCENE_NORMAL",
  "connections": [
    {
      "map": "MAP_LAVENDER_TOWN",
      "offset": 0,
      "direction": "up"
    },
    {
      "map": "MAP_ROUTE13",
      "offset": -42,
      "direction": "down"
    },
    {
      "map": "MAP_ROUTE11",
      "offset": -1,
      "direction": "left"
    }
  ],
  "object_events": [
    {
      "type": "object",
      "graphics_id": "OBJ_EVENT_GFX_FISHER",
      "x": 14,
      "y": 31,
      "elevation": 3,
      "movement_type": "MOVEMENT_TYPE_FACE_LEFT",
      "movement_range_x": 1,
      "movement_range_y": 1,
      "trainer_type": "TRAINER_TYPE_NORMAL",
      "trainer_sight_or_berry_tree_id": "3",
      "script": "Route12_EventScript_Ned",
      "flag": "0",
      "in_connection": false
    },
    {
      "type": "object",
      "graphics_id": "OBJ_EVENT_GFX_FISHER",
      "x": 5,
      "y": 39,
      "elevation": 3,
      "movement_type": "MOVEMENT_TYPE_FACE_UP",
      "movement_range_x": 1,
      "movement_range_y": 1,
      "trainer_type": "TRAINER_TYPE_NORMAL",
      "trainer_sight_or_berry_tree_id": "3",
      "script": "Route12_EventScript_Chip",
      "flag": "0",
      "in_connection": false
    },
    {
      "type": "object",
      "graphics_id": "OBJ_EVENT_GFX_FISHER",
      "x": 12,
      "y": 40,
      "elevation": 3,
      "movement_type": "MOVEMENT_TYPE_FACE_LEFT",
      "movement_range_x": 1,
      "movement_range_y": 1,
      "trainer_type": "TRAINER_TYPE_NORMAL",
      "trainer_sight_or_berry_tree_id": "3",
      "script": "Route12_EventScript_Hank",
      "flag": "0",
      "in_connection": false
    },
    {
      "type": "object",
      "graphics_id": "OBJ_EVENT_GFX_FISHER",
      "x": 9,
      "y": 52,
      "elevation": 3,
      "movement_type": "MOVEMENT_TYPE_FACE_RIGHT",
      "movement_range_x": 1,
      "movement_range_y": 1,
      "trainer_type": "TRAINER_TYPE_NORMAL",
      "trainer_sight_or_berry_tree_id": "4",
      "script": "Route12_EventScript_Elliot",
      "flag": "0",
      "in_connection": false
    },
    {
      "type": "object",
      "graphics_id": "OBJ_EVENT_GFX_SNORLAX",
      "x": 10,
      "y": 62,
      "elevation": 3,
      "movement_type": "MOVEMENT_TYPE_FACE_DOWN",
      "movement_range_x": 1,
      "movement_range_y": 1,
      "trainer_type": "TRAINER_TYPE_NONE",
      "trainer_sight_or_berry_tree_id": "0",
      "script": "Route12_EventScript_Snorlax",
      "flag": "FLAG_HIDE_ROUTE_12_SNORLAX",
      "in_connection": false
    },
    {
      "type": "object",
      "graphics_id": "OBJ_EVENT_GFX_SUPER_NERD",
      "x": 14,
      "y": 76,
      "elevation": 3,
      "movement_type": "MOVEMENT_TYPE_FACE_UP",
      "movement_range_x": 4,
      "movement_range_y": 4,
      "trainer_type": "TRAINER_TYPE_NORMAL",
      "trainer_sight_or_berry_tree_id": "4",
      "script": "Route12_EventScript_Luca",
      "flag": "0",
      "in_connection": false
    },
    {
      "type": "object",
      "graphics_id": "OBJ_EVENT_GFX_COOLTRAINER_M",
      "x": 11,
      "y": 92,
      "elevation": 3,
      "movement_type": "MOVEMENT_TYPE_FACE_LEFT",
      "movement_range_x": 1,
      "movement_range_y": 1,
      "trainer_type": "TRAINER_TYPE_NORMAL",
      "trainer_sight_or_berry_tree_id": "1",
      "script": "Route12_EventScript_Justin",
      "flag": "0",
      "in_connection": false
    },
    {
      "type": "object",
      "graphics_id": "OBJ_EVENT_GFX_FISHER",
      "x": 6,
      "y": 87,
      "elevation": 3,
      "movement_type": "MOVEMENT_TYPE_FACE_DOWN",
      "movement_range_x": 1,
      "movement_range_y": 1,
      "trainer_type": "TRAINER_TYPE_NORMAL",
      "trainer_sight_or_berry_tree_id": "1",
      "script": "Route12_EventScript_Andrew",
      "flag": "0",
      "in_connection": false
    },
    {
      "type": "object",
      "graphics_id": "OBJ_EVENT_GFX_CUT_TREE",
      "x": 7,
      "y": 88,
      "elevation": 3,
      "movement_type": "MOVEMENT_TYPE_FACE_DOWN",
      "movement_range_x": 1,
      "movement_range_y": 1,
      "trainer_type": "TRAINER_TYPE_NONE",
      "trainer_sight_or_berry_tree_id": "0",
      "script": "EventScript_CutTree",
      "flag": "FLAG_TEMP_12",
      "in_connection": false
    },
    {
      "type": "object",
      "graphics_id": "OBJ_EVENT_GFX_ITEM_BALL",
      "x": 14,
      "y": 35,
      "elevation": 3,
      "movement_type": "MOVEMENT_TYPE_FACE_DOWN",
      "movement_range_x": 1,
      "movement_range_y": 1,
      "trainer_type": "TRAINER_TYPE_NONE",
      "trainer_sight_or_berry_tree_id": "0",
      "script": "Route12_EventScript_ItemTM16",
      "flag": "FLAG_HIDE_ROUTE12_TM16",
      "in_connection": false
    },
    {
      "type": "object",
      "graphics_id": "OBJ_EVENT_GFX_ITEM_BALL",
      "x": 5,
      "y": 89,
      "elevation": 3,
      "movement_type": "MOVEMENT_TYPE_FACE_DOWN",
      "movement_range_x": 1,
      "movement_range_y": 1,
      "trainer_type": "TRAINER_TYPE_NONE",
      "trainer_sight_or_berry_tree_id": "0",
      "script": "Route12_EventScript_ItemIron",
      "flag": "FLAG_HIDE_ROUTE12_IRON",
      "in_connection": false
    },
    {
      "type": "object",
      "graphics_id": "OBJ_EVENT_GFX_CUT_TREE",
      "x": 9,
      "y": 99,
      "elevation": 3,
      "movement_type": "MOVEMENT_TYPE_FACE_DOWN",
      "movement_range_x": 1,
      "movement_range_y": 1,
      "trainer_type": "TRAINER_TYPE_NONE",
      "trainer_sight_or_berry_tree_id": "0",
      "script": "EventScript_CutTree",
      "flag": "FLAG_TEMP_13",
      "in_connection": false
    }
  ],
  "warp_events": [
    {
      "x": 11,
      "y": 77,
      "elevation": 0,
      "dest_map": "MAP_ROUTE12_FISHING_HOUSE",
      "dest_warp_id": "0"
    },
    {
      "x": 10,
      "y": 15,
      "elevation": 3,
      "dest_map": "MAP_ROUTE12_NORTH_ENTRANCE_1F",
      "dest_warp_id": "0"
    },
    {
      "x": 11,
      "y": 15,
      "elevation": 3,
      "dest_map": "MAP_ROUTE12_NORTH_ENTRANCE_1F",
      "dest_warp_id": "1"
    },
    {
      "x": 10,
      "y": 21,
      "elevation": 3,
      "dest_map": "MAP_ROUTE12_NORTH_ENTRANCE_1F",
      "dest_warp_id": "2"
    }
  ],
  "coord_events": [

  ],
  "bg_events": [
    {
      "type": "sign",
      "x": 13,
      "y": 13,
      "elevation": 0,
      "player_facing_dir": "BG_EVENT_PLAYER_FACING_ANY",
      "script": "Route12_EventScript_RouteSign"
    },
    {
      "type": "sign",
      "x": 11,
      "y": 63,
      "elevation": 0,
      "player_facing_dir": "BG_EVENT_PLAYER_FACING_ANY",
      "script": "Route12_EventScript_FishingSign"
    },
    {
      "type": "hidden_item",
      "x": 2,
      "y": 63,
      "elevation": 3,
      "item": "ITEM_HYPER_POTION",
      "flag": "FLAG_HIDDEN_ITEM_ROUTE12_HYPER_POTION",
      "quantity": 1,
      "underfoot": false
    }
  ]
}
