{
  "id": "MAP_SEAFOAM_ISLANDS_1F",
  "name": "SeafoamIslands_1F",
  "layout": "LAYOUT_SEAFOAM_ISLANDS_1F",
  "music": "MUS_VIRIDIAN_FOREST",
  "region_map_section": "MAPSEC_SEAFOAM_ISLANDS",
  "requires_flash": false,
  "weather": "WEATHER_NONE",
  "map_type": "MAP_TYPE_UNDERGROUND",
  "allow_cycling": true,
  "allow_escaping": true,
  "allow_running": true,
  "show_map_name": true,
  "floor_number": 0,
  "battle_scene": "MAP_BATTLE_SCENE_NORMAL",
  "connections": 0,
  "object_events": [
    {
      "type": "object",
      "graphics_id": "OBJ_EVENT_GFX_PUSHABLE_BOULDER",
      "x": 18,
      "y": 10,
      "elevation": 3,
      "movement_type": "MOVEMENT_TYPE_FACE_DOWN",
      "movement_range_x": 0,
      "movement_range_y": 0,
      "trainer_type": "FLAG_HIDE_SEAFOAM_B1F_BOULDER_1",
      "trainer_sight_or_berry_tree_id": "0",
      "script": "EventScript_StrengthBoulder",
      "flag": "FLAG_HIDE_SEAFOAM_1F_BOULDER_1",
      "in_connection": false
    },
    {
      "type": "object",
      "graphics_id": "OBJ_EVENT_GFX_PUSHABLE_BOULDER",
      "x": 26,
      "y": 7,
      "elevation": 3,
      "movement_type": "MOVEMENT_TYPE_FACE_DOWN",
      "movement_range_x": 0,
      "movement_range_y": 0,
      "trainer_type": "FLAG_HIDE_SEAFOAM_B1F_BOULDER_2",
      "trainer_sight_or_berry_tree_id": "0",
      "script": "EventScript_StrengthBoulder",
      "flag": "FLAG_HIDE_SEAFOAM_1F_BOULDER_2",
      "in_connection": false
    }
  ],
  "warp_events": [
    {
      "x": 4,
      "y": 17,
      "elevation": 3,
      "dest_map": "MAP_ROUTE20",
      "dest_warp_id": "0"
    },
    {
      "x": 26,
      "y": 17,
      "elevation": 3,
      "dest_map": "MAP_ROUTE20",
      "dest_warp_id": "1"
    },
    {
      "x": 5,
      "y": 17,
      "elevation": 3,
      "dest_map": "MAP_ROUTE20",
      "dest_warp_id": "0"
    },
    {
      "x": 27,
      "y": 17,
      "elevation": 3,
      "dest_map": "MAP_ROUTE20",
      "dest_warp_id": "1"
    },
    {
      "x": 7,
      "y": 5,
      "elevation": 0,
      "dest_map": "MAP_SEAFOAM_ISLANDS_B1F",
      "dest_warp_id": "0"
    },
    {
      "x": 25,
      "y": 3,
      "elevation": 0,
      "dest_map": "MAP_SEAFOAM_ISLANDS_B1F",
      "dest_warp_id": "1"
    },
    {
      "x": 23,
      "y": 15,
      "elevation": 0,
      "dest_map": "MAP_SEAFOAM_ISLANDS_B1F",
      "dest_warp_id": "2"
    },
    {
      "x": 17,
      "y": 6,
      "elevation": 0,
      "dest_map": "MAP_SEAFOAM_ISLANDS_B1F",
      "dest_warp_id": "7"
    },
    {
      "x": 24,
      "y": 6,
      "elevation": 0,
      "dest_map": "MAP_SEAFOAM_ISLANDS_B1F",
      "dest_warp_id": "8"
    }
  ],
  "coord_events": [

  ],
  "bg_events": [

  ]
}
