{
  "id": "MAP_ROUTE5",
  "name": "Route5",
  "layout": "LAYOUT_ROUTE5",
  "music": "MUS_ROUTE3",
  "region_map_section": "MAPSEC_ROUTE_5",
  "requires_flash": false,
  "weather": "WEATHER_SUNNY",
  "map_type": "MAP_TYPE_ROUTE",
  "allow_cycling": true,
  "allow_escaping": false,
  "allow_running": true,
  "show_map_name": false,
  "floor_number": 0,
  "battle_scene": "MAP_BATTLE_SCENE_NORMAL",
  "connections": [
    {
      "map": "MAP_CERULEAN_CITY",
      "offset": -10,
      "direction": "up"
    },
    {
      "map": "MAP_SAFFRON_CITY",
      "offset": -12,
      "direction": "down"
    }
  ],
  "object_events": [

  ],
  "warp_events": [
    {
      "x": 31,
      "y": 31,
      "elevation": 0,
      "dest_map": "MAP_UNDERGROUND_PATH_NORTH_ENTRANCE",
      "dest_warp_id": "0"
    },
    {
      "x": 10,
      "y": 21,
      "elevation": 0,
      "dest_map": "MAP_ROUTE5_POKEMON_DAY_CARE",
      "dest_warp_id": "0"
    },
    {
      "x": 9,
      "y": 29,
      "elevation": 3,
      "dest_map": "MAP_ROUTE5_SOUTH_ENTRANCE",
      "dest_warp_id": "1"
    },
    {
      "x": 10,
      "y": 29,
      "elevation": 3,
      "dest_map": "MAP_ROUTE5_SOUTH_ENTRANCE",
      "dest_warp_id": "3"
    },
    {
      "x": 17,
      "y": 27,
      "elevation": 0,
      "dest_map": "MAP_UNDERGROUND_PATH_NORTH_ENTRANCE",
      "dest_warp_id": "0"
    }
  ],
  "coord_events": [

  ],
  "bg_events": [
    {
      "type": "sign",
      "x": 32,
      "y": 32,
      "elevation": 0,
      "player_facing_dir": "BG_EVENT_PLAYER_FACING_ANY",
      "script": "Route5_EventScript_UndergroundPathSign"
    },
    {
      "type": "sign",
      "x": 17,
      "y": 29,
      "elevation": 0,
      "player_facing_dir": "BG_EVENT_PLAYER_FACING_ANY",
      "script": "Route5_EventScript_UndergroundPathSign"
    }
  ]
}
