<?xml version="1.0" encoding="UTF-8"?>
<metadata>
  <identifier>tml_wii_vc_1_1</identifier>
  <mediatype>software</mediatype>
  <collection>open_source_software</collection>
  <creator>Kaze Emanuar</creator>
  <date>2020-07-26</date>
  <description>These are the v1.1 .bps patch files for the ROM hack "The Legend Of Zelda: The Missing Link" for n64 and the Wii. You will need either a 1.0 copy of Ocarina of Time for n64 or you will need a copy of Ocarina of Time on Wii Virtual Console.</description>
  <language>eng</language>
  <scanner>Internet Archive HTML5 Uploader 1.6.4</scanner>
  <subject>zelda</subject>
  <title>The Legend Of Zelda: The Missing Link (v1.1)</title>
  <subject>romhack</subject>
  <subject>n64</subject>
  <subject>wiiware</subject>
  <subject>The Legend Of Zelda: The Missing Link</subject>
  <uploader>stickbwarf@gmail.com</uploader>
  <publicdate>2020-07-26 15:53:06</publicdate>
  <addeddate>2020-07-26 15:53:06</addeddate>
  <curation>[curator]validator@archive.org[/curator][date]20200726160046[/date][comment]checked for malware[/comment]</curation>
  <collection>community</collection>
</metadata>
