<?xml version="1.0" encoding="UTF-8"?>
<files>
  <file name="__ia_thumb.jpg" source="original">
    <mtime>1613746495</mtime>
    <size>9711</size>
    <md5>fc5b80973b98c84506442a52a9c513f9</md5>
    <crc32>544f2fdf</crc32>
    <sha1>6c73f4c647e46f5844c140aa10f210929e72f55f</sha1>
    <format>Item Tile</format>
    <rotation>0</rotation>
  </file>
  <file name="logo.png" source="original">
    <mtime>1595778695</mtime>
    <size>150142</size>
    <md5>bb7b2f4707ee72b3a462540bf7034db1</md5>
    <crc32>3fcbc123</crc32>
    <sha1>d317b9742d678b63673214c62cf1de0595720602</sha1>
    <format>PNG</format>
  </file>
  <file name="logo_thumb.jpg" source="derivative">
    <format>JPEG Thumb</format>
    <original>logo.png</original>
    <mtime>1595785409</mtime>
    <size>3955</size>
    <md5>cba17a6e68a005932caded8c2b40edc6</md5>
    <crc32>af40db1b</crc32>
    <sha1>c1d6324e81e4c901828bcc5313c550e5a054cfe1</sha1>
  </file>
  <file name="tml_n64_emu_1_1.bps" source="original">
    <mtime>1595778703</mtime>
    <size>15058388</size>
    <md5>3deaadfc799311c10ce03dc06a9524c8</md5>
    <crc32>2144df1c</crc32>
    <sha1>0ca64d4e52813166b6204730071e9990de396f84</sha1>
    <format>Unknown</format>
  </file>
  <file name="tml_n64_emu_1_1_big_endian.bps" source="original">
    <mtime>1595875530</mtime>
    <size>14869159</size>
    <md5>033b3974741b58202fe16ac0da257305</md5>
    <crc32>2144df1c</crc32>
    <sha1>4ea3761eff42b6bd8f6d0f39111cbca0a3ddf1cc</sha1>
    <format>Unknown</format>
  </file>
  <file name="tml_wii_vc_1_1.bps" source="original">
    <mtime>1595778653</mtime>
    <size>46739991</size>
    <md5>9f675c401c365dd1eff5981e35da5175</md5>
    <crc32>2144df1c</crc32>
    <sha1>a0ac397175ab0f3c12367e40dbdea2104d4cca9f</sha1>
    <format>Unknown</format>
  </file>
  <file name="tml_wii_vc_1_1_archive.torrent" source="metadata">
    <btih>9589c5aba13a5fd174ede3559e86b8d4fbfa3a65</btih>
    <mtime>1613746496</mtime>
    <size>5424</size>
    <md5>19bc3914d74925b5642bafbdeba48726</md5>
    <crc32>fdc29a94</crc32>
    <sha1>c39c99cbb2070d9a21e0a4f2e7b8dadf7e966c07</sha1>
    <format>Archive BitTorrent</format>
  </file>
  <file name="tml_wii_vc_1_1_files.xml" source="original">
    <format>Metadata</format>
    <md5>08a30db083fab450954cfea35e479b88</md5>
    <summation>md5</summation>
  </file>
  <file name="tml_wii_vc_1_1_meta.sqlite" source="original">
    <mtime>1595875571</mtime>
    <size>16384</size>
    <md5>b2395e68567234ae0776e1637e580d1d</md5>
    <crc32>b9453998</crc32>
    <sha1>dd533cbf74ba5b26671248897febce33cfc6ff25</sha1>
    <format>Metadata</format>
  </file>
  <file name="tml_wii_vc_1_1_meta.xml" source="original">
    <mtime>1613746494</mtime>
    <size>1134</size>
    <md5>47e94ce021c48213418fc181addad407</md5>
    <crc32>c8b2a186</crc32>
    <sha1>be01dd723056dbe4b58935ccc76a37686f01f1b2</sha1>
    <format>Metadata</format>
  </file>
</files>
