﻿<wiidisc version="1" root="/Kizuna_eng">
    <id game="RK7">
      <region type="J" />
    </id>
    <options>
        <section name="OHGON NO KIZUNA ENGLISH">
            <option name="English translation" id="patcher"  default="1">
                <choice name="Activated"><patch id="mainpatch" /></choice>
            </option>
        </section>
    </options>
    <patch id="mainpatch">
        <file disc="main.dol" external="main.dol" />
        <folder disc="/2DMAP/" external="2DMAP/" />
        <folder disc="/LAYOUT/2DMAP/" external="LAYOUT/2DMAP/" />
        <folder disc="/LAYOUT/STATUS/" external="LAYOUT/STATUS/" />
        <folder disc="/LAYOUT/GUILD/" external="LAYOUT/GUILD/" />
        <folder disc="/LAYOUT/COMMON/" external="LAYOUT/COMMON/" />
        <folder disc="/LAYOUT/ENDING/" external="LAYOUT/ENDING/" />
        <folder disc="/LAYOUT/FONT/" external="LAYOUT/FONT/" />
        <folder disc="/LAYOUT/MAP/BATTLEFIELD/" external="LAYOUT/MAP/BATTLEFIELD/" />
        <folder disc="/LAYOUT/SAVELOAD/" external="LAYOUT/SAVELOAD/" />
        <folder disc="/LAYOUT/SHOP/" external="LAYOUT/SHOP/" />
        <folder disc="/LAYOUT/STATUS/" external="LAYOUT/STATUS/" />
        <folder disc="/LAYOUT/TITLE/" external="LAYOUT/TITLE/" />
        <folder disc="/MES/" external="MES/" />
        <folder disc="/MOVIE/" external="MOVIE/" />
        <folder disc="/PATARI/" external="PATARI/" />
        <folder disc="/QUEST/" external="QUEST/" />
        <folder disc="/SCRIPT/" external="SCRIPT/" create="TRUE" />
        <folder disc="/TEST3/2D/" external="TEST3/2D/" />
        <folder disc="/TEST3/HELP/" external="TEST3/HELP/" />
        <folder disc="/TEST3/HELP/HOMEBUTTON2/" external="TEST3/HELP/HOMEBUTTON2/" />
        <folder disc="/TEST3/ITEM/" external="TEST3/ITEM/" />
    </patch>
</wiidisc>