{
  "id": "MAP_ROUTE131",
  "name": "Route131",
  "layout": "LAYOUT_ROUTE131",
  "music": "MUS_ROUTE119",
  "region_map_section": "MAPSEC_ROUTE_131",
  "requires_flash": false,
  "weather": "WEATHER_SNOW",
  "map_type": "MAP_TYPE_OCEAN_ROUTE",
  "allow_cycling": true,
  "allow_escaping": false,
  "allow_running": true,
  "show_map_name": true,
  "battle_scene": "MAP_BATTLE_SCENE_NORMAL",
  "connections": [
    {
      "direction": "left",
      "offset": 0,
      "map": "MAP_PACIFIDLOG_TOWN"
    },
    {
      "direction": "right",
      "offset": 0,
      "map": "MAP_ROUTE130"
    }
  ],
  "object_events": [
    {
      "graphics_id": "OBJ_EVENT_GFX_SWIMMER_M",
      "x": 41,
      "y": 32,
      "elevation": 1,
      "movement_type": "MOVEMENT_TYPE_WALK_SEQUENCE_UP_RIGHT_LEFT_DOWN",
      "movement_range_x": 5,
      "movement_range_y": 7,
      "trainer_type": "TRAINER_TYPE_NORMAL",
      "trainer_sight_or_berry_tree_id": "3",
      "script": "Route131_EventScript_Richard",
      "flag": "0"
    },
    {
      "graphics_id": "OBJ_EVENT_GFX_SWIMMER_M",
      "x": 18,
      "y": 19,
      "elevation": 1,
      "movement_type": "MOVEMENT_TYPE_FACE_DOWN_LEFT_AND_RIGHT",
      "movement_range_x": 0,
      "movement_range_y": 7,
      "trainer_type": "TRAINER_TYPE_NORMAL",
      "trainer_sight_or_berry_tree_id": "4",
      "script": "Route131_EventScript_Herman",
      "flag": "0"
    },
    {
      "graphics_id": "OBJ_EVENT_GFX_SWIMMER_F",
      "x": 10,
      "y": 22,
      "elevation": 1,
      "movement_type": "MOVEMENT_TYPE_FACE_DOWN_UP_AND_RIGHT",
      "movement_range_x": 6,
      "movement_range_y": 0,
      "trainer_type": "TRAINER_TYPE_NORMAL",
      "trainer_sight_or_berry_tree_id": "4",
      "script": "Route131_EventScript_Susie",
      "flag": "0"
    },
    {
      "graphics_id": "OBJ_EVENT_GFX_SWIMMER_F",
      "x": 31,
      "y": 25,
      "elevation": 1,
      "movement_type": "MOVEMENT_TYPE_WALK_SEQUENCE_LEFT_DOWN_RIGHT_UP",
      "movement_range_x": 3,
      "movement_range_y": 5,
      "trainer_type": "TRAINER_TYPE_NORMAL",
      "trainer_sight_or_berry_tree_id": "3",
      "script": "Route131_EventScript_Kara",
      "flag": "0"
    },
    {
      "graphics_id": "OBJ_EVENT_GFX_SWIMMER_F",
      "x": 9,
      "y": 16,
      "elevation": 1,
      "movement_type": "MOVEMENT_TYPE_FACE_DOWN",
      "movement_range_x": 1,
      "movement_range_y": 1,
      "trainer_type": "TRAINER_TYPE_NORMAL",
      "trainer_sight_or_berry_tree_id": "1",
      "script": "Route131_EventScript_Reli",
      "flag": "0"
    },
    {
      "graphics_id": "OBJ_EVENT_GFX_TUBER_M_SWIMMING",
      "x": 8,
      "y": 16,
      "elevation": 1,
      "movement_type": "MOVEMENT_TYPE_FACE_DOWN",
      "movement_range_x": 1,
      "movement_range_y": 1,
      "trainer_type": "TRAINER_TYPE_NORMAL",
      "trainer_sight_or_berry_tree_id": "1",
      "script": "Route131_EventScript_Ian",
      "flag": "0"
    },
    {
      "graphics_id": "OBJ_EVENT_GFX_SWIMMER_M",
      "x": 52,
      "y": 20,
      "elevation": 1,
      "movement_type": "MOVEMENT_TYPE_WALK_DOWN_AND_UP",
      "movement_range_x": 1,
      "movement_range_y": 3,
      "trainer_type": "TRAINER_TYPE_NORMAL",
      "trainer_sight_or_berry_tree_id": "5",
      "script": "Route131_EventScript_Kevin",
      "flag": "0"
    },
    {
      "graphics_id": "OBJ_EVENT_GFX_SWIMMER_F",
      "x": 52,
      "y": 27,
      "elevation": 1,
      "movement_type": "MOVEMENT_TYPE_WALK_UP_AND_DOWN",
      "movement_range_x": 1,
      "movement_range_y": 3,
      "trainer_type": "TRAINER_TYPE_NORMAL",
      "trainer_sight_or_berry_tree_id": "5",
      "script": "Route131_EventScript_Talia",
      "flag": "0"
    }
  ],
  "warp_events": [
    {
      "x": 36,
      "y": 6,
      "elevation": 3,
      "dest_map": "MAP_SKY_PILLAR_ENTRANCE",
      "dest_warp_id": 0
    }
  ],
  "coord_events": [

  ],
  "bg_events": [

  ]
}
