Victory Voice 1,se/winner_message/14Slv/Slv00_1010
Victory Voice 2,se/winner_message/14Slv/Slv00_1011
Victory Voice 3,se/winner_message/14Slv/Slv00_1012
Victory Voice 4,se/winner_message/14Slv/Slv00_1013
Victory Voice 5,se/winner_message/14Slv/Slv00_1014
Victory Voice 6,se/winner_message/14Slv/Slv00_1015
Victory Voice 7,se/winner_message/14Slv/Slv00_1016
Victory Voice 8,se/winner_message/14Slv/Slv00_1017
Victory Voice 9,se/winner_message/14Slv/Slv00_1018
Character Select Voice 1,se/charaselect_se/14Slv/Slv00_1100
Character Select Voice 2,se/charaselect_se/14Slv/Slv00_1120
Character Select Voice 3,se/charaselect_se/14Slv/Slv00_1130
