Title Call Voice ,se/title_se/00Sha/Sha00_1700
Victory Voice 1,se/winner_message/00Sha/Sha00_1010
Victory Voice 2,se/winner_message/00Sha/Sha00_1011
Victory Voice 3,se/winner_message/00Sha/Sha00_1012
Victory Voice 4,se/winner_message/00Sha/Sha00_1013
Victory Voice 5,se/winner_message/00Sha/Sha00_1014
Victory Voice 6,se/winner_message/00Sha/Sha00_1015
Victory Voice 7,se/winner_message/00Sha/Sha00_1016
Victory Voice 8,se/winner_message/00Sha/Sha00_1017
Victory Voice 9,se/winner_message/00Sha/Sha00_1018
Victory Voice 10,se/winner_message/00Sha/Sha00_1019
Victory Voice 11,se/winner_message/00Sha/Sha00_1020
Victory Voice (3Wins Streak) ,se/winner_message/00Sha/Sha00_1000
Victory Voice (10Wins Streak) ,se/winner_message/00Sha/Sha00_1001
Character Select Voice 1,se/charaselect_se/00Sha/Sha00_1100
Character Select Voice 2,se/charaselect_se/00Sha/Sha00_1120
Character Select Voice 3,se/charaselect_se/00Sha/Sha00_1130
Intrusion Voice 1,se/rannyuu_dst/00Sha/Sha00_1300
Intrusion Voice 2,se/rannyuu_dst/00Sha/Sha00_1301
Continue Voice 1,se/continue_se/00Sha/Sha00_1200
Continue Voice 2,se/continue_se/00Sha/Sha00_1210
Continue Voice 3,se/continue_se/00Sha/Sha00_1220
