<?xml version="1.0" encoding="iso-8859-1"?>
<!DOCTYPE tmres SYSTEM "tmres.dtd">
<tmres>
 <bookmarks>
  <folder>
    <name>Sprites</name>
<bookmark offset="155664" columns="16" rows="12" blockwidth="16" blockheight="12" rowinterleaved="true" sizeblocktocanvas="true" mode="1D" palIndex="0" codec="CP00">
  <description>main_00</description>
</bookmark>
<bookmark offset="286736" columns="16" rows="16" blockwidth="16" blockheight="16" rowinterleaved="true" sizeblocktocanvas="true" mode="1D" palIndex="0" codec="CP00">
  <description>main_01</description>
</bookmark>
<bookmark offset="213008" columns="16" rows="32" blockwidth="16" blockheight="32" rowinterleaved="true" sizeblocktocanvas="true" mode="1D" palIndex="0" codec="CP00">
  <description>animatedBank</description>
</bookmark>
<bookmark offset="278800" columns="16" rows="5" blockwidth="16" blockheight="5" rowinterleaved="false" sizeblocktocanvas="true" mode="1D" palIndex="0" codec="CP00">
  <description>introScreen</description>
</bookmark>
<bookmark offset="282640" columns="16" rows="4" blockwidth="16" blockheight="4" rowinterleaved="false" sizeblocktocanvas="true" mode="1D" palIndex="0" codec="CP00">
  <description>mapSprites</description>
</bookmark>
<bookmark offset="131088" columns="16" rows="16" blockwidth="16" blockheight="16" rowinterleaved="true" sizeblocktocanvas="true" mode="1D" palIndex="0" codec="CP00">
  <description>titleScreen</description>
</bookmark>
<bookmark offset="163856" columns="16" rows="4" blockwidth="16" blockheight="4" rowinterleaved="true" sizeblocktocanvas="true" mode="1D" palIndex="0" codec="CP00">
  <description>main_simonWithUpgrade</description>
</bookmark>
<bookmark offset="183312" columns="16" rows="4" blockwidth="16" blockheight="4" rowinterleaved="true" sizeblocktocanvas="true" mode="1D" palIndex="0" codec="CP00">
  <description>bossFrank</description>
</bookmark>
<bookmark offset="191504" columns="16" rows="4" blockwidth="16" blockheight="4" rowinterleaved="true" sizeblocktocanvas="true" mode="1D" palIndex="0" codec="CP00">
  <description>bossDeath</description>
</bookmark>
<bookmark offset="206864" columns="16" rows="8" blockwidth="16" blockheight="8" rowinterleaved="true" sizeblocktocanvas="true" mode="1D" palIndex="0" codec="CP00">
  <description>bossDrac</description>
</bookmark>
<bookmark offset="158736" columns="16" rows="4" blockwidth="16" blockheight="4" rowinterleaved="true" sizeblocktocanvas="true" mode="1D" palIndex="0" codec="CP00">
  <description>bossMummy</description>
</bookmark>
<bookmark offset="249872" columns="16" rows="4" blockwidth="16" blockheight="4" rowinterleaved="false" sizeblocktocanvas="true" mode="1D" palIndex="0" codec="CP00">
  <description>bossBank Dracula</description>
</bookmark>
  </folder>
  <folder>
    <name>Levels</name>
<bookmark offset="159760" columns="16" rows="16" blockwidth="16" blockheight="16" rowinterleaved="false" sizeblocktocanvas="true" mode="1D" palIndex="0" codec="CP00">
  <description>Stage 1</description>
</bookmark>
<bookmark offset="167952" columns="16" rows="16" blockwidth="16" blockheight="16" rowinterleaved="false" sizeblocktocanvas="true" mode="1D" palIndex="0" codec="CP00">
  <description>Stage 2</description>
</bookmark>
<bookmark offset="176144" columns="16" rows="16" blockwidth="16" blockheight="16" rowinterleaved="false" sizeblocktocanvas="true" mode="1D" palIndex="0" codec="CP00">
  <description>Stage 3</description>
</bookmark>
<bookmark offset="184336" columns="16" rows="16" blockwidth="16" blockheight="16" rowinterleaved="false" sizeblocktocanvas="true" mode="1D" palIndex="0" codec="CP00">
  <description>Stage 4</description>
</bookmark>
<bookmark offset="192528" columns="16" rows="16" blockwidth="16" blockheight="16" rowinterleaved="false" sizeblocktocanvas="true" mode="1D" palIndex="0" codec="CP00">
  <description>Stage 5</description>
</bookmark>
<bookmark offset="200720" columns="16" rows="16" blockwidth="16" blockheight="16" rowinterleaved="false" sizeblocktocanvas="true" mode="1D" palIndex="0" codec="CP00">
  <description>Stage 6</description>
</bookmark>
<bookmark offset="208912" columns="16" rows="16" blockwidth="16" blockheight="16" rowinterleaved="false" sizeblocktocanvas="true" mode="1D" palIndex="0" codec="CP00">
  <description>Stage Dracula</description>
</bookmark>
<bookmark offset="221200" columns="16" rows="16" blockwidth="16" blockheight="16" rowinterleaved="false" sizeblocktocanvas="true" mode="1D" palIndex="0" codec="CP00">
  <description>AnimStage 1</description>
</bookmark>
<bookmark offset="225296" columns="16" rows="16" blockwidth="16" blockheight="16" rowinterleaved="false" sizeblocktocanvas="true" mode="1D" palIndex="0" codec="CP00">
  <description>AnimStage 2</description>
</bookmark>
<bookmark offset="229392" columns="16" rows="16" blockwidth="16" blockheight="16" rowinterleaved="false" sizeblocktocanvas="true" mode="1D" palIndex="0" codec="CP00">
  <description>AnimStage 3</description>
</bookmark>
<bookmark offset="233488" columns="16" rows="16" blockwidth="16" blockheight="16" rowinterleaved="false" sizeblocktocanvas="true" mode="1D" palIndex="0" codec="CP00">
  <description>AnimStage 4</description>
</bookmark>
<bookmark offset="237584" columns="16" rows="16" blockwidth="16" blockheight="16" rowinterleaved="false" sizeblocktocanvas="true" mode="1D" palIndex="0" codec="CP00">
  <description>AnimStage 5</description>
</bookmark>
<bookmark offset="241680" columns="16" rows="16" blockwidth="16" blockheight="16" rowinterleaved="false" sizeblocktocanvas="true" mode="1D" palIndex="0" codec="CP00">
  <description>AnimStage 6</description>
</bookmark>
<bookmark offset="245776" columns="16" rows="16" blockwidth="16" blockheight="16" rowinterleaved="false" sizeblocktocanvas="true" mode="1D" palIndex="0" codec="CP00">
  <description>AnimStage Dracula </description>
</bookmark>
  </folder>
  <folder>
    <name>Screens</name>
<bookmark offset="152112" columns="16" rows="14" blockwidth="16" blockheight="14" rowinterleaved="false" sizeblocktocanvas="true" mode="1D" palIndex="0" codec="CP00">
  <description>map_Tiles</description>
</bookmark>
<bookmark offset="151568" columns="16" rows="4" blockwidth="16" blockheight="4" rowinterleaved="true" sizeblocktocanvas="true" mode="1D" palIndex="0" codec="CP00">
  <description>map_Sprites</description>
</bookmark>
<bookmark offset="142896" columns="16" rows="14" blockwidth="16" blockheight="14" rowinterleaved="true" sizeblocktocanvas="true" mode="1D" palIndex="1" codec="CP00">
  <description>ending</description>
</bookmark>
  </folder>
 </bookmarks>
 <palettes>
  <folder>
    <name>Screen</name>
<palette size="16" direct="no" offset="112658" codec="CF02" endianness="little">
  <description>TitelScreen</description>
</palette>
<palette size="16" direct="no" offset="118463" codec="CF02" endianness="little">
  <description>Ending Screen</description>
</palette>
<palette size="16" direct="no" offset="118292" codec="CF02" endianness="little">
  <description>Castle Map (Shared with Sprites)</description>
</palette>
<palette size="16" direct="no" offset="118292" codec="CF02" endianness="little">
  <description>IntroScreenTiles</description>
</palette>
<palette size="16" direct="no" offset="118267" codec="CF02" endianness="little">
  <description>IntroScreenSprites</description>
</palette>
  </folder>
  <folder>
    <name>Levels</name>
<palette size="16" direct="no" offset="118330" codec="CF02" endianness="little">
  <description>Stage 1 Entrence</description>
</palette>
<palette size="16" direct="no" offset="118349" codec="CF02" endianness="little">
  <description>Stage 2 Main Hall</description>
</palette>
<palette size="16" direct="no" offset="118368" codec="CF02" endianness="little">
  <description>Stage 3 Tower</description>
</palette>
<palette size="16" direct="no" offset="118387" codec="CF02" endianness="little">
  <description>Stage 4 Unterground</description>
</palette>
<palette size="16" direct="no" offset="118406" codec="CF02" endianness="little">
  <description>Stage 5 Dungeon</description>
</palette>
<palette size="16" direct="no" offset="118425" codec="CF02" endianness="little">
  <description>Stage 6 Clocktower</description>
</palette>
<palette size="16" direct="no" offset="118444" codec="CF02" endianness="little">
  <description>Stage Dracula</description>
</palette>
  </folder>
  <folder>
    <name>Sprites</name>
<palette size="16" direct="no" offset="118267" codec="CF02" endianness="little">
  <description>Every Stage and Simon</description>
</palette>
<palette size="16" direct="no" offset="118479" codec="CF02" endianness="little">
  <description>Ending Screen</description>
</palette>
  </folder>
 </palettes>
</tmres>
