0	■■■ func00_DEBUG_SIGN ■■■	MAP_D_CAD_00 0	
			
1	！！！エラー検出用サブルーチンを通りました！！！	MAP_D_CAD_00 1	
			
2	イビノスシンボル配置しない。フラグ：	MAP_D_CAD_00 2	
4	イビノスシンボル配置する。フラグ：	MAP_D_CAD_00 4	
7	ランカーファイル情報更新	MAP_D_CAD_00 7	
			
8	->旧:	MAP_D_CAD_00 8	
9	 追加:	MAP_D_CAD_00 9	
10	 結果:	MAP_D_CAD_00 10	
12	ランク:	MAP_D_CAD_00 12	
15	ランカー戦勝利・戻り値：	MAP_D_CAD_00 15	
17	ランキング戦を申し込みますか？	MAP_D_CAD_00 17	
18	申し込む	MAP_D_CAD_00 18	
19	やめておく	MAP_D_CAD_00 19	
22	イビノスシンボル倒した。フラグON：	MAP_D_CAD_00 22	
25	イビノス戦：イベント終了？	MAP_D_CAD_00 25	
			
26	スクリプト：未知のモーションタイプが指定されました	MAP_D_CAD_00 26	
			
33	***振り向き判定ＰＣ***	MAP_D_CAD_00 33	
			
34	現在:cmn_r0:	MAP_D_CAD_00 34	
36	目標:cmn_r1:	MAP_D_CAD_00 36	
38	差分:cmn_r2:	MAP_D_CAD_00 38	
40	差分＾２:cmn_r3:	MAP_D_CAD_00 40	
42	閾値＾２:cmn_r4:	MAP_D_CAD_00 42	
44	->pc振り向きません	MAP_D_CAD_00 44	
			
45	->pc振り向きます	MAP_D_CAD_00 45	
			
47	***振り向き判定***	MAP_D_CAD_00 47	
			
48	現在:cmn_r0:	MAP_D_CAD_00 34	
50	目標:cmn_r1:	MAP_D_CAD_00 36	
52	差分:cmn_r2:	MAP_D_CAD_00 38	
54	差分＾２:cmn_r3:	MAP_D_CAD_00 40	
56	閾値＾２:cmn_r4:	MAP_D_CAD_00 42	
58	->npc振り向きません	MAP_D_CAD_00 58	
			
59	->npc振り向きます	MAP_D_CAD_00 59	
			
63	ロード待ち開始	MAP_D_CAD_00 63	
			
64	ロード待ち終了	MAP_D_CAD_00 64	
			
65	{15}0C{14}L00000000を	MAP_D_CAD_00 65	
	手に入れた		
66	{15}0E{14}L00000000を	MAP_D_CAD_00 66	
	手に入れた		
67	{15}0F{14}L00000000を	MAP_D_CAD_00 67	
	手に入れた		
68	{15}0D{14}L00000000を	MAP_D_CAD_00 68	
	手に入れた		
69	{15}10{14}L00000000を	MAP_D_CAD_00 69	
	手に入れた		
70	{15}12{14}L00000000を	MAP_D_CAD_00 70	
	手に入れた		
71	{15}11{14}L00000000を	MAP_D_CAD_00 71	
	手に入れた		
72	{15}13{14}L00000000を{1d}L00000001個	MAP_D_CAD_00 72	
	手に入れた		
73	{15}14{14}L00000000を{1d}L00000001個	MAP_D_CAD_00 73	
	手に入れた		
74	{15}14{14}L00000000を	MAP_D_CAD_00 74	
	手に入れた		
75	{15}1B{14}L00000000を	MAP_D_CAD_00 75	
	手に入れた		
76	{14}L00000000を	MAP_D_CAD_00 76	
	手に入れた		
77	{1d}L00000000Ｂを手に入れた	MAP_D_CAD_00 77	
			
78	num_calc：	MAP_D_CAD_00 78	
80	{15}0C{14}L00000000を	MAP_D_CAD_00 80	
	手渡した		
81	{15}0E{14}L00000000を	MAP_D_CAD_00 81	
	手渡した		
82	{15}0F{14}L00000000を	MAP_D_CAD_00 82	
	手渡した		
83	{15}0D{14}L00000000を	MAP_D_CAD_00 83	
	手渡した		
84	{15}10{14}L00000000を	MAP_D_CAD_00 84	
	手渡した		
85	{15}12{14}L00000000を	MAP_D_CAD_00 85	
	手渡した		
86	{15}11{14}L00000000を	MAP_D_CAD_00 86	
	手渡した		
87	{15}13{14}L00000000を{1d}L00000001個	MAP_D_CAD_00 87	
	手渡した		
88	{15}14{14}L00000000を{1d}L00000001個	MAP_D_CAD_00 88	
	手渡した		
89	{15}14{14}L00000000を	MAP_D_CAD_00 89	
	手渡した		
90	{15}1B{14}L00000000を	MAP_D_CAD_00 90	
	手渡した		
91	{14}L00000000を	MAP_D_CAD_00 91	
	手渡した		
			
92	■■ret0■■：	MAP_D_CAD_00 92	
96	■■ret■■：	MAP_D_CAD_00 96	
98	cmn_option:	MAP_D_CAD_00 98	
106	セーブポイント	MAP_D_CAD_00 106	
107	データ削除ユーティリティを起動します	MAP_D_CAD_00 107	
	ゲームプレイデータのセーブには		
	{1d}L00000001KB以上の空き容量が必要です		
108	ネックタイプ：	MAP_D_CAD_00 108	
110	首の初期化	MAP_D_CAD_00 110	
			
111	ネックタイプ：	MAP_D_CAD_00 108	
115	大橋が	MAP_D_CAD_00 115	
	トラベルマップで使用可能になりました		
116	下区：商業区が	MAP_D_CAD_00 116	
	トラベルマップで使用可能になりました		
117	下区：ランカー居住区が	MAP_D_CAD_00 117	
	トラベルマップで使用可能になりました		
118	下区：闘技場前が	MAP_D_CAD_00 118	
	トラベルマップで使用可能になりました		
119	タイロン租界が	MAP_D_CAD_00 119	
	トラベルマップで使用可能になりました		
120	バザルタ出張所前が	MAP_D_CAD_00 120	
	トラベルマップで使用可能になりました		
121	上区：噴水広場前が	MAP_D_CAD_00 121	
	トラベルマップで使用可能になりました		
122	バザルタ本部前が	MAP_D_CAD_00 122	
	トラベルマップで使用可能になりました		
123	フラグ・フィールド：	MAP_D_CAD_00 123	
125	フラグ・フィールド：	MAP_D_CAD_00 123	
127	ガンドアが	MAP_D_CAD_00 127	
	トラベルマップで使用可能になりました		
128	カンタレラが	MAP_D_CAD_00 128	
	トラベルマップで使用可能になりました		
129	トーロ荒地が	MAP_D_CAD_00 129	
	トラベルマップで使用可能になりました		
130	リブラ森林が	MAP_D_CAD_00 130	
	トラベルマップで使用可能になりました		
131	マイヤールの森が	MAP_D_CAD_00 131	
	トラベルマップで使用可能になりました		
132	ベリエ街道が	MAP_D_CAD_00 132	
	トラベルマップで使用可能になりました		
133	ドネイ回廊が	MAP_D_CAD_00 133	
	トラベルマップで使用可能になりました		
134	ウィルゴー砂漠が	MAP_D_CAD_00 134	
	トラベルマップで使用可能になりました		
135	カドモール水源が	MAP_D_CAD_00 135	
	トラベルマップで使用可能になりました		
136	カルキノス荒地が	MAP_D_CAD_00 136	
	トラベルマップで使用可能になりました		
137	ラ・キット遺跡が	MAP_D_CAD_00 137	
	トラベルマップで使用可能になりました		
138	レオン峡谷が	MAP_D_CAD_00 138	
	トラベルマップで使用可能になりました		
139	ソダー回廊が	MAP_D_CAD_00 139	
	トラベルマップで使用可能になりました		
140	ニシュラ氷河が	MAP_D_CAD_00 140	
	トラベルマップで使用可能になりました		
141	いにしえの回廊が	MAP_D_CAD_00 141	
	トラベルマップで使用可能になりました		
142	フィッシェ街道が	MAP_D_CAD_00 142	
	トラベルマップで使用可能になりました		
143	レゾナール海岸が	MAP_D_CAD_00 143	
	トラベルマップで使用可能になりました		
144	ケイロニア高原が	MAP_D_CAD_00 144	
	トラベルマップで使用可能になりました		
145	ケイロニア砦が	MAP_D_CAD_00 145	
	トラベルマップで使用可能になりました		
146	サルバトーレ離宮が	MAP_D_CAD_00 146	
	トラベルマップで使用可能になりました		
147	リストにないよ？	MAP_D_CAD_00 147	
			
148	_case:	MAP_D_CAD_00 148	
151	「討伐修練【低位１】」の	MAP_D_CAD_00 151	
	クリア条件を満たした！		
152	「討伐修練【低位２】」の	MAP_D_CAD_00 152	
	クリア条件を満たした！		
153	「討伐修練【低位３】」の	MAP_D_CAD_00 153	
	クリア条件を満たした！		
154	「討伐修練【低位４】」の	MAP_D_CAD_00 154	
	クリア条件を満たした！		
155	「討伐修練【低位５】」の	MAP_D_CAD_00 155	
	クリア条件を満たした！		
156	「討伐修練【中位１】」の	MAP_D_CAD_00 156	
	クリア条件を満たした！		
157	「討伐修練【中位２】」の	MAP_D_CAD_00 157	
	クリア条件を満たした！		
158	「討伐修練【高位１】」の	MAP_D_CAD_00 158	
	クリア条件を満たした！		
159	「討伐修練【高位２】」の	MAP_D_CAD_00 159	
	クリア条件を満たした！		
160	「薬草探しの代理人」の	MAP_D_CAD_00 160	
	クリア条件を満たした！		
161	「新商品開発の手伝い」の	MAP_D_CAD_00 161	
	クリア条件を満たした！		
162	「蒼の指環を求めて」の	MAP_D_CAD_00 162	
	クリア条件を満たした！		
163	「雪中の贈り物」の	MAP_D_CAD_00 163	
	クリア条件を満たした！		
164	「加護あることを祈って」の	MAP_D_CAD_00 164	
	クリア条件を満たした！		
165	「追想の白い花」の	MAP_D_CAD_00 165	
	クリア条件を満たした！		
166	「来れ、好運の使者！」の	MAP_D_CAD_00 166	
	クリア条件を満たした！		
167	「武術指南のお願い」の	MAP_D_CAD_00 167	
	クリア条件を満たした！		
168	「行方不明の従業員」の	MAP_D_CAD_00 168	
	クリア条件を満たした！		
169	「スキルチップ収集中」の	MAP_D_CAD_00 169	
	クリア条件を満たした！		
170	「盗難品の行方は」の	MAP_D_CAD_00 170	
	クリア条件を満たした！		
171	「資料集めのアシスタント」の	MAP_D_CAD_00 171	
	クリア条件を満たした！		
172	「河畔の生態系調査」の	MAP_D_CAD_00 172	
	クリア条件を満たした！		
173	「新人官吏を捕獲せよ」の	MAP_D_CAD_00 173	
	クリア条件を満たした！		
174	「黒い積荷の回収」の	MAP_D_CAD_00 174	
	クリア条件を満たした！		
175	「悪徳商売を抑止せよ」の	MAP_D_CAD_00 175	
	クリア条件を満たした！		
176	「新人ランカー襲撃事件」の	MAP_D_CAD_00 176	
	クリア条件を満たした！		
177	「優しい猛者、募集中」の	MAP_D_CAD_00 177	
	クリア条件を満たした！		
178	「異郷からきた尋ね人」の	MAP_D_CAD_00 178	
	クリア条件を満たした！		
179	「勇壮なる護衛の依頼」の	MAP_D_CAD_00 179	
	クリア条件を満たした！		
180	「赫の指環を求めて」の	MAP_D_CAD_00 180	
	クリア条件を満たした！		
181	「闘技場の害獣駆除」の	MAP_D_CAD_00 181	
	クリア条件を満たした！		
182	「回覧板配達人」の	MAP_D_CAD_00 182	
	クリア条件を満たした！		
183	「討伐修練【緊急】」の	MAP_D_CAD_00 183	
	クリア条件を満たした！		
184	「鉱物資源の収集【緊急】」の	MAP_D_CAD_00 184	
	クリア条件を満たした！		
185	「タリー石を探せ」の	MAP_D_CAD_00 185	
	クリア条件を満たした！		
186	「甘梅草を探せ」の	MAP_D_CAD_00 186	
	クリア条件を満たした！		
187	「衛兵の剣の没収」の	MAP_D_CAD_00 187	
	クリア条件を満たした！		
188	「衛兵の剣の返却」の	MAP_D_CAD_00 188	
	クリア条件を満たした！		
189	「森のイビノス駆除【重大】」の	MAP_D_CAD_00 189	
	クリア条件を満たした！		
190	「回廊のイビノス駆除【重大】」の	MAP_D_CAD_00 190	
	クリア条件を満たした！		
191	「七騎士認定修練【重大】」の	MAP_D_CAD_00 191	
	クリア条件を満たした！		
192	ガンドアが	MAP_D_CAD_00 192	
	トラベルマップで通行可能になりました		
193	ガンドアが	MAP_D_CAD_00 193	
	トラベルマップで通行不能になりました		
194	カンタレラが	MAP_D_CAD_00 194	
	トラベルマップで通行可能になりました		
195	カンタレラが	MAP_D_CAD_00 195	
	トラベルマップで通行不能になりました		
196	トーロ荒地が	MAP_D_CAD_00 196	
	トラベルマップで通行可能になりました		
197	トーロ荒地が	MAP_D_CAD_00 197	
	トラベルマップで通行不能になりました		
198	リブラ森林が	MAP_D_CAD_00 198	
	トラベルマップで通行可能になりました		
199	リブラ森林が	MAP_D_CAD_00 199	
	トラベルマップで通行不能になりました		
200	マイヤールの森が	MAP_D_CAD_00 200	
	トラベルマップで通行可能になりました		
201	マイヤールの森が	MAP_D_CAD_00 201	
	トラベルマップで通行不能になりました		
202	ベリエ街道が	MAP_D_CAD_00 202	
	トラベルマップで通行可能になりました		
203	ベリエ街道が	MAP_D_CAD_00 203	
	トラベルマップで通行不能になりました		
204	ドネイ回廊が	MAP_D_CAD_00 204	
	トラベルマップで通行可能になりました		
205	ドネイ回廊が	MAP_D_CAD_00 205	
	トラベルマップで通行不能になりました		
206	ウィルゴー砂漠が	MAP_D_CAD_00 206	
	トラベルマップで通行可能になりました		
207	ウィルゴー砂漠が	MAP_D_CAD_00 207	
	トラベルマップで通行不能になりました		
208	カドモール水源が	MAP_D_CAD_00 208	
	トラベルマップで通行可能になりました		
209	カドモール水源が	MAP_D_CAD_00 209	
	トラベルマップで通行不能になりました		
210	カルキノス荒地が	MAP_D_CAD_00 210	
	トラベルマップで通行可能になりました		
211	カルキノス荒地が	MAP_D_CAD_00 211	
	トラベルマップで通行不能になりました		
212	ラ・キット遺跡が	MAP_D_CAD_00 212	
	トラベルマップで通行可能になりました		
213	ラ・キット遺跡が	MAP_D_CAD_00 213	
	トラベルマップで通行不能になりました		
214	レオン峡谷が	MAP_D_CAD_00 214	
	トラベルマップで通行可能になりました		
215	レオン峡谷が	MAP_D_CAD_00 215	
	トラベルマップで通行不能になりました		
216	ソダー回廊が	MAP_D_CAD_00 216	
	トラベルマップで通行可能になりました		
217	ソダー回廊が	MAP_D_CAD_00 217	
	トラベルマップで通行不能になりました		
218	ニシュラ氷河が	MAP_D_CAD_00 218	
	トラベルマップで通行可能になりました		
219	ニシュラ氷河が	MAP_D_CAD_00 219	
	トラベルマップで通行不能になりました		
220	いにしえの回廊が	MAP_D_CAD_00 220	
	トラベルマップで通行可能になりました		
221	いにしえの回廊が	MAP_D_CAD_00 221	
	トラベルマップで通行不能になりました		
222	フィッシェ街道が	MAP_D_CAD_00 222	
	トラベルマップで通行可能になりました		
223	フィッシェ街道が	MAP_D_CAD_00 223	
	トラベルマップで通行不能になりました		
224	レゾナール海岸が	MAP_D_CAD_00 224	
	トラベルマップで通行可能になりました		
225	レゾナール海岸が	MAP_D_CAD_00 225	
	トラベルマップで通行不能になりました		
226	ケイロニア高原が	MAP_D_CAD_00 226	
	トラベルマップで通行可能になりました		
227	ケイロニア高原が	MAP_D_CAD_00 227	
	トラベルマップで通行不能になりました		
228	ケイロニア砦が	MAP_D_CAD_00 228	
	トラベルマップで通行可能になりました		
229	ケイロニア砦が	MAP_D_CAD_00 229	
	トラベルマップで通行不能になりました		
230	サルバトーレ離宮が	MAP_D_CAD_00 230	
	トラベルマップで通行可能になりました		
231	サルバトーレ離宮が	MAP_D_CAD_00 231	
	トラベルマップで通行不能になりました		
232	リストにないよ？	MAP_D_CAD_00 147	
			
237	func00_D_EVENT_START1	MAP_D_CAN_00 376	
238	func00_D_EVENT_START2	MAP_D_CAN_00 377	
239	func00_D_EVENT_END1	MAP_D_CAN_00 378	
240	func00_D_EVENT_END2	MAP_D_CAN_00 379	
242	func00_C_EVENT_START1	MAP_D_CAD_00 233	
246	func00_C_EVENT_START2	MAP_D_CAD_00 238	
249	誰だ！？	MAP_D_CAN_00 409	
255	わりぃわりぃ	MAP_D_CAN_00 415	
	でも、あんた相当な		
	ランクだな		
259	ふん、まあな	MAP_D_CAN_00 419	
263	じゃあ、決まり	MAP_D_CAN_00 423	
	おれとランクをかけて		
	戦ってくれ		X
	断るなんて		
	不名誉なことは		
	しないよな？		
271	いいだろう…	MAP_D_CAN_00 431	
	チャンスをやろう		
274	いいね、その上から目線	MAP_D_CAN_00 434	X
	おれはガルガノ		
	銃を少々使う		
280	おれはジグ	MAP_D_CAN_00 440	
	いつでもかかってこい		
282	じゃあ、バキューンと	MAP_D_CAN_00 442	
	行くぞ！		
292	func00_C_EVENT_END1	MAP_D_CAD_00 372	
293	func00_C_EVENT_END2	MAP_D_CAD_00 377	
294	func00_C_EVENT_START1	MAP_D_CAD_00 233	
299	func00_C_EVENT_START2	MAP_D_CAD_00 238	
301	んなー！	MAP_D_CAN_00 461	
	また負けた～！		
305	…じゃあな	MAP_D_CAN_00 465	
306	func00_C_EVENT_END1	MAP_D_CAD_00 372	
309	func00_C_EVENT_END2	MAP_D_CAD_00 377	
310	func00_C_EVENT_START1	MAP_D_CAD_00 233	
313	func00_C_EVENT_START2	MAP_D_CAD_00 238	
315	待ってくれー！	MAP_D_CAN_00 475	
324	ぜぇぜぇ…	MAP_D_CAN_00 484	
329	連続して挑戦するのは	MAP_D_CAN_00 489	
	マナー違反だぞ		
332	ちがうちがう	MAP_D_CAN_00 492	X
	あんたに頼みがあって		
	追いかけてきたんだ		X
	おれを少しの間、あんたの		
	配下にしてくれないか？		
339	…………	MAP_D_CAD_00 242	
342	このソダー回廊は	MAP_D_CAN_00 502	
	おれのランクじゃ		
	通行できないんだ		X
	移動区域制限条例に		
	引っかかってさ…		
348	そういうことなら	MAP_D_CAN_00 508	
	あきらめるんだな		
351	だから！	MAP_D_CAN_00 511	
	あんたの配下になれば		
	通れるんだって		
355	どこへ行くんだ？	MAP_D_CAN_00 515	
359	おれは七騎士のユーリを	MAP_D_CAN_00 519	
	探しているんだ		X
	今はガンドアには		
	いないようだからな…		X
	あの腐れ頭野郎に		
	会ったら{17}02		
366	…いいだろう	MAP_D_CAN_00 526	
	ついて来いよ		
368	func00_C_EVENT_END1	MAP_D_CAD_00 372	
370	func00_C_EVENT_END2	MAP_D_CAD_00 377	
371	func00_E_EVENT_START1	MAP_D_CAD_00 415	
375	func00_E_EVENT_START2	MAP_D_CAD_00 417	
378	ん、きみ…	MAP_D_CAN_01 240	
	もしかして修練を		
	受けに来てくれた人？		
382	どんな修練だ？	MAP_D_CAD_00 912	
386	峡谷方面まで	MAP_D_CAN_01 248	
	使い走りに行ってほしい		
	…ってところかな		
388	修練「雪中の贈り物」	MAP_D_CAN_01 250	
	に参加しますか？		
389	参加する	MAP_D_CAD_00 919	
390	参加しない	MAP_D_CAD_00 920	
395	そうかそうか！	MAP_D_CAN_01 257	X
	ふむ、ちょっと無愛想だが		
	真面目そうな青年だ		
	ランクも申し分ない		X
	きみになら		
	この大事な依頼		
	まかせられるかもな		
399	何をすればいい？	MAP_D_CAN_01 261	
403	レオン峡谷にいって	MAP_D_CAN_01 265	
	【氷精の雫】という結晶を		
	探し出してほしいんだ		
407	氷精の雫？	MAP_D_CAN_01 269	
411	ああ、ちょっと特殊な氷さ	MAP_D_CAN_01 273	
	とても美しいんだ		X
	…ただ、雪の中に		
	うもれていて		
	探すのがひどく難儀でね		
415	詳しく教えてくれ	MAP_D_CAN_01 277	
420	まずはニシュラ氷河へ行き	MAP_D_CAN_01 282	
	澄んだ冷たい水…		
	氷河の清水を汲んでくれ		X
	次にレオン峡谷に行って		
	氷精の雫を探してほしい		X
	雪の中を探していれば		
	そのうち見つかるだろう		X
	…運よくみつけたら		
	氷河の清水にいれて		
	持ってきてくれ		
425	水の中に入れたら	MAP_D_CAN_01 287	
	溶けるんじゃないのか？		
430	普通はそうなんだけどね	MAP_D_CAN_01 292	
	氷河の清水に入れ		
	徐々に温度を上げると		X
	最後に絶対に溶けない		
	結晶が残るんだよ		
	…ロマンチックな話さ		X
	…ってことで		
	大丈夫かい？		
434	わからなくなったら	MAP_D_CAN_01 296	
	いつでも聞きにきてくれ		
	頼んだよ		
436	func00_E_EVENT_END1	MAP_D_CAD_00 424	
437	func00_E_EVENT_END2	MAP_D_CAD_00 425	
440	そうか…	MAP_D_CAN_01 302	
	人気ないのかね		
	おれの修練は		
442	func00_E_EVENT_END1	MAP_D_CAD_00 424	
443	func00_E_EVENT_END2	MAP_D_CAD_00 425	
444	func00_E_EVENT_START1	MAP_D_CAD_00 415	
448	func00_E_EVENT_START2	MAP_D_CAD_00 417	
451	氷精の雫はレオン峡谷だ	MAP_D_CAN_01 313	
	採集の手順を		
	確認するかい？		
453	確認しますか？	MAP_D_CAN_01 315	
454	はい	MAP_D_CAD_00 432	
455	いいえ	MAP_D_CAD_00 433	
460	まずはニシュラ氷河に行き	MAP_D_CAN_01 322	
	氷河の清水を汲んでくれ		X
	それからレオン峡谷で		
	肝心の氷精の雫探しだ		X
	雪の中を探していれば		
	そのうち見つかるだろう		X
	…運よくみつけたら		
	氷河の清水にいれて		
	持ってきてくれ		
462	func00_E_EVENT_END1	MAP_D_CAD_00 424	
463	func00_E_EVENT_END2	MAP_D_CAD_00 425	
466	わからなくなったら	MAP_D_CAN_01 296	
	いつでも聞きにきてくれ		
	頼んだよ		
468	func00_E_EVENT_END1	MAP_D_CAD_00 424	
469	func00_E_EVENT_END2	MAP_D_CAD_00 425	
470	func00_E_EVENT_START1	MAP_D_CAD_00 415	
472	func00_E_EVENT_START2	MAP_D_CAD_00 417	
474	水を汲むのは	MAP_D_CAN_01 336	
	このあたりでいいか…		
476	func00_E_EVENT_END1	MAP_D_CAD_00 424	
477	func00_E_EVENT_END2	MAP_D_CAD_00 425	
478	func00_E_EVENT_START1	MAP_D_CAD_00 415	
480	func00_E_EVENT_START2	MAP_D_CAD_00 417	
482	氷精の雫…だったか	MAP_D_CAN_01 344	
	雪の中にあるんだよな		
483	func00_E_EVENT_END1	MAP_D_CAD_00 424	
484	func00_E_EVENT_END2	MAP_D_CAD_00 425	
485	func00_E_EVENT_START1	MAP_D_CAD_00 415	
487	func00_E_EVENT_START2	MAP_D_CAD_00 417	
490	この結晶…	MAP_D_CAN_01 352	
	氷精の雫か？		
492	これを氷河の水に	MAP_D_CAN_01 354	
	入れるんだよな		
494	よし、依頼人のところに	MAP_D_CAN_01 356	
	持っていくか		
496	func00_E_EVENT_END1	MAP_D_CAD_00 424	
497	func00_E_EVENT_END2	MAP_D_CAD_00 425	
498	func00_E_EVENT_START1	MAP_D_CAD_00 415	
502	func00_E_EVENT_START2	MAP_D_CAD_00 417	
505	お、やっぱりきみに頼んで	MAP_D_CAN_01 367	
	正解だったみたいだね		
511	本当に溶けないんだな	MAP_D_CAN_01 373	
515	ああ、原理は	MAP_D_CAN_01 377	
	わからないけどね		X
	永遠に溶けない氷…		
	女性へのプレゼントに		
	最適だと思わないか？		
520	贈り物なのか？	MAP_D_CAN_01 382	
	それを他人に		
	取りに行かせた？		
525	ははっ、痛いところ突くね	MAP_D_CAN_01 387	X
	でもおれは		
	こんなランクだし		
	それに何より…		X
	寒いところは		
	苦手なもんでね		
529	…………	MAP_D_CAD_00 242	
533	あっはっは！	MAP_D_CAN_01 395	
	きみは実に素直だな		
	うん、とても面白いね		X
	正直、こんな修練内容じゃ		
	高位ランカーは来ないと		
	思っていたんだ		X
	でも、きみときたら		
	文句のひとつも垂れずに		
	やりとげてくれた		
537	…これくらいなら	MAP_D_CAN_01 399	
	高位ランカーじゃなくても		
	できたはずだ		
541	いや、高位ランカーに	MAP_D_CAN_01 403	
	やってほしかったんだよ		
545	どうして？	MAP_D_CAN_01 407	
549	そりゃ、確実にこなして	MAP_D_CAN_01 411	
	ほしかったからさ		X
	氷精の雫がなきゃ		
	次のデートプランが		
	台無しだからね		
552	…………	MAP_D_CAD_00 242	
556	男女関係ってのは	MAP_D_CAN_01 418	
	実に繊細で面倒なものさ		X
	５０位にとっても		
	９００００位にとっても		
	等しく同じにね		
561	…よく…わからない…	MAP_D_CAN_01 423	
566	いずれきみも	MAP_D_CAN_01 428	
	身をもって体験するかもな		
	…ちょっと楽しみだ		
569	…………	MAP_D_CAD_00 242	
572	…じゃ、おれはそろそろ	MAP_D_CAN_01 434	
	行くとするかね		X
	せっかくもらったコレを		
	目的どおり使わなくては		
	ならないからね		X
	もし、おれがまた		
	修練を出すことがあったら		
	ぜひ受けてくれよ		
577	また会おう、青年！	MAP_D_CAN_01 439	
581	func00_E_EVENT_END1	MAP_D_CAD_00 424	
582	func00_E_EVENT_END2	MAP_D_CAD_00 425	
583	シーン初期化	MAP_D_CAD_00 1232	
			
584	オブジェクト配置	MAP_D_CAD_00 1233	
			
585	オブジェクトトラップ配置	MAP_D_CAD_00 1235	
			
586	マップチェンジトラップ配置	MAP_D_CAD_00 1236	
			
592	ＮＰＣ配置	MAP_D_CAD_00 1248	
			
598	おれの考えじゃ		
	銃は最強なんだけどな…		
	つ、使い手の問題か！？		
600	あんたいい奴だな…		
	うん…いい奴だ…		
601	イベントトラップ配置	MAP_D_CAD_00 1413	
			
602	ガルガノ合流		
			
604	？？？	MAP_D_CAD_01 744	
622	ガルガノ登場		
			
624	ジグ勝利		
			
635	OBJ_GAL	MAP_D_CAN_00 1068	
