0	■■■ func00_DEBUG_SIGN ■■■	MAP_D_CAD_00 0		
				
1	！！！エラー検出用サブルーチンを通りました！！！	MAP_D_CAD_00 1		
				
2	イビノスシンボル配置しない。フラグ：	MAP_D_CAD_00 2		
4	イビノスシンボル配置する。フラグ：	MAP_D_CAD_00 4		
7	ランカーファイル情報更新	MAP_D_CAD_00 7		
				
8	->旧:	MAP_D_CAD_00 8		
9	 追加:	MAP_D_CAD_00 9		
10	 結果:	MAP_D_CAD_00 10		
12	ランク:	MAP_D_CAD_00 12		
15	ランカー戦勝利・戻り値：	MAP_D_CAD_00 15		
17	ランキング戦を申し込みますか？	MAP_D_CAD_00 17		
18	申し込む	MAP_D_CAD_00 18		
19	やめておく	MAP_D_CAD_00 19		
22	イビノスシンボル倒した。フラグON：	MAP_D_CAD_00 22		
25	イビノス戦：イベント終了？	MAP_D_CAD_00 25		
				
26	スクリプト：未知のモーションタイプが指定されました	MAP_D_CAD_00 26		
				
33	***振り向き判定ＰＣ***	MAP_D_CAD_00 33		
				
34	現在:cmn_r0:	MAP_D_CAD_00 34		
36	目標:cmn_r1:	MAP_D_CAD_00 36		
38	差分:cmn_r2:	MAP_D_CAD_00 38		
40	差分＾２:cmn_r3:	MAP_D_CAD_00 40		
42	閾値＾２:cmn_r4:	MAP_D_CAD_00 42		
44	->pc振り向きません	MAP_D_CAD_00 44		
				
45	->pc振り向きます	MAP_D_CAD_00 45		
				
47	***振り向き判定***	MAP_D_CAD_00 47		
				
48	現在:cmn_r0:	MAP_D_CAD_00 34		
50	目標:cmn_r1:	MAP_D_CAD_00 36		
52	差分:cmn_r2:	MAP_D_CAD_00 38		
54	差分＾２:cmn_r3:	MAP_D_CAD_00 40		
56	閾値＾２:cmn_r4:	MAP_D_CAD_00 42		
58	->npc振り向きません	MAP_D_CAD_00 58		
				
59	->npc振り向きます	MAP_D_CAD_00 59		
				
63	ロード待ち開始	MAP_D_CAD_00 63		
				
64	ロード待ち終了	MAP_D_CAD_00 64		
				
65	{15}0C{14}L00000000を	MAP_D_CAD_00 65		
	手に入れた			
66	{15}0E{14}L00000000を	MAP_D_CAD_00 66		
	手に入れた			
67	{15}0F{14}L00000000を	MAP_D_CAD_00 67		
	手に入れた			
68	{15}0D{14}L00000000を	MAP_D_CAD_00 68		
	手に入れた			
69	{15}10{14}L00000000を	MAP_D_CAD_00 69		
	手に入れた			
70	{15}12{14}L00000000を	MAP_D_CAD_00 70		
	手に入れた			
71	{15}11{14}L00000000を	MAP_D_CAD_00 71		
	手に入れた			
72	{15}13{14}L00000000を{1d}L00000001個	MAP_D_CAD_00 72		
	手に入れた			
73	{15}14{14}L00000000を{1d}L00000001個	MAP_D_CAD_00 73		
	手に入れた			
74	{15}14{14}L00000000を	MAP_D_CAD_00 74		
	手に入れた			
75	{15}1B{14}L00000000を	MAP_D_CAD_00 75		
	手に入れた			
76	{14}L00000000を	MAP_D_CAD_00 76		
	手に入れた			
77	{1d}L00000000Ｂを手に入れた	MAP_D_CAD_00 77		
				
78	num_calc：	MAP_D_CAD_00 78		
80	{15}0C{14}L00000000を	MAP_D_CAD_00 80		
	手渡した			
81	{15}0E{14}L00000000を	MAP_D_CAD_00 81		
	手渡した			
82	{15}0F{14}L00000000を	MAP_D_CAD_00 82		
	手渡した			
83	{15}0D{14}L00000000を	MAP_D_CAD_00 83		
	手渡した			
84	{15}10{14}L00000000を	MAP_D_CAD_00 84		
	手渡した			
85	{15}12{14}L00000000を	MAP_D_CAD_00 85		
	手渡した			
86	{15}11{14}L00000000を	MAP_D_CAD_00 86		
	手渡した			
87	{15}13{14}L00000000を{1d}L00000001個	MAP_D_CAD_00 87		
	手渡した			
88	{15}14{14}L00000000を{1d}L00000001個	MAP_D_CAD_00 88		
	手渡した			
89	{15}14{14}L00000000を	MAP_D_CAD_00 89		
	手渡した			
90	{15}1B{14}L00000000を	MAP_D_CAD_00 90		
	手渡した			
91	{14}L00000000を	MAP_D_CAD_00 91		
	手渡した			
				
92	■■ret0■■：	MAP_D_CAD_00 92		
96	■■ret■■：	MAP_D_CAD_00 96		
98	cmn_option:	MAP_D_CAD_00 98		
106	セーブポイント	MAP_D_CAD_00 106		
107	データ削除ユーティリティを起動します	MAP_D_CAD_00 107		
	ゲームプレイデータのセーブには			
	{1d}L00000001KB以上の空き容量が必要です			
108	ネックタイプ：	MAP_D_CAD_00 108		
110	首の初期化	MAP_D_CAD_00 110		
				
111	ネックタイプ：	MAP_D_CAD_00 108		
115	大橋が	MAP_D_CAD_00 115		
	トラベルマップで使用可能になりました			
116	下区：商業区が	MAP_D_CAD_00 116		
	トラベルマップで使用可能になりました			
117	下区：ランカー居住区が	MAP_D_CAD_00 117		
	トラベルマップで使用可能になりました			
118	下区：闘技場前が	MAP_D_CAD_00 118		
	トラベルマップで使用可能になりました			
119	タイロン租界が	MAP_D_CAD_00 119		
	トラベルマップで使用可能になりました			
120	バザルタ出張所前が	MAP_D_CAD_00 120		
	トラベルマップで使用可能になりました			
121	上区：噴水広場前が	MAP_D_CAD_00 121		
	トラベルマップで使用可能になりました			
122	バザルタ本部前が	MAP_D_CAD_00 122		
	トラベルマップで使用可能になりました			
123	フラグ・フィールド：	MAP_D_CAD_00 123		
125	フラグ・フィールド：	MAP_D_CAD_00 123		
127	ガンドアが	MAP_D_CAD_00 127		
	トラベルマップで使用可能になりました			
128	カンタレラが	MAP_D_CAD_00 128		
	トラベルマップで使用可能になりました			
129	トーロ荒地が	MAP_D_CAD_00 129		
	トラベルマップで使用可能になりました			
130	リブラ森林が	MAP_D_CAD_00 130		
	トラベルマップで使用可能になりました			
131	マイヤールの森が	MAP_D_CAD_00 131		
	トラベルマップで使用可能になりました			
132	ベリエ街道が	MAP_D_CAD_00 132		
	トラベルマップで使用可能になりました			
133	ドネイ回廊が	MAP_D_CAD_00 133		
	トラベルマップで使用可能になりました			
134	ウィルゴー砂漠が	MAP_D_CAD_00 134		
	トラベルマップで使用可能になりました			
135	カドモール水源が	MAP_D_CAD_00 135		
	トラベルマップで使用可能になりました			
136	カルキノス荒地が	MAP_D_CAD_00 136		
	トラベルマップで使用可能になりました			
137	ラ・キット遺跡が	MAP_D_CAD_00 137		
	トラベルマップで使用可能になりました			
138	レオン峡谷が	MAP_D_CAD_00 138		
	トラベルマップで使用可能になりました			
139	ソダー回廊が	MAP_D_CAD_00 139		
	トラベルマップで使用可能になりました			
140	ニシュラ氷河が	MAP_D_CAD_00 140		
	トラベルマップで使用可能になりました			
141	いにしえの回廊が	MAP_D_CAD_00 141		
	トラベルマップで使用可能になりました			
142	フィッシェ街道が	MAP_D_CAD_00 142		
	トラベルマップで使用可能になりました			
143	レゾナール海岸が	MAP_D_CAD_00 143		
	トラベルマップで使用可能になりました			
144	ケイロニア高原が	MAP_D_CAD_00 144		
	トラベルマップで使用可能になりました			
145	ケイロニア砦が	MAP_D_CAD_00 145		
	トラベルマップで使用可能になりました			
146	サルバトーレ離宮が	MAP_D_CAD_00 146		
	トラベルマップで使用可能になりました			
147	リストにないよ？	MAP_D_CAD_00 147		
				
148	_case:	MAP_D_CAD_00 148		
151	「討伐修練【低位１】」の	MAP_D_CAD_00 151		
	クリア条件を満たした！			
152	「討伐修練【低位２】」の	MAP_D_CAD_00 152		
	クリア条件を満たした！			
153	「討伐修練【低位３】」の	MAP_D_CAD_00 153		
	クリア条件を満たした！			
154	「討伐修練【低位４】」の	MAP_D_CAD_00 154		
	クリア条件を満たした！			
155	「討伐修練【低位５】」の	MAP_D_CAD_00 155		
	クリア条件を満たした！			
156	「討伐修練【中位１】」の	MAP_D_CAD_00 156		
	クリア条件を満たした！			
157	「討伐修練【中位２】」の	MAP_D_CAD_00 157		
	クリア条件を満たした！			
158	「討伐修練【高位１】」の	MAP_D_CAD_00 158		
	クリア条件を満たした！			
159	「討伐修練【高位２】」の	MAP_D_CAD_00 159		
	クリア条件を満たした！			
160	「薬草探しの代理人」の	MAP_D_CAD_00 160		
	クリア条件を満たした！			
161	「新商品開発の手伝い」の	MAP_D_CAD_00 161		
	クリア条件を満たした！			
162	「蒼の指環を求めて」の	MAP_D_CAD_00 162		
	クリア条件を満たした！			
163	「雪中の贈り物」の	MAP_D_CAD_00 163		
	クリア条件を満たした！			
164	「加護あることを祈って」の	MAP_D_CAD_00 164		
	クリア条件を満たした！			
165	「追想の白い花」の	MAP_D_CAD_00 165		
	クリア条件を満たした！			
166	「来れ、好運の使者！」の	MAP_D_CAD_00 166		
	クリア条件を満たした！			
167	「武術指南のお願い」の	MAP_D_CAD_00 167		
	クリア条件を満たした！			
168	「行方不明の従業員」の	MAP_D_CAD_00 168		
	クリア条件を満たした！			
169	「スキルチップ収集中」の	MAP_D_CAD_00 169		
	クリア条件を満たした！			
170	「盗難品の行方は」の	MAP_D_CAD_00 170		
	クリア条件を満たした！			
171	「資料集めのアシスタント」の	MAP_D_CAD_00 171		
	クリア条件を満たした！			
172	「河畔の生態系調査」の	MAP_D_CAD_00 172		
	クリア条件を満たした！			
173	「新人官吏を捕獲せよ」の	MAP_D_CAD_00 173		
	クリア条件を満たした！			
174	「黒い積荷の回収」の	MAP_D_CAD_00 174		
	クリア条件を満たした！			
175	「悪徳商売を抑止せよ」の	MAP_D_CAD_00 175		
	クリア条件を満たした！			
176	「新人ランカー襲撃事件」の	MAP_D_CAD_00 176		
	クリア条件を満たした！			
177	「優しい猛者、募集中」の	MAP_D_CAD_00 177		
	クリア条件を満たした！			
178	「異郷からきた尋ね人」の	MAP_D_CAD_00 178		
	クリア条件を満たした！			
179	「勇壮なる護衛の依頼」の	MAP_D_CAD_00 179		
	クリア条件を満たした！			
180	「赫の指環を求めて」の	MAP_D_CAD_00 180		
	クリア条件を満たした！			
181	「闘技場の害獣駆除」の	MAP_D_CAD_00 181		
	クリア条件を満たした！			
182	「回覧板配達人」の	MAP_D_CAD_00 182		
	クリア条件を満たした！			
183	「討伐修練【緊急】」の	MAP_D_CAD_00 183		
	クリア条件を満たした！			
184	「鉱物資源の収集【緊急】」の	MAP_D_CAD_00 184		
	クリア条件を満たした！			
185	「タリー石を探せ」の	MAP_D_CAD_00 185		
	クリア条件を満たした！			
186	「甘梅草を探せ」の	MAP_D_CAD_00 186		
	クリア条件を満たした！			
187	「衛兵の剣の没収」の	MAP_D_CAD_00 187		
	クリア条件を満たした！			
188	「衛兵の剣の返却」の	MAP_D_CAD_00 188		
	クリア条件を満たした！			
189	「森のイビノス駆除【重大】」の	MAP_D_CAD_00 189		
	クリア条件を満たした！			
190	「回廊のイビノス駆除【重大】」の	MAP_D_CAD_00 190		
	クリア条件を満たした！			
191	「七騎士認定修練【重大】」の	MAP_D_CAD_00 191		
	クリア条件を満たした！			
192	ガンドアが	MAP_D_CAD_00 192		
	トラベルマップで通行可能になりました			
193	ガンドアが	MAP_D_CAD_00 193		
	トラベルマップで通行不能になりました			
194	カンタレラが	MAP_D_CAD_00 194		
	トラベルマップで通行可能になりました			
195	カンタレラが	MAP_D_CAD_00 195		
	トラベルマップで通行不能になりました			
196	トーロ荒地が	MAP_D_CAD_00 196		
	トラベルマップで通行可能になりました			
197	トーロ荒地が	MAP_D_CAD_00 197		
	トラベルマップで通行不能になりました			
198	リブラ森林が	MAP_D_CAD_00 198		
	トラベルマップで通行可能になりました			
199	リブラ森林が	MAP_D_CAD_00 199		
	トラベルマップで通行不能になりました			
200	マイヤールの森が	MAP_D_CAD_00 200		
	トラベルマップで通行可能になりました			
201	マイヤールの森が	MAP_D_CAD_00 201		
	トラベルマップで通行不能になりました			
202	ベリエ街道が	MAP_D_CAD_00 202		
	トラベルマップで通行可能になりました			
203	ベリエ街道が	MAP_D_CAD_00 203		
	トラベルマップで通行不能になりました			
204	ドネイ回廊が	MAP_D_CAD_00 204		
	トラベルマップで通行可能になりました			
205	ドネイ回廊が	MAP_D_CAD_00 205		
	トラベルマップで通行不能になりました			
206	ウィルゴー砂漠が	MAP_D_CAD_00 206		
	トラベルマップで通行可能になりました			
207	ウィルゴー砂漠が	MAP_D_CAD_00 207		
	トラベルマップで通行不能になりました			
208	カドモール水源が	MAP_D_CAD_00 208		
	トラベルマップで通行可能になりました			
209	カドモール水源が	MAP_D_CAD_00 209		
	トラベルマップで通行不能になりました			
210	カルキノス荒地が	MAP_D_CAD_00 210		
	トラベルマップで通行可能になりました			
211	カルキノス荒地が	MAP_D_CAD_00 211		
	トラベルマップで通行不能になりました			
212	ラ・キット遺跡が	MAP_D_CAD_00 212		
	トラベルマップで通行可能になりました			
213	ラ・キット遺跡が	MAP_D_CAD_00 213		
	トラベルマップで通行不能になりました			
214	レオン峡谷が	MAP_D_CAD_00 214		
	トラベルマップで通行可能になりました			
215	レオン峡谷が	MAP_D_CAD_00 215		
	トラベルマップで通行不能になりました			
216	ソダー回廊が	MAP_D_CAD_00 216		
	トラベルマップで通行可能になりました			
217	ソダー回廊が	MAP_D_CAD_00 217		
	トラベルマップで通行不能になりました			
218	ニシュラ氷河が	MAP_D_CAD_00 218		
	トラベルマップで通行可能になりました			
219	ニシュラ氷河が	MAP_D_CAD_00 219		
	トラベルマップで通行不能になりました			
220	いにしえの回廊が	MAP_D_CAD_00 220		
	トラベルマップで通行可能になりました			
221	いにしえの回廊が	MAP_D_CAD_00 221		
	トラベルマップで通行不能になりました			
222	フィッシェ街道が	MAP_D_CAD_00 222		
	トラベルマップで通行可能になりました			
223	フィッシェ街道が	MAP_D_CAD_00 223		
	トラベルマップで通行不能になりました			
224	レゾナール海岸が	MAP_D_CAD_00 224		
	トラベルマップで通行可能になりました			
225	レゾナール海岸が	MAP_D_CAD_00 225		
	トラベルマップで通行不能になりました			
226	ケイロニア高原が	MAP_D_CAD_00 226		
	トラベルマップで通行可能になりました			
227	ケイロニア高原が	MAP_D_CAD_00 227		
	トラベルマップで通行不能になりました			
228	ケイロニア砦が	MAP_D_CAD_00 228		
	トラベルマップで通行可能になりました			
229	ケイロニア砦が	MAP_D_CAD_00 229		
	トラベルマップで通行不能になりました			
230	サルバトーレ離宮が	MAP_D_CAD_00 230		
	トラベルマップで通行可能になりました			
231	サルバトーレ離宮が	MAP_D_CAD_00 231		
	トラベルマップで通行不能になりました			
232	リストにないよ？	MAP_D_CAD_00 147		
				
233	func00_C_EVENT_START1	MAP_D_CAD_00 233		
236	ウェルマー	Welmer		
239	func00_C_EVENT_START2	MAP_D_CAD_00 238		
247	ウェルマー？	Welmer?		
249	func00_C_EVENT_END1	MAP_D_CAD_00 372		
250	func00_C_EVENT_END2	MAP_D_CAD_00 377		
251	func00_C_EVENT_START1	MAP_D_CAD_00 233		
255	func00_C_EVENT_START2	MAP_D_CAD_00 238		
258	とっておきの修練情報だ	I have some information about a new training mission that has yet to be announced.		
	まだ告知されていない			
262	…おれに？	For me?		
266	ユーリのイヌから	I owe you one for saving me from Yuri's dogs.		
	助けてもらった			
	借りがあるからな			
269	…………	MAP_D_CAD_00 242		
272	レンという娘を	Do you remember Ren?		
	覚えているか？		X	
	そのレンが辺境へ	It seems she's headed for the frontier.		
	向かったそうだ		X	
	イゴリダとか言う	It looks like her goal is defeat that Anti woman, Igrida.		
	アンチの女を倒すのが			
	目的らしい		X	
	しかし…	However...		
283	機構はレンがアンチと	The Legion thinks she might join forces with the Anti.		
	手を組むのではないかと			
	疑っている		X	
	その真偽を確認すること…	You need to keep an eye on her and see what she does. Also, if you encounter Tylong, you are to report on his activities, as well.		
	それに加えて、タイロンだ		X	
	タイロンがイゴリダと	If you're able to confirm that Tylong and Igrida have joined forces, you are to exterminate them.		
	手を組んだことが			
	確認できたら…討て		X	
	このふたつが	These are the training mission's two goals.		
	修練の目的だ			
293	…気が進まない	I'm not interested.		
297	おまえも七騎士ユーリに	You're after Yuri, aren't you?		
	目を付けられて			
	いるんだろう？		X	
	事と次第によっては	Depending on what happens, you might be able to prove your innocence.		
	身の潔白を証明することが			
	できるかもしれない			
302	…………	MAP_D_CAD_00 242		
306	それから、これは	I also have a personal request, if you don't mind.		
	おれからの頼みなのだが…		X	
	もし、アンチの連中が	The Anti may gather at some point...		
	集まるようなことが			
	あったら…		X	
	その中にはマキスも	If they do, Makis will probably be among them.		
	いるはずだ		X	
	奴に会ったら…	If you find him, beat him within an inch of his life.		
	半殺しにしてくれ			
316	親友なんだろ？	I thought he was your friend.		
320	だから半殺しで			
	いいと言ってるんだ	That's why I want you to beat him within an inch of his life.	X	
	おまえもマキスに	Didn't Makis use you, as well?		
	利用されたんだろう？			
326	そう…かもな	You have a point, I guess.	X	
	おれもマキスには	I also have a lot of questions for Makis.		
	聞きたいことが			
	たくさんある		X	
	修練は気が進まないけど	I won't take the training mission, but I'll carry out your request.		
	あんたの頼み事は			
	聞いてもいい			
333	報奨はないぞ	For no reward?		
336	ああ	Yeah.		
341	イゴリダを追ったレンは	I heard Ren has followed Igrida to the [Nishula Glacier].		
	辺境の【ニシュラ氷河】へ			
	向かっているらしい		X	
	氷河へは鉄道を使う	You'll need to ride the train to get there.		
	必要があるから…		X	
	ほら、乗車許可証だ	Please take this pass.		
348	授与【峡谷方面行き鉄道乗車許可】	Award [Canyon Train Pass] {13}07Zig, Rank {1d}G00000011, by the power vested in the Legion, you have been granted the above-mentioned right.{13}00		
	{13}07{1d}G00000011位　ジグ			
	機構の掟の元、汝が然るべき力を得たとみなし			
	戦侯機構バザルタより上記権利を授与する{13}00			
351	ありがとう、ウェルマー	Thanks, Welmer.		
355	気にするな	Don't worry about it. I'm looking forward to seeing how this plays out.		
	おれはこの状況を			
	楽しんでいるんだ			
359	どういう意味だ？	What do you mean?		
363	役人はみんな	Government officials love a good conspiracy.		
	陰謀めいたことが			
	好きなのさ			
367	func00_C_EVENT_END1	MAP_D_CAD_00 372		
375	func00_C_EVENT_END2	MAP_D_CAD_00 377		
376	func00_D_EVENT_START1			
377	func00_D_EVENT_START2			
378	func00_D_EVENT_END1			
379	func00_D_EVENT_END2			
380	func00_C_EVENT_START1	MAP_D_CAD_00 233		
383	func00_C_EVENT_START2	MAP_D_CAD_00 238		
388	安全運行ありがとう、か	"For the safe journey, we can't thank you enough," was it?		
391	func00_C_EVENT_END1	MAP_D_CAD_00 372		
392	func00_C_EVENT_END2	MAP_D_CAD_00 377		
397	func00_D_EVENT_START1	MAP_D_CAN_00 376		
398	func00_D_EVENT_START2	MAP_D_CAN_00 377		
399	func00_D_EVENT_END1	MAP_D_CAN_00 378		
400	func00_D_EVENT_END2	MAP_D_CAN_00 379		
402	func00_C_EVENT_START1	MAP_D_CAD_00 233		
406	func00_C_EVENT_START2	MAP_D_CAD_00 238		
409	誰だ！？	Who's there!?		
415	わりぃわりぃ	Sorry, sorry, but you are of a suitable rank.		
	でも、あんた相当な			
	ランクだな			
419	ふん、まあな	Hm. I guess.		
423	じゃあ、決まり	I've decided. I want to fight you in a ranking battle.		
	おれとランクをかけて			
	戦ってくれ		X	
	断るなんて	It would be dishonorable to refuse such a challenge, wouldn't it?		
	不名誉なことは			
	しないよな？			
431	いいだろう…	That's fine...I'll give you a chance to prove yourself.		
	チャンスをやろう			
434	いいね、その上から目線	Gotta love that smug condescension.	X	
	おれはガルガノ	My name is Galgano. I use guns to fight.		
	銃を少々使う			
440	おれはジグ	I'm Zig. Come at me whenever you're ready.		
	いつでもかかってこい			
442	じゃあ、バキューンと	Well then, we'll begin on my signal!		
	行くぞ！			
452	func00_C_EVENT_END1	MAP_D_CAD_00 372		
453	func00_C_EVENT_END2	MAP_D_CAD_00 377		
454	func00_C_EVENT_START1	MAP_D_CAD_00 233		
459	func00_C_EVENT_START2	MAP_D_CAD_00 238		
461	んなー！	Crap! I lost again!		
	また負けた～！			
465	…じゃあな	See ya.		
466	func00_C_EVENT_END1	MAP_D_CAD_00 372		
469	func00_C_EVENT_END2	MAP_D_CAD_00 377		
470	func00_C_EVENT_START1	MAP_D_CAD_00 233		
473	func00_C_EVENT_START2	MAP_D_CAD_00 238		
475	待ってくれー！	Wait!		
484	ぜぇぜぇ…	Ha, ha...		
489	連続して挑戦するのは	Challenging someone over and over again is bad manners.		
	マナー違反だぞ			
492	ちがうちがう	No, no.	X	
	あんたに頼みがあって	I followed you because I have a favor to ask.		
	追いかけてきたんだ		X	
	おれを少しの間、あんたの	Can I be your subordinate for a little while?		
	配下にしてくれないか？			
499	…………	MAP_D_CAD_00 242		
502	このソダー回廊は	I can't pass through the Soder Corridor at my current rank.		
	おれのランクじゃ			
	通行できないんだ		X	
	移動区域制限条例に	I'm trying to get around the Restriction of Travel Acts.		
	引っかかってさ…			
508	そういうことなら	If you can't get through, you should just go home.		
	あきらめるんだな			
511	だから！	If I'm your subordinate, I can get through!		
	あんたの配下になれば			
	通れるんだって			
515	どこへ行くんだ？	Where are you going?		
519	おれは七騎士のユーリを	I'm searching for Yuri, one of the Seven Knights.		
	探しているんだ		X	
	今はガンドアには	It seems he isn't in Ghandoar right now.		
	いないようだからな…		X	
	あの腐れ頭野郎に	If I find that asshole, I'll—.		
	会ったら{17}02			
526	…いいだろう	Fine. Come with me.		
	ついて来いよ			
528	func00_C_EVENT_END1	MAP_D_CAD_00 372		
530	func00_C_EVENT_END2	MAP_D_CAD_00 377		
531	func00_C_EVENT_START1	MAP_D_CAD_00 233		
538	func00_C_EVENT_START2	MAP_D_CAD_00 238		
546	ジグ、待っていたわ	Zig, we've been waiting.	X	
	あとはタイロンと	We're still waiting for Tylong and Hars.		
	ハースね			
553	それなんだけど…	About that...	X	
	タイロンとハースは	Tylong and Hars have gone on ahead.		
	先行して移動中だよ			
560	どういうこと？	What do you mean?		
564	おれが頼んだんだ	I asked them to go ahead of us.	X	
	相手はユーリだから	Yuri has most likely prepared a gauntlet of traps, not to mention soldiers to ambush us.		
	伏兵や罠が用意されて			
	いるかもしれない			
570	だから{17}02	That's why—.		
576	偵察隊ということですか？	So they're essentially a scouting party?		
580	偵察というよりも	More of a decoy than a scouting party.		
	オトリかな…		X	
	タイロンは怒ったけど	Tylong was angry, but Hars looked like he was looking forward to it.		
	ハースはなんだか			
	楽しそうだったよ		X	
	オトリは強敵を最初に	He said "The decoy has the first chance to defeat the enemy."		
	倒す権利を			
	持っているって…			
590	相変わらずね	He never changes.	X	
	でも…合流の手はずは	Are there plans to link up with them at some point?		
	整っているの？			
594	もちろん！	Of course!	X	
	峡谷が終わったところで	They'll be waiting at the edge of the canyon.		
	待ってることに			
	なっている			
601	不安だな…	I have a bad feeling about this...	X	
	警戒すべきは	There are other things to worry about in addition to Yuri.		
	ユーリだけじゃない		X	
	他の七騎士の動きも	The whereabouts of the other members of the Seven Knights are unknown.		
	はっきりしないし…		X	
	ふたりがいても	Even with the two of them there, we might lack the strength to prevail.		
	戦力不足は			
	否めないよね…			
606	…良かれと思って	I think this plan will work out.		
	提案したんだけど…			
610	いいじゃないですか	We'll be fine, right?		
617	わたしたちの目的は	Our objective is to get Faz on our side, isn't it?		
	ファズさんを仲間に			
	することですよね？		X	
	その邪魔をする者は	We'll defeat anyone who gets in our way!		
	みんな倒すまで！		X	
	ユーリ、他の七騎士…	It doesn't matter if it's Yuri, the other Knights or anyone else. We'll defeat them all!		
	誰が来ても			
	同じことです！			
623	わたしたちは	We've taken the stage upon which the final battle will be fought, and there is no turning back.		
	もう決戦の舞台に			
	上がっているんです		X	
	機構全体を敵に	The entire Legion is our enemy now.		
	まわすんです		X	
	戦力的に不利なことは	We've known from the beginning that we would be fighting at a disadvantage,		
	最初から			
	わかっていたことです		X	
	覚悟は…できています	so I'm determined to see this through.		
624	func00_C_EVENT_END1	MAP_D_CAD_00 372		
625	マキス	MAP_D_CAD_00 1258		
627	{19}07			
629	func00_C_EVENT_END2	MAP_D_CAD_00 377		
630	func00_B_EVENT_START1	MAP_D_CAD_00 459		
663	func00_B_EVENT_START2	MAP_D_CAD_00 465		
678	うわっ！	Ahhh!		X
692	みんな、隠れて！	Everyone, hide!		X
708	待ち伏せされていた…	They set up an ambush here.		X
709	そういうことですか？	Is that what happened?		X
710	ガルガノが言ってた	It's just as Galgano said.		X
	通りだな			X
711	ガルガノさん！	Galgano?		X
713	ガルガノ！	Galgano!?		X
714	何をしているの！	What are you doing!?		X
720	みんな…	Everyone...		X
721	すまない	I'm sorry.		X
722	おれは…	I'm...		X
723	おれこそがユーリのイヌだ	I'm actually one of Yuri's dogs.		X
724	ガルガノ！　まさか！？	Seriously, Galgano?		X
729	みんなと本当の	It would have been wonderful had you guys		X
	仲間だったら…			X
730	もし、そうだったら	been my true comrades.		X
	本当に良かったのに…			X
734	何度もそう思ったよ	I can't count how many times I've thought that.		X
735	ひひっ！	Hahaha!		X
736	よくやりました、ガルガノ	You've done well, Galgano.		X
738	報奨として、自由を	I shall reward you with your freedom.		X
	あげましょう			X
739	ひひ！	Hahaha!		X
744	残りの人生、お仲間と	Spend the rest of your life with your comrades.		X
	楽しく過ごしなさい			X
750	まあ、あまり時間は	It doesn't look like you have much time left, though.		X
	ありませんけどね			X
751	ひひひ！	Hahaha!		X
752	従えば…	You promised that if I served you,		X
753	父を返してくれる約束だ…	you would return my father to me.		X
773	お連れしていますよ	I brought him.		X
778	父上！	Father!		X
779	心配いりません	No need to worry.		X
780	もう死んでます	He's already dead.		X
781	貴様！	You bastard!		X
782	誤解しないでください	Don't get the wrong idea.		X
783	七騎士バルバロは	Balbaro committed suicide.		X
	自ら命を絶ったのです			X
785	あなたの人生の邪魔はしたくないとね	He said he didn't want to cause you any more trouble.		X
786	ひひっ！	Haha!		X
787	ユーリ！	Yuri!		X
790	ダメ！　行っちゃダメ！	Don't! You can't win!		X
825	ユーリ…狂っています	Yuri has gone mad.		X
826	裏切り者の末路…ね	Another traitor bites the dust.		X
827	でも、ガルガノは	He did it to get his father back from Yuri.		X
	父上をユーリから取り戻すために…			X
829	もちろんわかってる	Of course I understand that.		X
830	この世界には	There are many people like Galgano.		X
831	ガルガノのような人が多い…	in this world.		X
834	誰かを	People that have someone.		X
835	何かを守るために	or something to protect.		X
836	裏切り者にならざるを	People who would never have chosen the path of a traitor.		X
	えなかった人々…			X
838	憎むべきは…	The people you should hate are.		X
839	人をそこまで追い込む者こそが	the ones who drive the innocent to such lengths.		X
840	我々の敵…	They are our enemy.		X
841	そうか…	I understand now.		X
846	どうして	Why didn't I figure this out before?		X
	気づかなかったんだ…			X
847	なんの話だ？	What are you talking about?		X
848	きっと、ファズも…	Faz is almost certainly...		X
849	ファズもガルガノと	Faz is the same as Galgano.		X
	同じなんだ…			X
850	ミシーは生きている	Missy is alive.		X
852	ファズは妹のミシーを	Faz's sister Missy has been taken hostage.		X
	人質に取られている			X
853	だからユーリの	That's why he's serving Yuri.		X
	言いなりに{17}02			X
854	うわー！	Ahhh!		X
867	ハース！　タイロン！	Hars! Tylong!		X
868	どうも敵がいねえと思って	There weren't any enemies, so I figured they all came after you!		X
	こっち来てみたらこのザマ！			X
869	おれっちの判断に	You should thank me 100 times for my sound judgment!		X
	１００回感謝しろ！			X
874	みんな、今のうちに！	We have to take advantage of this opening!		X
880	func00_B_EVENT_END1	MAP_D_CAD_00 522		
901	func00_B_EVENT_END2	MAP_D_CAD_00 527		
902	シーン初期化	MAP_D_CAD_00 1232		
				
903	オブジェクト配置	MAP_D_CAD_00 1233		
				
904	オブジェクトトラップ配置	MAP_D_CAD_00 1235		
				
905	マップチェンジトラップ配置	MAP_D_CAD_00 1236		
				
910	ＮＰＣ配置	MAP_D_CAD_00 1248		
				
912	駅員	Attendant		
914	マキス	MAP_D_CAD_00 1258		
918	{19}07	MAP_D_CAN_00 627		
922	人々の夢を乗せて	People dream of riding this train. Today, your dream will come true.		
	今日も行く		X	
	愛されて６００年	Welcome to the Bazalta railroad. Its 600 year history is a testament to its majesty.		
	バザルタ鉄道へようこそ			
924	ガンドアに戻りますか？			
925	はい	MAP_D_CAD_00 432		
926	いいえ	MAP_D_CAD_00 433		
929	マップジャンプ			
				
932	あなたのご乗車を			
	心よりお待ちしております			
	またどうぞ！			
935	いやー、わたしは			
	本当に大自然が			
	苦手でね…			
937	町とちがって			
	何に用心すべきか			
	全然わからないね…			
939	{14}02A6を返してもらいますか？	MAP_D_CAD_00 1299		
940	はい	MAP_D_CAD_00 432		
941	いいえ	MAP_D_CAD_00 433		
946	ああ、わかったよ	MAP_D_CAD_00 1306		
948	{14}02A6を返してもらった	MAP_D_CAD_00 1308		
951	どうしたんだい？	MAP_D_CAD_00 1311		
953	{14}02A6を持っていません	MAP_D_CAD_00 1313		
957	{14}02A6を渡しますか？	MAP_D_CAD_00 1317		
962	おお…	MAP_D_CAD_00 1322		
	うれしいよ、ジグ！			
	ありがとう！			
964	{14}02A6を渡した	MAP_D_CAD_00 1324		
969	敵が来るとしたら			
	きっと大軍だと思う…		X	
	ジグ、何も考えずに			
	逃げ出せよ…			
971	ジグ…			
	みんないい奴だよな…			
	そう思うだろ？			
973	レンのおかげで			
	一気に事が進んだわね			
975	ほどなく歴史が			
	変わるのね…			
981	それじゃ、これね			
985	何かしら？			
994	それは…			
	ごめんなさい			
	今は受け取れないわ			
998	え？　わたしに？			
	うれしいわ、ジグ			
1004	わたしたち			
	もう、誰が見ても			
	不穏な一味ですよね…			
1006	こんなことになるなんて			
	…いいえ、こんなことを			
	選んだんですよね…			
1008	機構はきっと			
	用心してるでしょうね…			
1014	わかりました	MAP_D_CAD_01 665		
1018	どうかしましたか？	MAP_D_CAD_01 670		
1027	殿方の部屋の鍵なんて…	MAP_D_CAD_01 681		
	受け取るわけには			
	いきません			
1031	合鍵…	MAP_D_CAD_01 685		
	では、一応受け取って			
	おきますね			
1036	イベントトラップ配置	MAP_D_CAD_00 1413		
				
1050	安全運転……			
				
1054	アンチ合流			
				
1060	OBJ_NPC00			
				
1062	OBJ_MKS			
				
1064	OBJ_REN			
				
1066	OBJ_IGO			
				
1068	OBJ_GAL			
