0	■■■ func00_DEBUG_SIGN ■■■	MAP_D_CAD_00 0	
			
1	！！！エラー検出用サブルーチンを通りました！！！	MAP_D_CAD_00 1	
			
2	イビノスシンボル配置しない。フラグ：	MAP_D_CAD_00 2	
4	イビノスシンボル配置する。フラグ：	MAP_D_CAD_00 4	
7	ランカーファイル情報更新	MAP_D_CAD_00 7	
			
8	->旧:	MAP_D_CAD_00 8	
9	 追加:	MAP_D_CAD_00 9	
10	 結果:	MAP_D_CAD_00 10	
12	ランク:	MAP_D_CAD_00 12	
15	ランカー戦勝利・戻り値：	MAP_D_CAD_00 15	
17	ランキング戦を申し込みますか？	MAP_D_CAD_00 17	
18	申し込む	MAP_D_CAD_00 18	
19	やめておく	MAP_D_CAD_00 19	
22	イビノスシンボル倒した。フラグON：	MAP_D_CAD_00 22	
25	イビノス戦：イベント終了？	MAP_D_CAD_00 25	
			
26	スクリプト：未知のモーションタイプが指定されました	MAP_D_CAD_00 26	
			
33	***振り向き判定ＰＣ***	MAP_D_CAD_00 33	
			
34	現在:cmn_r0:	MAP_D_CAD_00 34	
36	目標:cmn_r1:	MAP_D_CAD_00 36	
38	差分:cmn_r2:	MAP_D_CAD_00 38	
40	差分＾２:cmn_r3:	MAP_D_CAD_00 40	
42	閾値＾２:cmn_r4:	MAP_D_CAD_00 42	
44	->pc振り向きません	MAP_D_CAD_00 44	
			
45	->pc振り向きます	MAP_D_CAD_00 45	
			
47	***振り向き判定***	MAP_D_CAD_00 47	
			
48	現在:cmn_r0:	MAP_D_CAD_00 34	
50	目標:cmn_r1:	MAP_D_CAD_00 36	
52	差分:cmn_r2:	MAP_D_CAD_00 38	
54	差分＾２:cmn_r3:	MAP_D_CAD_00 40	
56	閾値＾２:cmn_r4:	MAP_D_CAD_00 42	
58	->npc振り向きません	MAP_D_CAD_00 58	
			
59	->npc振り向きます	MAP_D_CAD_00 59	
			
63	ロード待ち開始	MAP_D_CAD_00 63	
			
64	ロード待ち終了	MAP_D_CAD_00 64	
			
65	{15}0C{14}L00000000を	MAP_D_CAD_00 65	
	手に入れた		
66	{15}0E{14}L00000000を	MAP_D_CAD_00 66	
	手に入れた		
67	{15}0F{14}L00000000を	MAP_D_CAD_00 67	
	手に入れた		
68	{15}0D{14}L00000000を	MAP_D_CAD_00 68	
	手に入れた		
69	{15}10{14}L00000000を	MAP_D_CAD_00 69	
	手に入れた		
70	{15}12{14}L00000000を	MAP_D_CAD_00 70	
	手に入れた		
71	{15}11{14}L00000000を	MAP_D_CAD_00 71	
	手に入れた		
72	{15}13{14}L00000000を{1d}L00000001個	MAP_D_CAD_00 72	
	手に入れた		
73	{15}14{14}L00000000を{1d}L00000001個	MAP_D_CAD_00 73	
	手に入れた		
74	{15}14{14}L00000000を	MAP_D_CAD_00 74	
	手に入れた		
75	{15}1B{14}L00000000を	MAP_D_CAD_00 75	
	手に入れた		
76	{14}L00000000を	MAP_D_CAD_00 76	
	手に入れた		
77	{1d}L00000000Ｂを手に入れた	MAP_D_CAD_00 77	
			
78	num_calc：	MAP_D_CAD_00 78	
80	{15}0C{14}L00000000を	MAP_D_CAD_00 80	
	手渡した		
81	{15}0E{14}L00000000を	MAP_D_CAD_00 81	
	手渡した		
82	{15}0F{14}L00000000を	MAP_D_CAD_00 82	
	手渡した		
83	{15}0D{14}L00000000を	MAP_D_CAD_00 83	
	手渡した		
84	{15}10{14}L00000000を	MAP_D_CAD_00 84	
	手渡した		
85	{15}12{14}L00000000を	MAP_D_CAD_00 85	
	手渡した		
86	{15}11{14}L00000000を	MAP_D_CAD_00 86	
	手渡した		
87	{15}13{14}L00000000を{1d}L00000001個	MAP_D_CAD_00 87	
	手渡した		
88	{15}14{14}L00000000を{1d}L00000001個	MAP_D_CAD_00 88	
	手渡した		
89	{15}14{14}L00000000を	MAP_D_CAD_00 89	
	手渡した		
90	{15}1B{14}L00000000を	MAP_D_CAD_00 90	
	手渡した		
91	{14}L00000000を	MAP_D_CAD_00 91	
	手渡した		
			
92	■■ret0■■：	MAP_D_CAD_00 92	
96	■■ret■■：	MAP_D_CAD_00 96	
98	cmn_option:	MAP_D_CAD_00 98	
106	セーブポイント	MAP_D_CAD_00 106	
107	データ削除ユーティリティを起動します	MAP_D_CAD_00 107	
	ゲームプレイデータのセーブには		
	{1d}L00000001KB以上の空き容量が必要です		
108	ネックタイプ：	MAP_D_CAD_00 108	
110	首の初期化	MAP_D_CAD_00 110	
			
111	ネックタイプ：	MAP_D_CAD_00 108	
115	大橋が	MAP_D_CAD_00 115	
	トラベルマップで使用可能になりました		
116	下区：商業区が	MAP_D_CAD_00 116	
	トラベルマップで使用可能になりました		
117	下区：ランカー居住区が	MAP_D_CAD_00 117	
	トラベルマップで使用可能になりました		
118	下区：闘技場前が	MAP_D_CAD_00 118	
	トラベルマップで使用可能になりました		
119	タイロン租界が	MAP_D_CAD_00 119	
	トラベルマップで使用可能になりました		
120	バザルタ出張所前が	MAP_D_CAD_00 120	
	トラベルマップで使用可能になりました		
121	上区：噴水広場前が	MAP_D_CAD_00 121	
	トラベルマップで使用可能になりました		
122	バザルタ本部前が	MAP_D_CAD_00 122	
	トラベルマップで使用可能になりました		
123	フラグ・フィールド：	MAP_D_CAD_00 123	
125	フラグ・フィールド：	MAP_D_CAD_00 123	
127	ガンドアが	MAP_D_CAD_00 127	
	トラベルマップで使用可能になりました		
128	カンタレラが	MAP_D_CAD_00 128	
	トラベルマップで使用可能になりました		
129	トーロ荒地が	MAP_D_CAD_00 129	
	トラベルマップで使用可能になりました		
130	リブラ森林が	MAP_D_CAD_00 130	
	トラベルマップで使用可能になりました		
131	マイヤールの森が	MAP_D_CAD_00 131	
	トラベルマップで使用可能になりました		
132	ベリエ街道が	MAP_D_CAD_00 132	
	トラベルマップで使用可能になりました		
133	ドネイ回廊が	MAP_D_CAD_00 133	
	トラベルマップで使用可能になりました		
134	ウィルゴー砂漠が	MAP_D_CAD_00 134	
	トラベルマップで使用可能になりました		
135	カドモール水源が	MAP_D_CAD_00 135	
	トラベルマップで使用可能になりました		
136	カルキノス荒地が	MAP_D_CAD_00 136	
	トラベルマップで使用可能になりました		
137	ラ・キット遺跡が	MAP_D_CAD_00 137	
	トラベルマップで使用可能になりました		
138	レオン峡谷が	MAP_D_CAD_00 138	
	トラベルマップで使用可能になりました		
139	ソダー回廊が	MAP_D_CAD_00 139	
	トラベルマップで使用可能になりました		
140	ニシュラ氷河が	MAP_D_CAD_00 140	
	トラベルマップで使用可能になりました		
141	いにしえの回廊が	MAP_D_CAD_00 141	
	トラベルマップで使用可能になりました		
142	フィッシェ街道が	MAP_D_CAD_00 142	
	トラベルマップで使用可能になりました		
143	レゾナール海岸が	MAP_D_CAD_00 143	
	トラベルマップで使用可能になりました		
144	ケイロニア高原が	MAP_D_CAD_00 144	
	トラベルマップで使用可能になりました		
145	ケイロニア砦が	MAP_D_CAD_00 145	
	トラベルマップで使用可能になりました		
146	サルバトーレ離宮が	MAP_D_CAD_00 146	
	トラベルマップで使用可能になりました		
147	リストにないよ？	MAP_D_CAD_00 147	
			
148	_case:	MAP_D_CAD_00 148	
151	「討伐修練【低位１】」の	MAP_D_CAD_00 151	
	クリア条件を満たした！		
152	「討伐修練【低位２】」の	MAP_D_CAD_00 152	
	クリア条件を満たした！		
153	「討伐修練【低位３】」の	MAP_D_CAD_00 153	
	クリア条件を満たした！		
154	「討伐修練【低位４】」の	MAP_D_CAD_00 154	
	クリア条件を満たした！		
155	「討伐修練【低位５】」の	MAP_D_CAD_00 155	
	クリア条件を満たした！		
156	「討伐修練【中位１】」の	MAP_D_CAD_00 156	
	クリア条件を満たした！		
157	「討伐修練【中位２】」の	MAP_D_CAD_00 157	
	クリア条件を満たした！		
158	「討伐修練【高位１】」の	MAP_D_CAD_00 158	
	クリア条件を満たした！		
159	「討伐修練【高位２】」の	MAP_D_CAD_00 159	
	クリア条件を満たした！		
160	「薬草探しの代理人」の	MAP_D_CAD_00 160	
	クリア条件を満たした！		
161	「新商品開発の手伝い」の	MAP_D_CAD_00 161	
	クリア条件を満たした！		
162	「蒼の指環を求めて」の	MAP_D_CAD_00 162	
	クリア条件を満たした！		
163	「雪中の贈り物」の	MAP_D_CAD_00 163	
	クリア条件を満たした！		
164	「加護あることを祈って」の	MAP_D_CAD_00 164	
	クリア条件を満たした！		
165	「追想の白い花」の	MAP_D_CAD_00 165	
	クリア条件を満たした！		
166	「来れ、好運の使者！」の	MAP_D_CAD_00 166	
	クリア条件を満たした！		
167	「武術指南のお願い」の	MAP_D_CAD_00 167	
	クリア条件を満たした！		
168	「行方不明の従業員」の	MAP_D_CAD_00 168	
	クリア条件を満たした！		
169	「スキルチップ収集中」の	MAP_D_CAD_00 169	
	クリア条件を満たした！		
170	「盗難品の行方は」の	MAP_D_CAD_00 170	
	クリア条件を満たした！		
171	「資料集めのアシスタント」の	MAP_D_CAD_00 171	
	クリア条件を満たした！		
172	「河畔の生態系調査」の	MAP_D_CAD_00 172	
	クリア条件を満たした！		
173	「新人官吏を捕獲せよ」の	MAP_D_CAD_00 173	
	クリア条件を満たした！		
174	「黒い積荷の回収」の	MAP_D_CAD_00 174	
	クリア条件を満たした！		
175	「悪徳商売を抑止せよ」の	MAP_D_CAD_00 175	
	クリア条件を満たした！		
176	「新人ランカー襲撃事件」の	MAP_D_CAD_00 176	
	クリア条件を満たした！		
177	「優しい猛者、募集中」の	MAP_D_CAD_00 177	
	クリア条件を満たした！		
178	「異郷からきた尋ね人」の	MAP_D_CAD_00 178	
	クリア条件を満たした！		
179	「勇壮なる護衛の依頼」の	MAP_D_CAD_00 179	
	クリア条件を満たした！		
180	「赫の指環を求めて」の	MAP_D_CAD_00 180	
	クリア条件を満たした！		
181	「闘技場の害獣駆除」の	MAP_D_CAD_00 181	
	クリア条件を満たした！		
182	「回覧板配達人」の	MAP_D_CAD_00 182	
	クリア条件を満たした！		
183	「討伐修練【緊急】」の	MAP_D_CAD_00 183	
	クリア条件を満たした！		
184	「鉱物資源の収集【緊急】」の	MAP_D_CAD_00 184	
	クリア条件を満たした！		
185	「タリー石を探せ」の	MAP_D_CAD_00 185	
	クリア条件を満たした！		
186	「甘梅草を探せ」の	MAP_D_CAD_00 186	
	クリア条件を満たした！		
187	「衛兵の剣の没収」の	MAP_D_CAD_00 187	
	クリア条件を満たした！		
188	「衛兵の剣の返却」の	MAP_D_CAD_00 188	
	クリア条件を満たした！		
189	「森のイビノス駆除【重大】」の	MAP_D_CAD_00 189	
	クリア条件を満たした！		
190	「回廊のイビノス駆除【重大】」の	MAP_D_CAD_00 190	
	クリア条件を満たした！		
191	「七騎士認定修練【重大】」の	MAP_D_CAD_00 191	
	クリア条件を満たした！		
192	ガンドアが	MAP_D_CAD_00 192	
	トラベルマップで通行可能になりました		
193	ガンドアが	MAP_D_CAD_00 193	
	トラベルマップで通行不能になりました		
194	カンタレラが	MAP_D_CAD_00 194	
	トラベルマップで通行可能になりました		
195	カンタレラが	MAP_D_CAD_00 195	
	トラベルマップで通行不能になりました		
196	トーロ荒地が	MAP_D_CAD_00 196	
	トラベルマップで通行可能になりました		
197	トーロ荒地が	MAP_D_CAD_00 197	
	トラベルマップで通行不能になりました		
198	リブラ森林が	MAP_D_CAD_00 198	
	トラベルマップで通行可能になりました		
199	リブラ森林が	MAP_D_CAD_00 199	
	トラベルマップで通行不能になりました		
200	マイヤールの森が	MAP_D_CAD_00 200	
	トラベルマップで通行可能になりました		
201	マイヤールの森が	MAP_D_CAD_00 201	
	トラベルマップで通行不能になりました		
202	ベリエ街道が	MAP_D_CAD_00 202	
	トラベルマップで通行可能になりました		
203	ベリエ街道が	MAP_D_CAD_00 203	
	トラベルマップで通行不能になりました		
204	ドネイ回廊が	MAP_D_CAD_00 204	
	トラベルマップで通行可能になりました		
205	ドネイ回廊が	MAP_D_CAD_00 205	
	トラベルマップで通行不能になりました		
206	ウィルゴー砂漠が	MAP_D_CAD_00 206	
	トラベルマップで通行可能になりました		
207	ウィルゴー砂漠が	MAP_D_CAD_00 207	
	トラベルマップで通行不能になりました		
208	カドモール水源が	MAP_D_CAD_00 208	
	トラベルマップで通行可能になりました		
209	カドモール水源が	MAP_D_CAD_00 209	
	トラベルマップで通行不能になりました		
210	カルキノス荒地が	MAP_D_CAD_00 210	
	トラベルマップで通行可能になりました		
211	カルキノス荒地が	MAP_D_CAD_00 211	
	トラベルマップで通行不能になりました		
212	ラ・キット遺跡が	MAP_D_CAD_00 212	
	トラベルマップで通行可能になりました		
213	ラ・キット遺跡が	MAP_D_CAD_00 213	
	トラベルマップで通行不能になりました		
214	レオン峡谷が	MAP_D_CAD_00 214	
	トラベルマップで通行可能になりました		
215	レオン峡谷が	MAP_D_CAD_00 215	
	トラベルマップで通行不能になりました		
216	ソダー回廊が	MAP_D_CAD_00 216	
	トラベルマップで通行可能になりました		
217	ソダー回廊が	MAP_D_CAD_00 217	
	トラベルマップで通行不能になりました		
218	ニシュラ氷河が	MAP_D_CAD_00 218	
	トラベルマップで通行可能になりました		
219	ニシュラ氷河が	MAP_D_CAD_00 219	
	トラベルマップで通行不能になりました		
220	いにしえの回廊が	MAP_D_CAD_00 220	
	トラベルマップで通行可能になりました		
221	いにしえの回廊が	MAP_D_CAD_00 221	
	トラベルマップで通行不能になりました		
222	フィッシェ街道が	MAP_D_CAD_00 222	
	トラベルマップで通行可能になりました		
223	フィッシェ街道が	MAP_D_CAD_00 223	
	トラベルマップで通行不能になりました		
224	レゾナール海岸が	MAP_D_CAD_00 224	
	トラベルマップで通行可能になりました		
225	レゾナール海岸が	MAP_D_CAD_00 225	
	トラベルマップで通行不能になりました		
226	ケイロニア高原が	MAP_D_CAD_00 226	
	トラベルマップで通行可能になりました		
227	ケイロニア高原が	MAP_D_CAD_00 227	
	トラベルマップで通行不能になりました		
228	ケイロニア砦が	MAP_D_CAD_00 228	
	トラベルマップで通行可能になりました		
229	ケイロニア砦が	MAP_D_CAD_00 229	
	トラベルマップで通行不能になりました		
230	サルバトーレ離宮が	MAP_D_CAD_00 230	
	トラベルマップで通行可能になりました		
231	サルバトーレ離宮が	MAP_D_CAD_00 231	
	トラベルマップで通行不能になりました		
232	リストにないよ？	MAP_D_CAD_00 147	
			
236	pict001	MAP_D_CAD_00 601	
239	ウサギどもはこの奥に	MAP_D_CAD_00 604	
	巣くっている		X
	先行している者がいるから		
	報奨ランクが欲しければ		
	急いだほうがいいぞ		
240	func00_C_EVENT_START1	MAP_D_CAD_00 233	
245	func00_C_EVENT_START2	MAP_D_CAD_00 238	
250	ジグ！	MAP_D_CAD_00 615	
256	ポッド！？	MAP_D_CAD_00 621	
262	おれと勝負だ！	MAP_D_CAD_00 627	
267	待てよ	MAP_D_CAD_00 632	
269	ドロウサギ駆除は	MAP_D_CAD_00 634	
	どうするんだ？		
	修練に来たんだろう？		
274	いいや	MAP_D_CAD_00 639	
276	おれはあんたの後を	MAP_D_CAD_00 641	
	つけてきたんだ		
278	あんたのランクを	MAP_D_CAD_00 643	
	もらおうと思ってな		
282	おれと戦う気か？	MAP_D_CAD_00 647	
286	その通り	MAP_D_CAD_00 651	
288	修練の報奨ランクより	MAP_D_CAD_00 653	
	あんたのランクの方が		
	魅力的だからな		
293	ポッド…おれに勝てると	MAP_D_CAD_00 658	
	思っているのか？		
297	えらそうに！	MAP_D_CAD_00 662	
	おれたちは		
	同じ大部屋ランカー		
299	あんたが考えるほど	MAP_D_CAD_00 664	
	力の差はないと思うね		
305	…いいだろう	MAP_D_CAD_00 670	
	確かめてみよう		
306	btl_pit09	MAP_D_CAD_00 671	
307	バトル説明　～ブレイク～	MAP_D_CAD_00 672	
308	btl_pit08	MAP_D_CAD_00 673	
309	btl_pit09	MAP_D_CAD_00 671	
310	{15}00：格闘アタック	MAP_D_CAD_00 675	
	ブレイクゲージに有効な攻撃		
311	防御ばかりしている敵には	MAP_D_CAD_00 676	
	{15}00でブレイクを狙いましょう		
314	とりゃー！	MAP_D_CAD_00 679	
317	新米ランカー　ジグ	MAP_D_CAD_00 682	
318	ZIG The Lower Ranker	MAP_D_CAD_00 683	
319	最弱ランカー　ポッド	MAP_D_CAD_00 684	
320	POD The Weakest Ranker	MAP_D_CAD_00 685	
321	func00_C_EVENT_END1	MAP_D_CAD_00 372	
322	func00_C_EVENT_END2	MAP_D_CAD_00 377	
323	func00_BATTLE_EVENT	MAP_D_CAD_00 457	
324	func00_C_EVENT_START1	MAP_D_CAD_00 233	
329	func00_C_EVENT_START2	MAP_D_CAD_00 238	
334	力の差は…歴然	MAP_D_CAD_00 699	
	ジグ…やっぱりおれが		
	見込んだ男…		
335	func00_C_EVENT_END1	MAP_D_CAD_00 372	
337	ポッド	MAP_D_CAD_00 702	
338	func00_C_EVENT_END2	MAP_D_CAD_00 377	
340	チッ！	MAP_D_CAD_00 705	
	おれが一番のりだと		
	思ったのによ		
342	えらく強そうな奴に	MAP_D_CAD_00 707	
	先行されちまったぜ		
344	チッ！	MAP_D_CAD_00 709	
	今日はとことん		
	ツイてないぜ…		
345	func00_C_EVENT_START1	MAP_D_CAD_00 233	
349	func00_C_EVENT_START2	MAP_D_CAD_00 238	
351	…………	MAP_D_CAD_00 242	
357	ひさしぶりだな、ジグ	MAP_D_CAD_00 722	
361	ファズ！？	MAP_D_CAD_00 726	
364	良かった…	MAP_D_CAD_00 729	
	無事で良かった…		
369	ほう？	MAP_D_CAD_00 734	
	それはどうかな		
372	どういう意味だ…	MAP_D_CAD_00 737	
377	おまえのせいで	MAP_D_CAD_00 742	
	カンタレラは機構に		
	目をつけられ…		
379	おまえのせいで一族は	MAP_D_CAD_00 744	
	根絶やしだ		
382	待てよ、ファズ	MAP_D_CAD_00 747	
384	生き残ったおれが	MAP_D_CAD_00 749	
	何を考えたかわかるよな…		
387	そう、復讐だ	MAP_D_CAD_00 752	
389	カンタレラを売った	MAP_D_CAD_00 754	
	おまえへの復讐…		
392	おれが？	MAP_D_CAD_00 757	
	おれが故郷を売った！？		
397	言いがかりだとでも？	MAP_D_CAD_00 762	
402	ファズ、聞いてくれ	MAP_D_CAD_00 767	
404	おれはただ、修練に	MAP_D_CAD_00 769	
	参加して{17}02		
407	ただ、修練に？	MAP_D_CAD_00 772	
409	本気でカンタレラを	MAP_D_CAD_00 774	
	消し去りたかった…		
411	そう言われた方が	MAP_D_CAD_00 776	
	まだ救いがある！		
417	ファズ…	MAP_D_CAD_00 782	
	ちがうんだ		
	信じてくれ		
421	信じたかったさ	MAP_D_CAD_00 786	
	ああ、だからこそ…		
423	だからこそ、おまえへの	MAP_D_CAD_00 788	
	憎しみを抑えることが		
	できない！		
425	いつか帰ってくると	MAP_D_CAD_00 790	
	信じていた友の		
	裏切り…		
427	おまえが変わったように	MAP_D_CAD_00 792	
	おれも変わったのさ！		
431	落ち着け、ファズ！	MAP_D_CAD_00 796	
435	間の抜けたことを…	MAP_D_CAD_00 800	
437	いや、そこだけは	MAP_D_CAD_00 802	
	変わっていないな、ジグ		
441	なんだと！	MAP_D_CAD_00 806	
445	ほう？　怒ったか？	MAP_D_CAD_00 810	
449	…………	MAP_D_CAD_00 242	
451	おれが勝ったら…	MAP_D_CAD_00 816	
	話を聞いてもらう		
453	おれが勝ったら？	MAP_D_CAD_00 818	
455	…さあな	MAP_D_CAD_00 820	
457	おれが勝ったら	MAP_D_CAD_00 822	
	おまえは死ぬ		
459	ただ、それだけのこと	MAP_D_CAD_00 824	
461	いや…	MAP_D_CAD_00 826	
463	報奨ランクだけは	MAP_D_CAD_00 828	
	もらっておこう		
465	害獣を駆除すれば	MAP_D_CAD_00 830	
	もらえるんだろ？		
467	それは…おれのことか	MAP_D_CAD_00 832	
469	他に誰が？	MAP_D_CAD_00 834	
471	言わせておけば！	MAP_D_CAD_00 836	
476	新米ランカー　ジグ	MAP_D_CAD_00 682	
477	ZIG The Lower Ranker	MAP_D_CAD_00 683	
478	狂える剣獣　ファズ	MAP_D_CAD_00 843	
479	Mad Fang FAZ	MAP_D_CAD_00 844	
480	func00_C_EVENT_END1	MAP_D_CAD_00 372	
481	func00_C_EVENT_END2	MAP_D_CAD_00 377	
482	func00_BATTLE_EVENT	MAP_D_CAD_00 457	
483	func00_C_EVENT_START1	MAP_D_CAD_00 233	
488	func00_C_EVENT_START2	MAP_D_CAD_00 238	
490	ファズ…	MAP_D_CAD_00 855	
	どうして信じて		
	くれないんだ…		
493	ふん…	MAP_D_CAD_00 858	
	命乞いにしか		
	聞こえないぞ、ジグ		
497	こんな日が来るとはな…	MAP_D_CAD_00 862	
499	func00_C_EVENT_START1	MAP_D_CAD_00 233	
504	func00_C_EVENT_START2	MAP_D_CAD_00 238	
507	ファズ…	MAP_D_CAD_00 872	
	一緒に帰らないか？		
510	ジグ…	MAP_D_CAD_00 875	
516	断る！	MAP_D_CAD_00 881	
522	ファズ！	MAP_D_CAD_00 887	
	待ってくれ、ファズ！		
523	jf_end	MAP_D_CAD_00 888	
524	func00_C_EVENT_END1	MAP_D_CAD_00 372	
526	func00_C_EVENT_END2	MAP_D_CAD_00 377	
527	func00_E_EVENT_START1	MAP_D_CAD_00 415	
531	func00_E_EVENT_START2	MAP_D_CAD_00 417	
534	あら、あなたもしかして	Oh, hello. Could you be here to take my training mission?	
	修練を受けにきてくれた		
	ランカーさん？		
538	どんな修練だ？	MAP_D_CAD_00 912	
542	新商品開発のための		
	素材を集めてほしいの		
544	修練「新商品開発の手伝い」	Participate in training mission "New Product Development"?	
	に参加しますか？		
545	参加する	MAP_D_CAD_00 919	
546	参加しない	MAP_D_CAD_00 920	
551	あらあらまあまあ！！	Wow!! Thanks a lot!	
	ありがたいわ！		
553	わたし、行商人のカウノ	I'm Kaun, a peddler. I develop and sell my own products.	
	今までにないような品を		
	発案・販売してるの		
557	今回の依頼は	Your request involves helping with the development of a new product, right.	
	新商品開発の手伝い		
	なんだよな？		
561	今回の依頼は		
	新商品開発の手伝い		
	…だったか？		
565	そうそう、そうなの！	Yes, exactly! I'm thinking of developing a product for women.	
	今回は女性向けの		
	商品を考えているのよ		
567	ずばり…	It's called...the clay pack!	
	クレイパック！！		
569	良質な泥を顔に塗って	If they paint their faces with high-quality mud, their skin will be become silky smooth! Fighting women will buy it in droves.	
	お肌がツルツルに！		
	戦う女性にヒット確実よ		
573	おれには	I don't really understand.	
	よくわからない		
577	わたしにはわかるの！	I know my market! It'll be an overnight sensation!	
	これはもう大ヒットよ！		
579	ともかく、そんな事情で	Anyway, I want you to collect some mud for testing.	
	試験用の泥を		
	集めてほしいの		
583	どんな泥がいいんだ？	What sort of mud do you want?	
587	水辺の泥がいいわ	Mud from wet places will work best because the soil is soft and and well-nourished.	
	栄養豊富で		
	やわらかいからね		
589	カドモール水源	Places like the Khadmore Riverbed, Belier Road, and Miyar Forest.	
	ベリエ街道		
	マイヤールの森…		
591	そのあたりが	Those areas should work best.	
	いいんじゃないかしら		
593	全部もってきてくれると	I only need a sample from one of those places, but I'd be delighted if you could bring me samples from all three.	
	すごく嬉しいけれど		
	どれか１つでもいいわ		
597	それじゃあ	I'm counting on you!	
	よろしく頼んだわね！		
599	func00_E_EVENT_END1	MAP_D_CAD_00 424	
601	func00_E_EVENT_END2	MAP_D_CAD_00 425	
604	それは残念…		
	手が空いていたら		
	協力よろしくね		
606	func00_E_EVENT_END1	MAP_D_CAD_00 424	
607	func00_E_EVENT_END2	MAP_D_CAD_00 425	
608	func00_E_EVENT_START1	MAP_D_CAD_00 415	
609	func00_E_EVENT_START2	MAP_D_CAD_00 417	
612	これで肌が…	Is this stuff REALLY good for your skin?	
	本当なのか？		
614	func00_E_EVENT_END1	MAP_D_CAD_00 424	
615	func00_E_EVENT_END2	MAP_D_CAD_00 425	
616	func00_E_EVENT_START1	MAP_D_CAD_00 415	
617	func00_E_EVENT_START2	MAP_D_CAD_00 417	
618	func00_E_EVENT_END1	MAP_D_CAD_00 424	
619	func00_E_EVENT_END2	MAP_D_CAD_00 425	
620	func00_E_EVENT_START1	MAP_D_CAD_00 415	
622	func00_E_EVENT_START2	MAP_D_CAD_00 417	
625	依頼の泥…だな	Is this the mud she wants?	
627	func00_E_EVENT_END1	MAP_D_CAD_00 424	
628	func00_E_EVENT_END2	MAP_D_CAD_00 425	
629	func00_E_EVENT_START1	MAP_D_CAD_00 415	
630	func00_E_EVENT_START2	MAP_D_CAD_00 417	
631	func00_E_EVENT_END1	MAP_D_CAD_00 424	
632	func00_E_EVENT_END2	MAP_D_CAD_00 425	
633	func00_E_EVENT_START1	MAP_D_CAD_00 415	
635	func00_E_EVENT_START2	MAP_D_CAD_00 417	
638	泥って…	Will this mud be okay?	
	これでいいのか？		
640	func00_E_EVENT_END1	MAP_D_CAD_00 424	
641	func00_E_EVENT_END2	MAP_D_CAD_00 425	
642	func00_E_EVENT_START1	MAP_D_CAD_00 415	
643	func00_E_EVENT_START2	MAP_D_CAD_00 417	
644	func00_E_EVENT_END1	MAP_D_CAD_00 424	
645	func00_E_EVENT_END2	MAP_D_CAD_00 425	
648	それから	You worked really hard, so here's a little something extra.	
	がんばってくれた分		
	お駄賃あげちゃうわ		
653	それから	MAP_D_CAD_03 648	
	がんばってくれた分		
	お駄賃あげちゃうわ		
662	…あ、そうそう	By the way, do you happen to know a peddler named Ul?	
	行商人のウルとトクトを		
	知ってるわよね？		
666	…たぶん	Yeah. I helped him search for herbs before.	
	前に修練で会ったな		
670	やっぱりね	I knew it. He told me that someone had helped him out recently.	
	ふたりから近況報告で		
	あなたのこと聞いてるわ		
672	わたしたち、家族なの		
	こんな偶然ってあるものね		
674	今度ひさしぶりに		
	集合してみようかしら…		
	あなたの話もしたいしね		
676	でも今はとにかく泥よ		
	わたし、そろそろ行くわ		
	…またね！		
680	…あ、そうそう		
	あなた、行商人のウルを		
	知ってるわよね？		
684	ああ		
	前に薬草探しを手伝った		
688	やっぱりね		
	あの人からの近況報告に		
	あった通りだわ		
690	ウルは私の旦那よ	He's my husband. Thanks for giving him a hand.	
	あの人の手伝い		
	どうもありがとうね		
692	じゃあ、目的も達成したし	Well, now that I have what I need, I should get going. See you!	
	そろそろ失礼するわ		
	…またね！		
696	…あ、そうそう		
	あなた、行商人のトクトを		
	知ってるわよね？		
700	ああ…たぶんな		
	修練の依頼人だ		
704	やっぱりね		
	あの子からの近況報告に		
	あった通りだわ		
706	トクトはわたしの息子よ		
	あの子につきあってくれて		
	どうもありがとうね		
708	じゃあ、目的も達成したし	MAP_D_CAD_03 692	
	そろそろ失礼するわ		
	…またね！		
712	じゃあ、目的も達成したし		
	わたしはそろそろ		
	失礼するわ		
714	あ、そうそう		
	わたしの家族も行商人なの		
716	どこかで会うことが		
	あったら、よろしくね		
720	func00_E_EVENT_END1	MAP_D_CAD_00 424	
721	func00_E_EVENT_END2	MAP_D_CAD_00 425	
722	func00_E_EVENT_START1	MAP_D_CAD_00 415	
726	func00_E_EVENT_START2	MAP_D_CAD_00 417	
729	あら、それは…！		
734	■■■■■クレイ判定 = 		
735	■■■■■		
			
738	ありがとう！	Thanks! Let me take a look...	
	研究してみるわ		
740	このカドモールクレイ…	This Khadmore Clay is wonderful mud! I can certainly use this!	
	すばらしい泥ね！		
	まさにほしかった泥よ！		
742	このマイヤールクレイ…		
	なかなかの泥だわ！		
744	うーん、ベリエクレイは		
	ちょっと違うみたい		
	…ま、どうにかなるわ		
746	これで全部の場所の	It looks like you collected mud from all the places I listed.	
	泥がそろったみたいね		
748	じゃあ、これ報奨よ	Please accept this reward.	
754	他にも泥がとれそうな		
	場所はあるけれど		
	どうする？		
756	どうしますか？		
757	もうやめておく		
758	まだ続ける		
763	そう、わかったわ		
	じゃあこれ報奨よ		
769	あら、ありがとう！		
	じゃあ引き続き		
	よろしくね		
771	func00_E_EVENT_END1	MAP_D_CAD_00 424	
773	func00_E_EVENT_END2	MAP_D_CAD_00 425	
774	シーン初期化	MAP_D_CAD_00 1232	
			
775	オブジェクト配置	MAP_D_CAD_00 1233	
			
777	オブジェクトトラップ配置	MAP_D_CAD_00 1235	
			
778	func00_E_EVENT_START1	MAP_D_CAD_00 415	
779	func00_E_EVENT_START2	MAP_D_CAD_00 417	
780	func00_E_EVENT_END1	MAP_D_CAD_00 424	
781	func00_E_EVENT_END2	MAP_D_CAD_00 425	
782	func00_E_EVENT_START1	MAP_D_CAD_00 415	
783	func00_E_EVENT_START2	MAP_D_CAD_00 417	
786	func00_E_EVENT_END1	MAP_D_CAD_00 424	
787	func00_E_EVENT_END2	MAP_D_CAD_00 425	
788	func00_E_EVENT_START1	MAP_D_CAD_00 415	
789	func00_E_EVENT_START2	MAP_D_CAD_00 417	
792	func00_E_EVENT_END1	MAP_D_CAD_00 424	
793	func00_E_EVENT_END2	MAP_D_CAD_00 425	
794	func00_E_EVENT_START1	MAP_D_CAD_00 415	
795	func00_E_EVENT_START2	MAP_D_CAD_00 417	
798	func00_E_EVENT_END1	MAP_D_CAD_00 424	
799	func00_E_EVENT_END2	MAP_D_CAD_00 425	
800	func00_E_EVENT_START1	MAP_D_CAD_00 415	
801	■■■■■■■■位置移動		
			
803	func00_E_EVENT_START2	MAP_D_CAD_00 417	
805	func00_E_EVENT_END1	MAP_D_CAD_00 424	
807	func00_E_EVENT_END2	MAP_D_CAD_00 425	
809	func00_E_EVENT_START1	MAP_D_CAD_00 415	
810	func00_E_EVENT_START2	MAP_D_CAD_00 417	
813	func00_E_EVENT_END1	MAP_D_CAD_00 424	
814	func00_E_EVENT_END2	MAP_D_CAD_00 425	
815	マップチェンジトラップ配置	MAP_D_CAD_00 1236	
			
826	ＮＰＣ配置	MAP_D_CAD_00 1248	
			
827	イベントトラップ配置	MAP_D_CAD_00 1413	
			
828	？？？	MAP_D_CAD_01 744	
