0	■■■ func00_DEBUG_SIGN ■■■	MAP_D_CAD_00 0		
				
1	！！！エラー検出用サブルーチンを通りました！！！	MAP_D_CAD_00 1		
				
2	イビノスシンボル配置しない。フラグ：	MAP_D_CAD_00 2		
4	イビノスシンボル配置する。フラグ：	MAP_D_CAD_00 4		
7	ランカーファイル情報更新	MAP_D_CAD_00 7		
				
8	->旧:	MAP_D_CAD_00 8		
9	 追加:	MAP_D_CAD_00 9		
10	 結果:	MAP_D_CAD_00 10		
12	ランク:	MAP_D_CAD_00 12		
15	ランカー戦勝利・戻り値：	MAP_D_CAD_00 15		
17	ランキング戦を申し込みますか？	MAP_D_CAD_00 17		
18	申し込む	MAP_D_CAD_00 18		
19	やめておく	MAP_D_CAD_00 19		
22	イビノスシンボル倒した。フラグON：	MAP_D_CAD_00 22		
25	イビノス戦：イベント終了？	MAP_D_CAD_00 25		
				
26	スクリプト：未知のモーションタイプが指定されました	MAP_D_CAD_00 26		
				
33	***振り向き判定ＰＣ***	MAP_D_CAD_00 33		
				
34	現在:cmn_r0:	MAP_D_CAD_00 34		
36	目標:cmn_r1:	MAP_D_CAD_00 36		
38	差分:cmn_r2:	MAP_D_CAD_00 38		
40	差分＾２:cmn_r3:	MAP_D_CAD_00 40		
42	閾値＾２:cmn_r4:	MAP_D_CAD_00 42		
44	->pc振り向きません	MAP_D_CAD_00 44		
				
45	->pc振り向きます	MAP_D_CAD_00 45		
				
47	***振り向き判定***	MAP_D_CAD_00 47		
				
48	現在:cmn_r0:	MAP_D_CAD_00 34		
50	目標:cmn_r1:	MAP_D_CAD_00 36		
52	差分:cmn_r2:	MAP_D_CAD_00 38		
54	差分＾２:cmn_r3:	MAP_D_CAD_00 40		
56	閾値＾２:cmn_r4:	MAP_D_CAD_00 42		
58	->npc振り向きません	MAP_D_CAD_00 58		
				
59	->npc振り向きます	MAP_D_CAD_00 59		
				
63	ロード待ち開始	MAP_D_CAD_00 63		
				
64	ロード待ち終了	MAP_D_CAD_00 64		
				
65	{15}0C{14}L00000000を	MAP_D_CAD_00 65		
	手に入れた			
66	{15}0E{14}L00000000を	MAP_D_CAD_00 66		
	手に入れた			
67	{15}0F{14}L00000000を	MAP_D_CAD_00 67		
	手に入れた			
68	{15}0D{14}L00000000を	MAP_D_CAD_00 68		
	手に入れた			
69	{15}10{14}L00000000を	MAP_D_CAD_00 69		
	手に入れた			
70	{15}12{14}L00000000を	MAP_D_CAD_00 70		
	手に入れた			
71	{15}11{14}L00000000を	MAP_D_CAD_00 71		
	手に入れた			
72	{15}13{14}L00000000を{1d}L00000001個	MAP_D_CAD_00 72		
	手に入れた			
73	{15}14{14}L00000000を{1d}L00000001個	MAP_D_CAD_00 73		
	手に入れた			
74	{15}14{14}L00000000を	MAP_D_CAD_00 74		
	手に入れた			
75	{15}1B{14}L00000000を	MAP_D_CAD_00 75		
	手に入れた			
76	{14}L00000000を	MAP_D_CAD_00 76		
	手に入れた			
77	{1d}L00000000Ｂを手に入れた	MAP_D_CAD_00 77		
				
78	num_calc：	MAP_D_CAD_00 78		
80	{15}0C{14}L00000000を	MAP_D_CAD_00 80		
	手渡した			
81	{15}0E{14}L00000000を	MAP_D_CAD_00 81		
	手渡した			
82	{15}0F{14}L00000000を	MAP_D_CAD_00 82		
	手渡した			
83	{15}0D{14}L00000000を	MAP_D_CAD_00 83		
	手渡した			
84	{15}10{14}L00000000を	MAP_D_CAD_00 84		
	手渡した			
85	{15}12{14}L00000000を	MAP_D_CAD_00 85		
	手渡した			
86	{15}11{14}L00000000を	MAP_D_CAD_00 86		
	手渡した			
87	{15}13{14}L00000000を{1d}L00000001個	MAP_D_CAD_00 87		
	手渡した			
88	{15}14{14}L00000000を{1d}L00000001個	MAP_D_CAD_00 88		
	手渡した			
89	{15}14{14}L00000000を	MAP_D_CAD_00 89		
	手渡した			
90	{15}1B{14}L00000000を	MAP_D_CAD_00 90		
	手渡した			
91	{14}L00000000を	MAP_D_CAD_00 91		
	手渡した			
				
92	■■ret0■■：	MAP_D_CAD_00 92		
96	■■ret■■：	MAP_D_CAD_00 96		
98	cmn_option:	MAP_D_CAD_00 98		
106	セーブポイント	MAP_D_CAD_00 106		
107	データ削除ユーティリティを起動します	MAP_D_CAD_00 107		
	ゲームプレイデータのセーブには			
	{1d}L00000001KB以上の空き容量が必要です			
108	ネックタイプ：	MAP_D_CAD_00 108		
110	首の初期化	MAP_D_CAD_00 110		
				
111	ネックタイプ：	MAP_D_CAD_00 108		
115	大橋が	MAP_D_CAD_00 115		
	トラベルマップで使用可能になりました			
116	下区：商業区が	MAP_D_CAD_00 116		
	トラベルマップで使用可能になりました			
117	下区：ランカー居住区が	MAP_D_CAD_00 117		
	トラベルマップで使用可能になりました			
118	下区：闘技場前が	MAP_D_CAD_00 118		
	トラベルマップで使用可能になりました			
119	タイロン租界が	MAP_D_CAD_00 119		
	トラベルマップで使用可能になりました			
120	バザルタ出張所前が	MAP_D_CAD_00 120		
	トラベルマップで使用可能になりました			
121	上区：噴水広場前が	MAP_D_CAD_00 121		
	トラベルマップで使用可能になりました			
122	バザルタ本部前が	MAP_D_CAD_00 122		
	トラベルマップで使用可能になりました			
123	フラグ・フィールド：	MAP_D_CAD_00 123		
125	フラグ・フィールド：	MAP_D_CAD_00 123		
127	ガンドアが	MAP_D_CAD_00 127		
	トラベルマップで使用可能になりました			
128	カンタレラが	MAP_D_CAD_00 128		
	トラベルマップで使用可能になりました			
129	トーロ荒地が	MAP_D_CAD_00 129		
	トラベルマップで使用可能になりました			
130	リブラ森林が	MAP_D_CAD_00 130		
	トラベルマップで使用可能になりました			
131	マイヤールの森が	MAP_D_CAD_00 131		
	トラベルマップで使用可能になりました			
132	ベリエ街道が	MAP_D_CAD_00 132		
	トラベルマップで使用可能になりました			
133	ドネイ回廊が	MAP_D_CAD_00 133		
	トラベルマップで使用可能になりました			
134	ウィルゴー砂漠が	MAP_D_CAD_00 134		
	トラベルマップで使用可能になりました			
135	カドモール水源が	MAP_D_CAD_00 135		
	トラベルマップで使用可能になりました			
136	カルキノス荒地が	MAP_D_CAD_00 136		
	トラベルマップで使用可能になりました			
137	ラ・キット遺跡が	MAP_D_CAD_00 137		
	トラベルマップで使用可能になりました			
138	レオン峡谷が	MAP_D_CAD_00 138		
	トラベルマップで使用可能になりました			
139	ソダー回廊が	MAP_D_CAD_00 139		
	トラベルマップで使用可能になりました			
140	ニシュラ氷河が	MAP_D_CAD_00 140		
	トラベルマップで使用可能になりました			
141	いにしえの回廊が	MAP_D_CAD_00 141		
	トラベルマップで使用可能になりました			
142	フィッシェ街道が	MAP_D_CAD_00 142		
	トラベルマップで使用可能になりました			
143	レゾナール海岸が	MAP_D_CAD_00 143		
	トラベルマップで使用可能になりました			
144	ケイロニア高原が	MAP_D_CAD_00 144		
	トラベルマップで使用可能になりました			
145	ケイロニア砦が	MAP_D_CAD_00 145		
	トラベルマップで使用可能になりました			
146	サルバトーレ離宮が	MAP_D_CAD_00 146		
	トラベルマップで使用可能になりました			
147	リストにないよ？	MAP_D_CAD_00 147		
				
148	_case:	MAP_D_CAD_00 148		
151	「討伐修練【低位１】」の	MAP_D_CAD_00 151		
	クリア条件を満たした！			
152	「討伐修練【低位２】」の	MAP_D_CAD_00 152		
	クリア条件を満たした！			
153	「討伐修練【低位３】」の	MAP_D_CAD_00 153		
	クリア条件を満たした！			
154	「討伐修練【低位４】」の	MAP_D_CAD_00 154		
	クリア条件を満たした！			
155	「討伐修練【低位５】」の	MAP_D_CAD_00 155		
	クリア条件を満たした！			
156	「討伐修練【中位１】」の	MAP_D_CAD_00 156		
	クリア条件を満たした！			
157	「討伐修練【中位２】」の	MAP_D_CAD_00 157		
	クリア条件を満たした！			
158	「討伐修練【高位１】」の	MAP_D_CAD_00 158		
	クリア条件を満たした！			
159	「討伐修練【高位２】」の	MAP_D_CAD_00 159		
	クリア条件を満たした！			
160	「薬草探しの代理人」の	MAP_D_CAD_00 160		
	クリア条件を満たした！			
161	「新商品開発の手伝い」の	MAP_D_CAD_00 161		
	クリア条件を満たした！			
162	「蒼の指環を求めて」の	MAP_D_CAD_00 162		
	クリア条件を満たした！			
163	「雪中の贈り物」の	MAP_D_CAD_00 163		
	クリア条件を満たした！			
164	「加護あることを祈って」の	MAP_D_CAD_00 164		
	クリア条件を満たした！			
165	「追想の白い花」の	MAP_D_CAD_00 165		
	クリア条件を満たした！			
166	「来れ、好運の使者！」の	MAP_D_CAD_00 166		
	クリア条件を満たした！			
167	「武術指南のお願い」の	MAP_D_CAD_00 167		
	クリア条件を満たした！			
168	「行方不明の従業員」の	MAP_D_CAD_00 168		
	クリア条件を満たした！			
169	「スキルチップ収集中」の	MAP_D_CAD_00 169		
	クリア条件を満たした！			
170	「盗難品の行方は」の	MAP_D_CAD_00 170		
	クリア条件を満たした！			
171	「資料集めのアシスタント」の	MAP_D_CAD_00 171		
	クリア条件を満たした！			
172	「河畔の生態系調査」の	MAP_D_CAD_00 172		
	クリア条件を満たした！			
173	「新人官吏を捕獲せよ」の	MAP_D_CAD_00 173		
	クリア条件を満たした！			
174	「黒い積荷の回収」の	MAP_D_CAD_00 174		
	クリア条件を満たした！			
175	「悪徳商売を抑止せよ」の	MAP_D_CAD_00 175		
	クリア条件を満たした！			
176	「新人ランカー襲撃事件」の	MAP_D_CAD_00 176		
	クリア条件を満たした！			
177	「優しい猛者、募集中」の	MAP_D_CAD_00 177		
	クリア条件を満たした！			
178	「異郷からきた尋ね人」の	MAP_D_CAD_00 178		
	クリア条件を満たした！			
179	「勇壮なる護衛の依頼」の	MAP_D_CAD_00 179		
	クリア条件を満たした！			
180	「赫の指環を求めて」の	MAP_D_CAD_00 180		
	クリア条件を満たした！			
181	「闘技場の害獣駆除」の	MAP_D_CAD_00 181		
	クリア条件を満たした！			
182	「回覧板配達人」の	MAP_D_CAD_00 182		
	クリア条件を満たした！			
183	「討伐修練【緊急】」の	MAP_D_CAD_00 183		
	クリア条件を満たした！			
184	「鉱物資源の収集【緊急】」の	MAP_D_CAD_00 184		
	クリア条件を満たした！			
185	「タリー石を探せ」の	MAP_D_CAD_00 185		
	クリア条件を満たした！			
186	「甘梅草を探せ」の	MAP_D_CAD_00 186		
	クリア条件を満たした！			
187	「衛兵の剣の没収」の	MAP_D_CAD_00 187		
	クリア条件を満たした！			
188	「衛兵の剣の返却」の	MAP_D_CAD_00 188		
	クリア条件を満たした！			
189	「森のイビノス駆除【重大】」の	MAP_D_CAD_00 189		
	クリア条件を満たした！			
190	「回廊のイビノス駆除【重大】」の	MAP_D_CAD_00 190		
	クリア条件を満たした！			
191	「七騎士認定修練【重大】」の	MAP_D_CAD_00 191		
	クリア条件を満たした！			
192	ガンドアが	MAP_D_CAD_00 192		
	トラベルマップで通行可能になりました			
193	ガンドアが	MAP_D_CAD_00 193		
	トラベルマップで通行不能になりました			
194	カンタレラが	MAP_D_CAD_00 194		
	トラベルマップで通行可能になりました			
195	カンタレラが	MAP_D_CAD_00 195		
	トラベルマップで通行不能になりました			
196	トーロ荒地が	MAP_D_CAD_00 196		
	トラベルマップで通行可能になりました			
197	トーロ荒地が	MAP_D_CAD_00 197		
	トラベルマップで通行不能になりました			
198	リブラ森林が	MAP_D_CAD_00 198		
	トラベルマップで通行可能になりました			
199	リブラ森林が	MAP_D_CAD_00 199		
	トラベルマップで通行不能になりました			
200	マイヤールの森が	MAP_D_CAD_00 200		
	トラベルマップで通行可能になりました			
201	マイヤールの森が	MAP_D_CAD_00 201		
	トラベルマップで通行不能になりました			
202	ベリエ街道が	MAP_D_CAD_00 202		
	トラベルマップで通行可能になりました			
203	ベリエ街道が	MAP_D_CAD_00 203		
	トラベルマップで通行不能になりました			
204	ドネイ回廊が	MAP_D_CAD_00 204		
	トラベルマップで通行可能になりました			
205	ドネイ回廊が	MAP_D_CAD_00 205		
	トラベルマップで通行不能になりました			
206	ウィルゴー砂漠が	MAP_D_CAD_00 206		
	トラベルマップで通行可能になりました			
207	ウィルゴー砂漠が	MAP_D_CAD_00 207		
	トラベルマップで通行不能になりました			
208	カドモール水源が	MAP_D_CAD_00 208		
	トラベルマップで通行可能になりました			
209	カドモール水源が	MAP_D_CAD_00 209		
	トラベルマップで通行不能になりました			
210	カルキノス荒地が	MAP_D_CAD_00 210		
	トラベルマップで通行可能になりました			
211	カルキノス荒地が	MAP_D_CAD_00 211		
	トラベルマップで通行不能になりました			
212	ラ・キット遺跡が	MAP_D_CAD_00 212		
	トラベルマップで通行可能になりました			
213	ラ・キット遺跡が	MAP_D_CAD_00 213		
	トラベルマップで通行不能になりました			
214	レオン峡谷が	MAP_D_CAD_00 214		
	トラベルマップで通行可能になりました			
215	レオン峡谷が	MAP_D_CAD_00 215		
	トラベルマップで通行不能になりました			
216	ソダー回廊が	MAP_D_CAD_00 216		
	トラベルマップで通行可能になりました			
217	ソダー回廊が	MAP_D_CAD_00 217		
	トラベルマップで通行不能になりました			
218	ニシュラ氷河が	MAP_D_CAD_00 218		
	トラベルマップで通行可能になりました			
219	ニシュラ氷河が	MAP_D_CAD_00 219		
	トラベルマップで通行不能になりました			
220	いにしえの回廊が	MAP_D_CAD_00 220		
	トラベルマップで通行可能になりました			
221	いにしえの回廊が	MAP_D_CAD_00 221		
	トラベルマップで通行不能になりました			
222	フィッシェ街道が	MAP_D_CAD_00 222		
	トラベルマップで通行可能になりました			
223	フィッシェ街道が	MAP_D_CAD_00 223		
	トラベルマップで通行不能になりました			
224	レゾナール海岸が	MAP_D_CAD_00 224		
	トラベルマップで通行可能になりました			
225	レゾナール海岸が	MAP_D_CAD_00 225		
	トラベルマップで通行不能になりました			
226	ケイロニア高原が	MAP_D_CAD_00 226		
	トラベルマップで通行可能になりました			
227	ケイロニア高原が	MAP_D_CAD_00 227		
	トラベルマップで通行不能になりました			
228	ケイロニア砦が	MAP_D_CAD_00 228		
	トラベルマップで通行可能になりました			
229	ケイロニア砦が	MAP_D_CAD_00 229		
	トラベルマップで通行不能になりました			
230	サルバトーレ離宮が	MAP_D_CAD_00 230		
	トラベルマップで通行可能になりました			
231	サルバトーレ離宮が	MAP_D_CAD_00 231		
	トラベルマップで通行不能になりました			
232	リストにないよ？	MAP_D_CAD_00 147		
				
234	■■■きてる？■■■			
				
236	マキス	MAP_D_CAD_00 1258		
241	func00_C_EVENT_START1	MAP_D_CAD_00 233		
242	func00_C_EVENT_START2	MAP_D_CAD_00 238		
245	ジグ…	MAP_D_CAD_00 875		
250	残念だけど、ハースは	Unfortunately, it looks like Hars isn't here.		
	いないかもね		X	
	また病気が	It seems he's "gotten sick" again.		
	はじまったらしい			
255	どこか悪いのか？	What's wrong with him?		
260	いや…	Nothing. Sometimes Hars uses illness as an excuse to shirk his duties.		
	ハースは時々、こうして			
	任務を放棄するんだよ		X	
	本当ならこのあたりの	He's doing this despite the fact that he's responsible for exterminating the ibinos in this area.		
	イビノス排除はハースの			
	役目なのにね			
268	どういうことだ？	Why would he do that?		
274	さあね…	Who knows? I don't claim to know how the Seven Knights think.		
	七騎士が考えることなんて			
	わたしにはサッパリ		X	
	気まぐれか…	They're fickle and act on their own whims.		
	あきっぽいのか…		X	
	七騎士の連中は本当に	Their ultimate purpose is a mystery to me.		
	わけがわからないんだ			
280	ここだけの話だよ、これ	That's just between us, though.		
282	func00_C_EVENT_END1	MAP_D_CAD_00 372		
283	func00_C_EVENT_END2	MAP_D_CAD_00 377		
284	func00_E_EVENT_START1	MAP_D_CAD_00 415		
285	func00_E_EVENT_START2	MAP_D_CAD_00 417		
287	あら？	MAP_D_CAD_00 501		
289	あなたはレン様と同期の			
	ナントカさんよね			
291	この修練もレン様が			
	いただくわよ！			
292	func00_E_EVENT_END1	MAP_D_CAD_00 424		
293	func00_E_EVENT_END2	MAP_D_CAD_00 425		
294	func00_C_EVENT_START1	MAP_D_CAD_00 233		
298	func00_C_EVENT_START2	MAP_D_CAD_00 238		
302	ハーッ！	Haaaa!		
304	■■■エフェクト置きます■■■			
				
312	また会いましたね	We meet again.		
315	…らしいな	So it seems. I won't lose to you today.		
	でも、今日は負けない			
319	相手は、わたしじゃなくて	I'm not your opponent. Our target is the ibinos.		
	イビノスですよ			
322	func00_C_EVENT_END1	MAP_D_CAD_00 372		
324	func00_C_EVENT_END2	MAP_D_CAD_00 377		
325	func00_C_EVENT_START1	MAP_D_CAD_00 233		
329	func00_C_EVENT_START2	MAP_D_CAD_00 238		
332	今日は縁がありますね	It seems our paths were destined to cross again today.		
342	せっかくだから	Apologies for the trouble, but let's fight them together.		
	一緒に戦いましょうか？			
347	ボスはおれがやる	Fine, but I'll be the one to kill the boss.		
351	それはどうかしら	Maybe you will, maybe you won't.		
354	func00_BATTLE_EVENT	MAP_D_CAD_00 457		
355	func00_C_EVENT_END1	MAP_D_CAD_00 372		
358	func00_C_EVENT_END2	MAP_D_CAD_00 377		
359	func00_BATTLE_EVENT	MAP_D_CAD_00 457		
360	func00_B_EVENT_START1	MAP_D_CAD_00 459		
371	func00_B_EVENT_START2	MAP_D_CAD_00 465		
372	ふう	Phew.		X
373	まだいるぞ	There are still more of them.		X
374	わかっています！	I see them!		X
384	ほら、やれ！	Hey, you guys!		X
385	強さを見せてくれ	Show me your strength.		X
390	修練は見せ物じゃありません！	Training isn't a spectator sport!		X
391	そりゃ失礼	How rude.		X
393	さあ、ここは危険ですよ	It's dangerous here.		X
394	あっちへ行ってください！	Please get out of here as fast as you can!		X
421	func00_B_EVENT_END1	MAP_D_CAD_00 522		
430	func00_B_EVENT_END2	MAP_D_CAD_00 527		
431	func00_C_EVENT_START1	MAP_D_CAD_00 233		
438	func00_C_EVENT_START2	MAP_D_CAD_00 238		
441	ジグさん、強いですねえ	You're strong, Zig.		
447	でも、ボスは	The boss is mine, though.		
	わたしがもらいます			
450	ふたりともダメな	You two bore me.		
461	さっきからなんですか！？	How did you get ahead of us? Just who are you?		
	あなたは誰です？			
466	おれは…希望を失って	I'm...a man who has decided to go on a journey to reclaim his lost hope.		
	旅立ちを決意した男な			
472	つまり、逃げ出す	In other words, you're going to run away.		
	わけですね			
479	逃げ出すのは他の連中だ	It's everyone else who is running away.	X	
	おれにはもう	There are none left who are a match for my strength.		
	戦うべき相手がいない			
485	もしかして…	Are you...Hars?		
	あんた、ハースなのか！？			
491	えっ？	Eh? You mean the he's the top ranker?		
	ランキング１位の？			
496	待ってください！	Please wait!		
500	行けと言ったり	You tell me to leave, then you tell me to wait.		
	待てと言ったり…			
504	申し訳ありません	My apologies.		
512	なんの用だ？	What do you want? Do you know anyone stronger than me?		
	おれより強い奴を			
	知っているのか？			
514	いいえ	I don't, but I have something to say to you.		
	でも、お話があります			
516	手短に	Keep it short.		
521	たとえ戦う相手を	Even if you have no one left to fight, you're still one of the Seven Knights.		
	失ったとしても			
	あなたは七騎士です		X	
	七騎士には	As one of the Seven Knights, you have a duty to govern this society.		
	世界を治めるという			
	義務があるはずです			
527	おっと…説教か？	You presume to lecture me?	X	
	おまえ、こんな女と	Hey, you. Are you dating that woman?		
	よく、つるんでるのな			
533	いや…	Err, no...		
540	まあ、どうでもいい			
	おれは強くなること以外			
	興味がないのな		X	
	が、強さをきわめたら	Well, whatever. I'm not interested in anything besides becoming strong.		
	自分の強さを計ることも			
	できない…		X	
	つまり、シアワセを	The problem is that I'm so strong that I'm unable to measure my own strength,		
	感じることが			
	できなくなった	which means I can no longer be happy.	X	
	おれは世界一不幸な男な	I'm the world's unhappiest man.	X	
	そんなおれに義務だの	What gives a vulgar woman like you the right to lecture me about duty?		
	なんだの…無粋な女だ			
550	がっかりです	How disappointing.	X	
	ランキング１位が	I can't believe someone like that is ranked #1.		
	あんな人だったとは…			
554	あの境地に	He's the person I want to be someday.		
	達してみたいけどな			
560	間違っています	You're wrong.	X	
	強さは目的を	Strength is just a means to an end.		
	達成するための			
	手段にすぎません			
568	もし、仮に、ジグさんが	Suppose you reached the top rank.		
	ランキングの１位に			
	なったら…		X	
	その後は	What would you do afterward?		
	どうするつもりですか？		X	
	あなたの強さは	To what end would you use your strength?		
	どこへ向かうのですか？		X	
	あの人のように	Would you lose your way like he has?		
	フラフラするんですか？		X	
	正しい目的を持たないから	He's become like that because he lacks an ultimate purpose!		
	ああなってしまうんです！			
576	不愉快です	It's detestable.	X	
	早くボスを倒して	Let's defeat the boss and get this over with.		
	終わりにしましょう			
578	func00_C_EVENT_END1	MAP_D_CAD_00 372		
580	func00_C_EVENT_END2	MAP_D_CAD_00 377		
581	func00_C_EVENT_START1	MAP_D_CAD_00 233		
585	func00_C_EVENT_START2	MAP_D_CAD_00 238		
592	ボスです！	That's the boss! It's going down!		
	わたしが倒します！			
598	func00_BATTLE_EVENT	MAP_D_CAD_00 457		
599	func00_C_EVENT_END1	MAP_D_CAD_00 372		
600	func00_C_EVENT_END2	MAP_D_CAD_00 377		
601	func00_C_EVENT_START1	MAP_D_CAD_00 233		
607	func00_C_EVENT_START2	MAP_D_CAD_00 238		
610	く…	Grr...		
615	おれの番だな	Now it's my turn.		
617	func00_BATTLE_EVENT	MAP_D_CAD_00 457		
618	func00_C_EVENT_END1	MAP_D_CAD_00 372		
619	func00_C_EVENT_END2	MAP_D_CAD_00 377		
620	func00_C_EVENT_START1	MAP_D_CAD_00 233		
627	func00_C_EVENT_START2	MAP_D_CAD_00 238		
629	ちがう…	You were mistaken. That wasn't the boss.		
	これはボスじゃない			
633	ジグさん、気をつけて	Careful, Zig. More ibinos are coming.		
	イビノスが来ています			
640	ああ、かわいそうに！	How cute!		
644	おねえちゃんと	Boy and girl, fighting together, dying together!		
	おにいちゃんが			
	死んじまう！			
649	ジグさん、また変な人が…	Zig, it's another weird guy.		
652	変な奴だけど	Weird or not, he's right.		
	言ってることは正しい			
657	この状況、どうにか	We're in a fix. If we don't do something...		
	しなくては…			
660	func00_BATTLE_EVENT	MAP_D_CAD_00 457		
661	func00_C_EVENT_END1	MAP_D_CAD_00 372		
662	func00_C_EVENT_END2	MAP_D_CAD_00 377		
664	func00_B_EVENT_START1	MAP_D_CAD_00 459		
677	func00_B_EVENT_START2	MAP_D_CAD_00 465		
682	退路もふさがれて	Our escape route is blocked.		X
	しまいましたね			X
686	切りひらくさ	Let's cut them down and open a path.		X
687	もちろんです	Of course.		X
694	無理じゃねえのかなぁ…	Don't waste your energy.		X
699	どうだ	What are you going to do?		X
700	おにいちゃん、おねえちゃん	You two		X
701	おまえら、なかなか	both seem quite talented.		X
	腕が立つようだ			X
702	おれっちの手下になれば	If you become my subordinates, I'll lend you a hand.		X
	手をかしてやるぞ？			X
703	断ります！	I refuse!		X
706	ああ、ジグ！	Ah, Zig!		X
707	大ピンチじゃないか！	You're in a huge fix, aren't you?		X
708	なんだてめえ…	Who are you?		X
709	ジグ、悪いことは言わないから	Zig, sorry if I'm saying something stupid,		X
716	タイロンさんに従うんだ	but please submit to Tylong		X
717	手下になろう	and become his subordinate.		X
718	タイロン！？	Tylong!?		X
719	タイロンさん、だ	That's "Tylong-san" to you.		X
720	タイロンさん、失礼をお許し下さい！	Tylong, please forgive his rudeness!		X
721	あなたの噂は聞いています	I've heard the rumors about you.		X
724	あなたと仲間たちは	You and your friends abuse your power without restraint.		X
	力を悪用してやりたい放題			X
725	町の嫌われ者集団の	You're the head of the city's most hated group, the Tylong Family.		X
	タイロン一家			X
728	そんな集団に入るなど	I could never		X
729	わたしにはできません	join a group like that.		X
731	うわ…	Hmm...		X
732	面倒くせえ女	Such a troublesome woman.		X
737	またそれですか！	That again!?		X
738	よく言われるってか？	Do people say that to you often?		X
741	ちげえねえや	There's no mistaking it.		X
747	失せろ、	Get out of my sight!		X
748	バケモノども！	Monsters!		X
758	わたしは助けなど	I didn't ask for your help.		X
	望みませんでしたからね			X
759	いや、	I wasn't.		X
760	近くで顔を見たくてよ	I wanted to get a close look at your face.		X
762	思った通り	It's just as I thought.		X
763	可愛げのない{17}02	You're not really all that hot.		X
767	無礼です！	How rude!		X
770	おまえ、	You,		X
771	この女の…	Are you this woman's...?		X
774	…いや、	No.		X
775	ただの知り合いだ	She's just an acquaintance.		X
776	だよなあ？	Oh, really?		X
780	さーて、帰るぞ！	Well then, I'll be heading back!		X
783	ああ	Oh yeah.		X
784	ボスはおれっちが倒しておいた	I already defeated the boss.		X
785	さっすがぁ！	As expected!		X
786	ジグ、調子を合わせて	Play along, Zig.		X
788	タイロンはランキング８位	Tylong is ranked #8.		X
789	学べることは多いよ、きっと	You can probably learn a lot from him.		X
791	…かもな	Maybe.		X
792	func00_B_EVENT_END1	MAP_D_CAD_00 522		
808	func00_B_EVENT_END2	MAP_D_CAD_00 527		
809	【修練失敗】	[Training Failed] {13}07Tylong has met the objective for the major training mission "Corridor Ibinos Extermination." All participating rankers should withdraw immediately.{13}00		
	{13}07重大修練「回廊のイビノス駆除」は			
	タイロンによって達成された			
	参加中のランカーは速やかに解散すべし{13}00			
811	修練「討伐修練【中位１】」	Participate in training mission "Exterminate - Mid Rank 1"?		
	に参加しますか？			
812	参加する	MAP_D_CAD_00 919		
813	参加しない	MAP_D_CAD_00 920		
818	了解した	Got it. I'll get right to the explanation.		
	さっそく修練の			
	内容説明にうつろう			
820	ドネイ回廊に再び	Ibinos have appeared in the Donea Corridor again.		
	イビノスが出現した			
822	それも前より手強いらしい	What's more, they're stronger than they were before, and there's also a nest in the deepest part of the corridor. This is a serious situation.		
	奥に巣でもあるのか…			
	実に由々しき事態だな			
824	…そういうわけで	I need you to go to Donea Corridor and exterminate the ibinos.		
	ドネイ回廊に行き			
	イビノスを討伐してくれ			
828	では、頼んだ	MAP_D_CAD_04 644		
830	func00_E_EVENT_END1	MAP_D_CAD_00 424		
832	func00_E_EVENT_END2	MAP_D_CAD_00 425		
835	うむ…	MAP_D_CAD_04 651		
	参加はまだ受け付けている			
	やる気になったら来い			
837	func00_E_EVENT_END1	MAP_D_CAD_00 424		
838	func00_E_EVENT_END2	MAP_D_CAD_00 425		
839	func00_E_EVENT_START1	MAP_D_CAD_00 415		
843	func00_E_EVENT_START2	MAP_D_CAD_00 417		
846	カンタレラのジグか…	You're Zig from Cantelera, right?	X	
	悪いが、わたしは	Sorry, but I don't trust you.		
	おまえを信用していない		X	
	アンチの疑いがある上に	I think you may be an Anti sympathizer. The speed with which your rank has increased makes me suspicious, as well.		
	急激なランクアップをして			
	実に怪しいと思っている			
849	…………	MAP_D_CAD_00 242		
852	例えば…そうだな	Let's see...I won't consider you suitable for my missions		
	ランカーを５０人ほど			
	倒していたならば		X	
	相応の実力があると	until you've defeated at least 50 rankers.		
	認めようではないか			
857	それならもう	I've already defeated that many.		
	倒しているはずだ			
861	ランカーを５０人以上			
	倒してきたぞ			
865	本当か？	Really? Show me your Ranker's Handbook.		
	ランカー手帳を			
	見せてみろ			
870	……ふむ	Hmmm...Looks like you're telling the truth.		
	嘘ではないようだな			
875	出自はともかく	It looks like my prejudice against you was completely unfounded.		
	実力に関しては、わたしの			
	悪い思い込みだったようだ		X	
	非礼をわびよう	I apologize for being rude.		
879	…ああ	Don't worry about it.		
881	授与【中位・高位修練参加許可】	Award [Mid- and High-Rank Training Permit] {13}07Zig, Rank {1d}G00000011, by the power vested in the Legion, you have been granted the above-mentioned right.{13}00		
	{13}07{1d}G00000011位　ジグ			
	機構の掟の元、汝が然るべき力を得たとみなし			
	戦侯機構バザルタより上記権利を授与する{13}00			
884	では、改めて	Let's start over. First, allow me to explain how mid- and high-rank training missions work.		
	中位・高位向け修練の			
	説明をする		X	
	修練による	Once a ranker reaches rank 10000, the rank increase system changes.		
	ランクアップの方式は			
	１００００位を境に変わる		X	
	今までの報奨ランクは	Up until now, the rank rewards for completing training missions has been added to your current rank.		
	自分のランクに			
	加算する方式だったが		X	
	これからは	From now on, you'll be awarded a fixed rank when you complete a mission.		
	特定のランクを			
	与えられるようになる			
888	なるほど…	I see.		
892	現在告知されているのは	Right now, we're recruiting for		
	【中位１】の討伐修練だ	the [Mid Rank 1] extermination		
	…参加するかね？	mission. Will you participate?		
896	どんな修練だ？	MAP_D_CAD_00 912		
900	ドネイ回廊での			
	イビノス討伐だな			
905	ランカーを５０人ほど			
	倒していたならば			
	実力があると認めよう			
907	func00_E_EVENT_END1	MAP_D_CAD_00 424		
908	func00_E_EVENT_END2	MAP_D_CAD_00 425		
911	うむ、よくきたな	MAP_D_CAD_04 605		
	中位・上位ランカー向け			
	討伐修練の受付だ			
913	現在告知されているのは	Right now, we're recruiting for		
	【中位１】の討伐修練だ	the [Low Rank 1] extermination		
	参加するか？	mission. Will you participate?		
917	func00_E_EVENT_START1	MAP_D_CAD_00 415		
919	func00_E_EVENT_START2	MAP_D_CAD_00 417		
921	こいつらを全部倒せば	I need to defeat them all.		
	いいんだよな			
922	func00_E_EVENT_END1	MAP_D_CAD_00 424		
923	func00_E_EVENT_END2	MAP_D_CAD_00 425		
924	func00_E_EVENT_START1	MAP_D_CAD_00 415		
926	func00_E_EVENT_START2	MAP_D_CAD_00 417		
928	ふう…今のが最後か？	Was that the last one? I can finally get out of here.		
	…もう出てくるなよ			
930	func00_E_EVENT_END1	MAP_D_CAD_00 424		
931	func00_E_EVENT_END2	MAP_D_CAD_00 425		
933	func00_E_EVENT_START1	MAP_D_CAD_00 415		
935	func00_E_EVENT_START2	MAP_D_CAD_00 417		
937	func00_E_EVENT_END1	MAP_D_CAD_00 424		
938	func00_E_EVENT_END2	MAP_D_CAD_00 425		
939	func00_E_EVENT_START1	MAP_D_CAD_00 415		
941	func00_E_EVENT_START2	MAP_D_CAD_00 417		
944	func00_E_EVENT_END1	MAP_D_CAD_00 424		
945	func00_E_EVENT_END2	MAP_D_CAD_00 425		
947	func00_E_EVENT_START1	MAP_D_CAD_00 415		
949	func00_E_EVENT_START2	MAP_D_CAD_00 417		
951	func00_E_EVENT_END1	MAP_D_CAD_00 424		
952	func00_E_EVENT_END2	MAP_D_CAD_00 425		
953	func00_E_EVENT_START1	MAP_D_CAD_00 415		
955	func00_E_EVENT_START2	MAP_D_CAD_00 417		
958	func00_E_EVENT_END1	MAP_D_CAD_00 424		
959	func00_E_EVENT_END2	MAP_D_CAD_00 425		
961	func00_E_EVENT_START1	MAP_D_CAD_00 415		
963	func00_E_EVENT_START2	MAP_D_CAD_00 417		
965	func00_E_EVENT_END1	MAP_D_CAD_00 424		
966	func00_E_EVENT_END2	MAP_D_CAD_00 425		
967	func00_E_EVENT_START1	MAP_D_CAD_00 415		
969	func00_E_EVENT_START2	MAP_D_CAD_00 417		
972	func00_E_EVENT_END1	MAP_D_CAD_00 424		
973	func00_E_EVENT_END2	MAP_D_CAD_00 425		
974	func00_E_EVENT_START1	MAP_D_CAD_00 415		
975	func00_E_EVENT_START2	MAP_D_CAD_00 417		
976	func00_E_EVENT_END1	MAP_D_CAD_00 424		
977	func00_E_EVENT_END2	MAP_D_CAD_00 425		
978	func00_E_EVENT_START1	MAP_D_CAD_00 415		
984	func00_E_EVENT_START2	MAP_D_CAD_00 417		
988	今の男…	That man was in the top 1000.		
	１０００位以内だったな			
992	func00_E_EVENT_END1	MAP_D_CAD_00 424		
993	func00_E_EVENT_END2	MAP_D_CAD_00 425		
994	func00_E_EVENT_START1	MAP_D_CAD_00 415		
998	func00_E_EVENT_START2	MAP_D_CAD_00 417		
1001	うむ、よくきたな	MAP_D_CAD_04 605		
	中位・上位ランカー向け			
	討伐修練の受付だ			
1003	…ふむ？	Hm? It seems you've completed the training.		
	修練を達成したようだな			
1005	では、報奨を渡そう	In that case, I'll give you your reward.		
	よくやってくれた			
1010	これからは	I hope I can rely on you in the future.		
	頼りにさせてもらうぞ			
1012	func00_E_EVENT_END1	MAP_D_CAD_00 424		
1014	func00_E_EVENT_END2	MAP_D_CAD_00 425		
1015	func00_E_EVENT_START1	MAP_D_CAD_00 415		
1021	func00_E_EVENT_START2	MAP_D_CAD_00 417		
1023	せんぷぁ～い！	Sen~pai!		
1027	またおまえか…	You again?		
1031	どすか？	What are you doing? Isn't it about time you got a private room?		
	そろそろ個室に			
	なったとか？			
1035	…個室だ	I have one. At Tylong's compound.		
	タイロン租界のな			
1039	タイロン？　租界？	Tylong? Compound? What are you on about?		
	なんだよそれ			
1043	おまえも意外と	You're surprisingly uninformed.		
	物を知らないんだな			
1047	{17}02っ！	You're rather aggressive today, Senpai.		
	今日は攻撃的だな、先輩			
1049	じゃあまた修練で勝負とか	Anyway, how about another training competition?		
	しませんか？			
1051	まさか、自信ないから	You're not going to run away because you lack confidence, right?		
	勝ち逃げしとこうとか			
	思ってませんよね？			
1056	じゃ、参加報告してくるの	Well, I'll wait while you sign up for the mission.		
	待っててやりますよ			
1058	あんまり遅かったら	If you're too slow, I'll finish before you even start!		
	おれが片付けちゃうんで			
	そこんとこよろしく！			
1060	func00_E_EVENT_END1	MAP_D_CAD_00 424		
1064	func00_E_EVENT_END2	MAP_D_CAD_00 425		
1065	func00_E_EVENT_START1	MAP_D_CAD_00 415		
1071	func00_E_EVENT_START2	MAP_D_CAD_00 417		
1074	こんにちは	Good afternoon. I'm the contact person for urgent training missions.		
	緊急修練の受付は			
	ここですよ			
1076	鉱物資源の収集に	Are you here to sign up for the ore gathering mission?		
	参加なさいますか？			
1078	修練「鉱物資源の収集【緊急】」	Participate in training mission "Ore Gathering [Urgent]"?		
	に参加しますか？			
1079	参加する	MAP_D_CAD_00 919		
1080	参加しない	MAP_D_CAD_00 920		
1085	了解しました！	Understood. Let me explain the mission.		
	内容をご説明しますね			
1087	【ヘレライト】という	The mine from which we were mining [Helerite], a precious ore, has caved in.		
	貴重な鉱石資源を			
	採掘している坑道が崩落し			
1089	一時的に採掘ができない	As a result, we have become temporarily unable to continue our mining operations .		
	状況になっています			
1091	ただ、不幸中の幸いか	This may be a blessing in disguise, however. The vibrations from the cave-in caused part of the wall in Donea Corridor to collapse.		
	その振動でドネイ回廊の			
	壁が一部崩れ			
1093	そこから旧坑道に	We discovered that it's possible to get to part of an old mine from there.		
	通じていることが			
	発覚したのです			
1095	その旧坑道で	I'd like you to collect three chunks of Helerite from the old mine.		
	ヘレライトを１人３つ			
	採集していただきます			
1097	…というわけで	With that in mind, please head to the Donea Corridor.		
	ドネイ回廊に			
	向かってください			
1101	至急、よろしくお願い	This is urgent, so please hurry.		
	いたします			
1104	おっ、参加報告	Are you signed up?		
	おわったっぽい？			
1111	じゃあ行こうぜ	Then let's go, sen~pai!		
	せんぷぁ～い！			
1113	func00_E_EVENT_END1	MAP_D_CAD_00 424		
1116	func00_E_EVENT_END2	MAP_D_CAD_00 425		
1119	緊急修練は			
	期間限定ですので			
	参加するならお早めに…			
1121	func00_E_EVENT_END1	MAP_D_CAD_00 424		
1123	func00_E_EVENT_END2	MAP_D_CAD_00 425		
1124	func00_E_EVENT_START1	MAP_D_CAD_00 415		
1130	func00_E_EVENT_START2	MAP_D_CAD_00 417		
1133	緊急修練で	This is an urgent training mission, which means the reward is excellent.		
	報奨はいいけどさ			
1135	こんなシケたところで	Gathering ore in a gloomy place like this fits your personality perfectly, Senpai.		
	石ころ採集とか			
	まさに先輩向けだぜ			
1138	…………	MAP_D_CAD_00 242		
1141	じゃ、先に３つ見つけて	Here are the rules: The person who makes it back here with three chunks of ore first is the winner.		
	ここに戻ってきた方が			
	勝ちだかんな			
1143	先手必勝！	Like always, the early bird gets the worm!		
1150	だから…	Once again, I never said I wanted to compete with you.		
	勝負するとは			
	いってない			
1151	func00_E_EVENT_END1	MAP_D_CAD_00 424		
1153	func00_E_EVENT_END2	MAP_D_CAD_00 425		
1154	func00_E_EVENT_START1	MAP_D_CAD_00 415		
1159	func00_E_EVENT_START2	MAP_D_CAD_00 417		
1163	せんぷぁ～い！！			
	逃げるんすか？			
1168	…………	MAP_D_CAD_00 242		
1169	func00_E_EVENT_END1	MAP_D_CAD_00 424		
1171	func00_E_EVENT_END2	MAP_D_CAD_00 425		
1172	func00_E_EVENT_START1	MAP_D_CAD_00 415		
1173	func00_E_EVENT_START2	MAP_D_CAD_00 417		
1175	func00_E_EVENT_END1	MAP_D_CAD_00 424		
1176	func00_E_EVENT_END2	MAP_D_CAD_00 425		
1177	func00_E_EVENT_START1	MAP_D_CAD_00 415		
1185	func00_E_EVENT_START2	MAP_D_CAD_00 417		
1188	へっへ、先輩	Hehe. You were just a little too slow, Senpai.		
	ちょぉっと遅かったな			
1190	おれはどうやら	It seems like luck has smiled on me once again.		
	運にも恵まれてるらしい			
1193	実力の上に	Though I suppose it's hard to separate the influence of luck from my superior talâ€”.		
	運まで引き離されたら			
	先輩がかわいそ{17}02			
1198	ベイガー！！	Bayger!		
1202	えっ…！？	Eh!?		
1205	func00_BATTLE_EVENT	MAP_D_CAD_00 457		
1211	あ……	Uh...		
1214	…貸しだ	You owe me one.		
1216	…………	MAP_D_CAD_00 242		
1220	…いや、おごりだ	Nevermind. Consider it a favor.		
1224	くそっ！	Damn you!		
1230	二度と会いたくないな…	I don't want to meet that monster a second time.		
1231	func00_E_EVENT_END1	MAP_D_CAD_00 424		
1233	func00_E_EVENT_END2	MAP_D_CAD_00 425		
1234	func00_E_EVENT_START1	MAP_D_CAD_00 415		
1238	func00_E_EVENT_START2	MAP_D_CAD_00 417		
1241	こんにちは	MAP_D_DNE_00 1074		
	緊急修練の受付は			
	ここですよ			
1243	…みたところ	I just checked, and it seems you've completed the mission successfully.		
	修練を達成している			
	ようですね			
1245	では、これが報奨です	Let me give you your reward.		
1251	おつかれさまでした	Thank you for your hard work.		
1253	func00_E_EVENT_END1	MAP_D_CAD_00 424		
1255	func00_E_EVENT_END2	MAP_D_CAD_00 425		
1256	func00_E_EVENT_START1	MAP_D_CAD_00 415		
1260	func00_E_EVENT_START2	MAP_D_CAD_00 417		
1263	わたしが担当してた			
	緊急修練は			
	全て解決されました			
1265	終わったことですから			
	今からの参加は			
	できませんね			
1267	func00_E_EVENT_END1	MAP_D_CAD_00 424		
1269	func00_E_EVENT_END2	MAP_D_CAD_00 425		
1270	シーン初期化	MAP_D_CAD_00 1232		
				
1271	オブジェクト配置	MAP_D_CAD_00 1233		
				
1272	オブジェクトトラップ配置	MAP_D_CAD_00 1235		
				
1273	スイッチ			
1274	マップチェンジトラップ配置	MAP_D_CAD_00 1236		
				
1281	ＮＰＣ配置	MAP_D_CAD_00 1248		
				
1285	マキス	MAP_D_CAD_00 1258		
1287	元気なレン配下			
1289	イメージの中じゃ			
	おれ、最強なんだけどな…			
1291	イビノスの数が			
	ハンパじゃないぞ			
	おれ、くじけそう…			
1293	今通ったのって			
	タイロンだよね？		X	
	なんだよ…			
	最初から勝ち目なんて			
	なかったじゃないか			
1295	うわ…			
	タイロン一家に			
	入ったんだ		X	
	配下になる代わりに			
	前の修練の報奨を			
	譲ってもらったとか？			
1297	お、おれはここで			
	自分を鍛えているだけさ		X	
	別に、タイロン一家に			
	にらまれるようなことは			
	してないぞ！			
1299	最近物騒だね…			
	い、いや、あんたたちの			
	ことじゃないよ？			
1301	いやー、恐怖の種が			
	ひとつ取り除けて			
	よかったよかった！		X	
	…………		X	
	…あ、いや			
	えっと…うん……			
1303	今度はアンチってのが			
	盛んに活動中なんだって？		X	
	タイロン一家だって			
	機構に逆らえなかったのに			
	こりないよねぇ			
1305	何が起きてもいいように			
	イメージトレーニングで			
	己を鍛え続けてるよ			
1307	うわ、ランク高いなぁ…！			
	あんたほどの猛者が			
	アンチだったら大変だね		X	
	…た、例え話だよ！			
1309	なんだかすごい戦いに			
	なっているらしいね		X	
	今こそおれの			
	イメトレの成果が			
	発揮される…かな？			
1311	えっ、七騎士！？			
	ってことは元アンチ！？		X	
	うわぁ…			
	おれ、何も知らずに			
	怖いことしてたかも…			
1313	ある朝起きたら			
	不吉な空がなおっていた		X	
	…ってイメージしてるけど			
	やっぱり思うだけじゃ			
	だめなのかな			
1315	え、遠慮したいな…			
	あんたに勝てるイメージが			
	全くわかないからさ			
1317	い、いいよ	I'm up for it. I'll show you the results of my visualization training!		
	イメージトレーニングの			
	成果を見せてやる！			
1325	よし来い！	Bring it! I'm the strongest...or at least I plan to be!		
	おれは最強…のつもりだ！			
1332	うぅん…うーん…	Mmm, hmmm...		
1334	あ、そ、そう？			
	別に構わないよ			
1336	あれ？		X	
	あなた、レンさんと同期の			
	ナントカさんですよね		X	
	この修練もレンさんが			
	いただきますよ！			
1338	レンさんの邪魔は			
	しないでくださいね			
1340	だめですよ			
	今は修練優先なんです！			
1342	事情はどうあれ			
	これはチャンスだよ、ジグ			
1344	{14}02A6を返してもらいますか？	MAP_D_CAD_00 1299		
1345	はい	MAP_D_CAD_00 432		
1346	いいえ	MAP_D_CAD_00 433		
1351	ああ、わかったよ	MAP_D_CAD_00 1306		
1353	{14}02A6を返してもらった	MAP_D_CAD_00 1308		
1356	どうしたんだい？	MAP_D_CAD_00 1311		
1358	{14}02A6を持っていません	MAP_D_CAD_00 1313		
1362	{14}02A6を渡しますか？	MAP_D_CAD_00 1317		
1367	おお…	MAP_D_CAD_00 1322		
	うれしいよ、ジグ！			
	ありがとう！			
1369	{14}02A6を渡した	MAP_D_CAD_00 1324		
1373	イベントトラップ配置	MAP_D_CAD_00 1413		
				
1376	？？？	MAP_D_CAD_01 744		
1400	ドネイ回廊ロケーションタイトル			
				
1404	ドネイ回廊の様子			
				
1412	OBJ_NPC00	MAP_D_CAN_00 1060		
				
1414	OBJ_NPC01	MAP_D_CAN_01 562		
				
1416	OBJ_MKS	MAP_D_CAN_00 1062		
