0	■■■ func00_DEBUG_SIGN ■■■	MAP_D_CAD_00 0	
			
1	！！！エラー検出用サブルーチンを通りました！！！	MAP_D_CAD_00 1	
			
2	イビノスシンボル配置しない。フラグ：	MAP_D_CAD_00 2	
4	イビノスシンボル配置する。フラグ：	MAP_D_CAD_00 4	
7	ランカーファイル情報更新	MAP_D_CAD_00 7	
			
8	->旧:	MAP_D_CAD_00 8	
9	 追加:	MAP_D_CAD_00 9	
10	 結果:	MAP_D_CAD_00 10	
12	ランク:	MAP_D_CAD_00 12	
15	ランカー戦勝利・戻り値：	MAP_D_CAD_00 15	
17	ランキング戦を申し込みますか？	MAP_D_CAD_00 17	
18	申し込む	MAP_D_CAD_00 18	
19	やめておく	MAP_D_CAD_00 19	
22	イビノスシンボル倒した。フラグON：	MAP_D_CAD_00 22	
25	イビノス戦：イベント終了？	MAP_D_CAD_00 25	
			
26	スクリプト：未知のモーションタイプが指定されました	MAP_D_CAD_00 26	
			
33	***振り向き判定ＰＣ***	MAP_D_CAD_00 33	
			
34	現在:cmn_r0:	MAP_D_CAD_00 34	
36	目標:cmn_r1:	MAP_D_CAD_00 36	
38	差分:cmn_r2:	MAP_D_CAD_00 38	
40	差分＾２:cmn_r3:	MAP_D_CAD_00 40	
42	閾値＾２:cmn_r4:	MAP_D_CAD_00 42	
44	->pc振り向きません	MAP_D_CAD_00 44	
			
45	->pc振り向きます	MAP_D_CAD_00 45	
			
47	***振り向き判定***	MAP_D_CAD_00 47	
			
48	現在:cmn_r0:	MAP_D_CAD_00 34	
50	目標:cmn_r1:	MAP_D_CAD_00 36	
52	差分:cmn_r2:	MAP_D_CAD_00 38	
54	差分＾２:cmn_r3:	MAP_D_CAD_00 40	
56	閾値＾２:cmn_r4:	MAP_D_CAD_00 42	
58	->npc振り向きません	MAP_D_CAD_00 58	
			
59	->npc振り向きます	MAP_D_CAD_00 59	
			
63	ロード待ち開始	MAP_D_CAD_00 63	
			
64	ロード待ち終了	MAP_D_CAD_00 64	
			
65	{15}0C{14}L00000000を	MAP_D_CAD_00 65	
	手に入れた		
66	{15}0E{14}L00000000を	MAP_D_CAD_00 66	
	手に入れた		
67	{15}0F{14}L00000000を	MAP_D_CAD_00 67	
	手に入れた		
68	{15}0D{14}L00000000を	MAP_D_CAD_00 68	
	手に入れた		
69	{15}10{14}L00000000を	MAP_D_CAD_00 69	
	手に入れた		
70	{15}12{14}L00000000を	MAP_D_CAD_00 70	
	手に入れた		
71	{15}11{14}L00000000を	MAP_D_CAD_00 71	
	手に入れた		
72	{15}13{14}L00000000を{1d}L00000001個	MAP_D_CAD_00 72	
	手に入れた		
73	{15}14{14}L00000000を{1d}L00000001個	MAP_D_CAD_00 73	
	手に入れた		
74	{15}14{14}L00000000を	MAP_D_CAD_00 74	
	手に入れた		
75	{15}1B{14}L00000000を	MAP_D_CAD_00 75	
	手に入れた		
76	{14}L00000000を	MAP_D_CAD_00 76	
	手に入れた		
77	{1d}L00000000Ｂを手に入れた	MAP_D_CAD_00 77	
			
78	num_calc：	MAP_D_CAD_00 78	
80	{15}0C{14}L00000000を	MAP_D_CAD_00 80	
	手渡した		
81	{15}0E{14}L00000000を	MAP_D_CAD_00 81	
	手渡した		
82	{15}0F{14}L00000000を	MAP_D_CAD_00 82	
	手渡した		
83	{15}0D{14}L00000000を	MAP_D_CAD_00 83	
	手渡した		
84	{15}10{14}L00000000を	MAP_D_CAD_00 84	
	手渡した		
85	{15}12{14}L00000000を	MAP_D_CAD_00 85	
	手渡した		
86	{15}11{14}L00000000を	MAP_D_CAD_00 86	
	手渡した		
87	{15}13{14}L00000000を{1d}L00000001個	MAP_D_CAD_00 87	
	手渡した		
88	{15}14{14}L00000000を{1d}L00000001個	MAP_D_CAD_00 88	
	手渡した		
89	{15}14{14}L00000000を	MAP_D_CAD_00 89	
	手渡した		
90	{15}1B{14}L00000000を	MAP_D_CAD_00 90	
	手渡した		
91	{14}L00000000を	MAP_D_CAD_00 91	
	手渡した		
			
92	■■ret0■■：	MAP_D_CAD_00 92	
96	■■ret■■：	MAP_D_CAD_00 96	
98	cmn_option:	MAP_D_CAD_00 98	
106	セーブポイント	MAP_D_CAD_00 106	
107	データ削除ユーティリティを起動します	MAP_D_CAD_00 107	
	ゲームプレイデータのセーブには		
	{1d}L00000001KB以上の空き容量が必要です		
108	ネックタイプ：	MAP_D_CAD_00 108	
110	首の初期化	MAP_D_CAD_00 110	
			
111	ネックタイプ：	MAP_D_CAD_00 108	
115	大橋が	MAP_D_CAD_00 115	
	トラベルマップで使用可能になりました		
116	下区：商業区が	MAP_D_CAD_00 116	
	トラベルマップで使用可能になりました		
117	下区：ランカー居住区が	MAP_D_CAD_00 117	
	トラベルマップで使用可能になりました		
118	下区：闘技場前が	MAP_D_CAD_00 118	
	トラベルマップで使用可能になりました		
119	タイロン租界が	MAP_D_CAD_00 119	
	トラベルマップで使用可能になりました		
120	バザルタ出張所前が	MAP_D_CAD_00 120	
	トラベルマップで使用可能になりました		
121	上区：噴水広場前が	MAP_D_CAD_00 121	
	トラベルマップで使用可能になりました		
122	バザルタ本部前が	MAP_D_CAD_00 122	
	トラベルマップで使用可能になりました		
123	フラグ・フィールド：	MAP_D_CAD_00 123	
125	フラグ・フィールド：	MAP_D_CAD_00 123	
127	ガンドアが	MAP_D_CAD_00 127	
	トラベルマップで使用可能になりました		
128	カンタレラが	MAP_D_CAD_00 128	
	トラベルマップで使用可能になりました		
129	トーロ荒地が	MAP_D_CAD_00 129	
	トラベルマップで使用可能になりました		
130	リブラ森林が	MAP_D_CAD_00 130	
	トラベルマップで使用可能になりました		
131	マイヤールの森が	MAP_D_CAD_00 131	
	トラベルマップで使用可能になりました		
132	ベリエ街道が	MAP_D_CAD_00 132	
	トラベルマップで使用可能になりました		
133	ドネイ回廊が	MAP_D_CAD_00 133	
	トラベルマップで使用可能になりました		
134	ウィルゴー砂漠が	MAP_D_CAD_00 134	
	トラベルマップで使用可能になりました		
135	カドモール水源が	MAP_D_CAD_00 135	
	トラベルマップで使用可能になりました		
136	カルキノス荒地が	MAP_D_CAD_00 136	
	トラベルマップで使用可能になりました		
137	ラ・キット遺跡が	MAP_D_CAD_00 137	
	トラベルマップで使用可能になりました		
138	レオン峡谷が	MAP_D_CAD_00 138	
	トラベルマップで使用可能になりました		
139	ソダー回廊が	MAP_D_CAD_00 139	
	トラベルマップで使用可能になりました		
140	ニシュラ氷河が	MAP_D_CAD_00 140	
	トラベルマップで使用可能になりました		
141	いにしえの回廊が	MAP_D_CAD_00 141	
	トラベルマップで使用可能になりました		
142	フィッシェ街道が	MAP_D_CAD_00 142	
	トラベルマップで使用可能になりました		
143	レゾナール海岸が	MAP_D_CAD_00 143	
	トラベルマップで使用可能になりました		
144	ケイロニア高原が	MAP_D_CAD_00 144	
	トラベルマップで使用可能になりました		
145	ケイロニア砦が	MAP_D_CAD_00 145	
	トラベルマップで使用可能になりました		
146	サルバトーレ離宮が	MAP_D_CAD_00 146	
	トラベルマップで使用可能になりました		
147	リストにないよ？	MAP_D_CAD_00 147	
			
148	_case:	MAP_D_CAD_00 148	
151	「討伐修練【低位１】」の	MAP_D_CAD_00 151	
	クリア条件を満たした！		
152	「討伐修練【低位２】」の	MAP_D_CAD_00 152	
	クリア条件を満たした！		
153	「討伐修練【低位３】」の	MAP_D_CAD_00 153	
	クリア条件を満たした！		
154	「討伐修練【低位４】」の	MAP_D_CAD_00 154	
	クリア条件を満たした！		
155	「討伐修練【低位５】」の	MAP_D_CAD_00 155	
	クリア条件を満たした！		
156	「討伐修練【中位１】」の	MAP_D_CAD_00 156	
	クリア条件を満たした！		
157	「討伐修練【中位２】」の	MAP_D_CAD_00 157	
	クリア条件を満たした！		
158	「討伐修練【高位１】」の	MAP_D_CAD_00 158	
	クリア条件を満たした！		
159	「討伐修練【高位２】」の	MAP_D_CAD_00 159	
	クリア条件を満たした！		
160	「薬草探しの代理人」の	MAP_D_CAD_00 160	
	クリア条件を満たした！		
161	「新商品開発の手伝い」の	MAP_D_CAD_00 161	
	クリア条件を満たした！		
162	「蒼の指環を求めて」の	MAP_D_CAD_00 162	
	クリア条件を満たした！		
163	「雪中の贈り物」の	MAP_D_CAD_00 163	
	クリア条件を満たした！		
164	「加護あることを祈って」の	MAP_D_CAD_00 164	
	クリア条件を満たした！		
165	「追想の白い花」の	MAP_D_CAD_00 165	
	クリア条件を満たした！		
166	「来れ、好運の使者！」の	MAP_D_CAD_00 166	
	クリア条件を満たした！		
167	「武術指南のお願い」の	MAP_D_CAD_00 167	
	クリア条件を満たした！		
168	「行方不明の従業員」の	MAP_D_CAD_00 168	
	クリア条件を満たした！		
169	「スキルチップ収集中」の	MAP_D_CAD_00 169	
	クリア条件を満たした！		
170	「盗難品の行方は」の	MAP_D_CAD_00 170	
	クリア条件を満たした！		
171	「資料集めのアシスタント」の	MAP_D_CAD_00 171	
	クリア条件を満たした！		
172	「河畔の生態系調査」の	MAP_D_CAD_00 172	
	クリア条件を満たした！		
173	「新人官吏を捕獲せよ」の	MAP_D_CAD_00 173	
	クリア条件を満たした！		
174	「黒い積荷の回収」の	MAP_D_CAD_00 174	
	クリア条件を満たした！		
175	「悪徳商売を抑止せよ」の	MAP_D_CAD_00 175	
	クリア条件を満たした！		
176	「新人ランカー襲撃事件」の	MAP_D_CAD_00 176	
	クリア条件を満たした！		
177	「優しい猛者、募集中」の	MAP_D_CAD_00 177	
	クリア条件を満たした！		
178	「異郷からきた尋ね人」の	MAP_D_CAD_00 178	
	クリア条件を満たした！		
179	「勇壮なる護衛の依頼」の	MAP_D_CAD_00 179	
	クリア条件を満たした！		
180	「赫の指環を求めて」の	MAP_D_CAD_00 180	
	クリア条件を満たした！		
181	「闘技場の害獣駆除」の	MAP_D_CAD_00 181	
	クリア条件を満たした！		
182	「回覧板配達人」の	MAP_D_CAD_00 182	
	クリア条件を満たした！		
183	「討伐修練【緊急】」の	MAP_D_CAD_00 183	
	クリア条件を満たした！		
184	「鉱物資源の収集【緊急】」の	MAP_D_CAD_00 184	
	クリア条件を満たした！		
185	「タリー石を探せ」の	MAP_D_CAD_00 185	
	クリア条件を満たした！		
186	「甘梅草を探せ」の	MAP_D_CAD_00 186	
	クリア条件を満たした！		
187	「衛兵の剣の没収」の	MAP_D_CAD_00 187	
	クリア条件を満たした！		
188	「衛兵の剣の返却」の	MAP_D_CAD_00 188	
	クリア条件を満たした！		
189	「森のイビノス駆除【重大】」の	MAP_D_CAD_00 189	
	クリア条件を満たした！		
190	「回廊のイビノス駆除【重大】」の	MAP_D_CAD_00 190	
	クリア条件を満たした！		
191	「七騎士認定修練【重大】」の	MAP_D_CAD_00 191	
	クリア条件を満たした！		
192	ガンドアが	MAP_D_CAD_00 192	
	トラベルマップで通行可能になりました		
193	ガンドアが	MAP_D_CAD_00 193	
	トラベルマップで通行不能になりました		
194	カンタレラが	MAP_D_CAD_00 194	
	トラベルマップで通行可能になりました		
195	カンタレラが	MAP_D_CAD_00 195	
	トラベルマップで通行不能になりました		
196	トーロ荒地が	MAP_D_CAD_00 196	
	トラベルマップで通行可能になりました		
197	トーロ荒地が	MAP_D_CAD_00 197	
	トラベルマップで通行不能になりました		
198	リブラ森林が	MAP_D_CAD_00 198	
	トラベルマップで通行可能になりました		
199	リブラ森林が	MAP_D_CAD_00 199	
	トラベルマップで通行不能になりました		
200	マイヤールの森が	MAP_D_CAD_00 200	
	トラベルマップで通行可能になりました		
201	マイヤールの森が	MAP_D_CAD_00 201	
	トラベルマップで通行不能になりました		
202	ベリエ街道が	MAP_D_CAD_00 202	
	トラベルマップで通行可能になりました		
203	ベリエ街道が	MAP_D_CAD_00 203	
	トラベルマップで通行不能になりました		
204	ドネイ回廊が	MAP_D_CAD_00 204	
	トラベルマップで通行可能になりました		
205	ドネイ回廊が	MAP_D_CAD_00 205	
	トラベルマップで通行不能になりました		
206	ウィルゴー砂漠が	MAP_D_CAD_00 206	
	トラベルマップで通行可能になりました		
207	ウィルゴー砂漠が	MAP_D_CAD_00 207	
	トラベルマップで通行不能になりました		
208	カドモール水源が	MAP_D_CAD_00 208	
	トラベルマップで通行可能になりました		
209	カドモール水源が	MAP_D_CAD_00 209	
	トラベルマップで通行不能になりました		
210	カルキノス荒地が	MAP_D_CAD_00 210	
	トラベルマップで通行可能になりました		
211	カルキノス荒地が	MAP_D_CAD_00 211	
	トラベルマップで通行不能になりました		
212	ラ・キット遺跡が	MAP_D_CAD_00 212	
	トラベルマップで通行可能になりました		
213	ラ・キット遺跡が	MAP_D_CAD_00 213	
	トラベルマップで通行不能になりました		
214	レオン峡谷が	MAP_D_CAD_00 214	
	トラベルマップで通行可能になりました		
215	レオン峡谷が	MAP_D_CAD_00 215	
	トラベルマップで通行不能になりました		
216	ソダー回廊が	MAP_D_CAD_00 216	
	トラベルマップで通行可能になりました		
217	ソダー回廊が	MAP_D_CAD_00 217	
	トラベルマップで通行不能になりました		
218	ニシュラ氷河が	MAP_D_CAD_00 218	
	トラベルマップで通行可能になりました		
219	ニシュラ氷河が	MAP_D_CAD_00 219	
	トラベルマップで通行不能になりました		
220	いにしえの回廊が	MAP_D_CAD_00 220	
	トラベルマップで通行可能になりました		
221	いにしえの回廊が	MAP_D_CAD_00 221	
	トラベルマップで通行不能になりました		
222	フィッシェ街道が	MAP_D_CAD_00 222	
	トラベルマップで通行可能になりました		
223	フィッシェ街道が	MAP_D_CAD_00 223	
	トラベルマップで通行不能になりました		
224	レゾナール海岸が	MAP_D_CAD_00 224	
	トラベルマップで通行可能になりました		
225	レゾナール海岸が	MAP_D_CAD_00 225	
	トラベルマップで通行不能になりました		
226	ケイロニア高原が	MAP_D_CAD_00 226	
	トラベルマップで通行可能になりました		
227	ケイロニア高原が	MAP_D_CAD_00 227	
	トラベルマップで通行不能になりました		
228	ケイロニア砦が	MAP_D_CAD_00 228	
	トラベルマップで通行可能になりました		
229	ケイロニア砦が	MAP_D_CAD_00 229	
	トラベルマップで通行不能になりました		
230	サルバトーレ離宮が	MAP_D_CAD_00 230	
	トラベルマップで通行可能になりました		
231	サルバトーレ離宮が	MAP_D_CAD_00 231	
	トラベルマップで通行不能になりました		
232	リストにないよ？	MAP_D_CAD_00 147	
			
234	■■■きてる？■■■	MAP_D_DNE_00 234	
			
236	マキス	MAP_D_CAD_00 1258	
241	func00_C_EVENT_START1	MAP_D_CAD_00 233	
242	func00_C_EVENT_START2	MAP_D_CAD_00 238	
245	ジグ…	MAP_D_CAD_00 875	
250	残念だけど、ハースは	MAP_D_DNE_00 250	
	いないかもね		X
	また病気が		
	はじまったらしい		
255	どこか悪いのか？	MAP_D_DNE_00 255	
260	いや…	MAP_D_DNE_00 260	
	ハースは時々、こうして		
	任務を放棄するんだよ		X
	本当ならこのあたりの		
	イビノス排除はハースの		
	役目なのにね		
268	どういうことだ？	MAP_D_CAN_04 650	
274	さあね…	MAP_D_DNE_00 274	
	七騎士が考えることなんて		
	わたしにはサッパリ		X
	気まぐれか…		
	あきっぽいのか…		X
	七騎士の連中は本当に		
	わけがわからないんだ		
280	ここだけの話だよ、これ	MAP_D_DNE_00 280	
282	func00_C_EVENT_END1	MAP_D_CAD_00 372	
283	func00_C_EVENT_END2	MAP_D_CAD_00 377	
284	func00_E_EVENT_START1	MAP_D_CAD_00 415	
285	func00_E_EVENT_START2	MAP_D_CAD_00 417	
287	あら？	MAP_D_CAD_00 501	
289	あなたはレン様と同期の	MAP_D_DNE_00 289	
	ナントカさんよね		
291	この修練もレン様が	MAP_D_DNE_00 291	
	いただくわよ！		
292	func00_E_EVENT_END1	MAP_D_CAD_00 424	
293	func00_E_EVENT_END2	MAP_D_CAD_00 425	
294	func00_C_EVENT_START1	MAP_D_CAD_00 233	
298	func00_C_EVENT_START2	MAP_D_CAD_00 238	
302	ハーッ！	MAP_D_DNE_00 302	
304	■■■エフェクト置きます■■■	MAP_D_DNE_00 304	
			
312	また会いましたね	MAP_D_DNE_00 312	
315	…らしいな	MAP_D_DNE_00 315	
	でも、今日は負けない		
319	相手は、わたしじゃなくて	MAP_D_DNE_00 319	
	イビノスですよ		
322	func00_C_EVENT_END1	MAP_D_CAD_00 372	
324	func00_C_EVENT_END2	MAP_D_CAD_00 377	
325	func00_C_EVENT_START1	MAP_D_CAD_00 233	
329	func00_C_EVENT_START2	MAP_D_CAD_00 238	
332	今日は縁がありますね	MAP_D_DNE_00 332	
342	せっかくだから	MAP_D_DNE_00 342	
	一緒に戦いましょうか？		
347	ボスはおれがやる	MAP_D_DNE_00 347	
351	それはどうかしら	MAP_D_DNE_00 351	
354	func00_BATTLE_EVENT	MAP_D_CAD_00 457	
355	func00_C_EVENT_END1	MAP_D_CAD_00 372	
358	func00_C_EVENT_END2	MAP_D_CAD_00 377	
359	func00_BATTLE_EVENT	MAP_D_CAD_00 457	
360	func00_B_EVENT_START1	MAP_D_CAD_00 459	
371	func00_B_EVENT_START2	MAP_D_CAD_00 465	
372	ふう	MAP_D_DNE_00 372	
373	まだいるぞ	MAP_D_DNE_00 373	
374	わかっています！	MAP_D_DNE_00 374	
384	ほら、やれ！	MAP_D_DNE_00 384	
385	強さを見せてくれ	MAP_D_DNE_00 385	
390	修練は見せ物じゃありません！	MAP_D_DNE_00 390	
391	そりゃ失礼	MAP_D_DNE_00 391	
393	さあ、ここは危険ですよ	MAP_D_DNE_00 393	
394	あっちへ行ってください！	MAP_D_DNE_00 394	
421	func00_B_EVENT_END1	MAP_D_CAD_00 522	
430	func00_B_EVENT_END2	MAP_D_CAD_00 527	
431	func00_C_EVENT_START1	MAP_D_CAD_00 233	
438	func00_C_EVENT_START2	MAP_D_CAD_00 238	
441	ジグさん、強いですねえ	MAP_D_DNE_00 441	
447	でも、ボスは	MAP_D_DNE_00 447	
	わたしがもらいます		
450	ふたりともダメな	MAP_D_DNE_00 450	
461	さっきからなんですか！？	MAP_D_DNE_00 461	
	あなたは誰です？		
466	おれは…希望を失って	MAP_D_DNE_00 466	
	旅立ちを決意した男な		
472	つまり、逃げ出す	MAP_D_DNE_00 472	
	わけですね		
479	逃げ出すのは他の連中だ	MAP_D_DNE_00 479	X
	おれにはもう		
	戦うべき相手がいない		
485	もしかして…	MAP_D_DNE_00 485	
	あんた、ハースなのか！？		
491	えっ？	MAP_D_DNE_00 491	
	ランキング１位の？		
496	待ってください！	MAP_D_DNE_00 496	
500	行けと言ったり	MAP_D_DNE_00 500	
	待てと言ったり…		
504	申し訳ありません	MAP_D_DNE_00 504	
512	なんの用だ？	MAP_D_DNE_00 512	
	おれより強い奴を		
	知っているのか？		
514	いいえ	MAP_D_DNE_00 514	
	でも、お話があります		
516	手短に	MAP_D_DNE_00 516	
521	たとえ戦う相手を	MAP_D_DNE_00 521	
	失ったとしても		
	あなたは七騎士です		X
	七騎士には		
	世界を治めるという		
	義務があるはずです		
527	おっと…説教か？	MAP_D_DNE_00 527	X
	おまえ、こんな女と		
	よく、つるんでるのな		
533	いや…	MAP_D_CAD_00 826	
540	まあ、どうでもいい	MAP_D_DNE_00 540	
	おれは強くなること以外		
	興味がないのな		X
	が、強さをきわめたら		
	自分の強さを計ることも		
	できない…		X
	つまり、シアワセを		
	感じることが		
	できなくなった		X
	おれは世界一不幸な男な		X
	そんなおれに義務だの		
	なんだの…無粋な女だ		
550	がっかりです	MAP_D_DNE_00 550	X
	ランキング１位が		
	あんな人だったとは…		
554	あの境地に	MAP_D_DNE_00 554	
	達してみたいけどな		
560	間違っています	MAP_D_DNE_00 560	X
	強さは目的を		
	達成するための		
	手段にすぎません		
568	もし、仮に、ジグさんが	MAP_D_DNE_00 568	
	ランキングの１位に		
	なったら…		X
	その後は		
	どうするつもりですか？		X
	あなたの強さは		
	どこへ向かうのですか？		X
	あの人のように		
	フラフラするんですか？		X
	正しい目的を持たないから		
	ああなってしまうんです！		
576	不愉快です	MAP_D_DNE_00 576	X
	早くボスを倒して		
	終わりにしましょう		
578	func00_C_EVENT_END1	MAP_D_CAD_00 372	
580	func00_C_EVENT_END2	MAP_D_CAD_00 377	
581	func00_C_EVENT_START1	MAP_D_CAD_00 233	
585	func00_C_EVENT_START2	MAP_D_CAD_00 238	
592	ボスです！	MAP_D_DNE_00 592	
	わたしが倒します！		
598	func00_BATTLE_EVENT	MAP_D_CAD_00 457	
599	func00_C_EVENT_END1	MAP_D_CAD_00 372	
600	func00_C_EVENT_END2	MAP_D_CAD_00 377	
601	func00_C_EVENT_START1	MAP_D_CAD_00 233	
607	func00_C_EVENT_START2	MAP_D_CAD_00 238	
610	く…	MAP_D_DNE_00 610	
615	おれの番だな	MAP_D_DNE_00 615	
617	func00_BATTLE_EVENT	MAP_D_CAD_00 457	
618	func00_C_EVENT_END1	MAP_D_CAD_00 372	
619	func00_C_EVENT_END2	MAP_D_CAD_00 377	
620	func00_C_EVENT_START1	MAP_D_CAD_00 233	
627	func00_C_EVENT_START2	MAP_D_CAD_00 238	
629	ちがう…	MAP_D_DNE_00 629	
	これはボスじゃない		
633	ジグさん、気をつけて	MAP_D_DNE_00 633	
	イビノスが来ています		
640	ああ、かわいそうに！	MAP_D_DNE_00 640	
644	おねえちゃんと	MAP_D_DNE_00 644	
	おにいちゃんが		
	死んじまう！		
649	ジグさん、また変な人が…	MAP_D_DNE_00 649	
652	変な奴だけど	MAP_D_DNE_00 652	
	言ってることは正しい		
657	この状況、どうにか	MAP_D_DNE_00 657	
	しなくては…		
660	func00_BATTLE_EVENT	MAP_D_CAD_00 457	
661	func00_C_EVENT_END1	MAP_D_CAD_00 372	
662	func00_C_EVENT_END2	MAP_D_CAD_00 377	
664	func00_B_EVENT_START1	MAP_D_CAD_00 459	
677	func00_B_EVENT_START2	MAP_D_CAD_00 465	
682	退路もふさがれて	MAP_D_DNE_00 682	
	しまいましたね		
686	切りひらくさ	MAP_D_DNE_00 686	
687	もちろんです	MAP_D_DNE_00 687	
694	無理じゃねえのかなぁ…	MAP_D_DNE_00 694	
699	どうだ	MAP_D_DNE_00 699	
700	おにいちゃん、おねえちゃん	MAP_D_DNE_00 700	
701	おまえら、なかなか	MAP_D_DNE_00 701	
	腕が立つようだ		
702	おれっちの手下になれば	MAP_D_DNE_00 702	
	手をかしてやるぞ？		
703	断ります！	MAP_D_DNE_00 703	
706	ああ、ジグ！	MAP_D_DNE_00 706	
707	大ピンチじゃないか！	MAP_D_DNE_00 707	
708	なんだてめえ…	MAP_D_DNE_00 708	
709	ジグ、悪いことは言わないから	MAP_D_DNE_00 709	
716	タイロンさんに従うんだ	MAP_D_DNE_00 716	
717	手下になろう	MAP_D_DNE_00 717	
718	タイロン！？	MAP_D_DNE_00 718	
719	タイロンさん、だ	MAP_D_DNE_00 719	
720	タイロンさん、失礼をお許し下さい！	MAP_D_DNE_00 720	
721	あなたの噂は聞いています	MAP_D_DNE_00 721	
724	あなたと仲間たちは	MAP_D_DNE_00 724	
	力を悪用してやりたい放題		
725	町の嫌われ者集団の	MAP_D_DNE_00 725	
	タイロン一家		
728	そんな集団に入るなど	MAP_D_DNE_00 728	
729	わたしにはできません	MAP_D_DNE_00 729	
731	うわ…	MAP_D_DNE_00 731	
732	面倒くせえ女	MAP_D_DNE_00 732	
737	またそれですか！	MAP_D_DNE_00 737	
738	よく言われるってか？	MAP_D_DNE_00 738	
741	ちげえねえや	MAP_D_DNE_00 741	
747	失せろ、	MAP_D_DNE_00 747	
748	バケモノども！	MAP_D_DNE_00 748	
758	わたしは助けなど	MAP_D_DNE_00 758	
	望みませんでしたからね		
759	いや、	MAP_D_DNE_00 759	
760	近くで顔を見たくてよ	MAP_D_DNE_00 760	
762	思った通り	MAP_D_DNE_00 762	
763	可愛げのない{17}02	MAP_D_DNE_00 763	
767	無礼です！	MAP_D_DNE_00 767	
770	おまえ、	MAP_D_DNE_00 770	
771	この女の…	MAP_D_DNE_00 771	
774	…いや、	MAP_D_DNE_00 774	
775	ただの知り合いだ	MAP_D_DNE_00 775	
776	だよなあ？	MAP_D_DNE_00 776	
780	さーて、帰るぞ！	MAP_D_DNE_00 780	
783	ああ	MAP_D_CAN_00 336	
784	ボスはおれっちが倒しておいた	MAP_D_DNE_00 784	
785	さっすがぁ！	MAP_D_DNE_00 785	
786	ジグ、調子を合わせて	MAP_D_DNE_00 786	
788	タイロンはランキング８位	MAP_D_DNE_00 788	
789	学べることは多いよ、きっと	MAP_D_DNE_00 789	
791	…かもな	MAP_D_CAD_00 310	
792	func00_B_EVENT_END1	MAP_D_CAD_00 522	
808	func00_B_EVENT_END2	MAP_D_CAD_00 527	
809	【修練失敗】	MAP_D_DNE_00 809	
	{13}07重大修練「回廊のイビノス駆除」は		
	タイロンによって達成された		
	参加中のランカーは速やかに解散すべし{13}00		
811	修練「討伐修練【中位１】」	MAP_D_DNE_00 811	
	に参加しますか？		
812	参加する	MAP_D_CAD_00 919	
813	参加しない	MAP_D_CAD_00 920	
818	了解した	MAP_D_DNE_00 818	
	さっそく修練の		
	内容説明にうつろう		
820	ドネイ回廊に再び	MAP_D_DNE_00 820	
	イビノスが出現した		
822	それも前より手強いらしい	MAP_D_DNE_00 822	
	奥に巣でもあるのか…		
	実に由々しき事態だな		
824	…そういうわけで	MAP_D_DNE_00 824	
	ドネイ回廊に行き		
	イビノスを討伐してくれ		
828	では、頼んだ	MAP_D_CAD_04 644	
830	func00_E_EVENT_END1	MAP_D_CAD_00 424	
832	func00_E_EVENT_END2	MAP_D_CAD_00 425	
835	うむ…	MAP_D_CAD_04 651	
	参加はまだ受け付けている		
	やる気になったら来い		
837	func00_E_EVENT_END1	MAP_D_CAD_00 424	
838	func00_E_EVENT_END2	MAP_D_CAD_00 425	
839	func00_E_EVENT_START1	MAP_D_CAD_00 415	
843	func00_E_EVENT_START2	MAP_D_CAD_00 417	
846	カンタレラのジグか…	MAP_D_DNE_00 846	X
	悪いが、わたしは		
	おまえを信用していない		X
	アンチの疑いがある上に		
	急激なランクアップをして		
	実に怪しいと思っている		
849	…………	MAP_D_CAD_00 242	
852	例えば…そうだな	MAP_D_DNE_00 852	
	ランカーを５０人ほど		
	倒していたならば		X
	相応の実力があると		
	認めようではないか		
857	それならもう	MAP_D_DNE_00 857	
	倒しているはずだ		
861	ランカーを５０人以上	MAP_D_DNE_00 861	
	倒してきたぞ		
865	本当か？	MAP_D_DNE_00 865	
	ランカー手帳を		
	見せてみろ		
870	……ふむ	MAP_D_DNE_00 870	
	嘘ではないようだな		
875	出自はともかく	MAP_D_DNE_00 875	
	実力に関しては、わたしの		
	悪い思い込みだったようだ		X
	非礼をわびよう		
879	…ああ	MAP_D_CAN_04 784	
881	授与【中位・高位修練参加許可】	MAP_D_DNE_00 881	
	{13}07{1d}G00000011位　ジグ		
	機構の掟の元、汝が然るべき力を得たとみなし		
	戦侯機構バザルタより上記権利を授与する{13}00		
884	では、改めて	MAP_D_DNE_00 884	
	中位・高位向け修練の		
	説明をする		X
	修練による		
	ランクアップの方式は		
	１００００位を境に変わる		X
	今までの報奨ランクは		
	自分のランクに		
	加算する方式だったが		X
	これからは		
	特定のランクを		
	与えられるようになる		
888	なるほど…	MAP_D_DNE_00 888	
892	現在告知されているのは	MAP_D_DNE_00 892	
	【中位１】の討伐修練だ		
	…参加するかね？		
896	どんな修練だ？	MAP_D_CAD_00 912	
900	ドネイ回廊での	MAP_D_DNE_00 900	
	イビノス討伐だな		
905	ランカーを５０人ほど	MAP_D_DNE_00 905	
	倒していたならば		
	実力があると認めよう		
907	func00_E_EVENT_END1	MAP_D_CAD_00 424	
908	func00_E_EVENT_END2	MAP_D_CAD_00 425	
911	うむ、よくきたな	MAP_D_CAD_04 605	
	中位・上位ランカー向け		
	討伐修練の受付だ		
913	現在告知されているのは	MAP_D_DNE_00 913	
	【中位１】の討伐修練だ		
	参加するか？		
917	func00_E_EVENT_START1	MAP_D_CAD_00 415	
919	func00_E_EVENT_START2	MAP_D_CAD_00 417	
921	こいつらを全部倒せば	MAP_D_DNE_00 921	
	いいんだよな		
922	func00_E_EVENT_END1	MAP_D_CAD_00 424	
923	func00_E_EVENT_END2	MAP_D_CAD_00 425	
924	func00_E_EVENT_START1	MAP_D_CAD_00 415	
926	func00_E_EVENT_START2	MAP_D_CAD_00 417	
928	ふう…今のが最後か？	MAP_D_DNE_00 928	
	…もう出てくるなよ		
930	func00_E_EVENT_END1	MAP_D_CAD_00 424	
931	func00_E_EVENT_END2	MAP_D_CAD_00 425	
933	func00_E_EVENT_START1	MAP_D_CAD_00 415	
935	func00_E_EVENT_START2	MAP_D_CAD_00 417	
937	func00_E_EVENT_END1	MAP_D_CAD_00 424	
938	func00_E_EVENT_END2	MAP_D_CAD_00 425	
939	func00_E_EVENT_START1	MAP_D_CAD_00 415	
941	func00_E_EVENT_START2	MAP_D_CAD_00 417	
944	func00_E_EVENT_END1	MAP_D_CAD_00 424	
945	func00_E_EVENT_END2	MAP_D_CAD_00 425	
947	func00_E_EVENT_START1	MAP_D_CAD_00 415	
949	func00_E_EVENT_START2	MAP_D_CAD_00 417	
951	func00_E_EVENT_END1	MAP_D_CAD_00 424	
952	func00_E_EVENT_END2	MAP_D_CAD_00 425	
953	func00_E_EVENT_START1	MAP_D_CAD_00 415	
955	func00_E_EVENT_START2	MAP_D_CAD_00 417	
958	func00_E_EVENT_END1	MAP_D_CAD_00 424	
959	func00_E_EVENT_END2	MAP_D_CAD_00 425	
961	func00_E_EVENT_START1	MAP_D_CAD_00 415	
963	func00_E_EVENT_START2	MAP_D_CAD_00 417	
965	func00_E_EVENT_END1	MAP_D_CAD_00 424	
966	func00_E_EVENT_END2	MAP_D_CAD_00 425	
967	func00_E_EVENT_START1	MAP_D_CAD_00 415	
969	func00_E_EVENT_START2	MAP_D_CAD_00 417	
972	func00_E_EVENT_END1	MAP_D_CAD_00 424	
973	func00_E_EVENT_END2	MAP_D_CAD_00 425	
974	func00_E_EVENT_START1	MAP_D_CAD_00 415	
975	func00_E_EVENT_START2	MAP_D_CAD_00 417	
976	func00_E_EVENT_END1	MAP_D_CAD_00 424	
977	func00_E_EVENT_END2	MAP_D_CAD_00 425	
978	func00_E_EVENT_START1	MAP_D_CAD_00 415	
984	func00_E_EVENT_START2	MAP_D_CAD_00 417	
988	今の男…	MAP_D_DNE_00 988	
	１０００位以内だったな		
992	func00_E_EVENT_END1	MAP_D_CAD_00 424	
993	func00_E_EVENT_END2	MAP_D_CAD_00 425	
994	func00_E_EVENT_START1	MAP_D_CAD_00 415	
998	func00_E_EVENT_START2	MAP_D_CAD_00 417	
1001	うむ、よくきたな	MAP_D_CAD_04 605	
	中位・上位ランカー向け		
	討伐修練の受付だ		
1003	…ふむ？	MAP_D_DNE_00 1003	
	修練を達成したようだな		
1005	では、報奨を渡そう	MAP_D_DNE_00 1005	
	よくやってくれた		
1010	これからは	MAP_D_DNE_00 1010	
	頼りにさせてもらうぞ		
1012	func00_E_EVENT_END1	MAP_D_CAD_00 424	
1014	func00_E_EVENT_END2	MAP_D_CAD_00 425	
1015	シーン初期化	MAP_D_CAD_00 1232	
			
1016	オブジェクト配置	MAP_D_CAD_00 1233	
			
1017	オブジェクトトラップ配置	MAP_D_CAD_00 1235	
			
1018	マップチェンジトラップ配置	MAP_D_CAD_00 1236	
			
1031	ＮＰＣ配置	MAP_D_CAD_00 1248	
			
1036	マキス	MAP_D_CAD_00 1258	
1040	タイロン一家の根城は		
	ガンドアの闘技場前から		
	行けるはずだよ		X
	まずはそこへ行こう		
	…もちろん		
	わたしも一緒に行くよ		
1042	{14}02A6を返してもらいますか？	MAP_D_CAD_00 1299	
1043	はい	MAP_D_CAD_00 432	
1044	いいえ	MAP_D_CAD_00 433	
1049	ああ、わかったよ	MAP_D_CAD_00 1306	
1051	{14}02A6を返してもらった	MAP_D_CAD_00 1308	
1054	どうしたんだい？	MAP_D_CAD_00 1311	
1056	{14}02A6を持っていません	MAP_D_CAD_00 1313	
1060	{14}02A6を渡しますか？	MAP_D_CAD_00 1317	
1065	おお…	MAP_D_CAD_00 1322	
	うれしいよ、ジグ！		
	ありがとう！		
1067	{14}02A6を渡した	MAP_D_CAD_00 1324	
1071	イベントトラップ配置	MAP_D_CAD_00 1413	
			
1077	イビノスボス？		
			
1079	レンＶＳイビノス		
			
1081	俺の番だな		
			
1083	ＶＳイビノス	MAP_D_DNE_02 854	
			
1085	タイロン登場		
			
1087	ＶＳイビノス２	MAP_D_DNE_02 857	
			
1089	タイロンさん！		
			
1112	func00_C_EVENT_START1	MAP_D_CAD_00 233	
1116	func00_C_EVENT_START2	MAP_D_CAD_00 238	
1118	さあ、ここは危険ですよ		
	あっちへ行ってください！		
1121	さあ、ここは危険ですよ	MAP_D_DNE_03 1118	
	あっちへ行ってください！		
1124	さあ、ここは危険ですよ	MAP_D_DNE_03 1118	
	あっちへ行ってください！		
1127	さあ、ここは危険ですよ	MAP_D_DNE_03 1118	
	あっちへ行ってください！		
1130	さあ、ここは危険ですよ	MAP_D_DNE_03 1118	
	あっちへ行ってください！		
1133	さあ、ここは危険ですよ	MAP_D_DNE_03 1118	
	あっちへ行ってください！		
1137	さあ、ここは危険ですよ	MAP_D_DNE_03 1118	
	あっちへ行ってください！		
1141	さあ、ここは危険ですよ	MAP_D_DNE_03 1118	
	あっちへ行ってください！		
1145	さあ、ここは危険ですよ	MAP_D_DNE_03 1118	
	あっちへ行ってください！		
1153	OBJ_MKS	MAP_D_CAN_00 1062	
