0	■■■ func00_DEBUG_SIGN ■■■	MAP_D_CAD_00 0	
			
1	！！！エラー検出用サブルーチンを通りました！！！	MAP_D_CAD_00 1	
			
2	イビノスシンボル配置しない。フラグ：	MAP_D_CAD_00 2	
4	イビノスシンボル配置する。フラグ：	MAP_D_CAD_00 4	
7	ランカーファイル情報更新	MAP_D_CAD_00 7	
			
8	->旧:	MAP_D_CAD_00 8	
9	 追加:	MAP_D_CAD_00 9	
10	 結果:	MAP_D_CAD_00 10	
12	ランク:	MAP_D_CAD_00 12	
15	ランカー戦勝利・戻り値：	MAP_D_CAD_00 15	
17	ランキング戦を申し込みますか？	MAP_D_CAD_00 17	
18	申し込む	MAP_D_CAD_00 18	
19	やめておく	MAP_D_CAD_00 19	
22	イビノスシンボル倒した。フラグON：	MAP_D_CAD_00 22	
25	イビノス戦：イベント終了？	MAP_D_CAD_00 25	
			
26	スクリプト：未知のモーションタイプが指定されました	MAP_D_CAD_00 26	
			
33	***振り向き判定ＰＣ***	MAP_D_CAD_00 33	
			
34	現在:cmn_r0:	MAP_D_CAD_00 34	
36	目標:cmn_r1:	MAP_D_CAD_00 36	
38	差分:cmn_r2:	MAP_D_CAD_00 38	
40	差分＾２:cmn_r3:	MAP_D_CAD_00 40	
42	閾値＾２:cmn_r4:	MAP_D_CAD_00 42	
44	->pc振り向きません	MAP_D_CAD_00 44	
			
45	->pc振り向きます	MAP_D_CAD_00 45	
			
47	***振り向き判定***	MAP_D_CAD_00 47	
			
48	現在:cmn_r0:	MAP_D_CAD_00 34	
50	目標:cmn_r1:	MAP_D_CAD_00 36	
52	差分:cmn_r2:	MAP_D_CAD_00 38	
54	差分＾２:cmn_r3:	MAP_D_CAD_00 40	
56	閾値＾２:cmn_r4:	MAP_D_CAD_00 42	
58	->npc振り向きません	MAP_D_CAD_00 58	
			
59	->npc振り向きます	MAP_D_CAD_00 59	
			
63	ロード待ち開始	MAP_D_CAD_00 63	
			
64	ロード待ち終了	MAP_D_CAD_00 64	
			
65	{15}0C{14}L00000000を	MAP_D_CAD_00 65	
	手に入れた		
66	{15}0E{14}L00000000を	MAP_D_CAD_00 66	
	手に入れた		
67	{15}0F{14}L00000000を	MAP_D_CAD_00 67	
	手に入れた		
68	{15}0D{14}L00000000を	MAP_D_CAD_00 68	
	手に入れた		
69	{15}10{14}L00000000を	MAP_D_CAD_00 69	
	手に入れた		
70	{15}12{14}L00000000を	MAP_D_CAD_00 70	
	手に入れた		
71	{15}11{14}L00000000を	MAP_D_CAD_00 71	
	手に入れた		
72	{15}13{14}L00000000を{1d}L00000001個	MAP_D_CAD_00 72	
	手に入れた		
73	{15}14{14}L00000000を{1d}L00000001個	MAP_D_CAD_00 73	
	手に入れた		
74	{15}14{14}L00000000を	MAP_D_CAD_00 74	
	手に入れた		
75	{15}1B{14}L00000000を	MAP_D_CAD_00 75	
	手に入れた		
76	{14}L00000000を	MAP_D_CAD_00 76	
	手に入れた		
77	{1d}L00000000Ｂを手に入れた	MAP_D_CAD_00 77	
			
78	num_calc：	MAP_D_CAD_00 78	
80	{15}0C{14}L00000000を	MAP_D_CAD_00 80	
	手渡した		
81	{15}0E{14}L00000000を	MAP_D_CAD_00 81	
	手渡した		
82	{15}0F{14}L00000000を	MAP_D_CAD_00 82	
	手渡した		
83	{15}0D{14}L00000000を	MAP_D_CAD_00 83	
	手渡した		
84	{15}10{14}L00000000を	MAP_D_CAD_00 84	
	手渡した		
85	{15}12{14}L00000000を	MAP_D_CAD_00 85	
	手渡した		
86	{15}11{14}L00000000を	MAP_D_CAD_00 86	
	手渡した		
87	{15}13{14}L00000000を{1d}L00000001個	MAP_D_CAD_00 87	
	手渡した		
88	{15}14{14}L00000000を{1d}L00000001個	MAP_D_CAD_00 88	
	手渡した		
89	{15}14{14}L00000000を	MAP_D_CAD_00 89	
	手渡した		
90	{15}1B{14}L00000000を	MAP_D_CAD_00 90	
	手渡した		
91	{14}L00000000を	MAP_D_CAD_00 91	
	手渡した		
			
92	■■ret0■■：	MAP_D_CAD_00 92	
96	■■ret■■：	MAP_D_CAD_00 96	
98	cmn_option:	MAP_D_CAD_00 98	
106	セーブポイント	MAP_D_CAD_00 106	
107	データ削除ユーティリティを起動します	MAP_D_CAD_00 107	
	ゲームプレイデータのセーブには		
	{1d}L00000001KB以上の空き容量が必要です		
108	ネックタイプ：	MAP_D_CAD_00 108	
110	首の初期化	MAP_D_CAD_00 110	
			
111	ネックタイプ：	MAP_D_CAD_00 108	
115	大橋が	MAP_D_CAD_00 115	
	トラベルマップで使用可能になりました		
116	下区：商業区が	MAP_D_CAD_00 116	
	トラベルマップで使用可能になりました		
117	下区：ランカー居住区が	MAP_D_CAD_00 117	
	トラベルマップで使用可能になりました		
118	下区：闘技場前が	MAP_D_CAD_00 118	
	トラベルマップで使用可能になりました		
119	タイロン租界が	MAP_D_CAD_00 119	
	トラベルマップで使用可能になりました		
120	バザルタ出張所前が	MAP_D_CAD_00 120	
	トラベルマップで使用可能になりました		
121	上区：噴水広場前が	MAP_D_CAD_00 121	
	トラベルマップで使用可能になりました		
122	バザルタ本部前が	MAP_D_CAD_00 122	
	トラベルマップで使用可能になりました		
123	フラグ・フィールド：	MAP_D_CAD_00 123	
125	フラグ・フィールド：	MAP_D_CAD_00 123	
127	ガンドアが	MAP_D_CAD_00 127	
	トラベルマップで使用可能になりました		
128	カンタレラが	MAP_D_CAD_00 128	
	トラベルマップで使用可能になりました		
129	トーロ荒地が	MAP_D_CAD_00 129	
	トラベルマップで使用可能になりました		
130	リブラ森林が	MAP_D_CAD_00 130	
	トラベルマップで使用可能になりました		
131	マイヤールの森が	MAP_D_CAD_00 131	
	トラベルマップで使用可能になりました		
132	ベリエ街道が	MAP_D_CAD_00 132	
	トラベルマップで使用可能になりました		
133	ドネイ回廊が	MAP_D_CAD_00 133	
	トラベルマップで使用可能になりました		
134	ウィルゴー砂漠が	MAP_D_CAD_00 134	
	トラベルマップで使用可能になりました		
135	カドモール水源が	MAP_D_CAD_00 135	
	トラベルマップで使用可能になりました		
136	カルキノス荒地が	MAP_D_CAD_00 136	
	トラベルマップで使用可能になりました		
137	ラ・キット遺跡が	MAP_D_CAD_00 137	
	トラベルマップで使用可能になりました		
138	レオン峡谷が	MAP_D_CAD_00 138	
	トラベルマップで使用可能になりました		
139	ソダー回廊が	MAP_D_CAD_00 139	
	トラベルマップで使用可能になりました		
140	ニシュラ氷河が	MAP_D_CAD_00 140	
	トラベルマップで使用可能になりました		
141	いにしえの回廊が	MAP_D_CAD_00 141	
	トラベルマップで使用可能になりました		
142	フィッシェ街道が	MAP_D_CAD_00 142	
	トラベルマップで使用可能になりました		
143	レゾナール海岸が	MAP_D_CAD_00 143	
	トラベルマップで使用可能になりました		
144	ケイロニア高原が	MAP_D_CAD_00 144	
	トラベルマップで使用可能になりました		
145	ケイロニア砦が	MAP_D_CAD_00 145	
	トラベルマップで使用可能になりました		
146	サルバトーレ離宮が	MAP_D_CAD_00 146	
	トラベルマップで使用可能になりました		
147	リストにないよ？	MAP_D_CAD_00 147	
			
148	_case:	MAP_D_CAD_00 148	
151	「討伐修練【低位１】」の	MAP_D_CAD_00 151	
	クリア条件を満たした！		
152	「討伐修練【低位２】」の	MAP_D_CAD_00 152	
	クリア条件を満たした！		
153	「討伐修練【低位３】」の	MAP_D_CAD_00 153	
	クリア条件を満たした！		
154	「討伐修練【低位４】」の	MAP_D_CAD_00 154	
	クリア条件を満たした！		
155	「討伐修練【低位５】」の	MAP_D_CAD_00 155	
	クリア条件を満たした！		
156	「討伐修練【中位１】」の	MAP_D_CAD_00 156	
	クリア条件を満たした！		
157	「討伐修練【中位２】」の	MAP_D_CAD_00 157	
	クリア条件を満たした！		
158	「討伐修練【高位１】」の	MAP_D_CAD_00 158	
	クリア条件を満たした！		
159	「討伐修練【高位２】」の	MAP_D_CAD_00 159	
	クリア条件を満たした！		
160	「薬草探しの代理人」の	MAP_D_CAD_00 160	
	クリア条件を満たした！		
161	「新商品開発の手伝い」の	MAP_D_CAD_00 161	
	クリア条件を満たした！		
162	「蒼の指環を求めて」の	MAP_D_CAD_00 162	
	クリア条件を満たした！		
163	「雪中の贈り物」の	MAP_D_CAD_00 163	
	クリア条件を満たした！		
164	「加護あることを祈って」の	MAP_D_CAD_00 164	
	クリア条件を満たした！		
165	「追想の白い花」の	MAP_D_CAD_00 165	
	クリア条件を満たした！		
166	「来れ、好運の使者！」の	MAP_D_CAD_00 166	
	クリア条件を満たした！		
167	「武術指南のお願い」の	MAP_D_CAD_00 167	
	クリア条件を満たした！		
168	「行方不明の従業員」の	MAP_D_CAD_00 168	
	クリア条件を満たした！		
169	「スキルチップ収集中」の	MAP_D_CAD_00 169	
	クリア条件を満たした！		
170	「盗難品の行方は」の	MAP_D_CAD_00 170	
	クリア条件を満たした！		
171	「資料集めのアシスタント」の	MAP_D_CAD_00 171	
	クリア条件を満たした！		
172	「河畔の生態系調査」の	MAP_D_CAD_00 172	
	クリア条件を満たした！		
173	「新人官吏を捕獲せよ」の	MAP_D_CAD_00 173	
	クリア条件を満たした！		
174	「黒い積荷の回収」の	MAP_D_CAD_00 174	
	クリア条件を満たした！		
175	「悪徳商売を抑止せよ」の	MAP_D_CAD_00 175	
	クリア条件を満たした！		
176	「新人ランカー襲撃事件」の	MAP_D_CAD_00 176	
	クリア条件を満たした！		
177	「優しい猛者、募集中」の	MAP_D_CAD_00 177	
	クリア条件を満たした！		
178	「異郷からきた尋ね人」の	MAP_D_CAD_00 178	
	クリア条件を満たした！		
179	「勇壮なる護衛の依頼」の	MAP_D_CAD_00 179	
	クリア条件を満たした！		
180	「赫の指環を求めて」の	MAP_D_CAD_00 180	
	クリア条件を満たした！		
181	「闘技場の害獣駆除」の	MAP_D_CAD_00 181	
	クリア条件を満たした！		
182	「回覧板配達人」の	MAP_D_CAD_00 182	
	クリア条件を満たした！		
183	「討伐修練【緊急】」の	MAP_D_CAD_00 183	
	クリア条件を満たした！		
184	「鉱物資源の収集【緊急】」の	MAP_D_CAD_00 184	
	クリア条件を満たした！		
185	「タリー石を探せ」の	MAP_D_CAD_00 185	
	クリア条件を満たした！		
186	「甘梅草を探せ」の	MAP_D_CAD_00 186	
	クリア条件を満たした！		
187	「衛兵の剣の没収」の	MAP_D_CAD_00 187	
	クリア条件を満たした！		
188	「衛兵の剣の返却」の	MAP_D_CAD_00 188	
	クリア条件を満たした！		
189	「森のイビノス駆除【重大】」の	MAP_D_CAD_00 189	
	クリア条件を満たした！		
190	「回廊のイビノス駆除【重大】」の	MAP_D_CAD_00 190	
	クリア条件を満たした！		
191	「七騎士認定修練【重大】」の	MAP_D_CAD_00 191	
	クリア条件を満たした！		
192	ガンドアが	MAP_D_CAD_00 192	
	トラベルマップで通行可能になりました		
193	ガンドアが	MAP_D_CAD_00 193	
	トラベルマップで通行不能になりました		
194	カンタレラが	MAP_D_CAD_00 194	
	トラベルマップで通行可能になりました		
195	カンタレラが	MAP_D_CAD_00 195	
	トラベルマップで通行不能になりました		
196	トーロ荒地が	MAP_D_CAD_00 196	
	トラベルマップで通行可能になりました		
197	トーロ荒地が	MAP_D_CAD_00 197	
	トラベルマップで通行不能になりました		
198	リブラ森林が	MAP_D_CAD_00 198	
	トラベルマップで通行可能になりました		
199	リブラ森林が	MAP_D_CAD_00 199	
	トラベルマップで通行不能になりました		
200	マイヤールの森が	MAP_D_CAD_00 200	
	トラベルマップで通行可能になりました		
201	マイヤールの森が	MAP_D_CAD_00 201	
	トラベルマップで通行不能になりました		
202	ベリエ街道が	MAP_D_CAD_00 202	
	トラベルマップで通行可能になりました		
203	ベリエ街道が	MAP_D_CAD_00 203	
	トラベルマップで通行不能になりました		
204	ドネイ回廊が	MAP_D_CAD_00 204	
	トラベルマップで通行可能になりました		
205	ドネイ回廊が	MAP_D_CAD_00 205	
	トラベルマップで通行不能になりました		
206	ウィルゴー砂漠が	MAP_D_CAD_00 206	
	トラベルマップで通行可能になりました		
207	ウィルゴー砂漠が	MAP_D_CAD_00 207	
	トラベルマップで通行不能になりました		
208	カドモール水源が	MAP_D_CAD_00 208	
	トラベルマップで通行可能になりました		
209	カドモール水源が	MAP_D_CAD_00 209	
	トラベルマップで通行不能になりました		
210	カルキノス荒地が	MAP_D_CAD_00 210	
	トラベルマップで通行可能になりました		
211	カルキノス荒地が	MAP_D_CAD_00 211	
	トラベルマップで通行不能になりました		
212	ラ・キット遺跡が	MAP_D_CAD_00 212	
	トラベルマップで通行可能になりました		
213	ラ・キット遺跡が	MAP_D_CAD_00 213	
	トラベルマップで通行不能になりました		
214	レオン峡谷が	MAP_D_CAD_00 214	
	トラベルマップで通行可能になりました		
215	レオン峡谷が	MAP_D_CAD_00 215	
	トラベルマップで通行不能になりました		
216	ソダー回廊が	MAP_D_CAD_00 216	
	トラベルマップで通行可能になりました		
217	ソダー回廊が	MAP_D_CAD_00 217	
	トラベルマップで通行不能になりました		
218	ニシュラ氷河が	MAP_D_CAD_00 218	
	トラベルマップで通行可能になりました		
219	ニシュラ氷河が	MAP_D_CAD_00 219	
	トラベルマップで通行不能になりました		
220	いにしえの回廊が	MAP_D_CAD_00 220	
	トラベルマップで通行可能になりました		
221	いにしえの回廊が	MAP_D_CAD_00 221	
	トラベルマップで通行不能になりました		
222	フィッシェ街道が	MAP_D_CAD_00 222	
	トラベルマップで通行可能になりました		
223	フィッシェ街道が	MAP_D_CAD_00 223	
	トラベルマップで通行不能になりました		
224	レゾナール海岸が	MAP_D_CAD_00 224	
	トラベルマップで通行可能になりました		
225	レゾナール海岸が	MAP_D_CAD_00 225	
	トラベルマップで通行不能になりました		
226	ケイロニア高原が	MAP_D_CAD_00 226	
	トラベルマップで通行可能になりました		
227	ケイロニア高原が	MAP_D_CAD_00 227	
	トラベルマップで通行不能になりました		
228	ケイロニア砦が	MAP_D_CAD_00 228	
	トラベルマップで通行可能になりました		
229	ケイロニア砦が	MAP_D_CAD_00 229	
	トラベルマップで通行不能になりました		
230	サルバトーレ離宮が	MAP_D_CAD_00 230	
	トラベルマップで通行可能になりました		
231	サルバトーレ離宮が	MAP_D_CAD_00 231	
	トラベルマップで通行不能になりました		
232	リストにないよ？	MAP_D_CAD_00 147	
			
237	func00_C_EVENT_START1	MAP_D_CAD_00 233	
240	func00_C_EVENT_START2	MAP_D_CAD_00 238	
243	あら、男なの？	MAP_D_DOU_00 243	
	戦うなら女がいいわ		
249	でもイゴリダは	MAP_D_DOU_00 249	
	ダメよ		X
	あの子の身体		
	もう傷だらけなんだから		
253	誰のせいで	MAP_D_DOU_00 253	
	そうなったんだ…		
260	そりゃ、わたしの	MAP_D_DOU_00 260	
	せいかもね		X
	でも、良いことだって		
	あったと思うわ		
264	いい服を着て	MAP_D_DOU_00 264	
	上等なものを食べて		
266	快適な暮らしをして	MAP_D_DOU_00 266	
	もちろん、付き合う		
	男たちも上物…		
268	何より、イゴリダは	MAP_D_DOU_00 268	
	わたしのおかげで		
	世界の過去を知った…		X
	人生に目的が		
	できたのよ		X
	良かったと思わない？		
272	本気で言ってるのか？	MAP_D_DOU_00 272	
278	本気か冗談か…	MAP_D_DOU_00 278	
	それは難しい質問ね…		X
	どっちにしても		
	真面目に語るような		
	ことでもないでしょ？		X
	娘ひとりの		
	人生なんて{17}02		
286	せっかちね…	MAP_D_DOU_00 286	
290	func00_C_EVENT_END1	MAP_D_CAD_00 372	
291	func00_C_EVENT_END2	MAP_D_CAD_00 377	
292	func00_C_EVENT_START1	MAP_D_CAD_00 233	
297	func00_C_EVENT_START2	MAP_D_CAD_00 238	
302	…思い…出し…た…	MAP_D_DOU_00 302	
	おまえは…いつぞやの…		
	イヌ…		X
	…許せない…		
	イヌの…分際で…		
307	ジグ、伏せて！	MAP_D_DOU_00 307	
314	ノーマ、こっちよ！	MAP_D_DOU_00 314	
316	キーシシシシ！	MAP_D_DOU_00 316	
324	キーシシ…	MAP_D_DOU_00 324	
329	ノーマ、こっち！	MAP_D_DOU_00 329	
331	キー…じ、時間が…	MAP_D_DOU_00 331	
338	あら、失礼！	MAP_D_DOU_00 338	
348	ほら、ノーマ！	MAP_D_DOU_00 348	
	そろそろ時間切れよ		
	誰に乗り移る？		
355	キ…キキ…	MAP_D_DOU_00 355	
360	イゴリダ！	MAP_D_DOU_00 360	
	何をするつもり！		
371	ほら、ノーマ！	MAP_D_DOU_00 371	
	もうおしまいよ！		
378	キキ…	MAP_D_DOU_00 378	
382	いや…いやよ…キキ…	MAP_D_DOU_00 382	
399	あー、すっきりした！	MAP_D_DOU_00 399	
	ありがとう、ジグ		
405	func00_C_EVENT_END1	MAP_D_CAD_00 372	
409	func00_C_EVENT_END2	MAP_D_CAD_00 377	
410	func00_C_EVENT_START1	MAP_D_CAD_00 233	
415	func00_C_EVENT_START2	MAP_D_CAD_00 238	
416	わははは！	MAP_D_DOU_00 416	
422	このドオウには途方もない金が	MAP_D_DOU_00 422	
	かかっているのだ！		
423	そんなドオウと戦う	MAP_D_DOU_00 423	
	気分はどうだ？		
424	光栄だろう？	MAP_D_DOU_00 424	
	感謝するがいい！		
427	func00_C_EVENT_END1	MAP_D_CAD_00 372	
428	func00_C_EVENT_END2	MAP_D_CAD_00 377	
429	func00_C_EVENT_START1	MAP_D_CAD_00 233	
433	func00_C_EVENT_START2	MAP_D_CAD_00 238	
442	待て！	MAP_D_DOU_00 442	
448	ひっ！	MAP_D_DOU_00 448	
452	な、なんのつもりだ！	MAP_D_DOU_00 452	
	ただのじじいを		
	討とうというのか！？		
456	誰がただのじじいだよ	MAP_D_DOU_00 456	
460	よくぞ言ってくれた	MAP_D_DOU_00 460	
466	実のところ、わしは	MAP_D_DOU_00 466	
	ただのじじいではなく		
	金持ちのじじいだ		X
	しかも、ケタちがいの		
	金持ちだ		
471	よし、こうしよう	MAP_D_DOU_00 471	X
	おまえに財産の		
	半分をやる！		X
	だから見逃せ		
482	七騎士の…	MAP_D_DOU_00 482	
484	なんだ？	MAP_D_DOU_00 484	
	七騎士の地位が		
	欲しいのか？		X
	そんなもの		
	くれてやるぞ		X
	わしは金さえあれば		
	シアワセだからな		
488	七騎士の誇りは	MAP_D_DOU_00 488	
	ないのか！		
491	ない！	MAP_D_DOU_00 491	
495	くっ…	MAP_D_CAD_00 535	
498	失望させるな！	MAP_D_DOU_00 498	
501	ひいっ！	MAP_D_DOU_00 501	
506	ジグさん、大変です	MAP_D_DOU_00 506	X
	ドオウが暴走を		
	始めました！		
513	おまえらのせいだぞ！	MAP_D_DOU_00 513	
518	このままでは砦に	MAP_D_DOU_00 518	
	ぶつかってしまいます！		
524	ひーーーっ！	MAP_D_DOU_00 524	
528	レン、ふせろ！	MAP_D_DOU_00 528	
529	func00_C_EVENT_END1	MAP_D_CAD_00 372	
530	func00_C_EVENT_END2	MAP_D_CAD_00 377	
531	func00_B_EVENT_START1	MAP_D_CAD_00 459	
536	func00_B_EVENT_START2	MAP_D_CAD_00 465	
537	おおおおーーーー！	MAP_D_DOU_00 537	
547	レン！	MAP_D_DOU_00 547	
551	func00_B_EVENT_END1	MAP_D_CAD_00 522	
555	func00_B_EVENT_END2	MAP_D_CAD_00 527	
556	func00_C_EVENT_START1	MAP_D_CAD_00 233	
562	func00_C_EVENT_START2	MAP_D_CAD_00 238	
565	ジグさん…	MAP_D_DOU_00 565	X
	犠牲が大きすぎます…		
571	ああ…	MAP_D_DOU_00 571	
576	でも、もうすぐだ	MAP_D_DOU_00 576	X
	こいつの暴走のおかげで		
	砦に入れるようになった		X
	おれは行くぞ		
582	func00_C_EVENT_END1	MAP_D_CAD_00 372	
584	func00_C_EVENT_END2	MAP_D_CAD_00 377	
589	func00_C_EVENT_START1	MAP_D_CAD_00 233	
596	func00_C_EVENT_START2	MAP_D_CAD_00 238	
599	ファズ！？	Faz!?	
606	ふん…	Hm...	X
	おれを殺しに	Have you come to kill me?	
	来たのか？		
619	ファズ…	Faz...	
621	チャンスだな	Now is your chance.	
623	おまえは…	Since...	X
	おまえはいつから	Since when have you become so obsessed with killing and death?	
	殺したり殺されたり…		X
	そんなことばかり	Is that all you think about these days?	
	考えるようになったんだ？		
625	…………	MAP_D_CAD_00 242	
629	この前、助けてくれと	Didn't you ask me to help you before?	
	言ったよな？		X
	本音だろ？	Isn't that what you really want?	X
	自分じゃどうにも	You're not in much of a position to help yourself, right?	
	ならないんだろ？		
633	おれはジグが憎い…	I hate Zig.	X
	ジグのせいですべてが	It's his fault that everything has gone to hell.	
	メチャクチャになった…		X
	そう思うと	Telling myself that gave me a little peace.	
	少しは楽だった…		X
	手を、見知らぬ相手の	I have so much blood on my hands.	
	血で汚す…		X
	その理由がほしかった…	I needed to rationalize that somehow.	X
	どんなに憎んでも…	I figured that even if you hated me for what I've done,	X
	ジグなら許して	you would forgive me in the end.	
	くれるような気がしていた		
638	なめられたもんだ	You've been through a lot.	
643	くっ！	Grrrr!	
645	…なあジグ	Zig,	X
	ミシーを助けてくれ	go save Missy.	X
	おまえたちの攻撃に	I tried to take advantage of the chaos from your attack to save her myself,	
	乗じてミシーを		
	取り返そうとしたが…		X
	ふん…このザマだ	but I ended up like this.	X
	こうしている間にも	While you're wasting time here, Missy is...	
	ミシーは…		
647	やっぱりミシーの	So you were doing all this for Missy's sake after all?	
	ためなんだな？		
649	ミシーは家族の宝物だ…	Missy is our family's treasure.	
650	func00_C_EVENT_END1	MAP_D_CAD_00 372	
651	func00_C_EVENT_END2	MAP_D_CAD_00 377	
652	func00_C_EVENT_START1	MAP_D_CAD_00 233	
656	func00_C_EVENT_START2	MAP_D_CAD_00 238	
658	くそっ	Damnit.	X
	こいつ、動かないぞ	It won't move an inch.	
665	急がないと…	If I don't hurry...	X
	おまえの裏切りを	If Yuri learns you've betrayed him, he'll—.	
	知っているのなら		
	ユーリはミシーを{17}02		
669	ユーリはミシーを	I don't think Yuri will kill Missy.	
	殺さないと思う		X
	ミシーはどうやら	It seems Missy isn't just a hostage.	
	ただの人質じゃない		
671	ユーリもミシーの力を	Does Yuri also need Missy's power?	
	必要としているのか？		X
	カンタレラの一族が	The power of Cantelera?	
	持つという力を？		
673	そんなものがあるのか？	Does such a thing actually exist?	
675	ふん…	Hm...	X
	おれたちは	That power is the reason we were trying to make you our ally.	
	それを求めて、おまえを		
	仲間にしようと……		
677	じゃあ、おれは	Well, I won't be of any use to you.	
	役立たずだ		
679	参ったな…	Then nothing can be done.	X
	待てよ？	Wait a minute... Maybe Missy.	
	もしかしてミシーなら…		
683	…わからない	I don't know.	X
	おれはただ妹を	All I want is to get my sister away from that man.	
	あの男から引き離したい		X
	あの男は…	That man...He's the embodiment of evil.	
	人の形をした		
	邪悪そのものだ		
690	くっ{17}02	Grrr...	
693	もういい！	Give it up already!	X
	ミシーを助けに	Go and save Missy!	
	行ってくれ！		
695	放っておけるか！	Once I get you out of here, we'll save her together!	
	一緒に行くぞ！		
706	さあ、ジグさん！	Let's do this, Zig!	
709	あ、ああ…	Y, yeah...	
713	１、２、３！	1, 2, 3!	
723	ありがとう、レン	Thanks, Ren.	
725	…………	MAP_D_CAD_00 242	
728	ファズ、立てるか？	Faz, can you stand?	
734	ありがとう…	Thanks...	
740	ジグさんに力を	I was only helping Zig.	
	貸しただけです		X
	あなたの礼など	I don't need your thanks.	
	いりません		X
	話は聞かせて	I overheard your conversation.	
	もらいました		X
	ミシーという人を	We're searching for someone named Missy, right?	
	探せばいいんですね？		
748	ああ	Yeah.	
752	じゃあ、後で	Well, I'll see you later, then.	
759	おれは…いつかあの子に	That girl is going to kill me one of these days.	
	殺されるんだろうな		
764	レンはそんな子じゃない	Ren isn't that kind of person.	
767	…………	MAP_D_CAD_00 242	
771	それより、今は	Shouldn't we be more concerned about Missy right now?	
	ミシーだろ？		
777	もちろんだ	Of course.	
779	func00_C_EVENT_END1	MAP_D_CAD_00 372	
784	func00_C_EVENT_END2	MAP_D_CAD_00 377	
785	func00_C_EVENT_START1	MAP_D_CAD_00 233	
791	func00_C_EVENT_START2	MAP_D_CAD_00 238	
793	カンタレラのジグ…	Zig of Cantelera...	
796	七騎士ロザ…	Rosa, you're a person of sound judgement .	
	あなたは分別のある人だ		
799	そうありたいと	I would like to think so.	
	思っています		
803	勝敗の行方は	Then I'm sure you're aware that your defeat is already at hand.	
	決まったようなものだろ？		
809	だとしても	Even so, I must fight to the end.	
	わたしは戦わねば		
	なりません		X
	これはアンチ撲滅のための	Many people have lost their lives	
	戦いなのです		X
	大勢の人々が	in this battle to exterminate the Anti.	
	命を落としています		X
	ここでわたしが	Wouldn't it be irresponsible for me to surrender here?	
	投降するわけには		
	いかないでしょう？		
812	…………	MAP_D_CAD_00 242	
815	アンチの目的は機構を	I've heard that the Anti's goal is to reform the Legion.	
	正すことだと聞いています		
819	だとしたら？	And if it is?	
824	思い上がりも	That is the height of conceit!	
	はなはだしい！		
827	func00_C_EVENT_END1	MAP_D_CAD_00 372	
828	func00_C_EVENT_END2	MAP_D_CAD_00 377	
829	func00_C_EVENT_START1	MAP_D_CAD_00 233	
838	func00_C_EVENT_START2	MAP_D_CAD_00 238	
840	認めません…	I won't accept this.	X
	わたしが負けるなど	There's no way I could lose.	
	認めるわけには…		
851	くっ…	Eh...	
858	ま、休んどけ	Get some rest.	
864	ジグっち！	Zig! You've really outdone yourself!	
	たいしたもんだ！		
869	ジグさん	Zig, we've defeated most of the enemy forces!	
	他もほぼ制圧です！		
873	さて、ユーリは	Where could Yuri be?	
	どこだろうね？		
876	探しましょう！	Let's find him!	
884	ミシーはどこだ？	Where's Missy?	
892	知っているじゃ	You don't know?	
	ありませんか		X
	ユーリが連れ回して	Yuri took her with him.	
	いますよ		X
	あの娘を見つけてから	It's because of that girl that Yuri	
	ユーリは…		X
	ますます邪悪に	has become so evil.	
	なってしまいましたね		
896	ミシーのせいだと	Are you saying that's Missy's fault!?	
	いうのか！？		
900	さあ…	Maybe.	
905	待てよ	Wait, who is this Missy person?	
	ミシーってのはたしか…		
912	おれの妹だ	She's my sister.	
918	おれもファズも知らない	Me and Faz don't know Cantelera's secret,	
	カンタレラの秘密…		X
	ミシーは知っている	but Missy might know something.	
	かもしれない		
921	ふん！	Well, where is she?	
	で、どこにいるって？		
925	おそらく	She's probably in Ghandoar.	
	ガンドアでしょうよ		X
	まだまだユーリの私兵が	Yuri has his own personal guard. She's likely in their custody.	
	大勢いますから		
929	ファズ、急ごう	Faz, let's hurry.	
933	ああ	Yeah.	
941	ふたりだけの	This isn't just your problem.	
	問題じゃないんだ		X
	みんなで行くよ	We're all going.	
946	ユーリ、ブっ倒しにな	Yuri is going down.	
951	決戦の場はガンドアね	The decisive battle will take place in Ghandoar.	X
	ここで終わら	It's too bad we couldn't end it here,	
	なかったのは		
	残念だけど…		X
	でも、きっと	but that's probably okay.	
	だいじょうぶ		
956	わたしたちには勢いが	We have what it takes to end this once and for all.	
	ありますからね		X
	さあ、ガンドアへ！	To Ghandoar!	
959	func00_C_EVENT_END1	MAP_D_CAD_00 372	
969	func00_C_EVENT_END2	MAP_D_CAD_00 377	
972	シーン初期化	MAP_D_CAD_00 1232	
			
973	オブジェクト配置	MAP_D_CAD_00 1233	
			
974	オブジェクトトラップ配置	MAP_D_CAD_00 1235	
			
975	マップチェンジトラップ配置	MAP_D_CAD_00 1236	
			
976	ＮＰＣ配置	MAP_D_CAD_00 1248	
			
977	イベントトラップ配置	MAP_D_CAD_00 1413	
			
988	ケイロニア砦到着		
