0	■■■ func00_DEBUG_SIGN ■■■	MAP_D_CAD_00 0	
			
1	！！！エラー検出用サブルーチンを通りました！！！	MAP_D_CAD_00 1	
			
2	イビノスシンボル配置しない。フラグ：	MAP_D_CAD_00 2	
4	イビノスシンボル配置する。フラグ：	MAP_D_CAD_00 4	
7	ランカーファイル情報更新	MAP_D_CAD_00 7	
			
8	->旧:	MAP_D_CAD_00 8	
9	 追加:	MAP_D_CAD_00 9	
10	 結果:	MAP_D_CAD_00 10	
12	ランク:	MAP_D_CAD_00 12	
15	ランカー戦勝利・戻り値：	MAP_D_CAD_00 15	
17	ランキング戦を申し込みますか？	MAP_D_CAD_00 17	
18	申し込む	MAP_D_CAD_00 18	
19	やめておく	MAP_D_CAD_00 19	
22	イビノスシンボル倒した。フラグON：	MAP_D_CAD_00 22	
25	イビノス戦：イベント終了？	MAP_D_CAD_00 25	
			
26	スクリプト：未知のモーションタイプが指定されました	MAP_D_CAD_00 26	
			
33	***振り向き判定ＰＣ***	MAP_D_CAD_00 33	
			
34	現在:cmn_r0:	MAP_D_CAD_00 34	
36	目標:cmn_r1:	MAP_D_CAD_00 36	
38	差分:cmn_r2:	MAP_D_CAD_00 38	
40	差分＾２:cmn_r3:	MAP_D_CAD_00 40	
42	閾値＾２:cmn_r4:	MAP_D_CAD_00 42	
44	->pc振り向きません	MAP_D_CAD_00 44	
			
45	->pc振り向きます	MAP_D_CAD_00 45	
			
47	***振り向き判定***	MAP_D_CAD_00 47	
			
48	現在:cmn_r0:	MAP_D_CAD_00 34	
50	目標:cmn_r1:	MAP_D_CAD_00 36	
52	差分:cmn_r2:	MAP_D_CAD_00 38	
54	差分＾２:cmn_r3:	MAP_D_CAD_00 40	
56	閾値＾２:cmn_r4:	MAP_D_CAD_00 42	
58	->npc振り向きません	MAP_D_CAD_00 58	
			
59	->npc振り向きます	MAP_D_CAD_00 59	
			
63	ロード待ち開始	MAP_D_CAD_00 63	
			
64	ロード待ち終了	MAP_D_CAD_00 64	
			
65	{15}0C{14}L00000000を	MAP_D_CAD_00 65	
	手に入れた		
66	{15}0E{14}L00000000を	MAP_D_CAD_00 66	
	手に入れた		
67	{15}0F{14}L00000000を	MAP_D_CAD_00 67	
	手に入れた		
68	{15}0D{14}L00000000を	MAP_D_CAD_00 68	
	手に入れた		
69	{15}10{14}L00000000を	MAP_D_CAD_00 69	
	手に入れた		
70	{15}12{14}L00000000を	MAP_D_CAD_00 70	
	手に入れた		
71	{15}11{14}L00000000を	MAP_D_CAD_00 71	
	手に入れた		
72	{15}13{14}L00000000を{1d}L00000001個	MAP_D_CAD_00 72	
	手に入れた		
73	{15}14{14}L00000000を{1d}L00000001個	MAP_D_CAD_00 73	
	手に入れた		
74	{15}14{14}L00000000を	MAP_D_CAD_00 74	
	手に入れた		
75	{15}1B{14}L00000000を	MAP_D_CAD_00 75	
	手に入れた		
76	{14}L00000000を	MAP_D_CAD_00 76	
	手に入れた		
77	{1d}L00000000Ｂを手に入れた	MAP_D_CAD_00 77	
			
78	num_calc：	MAP_D_CAD_00 78	
80	{15}0C{14}L00000000を	MAP_D_CAD_00 80	
	手渡した		
81	{15}0E{14}L00000000を	MAP_D_CAD_00 81	
	手渡した		
82	{15}0F{14}L00000000を	MAP_D_CAD_00 82	
	手渡した		
83	{15}0D{14}L00000000を	MAP_D_CAD_00 83	
	手渡した		
84	{15}10{14}L00000000を	MAP_D_CAD_00 84	
	手渡した		
85	{15}12{14}L00000000を	MAP_D_CAD_00 85	
	手渡した		
86	{15}11{14}L00000000を	MAP_D_CAD_00 86	
	手渡した		
87	{15}13{14}L00000000を{1d}L00000001個	MAP_D_CAD_00 87	
	手渡した		
88	{15}14{14}L00000000を{1d}L00000001個	MAP_D_CAD_00 88	
	手渡した		
89	{15}14{14}L00000000を	MAP_D_CAD_00 89	
	手渡した		
90	{15}1B{14}L00000000を	MAP_D_CAD_00 90	
	手渡した		
91	{14}L00000000を	MAP_D_CAD_00 91	
	手渡した		
			
92	■■ret0■■：	MAP_D_CAD_00 92	
96	■■ret■■：	MAP_D_CAD_00 96	
98	cmn_option:	MAP_D_CAD_00 98	
106	セーブポイント	MAP_D_CAD_00 106	
107	データ削除ユーティリティを起動します	MAP_D_CAD_00 107	
	ゲームプレイデータのセーブには		
	{1d}L00000001KB以上の空き容量が必要です		
108	ネックタイプ：	MAP_D_CAD_00 108	
110	首の初期化	MAP_D_CAD_00 110	
			
111	ネックタイプ：	MAP_D_CAD_00 108	
115	大橋が	MAP_D_CAD_00 115	
	トラベルマップで使用可能になりました		
116	下区：商業区が	MAP_D_CAD_00 116	
	トラベルマップで使用可能になりました		
117	下区：ランカー居住区が	MAP_D_CAD_00 117	
	トラベルマップで使用可能になりました		
118	下区：闘技場前が	MAP_D_CAD_00 118	
	トラベルマップで使用可能になりました		
119	タイロン租界が	MAP_D_CAD_00 119	
	トラベルマップで使用可能になりました		
120	バザルタ出張所前が	MAP_D_CAD_00 120	
	トラベルマップで使用可能になりました		
121	上区：噴水広場前が	MAP_D_CAD_00 121	
	トラベルマップで使用可能になりました		
122	バザルタ本部前が	MAP_D_CAD_00 122	
	トラベルマップで使用可能になりました		
123	フラグ・フィールド：	MAP_D_CAD_00 123	
125	フラグ・フィールド：	MAP_D_CAD_00 123	
127	ガンドアが	MAP_D_CAD_00 127	
	トラベルマップで使用可能になりました		
128	カンタレラが	MAP_D_CAD_00 128	
	トラベルマップで使用可能になりました		
129	トーロ荒地が	MAP_D_CAD_00 129	
	トラベルマップで使用可能になりました		
130	リブラ森林が	MAP_D_CAD_00 130	
	トラベルマップで使用可能になりました		
131	マイヤールの森が	MAP_D_CAD_00 131	
	トラベルマップで使用可能になりました		
132	ベリエ街道が	MAP_D_CAD_00 132	
	トラベルマップで使用可能になりました		
133	ドネイ回廊が	MAP_D_CAD_00 133	
	トラベルマップで使用可能になりました		
134	ウィルゴー砂漠が	MAP_D_CAD_00 134	
	トラベルマップで使用可能になりました		
135	カドモール水源が	MAP_D_CAD_00 135	
	トラベルマップで使用可能になりました		
136	カルキノス荒地が	MAP_D_CAD_00 136	
	トラベルマップで使用可能になりました		
137	ラ・キット遺跡が	MAP_D_CAD_00 137	
	トラベルマップで使用可能になりました		
138	レオン峡谷が	MAP_D_CAD_00 138	
	トラベルマップで使用可能になりました		
139	ソダー回廊が	MAP_D_CAD_00 139	
	トラベルマップで使用可能になりました		
140	ニシュラ氷河が	MAP_D_CAD_00 140	
	トラベルマップで使用可能になりました		
141	いにしえの回廊が	MAP_D_CAD_00 141	
	トラベルマップで使用可能になりました		
142	フィッシェ街道が	MAP_D_CAD_00 142	
	トラベルマップで使用可能になりました		
143	レゾナール海岸が	MAP_D_CAD_00 143	
	トラベルマップで使用可能になりました		
144	ケイロニア高原が	MAP_D_CAD_00 144	
	トラベルマップで使用可能になりました		
145	ケイロニア砦が	MAP_D_CAD_00 145	
	トラベルマップで使用可能になりました		
146	サルバトーレ離宮が	MAP_D_CAD_00 146	
	トラベルマップで使用可能になりました		
147	リストにないよ？	MAP_D_CAD_00 147	
			
148	_case:	MAP_D_CAD_00 148	
151	「討伐修練【低位１】」の	MAP_D_CAD_00 151	
	クリア条件を満たした！		
152	「討伐修練【低位２】」の	MAP_D_CAD_00 152	
	クリア条件を満たした！		
153	「討伐修練【低位３】」の	MAP_D_CAD_00 153	
	クリア条件を満たした！		
154	「討伐修練【低位４】」の	MAP_D_CAD_00 154	
	クリア条件を満たした！		
155	「討伐修練【低位５】」の	MAP_D_CAD_00 155	
	クリア条件を満たした！		
156	「討伐修練【中位１】」の	MAP_D_CAD_00 156	
	クリア条件を満たした！		
157	「討伐修練【中位２】」の	MAP_D_CAD_00 157	
	クリア条件を満たした！		
158	「討伐修練【高位１】」の	MAP_D_CAD_00 158	
	クリア条件を満たした！		
159	「討伐修練【高位２】」の	MAP_D_CAD_00 159	
	クリア条件を満たした！		
160	「薬草探しの代理人」の	MAP_D_CAD_00 160	
	クリア条件を満たした！		
161	「新商品開発の手伝い」の	MAP_D_CAD_00 161	
	クリア条件を満たした！		
162	「蒼の指環を求めて」の	MAP_D_CAD_00 162	
	クリア条件を満たした！		
163	「雪中の贈り物」の	MAP_D_CAD_00 163	
	クリア条件を満たした！		
164	「加護あることを祈って」の	MAP_D_CAD_00 164	
	クリア条件を満たした！		
165	「追想の白い花」の	MAP_D_CAD_00 165	
	クリア条件を満たした！		
166	「来れ、好運の使者！」の	MAP_D_CAD_00 166	
	クリア条件を満たした！		
167	「武術指南のお願い」の	MAP_D_CAD_00 167	
	クリア条件を満たした！		
168	「行方不明の従業員」の	MAP_D_CAD_00 168	
	クリア条件を満たした！		
169	「スキルチップ収集中」の	MAP_D_CAD_00 169	
	クリア条件を満たした！		
170	「盗難品の行方は」の	MAP_D_CAD_00 170	
	クリア条件を満たした！		
171	「資料集めのアシスタント」の	MAP_D_CAD_00 171	
	クリア条件を満たした！		
172	「河畔の生態系調査」の	MAP_D_CAD_00 172	
	クリア条件を満たした！		
173	「新人官吏を捕獲せよ」の	MAP_D_CAD_00 173	
	クリア条件を満たした！		
174	「黒い積荷の回収」の	MAP_D_CAD_00 174	
	クリア条件を満たした！		
175	「悪徳商売を抑止せよ」の	MAP_D_CAD_00 175	
	クリア条件を満たした！		
176	「新人ランカー襲撃事件」の	MAP_D_CAD_00 176	
	クリア条件を満たした！		
177	「優しい猛者、募集中」の	MAP_D_CAD_00 177	
	クリア条件を満たした！		
178	「異郷からきた尋ね人」の	MAP_D_CAD_00 178	
	クリア条件を満たした！		
179	「勇壮なる護衛の依頼」の	MAP_D_CAD_00 179	
	クリア条件を満たした！		
180	「赫の指環を求めて」の	MAP_D_CAD_00 180	
	クリア条件を満たした！		
181	「闘技場の害獣駆除」の	MAP_D_CAD_00 181	
	クリア条件を満たした！		
182	「回覧板配達人」の	MAP_D_CAD_00 182	
	クリア条件を満たした！		
183	「討伐修練【緊急】」の	MAP_D_CAD_00 183	
	クリア条件を満たした！		
184	「鉱物資源の収集【緊急】」の	MAP_D_CAD_00 184	
	クリア条件を満たした！		
185	「タリー石を探せ」の	MAP_D_CAD_00 185	
	クリア条件を満たした！		
186	「甘梅草を探せ」の	MAP_D_CAD_00 186	
	クリア条件を満たした！		
187	「衛兵の剣の没収」の	MAP_D_CAD_00 187	
	クリア条件を満たした！		
188	「衛兵の剣の返却」の	MAP_D_CAD_00 188	
	クリア条件を満たした！		
189	「森のイビノス駆除【重大】」の	MAP_D_CAD_00 189	
	クリア条件を満たした！		
190	「回廊のイビノス駆除【重大】」の	MAP_D_CAD_00 190	
	クリア条件を満たした！		
191	「七騎士認定修練【重大】」の	MAP_D_CAD_00 191	
	クリア条件を満たした！		
192	ガンドアが	MAP_D_CAD_00 192	
	トラベルマップで通行可能になりました		
193	ガンドアが	MAP_D_CAD_00 193	
	トラベルマップで通行不能になりました		
194	カンタレラが	MAP_D_CAD_00 194	
	トラベルマップで通行可能になりました		
195	カンタレラが	MAP_D_CAD_00 195	
	トラベルマップで通行不能になりました		
196	トーロ荒地が	MAP_D_CAD_00 196	
	トラベルマップで通行可能になりました		
197	トーロ荒地が	MAP_D_CAD_00 197	
	トラベルマップで通行不能になりました		
198	リブラ森林が	MAP_D_CAD_00 198	
	トラベルマップで通行可能になりました		
199	リブラ森林が	MAP_D_CAD_00 199	
	トラベルマップで通行不能になりました		
200	マイヤールの森が	MAP_D_CAD_00 200	
	トラベルマップで通行可能になりました		
201	マイヤールの森が	MAP_D_CAD_00 201	
	トラベルマップで通行不能になりました		
202	ベリエ街道が	MAP_D_CAD_00 202	
	トラベルマップで通行可能になりました		
203	ベリエ街道が	MAP_D_CAD_00 203	
	トラベルマップで通行不能になりました		
204	ドネイ回廊が	MAP_D_CAD_00 204	
	トラベルマップで通行可能になりました		
205	ドネイ回廊が	MAP_D_CAD_00 205	
	トラベルマップで通行不能になりました		
206	ウィルゴー砂漠が	MAP_D_CAD_00 206	
	トラベルマップで通行可能になりました		
207	ウィルゴー砂漠が	MAP_D_CAD_00 207	
	トラベルマップで通行不能になりました		
208	カドモール水源が	MAP_D_CAD_00 208	
	トラベルマップで通行可能になりました		
209	カドモール水源が	MAP_D_CAD_00 209	
	トラベルマップで通行不能になりました		
210	カルキノス荒地が	MAP_D_CAD_00 210	
	トラベルマップで通行可能になりました		
211	カルキノス荒地が	MAP_D_CAD_00 211	
	トラベルマップで通行不能になりました		
212	ラ・キット遺跡が	MAP_D_CAD_00 212	
	トラベルマップで通行可能になりました		
213	ラ・キット遺跡が	MAP_D_CAD_00 213	
	トラベルマップで通行不能になりました		
214	レオン峡谷が	MAP_D_CAD_00 214	
	トラベルマップで通行可能になりました		
215	レオン峡谷が	MAP_D_CAD_00 215	
	トラベルマップで通行不能になりました		
216	ソダー回廊が	MAP_D_CAD_00 216	
	トラベルマップで通行可能になりました		
217	ソダー回廊が	MAP_D_CAD_00 217	
	トラベルマップで通行不能になりました		
218	ニシュラ氷河が	MAP_D_CAD_00 218	
	トラベルマップで通行可能になりました		
219	ニシュラ氷河が	MAP_D_CAD_00 219	
	トラベルマップで通行不能になりました		
220	いにしえの回廊が	MAP_D_CAD_00 220	
	トラベルマップで通行可能になりました		
221	いにしえの回廊が	MAP_D_CAD_00 221	
	トラベルマップで通行不能になりました		
222	フィッシェ街道が	MAP_D_CAD_00 222	
	トラベルマップで通行可能になりました		
223	フィッシェ街道が	MAP_D_CAD_00 223	
	トラベルマップで通行不能になりました		
224	レゾナール海岸が	MAP_D_CAD_00 224	
	トラベルマップで通行可能になりました		
225	レゾナール海岸が	MAP_D_CAD_00 225	
	トラベルマップで通行不能になりました		
226	ケイロニア高原が	MAP_D_CAD_00 226	
	トラベルマップで通行可能になりました		
227	ケイロニア高原が	MAP_D_CAD_00 227	
	トラベルマップで通行不能になりました		
228	ケイロニア砦が	MAP_D_CAD_00 228	
	トラベルマップで通行可能になりました		
229	ケイロニア砦が	MAP_D_CAD_00 229	
	トラベルマップで通行不能になりました		
230	サルバトーレ離宮が	MAP_D_CAD_00 230	
	トラベルマップで通行可能になりました		
231	サルバトーレ離宮が	MAP_D_CAD_00 231	
	トラベルマップで通行不能になりました		
232	リストにないよ？	MAP_D_CAD_00 147	
			
237	func00_C_EVENT_START1	MAP_D_CAD_00 233	
244	func00_C_EVENT_START2	MAP_D_CAD_00 238	
247	ファズ！？	MAP_D_CAD_00 726	
254	ふん…	MAP_D_DOU_03 606	X
	おれを殺しに		
	来たのか？		
267	ファズ…	MAP_D_DOU_03 619	
269	チャンスだな	MAP_D_DOU_03 621	
271	おまえは…	MAP_D_DOU_03 623	X
	おまえはいつから		
	殺したり殺されたり…		X
	そんなことばかり		
	考えるようになったんだ？		
273	…………	MAP_D_CAD_00 242	
277	この前、助けてくれと	MAP_D_DOU_03 629	
	言ったよな？		X
	本音だろ？		X
	自分じゃどうにも		
	ならないんだろ？		
281	おれはジグが憎い…	MAP_D_DOU_03 633	X
	ジグのせいですべてが		
	メチャクチャになった…		X
	そう思うと		
	少しは楽だった…		X
	手を、見知らぬ相手の		
	血で汚す…		X
	その理由がほしかった…		X
	どんなに憎んでも…		X
	ジグなら許して		
	くれるような気がしていた		
286	なめられたもんだ	MAP_D_DOU_03 638	
291	くっ！	MAP_D_DOU_03 643	
293	…なあジグ	MAP_D_DOU_03 645	X
	ミシーを助けてくれ		X
	おまえたちの攻撃に		
	乗じてミシーを		
	取り返そうとしたが…		X
	ふん…このザマだ		X
	こうしている間にも		
	ミシーは…		
295	やっぱりミシーの	MAP_D_DOU_03 647	
	ためなんだな？		
297	ミシーは家族の宝物だ…	MAP_D_DOU_03 649	
298	func00_C_EVENT_END1	MAP_D_CAD_00 372	
299	func00_C_EVENT_END2	MAP_D_CAD_00 377	
300	func00_C_EVENT_START1	MAP_D_CAD_00 233	
304	func00_C_EVENT_START2	MAP_D_CAD_00 238	
306	くそっ	MAP_D_DOU_03 658	X
	こいつ、動かないぞ		
313	急がないと…	MAP_D_DOU_03 665	X
	おまえの裏切りを		
	知っているのなら		
	ユーリはミシーを{17}02		
317	ユーリはミシーを	MAP_D_DOU_03 669	
	殺さないと思う		X
	ミシーはどうやら		
	ただの人質じゃない		
319	ユーリもミシーの力を	MAP_D_DOU_03 671	
	必要としているのか？		X
	カンタレラの一族が		
	持つという力を？		
321	そんなものがあるのか？	MAP_D_DOU_03 673	
323	ふん…	MAP_D_DOU_03 675	X
	おれたちは		
	それを求めて、おまえを		
	仲間にしようと……		
325	じゃあ、おれは	MAP_D_DOU_03 677	
	役立たずだ		
327	参ったな…	MAP_D_DOU_03 679	X
	待てよ？		
	もしかしてミシーなら…		
331	…わからない	MAP_D_DOU_03 683	X
	おれはただ妹を		
	あの男から引き離したい		X
	あの男は…		
	人の形をした		
	邪悪そのものだ		
338	くっ{17}02	MAP_D_DOU_03 690	
341	もういい！	MAP_D_DOU_03 693	X
	ミシーを助けに		
	行ってくれ！		
343	放っておけるか！	MAP_D_DOU_03 695	
	一緒に行くぞ！		
354	さあ、ジグさん！	MAP_D_DOU_03 706	
357	あ、ああ…	MAP_D_DOU_03 709	
361	１、２、３！	MAP_D_DOU_03 713	
371	ありがとう、レン	MAP_D_DOU_03 723	
373	…………	MAP_D_CAD_00 242	
376	ファズ、立てるか？	MAP_D_DOU_03 728	
382	ありがとう…	MAP_D_DOU_03 734	
388	ジグさんに力を	MAP_D_DOU_03 740	
	貸しただけです		X
	あなたの礼など		
	いりません		X
	話は聞かせて		
	もらいました		X
	ミシーという人を		
	探せばいいんですね？		
396	ああ	MAP_D_CAN_00 336	
400	じゃあ、後で	MAP_D_DOU_03 752	
407	おれは…いつかあの子に	MAP_D_DOU_03 759	
	殺されるんだろうな		
412	レンはそんな子じゃない	MAP_D_DOU_03 764	
415	…………	MAP_D_CAD_00 242	
419	それより、今は	MAP_D_DOU_03 771	
	ミシーだろ？		
425	もちろんだ	MAP_D_DOU_03 777	
427	func00_C_EVENT_END1	MAP_D_CAD_00 372	
432	func00_C_EVENT_END2	MAP_D_CAD_00 377	
433	func00_C_EVENT_START1	MAP_D_CAD_00 233	
439	func00_C_EVENT_START2	MAP_D_CAD_00 238	
441	カンタレラのジグ…	MAP_D_DOU_03 793	
444	七騎士ロザ…	MAP_D_DOU_03 796	
	あなたは分別のある人だ		
447	そうありたいと	MAP_D_DOU_03 799	
	思っています		
451	勝敗の行方は	MAP_D_DOU_03 803	
	決まったようなものだろ？		
457	だとしても	MAP_D_DOU_03 809	
	わたしは戦わねば		
	なりません		X
	これはアンチ撲滅のための		
	戦いなのです		X
	大勢の人々が		
	命を落としています		X
	ここでわたしが		
	投降するわけには		
	いかないでしょう？		
460	…………	MAP_D_CAD_00 242	
463	アンチの目的は機構を	MAP_D_DOU_03 815	
	正すことだと聞いています		
467	だとしたら？	MAP_D_DOU_03 819	
472	思い上がりも	MAP_D_DOU_03 824	
	はなはだしい！		
475	func00_C_EVENT_END1	MAP_D_CAD_00 372	
476	func00_C_EVENT_END2	MAP_D_CAD_00 377	
477	func00_C_EVENT_START1	MAP_D_CAD_00 233	
486	func00_C_EVENT_START2	MAP_D_CAD_00 238	
488	認めません…	MAP_D_DOU_03 840	X
	わたしが負けるなど		
	認めるわけには…		
499	くっ…	MAP_D_CAD_00 535	
506	ま、休んどけ	MAP_D_DOU_03 858	
512	ジグっち！	MAP_D_DOU_03 864	
	たいしたもんだ！		
517	ジグさん	MAP_D_DOU_03 869	
	他もほぼ制圧です！		
521	さて、ユーリは	MAP_D_DOU_03 873	
	どこだろうね？		
524	探しましょう！	MAP_D_DOU_03 876	
532	ミシーはどこだ？	MAP_D_DOU_03 884	
540	知っているじゃ	MAP_D_DOU_03 892	
	ありませんか		X
	ユーリが連れ回して		
	いますよ		X
	あの娘を見つけてから		
	ユーリは…		X
	ますます邪悪に		
	なってしまいましたね		
544	ミシーのせいだと	MAP_D_DOU_03 896	
	いうのか！？		
548	さあ…	MAP_D_DOU_03 900	
553	待てよ	MAP_D_DOU_03 905	
	ミシーってのはたしか…		
560	おれの妹だ	MAP_D_DOU_03 912	
566	おれもファズも知らない	MAP_D_DOU_03 918	
	カンタレラの秘密…		X
	ミシーは知っている		
	かもしれない		
569	ふん！	MAP_D_DOU_03 921	
	で、どこにいるって？		
573	おそらく	MAP_D_DOU_03 925	
	ガンドアでしょうよ		X
	まだまだユーリの私兵が		
	大勢いますから		
577	ファズ、急ごう	MAP_D_DOU_03 929	
581	ああ	MAP_D_CAN_00 336	
589	ふたりだけの	MAP_D_DOU_03 941	
	問題じゃないんだ		X
	みんなで行くよ		
594	ユーリ、ブっ倒しにな	MAP_D_DOU_03 946	
599	決戦の場はガンドアね	MAP_D_DOU_03 951	X
	ここで終わら		
	なかったのは		
	残念だけど…		X
	でも、きっと		
	だいじょうぶ		
604	わたしたちには勢いが	MAP_D_DOU_03 956	
	ありますからね		X
	さあ、ガンドアへ！		
607	func00_C_EVENT_END1	MAP_D_CAD_00 372	
617	func00_C_EVENT_END2	MAP_D_CAD_00 377	
620	func00_E_EVENT_START1	MAP_D_CAD_00 415	
621	func00_E_EVENT_START2	MAP_D_CAD_00 417	
623	高位２の討伐修練は	MAP_D_HEI_02 236	
	ヒヴォット官吏が		
	担当している		
625	重大な件なのでな…	MAP_D_HEI_02 238	
	特別措置だ		
626	func00_E_EVENT_END1	MAP_D_CAD_00 424	
627	func00_E_EVENT_END2	MAP_D_CAD_00 425	
628	func00_E_EVENT_START1	MAP_D_CAD_00 415	
632	func00_E_EVENT_START2	MAP_D_CAD_00 417	
635	七騎士ジグ…	MAP_D_HEI_02 248	
	この事態について		
	多くは聞きますまい		
637	あなたは	MAP_D_HEI_02 250	
	すべきことがある		
639	それでも修練を	MAP_D_HEI_02 252	
	受けるとおっしゃるのか		
641	修練「討伐修練【高位２】」	MAP_D_HEI_02 254	
	に参加しますか？		
642	参加する	MAP_D_CAD_00 919	
643	参加しない	MAP_D_CAD_00 920	
648	わかりました	MAP_D_HEI_02 261	
	ご説明しましょう		
650	先刻より、各地で	MAP_D_HEI_02 263	
	強力なイビノスの出現が		
	確認されております		
652	姿形は変わらねど	MAP_D_HEI_02 265	
	今までとは比較にならない		
	強大な力のイビノス…		
654	ベリエ街道	MAP_D_HEI_02 267	
	ウィルゴー砂漠		
	フィッシェ街道		
656	サルバトーレ離宮	MAP_D_HEI_02 269	
	カルキノス荒地		
	ケイロニア砦		
658	以上６箇所で	MAP_D_HEI_02 271	
	強力なイビノスの存在が		
	報告されております		
660	この修練は	MAP_D_HEI_02 273	
	それらを討つ修練		
662	いや、もはや	MAP_D_HEI_02 275	
	修練という名では		
	ないのかもしれませぬ		
666	…お行きください	MAP_D_HEI_02 279	
	あなたに、ご武運を！！		
668	func00_E_EVENT_END1	MAP_D_CAD_00 424	
670	func00_E_EVENT_END2	MAP_D_CAD_00 425	
673	それでいい	MAP_D_HEI_02 286	
	あなたにはお役目が		
	あるのですから…		
675	func00_E_EVENT_END1	MAP_D_CAD_00 424	
676	func00_E_EVENT_END2	MAP_D_CAD_00 425	
677	func00_E_EVENT_START1	MAP_D_CAD_00 415	
680	func00_E_EVENT_START2	MAP_D_CAD_00 417	
682	これが真のイビノス…	MAP_D_HEI_02 295	
684	いくぞ！！！	MAP_D_HEI_02 297	
691	ジグにい！	MAP_D_HEI_02 304	
695	カイト！？	MAP_D_HEI_02 308	
704	他のイビノスは	MAP_D_HEI_02 317	
	わたしたちが		
	どうにかします！		
709	…やれるのか？	MAP_D_HEI_02 322	
713	もちろん	MAP_D_HEI_02 326	
	全然ダメだ！		
717	だから、助っ人を	MAP_D_HEI_02 330	
	たくさん呼んでくる！		
	数で勝負だ！		
722	噂が流れています	MAP_D_HEI_02 335	
	あなたが、この事態を		
	収拾してくれる人だと		
726	だから…	MAP_D_HEI_02 339	
	行ってください！		
729	ティナの父ちゃんが	MAP_D_HEI_02 342	
	珍しく勇気を		
	出してるんだ！		
731	だからおいしいとこ	MAP_D_HEI_02 344	
	譲ってやってくれよ！		
736	…わかった	MAP_D_HEI_02 349	
	無理はするなよ		
740	おう！	MAP_D_HEI_02 353	
	ジグにいもな！		
745	func00_E_EVENT_END1	MAP_D_CAD_00 424	
746	func00_E_EVENT_END2	MAP_D_CAD_00 425	
747	func00_E_EVENT_END1	MAP_D_CAD_00 424	
748	func00_E_EVENT_END2	MAP_D_CAD_00 425	
750	func00_E_EVENT_START1	MAP_D_CAD_00 415	
753	func00_E_EVENT_START2	MAP_D_CAD_00 417	
755	真のイビノスだな…	MAP_D_HEI_02 368	
757	いくぞ！！！	MAP_D_HEI_02 297	
763	どう？	MAP_D_HEI_02 376	
	苦戦してる？		
769	ケイトン！？	MAP_D_HEI_02 382	
	おまえどうして！？		
774	あなたの顔を	MAP_D_HEI_02 387	
	みにきたのよ		
783	でも、こんな場所に…	MAP_D_HEI_02 396	
	危ないだろ		
787	ええ、知ってる	MAP_D_HEI_02 400	
	だからもう帰るわ		
789	…ガンドアの	MAP_D_HEI_02 402	
	お金持ちに頼んで		
	私兵を手配しておいたの		
791	ふふ…お願いするときの	MAP_D_HEI_02 404	
	わたし、ノーマよりも		
	色っぽかったかも		
793	だからあなたは	MAP_D_HEI_02 406	
	もう行っちゃっていい		
	…それを言いにきただけ		
797	すまないな	MAP_D_HEI_02 410	
803	あら	MAP_D_HEI_02 416	
	しおらしいこと！		
807	あなたがいなくちゃ	MAP_D_HEI_02 420	
	大変なんだから		
	帰ってきてよね		
808	func00_E_EVENT_END1	MAP_D_CAD_00 424	
809	func00_E_EVENT_END2	MAP_D_CAD_00 425	
810	func00_E_EVENT_END1	MAP_D_CAD_00 424	
811	func00_E_EVENT_END2	MAP_D_CAD_00 425	
813	func00_E_EVENT_START1	MAP_D_CAD_00 415	
816	func00_E_EVENT_START2	MAP_D_CAD_00 417	
818	真のイビノスだな…	MAP_D_HEI_02 368	
820	いくぞ！！！	MAP_D_HEI_02 297	
827	よし…	MAP_D_HEI_02 440	
829	！？	MAP_D_HEI_02 442	
834	よし、じゃないだろ	MAP_D_HEI_02 447	
	ランキング１位が		
	それでどうするんだい		
838	ナタン…	MAP_D_HEI_02 451	
842	町中のレディが	MAP_D_HEI_02 455	
	イビノスに怯えてるよ		
846	まったく…	MAP_D_HEI_02 459	
	実に面倒だな、これは		
850	おれたちが	MAP_D_HEI_02 463	
	どうにかする		
854	ああ、そうらしいな	MAP_D_HEI_02 467	
856	…ならなおさら	MAP_D_HEI_02 469	
	こんなところで		
	油を売っているなよ		
858	行くんだ、ジグ	MAP_D_HEI_02 471	
	残党は引き受けた		
862	…いいのか？	MAP_D_HEI_02 475	
866	化け物相手なら	MAP_D_HEI_02 479	
	ランクも上がらないし		
868	おれの形相を	MAP_D_HEI_02 481	
	みている女性もいない		
870	なら…問題ないさ	MAP_D_HEI_02 483	
874	…まかせた	MAP_D_HEI_02 487	
879	func00_E_EVENT_END1	MAP_D_CAD_00 424	
880	func00_E_EVENT_END2	MAP_D_CAD_00 425	
881	func00_E_EVENT_END1	MAP_D_CAD_00 424	
882	func00_E_EVENT_END2	MAP_D_CAD_00 425	
884	func00_E_EVENT_START1	MAP_D_CAD_00 415	
887	func00_E_EVENT_START2	MAP_D_CAD_00 417	
889	真のイビノスだな…	MAP_D_HEI_02 368	
891	いくぞ！！！	MAP_D_HEI_02 297	
905	ちょっとジグさん	MAP_D_HEI_02 518	
	暴れすぎて建物を壊したら		
	怒りますよ？		
911	あんたたち…	MAP_D_HEI_02 524	
916	言ったでしょ？	MAP_D_HEI_02 529	
	ジグさんのピンチには		
	かけつける、って		
918	…でも、ピンチじゃ	MAP_D_HEI_02 531	
	なかったみたいですね		
	ちょっと残念！		
923	レンのことはいいのか？	MAP_D_HEI_02 536	
927	その言葉、そっくり	MAP_D_HEI_02 540	
	そのまま返しますよ！		
930	まったく…	MAP_D_HEI_02 543	
	レンさんを放り出して		
	修練だなんて…		
932	アイリスに	MAP_D_HEI_02 545	
	報告しちゃいますからね		
934	ジグさんが	MAP_D_HEI_02 547	
	職務放棄したーって！		
937	落ち着いたら	MAP_D_HEI_02 550	
	キツーーくお説教		
	しちゃいますからね！		
941	それは…嫌だな	MAP_D_HEI_02 554	
945	なら、行ってください	MAP_D_HEI_02 558	
947	もとよりここは	MAP_D_HEI_02 560	
	サルバトーレの離宮		
949	イビノスなんかに	MAP_D_HEI_02 562	
	荒させないんだから！		
959	func00_E_EVENT_END1	MAP_D_CAD_00 424	
960	func00_E_EVENT_END2	MAP_D_CAD_00 425	
961	func00_E_EVENT_END1	MAP_D_CAD_00 424	
962	func00_E_EVENT_END2	MAP_D_CAD_00 425	
964	func00_E_EVENT_START1	MAP_D_CAD_00 415	
967	func00_E_EVENT_START2	MAP_D_CAD_00 417	
969	真のイビノスだな…	MAP_D_HEI_02 368	
971	いくぞ！！！	MAP_D_HEI_02 297	
981	これでどうにか…	MAP_D_HEI_02 594	
983	ジグっちーーー！	MAP_D_HEI_02 596	
990	なにしてるんだ！？	MAP_D_HEI_02 603	
994	親方に怒られたんだ	MAP_D_HEI_02 607	
996	てめぇらがザコを	MAP_D_HEI_02 609	
	片しておかねぇから		
	ジグが寄り道すんだって		
1000	ってことで	MAP_D_HEI_02 613	
	バトンタッチだ		
1002	後はタイロン一家が	MAP_D_HEI_02 615	
	引き受けた！！		
1006	ピンスは？	MAP_D_HEI_02 619	
1015	既に大暴走だぜ？	MAP_D_HEI_02 628	
1020	…わかった	MAP_D_HEI_02 633	
	あとは任せたぞ		
1024	合点承知ぃ！	MAP_D_HEI_02 637	
1030	func00_E_EVENT_END1	MAP_D_CAD_00 424	
1031	func00_E_EVENT_END2	MAP_D_CAD_00 425	
1032	func00_E_EVENT_END1	MAP_D_CAD_00 424	
1033	func00_E_EVENT_END2	MAP_D_CAD_00 425	
1035	func00_E_EVENT_START1	MAP_D_CAD_00 415	
1038	func00_E_EVENT_START2	MAP_D_CAD_00 417	
1040	真のイビノスだな…	MAP_D_HEI_02 368	
1042	いくぞ！！！	MAP_D_HEI_02 297	
1049	さぁすが先輩	MAP_D_HEI_02 662	
	また勝負でもする？		
1052	ベイガー…！？	MAP_D_HEI_02 665	
1056	何、サボってんすか？	MAP_D_HEI_02 669	
1059	ここのイビノス討伐	MAP_D_HEI_02 672	
	ぶっちゃけおれだけで		
	じゅうぶんだしさ		
1062	おまえな…！	MAP_D_HEI_02 675	
1066	先輩さぁ、超美味しい	MAP_D_HEI_02 679	
	役目をもってるくせに		
	更にヒーロー気取り？		
1068	はっ、本当に	MAP_D_HEI_02 681	
	嫌な奴だよあんた		
1070	だからさぁ…	MAP_D_HEI_02 683	
	とっとといっちまえよ！		
1074	ベイガー…	MAP_D_HEI_02 687	
1078	終わった後に	MAP_D_HEI_02 691	
	褒め称えてほしいね！		
1080	できる後輩がいて助かった	MAP_D_HEI_02 693	
	ってさぁ！！		
1084	おまえが本当に	MAP_D_HEI_02 697	
	役に立ったらな		
1092	上等ぉぉ！	MAP_D_HEI_02 705	
1094	func00_E_EVENT_END1	MAP_D_CAD_00 424	
1095	func00_E_EVENT_END2	MAP_D_CAD_00 425	
1096	func00_E_EVENT_END1	MAP_D_CAD_00 424	
1097	func00_E_EVENT_END2	MAP_D_CAD_00 425	
1099	func00_E_EVENT_START1	MAP_D_CAD_00 415	
1100	func00_E_EVENT_START2	MAP_D_CAD_00 417	
1101	func00_E_EVENT_END1	MAP_D_CAD_00 424	
1102	func00_E_EVENT_END2	MAP_D_CAD_00 425	
1103	func00_E_EVENT_START1	MAP_D_CAD_00 415	
1107	func00_E_EVENT_START2	MAP_D_CAD_00 417	
1110	各所のイビノスを	MAP_D_HEI_02 723	
	倒しておいでかな？		
1114	ああ	MAP_D_CAN_00 336	
1116	おれだけの力じゃ	MAP_D_HEI_02 729	
	ないけどな		
1121	では、これを……	MAP_D_HEI_02 734	
1126	これで心置きなく	MAP_D_HEI_02 739	
	役目を果たせるでしょう		
1128	…七騎士ジグ	MAP_D_HEI_02 741	
	忘れないでほしい		
1130	今、あなたの背を	MAP_D_HEI_02 743	
	全ての民が		
	見送っていることを！		
1132	func00_E_EVENT_END1	MAP_D_CAD_00 424	
1134	func00_E_EVENT_END2	MAP_D_CAD_00 425	
1135	シーン初期化	MAP_D_CAD_00 1232	
			
1136	オブジェクト配置	MAP_D_CAD_00 1233	
			
1138	オブジェクトトラップ配置	MAP_D_CAD_00 1235	
			
1139	func00_E_EVENT_START1	MAP_D_CAD_00 415	
1141	func00_E_EVENT_START2	MAP_D_CAD_00 417	
1142	func00_E_EVENT_END1	MAP_D_CAD_00 424	
1144	func00_E_EVENT_END2	MAP_D_CAD_00 425	
1145	マップチェンジトラップ配置	MAP_D_CAD_00 1236	
			
1149	ＮＰＣ配置	MAP_D_CAD_00 1248	
			
1151	戦場の武器屋	Weapon Shop	
1153	戦場の防具屋	Armor Shop	
1157	アンチも機構も関係ないね	There's always profit to be made on the battlefield, whether it's from the Legion or the Anti!	
	戦いがありゃもうかる！		
	ささ、見ていってくれよ		
1159	武器がほしけりゃ	If you want weapons, feel free to stop by anytime!	
	またおいで！		
	勝ち負けは関係ないね！		
1161	死にたくなけりゃ	If you don't want to die, you need armor. I've got some good stuff here.	
	防具を買いな…		
	いい品、そろってるよ…		
1163	死なないように	Give it everything you've got if you don't want to die.	
	せいぜいがんばりな…		
1165	歴史を変えるって…		
	こういうことなんですね		
	わたし、忘れません…		
1167	ユーリはどこです？		
	ファズさんは？		
1169	{14}02A6を返してもらいますか？	MAP_D_CAD_00 1299	
1170	はい	MAP_D_CAD_00 432	
1171	いいえ	MAP_D_CAD_00 433	
1176	わかりました	MAP_D_CAD_01 665	
1178	{14}02A6を返してもらった	MAP_D_CAD_00 1308	
1181	どうかしましたか？	MAP_D_CAD_01 670	
1183	{14}02A6を持っていません	MAP_D_CAD_00 1313	
1187	{14}02A6を渡しますか？	MAP_D_CAD_00 1317	
1192	殿方の部屋の鍵なんて…	MAP_D_CAD_01 681	
	受け取るわけには		
	いきません		
1196	合鍵…	MAP_D_CAD_01 685	
	では、一応受け取って		
	おきますね		
1198	{14}02A6を渡した	MAP_D_CAD_00 1324	
1202	イベントトラップ配置	MAP_D_CAD_00 1413	
			
1214	ロケタイ	MAP_D_DOU_00 610	
			
1222	OBJ_NPC00	MAP_D_CAN_00 1060	
			
1224	OBJ_NPC01	MAP_D_CAN_01 562	
			
1226	OBJ_REN	MAP_D_CAN_00 1064	
