0	■■■ func00_DEBUG_SIGN ■■■	MAP_D_CAD_00 0	
			
1	！！！エラー検出用サブルーチンを通りました！！！	MAP_D_CAD_00 1	
			
2	イビノスシンボル配置しない。フラグ：	MAP_D_CAD_00 2	
4	イビノスシンボル配置する。フラグ：	MAP_D_CAD_00 4	
7	ランカーファイル情報更新	MAP_D_CAD_00 7	
			
8	->旧:	MAP_D_CAD_00 8	
9	 追加:	MAP_D_CAD_00 9	
10	 結果:	MAP_D_CAD_00 10	
12	ランク:	MAP_D_CAD_00 12	
15	ランカー戦勝利・戻り値：	MAP_D_CAD_00 15	
17	ランキング戦を申し込みますか？	MAP_D_CAD_00 17	
18	申し込む	MAP_D_CAD_00 18	
19	やめておく	MAP_D_CAD_00 19	
22	イビノスシンボル倒した。フラグON：	MAP_D_CAD_00 22	
25	イビノス戦：イベント終了？	MAP_D_CAD_00 25	
			
26	スクリプト：未知のモーションタイプが指定されました	MAP_D_CAD_00 26	
			
33	***振り向き判定ＰＣ***	MAP_D_CAD_00 33	
			
34	現在:cmn_r0:	MAP_D_CAD_00 34	
36	目標:cmn_r1:	MAP_D_CAD_00 36	
38	差分:cmn_r2:	MAP_D_CAD_00 38	
40	差分＾２:cmn_r3:	MAP_D_CAD_00 40	
42	閾値＾２:cmn_r4:	MAP_D_CAD_00 42	
44	->pc振り向きません	MAP_D_CAD_00 44	
			
45	->pc振り向きます	MAP_D_CAD_00 45	
			
47	***振り向き判定***	MAP_D_CAD_00 47	
			
48	現在:cmn_r0:	MAP_D_CAD_00 34	
50	目標:cmn_r1:	MAP_D_CAD_00 36	
52	差分:cmn_r2:	MAP_D_CAD_00 38	
54	差分＾２:cmn_r3:	MAP_D_CAD_00 40	
56	閾値＾２:cmn_r4:	MAP_D_CAD_00 42	
58	->npc振り向きません	MAP_D_CAD_00 58	
			
59	->npc振り向きます	MAP_D_CAD_00 59	
			
63	ロード待ち開始	MAP_D_CAD_00 63	
			
64	ロード待ち終了	MAP_D_CAD_00 64	
			
65	{15}0C{14}L00000000を	MAP_D_CAD_00 65	
	手に入れた		
66	{15}0E{14}L00000000を	MAP_D_CAD_00 66	
	手に入れた		
67	{15}0F{14}L00000000を	MAP_D_CAD_00 67	
	手に入れた		
68	{15}0D{14}L00000000を	MAP_D_CAD_00 68	
	手に入れた		
69	{15}10{14}L00000000を	MAP_D_CAD_00 69	
	手に入れた		
70	{15}12{14}L00000000を	MAP_D_CAD_00 70	
	手に入れた		
71	{15}11{14}L00000000を	MAP_D_CAD_00 71	
	手に入れた		
72	{15}13{14}L00000000を{1d}L00000001個	MAP_D_CAD_00 72	
	手に入れた		
73	{15}14{14}L00000000を{1d}L00000001個	MAP_D_CAD_00 73	
	手に入れた		
74	{15}14{14}L00000000を	MAP_D_CAD_00 74	
	手に入れた		
75	{15}1B{14}L00000000を	MAP_D_CAD_00 75	
	手に入れた		
76	{14}L00000000を	MAP_D_CAD_00 76	
	手に入れた		
77	{1d}L00000000Ｂを手に入れた	MAP_D_CAD_00 77	
			
78	num_calc：	MAP_D_CAD_00 78	
80	{15}0C{14}L00000000を	MAP_D_CAD_00 80	
	手渡した		
81	{15}0E{14}L00000000を	MAP_D_CAD_00 81	
	手渡した		
82	{15}0F{14}L00000000を	MAP_D_CAD_00 82	
	手渡した		
83	{15}0D{14}L00000000を	MAP_D_CAD_00 83	
	手渡した		
84	{15}10{14}L00000000を	MAP_D_CAD_00 84	
	手渡した		
85	{15}12{14}L00000000を	MAP_D_CAD_00 85	
	手渡した		
86	{15}11{14}L00000000を	MAP_D_CAD_00 86	
	手渡した		
87	{15}13{14}L00000000を{1d}L00000001個	MAP_D_CAD_00 87	
	手渡した		
88	{15}14{14}L00000000を{1d}L00000001個	MAP_D_CAD_00 88	
	手渡した		
89	{15}14{14}L00000000を	MAP_D_CAD_00 89	
	手渡した		
90	{15}1B{14}L00000000を	MAP_D_CAD_00 90	
	手渡した		
91	{14}L00000000を	MAP_D_CAD_00 91	
	手渡した		
			
92	■■ret0■■：	MAP_D_CAD_00 92	
96	■■ret■■：	MAP_D_CAD_00 96	
98	cmn_option:	MAP_D_CAD_00 98	
106	セーブポイント	MAP_D_CAD_00 106	
107	データ削除ユーティリティを起動します	MAP_D_CAD_00 107	
	ゲームプレイデータのセーブには		
	{1d}L00000001KB以上の空き容量が必要です		
108	ネックタイプ：	MAP_D_CAD_00 108	
110	首の初期化	MAP_D_CAD_00 110	
			
111	ネックタイプ：	MAP_D_CAD_00 108	
115	大橋が	MAP_D_CAD_00 115	
	トラベルマップで使用可能になりました		
116	下区：商業区が	MAP_D_CAD_00 116	
	トラベルマップで使用可能になりました		
117	下区：ランカー居住区が	MAP_D_CAD_00 117	
	トラベルマップで使用可能になりました		
118	下区：闘技場前が	MAP_D_CAD_00 118	
	トラベルマップで使用可能になりました		
119	タイロン租界が	MAP_D_CAD_00 119	
	トラベルマップで使用可能になりました		
120	バザルタ出張所前が	MAP_D_CAD_00 120	
	トラベルマップで使用可能になりました		
121	上区：噴水広場前が	MAP_D_CAD_00 121	
	トラベルマップで使用可能になりました		
122	バザルタ本部前が	MAP_D_CAD_00 122	
	トラベルマップで使用可能になりました		
123	フラグ・フィールド：	MAP_D_CAD_00 123	
125	フラグ・フィールド：	MAP_D_CAD_00 123	
127	ガンドアが	MAP_D_CAD_00 127	
	トラベルマップで使用可能になりました		
128	カンタレラが	MAP_D_CAD_00 128	
	トラベルマップで使用可能になりました		
129	トーロ荒地が	MAP_D_CAD_00 129	
	トラベルマップで使用可能になりました		
130	リブラ森林が	MAP_D_CAD_00 130	
	トラベルマップで使用可能になりました		
131	マイヤールの森が	MAP_D_CAD_00 131	
	トラベルマップで使用可能になりました		
132	ベリエ街道が	MAP_D_CAD_00 132	
	トラベルマップで使用可能になりました		
133	ドネイ回廊が	MAP_D_CAD_00 133	
	トラベルマップで使用可能になりました		
134	ウィルゴー砂漠が	MAP_D_CAD_00 134	
	トラベルマップで使用可能になりました		
135	カドモール水源が	MAP_D_CAD_00 135	
	トラベルマップで使用可能になりました		
136	カルキノス荒地が	MAP_D_CAD_00 136	
	トラベルマップで使用可能になりました		
137	ラ・キット遺跡が	MAP_D_CAD_00 137	
	トラベルマップで使用可能になりました		
138	レオン峡谷が	MAP_D_CAD_00 138	
	トラベルマップで使用可能になりました		
139	ソダー回廊が	MAP_D_CAD_00 139	
	トラベルマップで使用可能になりました		
140	ニシュラ氷河が	MAP_D_CAD_00 140	
	トラベルマップで使用可能になりました		
141	いにしえの回廊が	MAP_D_CAD_00 141	
	トラベルマップで使用可能になりました		
142	フィッシェ街道が	MAP_D_CAD_00 142	
	トラベルマップで使用可能になりました		
143	レゾナール海岸が	MAP_D_CAD_00 143	
	トラベルマップで使用可能になりました		
144	ケイロニア高原が	MAP_D_CAD_00 144	
	トラベルマップで使用可能になりました		
145	ケイロニア砦が	MAP_D_CAD_00 145	
	トラベルマップで使用可能になりました		
146	サルバトーレ離宮が	MAP_D_CAD_00 146	
	トラベルマップで使用可能になりました		
147	リストにないよ？	MAP_D_CAD_00 147	
			
148	_case:	MAP_D_CAD_00 148	
151	「討伐修練【低位１】」の	MAP_D_CAD_00 151	
	クリア条件を満たした！		
152	「討伐修練【低位２】」の	MAP_D_CAD_00 152	
	クリア条件を満たした！		
153	「討伐修練【低位３】」の	MAP_D_CAD_00 153	
	クリア条件を満たした！		
154	「討伐修練【低位４】」の	MAP_D_CAD_00 154	
	クリア条件を満たした！		
155	「討伐修練【低位５】」の	MAP_D_CAD_00 155	
	クリア条件を満たした！		
156	「討伐修練【中位１】」の	MAP_D_CAD_00 156	
	クリア条件を満たした！		
157	「討伐修練【中位２】」の	MAP_D_CAD_00 157	
	クリア条件を満たした！		
158	「討伐修練【高位１】」の	MAP_D_CAD_00 158	
	クリア条件を満たした！		
159	「討伐修練【高位２】」の	MAP_D_CAD_00 159	
	クリア条件を満たした！		
160	「薬草探しの代理人」の	MAP_D_CAD_00 160	
	クリア条件を満たした！		
161	「新商品開発の手伝い」の	MAP_D_CAD_00 161	
	クリア条件を満たした！		
162	「蒼の指環を求めて」の	MAP_D_CAD_00 162	
	クリア条件を満たした！		
163	「雪中の贈り物」の	MAP_D_CAD_00 163	
	クリア条件を満たした！		
164	「加護あることを祈って」の	MAP_D_CAD_00 164	
	クリア条件を満たした！		
165	「追想の白い花」の	MAP_D_CAD_00 165	
	クリア条件を満たした！		
166	「来れ、好運の使者！」の	MAP_D_CAD_00 166	
	クリア条件を満たした！		
167	「武術指南のお願い」の	MAP_D_CAD_00 167	
	クリア条件を満たした！		
168	「行方不明の従業員」の	MAP_D_CAD_00 168	
	クリア条件を満たした！		
169	「スキルチップ収集中」の	MAP_D_CAD_00 169	
	クリア条件を満たした！		
170	「盗難品の行方は」の	MAP_D_CAD_00 170	
	クリア条件を満たした！		
171	「資料集めのアシスタント」の	MAP_D_CAD_00 171	
	クリア条件を満たした！		
172	「河畔の生態系調査」の	MAP_D_CAD_00 172	
	クリア条件を満たした！		
173	「新人官吏を捕獲せよ」の	MAP_D_CAD_00 173	
	クリア条件を満たした！		
174	「黒い積荷の回収」の	MAP_D_CAD_00 174	
	クリア条件を満たした！		
175	「悪徳商売を抑止せよ」の	MAP_D_CAD_00 175	
	クリア条件を満たした！		
176	「新人ランカー襲撃事件」の	MAP_D_CAD_00 176	
	クリア条件を満たした！		
177	「優しい猛者、募集中」の	MAP_D_CAD_00 177	
	クリア条件を満たした！		
178	「異郷からきた尋ね人」の	MAP_D_CAD_00 178	
	クリア条件を満たした！		
179	「勇壮なる護衛の依頼」の	MAP_D_CAD_00 179	
	クリア条件を満たした！		
180	「赫の指環を求めて」の	MAP_D_CAD_00 180	
	クリア条件を満たした！		
181	「闘技場の害獣駆除」の	MAP_D_CAD_00 181	
	クリア条件を満たした！		
182	「回覧板配達人」の	MAP_D_CAD_00 182	
	クリア条件を満たした！		
183	「討伐修練【緊急】」の	MAP_D_CAD_00 183	
	クリア条件を満たした！		
184	「鉱物資源の収集【緊急】」の	MAP_D_CAD_00 184	
	クリア条件を満たした！		
185	「タリー石を探せ」の	MAP_D_CAD_00 185	
	クリア条件を満たした！		
186	「甘梅草を探せ」の	MAP_D_CAD_00 186	
	クリア条件を満たした！		
187	「衛兵の剣の没収」の	MAP_D_CAD_00 187	
	クリア条件を満たした！		
188	「衛兵の剣の返却」の	MAP_D_CAD_00 188	
	クリア条件を満たした！		
189	「森のイビノス駆除【重大】」の	MAP_D_CAD_00 189	
	クリア条件を満たした！		
190	「回廊のイビノス駆除【重大】」の	MAP_D_CAD_00 190	
	クリア条件を満たした！		
191	「七騎士認定修練【重大】」の	MAP_D_CAD_00 191	
	クリア条件を満たした！		
192	ガンドアが	MAP_D_CAD_00 192	
	トラベルマップで通行可能になりました		
193	ガンドアが	MAP_D_CAD_00 193	
	トラベルマップで通行不能になりました		
194	カンタレラが	MAP_D_CAD_00 194	
	トラベルマップで通行可能になりました		
195	カンタレラが	MAP_D_CAD_00 195	
	トラベルマップで通行不能になりました		
196	トーロ荒地が	MAP_D_CAD_00 196	
	トラベルマップで通行可能になりました		
197	トーロ荒地が	MAP_D_CAD_00 197	
	トラベルマップで通行不能になりました		
198	リブラ森林が	MAP_D_CAD_00 198	
	トラベルマップで通行可能になりました		
199	リブラ森林が	MAP_D_CAD_00 199	
	トラベルマップで通行不能になりました		
200	マイヤールの森が	MAP_D_CAD_00 200	
	トラベルマップで通行可能になりました		
201	マイヤールの森が	MAP_D_CAD_00 201	
	トラベルマップで通行不能になりました		
202	ベリエ街道が	MAP_D_CAD_00 202	
	トラベルマップで通行可能になりました		
203	ベリエ街道が	MAP_D_CAD_00 203	
	トラベルマップで通行不能になりました		
204	ドネイ回廊が	MAP_D_CAD_00 204	
	トラベルマップで通行可能になりました		
205	ドネイ回廊が	MAP_D_CAD_00 205	
	トラベルマップで通行不能になりました		
206	ウィルゴー砂漠が	MAP_D_CAD_00 206	
	トラベルマップで通行可能になりました		
207	ウィルゴー砂漠が	MAP_D_CAD_00 207	
	トラベルマップで通行不能になりました		
208	カドモール水源が	MAP_D_CAD_00 208	
	トラベルマップで通行可能になりました		
209	カドモール水源が	MAP_D_CAD_00 209	
	トラベルマップで通行不能になりました		
210	カルキノス荒地が	MAP_D_CAD_00 210	
	トラベルマップで通行可能になりました		
211	カルキノス荒地が	MAP_D_CAD_00 211	
	トラベルマップで通行不能になりました		
212	ラ・キット遺跡が	MAP_D_CAD_00 212	
	トラベルマップで通行可能になりました		
213	ラ・キット遺跡が	MAP_D_CAD_00 213	
	トラベルマップで通行不能になりました		
214	レオン峡谷が	MAP_D_CAD_00 214	
	トラベルマップで通行可能になりました		
215	レオン峡谷が	MAP_D_CAD_00 215	
	トラベルマップで通行不能になりました		
216	ソダー回廊が	MAP_D_CAD_00 216	
	トラベルマップで通行可能になりました		
217	ソダー回廊が	MAP_D_CAD_00 217	
	トラベルマップで通行不能になりました		
218	ニシュラ氷河が	MAP_D_CAD_00 218	
	トラベルマップで通行可能になりました		
219	ニシュラ氷河が	MAP_D_CAD_00 219	
	トラベルマップで通行不能になりました		
220	いにしえの回廊が	MAP_D_CAD_00 220	
	トラベルマップで通行可能になりました		
221	いにしえの回廊が	MAP_D_CAD_00 221	
	トラベルマップで通行不能になりました		
222	フィッシェ街道が	MAP_D_CAD_00 222	
	トラベルマップで通行可能になりました		
223	フィッシェ街道が	MAP_D_CAD_00 223	
	トラベルマップで通行不能になりました		
224	レゾナール海岸が	MAP_D_CAD_00 224	
	トラベルマップで通行可能になりました		
225	レゾナール海岸が	MAP_D_CAD_00 225	
	トラベルマップで通行不能になりました		
226	ケイロニア高原が	MAP_D_CAD_00 226	
	トラベルマップで通行可能になりました		
227	ケイロニア高原が	MAP_D_CAD_00 227	
	トラベルマップで通行不能になりました		
228	ケイロニア砦が	MAP_D_CAD_00 228	
	トラベルマップで通行可能になりました		
229	ケイロニア砦が	MAP_D_CAD_00 229	
	トラベルマップで通行不能になりました		
230	サルバトーレ離宮が	MAP_D_CAD_00 230	
	トラベルマップで通行可能になりました		
231	サルバトーレ離宮が	MAP_D_CAD_00 231	
	トラベルマップで通行不能になりました		
232	リストにないよ？	MAP_D_CAD_00 147	
			
233	フィールドの説明 ～基本操作～	MAP_D_KOU_00 233	
234	fld_tut_01_0	MAP_D_KOU_00 234	
235	フィールドの説明 ～セーブポイント～	MAP_D_KOU_00 235	X
	前方の球体がセーブポイントです		
	セーブポイントには		
	緑色と青色の２種類があります		X
	緑色のセーブポイントでは		
	記録のみ行うことができます		X
	青色のセーブポイントでは		
	記録だけでなく、触れることによって		
	ＨＰ・スキルの使用回数の回復ができます		
236	フィールドの説明 ～トラベルマップ～	MAP_D_KOU_00 236	X
	フィールド上で{15}05を押すと		
	トラベルマップメニューが開きます		
237	fld_tut_03_0	MAP_D_KOU_00 237	
238	トラベルマップでは、一度訪れたことの	MAP_D_KOU_00 238	
	ある場所へジャンプすることができます		
239	fld_tut_03_1	MAP_D_KOU_00 239	
240	リストから行き先を選んで{15}00を押すと	MAP_D_KOU_00 240	
	選択した場所へジャンプします		
241	fld_tut_03_2	MAP_D_KOU_00 241	
242	このとき、目的地への経路上で	MAP_D_KOU_00 242	
	イベントが発生した場合		
	イベント発生地点に強制的にジャンプします		
243	fld_tut_03_3	MAP_D_KOU_00 243	
244	状況によっては、トラベルマップが	MAP_D_KOU_00 244	
	使えなかったり、特定の場所に		
	ジャンプできないことがあります		
245	fld_tut_04_0	MAP_D_KOU_00 245	
246	キャンプメニューから	MAP_D_KOU_00 246	
	RANKERS FILE		
	を選択します		
247	キャンプメニュー	MAP_D_KOU_00 247	
	RANKERS FILE		
	の項目が解放されました		
248	fld_tut_04_1	MAP_D_KOU_00 248	
249	RANKERS FILE画面では	MAP_D_KOU_00 249	
	ジグが出会ったランカーを		
	一覧することができます		
250	修練の説明　～基本の流れ～	MAP_D_KOU_00 250	X
	１：依頼人に会い、参加報告をする		
	２：依頼の内容をこなす		
	３：依頼人に報告し、報奨をもらう		X
	修練をこなすと		
	お金や道具などの【報奨】を		
	もらうことができます		X
	機構が関係する修練の場合は		
	ランクアップが		
	報奨になることもあります		X
	修練は定期的に増えていくので		
	こまめに確認しましょう！		
251	fld_tut_06_0	MAP_D_KOU_00 251	
252	キャンプメニューから	MAP_D_KOU_00 252	
	TRIAL LOG		
	を選択します		
253	キャンプメニュー	MAP_D_KOU_00 253	
	TRIAL LOG		
	の項目が解放されました		
254	fld_tut_06_1	MAP_D_KOU_00 254	
255	TRIAL LOG画面では	MAP_D_KOU_00 255	
	修練板などで情報を得た修練を		
	一覧することができます		
256	fld_tut_06_2	MAP_D_KOU_00 256	
257	修練内容の詳細が確認できるほか	MAP_D_KOU_00 257	
	修練の進行状況が更新されます		
258	修練の説明　～依頼人の目印～	MAP_D_KOU_00 258	
259	fld_tut_07_0	MAP_D_KOU_00 259	
260	依頼人の頭上には	MAP_D_KOU_00 260	
	【ＣＬＩＥＮＴ】マークが出ます		
	それを目印にすると便利です		
261	ランカー同士が	MAP_D_KOU_00 261	
	互いのランクをかけて戦うのが		
	【ランキング戦】です		X
	ランクが低い方が勝てば		
	相手のランクを		
	奪うことができます		
262	ビンザーに勝利したので	MAP_D_KOU_00 262	
	ジグのランクが上がりました		X
	このように、ランカー同士が		
	互いのランクをかけて戦うのが		
	【ランキング戦】です		X
	ランクが低い方が勝てば		
	相手のランクを		
	奪うことができます		
263	fld_tut_08_0	MAP_D_KOU_00 263	
264	フィールド上のランカーには	MAP_D_KOU_00 264	
	{15}03で勝負を挑むことができます		X
	ただし、自分のランクが低いと		
	戦いを断られることもあります		
265	fld_tut_08_1	MAP_D_KOU_00 265	
266	戦いを挑めるランカーは	MAP_D_KOU_00 266	
	ランクにマークがついています		
267	フィールドの説明 ～イビノス～	MAP_D_KOU_00 267	
268	fld_tut_09_0	MAP_D_KOU_00 268	
269	フィールド上のイビノスは球体をしています	MAP_D_KOU_00 269	
	触れるとイビノスとのバトルが開始されます		
274	ファズとの戦いに勝利して	MAP_D_KOU_00 274	
	攻撃スキル「パワーエッジ」		
	を習得しました		
276	func00_C_EVENT_START1	MAP_D_CAD_00 233	
279	func00_C_EVENT_START2	MAP_D_CAD_00 238	
282	もしもしお兄さん！	MAP_D_KOU_00 282	
	もしかしてガンドアへ		
	行くのかな？		
286	んでもって	MAP_D_KOU_00 286	
	戦侯機構バザルタに		
	登録するつもり…とか？		
290	…かもな	MAP_D_CAD_00 310	
297	わたしの名前はマキス	MAP_D_KOU_00 297	X
	お兄さんみたいな人の		
	役に立ちたいんだ		
	もちろんタダ！		
304	タダ？	MAP_D_KOU_00 304	
	うさんくさいな		
307	いいよ、いいよ～	MAP_D_KOU_00 307	
	その用心深さが幸運を		
	呼び込むんだ		X
	ところで、お兄さん		
	機構の登録資格のことは		
	知ってる？		
316	…どうかな	MAP_D_KOU_00 316	
319	まず、誰でもいいから	MAP_D_KOU_00 319	
	ランカーをひとり倒す		X
	そして、その相手に		
	推薦してもらうんだ		
324	…なるほど	MAP_D_DNE_04 1086	
330	ガンドアの入り口にいる	MAP_D_KOU_00 330	
	衛兵のポッド…		
	彼は狙い目だよ		
335	じゃあ、頑張って	MAP_D_KOU_00 335	X
	お兄さんに幸運を！		
	ついでにポッドにも！		
340	func00_C_EVENT_END1	MAP_D_CAD_00 372	
343	func00_C_EVENT_END2	MAP_D_CAD_00 377	
344	func00_E_EVENT_START1	MAP_D_CAD_00 415	
348	func00_E_EVENT_START2	MAP_D_CAD_00 417	
351	やぁ、こんにちは！	MAP_D_KOU_01 277	
	下位ランカー向け		
	討伐修練の受付はここさ		
353	現在告知されているのは	MAP_D_KOU_01 279	
	【低位１】の討伐修練だよ		
	参加するかい？		
355	修練「討伐修練【低位１】」	MAP_D_KOU_01 281	
	に参加しますか？		
356	参加する	MAP_D_CAD_00 919	
357	参加しない	MAP_D_CAD_00 920	
362	ほうほう……了解！	MAP_D_KOU_01 288	
	じゃあさっそく		
	修練の内容を説明するよ		
364	トーロ荒地に	MAP_D_KOU_01 290	
	{13}01オオアバレウシ{13}00が１体		
	出現したんだ		
366	大型だし気性もあらいから	MAP_D_KOU_01 292	
	ケガ人がでるまえに		
	討伐して欲しいってわけ		
368	そんなわけで	MAP_D_KOU_01 294	
	トーロ荒地に向かってくれ		
372	じゃ、よろしく頼んだよ	MAP_D_KOU_01 298	
374	func00_E_EVENT_END1	MAP_D_CAD_00 424	
376	func00_E_EVENT_END2	MAP_D_CAD_00 425	
379	それは残念…	MAP_D_KOU_01 305	
	参加する気になったら		
	また声をかけてね		
381	func00_E_EVENT_END1	MAP_D_CAD_00 424	
382	func00_E_EVENT_END2	MAP_D_CAD_00 425	
383	func00_E_EVENT_START1	MAP_D_CAD_00 415	
386	func00_E_EVENT_START2	MAP_D_CAD_00 417	
390	よぉ、そこのムッツリ！	MAP_D_KOU_01 316	
392	おまえも	MAP_D_KOU_01 318	
	オオアバレウシの		
	討伐修練か？		
397	…かもな	MAP_D_CAD_00 310	
401	やっぱりな…	MAP_D_KOU_01 327	
	お！　おまえ新参者だろ？		
	顔みりゃわかるぜ		
403	おれはビンザー	MAP_D_KOU_01 329	
	この修練に参加しているが		
	おまえよりは先輩だ		
406	…………	MAP_D_CAD_00 242	
409	本当に無愛想だな…	MAP_D_KOU_01 335	
	そんな態度でいいのか？		
411	せっかくおれが	MAP_D_KOU_01 337	
	修練のコツを		
	教えてやろうってのによ		
415	修練の…コツ？	MAP_D_KOU_01 341	
420	おお、そうよ！	MAP_D_KOU_01 346	
	このきびしい競争世界で		
	生き抜くためのコツさ		
422	ずばり……	MAP_D_KOU_01 348	
424	おれに協力しろ！	MAP_D_KOU_01 350	
	そしたら報奨金は		
	おまえにくれてやるぜ		
426	そのかわり、報奨ランクは	MAP_D_KOU_01 352	
	おれがいただく		
428	どうだ、悪くないだろ	MAP_D_KOU_01 354	
	それともおれに…		
	つぶされてぇのか？		
430	ビンザーに協力しますか？	MAP_D_KOU_01 356	
431	協力する	MAP_D_KOU_01 357	
432	協力しない	MAP_D_KOU_01 358	
437	ひゃっひゃ！	MAP_D_KOU_01 363	
	わかってんじゃねぇか		
439	…んじゃ	MAP_D_KOU_01 365	
	ここは見逃してやるから		
	さっさと標的を倒せ		
444	見逃す…	MAP_D_KOU_01 370	
	おれを見逃す		
	という意味か？		
448	そう	MAP_D_KOU_01 374	
	ここを素通りさせてやる		
452	それが…協力なのか？	MAP_D_KOU_01 378	
456	不満か？	MAP_D_KOU_01 382	
	見逃してやるってだけで		
	じゅうぶん協力的だろ？		
460	けっ、いきがりやがって…	MAP_D_KOU_01 386	X
	せっかくおまえが		
	いらない怪我しねぇように		
	提案してやったのによ		
465	…そうか	MAP_D_KOU_01 391	
	悪かったな		
469	func00_E_EVENT_END1	MAP_D_CAD_00 424	
471	func00_E_EVENT_END2	MAP_D_CAD_00 425	
472	func00_E_EVENT_START1	MAP_D_CAD_00 415	
476	func00_E_EVENT_START2	MAP_D_CAD_00 417	
477	btl_pit070	MAP_D_KOU_01 403	
478	バトル説明 ～ガード～	MAP_D_KOU_01 404	X
	{15}01：ガード		X
	{15}01を押している間は		
	敵からのダメージが減ります		X
	敵の攻撃をガードすると		
	行動力(SP)を１消費します		X
	敵が重そうな攻撃や		
	スキルを使用してきた場合は		
	ガードをしてやりすごしましょう		X
	また、ガードをしている間は		
	行動力(SP)が回復しなくなるので		
	注意してください		
480	func00_BATTLE_EVENT	MAP_D_CAD_00 457	
486	おっ、うまくやったな	MAP_D_KOU_01 412	
	これで修練達成だぜ		
492	…ん、どした？	MAP_D_KOU_01 418	
	不満だって顔だな！		
496	この修練を	MAP_D_KOU_01 422	
	達成したのは…おれだ		
500	けっ、見逃してやった恩を	MAP_D_KOU_01 426	
	わすれたってわけか		
502	いいぜ、新参者！	MAP_D_KOU_01 428	
	おれに勝ったら		
	報奨はぜんぶおまえんだ		
504	そのかわり、負けたら…	MAP_D_KOU_01 430	
	今後もずっと		
	「協力」してもらうぜ！		
507	…………	MAP_D_CAD_00 242	
512	待ちな、新参者！	MAP_D_KOU_01 438	
518	あんたは…	MAP_D_KOU_01 444	
	標的はおれが倒したぞ		
522	関係ないね！	MAP_D_KOU_01 448	
	証拠はどこにも		
	残っちゃいない		X
	おまえが伸びてるうちに		
	おれが完了報告を		
	してやるよ！		
526	おれと勝負するのか？	MAP_D_KOU_01 452	
530	そういうこった	MAP_D_KOU_01 456	
	ランクアップの機会を		
	逃がしてたまるか！		
535	おまえをおれの	MAP_D_KOU_01 461	
	手下１号にしてやるよ！		
537	重い一撃を	MAP_D_KOU_01 463	
	お見舞いしてやるよ！		
	そこで伸びてな！		
542	くっ…やるな、おまえ…	MAP_D_KOU_01 468	
544	だがそんなバカ正直だと	MAP_D_KOU_01 470	
	いつか痛い目みるぜ		
546	いいか、これは本当の	MAP_D_KOU_01 472	
	アドバイスだ		
	…もっと利口になれよ		
550	くっ…やるな、おまえ…	MAP_D_KOU_01 476	X
	報奨をいただくどころか		
	ランクを奪われて		
	最悪だぜ…		
553	…………	MAP_D_CAD_00 242	
556	おおっと！	MAP_D_KOU_01 482	
	もうここに用はねぇ		
	退散させてもらうぜ！		
560	func00_E_EVENT_END1	MAP_D_CAD_00 424	
562	func00_E_EVENT_END2	MAP_D_CAD_00 425	
563	func00_E_EVENT_START1	MAP_D_CAD_00 415	
567	func00_E_EVENT_START2	MAP_D_CAD_00 417	
570	やぁ、こんにちは！	MAP_D_KOU_01 277	
	下位ランカー向け		
	討伐修練の受付はここさ		
572	…おや？	MAP_D_KOU_01 498	
	修練を達成したんだね		
574	じゃあ、はい	MAP_D_KOU_01 500	
	これが報奨だよ！		
579	このアイテム…	MAP_D_KOU_01 505	
	新人ランカーには		
	ありがたい報奨でしょ？		
581	ランカーと戦う時は	MAP_D_KOU_01 507	
	スキルを大量に使うからね		
583	こういうアイテムで	MAP_D_KOU_01 509	
	スキルを回復しておくのは		
	ランカーの基本だよ		
585	…じゃ、これからも	MAP_D_KOU_01 511	
	がんばってね		
	ごくろうさま！		
587	func00_E_EVENT_END1	MAP_D_CAD_00 424	
589	func00_E_EVENT_END2	MAP_D_CAD_00 425	
590	func00_E_EVENT_START1	MAP_D_CAD_00 415	
594	func00_E_EVENT_START2	MAP_D_CAD_00 417	
597	すみません…		X
	この修練には		
	確実に強い方でないと		
	ご参加いただけません…		
601	どうすればいい？		
605	上区のランカー…		
	彼らを倒せる程であれば		
	安心してお願いできます…		
607	func00_E_EVENT_END1	MAP_D_CAD_00 424	
608	func00_E_EVENT_END2	MAP_D_CAD_00 425	
611	あの…	Um, are you one of Tylong's guys?	
	タイロン一家の方？		
613	修練をうけにきて	Have you come to accept my training mission?	
	くださったんですか…？		
617	ああ、元タイロン一家の…		
	修練を受けにきて		
	くださったのですか？		
621	どんな修練だ？	MAP_D_CAD_00 912	
625	最近多発している		
	新人ランカー襲撃事件の		
	解決にご協力ください		
627	修練「新人ランカー襲撃事件」	Participate in training mission "New Rankers Under Attack"?	
	に参加しますか？		
628	参加する	MAP_D_CAD_00 919	
629	参加しない	MAP_D_CAD_00 920	
634	ありがとうございます	Thanks.	
638	襲撃事件というのは？		
	ランキング戦の		
	間違いじゃないのか？		
643	実は最近、新人ランカー	Someone has been attacking new rankers recently.	
	ばかりを狙った襲撃事件が		
	多発しているんです		
647	襲撃事件？	Attacking? Are you sure you aren't mistaking ranking battles for attacks?	
	ランキング戦の		
	間違いじゃないのか？		
651	いえ…	No. The perpetrator is much higher ranked than his targets.	
	犯人はそこそこの		
	ランクもちで		
653	勝敗が決した後も	He continues to attack his victims even after he's clearly won the fight.	
	不必要に相手を		
	痛めつけるのです		
655	…それはランキング制度の	That runs counter to the intent of the ranking system.	
	意図に反する行為		
657	よってランクダウンと	Because of this, we want to punish him with a rank reduction and a temporary ban from fighting,	
	一定期間の戦闘禁止を		
	通達したいのですが…		
659	それを	but we want it to look like the Tylong Family, rather than the Legion, is responsible for the punishment.	
	タイロン一家の名で		
	おこなってほしいのです		
663	なるほどな	I see.	
665	でも、おれのランクじゃ	One problem: My rank is high enough that he probably won't target me.	
	近づいて来ないかも		
	しれないな…		
669	はい	I've got that covered.	
	心得ております…		
671	別口で、新人ランカーに	I'm pairing you up with a new recruit. He'll act as bait.	
	協力を要請していますので		
	彼をおとりにします		
673	あなたは	Your role is to fight the perpetrator, should it become necessary.	
	いざという時に		
	戦ってください		
677	わかった	Understood.	
681	では、支度ができたら	Let me know when you're prepared to begin the mission.	
	声をかけてください		
683	func00_E_EVENT_END1	MAP_D_CAD_00 424	
684	func00_E_EVENT_END2	MAP_D_CAD_00 425	
687	そうですか…		
	はい…		
689	func00_E_EVENT_END1	MAP_D_CAD_00 424	
690	func00_E_EVENT_END2	MAP_D_CAD_00 425	
691	func00_E_EVENT_START1	MAP_D_CAD_00 415	
695	func00_E_EVENT_START2	MAP_D_CAD_00 417	
698	準備はよろしい	Ready to get started?	
	でしょうか…？		
700	準備できましたか？	Have you finished your preparations?	
701	はい	MAP_D_CAD_00 432	
702	いいえ	MAP_D_CAD_00 433	
707	わかりました	Good. I'll call your partner.	
	協力者の新人を		
	呼んできます		
714	修練に協力します！	I'll be your partner for this mission! Nice to meet you.	
	よろしくお願いします		
718	襲撃される場所は	The attacks occur in places that are easily accessible to new rankers. They're especially common in the Toro Wasteland.	
	新人でも行きやすい		
	トーロ荒地が多いです		
720	彼が適当に	He'll wander around aimlessly.	
	うろうろして…		
722	いざという時には	Then, when he's attacked, you'll jump in and save the day. How does that sound?	
	あなたが助けに入る		
	…それでいいですね？		
726	ああ、行こう	Sounds good. Let's get going.	
728	func00_E_EVENT_END1	MAP_D_CAD_00 424	
729	func00_E_EVENT_END2	MAP_D_CAD_00 425	
732	できるだけ		
	おはやめに…		
734	func00_E_EVENT_END1	MAP_D_CAD_00 424	
735	func00_E_EVENT_END2	MAP_D_CAD_00 425	
736	func00_E_EVENT_START1	MAP_D_CAD_00 415	
741	func00_E_EVENT_START2	MAP_D_CAD_00 417	
748	よぉ！	Hey, you!	
	そこのあんちゃんよぉ！		
753	な、なんですか？	Wh-What?	
757	ちょっとおれと	Want to fight me and raise your rank?	
	勝負しねぇか？		
	ランク、上げたいだろ？		
761	でも、あなたとは	Our ranks are way too far apart...	
	ランクが違いすぎて…		
765	つまり大躍進の	That means you can jump way ahead in the rankings! Isn't that a good thing?	
	チャンスってこったろ？		
	いいじゃねぇか！！		
768	…………	MAP_D_CAD_00 242	
770	なるほど…	So that's how you lure people in.	
	そういう手口か		
774	あぁん？	Huh? Who was that?	
	なんだぁ？		
781	そいつの護衛…	I'm his bodyguard, Zig of the Tylong Family.	
	タイロン一家のジグだ		
788	タイロンだぁ？	Why would the Tylong family be guarding him!?	
	な、なんで！？		
794	ランキング戦を強要して	You're the one who has been beating up new rankers, aren't you?	
	新人を痛めつける		
	…おまえなんだろ？		
798	はっは！　なんだよ！	Haha! What are you talking about!? Do I look like that kind of guy!?	
	おれってば、そんな悪者に		
	みられてんのな！		
800	…おれは別に	I'm not just beating people up for the fun of it.	
	誰でもよくて		
	殴ってんじゃねぇ		
802	腰の抜けた新人に	Someone needs to show those cowardly new rankers just how unforgiving this society really is!	
	勝負の世界の厳しさを		
	教えてやってんのよ！		
804	だって、そうだろ？	Isn't that right?	
806	おれだって	My rank isn't even that high. There are people whose ranks are even higher.	
	ランクは上位じゃない		
	もっと上の奴らがいる		
808	おれにボコられて	Do you think someone who can't bounce back from getting beat up by me could get anywhere?	
	立ち直れないような奴が		
	上にあがれると思うか？		
810	根性がない奴はな	I'm just hastening their inevitable return to the countryside!	
	はやいうちに痛い目みて		
	田舎に帰れってんだ！		
814	…かもな	I suppose.	
818	だろ？	You see? You understand what I'm saying, right?	
	話がわかるじゃねぇか		
822	いや…その理屈は	Well, I guess your argument makes sense,	
	正しいのかもしれないが		
824	おまえのやり方は	but all I see is someone picking on the weak.	
	弱い者いびりにしか		
	見えないぞ		
828	そりゃ、見解の相違だ	I disagree.	
830	とくれば、やるしかねぇな	Looks like I have no choice but to fight. I have no intention of taking my punishment lying down.	
	おれも黙って成敗される		
	タチでないんでね！		
835	そこのへっぽこ新人の分も	Come on, let me have some fun with that clueless newbie!	
	楽しませてくれよ！！		
841	くっそ…	Damn...	
844	安心しろ	Don't worry. I'm not here to strip you of your rank,	
	ランク剥奪って		
	わけじゃない		
846	ただ今度は…	but from now on, you'd best avoid tactics that cause these kinds of misunderstandings.	
	もっと誤解されない方法で		
	やった方がいい		
849	完敗かよ…	I can't believe I lost...	
	ちくしょー…		
851	func00_E_EVENT_END1	MAP_D_CAD_00 424	
852	func00_E_EVENT_END2	MAP_D_CAD_00 425	
853	func00_E_EVENT_START1	MAP_D_CAD_00 415	
857	func00_E_EVENT_START2	MAP_D_CAD_00 417	
860	お待たせしました…	Sorry to keep you waiting. Everything is now taken care of .	
	手続きは全て完了です		
864	…なあ、この依頼	Hey, why did you want someone from the Tylong Family to do this mission?	
	どうしてタイロンに？		
868	機構にも…	There are a few factors at play here.	
	いろいろと事情が		
	あるのです		
870	ランキング戦については	The Legion has generally left ranking battle etiquette up to each individual's sensibilities.	
	各々のマナーにゆだねる		
	形式になっている…		
872	今回も例外ではなく…	Incidents like these weren't unexpected, but this was a problem we simply couldn't ignore.	
	しかし、放ってはおけない		
	対象でもあった		
876	公にしたくなかった	So you're saying the Legion wanted to keep its interference out of the public eye?	
	ってことか？		
880	痛い言葉ですね…	Such cutting words, but you're right.	
	でも、そうです		
882	そんな仕事を	That's why we ask Tylong to take care of these kinds of jobs.	
	引き受けてくださる		
	タイロンさん…		
884	わたしはすごい方だと	I think he's a great person.	
	思っておりますよ		
886	…では、これで	Anyway, here's your reward.	
890	そんな仕事を	That's why we ask Tylong to take care of these kinds of jobs.	
	引き受けてくれていた		
	タイロンさん…		
892	残念な結果になりましたが		
	すごい方だったと		
	思っておりますよ		
894	…では、これで	MAP_D_KOU_02 886	
899	func00_E_EVENT_END1	MAP_D_CAD_00 424	
900	func00_E_EVENT_END2	MAP_D_CAD_00 425	
901	シーン初期化	MAP_D_CAD_00 1232	
			
902	オブジェクト配置	MAP_D_CAD_00 1233	
			
903	オブジェクトトラップ配置	MAP_D_CAD_00 1235	
			
904	マップチェンジトラップ配置	MAP_D_CAD_00 1236	
			
914	ＮＰＣ配置	MAP_D_CAD_00 1248	
			
918	どした？		
	はやくオオアバレウシを		
	倒してこいよ		
920	いきがりやがって…		
922	せっかく協力したんだろ		
	おれじゃなくて		
	オオアバレウシと戦えよ		
924	ふん、おれじゃなくて		
	オオアバレウシと戦えよ		
925	イベントトラップ配置	MAP_D_CAD_00 1413	
			
926	マキスと出会う		
			
949	NPC00	MAP_D_CAD_00 1443	
			
951	OBJ_MKS	MAP_D_CAN_00 1062	
