0	■■■ func00_DEBUG_SIGN ■■■	MAP_D_CAD_00 0	
			
1	！！！エラー検出用サブルーチンを通りました！！！	MAP_D_CAD_00 1	
			
2	イビノスシンボル配置しない。フラグ：	MAP_D_CAD_00 2	
4	イビノスシンボル配置する。フラグ：	MAP_D_CAD_00 4	
7	ランカーファイル情報更新	MAP_D_CAD_00 7	
			
8	->旧:	MAP_D_CAD_00 8	
9	 追加:	MAP_D_CAD_00 9	
10	 結果:	MAP_D_CAD_00 10	
12	ランク:	MAP_D_CAD_00 12	
15	ランカー戦勝利・戻り値：	MAP_D_CAD_00 15	
17	ランキング戦を申し込みますか？	MAP_D_CAD_00 17	
18	申し込む	MAP_D_CAD_00 18	
19	やめておく	MAP_D_CAD_00 19	
22	イビノスシンボル倒した。フラグON：	MAP_D_CAD_00 22	
25	イビノス戦：イベント終了？	MAP_D_CAD_00 25	
			
26	スクリプト：未知のモーションタイプが指定されました	MAP_D_CAD_00 26	
			
33	***振り向き判定ＰＣ***	MAP_D_CAD_00 33	
			
34	現在:cmn_r0:	MAP_D_CAD_00 34	
36	目標:cmn_r1:	MAP_D_CAD_00 36	
38	差分:cmn_r2:	MAP_D_CAD_00 38	
40	差分＾２:cmn_r3:	MAP_D_CAD_00 40	
42	閾値＾２:cmn_r4:	MAP_D_CAD_00 42	
44	->pc振り向きません	MAP_D_CAD_00 44	
			
45	->pc振り向きます	MAP_D_CAD_00 45	
			
47	***振り向き判定***	MAP_D_CAD_00 47	
			
48	現在:cmn_r0:	MAP_D_CAD_00 34	
50	目標:cmn_r1:	MAP_D_CAD_00 36	
52	差分:cmn_r2:	MAP_D_CAD_00 38	
54	差分＾２:cmn_r3:	MAP_D_CAD_00 40	
56	閾値＾２:cmn_r4:	MAP_D_CAD_00 42	
58	->npc振り向きません	MAP_D_CAD_00 58	
			
59	->npc振り向きます	MAP_D_CAD_00 59	
			
63	ロード待ち開始	MAP_D_CAD_00 63	
			
64	ロード待ち終了	MAP_D_CAD_00 64	
			
65	{15}0C{14}L00000000を	MAP_D_CAD_00 65	
	手に入れた		
66	{15}0E{14}L00000000を	MAP_D_CAD_00 66	
	手に入れた		
67	{15}0F{14}L00000000を	MAP_D_CAD_00 67	
	手に入れた		
68	{15}0D{14}L00000000を	MAP_D_CAD_00 68	
	手に入れた		
69	{15}10{14}L00000000を	MAP_D_CAD_00 69	
	手に入れた		
70	{15}12{14}L00000000を	MAP_D_CAD_00 70	
	手に入れた		
71	{15}11{14}L00000000を	MAP_D_CAD_00 71	
	手に入れた		
72	{15}13{14}L00000000を{1d}L00000001個	MAP_D_CAD_00 72	
	手に入れた		
73	{15}14{14}L00000000を{1d}L00000001個	MAP_D_CAD_00 73	
	手に入れた		
74	{15}14{14}L00000000を	MAP_D_CAD_00 74	
	手に入れた		
75	{15}1B{14}L00000000を	MAP_D_CAD_00 75	
	手に入れた		
76	{14}L00000000を	MAP_D_CAD_00 76	
	手に入れた		
77	{1d}L00000000Ｂを手に入れた	MAP_D_CAD_00 77	
			
78	num_calc：	MAP_D_CAD_00 78	
80	{15}0C{14}L00000000を	MAP_D_CAD_00 80	
	手渡した		
81	{15}0E{14}L00000000を	MAP_D_CAD_00 81	
	手渡した		
82	{15}0F{14}L00000000を	MAP_D_CAD_00 82	
	手渡した		
83	{15}0D{14}L00000000を	MAP_D_CAD_00 83	
	手渡した		
84	{15}10{14}L00000000を	MAP_D_CAD_00 84	
	手渡した		
85	{15}12{14}L00000000を	MAP_D_CAD_00 85	
	手渡した		
86	{15}11{14}L00000000を	MAP_D_CAD_00 86	
	手渡した		
87	{15}13{14}L00000000を{1d}L00000001個	MAP_D_CAD_00 87	
	手渡した		
88	{15}14{14}L00000000を{1d}L00000001個	MAP_D_CAD_00 88	
	手渡した		
89	{15}14{14}L00000000を	MAP_D_CAD_00 89	
	手渡した		
90	{15}1B{14}L00000000を	MAP_D_CAD_00 90	
	手渡した		
91	{14}L00000000を	MAP_D_CAD_00 91	
	手渡した		
			
92	■■ret0■■：	MAP_D_CAD_00 92	
96	■■ret■■：	MAP_D_CAD_00 96	
98	cmn_option:	MAP_D_CAD_00 98	
106	セーブポイント	MAP_D_CAD_00 106	
107	データ削除ユーティリティを起動します	MAP_D_CAD_00 107	
	ゲームプレイデータのセーブには		
	{1d}L00000001KB以上の空き容量が必要です		
108	ネックタイプ：	MAP_D_CAD_00 108	
110	首の初期化	MAP_D_CAD_00 110	
			
111	ネックタイプ：	MAP_D_CAD_00 108	
115	大橋が	MAP_D_CAD_00 115	
	トラベルマップで使用可能になりました		
116	下区：商業区が	MAP_D_CAD_00 116	
	トラベルマップで使用可能になりました		
117	下区：ランカー居住区が	MAP_D_CAD_00 117	
	トラベルマップで使用可能になりました		
118	下区：闘技場前が	MAP_D_CAD_00 118	
	トラベルマップで使用可能になりました		
119	タイロン租界が	MAP_D_CAD_00 119	
	トラベルマップで使用可能になりました		
120	バザルタ出張所前が	MAP_D_CAD_00 120	
	トラベルマップで使用可能になりました		
121	上区：噴水広場前が	MAP_D_CAD_00 121	
	トラベルマップで使用可能になりました		
122	バザルタ本部前が	MAP_D_CAD_00 122	
	トラベルマップで使用可能になりました		
123	フラグ・フィールド：	MAP_D_CAD_00 123	
125	フラグ・フィールド：	MAP_D_CAD_00 123	
127	ガンドアが	MAP_D_CAD_00 127	
	トラベルマップで使用可能になりました		
128	カンタレラが	MAP_D_CAD_00 128	
	トラベルマップで使用可能になりました		
129	トーロ荒地が	MAP_D_CAD_00 129	
	トラベルマップで使用可能になりました		
130	リブラ森林が	MAP_D_CAD_00 130	
	トラベルマップで使用可能になりました		
131	マイヤールの森が	MAP_D_CAD_00 131	
	トラベルマップで使用可能になりました		
132	ベリエ街道が	MAP_D_CAD_00 132	
	トラベルマップで使用可能になりました		
133	ドネイ回廊が	MAP_D_CAD_00 133	
	トラベルマップで使用可能になりました		
134	ウィルゴー砂漠が	MAP_D_CAD_00 134	
	トラベルマップで使用可能になりました		
135	カドモール水源が	MAP_D_CAD_00 135	
	トラベルマップで使用可能になりました		
136	カルキノス荒地が	MAP_D_CAD_00 136	
	トラベルマップで使用可能になりました		
137	ラ・キット遺跡が	MAP_D_CAD_00 137	
	トラベルマップで使用可能になりました		
138	レオン峡谷が	MAP_D_CAD_00 138	
	トラベルマップで使用可能になりました		
139	ソダー回廊が	MAP_D_CAD_00 139	
	トラベルマップで使用可能になりました		
140	ニシュラ氷河が	MAP_D_CAD_00 140	
	トラベルマップで使用可能になりました		
141	いにしえの回廊が	MAP_D_CAD_00 141	
	トラベルマップで使用可能になりました		
142	フィッシェ街道が	MAP_D_CAD_00 142	
	トラベルマップで使用可能になりました		
143	レゾナール海岸が	MAP_D_CAD_00 143	
	トラベルマップで使用可能になりました		
144	ケイロニア高原が	MAP_D_CAD_00 144	
	トラベルマップで使用可能になりました		
145	ケイロニア砦が	MAP_D_CAD_00 145	
	トラベルマップで使用可能になりました		
146	サルバトーレ離宮が	MAP_D_CAD_00 146	
	トラベルマップで使用可能になりました		
147	リストにないよ？	MAP_D_CAD_00 147	
			
148	_case:	MAP_D_CAD_00 148	
151	「討伐修練【低位１】」の	MAP_D_CAD_00 151	
	クリア条件を満たした！		
152	「討伐修練【低位２】」の	MAP_D_CAD_00 152	
	クリア条件を満たした！		
153	「討伐修練【低位３】」の	MAP_D_CAD_00 153	
	クリア条件を満たした！		
154	「討伐修練【低位４】」の	MAP_D_CAD_00 154	
	クリア条件を満たした！		
155	「討伐修練【低位５】」の	MAP_D_CAD_00 155	
	クリア条件を満たした！		
156	「討伐修練【中位１】」の	MAP_D_CAD_00 156	
	クリア条件を満たした！		
157	「討伐修練【中位２】」の	MAP_D_CAD_00 157	
	クリア条件を満たした！		
158	「討伐修練【高位１】」の	MAP_D_CAD_00 158	
	クリア条件を満たした！		
159	「討伐修練【高位２】」の	MAP_D_CAD_00 159	
	クリア条件を満たした！		
160	「薬草探しの代理人」の	MAP_D_CAD_00 160	
	クリア条件を満たした！		
161	「新商品開発の手伝い」の	MAP_D_CAD_00 161	
	クリア条件を満たした！		
162	「蒼の指環を求めて」の	MAP_D_CAD_00 162	
	クリア条件を満たした！		
163	「雪中の贈り物」の	MAP_D_CAD_00 163	
	クリア条件を満たした！		
164	「加護あることを祈って」の	MAP_D_CAD_00 164	
	クリア条件を満たした！		
165	「追想の白い花」の	MAP_D_CAD_00 165	
	クリア条件を満たした！		
166	「来れ、好運の使者！」の	MAP_D_CAD_00 166	
	クリア条件を満たした！		
167	「武術指南のお願い」の	MAP_D_CAD_00 167	
	クリア条件を満たした！		
168	「行方不明の従業員」の	MAP_D_CAD_00 168	
	クリア条件を満たした！		
169	「スキルチップ収集中」の	MAP_D_CAD_00 169	
	クリア条件を満たした！		
170	「盗難品の行方は」の	MAP_D_CAD_00 170	
	クリア条件を満たした！		
171	「資料集めのアシスタント」の	MAP_D_CAD_00 171	
	クリア条件を満たした！		
172	「河畔の生態系調査」の	MAP_D_CAD_00 172	
	クリア条件を満たした！		
173	「新人官吏を捕獲せよ」の	MAP_D_CAD_00 173	
	クリア条件を満たした！		
174	「黒い積荷の回収」の	MAP_D_CAD_00 174	
	クリア条件を満たした！		
175	「悪徳商売を抑止せよ」の	MAP_D_CAD_00 175	
	クリア条件を満たした！		
176	「新人ランカー襲撃事件」の	MAP_D_CAD_00 176	
	クリア条件を満たした！		
177	「優しい猛者、募集中」の	MAP_D_CAD_00 177	
	クリア条件を満たした！		
178	「異郷からきた尋ね人」の	MAP_D_CAD_00 178	
	クリア条件を満たした！		
179	「勇壮なる護衛の依頼」の	MAP_D_CAD_00 179	
	クリア条件を満たした！		
180	「赫の指環を求めて」の	MAP_D_CAD_00 180	
	クリア条件を満たした！		
181	「闘技場の害獣駆除」の	MAP_D_CAD_00 181	
	クリア条件を満たした！		
182	「回覧板配達人」の	MAP_D_CAD_00 182	
	クリア条件を満たした！		
183	「討伐修練【緊急】」の	MAP_D_CAD_00 183	
	クリア条件を満たした！		
184	「鉱物資源の収集【緊急】」の	MAP_D_CAD_00 184	
	クリア条件を満たした！		
185	「タリー石を探せ」の	MAP_D_CAD_00 185	
	クリア条件を満たした！		
186	「甘梅草を探せ」の	MAP_D_CAD_00 186	
	クリア条件を満たした！		
187	「衛兵の剣の没収」の	MAP_D_CAD_00 187	
	クリア条件を満たした！		
188	「衛兵の剣の返却」の	MAP_D_CAD_00 188	
	クリア条件を満たした！		
189	「森のイビノス駆除【重大】」の	MAP_D_CAD_00 189	
	クリア条件を満たした！		
190	「回廊のイビノス駆除【重大】」の	MAP_D_CAD_00 190	
	クリア条件を満たした！		
191	「七騎士認定修練【重大】」の	MAP_D_CAD_00 191	
	クリア条件を満たした！		
192	ガンドアが	MAP_D_CAD_00 192	
	トラベルマップで通行可能になりました		
193	ガンドアが	MAP_D_CAD_00 193	
	トラベルマップで通行不能になりました		
194	カンタレラが	MAP_D_CAD_00 194	
	トラベルマップで通行可能になりました		
195	カンタレラが	MAP_D_CAD_00 195	
	トラベルマップで通行不能になりました		
196	トーロ荒地が	MAP_D_CAD_00 196	
	トラベルマップで通行可能になりました		
197	トーロ荒地が	MAP_D_CAD_00 197	
	トラベルマップで通行不能になりました		
198	リブラ森林が	MAP_D_CAD_00 198	
	トラベルマップで通行可能になりました		
199	リブラ森林が	MAP_D_CAD_00 199	
	トラベルマップで通行不能になりました		
200	マイヤールの森が	MAP_D_CAD_00 200	
	トラベルマップで通行可能になりました		
201	マイヤールの森が	MAP_D_CAD_00 201	
	トラベルマップで通行不能になりました		
202	ベリエ街道が	MAP_D_CAD_00 202	
	トラベルマップで通行可能になりました		
203	ベリエ街道が	MAP_D_CAD_00 203	
	トラベルマップで通行不能になりました		
204	ドネイ回廊が	MAP_D_CAD_00 204	
	トラベルマップで通行可能になりました		
205	ドネイ回廊が	MAP_D_CAD_00 205	
	トラベルマップで通行不能になりました		
206	ウィルゴー砂漠が	MAP_D_CAD_00 206	
	トラベルマップで通行可能になりました		
207	ウィルゴー砂漠が	MAP_D_CAD_00 207	
	トラベルマップで通行不能になりました		
208	カドモール水源が	MAP_D_CAD_00 208	
	トラベルマップで通行可能になりました		
209	カドモール水源が	MAP_D_CAD_00 209	
	トラベルマップで通行不能になりました		
210	カルキノス荒地が	MAP_D_CAD_00 210	
	トラベルマップで通行可能になりました		
211	カルキノス荒地が	MAP_D_CAD_00 211	
	トラベルマップで通行不能になりました		
212	ラ・キット遺跡が	MAP_D_CAD_00 212	
	トラベルマップで通行可能になりました		
213	ラ・キット遺跡が	MAP_D_CAD_00 213	
	トラベルマップで通行不能になりました		
214	レオン峡谷が	MAP_D_CAD_00 214	
	トラベルマップで通行可能になりました		
215	レオン峡谷が	MAP_D_CAD_00 215	
	トラベルマップで通行不能になりました		
216	ソダー回廊が	MAP_D_CAD_00 216	
	トラベルマップで通行可能になりました		
217	ソダー回廊が	MAP_D_CAD_00 217	
	トラベルマップで通行不能になりました		
218	ニシュラ氷河が	MAP_D_CAD_00 218	
	トラベルマップで通行可能になりました		
219	ニシュラ氷河が	MAP_D_CAD_00 219	
	トラベルマップで通行不能になりました		
220	いにしえの回廊が	MAP_D_CAD_00 220	
	トラベルマップで通行可能になりました		
221	いにしえの回廊が	MAP_D_CAD_00 221	
	トラベルマップで通行不能になりました		
222	フィッシェ街道が	MAP_D_CAD_00 222	
	トラベルマップで通行可能になりました		
223	フィッシェ街道が	MAP_D_CAD_00 223	
	トラベルマップで通行不能になりました		
224	レゾナール海岸が	MAP_D_CAD_00 224	
	トラベルマップで通行可能になりました		
225	レゾナール海岸が	MAP_D_CAD_00 225	
	トラベルマップで通行不能になりました		
226	ケイロニア高原が	MAP_D_CAD_00 226	
	トラベルマップで通行可能になりました		
227	ケイロニア高原が	MAP_D_CAD_00 227	
	トラベルマップで通行不能になりました		
228	ケイロニア砦が	MAP_D_CAD_00 228	
	トラベルマップで通行可能になりました		
229	ケイロニア砦が	MAP_D_CAD_00 229	
	トラベルマップで通行不能になりました		
230	サルバトーレ離宮が	MAP_D_CAD_00 230	
	トラベルマップで通行可能になりました		
231	サルバトーレ離宮が	MAP_D_CAD_00 231	
	トラベルマップで通行不能になりました		
232	リストにないよ？	MAP_D_CAD_00 147	
			
233	func00_E_EVENT_START1	MAP_D_CAD_00 415	
239	func00_E_EVENT_START2	MAP_D_CAD_00 417	
242	２５０００位を	MAP_D_CAD_00 901	
	超えている方のみ		
	修練へご参加いただけます		X
	申し訳ありませんが		
	今はお引き取りください		
244	func00_E_EVENT_END1	MAP_D_CAD_00 424	
246	func00_E_EVENT_END2	MAP_D_CAD_00 425	
249	おや、もしかして	MAP_D_CAD_00 908	
	修練を受けにきて		
	くださった方ですか？		
253	どんな修練だ？	MAP_D_CAD_00 912	
257	各地の支部に	MAP_D_CAD_00 916	
	回覧板をまわしてきて		
	ほしいのです		
259	修練「回覧板配達人」	MAP_D_CAD_00 918	
	に参加しますか？		
260	参加する	MAP_D_CAD_00 919	
261	参加しない	MAP_D_CAD_00 920	
266	ありがとうございます！	MAP_D_CAD_00 925	
	非常に助かります		
268	まずはこれを	MAP_D_CAD_00 927	
	お持ち下さい		
273	それが各支部の間で	MAP_D_CAD_00 932	
	まわされている		
	回覧板です		
275	閲覧したらサインをして	MAP_D_CAD_00 934	
	次の支部にまわすことに		
	なっています		
277	いつもはその配達を	MAP_D_CAD_00 936	
	専属のランカーに		
	頼んでいるのですが		
279	他の修練で負傷して	MAP_D_CAD_00 938	
	配達ができないとのことで		
	代員を募集したのです		
283	どこの支部に	MAP_D_CAD_00 942	
	まわせばいいんだ？		
287	途中までは	MAP_D_CAD_00 946	
	サインをもらっているので		
	えーっと…		
289	まずはトーロ支部	MAP_D_CAD_00 948	
	それが終わったら		
	カドモール支部ですね		
291	２つの支部にまわしたら	MAP_D_CAD_00 950	
	私のところに		
	戻してもらえますか？		
295	ああ、わかった	MAP_D_CAD_00 954	
299	…実は、この回覧板には	MAP_D_CAD_00 958	
	アンチについての		
	重要な連絡が載っています		X
	ですから、迅速かつ確実に		
	各支部へ届けてください		X
	それでは		
	頼みましたよ		
306	…ん、あんたもしかして	MAP_D_CAD_00 965	
	回覧板の修練か？		
310	…かもな	MAP_D_CAD_00 310	
314	そうか…	MAP_D_CAD_00 973	
	おれは他の修練で		
	支部をまわっている		
316	そのついでに	MAP_D_CAD_00 975	
	回覧板の修練も…		
	と思ったのだが		
318	先を越されたのなら	MAP_D_CAD_00 977	
	仕方がないな		
320	…どこの支部に行くんだ？	MAP_D_CAD_00 979	
324	トーロ支部だ	MAP_D_CAD_00 983	
328	それならおれと	MAP_D_CAD_00 987	
	同じだな		
330	…よし、先に行って	MAP_D_CAD_00 989	
	おまえのことを		
	伝えておいてやろう		
334	………？	MAP_D_CAD_00 993	
335	func00_E_EVENT_END1	MAP_D_CAD_00 424	
339	func00_E_EVENT_END2	MAP_D_CAD_00 425	
342	では道案内を	MAP_D_CAD_00 1001	
	聞きにいらしたのですね		
344	向かって右側がドネイ回廊	MAP_D_CAD_00 1003	
	左側がフィッシェ街道		
	そして後ろがガンドアです		
346	func00_E_EVENT_END1	MAP_D_CAD_00 424	
348	func00_E_EVENT_END2	MAP_D_CAD_00 425	
349	func00_E_EVENT_START1	MAP_D_CAD_00 415	
352	func00_E_EVENT_START2	MAP_D_CAD_00 417	
360	ああ、おまえか	MAP_D_CAD_00 1019	
366	回覧板だな？	MAP_D_CAD_00 1025	
	この男から話は聞いた		
370	ああ	MAP_D_CAD_00 1029	
	サインを頼む		
374	…………	MAP_D_CAD_00 1033	X
	またアンチか…		
	やっかいだな…		
377	よし、内容は確認した	MAP_D_CAD_00 1036	
	ほら、サインもしたぞ		
382	残るサインは…	MAP_D_CAD_00 1041	
	カドモール支部か		
387	それもついでだ	MAP_D_CAD_00 1046	
	話をつけておいてやろう		
392	いや、別に…	MAP_D_CAD_00 1051	
396	…………	MAP_D_CAD_00 242	
397	func00_E_EVENT_END1	MAP_D_CAD_00 424	
399	func00_E_EVENT_END2	MAP_D_CAD_00 425	
400	func00_E_EVENT_START1	MAP_D_CAD_00 415	
405	func00_E_EVENT_START2	MAP_D_CAD_00 417	
415	話はついている	MAP_D_CAD_00 1074	
	ほら、回覧板を		
	貸してみろ		
422	…………	MAP_D_CAD_00 242	
425	…何が書いてあるんだ？	MAP_D_CAD_00 1084	
429	詳しくは言えませんが	MAP_D_CAD_00 1088	
	アンチに警戒しろ		
	という内容です		X
	先日のこの場所での		
	一件もありますし		X
	いつどこから		
	アンチの攻撃が来るとも		
	知れませんからね…		
432	…………	MAP_D_CAD_00 242	
435	…よし、サインできました	MAP_D_CAD_00 1094	
	リブラ支部への戻しを		
	お願いします		
442	待て、どこへ行く	MAP_D_CAD_00 1101	
447	このままおれが	MAP_D_CAD_00 1106	
	回覧板を持って戻れば		
	修練は完了になる		X
	…返してほしいか？		
451	…あたりまえだ	MAP_D_CAD_00 1110	X
	最初から、それを狙って		
	つきまとっていたのか？		
455	ああ、そうだ	MAP_D_CAD_00 1114	
	他の修練中		
	だというのも嘘だ		X
	おれはこの修練に		
	参加するつもりだったが		
	おまえに先を越された…		X
	だから、理由をつけて		
	修練を奪うチャンスを		
	探っていたんだ		
458	…………	MAP_D_CAD_00 242	
461	おれはランクを上げて	MAP_D_CAD_00 1120	
	絶対的な力と		
	権力を手に入れる		X
	そのために、おれは		
	どんな手であれ		
	できることを全てやる		
465	…できることをやる、か	MAP_D_CAD_00 1124	X
	それならおれは		
	おまえを倒して		
	回覧板を奪い返す		
469	受けて立とう	MAP_D_CAD_00 1128	
474	全力をもって	MAP_D_CAD_00 1133	
	おまえを打ちのめす！		
479	くっ……	MAP_D_CAD_00 1138	
482	これは返してもらう	MAP_D_CAD_00 1141	
486	おれは…弱いな	MAP_D_CAD_00 1145	
	おまえにすら勝てない		X
	機構を変えるためには		
	大きな力が		
	いるというのに…！		
489	機構を変える…？	MAP_D_CAD_00 1148	
	おまえ、アンチなのか？		
493	おれがアンチ…か	MAP_D_CAD_00 1152	
	自覚はないが		
	そうなのかもしれないな		
499	…おれの家は	MAP_D_CAD_00 1158	
	隣人のランカーに		
	壊された		X
	そいつは高位ランカーで		
	力も権力も持っていた…		X
	しがない職人の父		
	体の弱い母		
	そして幼かった自分{17}02		X
	だれもそいつに逆らえず		
	要求されるままに		
	金や物を差し出し…壊れた		
504	…おまえだって	MAP_D_CAD_00 1163	
	卑怯な手を使って		
	他人の修練を奪っただろう		
509	ああそうだ	MAP_D_CAD_00 1168	
	勝ちさえすれば		
	それが許されるからな		X
	どんな手でも利用して		
	強い権力を手に入れて…		
	いつか機構を変える！		X
	力なき者を救う機構に！		
514	力がなければ何もできない	MAP_D_CAD_00 1173	
	それが嫌なら…		
	強くなるしかない		
519	それができないやつを	MAP_D_CAD_00 1178	
	救おうとするのは悪か？		X
	おれの目標は		
	アンチとして蔑まれるべき		
	ものなのか！？		
525	…さあな	MAP_D_CAD_00 1184	
	でも、おまえは		
	おれに負けた		X
	意見を通したかったら…		
	勝つことだ		
530	…なるほど、おまえは	MAP_D_CAD_00 1189	
	機構の考えに		
	染まりきっているわけだ		X
	おれの話など		
	理解できないだろうな		
534	アンチの言葉なんて…	MAP_D_CAD_00 1193	
	理解できるはずがない		
538	…もう行け	MAP_D_CAD_00 1197	
	これ以上、話すことはない		
541	func00_E_EVENT_END1	MAP_D_CAD_00 424	
542	func00_E_EVENT_END2	MAP_D_CAD_00 425	
544	func00_E_EVENT_START1	MAP_D_CAD_00 415	
548	func00_E_EVENT_START2	MAP_D_CAD_00 417	
551	あ、回覧板の配達が	MAP_D_CAD_00 1210	
	終わったんですね		
556	サインは…	MAP_D_CAD_00 1215	
	うん、そろってますね		
558	それでは	MAP_D_CAD_00 1217	
	報奨をお渡しします		
563	あなたのご協力に	MAP_D_CAD_00 1222	
	感謝いたします！		
568	疲れたな…	MAP_D_CAD_00 1227	
	歩き回ったからな…		
	今日はもう戻るか		
570	func00_E_EVENT_END1	MAP_D_CAD_00 424	
572	func00_E_EVENT_END2	MAP_D_CAD_00 425	
573	func00_E_EVENT_START1	MAP_D_CAD_00 415	
577	func00_E_EVENT_START2	MAP_D_CAD_00 417	
580	…修練に参加するか？	MAP_D_KOU_01 523	
582	修練「タリー石を探せ」	MAP_D_KOU_01 525	
	に参加しますか？		
583	参加する	MAP_D_CAD_00 919	
584	参加しない	MAP_D_CAD_00 920	
589	わかった	MAP_D_KOU_01 532	
	簡単に説明する		
591	タリー石はトーロ荒地で	MAP_D_KOU_01 534	
	まれにみつかる		
	貴重な石だ		
593	赤のカサがついた	MAP_D_KOU_01 536	
	２段のサボテンを目印に		
	探すといい		
597	サボテンを目印に？	MAP_D_KOU_01 540	
601	ああ	MAP_D_KOU_01 544	
	タリー石はサボテンの		
	根元で見つかるものだ		
603	理由は…省略する	MAP_D_KOU_01 546	
607	…トーロ荒地で	MAP_D_KOU_01 550	
	サボテンのまわりを		
	調べればいいんだな？		
611	ああ、そうだ	MAP_D_KOU_01 554	
	タリー石を１つ見つけて		
	ここへ報告にこい		
613	func00_E_EVENT_END1	MAP_D_CAD_00 424	
615	func00_E_EVENT_END2	MAP_D_CAD_00 425	
618	そうか	MAP_D_KOU_01 561	
623	ジグ、何事もまずは	MAP_D_KOU_01 566	
	試してみなよ！		
625	func00_E_EVENT_END1	MAP_D_CAD_00 424	
626	func00_E_EVENT_END2	MAP_D_CAD_00 425	
627	func00_E_EVENT_START1	MAP_D_CAD_00 415	
629	func00_E_EVENT_START2	MAP_D_CAD_00 417	
631	このサボテンの根元は…	MAP_D_KOU_01 574	
634	…………	MAP_D_CAD_00 242	
636	石が出てきた	MAP_D_KOU_01 579	
	これがタリー石…か？		
641	このサボテンの根元は…	MAP_D_KOU_01 584	
	何もないな		
642	func00_E_EVENT_END1	MAP_D_CAD_00 424	
643	func00_E_EVENT_END2	MAP_D_CAD_00 425	
644	func00_E_EVENT_START1	MAP_D_CAD_00 415	
646	func00_E_EVENT_START2	MAP_D_CAD_00 417	
655	func00_E_EVENT_END1	MAP_D_CAD_00 424	
656	func00_E_EVENT_END2	MAP_D_CAD_00 425	
657	func00_E_EVENT_START1	MAP_D_CAD_00 415	
659	func00_E_EVENT_START2	MAP_D_CAD_00 417	
668	func00_E_EVENT_END1	MAP_D_CAD_00 424	
669	func00_E_EVENT_END2	MAP_D_CAD_00 425	
670	func00_E_EVENT_END1	MAP_D_CAD_00 424	
671	func00_E_EVENT_END2	MAP_D_CAD_00 425	
672	func00_E_EVENT_START1	MAP_D_CAD_00 415	
676	func00_E_EVENT_START2	MAP_D_CAD_00 417	
679	石を持ってきたようだな	MAP_D_KOU_01 622	
684	機構へはわたしから	MAP_D_KOU_01 627	
	報告をいれておく		
	…おまえの名前でな		
686	先に報奨を渡しておくぞ	MAP_D_KOU_01 629	
689	func00_E_EVENT_END1	MAP_D_CAD_00 424	
691	func00_E_EVENT_END2	MAP_D_CAD_00 425	
692	シーン初期化	MAP_D_CAD_00 1232	
			
693	オブジェクト配置	MAP_D_CAD_00 1233	
			
694	オブジェクトトラップ配置	MAP_D_CAD_00 1235	
			
695	サボテン	MAP_D_KOU_01 639	
697	マップチェンジトラップ配置	MAP_D_CAD_00 1236	
			
704	ＮＰＣ配置	MAP_D_CAD_00 1248	
			
706	トーロ支部の官吏		
717	ガンドアに行きたいなら		
	道が反対だぞ？		
719	ここはトーロ荒地		
	比較的安全な一帯だ		
	でも気は抜くなよ		
721	この先に行きたいなら		
	もっと強くなることだな		
723	おまえ、その赤い布…		
	機構に確認を		
	とっておくか…		
726	タイロン一家の新入り		
	ジグ、だな？		
730	…ああ	MAP_D_CAN_04 784	
734	この先の		
	【ウィルゴー砂漠】への		
	通行を許可する		X
	ただし、その先の		
	水源地帯へは		
	現状立ち入り禁止だ		
738	どうして急に？		
742	…ここだけの話だぞ？		X
	本来、砂漠への通行は		
	いろいろな手続きをして		
	はじめて許可される		X
	しかし、タイロン一家が		
	自由に動けないと		
	機構も…不便だからな		X
	まあ、そういうことだ		
	砂漠の獣は強いぞ		
	用心して行くんだな		
745	【ウィルゴー砂漠】への		
	通行を許可する		
	用心して行くんだな		
747	カンタレラで		
	騒ぎがあったみたいだな		X
	この支部の担当になって		
	それなりに長いが		X
	カンタレラの民と		
	会う機会は		
	ほとんどなかったよ		
749	事情は、機構を通じて		
	聞いている		X
	カドモール水源は		
	砂漠のさらに先だ		
	…気をつけて行ってこい		
751	水源へは、今後も自由に		
	立ち入っていいそうだ		
	有効に活用しろよ		
753	タイロン一家の解散か…		X
	当然の判断とはいえ		
	機構にもいろいろと		
	不都合が起きるだろうな		
755	アンチだの何だのと		
	不穏な噂は絶えないが		
	トーロ荒地は相変わらずだ		
757	おまえ…		
	何かあったのか？		X
	いや、前に通ったときと		
	なんだか違って見えてな		
759	具合が悪いなら		
	砂漠は控えたほうがいいぞ		
	命取りになりかねん		
761	かなりランクが上がったな		
	もうこんな場所じゃ		
	することもないだろう？		
763	機構内部があわただしい…		
	こんなとき、支部だと		
	情報が遅くて困る！		
765	おまえ…		
	おまえたちなんだな…		X
	…………		
767	時代が変わっていくのを		
	少し離れたところから		
	みている気分だったよ		X
	…よろしくな		
	新しい七騎士様		
769	あの空はなんだ？		
	嵐でもくるのか？		
771	七騎士ジグ殿に		
	ご武運を		
	…がんばってくれよ！		
773	負けから学ぶものもある		
	…ってことで		
	これもまた成長かな		
775	どしたの？		
	ああ、ランカー志望？		X
	それならガンドアへ		
	行かなくちゃね		
	反対の道を進むんだよ		
777	んー、今日もあんまり		
	ランクが上がらなかったよ		
	どうしよっかなぁ		
779	この前、修練で迷子を		
	助けたんだけどさ		
	すっごく感謝されたの		X
	ランクが上がる		
	修練じゃなかったけど		
	なんか嬉しかったな		
781	なんかドネイ回廊で		
	修練があるんだって？		
	それは参加せねば！		
783	修練に参加しようと思って		
	ドネイ回廊に向かったら		X
	途中で他のランカーと		
	戦いになってさ…		
	あっさり負けちゃったよ		
785	どこかの派閥に		
	入るっていうのも		
	いい転機だろうけどさ…		
787	ねぇ…なんか…		
	悲鳴聞いちゃったんだけど		
	なんだったの、あれ……		
789	タイロン一家が		
	砂漠の先へ…		X
	これはランクアップの		
	ニオイがぷんぷんする！		
791	何かものすっごい		
	修練ないかなぁ？		
	そう簡単にはないか…		
793	すっごい修練きた！		
	これはもう絶対に		
	参加でしょ！		X
	よーし、本気で七騎士入り		
	目指しちゃうからね！？		
795	鉄道に…鉄道に…		
	乗れなかった…		X
	あーっ、もう！		
	一世一代のチャンスが		
	台無しだよ！		X
	席あまってるなら		
	自由に乗せろーっ！		
797	わたしが		
	鉄道に乗れなかったことを		
	ひきずってる間に		X
	世間ではアンチってのが		
	話題になってるんだって？		X
	アンチ討伐の修練は		
	どれも報奨がいいとか…		
	素敵じゃない、アンチ！		
799	アンチ討伐で		
	ランクアップしたいけど		
	ここのところ動きなしね		
801	きたきたきた！		
	すごい修練！		
	アンチ倒しまくるから！		
803	…レゾナール海岸		
	いってみたよ		X
	わたしと同じくらいの		
	女の子ばっかりで…		
	みんな瀕死だった		X
	あんなの何もできないよ…		
	だからそのまま		
	帰ってきちゃった		
805	うそ、七騎士！？		
	…うわぁ、惜しいこと		
	しちゃった！		X
	わたしも		
	ケイロニアの戦いに		
	参加しとけばよかったよ		
807	だってさ、レゾナールで		
	あんなのをみた直後に		
	アンチ討伐できないって…		
809	ん、なんだろアレ？		
811	あの空がなんだっていいよ		
	すっごい修練がでるなら		
	むしろ歓迎する！		X
	ここのところ大きな修練を		
	全部逃してきたから…		
	今こそ大暴れしてやる！		
813	是非！		
	…といいたいけど		
	負け戦ばっかりもね		
815	いやいや、さすがに		
	そのランクには勝つよ？		
	それでもやるの？		
818	もうちょっと		
	強くなってからね		
820	いいねいいね！	Of course! Let's get started already!	
	はやくやろうよ！		
827	きみを倒す！	I'll defeat you and keep climbing the ranks!	
	んで、わたしは		
	更に上に行く！		
832	ほらー！		
	忠告は素直に聞くんだよ？		
838	くぅ、負けた！	You beat me, and you stole my skill, too!	
	しかも技まで盗まれた！		X
	【タイフーン】ってさ	[Typhoon] {13}01deals massive damage, but can only be used once{13}00.	
	{13}01１回限りの大ダメージ技{13}00		
	なんだよね…		X
	それを連発できるように	I trained so hard to be able to use it repeatedly, and you still beat me!	
	特訓したんだよ？		
	なのに負けたぁー！		
840	うん、そうしなよ		
	もうちょっと強くなったら		
	絶対に戦おうね		
842	ええ～？　ケチ！		
843	イベントトラップ配置	MAP_D_CAD_00 1413	
			
846	一定以上のランクで		
	手続きを終えたものしか		
	砂漠地帯へは通せないぞ		
871	NPC00	MAP_D_CAD_00 1443	
			
873	NPC01ヨア		
