0	■■■ func00_DEBUG_SIGN ■■■	MAP_D_CAD_00 0	
			
1	！！！エラー検出用サブルーチンを通りました！！！	MAP_D_CAD_00 1	
			
2	イビノスシンボル配置しない。フラグ：	MAP_D_CAD_00 2	
4	イビノスシンボル配置する。フラグ：	MAP_D_CAD_00 4	
7	ランカーファイル情報更新	MAP_D_CAD_00 7	
			
8	->旧:	MAP_D_CAD_00 8	
9	 追加:	MAP_D_CAD_00 9	
10	 結果:	MAP_D_CAD_00 10	
12	ランク:	MAP_D_CAD_00 12	
15	ランカー戦勝利・戻り値：	MAP_D_CAD_00 15	
17	ランキング戦を申し込みますか？	MAP_D_CAD_00 17	
18	申し込む	MAP_D_CAD_00 18	
19	やめておく	MAP_D_CAD_00 19	
22	イビノスシンボル倒した。フラグON：	MAP_D_CAD_00 22	
25	イビノス戦：イベント終了？	MAP_D_CAD_00 25	
			
26	スクリプト：未知のモーションタイプが指定されました	MAP_D_CAD_00 26	
			
33	***振り向き判定ＰＣ***	MAP_D_CAD_00 33	
			
34	現在:cmn_r0:	MAP_D_CAD_00 34	
36	目標:cmn_r1:	MAP_D_CAD_00 36	
38	差分:cmn_r2:	MAP_D_CAD_00 38	
40	差分＾２:cmn_r3:	MAP_D_CAD_00 40	
42	閾値＾２:cmn_r4:	MAP_D_CAD_00 42	
44	->pc振り向きません	MAP_D_CAD_00 44	
			
45	->pc振り向きます	MAP_D_CAD_00 45	
			
47	***振り向き判定***	MAP_D_CAD_00 47	
			
48	現在:cmn_r0:	MAP_D_CAD_00 34	
50	目標:cmn_r1:	MAP_D_CAD_00 36	
52	差分:cmn_r2:	MAP_D_CAD_00 38	
54	差分＾２:cmn_r3:	MAP_D_CAD_00 40	
56	閾値＾２:cmn_r4:	MAP_D_CAD_00 42	
58	->npc振り向きません	MAP_D_CAD_00 58	
			
59	->npc振り向きます	MAP_D_CAD_00 59	
			
63	ロード待ち開始	MAP_D_CAD_00 63	
			
64	ロード待ち終了	MAP_D_CAD_00 64	
			
65	{15}0C{14}L00000000を	MAP_D_CAD_00 65	
	手に入れた		
66	{15}0E{14}L00000000を	MAP_D_CAD_00 66	
	手に入れた		
67	{15}0F{14}L00000000を	MAP_D_CAD_00 67	
	手に入れた		
68	{15}0D{14}L00000000を	MAP_D_CAD_00 68	
	手に入れた		
69	{15}10{14}L00000000を	MAP_D_CAD_00 69	
	手に入れた		
70	{15}12{14}L00000000を	MAP_D_CAD_00 70	
	手に入れた		
71	{15}11{14}L00000000を	MAP_D_CAD_00 71	
	手に入れた		
72	{15}13{14}L00000000を{1d}L00000001個	MAP_D_CAD_00 72	
	手に入れた		
73	{15}14{14}L00000000を{1d}L00000001個	MAP_D_CAD_00 73	
	手に入れた		
74	{15}14{14}L00000000を	MAP_D_CAD_00 74	
	手に入れた		
75	{15}1B{14}L00000000を	MAP_D_CAD_00 75	
	手に入れた		
76	{14}L00000000を	MAP_D_CAD_00 76	
	手に入れた		
77	{1d}L00000000Ｂを手に入れた	MAP_D_CAD_00 77	
			
78	num_calc：	MAP_D_CAD_00 78	
80	{15}0C{14}L00000000を	MAP_D_CAD_00 80	
	手渡した		
81	{15}0E{14}L00000000を	MAP_D_CAD_00 81	
	手渡した		
82	{15}0F{14}L00000000を	MAP_D_CAD_00 82	
	手渡した		
83	{15}0D{14}L00000000を	MAP_D_CAD_00 83	
	手渡した		
84	{15}10{14}L00000000を	MAP_D_CAD_00 84	
	手渡した		
85	{15}12{14}L00000000を	MAP_D_CAD_00 85	
	手渡した		
86	{15}11{14}L00000000を	MAP_D_CAD_00 86	
	手渡した		
87	{15}13{14}L00000000を{1d}L00000001個	MAP_D_CAD_00 87	
	手渡した		
88	{15}14{14}L00000000を{1d}L00000001個	MAP_D_CAD_00 88	
	手渡した		
89	{15}14{14}L00000000を	MAP_D_CAD_00 89	
	手渡した		
90	{15}1B{14}L00000000を	MAP_D_CAD_00 90	
	手渡した		
91	{14}L00000000を	MAP_D_CAD_00 91	
	手渡した		
			
92	■■ret0■■：	MAP_D_CAD_00 92	
96	■■ret■■：	MAP_D_CAD_00 96	
98	cmn_option:	MAP_D_CAD_00 98	
106	セーブポイント	MAP_D_CAD_00 106	
107	データ削除ユーティリティを起動します	MAP_D_CAD_00 107	
	ゲームプレイデータのセーブには		
	{1d}L00000001KB以上の空き容量が必要です		
108	ネックタイプ：	MAP_D_CAD_00 108	
110	首の初期化	MAP_D_CAD_00 110	
			
111	ネックタイプ：	MAP_D_CAD_00 108	
115	大橋が	MAP_D_CAD_00 115	
	トラベルマップで使用可能になりました		
116	下区：商業区が	MAP_D_CAD_00 116	
	トラベルマップで使用可能になりました		
117	下区：ランカー居住区が	MAP_D_CAD_00 117	
	トラベルマップで使用可能になりました		
118	下区：闘技場前が	MAP_D_CAD_00 118	
	トラベルマップで使用可能になりました		
119	タイロン租界が	MAP_D_CAD_00 119	
	トラベルマップで使用可能になりました		
120	バザルタ出張所前が	MAP_D_CAD_00 120	
	トラベルマップで使用可能になりました		
121	上区：噴水広場前が	MAP_D_CAD_00 121	
	トラベルマップで使用可能になりました		
122	バザルタ本部前が	MAP_D_CAD_00 122	
	トラベルマップで使用可能になりました		
123	フラグ・フィールド：	MAP_D_CAD_00 123	
125	フラグ・フィールド：	MAP_D_CAD_00 123	
127	ガンドアが	MAP_D_CAD_00 127	
	トラベルマップで使用可能になりました		
128	カンタレラが	MAP_D_CAD_00 128	
	トラベルマップで使用可能になりました		
129	トーロ荒地が	MAP_D_CAD_00 129	
	トラベルマップで使用可能になりました		
130	リブラ森林が	MAP_D_CAD_00 130	
	トラベルマップで使用可能になりました		
131	マイヤールの森が	MAP_D_CAD_00 131	
	トラベルマップで使用可能になりました		
132	ベリエ街道が	MAP_D_CAD_00 132	
	トラベルマップで使用可能になりました		
133	ドネイ回廊が	MAP_D_CAD_00 133	
	トラベルマップで使用可能になりました		
134	ウィルゴー砂漠が	MAP_D_CAD_00 134	
	トラベルマップで使用可能になりました		
135	カドモール水源が	MAP_D_CAD_00 135	
	トラベルマップで使用可能になりました		
136	カルキノス荒地が	MAP_D_CAD_00 136	
	トラベルマップで使用可能になりました		
137	ラ・キット遺跡が	MAP_D_CAD_00 137	
	トラベルマップで使用可能になりました		
138	レオン峡谷が	MAP_D_CAD_00 138	
	トラベルマップで使用可能になりました		
139	ソダー回廊が	MAP_D_CAD_00 139	
	トラベルマップで使用可能になりました		
140	ニシュラ氷河が	MAP_D_CAD_00 140	
	トラベルマップで使用可能になりました		
141	いにしえの回廊が	MAP_D_CAD_00 141	
	トラベルマップで使用可能になりました		
142	フィッシェ街道が	MAP_D_CAD_00 142	
	トラベルマップで使用可能になりました		
143	レゾナール海岸が	MAP_D_CAD_00 143	
	トラベルマップで使用可能になりました		
144	ケイロニア高原が	MAP_D_CAD_00 144	
	トラベルマップで使用可能になりました		
145	ケイロニア砦が	MAP_D_CAD_00 145	
	トラベルマップで使用可能になりました		
146	サルバトーレ離宮が	MAP_D_CAD_00 146	
	トラベルマップで使用可能になりました		
147	リストにないよ？	MAP_D_CAD_00 147	
			
148	_case:	MAP_D_CAD_00 148	
151	「討伐修練【低位１】」の	MAP_D_CAD_00 151	
	クリア条件を満たした！		
152	「討伐修練【低位２】」の	MAP_D_CAD_00 152	
	クリア条件を満たした！		
153	「討伐修練【低位３】」の	MAP_D_CAD_00 153	
	クリア条件を満たした！		
154	「討伐修練【低位４】」の	MAP_D_CAD_00 154	
	クリア条件を満たした！		
155	「討伐修練【低位５】」の	MAP_D_CAD_00 155	
	クリア条件を満たした！		
156	「討伐修練【中位１】」の	MAP_D_CAD_00 156	
	クリア条件を満たした！		
157	「討伐修練【中位２】」の	MAP_D_CAD_00 157	
	クリア条件を満たした！		
158	「討伐修練【高位１】」の	MAP_D_CAD_00 158	
	クリア条件を満たした！		
159	「討伐修練【高位２】」の	MAP_D_CAD_00 159	
	クリア条件を満たした！		
160	「薬草探しの代理人」の	MAP_D_CAD_00 160	
	クリア条件を満たした！		
161	「新商品開発の手伝い」の	MAP_D_CAD_00 161	
	クリア条件を満たした！		
162	「蒼の指環を求めて」の	MAP_D_CAD_00 162	
	クリア条件を満たした！		
163	「雪中の贈り物」の	MAP_D_CAD_00 163	
	クリア条件を満たした！		
164	「加護あることを祈って」の	MAP_D_CAD_00 164	
	クリア条件を満たした！		
165	「追想の白い花」の	MAP_D_CAD_00 165	
	クリア条件を満たした！		
166	「来れ、好運の使者！」の	MAP_D_CAD_00 166	
	クリア条件を満たした！		
167	「武術指南のお願い」の	MAP_D_CAD_00 167	
	クリア条件を満たした！		
168	「行方不明の従業員」の	MAP_D_CAD_00 168	
	クリア条件を満たした！		
169	「スキルチップ収集中」の	MAP_D_CAD_00 169	
	クリア条件を満たした！		
170	「盗難品の行方は」の	MAP_D_CAD_00 170	
	クリア条件を満たした！		
171	「資料集めのアシスタント」の	MAP_D_CAD_00 171	
	クリア条件を満たした！		
172	「河畔の生態系調査」の	MAP_D_CAD_00 172	
	クリア条件を満たした！		
173	「新人官吏を捕獲せよ」の	MAP_D_CAD_00 173	
	クリア条件を満たした！		
174	「黒い積荷の回収」の	MAP_D_CAD_00 174	
	クリア条件を満たした！		
175	「悪徳商売を抑止せよ」の	MAP_D_CAD_00 175	
	クリア条件を満たした！		
176	「新人ランカー襲撃事件」の	MAP_D_CAD_00 176	
	クリア条件を満たした！		
177	「優しい猛者、募集中」の	MAP_D_CAD_00 177	
	クリア条件を満たした！		
178	「異郷からきた尋ね人」の	MAP_D_CAD_00 178	
	クリア条件を満たした！		
179	「勇壮なる護衛の依頼」の	MAP_D_CAD_00 179	
	クリア条件を満たした！		
180	「赫の指環を求めて」の	MAP_D_CAD_00 180	
	クリア条件を満たした！		
181	「闘技場の害獣駆除」の	MAP_D_CAD_00 181	
	クリア条件を満たした！		
182	「回覧板配達人」の	MAP_D_CAD_00 182	
	クリア条件を満たした！		
183	「討伐修練【緊急】」の	MAP_D_CAD_00 183	
	クリア条件を満たした！		
184	「鉱物資源の収集【緊急】」の	MAP_D_CAD_00 184	
	クリア条件を満たした！		
185	「タリー石を探せ」の	MAP_D_CAD_00 185	
	クリア条件を満たした！		
186	「甘梅草を探せ」の	MAP_D_CAD_00 186	
	クリア条件を満たした！		
187	「衛兵の剣の没収」の	MAP_D_CAD_00 187	
	クリア条件を満たした！		
188	「衛兵の剣の返却」の	MAP_D_CAD_00 188	
	クリア条件を満たした！		
189	「森のイビノス駆除【重大】」の	MAP_D_CAD_00 189	
	クリア条件を満たした！		
190	「回廊のイビノス駆除【重大】」の	MAP_D_CAD_00 190	
	クリア条件を満たした！		
191	「七騎士認定修練【重大】」の	MAP_D_CAD_00 191	
	クリア条件を満たした！		
192	ガンドアが	MAP_D_CAD_00 192	
	トラベルマップで通行可能になりました		
193	ガンドアが	MAP_D_CAD_00 193	
	トラベルマップで通行不能になりました		
194	カンタレラが	MAP_D_CAD_00 194	
	トラベルマップで通行可能になりました		
195	カンタレラが	MAP_D_CAD_00 195	
	トラベルマップで通行不能になりました		
196	トーロ荒地が	MAP_D_CAD_00 196	
	トラベルマップで通行可能になりました		
197	トーロ荒地が	MAP_D_CAD_00 197	
	トラベルマップで通行不能になりました		
198	リブラ森林が	MAP_D_CAD_00 198	
	トラベルマップで通行可能になりました		
199	リブラ森林が	MAP_D_CAD_00 199	
	トラベルマップで通行不能になりました		
200	マイヤールの森が	MAP_D_CAD_00 200	
	トラベルマップで通行可能になりました		
201	マイヤールの森が	MAP_D_CAD_00 201	
	トラベルマップで通行不能になりました		
202	ベリエ街道が	MAP_D_CAD_00 202	
	トラベルマップで通行可能になりました		
203	ベリエ街道が	MAP_D_CAD_00 203	
	トラベルマップで通行不能になりました		
204	ドネイ回廊が	MAP_D_CAD_00 204	
	トラベルマップで通行可能になりました		
205	ドネイ回廊が	MAP_D_CAD_00 205	
	トラベルマップで通行不能になりました		
206	ウィルゴー砂漠が	MAP_D_CAD_00 206	
	トラベルマップで通行可能になりました		
207	ウィルゴー砂漠が	MAP_D_CAD_00 207	
	トラベルマップで通行不能になりました		
208	カドモール水源が	MAP_D_CAD_00 208	
	トラベルマップで通行可能になりました		
209	カドモール水源が	MAP_D_CAD_00 209	
	トラベルマップで通行不能になりました		
210	カルキノス荒地が	MAP_D_CAD_00 210	
	トラベルマップで通行可能になりました		
211	カルキノス荒地が	MAP_D_CAD_00 211	
	トラベルマップで通行不能になりました		
212	ラ・キット遺跡が	MAP_D_CAD_00 212	
	トラベルマップで通行可能になりました		
213	ラ・キット遺跡が	MAP_D_CAD_00 213	
	トラベルマップで通行不能になりました		
214	レオン峡谷が	MAP_D_CAD_00 214	
	トラベルマップで通行可能になりました		
215	レオン峡谷が	MAP_D_CAD_00 215	
	トラベルマップで通行不能になりました		
216	ソダー回廊が	MAP_D_CAD_00 216	
	トラベルマップで通行可能になりました		
217	ソダー回廊が	MAP_D_CAD_00 217	
	トラベルマップで通行不能になりました		
218	ニシュラ氷河が	MAP_D_CAD_00 218	
	トラベルマップで通行可能になりました		
219	ニシュラ氷河が	MAP_D_CAD_00 219	
	トラベルマップで通行不能になりました		
220	いにしえの回廊が	MAP_D_CAD_00 220	
	トラベルマップで通行可能になりました		
221	いにしえの回廊が	MAP_D_CAD_00 221	
	トラベルマップで通行不能になりました		
222	フィッシェ街道が	MAP_D_CAD_00 222	
	トラベルマップで通行可能になりました		
223	フィッシェ街道が	MAP_D_CAD_00 223	
	トラベルマップで通行不能になりました		
224	レゾナール海岸が	MAP_D_CAD_00 224	
	トラベルマップで通行可能になりました		
225	レゾナール海岸が	MAP_D_CAD_00 225	
	トラベルマップで通行不能になりました		
226	ケイロニア高原が	MAP_D_CAD_00 226	
	トラベルマップで通行可能になりました		
227	ケイロニア高原が	MAP_D_CAD_00 227	
	トラベルマップで通行不能になりました		
228	ケイロニア砦が	MAP_D_CAD_00 228	
	トラベルマップで通行可能になりました		
229	ケイロニア砦が	MAP_D_CAD_00 229	
	トラベルマップで通行不能になりました		
230	サルバトーレ離宮が	MAP_D_CAD_00 230	
	トラベルマップで通行可能になりました		
231	サルバトーレ離宮が	MAP_D_CAD_00 231	
	トラベルマップで通行不能になりました		
232	リストにないよ？	MAP_D_CAD_00 147	
			
237	func00_C_EVENT_START1	MAP_D_CAD_00 233	
240	マキス	MAP_D_CAD_00 1258	
249	func00_C_EVENT_START2	MAP_D_CAD_00 238	
256	親方、急いでください！	MAP_D_LUK_00 256	
	中は挑戦者で		
	いっぱいだ！		
261	ふん、ポンコツや	MAP_D_LUK_00 261	
	ザコばかりじゃねえのか？		
264	んー、さすが親方！	MAP_D_LUK_00 264	
269	おい、ジグっち、来い！	MAP_D_LUK_00 269	
274	…………	MAP_D_CAD_00 242	
278	先に入って	MAP_D_LUK_00 278	
	木っ端ランカーどもを		
	片付けて来い		X
	おれはセンゴクと戦うまで		
	カスリ傷ひとつ		
	負いたくねえ		X
	完璧な状態で		
	やつの技を受けてえのよ		
282	親方、そういうことなら	MAP_D_LUK_00 282	
	おれが！		
285	あっしも！	MAP_D_LUK_00 285	
289	親方、おいらに	MAP_D_LUK_00 289	
	おまかせを！		
294	しゃあねえな…	MAP_D_LUK_00 294	
	古株の顔も立てねえとな…		
300	親方、そういうことは	MAP_D_LUK_00 300	
	おれらがいない時に		
	言うもんです		
306	ぅるせえ！	MAP_D_LUK_00 306	
	とっとと行きやがれ！		
313	へいやっ！	MAP_D_LUK_00 313	
322	おい、マキス	MAP_D_LUK_00 322	
325	はい？	MAP_D_LUK_00 325	
329	誰がやってくれるか	MAP_D_LUK_00 329	
	賭けねえか？		
334	そういうことはジグが	MAP_D_LUK_00 334	
	いない時に…		
	って、まあ、いいでしょう		X
	わたしはもちろん		
	ジグに賭けますよ		
339	チッ…	MAP_D_LUK_00 339	
	賭けにならねえじゃねえか		
343	さあ、頼んだぜ	MAP_D_LUK_00 343	
344	func00_C_EVENT_END1	MAP_D_CAD_00 372	
350	func00_C_EVENT_END2	MAP_D_CAD_00 377	
351	func00_E_EVENT_START1	MAP_D_CAD_00 415	
352	func00_E_EVENT_START2	MAP_D_CAD_00 417	
354	センゴク様…	MAP_D_LUK_00 354	
	上まで行けません…		
356	うう…やっぱりおまえかぁ	MAP_D_LUK_00 356	
	がんばれよ…		
358	あとはまかせたぞ、ジグ…	MAP_D_LUK_00 358	
359	func00_E_EVENT_END1	MAP_D_CAD_00 424	
360	func00_E_EVENT_END2	MAP_D_CAD_00 425	
361	func00_C_EVENT_START1	MAP_D_CAD_00 233	
364	func00_C_EVENT_START2	MAP_D_CAD_00 238	
367	これは…	MAP_D_LUK_00 367	
375	カンタレラの紋章が	MAP_D_LUK_00 375	
	どうしてここに…		
378	この遺跡は大昔に	MAP_D_LUK_00 378	
	カンタレラの人々が		
	建てたのよ		
381	誰だ！？	MAP_D_CAN_00 409	
387	姿を見せろ！	MAP_D_LUK_00 387	
391	シッ…	MAP_D_LUK_00 391	X
	少しのあいだ		
	話を聞いて		X
	とても大切な話だから		
394	その声は…	MAP_D_LUK_00 394	
	カドモール水源にいた		
	アンチの女！		
399	世界の未来を願って	MAP_D_LUK_00 399	
	この塔を建てた		
	カンタレラの人々は…		X
	サルバトーレ王家と		
	バザルタ王家によって		
	滅ぼされてしまった		X
	生き残った少数の		
	カンタレラの民は…		X
	長い時の流れの中で		
	歴史と誇りを		
	なくしてしまった…		
404	おれには関係ない	MAP_D_LUK_00 404	
406	そう、誇りを捨てた	MAP_D_LUK_00 406	
	あなたには関係ない		
409	ふん、そんなもの…	MAP_D_LUK_00 409	X
	誇りなんて		
	カンタレラには		
	最初からなかった		
411	そう思っているのは	MAP_D_LUK_00 411	
	あなただけ		
414	ねえ、教えて	MAP_D_LUK_00 414	
	カンタレラの誇りを持った		
	人たちの行方を……		
418	知るか	MAP_D_LUK_00 418	
420	薄情ね…	MAP_D_LUK_00 420	
424	おい！	MAP_D_KOU_03 671	
425	func00_C_EVENT_END1	MAP_D_CAD_00 372	
428	func00_C_EVENT_END2	MAP_D_CAD_00 377	
429	func00_C_EVENT_START1	MAP_D_CAD_00 233	
433	func00_C_EVENT_START2	MAP_D_CAD_00 238	
437	ジグ…	MAP_D_LUK_00 437	
	おめえ、すげえよ		X
	親方が見込んだだけの		
	ことはあるぜ		
441	いじわるしたことも	MAP_D_LUK_00 441	
	あったよな…		
	許してくれよな…		
446	最後の別れみたいな	MAP_D_LUK_00 446	
	言い方だな		
452	へへっ！	MAP_D_LUK_00 452	
	ちょっとばかり		
	気分出しただけよ		
458	さーて…	MAP_D_LUK_00 458	X
	おれはケガ人連れて		
	一足先に帰るから		
	親方のこと、たのんだぜ		
463	ああ、わかった	MAP_D_CAD_00 954	
466	func00_C_EVENT_END1	MAP_D_CAD_00 372	
469	func00_C_EVENT_END2	MAP_D_CAD_00 377	
470	func00_C_EVENT_START1	MAP_D_CAD_00 233	
474	func00_C_EVENT_START2	MAP_D_CAD_00 238	
479	よう、ジグっち	MAP_D_LUK_00 479	
484	さあ、やるか	MAP_D_LUK_00 484	
489	何を？	MAP_D_LUK_00 489	
494	この上で待ってる	MAP_D_LUK_00 494	
	センゴクの相手を		
	決めるのよ！		X
	センゴクが出した条件は		
	対戦に勝つことじゃねえ		X
	技を受けても		
	立っていれば		
	いいってだけだ		X
	ジグっちでも		
	なんとかなるかも		
	しれねえぞ		
498	…かもな	MAP_D_CAD_00 310	
502	…と、その気にさせて	MAP_D_LUK_00 502	
	打ちのめすおれっち		
506	いつでも、どんぞ	MAP_D_LUK_00 506	
509	func00_C_EVENT_END1	MAP_D_CAD_00 372	
511	func00_C_EVENT_END2	MAP_D_CAD_00 377	
512	func00_C_EVENT_START1	MAP_D_CAD_00 233	
514	func00_C_EVENT_START2	MAP_D_CAD_00 238	
517	強くなったな、ジグっち	MAP_D_LUK_00 517	
520	まだまだだ	MAP_D_LUK_00 520	
525	気にするな	MAP_D_LUK_00 525	
	おれっちが相手じゃ		
	仕方がねえ		
528	…………	MAP_D_CAD_00 242	
532	じゃあ、行ってくるわ	MAP_D_LUK_00 532	
535	func00_C_EVENT_END1	MAP_D_CAD_00 372	
538	func00_C_EVENT_END2	MAP_D_CAD_00 377	
539	func00_BATTLE_EVENT	MAP_D_CAD_00 457	
540	func00_B_EVENT_START1	MAP_D_CAD_00 459	
550	func00_B_EVENT_START2	MAP_D_CAD_00 465	
558	よく見ておくんだ、ジグ	MAP_D_LUK_00 558	
559	これはスゴイ対戦だよ	MAP_D_LUK_00 559	
565	おぬしの間で来るが良い	MAP_D_LUK_00 565	
569	では、	MAP_D_LUK_00 569	
570	遠慮無く	MAP_D_LUK_00 570	
576	func00_B_EVENT_END1	MAP_D_CAD_00 522	
582	func00_B_EVENT_END2	MAP_D_CAD_00 527	
583	func00_C_EVENT_START1	MAP_D_CAD_00 233	
589	func00_C_EVENT_START2	MAP_D_CAD_00 238	
592	見事だ、タイロン	MAP_D_LUK_00 592	X
	急ぎ、ガンドアへ戻り		
	七騎士入りの誓約を		
	するがよい		
598	センゴクさんよ…	MAP_D_LUK_00 598	
	今のチンケな技はなんだ？		
603	あんな技、ミミズでも	MAP_D_LUK_00 603	
	受けられるぞ		
608	長い七騎士暮らしで	MAP_D_LUK_00 608	
	拙者の腕も落ちたかな		
616	面白くねえ…	MAP_D_LUK_00 616	
617	【修練失敗】	MAP_D_LUK_00 617	
	{13}07重大修練「七騎士認定修練」は		
	タイロンによって達成された		
	参加中のランカーは速やかに解散すべし{13}00		
623	新しい風…	MAP_D_LUK_00 623	
625	あん？	MAP_D_LUK_00 625	
630	我々が感じているより	MAP_D_LUK_00 630	
	機構の空気は		
	淀んでいるのかも…		
637	我々ってのは誰だ？	MAP_D_LUK_00 637	
	おれっちはなーんにも		
	感じてねえぞ		
641	タイロンさん	MAP_D_LUK_00 641	
	あなたが何も感じて		
	いないはずがない！		
645	なんだよ…	MAP_D_LUK_00 645	
	ずいぶん強気じゃねえか		
651	てめえ！	MAP_D_LUK_00 651	
653	ひっ	MAP_D_LUK_00 653	
660	また来やがったか！	MAP_D_LUK_00 660	
662	何度でも来るわよ…	MAP_D_LUK_00 662	
669	うっ！	MAP_D_LUK_00 669	
673	func00_C_EVENT_END1	MAP_D_CAD_00 372	
676	func00_C_EVENT_END2	MAP_D_CAD_00 377	
677	func00_C_EVENT_START1	MAP_D_CAD_00 233	
679	func00_C_EVENT_START2	MAP_D_CAD_00 238	
681	タイロン？	MAP_D_LUK_00 681	
683	どこにもいない	MAP_D_LUK_00 683	
687	話がちがうぞ、イゴリダ	MAP_D_LUK_00 687	
692	それはどういうことだ？	MAP_D_LUK_00 692	X
	イゴリダというのは		
	あの女の名前か？		X
	マキス		
	あんた、何を		
	隠している…		
700	ジグっち…	MAP_D_LUK_00 700	
702	ジグだ	MAP_D_KOU_03 546	
707	ジグ…	MAP_D_LUK_00 707	
	話せる時が来たら		
	全部話すよ		
711	今話せ	MAP_D_LUK_00 711	
715	カンタレラが滅ぼされ…	MAP_D_LUK_00 715	
	でも、生き残りがいると		
	知った時…		X
	何もかも捨てて		
	探しに行く…		X
	ジグはそういう男だと		
	思っていた…		
721	マキス…あんた	MAP_D_LUK_00 721	
	アンチなんだな？		
725	その呼び方…	MAP_D_LUK_00 725	
	すっかり機構の一員だ		
729	そう仕向けたのは誰だ！	MAP_D_LUK_00 729	
732	わたしだと	MAP_D_LUK_00 732	
	言いたいんだよね？		X
	でも、ちがうんだな		
737	おれ自身だって言うのか？	MAP_D_LUK_00 737	X
	おれにどんな自由が		
	あったんだよ！		
743	カンタレラでは	MAP_D_LUK_00 743	
	ずっと自由だった		
	じゃないか…		
749	どうしてこんなことに…	MAP_D_LUK_00 749	
750	func00_C_EVENT_END1	MAP_D_CAD_00 372	
752	func00_C_EVENT_END2	MAP_D_CAD_00 377	
754	シーン初期化	MAP_D_CAD_00 1232	
			
755	オブジェクト配置	MAP_D_CAD_00 1233	
			
756	オブジェクトトラップ配置	MAP_D_CAD_00 1235	
			
757	マップチェンジトラップ配置	MAP_D_CAD_00 1236	
			
761	ＮＰＣ配置	MAP_D_CAD_00 1248	
			
764	イベントトラップ配置	MAP_D_CAD_00 1413	
			
765	リド脱落		
			
767	タイロン合流		
			
769	ＶＳタイロン		
			
771	タイロンの勝ち		
			
773	？？？	MAP_D_CAD_01 744	
798	OBJ_NPC00	MAP_D_CAN_00 1060	
