0	■■■ func00_DEBUG_SIGN ■■■	MAP_D_CAD_00 0	
			
1	！！！エラー検出用サブルーチンを通りました！！！	MAP_D_CAD_00 1	
			
2	イビノスシンボル配置しない。フラグ：	MAP_D_CAD_00 2	
4	イビノスシンボル配置する。フラグ：	MAP_D_CAD_00 4	
7	ランカーファイル情報更新	MAP_D_CAD_00 7	
			
8	->旧:	MAP_D_CAD_00 8	
9	 追加:	MAP_D_CAD_00 9	
10	 結果:	MAP_D_CAD_00 10	
12	ランク:	MAP_D_CAD_00 12	
15	ランカー戦勝利・戻り値：	MAP_D_CAD_00 15	
17	ランキング戦を申し込みますか？	MAP_D_CAD_00 17	
18	申し込む	MAP_D_CAD_00 18	
19	やめておく	MAP_D_CAD_00 19	
22	イビノスシンボル倒した。フラグON：	MAP_D_CAD_00 22	
25	イビノス戦：イベント終了？	MAP_D_CAD_00 25	
			
26	スクリプト：未知のモーションタイプが指定されました	MAP_D_CAD_00 26	
			
33	***振り向き判定ＰＣ***	MAP_D_CAD_00 33	
			
34	現在:cmn_r0:	MAP_D_CAD_00 34	
36	目標:cmn_r1:	MAP_D_CAD_00 36	
38	差分:cmn_r2:	MAP_D_CAD_00 38	
40	差分＾２:cmn_r3:	MAP_D_CAD_00 40	
42	閾値＾２:cmn_r4:	MAP_D_CAD_00 42	
44	->pc振り向きません	MAP_D_CAD_00 44	
			
45	->pc振り向きます	MAP_D_CAD_00 45	
			
47	***振り向き判定***	MAP_D_CAD_00 47	
			
48	現在:cmn_r0:	MAP_D_CAD_00 34	
50	目標:cmn_r1:	MAP_D_CAD_00 36	
52	差分:cmn_r2:	MAP_D_CAD_00 38	
54	差分＾２:cmn_r3:	MAP_D_CAD_00 40	
56	閾値＾２:cmn_r4:	MAP_D_CAD_00 42	
58	->npc振り向きません	MAP_D_CAD_00 58	
			
59	->npc振り向きます	MAP_D_CAD_00 59	
			
63	ロード待ち開始	MAP_D_CAD_00 63	
			
64	ロード待ち終了	MAP_D_CAD_00 64	
			
65	{15}0C{14}L00000000を	MAP_D_CAD_00 65	
	手に入れた		
66	{15}0E{14}L00000000を	MAP_D_CAD_00 66	
	手に入れた		
67	{15}0F{14}L00000000を	MAP_D_CAD_00 67	
	手に入れた		
68	{15}0D{14}L00000000を	MAP_D_CAD_00 68	
	手に入れた		
69	{15}10{14}L00000000を	MAP_D_CAD_00 69	
	手に入れた		
70	{15}12{14}L00000000を	MAP_D_CAD_00 70	
	手に入れた		
71	{15}11{14}L00000000を	MAP_D_CAD_00 71	
	手に入れた		
72	{15}13{14}L00000000を{1d}L00000001個	MAP_D_CAD_00 72	
	手に入れた		
73	{15}14{14}L00000000を{1d}L00000001個	MAP_D_CAD_00 73	
	手に入れた		
74	{15}14{14}L00000000を	MAP_D_CAD_00 74	
	手に入れた		
75	{15}1B{14}L00000000を	MAP_D_CAD_00 75	
	手に入れた		
76	{14}L00000000を	MAP_D_CAD_00 76	
	手に入れた		
77	{1d}L00000000Ｂを手に入れた	MAP_D_CAD_00 77	
			
78	num_calc：	MAP_D_CAD_00 78	
80	{15}0C{14}L00000000を	MAP_D_CAD_00 80	
	手渡した		
81	{15}0E{14}L00000000を	MAP_D_CAD_00 81	
	手渡した		
82	{15}0F{14}L00000000を	MAP_D_CAD_00 82	
	手渡した		
83	{15}0D{14}L00000000を	MAP_D_CAD_00 83	
	手渡した		
84	{15}10{14}L00000000を	MAP_D_CAD_00 84	
	手渡した		
85	{15}12{14}L00000000を	MAP_D_CAD_00 85	
	手渡した		
86	{15}11{14}L00000000を	MAP_D_CAD_00 86	
	手渡した		
87	{15}13{14}L00000000を{1d}L00000001個	MAP_D_CAD_00 87	
	手渡した		
88	{15}14{14}L00000000を{1d}L00000001個	MAP_D_CAD_00 88	
	手渡した		
89	{15}14{14}L00000000を	MAP_D_CAD_00 89	
	手渡した		
90	{15}1B{14}L00000000を	MAP_D_CAD_00 90	
	手渡した		
91	{14}L00000000を	MAP_D_CAD_00 91	
	手渡した		
			
92	■■ret0■■：	MAP_D_CAD_00 92	
96	■■ret■■：	MAP_D_CAD_00 96	
98	cmn_option:	MAP_D_CAD_00 98	
106	セーブポイント	MAP_D_CAD_00 106	
107	データ削除ユーティリティを起動します	MAP_D_CAD_00 107	
	ゲームプレイデータのセーブには		
	{1d}L00000001KB以上の空き容量が必要です		
108	ネックタイプ：	MAP_D_CAD_00 108	
110	首の初期化	MAP_D_CAD_00 110	
			
111	ネックタイプ：	MAP_D_CAD_00 108	
115	大橋が	MAP_D_CAD_00 115	
	トラベルマップで使用可能になりました		
116	下区：商業区が	MAP_D_CAD_00 116	
	トラベルマップで使用可能になりました		
117	下区：ランカー居住区が	MAP_D_CAD_00 117	
	トラベルマップで使用可能になりました		
118	下区：闘技場前が	MAP_D_CAD_00 118	
	トラベルマップで使用可能になりました		
119	タイロン租界が	MAP_D_CAD_00 119	
	トラベルマップで使用可能になりました		
120	バザルタ出張所前が	MAP_D_CAD_00 120	
	トラベルマップで使用可能になりました		
121	上区：噴水広場前が	MAP_D_CAD_00 121	
	トラベルマップで使用可能になりました		
122	バザルタ本部前が	MAP_D_CAD_00 122	
	トラベルマップで使用可能になりました		
123	フラグ・フィールド：	MAP_D_CAD_00 123	
125	フラグ・フィールド：	MAP_D_CAD_00 123	
127	ガンドアが	MAP_D_CAD_00 127	
	トラベルマップで使用可能になりました		
128	カンタレラが	MAP_D_CAD_00 128	
	トラベルマップで使用可能になりました		
129	トーロ荒地が	MAP_D_CAD_00 129	
	トラベルマップで使用可能になりました		
130	リブラ森林が	MAP_D_CAD_00 130	
	トラベルマップで使用可能になりました		
131	マイヤールの森が	MAP_D_CAD_00 131	
	トラベルマップで使用可能になりました		
132	ベリエ街道が	MAP_D_CAD_00 132	
	トラベルマップで使用可能になりました		
133	ドネイ回廊が	MAP_D_CAD_00 133	
	トラベルマップで使用可能になりました		
134	ウィルゴー砂漠が	MAP_D_CAD_00 134	
	トラベルマップで使用可能になりました		
135	カドモール水源が	MAP_D_CAD_00 135	
	トラベルマップで使用可能になりました		
136	カルキノス荒地が	MAP_D_CAD_00 136	
	トラベルマップで使用可能になりました		
137	ラ・キット遺跡が	MAP_D_CAD_00 137	
	トラベルマップで使用可能になりました		
138	レオン峡谷が	MAP_D_CAD_00 138	
	トラベルマップで使用可能になりました		
139	ソダー回廊が	MAP_D_CAD_00 139	
	トラベルマップで使用可能になりました		
140	ニシュラ氷河が	MAP_D_CAD_00 140	
	トラベルマップで使用可能になりました		
141	いにしえの回廊が	MAP_D_CAD_00 141	
	トラベルマップで使用可能になりました		
142	フィッシェ街道が	MAP_D_CAD_00 142	
	トラベルマップで使用可能になりました		
143	レゾナール海岸が	MAP_D_CAD_00 143	
	トラベルマップで使用可能になりました		
144	ケイロニア高原が	MAP_D_CAD_00 144	
	トラベルマップで使用可能になりました		
145	ケイロニア砦が	MAP_D_CAD_00 145	
	トラベルマップで使用可能になりました		
146	サルバトーレ離宮が	MAP_D_CAD_00 146	
	トラベルマップで使用可能になりました		
147	リストにないよ？	MAP_D_CAD_00 147	
			
148	_case:	MAP_D_CAD_00 148	
151	「討伐修練【低位１】」の	MAP_D_CAD_00 151	
	クリア条件を満たした！		
152	「討伐修練【低位２】」の	MAP_D_CAD_00 152	
	クリア条件を満たした！		
153	「討伐修練【低位３】」の	MAP_D_CAD_00 153	
	クリア条件を満たした！		
154	「討伐修練【低位４】」の	MAP_D_CAD_00 154	
	クリア条件を満たした！		
155	「討伐修練【低位５】」の	MAP_D_CAD_00 155	
	クリア条件を満たした！		
156	「討伐修練【中位１】」の	MAP_D_CAD_00 156	
	クリア条件を満たした！		
157	「討伐修練【中位２】」の	MAP_D_CAD_00 157	
	クリア条件を満たした！		
158	「討伐修練【高位１】」の	MAP_D_CAD_00 158	
	クリア条件を満たした！		
159	「討伐修練【高位２】」の	MAP_D_CAD_00 159	
	クリア条件を満たした！		
160	「薬草探しの代理人」の	MAP_D_CAD_00 160	
	クリア条件を満たした！		
161	「新商品開発の手伝い」の	MAP_D_CAD_00 161	
	クリア条件を満たした！		
162	「蒼の指環を求めて」の	MAP_D_CAD_00 162	
	クリア条件を満たした！		
163	「雪中の贈り物」の	MAP_D_CAD_00 163	
	クリア条件を満たした！		
164	「加護あることを祈って」の	MAP_D_CAD_00 164	
	クリア条件を満たした！		
165	「追想の白い花」の	MAP_D_CAD_00 165	
	クリア条件を満たした！		
166	「来れ、好運の使者！」の	MAP_D_CAD_00 166	
	クリア条件を満たした！		
167	「武術指南のお願い」の	MAP_D_CAD_00 167	
	クリア条件を満たした！		
168	「行方不明の従業員」の	MAP_D_CAD_00 168	
	クリア条件を満たした！		
169	「スキルチップ収集中」の	MAP_D_CAD_00 169	
	クリア条件を満たした！		
170	「盗難品の行方は」の	MAP_D_CAD_00 170	
	クリア条件を満たした！		
171	「資料集めのアシスタント」の	MAP_D_CAD_00 171	
	クリア条件を満たした！		
172	「河畔の生態系調査」の	MAP_D_CAD_00 172	
	クリア条件を満たした！		
173	「新人官吏を捕獲せよ」の	MAP_D_CAD_00 173	
	クリア条件を満たした！		
174	「黒い積荷の回収」の	MAP_D_CAD_00 174	
	クリア条件を満たした！		
175	「悪徳商売を抑止せよ」の	MAP_D_CAD_00 175	
	クリア条件を満たした！		
176	「新人ランカー襲撃事件」の	MAP_D_CAD_00 176	
	クリア条件を満たした！		
177	「優しい猛者、募集中」の	MAP_D_CAD_00 177	
	クリア条件を満たした！		
178	「異郷からきた尋ね人」の	MAP_D_CAD_00 178	
	クリア条件を満たした！		
179	「勇壮なる護衛の依頼」の	MAP_D_CAD_00 179	
	クリア条件を満たした！		
180	「赫の指環を求めて」の	MAP_D_CAD_00 180	
	クリア条件を満たした！		
181	「闘技場の害獣駆除」の	MAP_D_CAD_00 181	
	クリア条件を満たした！		
182	「回覧板配達人」の	MAP_D_CAD_00 182	
	クリア条件を満たした！		
183	「討伐修練【緊急】」の	MAP_D_CAD_00 183	
	クリア条件を満たした！		
184	「鉱物資源の収集【緊急】」の	MAP_D_CAD_00 184	
	クリア条件を満たした！		
185	「タリー石を探せ」の	MAP_D_CAD_00 185	
	クリア条件を満たした！		
186	「甘梅草を探せ」の	MAP_D_CAD_00 186	
	クリア条件を満たした！		
187	「衛兵の剣の没収」の	MAP_D_CAD_00 187	
	クリア条件を満たした！		
188	「衛兵の剣の返却」の	MAP_D_CAD_00 188	
	クリア条件を満たした！		
189	「森のイビノス駆除【重大】」の	MAP_D_CAD_00 189	
	クリア条件を満たした！		
190	「回廊のイビノス駆除【重大】」の	MAP_D_CAD_00 190	
	クリア条件を満たした！		
191	「七騎士認定修練【重大】」の	MAP_D_CAD_00 191	
	クリア条件を満たした！		
192	ガンドアが	MAP_D_CAD_00 192	
	トラベルマップで通行可能になりました		
193	ガンドアが	MAP_D_CAD_00 193	
	トラベルマップで通行不能になりました		
194	カンタレラが	MAP_D_CAD_00 194	
	トラベルマップで通行可能になりました		
195	カンタレラが	MAP_D_CAD_00 195	
	トラベルマップで通行不能になりました		
196	トーロ荒地が	MAP_D_CAD_00 196	
	トラベルマップで通行可能になりました		
197	トーロ荒地が	MAP_D_CAD_00 197	
	トラベルマップで通行不能になりました		
198	リブラ森林が	MAP_D_CAD_00 198	
	トラベルマップで通行可能になりました		
199	リブラ森林が	MAP_D_CAD_00 199	
	トラベルマップで通行不能になりました		
200	マイヤールの森が	MAP_D_CAD_00 200	
	トラベルマップで通行可能になりました		
201	マイヤールの森が	MAP_D_CAD_00 201	
	トラベルマップで通行不能になりました		
202	ベリエ街道が	MAP_D_CAD_00 202	
	トラベルマップで通行可能になりました		
203	ベリエ街道が	MAP_D_CAD_00 203	
	トラベルマップで通行不能になりました		
204	ドネイ回廊が	MAP_D_CAD_00 204	
	トラベルマップで通行可能になりました		
205	ドネイ回廊が	MAP_D_CAD_00 205	
	トラベルマップで通行不能になりました		
206	ウィルゴー砂漠が	MAP_D_CAD_00 206	
	トラベルマップで通行可能になりました		
207	ウィルゴー砂漠が	MAP_D_CAD_00 207	
	トラベルマップで通行不能になりました		
208	カドモール水源が	MAP_D_CAD_00 208	
	トラベルマップで通行可能になりました		
209	カドモール水源が	MAP_D_CAD_00 209	
	トラベルマップで通行不能になりました		
210	カルキノス荒地が	MAP_D_CAD_00 210	
	トラベルマップで通行可能になりました		
211	カルキノス荒地が	MAP_D_CAD_00 211	
	トラベルマップで通行不能になりました		
212	ラ・キット遺跡が	MAP_D_CAD_00 212	
	トラベルマップで通行可能になりました		
213	ラ・キット遺跡が	MAP_D_CAD_00 213	
	トラベルマップで通行不能になりました		
214	レオン峡谷が	MAP_D_CAD_00 214	
	トラベルマップで通行可能になりました		
215	レオン峡谷が	MAP_D_CAD_00 215	
	トラベルマップで通行不能になりました		
216	ソダー回廊が	MAP_D_CAD_00 216	
	トラベルマップで通行可能になりました		
217	ソダー回廊が	MAP_D_CAD_00 217	
	トラベルマップで通行不能になりました		
218	ニシュラ氷河が	MAP_D_CAD_00 218	
	トラベルマップで通行可能になりました		
219	ニシュラ氷河が	MAP_D_CAD_00 219	
	トラベルマップで通行不能になりました		
220	いにしえの回廊が	MAP_D_CAD_00 220	
	トラベルマップで通行可能になりました		
221	いにしえの回廊が	MAP_D_CAD_00 221	
	トラベルマップで通行不能になりました		
222	フィッシェ街道が	MAP_D_CAD_00 222	
	トラベルマップで通行可能になりました		
223	フィッシェ街道が	MAP_D_CAD_00 223	
	トラベルマップで通行不能になりました		
224	レゾナール海岸が	MAP_D_CAD_00 224	
	トラベルマップで通行可能になりました		
225	レゾナール海岸が	MAP_D_CAD_00 225	
	トラベルマップで通行不能になりました		
226	ケイロニア高原が	MAP_D_CAD_00 226	
	トラベルマップで通行可能になりました		
227	ケイロニア高原が	MAP_D_CAD_00 227	
	トラベルマップで通行不能になりました		
228	ケイロニア砦が	MAP_D_CAD_00 228	
	トラベルマップで通行可能になりました		
229	ケイロニア砦が	MAP_D_CAD_00 229	
	トラベルマップで通行不能になりました		
230	サルバトーレ離宮が	MAP_D_CAD_00 230	
	トラベルマップで通行可能になりました		
231	サルバトーレ離宮が	MAP_D_CAD_00 231	
	トラベルマップで通行不能になりました		
232	リストにないよ？	MAP_D_CAD_00 147	
			
233	func00_C_EVENT_START1	MAP_D_CAD_00 233	
239	func00_C_EVENT_START2	MAP_D_CAD_00 238	
246	ジグ、どうだった？	MAP_D_LUK_00 1173	
	わたしたちは何も		
	見つけられなかったんだ		
250	ロザが見つけた	MAP_D_LUK_00 1177	
253	本当か！？	MAP_D_LUK_00 1180	
259	見つけたのね！	MAP_D_LUK_00 1186	
262	それで、何が	MAP_D_LUK_00 1189	
	書いてあったんだ？		
265	読めたの？	MAP_D_LUK_00 1192	
270	なんとなく、だな	MAP_D_LUK_00 1197	
273	なんだよ、心許ないな	MAP_D_LUK_00 1200	
277	とにかく	MAP_D_LUK_00 1204	
	あの壁画のところへ！		
281	で、ジグ…	MAP_D_LUK_00 1208	
	ロザはどこに？		
285	ちょっと休んでる	MAP_D_LUK_00 1212	
	疲れたみたいだ		
290	甘いわね、こんな時に	MAP_D_LUK_00 1217	
294	イゴリダ？	MAP_D_LUK_00 1221	X
	そんなこと、言うな		
301	なんかわかったってか？	MAP_D_LUK_00 1228	
	だったらさっさと行け！		
312	外はおれとハースに	MAP_D_LUK_00 1239	
	おまかせだ！		
314	いや…	MAP_D_LUK_00 1241	
	ハースはおれと一緒に		
318	そうか？	MAP_D_LUK_00 1245	
	おい、ハース！		
323	■■■エフェクト置きます■■■	MAP_D_DNE_00 304	
			
329	先行ってろ！	MAP_D_LUK_00 1256	
	おれっちが伝えとく		
335	頼んだぞ	MAP_D_LUK_00 1262	
340	もちろん、ファズも	MAP_D_LUK_00 1267	
	一緒に来てくれ		
344	func00_C_EVENT_END1	MAP_D_CAD_00 372	
346	マキス	MAP_D_CAD_00 1258	
348	func00_C_EVENT_END2	MAP_D_CAD_00 377	
349	func00_C_EVENT_START1	MAP_D_CAD_00 233	
359	func00_C_EVENT_START2	MAP_D_CAD_00 238	
366	ジグさん！	MAP_D_LUK_00 1292	
	扉の開き方は		
	わかったのですか！？		
370	ああ	MAP_D_CAN_00 336	
374	いよいよ…かな？	MAP_D_LUK_00 1300	
380	…たぶんな	MAP_D_LUK_00 1306	X
	でも、あんたは		
	だいじょうぶなのか？		
387	ふん…これしきのこと…	MAP_D_LUK_00 1313	X
	拙者はここで		
	バケモノどもを		
	迎え撃とう		
392	レン、ジグと一緒に	MAP_D_LUK_00 1318	
	行くがよい		
394	でも…	MAP_D_LUK_00 1320	
396	拙者の代わりに	MAP_D_LUK_00 1322	
	これから起こることを		
	見届けてくれ		
398	…はい！	MAP_D_LUK_00 1324	
405	行きましょう！	MAP_D_LUK_00 1331	
415	func00_C_EVENT_START1	MAP_D_CAD_00 233	
419	func00_C_EVENT_START2	MAP_D_CAD_00 238	
423	ファズ…	MAP_D_LUK_00 1349	
	カンタレラの王って		
	おまえのことか？		
427	いや…ちがう	MAP_D_CAD_00 342	
430	それじゃあ、誰だ…	MAP_D_LUK_00 1356	
	ファズのおやじさんか？		
434	おれのオヤジは族長だ	MAP_D_LUK_00 1360	X
	カンタレラには王なんて		
	いないはずだぞ		
441	なあ、ジグ	MAP_D_LUK_00 1367	
	石版には、何が		
	書いてあったんだ？		
444	…………	MAP_D_CAD_00 242	
446	急げ！	MAP_D_LUK_00 1372	
	忘れないうちに、早く！		
448	急かすなよ…	MAP_D_LUK_00 1374	
452	ラストランカー	MAP_D_LUK_00 1378	X
	その者、すべての人を		
	制す者なり		X
	その者、我らの		
	世界を救う者なり		X
	カンタレラの王		
	その者の名を		
	告げる時、道は開く		X
	道は破砕の巣に通ず		
455	カンタレラの王が	MAP_D_LUK_00 1381	
	ラストランカーの名を		
	告げると扉は開く…		X
	ラストランカーってのは？		
460	たぶん、ランキングが	MAP_D_LUK_00 1386	
	１位の奴のことだ		X
	今で言えばハース…		
469	カンタレラの王は	MAP_D_LUK_00 1395	
	一番強い人間を		
	破砕の巣に送り込む…		X
	この遺跡には		
	そういう力がある…		X
	でも、カンタレラには		
	王なんていない…		
473	大昔…	MAP_D_LUK_00 1399	X
	王は一族の中で		
	一番強い者の		
	尊称だった		
477	それはつまり…	MAP_D_LUK_00 1403	
482	ここでカンタレラの	MAP_D_LUK_00 1408	
	王を決めるのだ		
486	拙者が立ち会い人に	MAP_D_LUK_00 1412	
	なってやろう		
490	おれと…ファズで？	MAP_D_LUK_00 1416	
494	ミシーは強いとは	MAP_D_LUK_00 1420	
	言えないからな		
498	でも、ファズ…	MAP_D_LUK_00 1424	
502	恨みも憎しみも	MAP_D_LUK_00 1428	
	もう、ない		
505	ねたみも欲もない…だろ？	MAP_D_LUK_00 1431	
507	そうだな	MAP_D_LUK_00 1433	
512	だったら、戦えるさ	MAP_D_LUK_00 1438	X
	世界はカンタレラの王を		
	必要としているんだ		X
	いつまでも待たせてたら		
	申し訳が立たないぞ		
516	わかった	MAP_D_LUK_00 1442	X
	でも、ひとつ、約束してくれ		
521	なんだ？	MAP_D_LUK_00 1447	
524	ワザと負けるなよ	MAP_D_LUK_00 1450	
	おれが村を		
	出た時みたいに		
527	バレていたのか…	MAP_D_LUK_00 1453	
529	まあな	MAP_D_CAN_04 747	
532	約束する	MAP_D_LUK_00 1458	
536	でもな、おれはあの時より	MAP_D_LUK_00 1462	
	数倍強くなった		X
	おまえ、まず勝てないぞ		
537	func00_C_EVENT_END1	MAP_D_CAD_00 372	
539	func00_C_EVENT_END2	MAP_D_CAD_00 377	
540	func00_E_EVENT_START1	MAP_D_CAD_00 415	
541	func00_E_EVENT_START2	MAP_D_CAD_00 417	
543	はじめるか？	MAP_D_LUK_00 1469	
545	はい	MAP_D_LUK_00 1471	
	いいえ		
546	func00_E_EVENT_END1	MAP_D_CAD_00 424	
547	func00_E_EVENT_END2	MAP_D_CAD_00 425	
548	func00_C_EVENT_START1	MAP_D_CAD_00 233	
550	func00_C_EVENT_START2	MAP_D_CAD_00 238	
553	いくぞ！	MAP_D_LUK_00 1479	
557	おう！	MAP_D_LUK_00 1483	
564	func00_BATTLE_EVENT	MAP_D_CAD_00 457	
565	func00_C_EVENT_END1	MAP_D_CAD_00 372	
566	func00_C_EVENT_END2	MAP_D_CAD_00 377	
567	func00_C_EVENT_START1	MAP_D_CAD_00 233	
571	func00_C_EVENT_START2	MAP_D_CAD_00 238	
573	はぁ…はぁ…	MAP_D_LUK_00 1499	
577	ジグ…	MAP_D_LUK_00 1503	
	おぬしがカンタレラの王だ		
582	ファズ、異存はないな？	MAP_D_LUK_00 1508	
586	…もちろんだ	MAP_D_LUK_00 1512	
590	さあ、ジグ…行けよ	MAP_D_LUK_00 1516	
	扉を開いてくれ…		
591	func00_C_EVENT_END1	MAP_D_CAD_00 372	
593	func00_C_EVENT_END2	MAP_D_CAD_00 377	
594	func00_C_EVENT_START1	MAP_D_CAD_00 233	
598	func00_C_EVENT_START2	MAP_D_CAD_00 238	
601	おい、さっきから	MAP_D_LUK_00 1527	
	呼んでんだろ！		
605	わかっている	MAP_D_LUK_00 1531	
608	ちょっとした技を思いついて	MAP_D_LUK_00 1534	
	イビノス相手に試していた		
613	熱心なこったぜ	MAP_D_LUK_00 1539	X
	ほら、さっさと		
	ジグっちのところへ行ってやれ		
618	ああ、そのつもりだ	MAP_D_LUK_00 1544	
622	あいつを倒して	MAP_D_LUK_00 1548	
	シアワセを		
	計らねばならん		
626	あん？　どういう意味だ？	MAP_D_LUK_00 1552	
629	おれにはおれの目的がある	MAP_D_LUK_00 1555	
	ほんの一瞬でも		
	忘れたことはなかった		
635	待てよ！　てめえ！	MAP_D_LUK_00 1561	
	何を考えていやがる！		
638	邪魔するな	MAP_D_LUK_00 1564	
641	おまえの目的によっちゃあ	MAP_D_LUK_00 1567	
	行かせるわけには		
	いかねえ		
644	おれの目的は…	MAP_D_LUK_00 1570	
	強い奴と戦い、倒すことな		
647	…ジグっちのことを	MAP_D_LUK_00 1573	
	言ってるのか？		
655	少し前までは	MAP_D_LUK_00 1581	
	おまえかもしれないと		
	思っていたのな		
661	ジグっち…気ぃつけろ…	MAP_D_LUK_00 1587	
662	func00_C_EVENT_END1	MAP_D_CAD_00 372	
663	func00_C_EVENT_END2	MAP_D_CAD_00 377	
664	func00_C_EVENT_START1	MAP_D_CAD_00 233	
667	func00_C_EVENT_START2	MAP_D_CAD_00 238	
673	ジグさん！	MAP_D_LUK_00 1599	
683	扉が…開くのかい？	MAP_D_LUK_00 1609	
687	そのはずだ	MAP_D_LUK_00 1613	
692	お願いね、ジグ	MAP_D_LUK_00 1618	
696	func00_C_EVENT_END1	MAP_D_CAD_00 372	
702	func00_C_EVENT_END2	MAP_D_CAD_00 377	
703	func00_C_EVENT_START1	MAP_D_CAD_00 233	
706	func00_C_EVENT_START2	MAP_D_CAD_00 238	
709	おれは…	MAP_D_LUK_00 1635	X
	いや、我こそは		
	カンタレラの王、ジグ		
720	やった！	MAP_D_LUK_00 1646	
724	我、ラストランカーの	MAP_D_LUK_00 1650	
	名をここに告げる		
727	ラスト…ランカー？	MAP_D_LUK_00 1653	
730	その者、すべての人を	MAP_D_LUK_00 1656	
	制す者なり		
733	その者、我らの	MAP_D_LUK_00 1659	
	世界を救う者なり		
737	その者の名は…ハース	MAP_D_LUK_00 1663	
743	やりましたね、ジグさん！	MAP_D_LUK_00 1669	
746	まだまだ、これからだ…	MAP_D_LUK_00 1672	
	たぶんな		
752	func00_C_EVENT_END1	MAP_D_CAD_00 372	
753	func00_C_EVENT_END2	MAP_D_CAD_00 377	
754	func00_C_EVENT_START1	MAP_D_CAD_00 233	
760	func00_C_EVENT_START2	MAP_D_CAD_00 238	
762	キャッ！	MAP_D_LUK_00 1688	
768	どうしたの？	MAP_D_LUK_00 1694	
770	扉が突然閉まって……	MAP_D_LUK_00 1696	X
	足が抜けないんです		
775	やれやれ、だな	MAP_D_LUK_00 1701	
777	うっ…	MAP_D_LUK_00 1703	
783	ごめんなさい…	MAP_D_CAN_01 481	
785	開かない…	MAP_D_LUK_00 1711	
792	わたし…何か大変な	MAP_D_LUK_00 1718	
	失敗をしたのでしょうか…		
795	さあな	MAP_D_LUK_00 1721	
800	だとしたら、わたし…	MAP_D_LUK_00 1726	
805	わからないと	MAP_D_LUK_00 1731	
	言ってるだろ？		
808	怒ってますね、ジグさん	MAP_D_LUK_00 1734	
813	いや…あきれている	MAP_D_LUK_00 1739	
817	いやです！	MAP_D_LUK_00 1743	
	あきれられるより		
	怒られたほうがいいです		
820	…ふっ	MAP_D_LUK_00 1746	
823	今度は笑うんですか！？	MAP_D_LUK_00 1749	
827	なんだかバカらしくて…	MAP_D_LUK_00 1753	
831	ひどい！	MAP_D_LUK_00 1757	
837	いや、気が楽になった	MAP_D_LUK_00 1763	
	ありがとう、レン		
841	…………	MAP_D_CAD_00 242	
846	行こう	MAP_D_LUK_00 1772	
850	はい！	MAP_D_LUK_00 1776	
851	func00_C_EVENT_END1	MAP_D_CAD_00 372	
853	func00_C_EVENT_END2	MAP_D_CAD_00 377	
854	func00_D_EVENT_START1	MAP_D_CAN_00 376	
855	func00_D_EVENT_START2	MAP_D_CAN_00 377	
856	func00_D_EVENT_END1	MAP_D_CAN_00 378	
857	func00_D_EVENT_END2	MAP_D_CAN_00 379	
858	func00_C_EVENT_START1	MAP_D_CAD_00 233	
863	func00_C_EVENT_START2	MAP_D_CAD_00 238	
866	ジグはどこだ？	MAP_D_LUK_00 1792	
869	この中よ	MAP_D_LUK_00 1795	
875	何をしているんだ？	MAP_D_LUK_00 1801	
879	あなたを導く…	MAP_D_LUK_00 1805	
	そう言っていた		X
	あなたが世界を救う		
	ラストランカーだとも		
	言っていた		
886	おれが世界を救う？	MAP_D_LUK_00 1812	
	考えたこともなかったな		
890	そのためにここまで	MAP_D_LUK_00 1816	
	戦ってきたんでしょ		
893	言っただろ？	MAP_D_LUK_00 1819	
	おれは確かめたいだけだ		
899	おれが最強だってことをな	MAP_D_LUK_00 1825	
900	func00_C_EVENT_END1	MAP_D_CAD_00 372	
901	func00_C_EVENT_END2	MAP_D_CAD_00 377	
902	func00_C_EVENT_START1	MAP_D_CAD_00 233	
909	func00_C_EVENT_START2	MAP_D_CAD_00 238	
911	これは…	MAP_D_LUK_00 367	
914	イビノスだけど	MAP_D_LUK_00 1840	
	なんだか様子が変ですね…		
919	func00_BATTLE_EVENT	MAP_D_CAD_00 457	
920	func00_C_EVENT_END1	MAP_D_CAD_00 372	
925	func00_C_EVENT_END2	MAP_D_CAD_00 377	
926	func00_C_EVENT_START1	MAP_D_CAD_00 233	
930	func00_C_EVENT_START2	MAP_D_CAD_00 238	
932	変だな…	MAP_D_LUK_00 1858	
	敵の弱点がわかった		
935	教えてくれたんですね！	MAP_D_LUK_00 1861	
939	誰が？	MAP_D_LUK_00 1865	
942	あなたのご先祖に	MAP_D_LUK_00 1868	
	決まってるじゃ		
	ないですか！		
948	遠い過去からの	MAP_D_LUK_00 1874	
	伝言…		
951	かもな…	MAP_D_LUK_00 1877	
958	確かに、受け取った	MAP_D_LUK_00 1884	
959	func00_C_EVENT_END1	MAP_D_CAD_00 372	
960	func00_C_EVENT_END2	MAP_D_CAD_00 377	
961	func00_C_EVENT_START1	MAP_D_CAD_00 233	
968	func00_C_EVENT_START2	MAP_D_CAD_00 238	
970	なんでしょうね？	MAP_D_LUK_00 1896	
972	押すしかないだろうな…	MAP_D_LUK_00 1898	
979	なるほど…	MAP_D_DNE_00 888	
986	ハースが…来ます	MAP_D_LUK_00 1912	
1000	はじめておまえを見たのは	MAP_D_LUK_00 1926	
	ドネイの回廊だったか…		
1005	ここまでになるとは	MAP_D_LUK_00 1931	
	思いもしなかった…		
1011	人はわからないものだな	MAP_D_LUK_00 1937	
1013	見てください！	MAP_D_LUK_00 1939	
1030	あれが…あの扉が	MAP_D_LUK_00 1956	
	最後の戦いの場へ		
	通じているんだと思う		X
	ハース…おれが案内する		
1035	案内などいらん	MAP_D_LUK_00 1961	
1038	ハース？	MAP_D_LUK_00 1964	
1041	おれは見つけたんだ	MAP_D_LUK_00 1967	
	探し求めた		
	倒すべき相手を！		
1044	おれのことを	MAP_D_LUK_00 1970	
	言ってるのか！？		
1047	あなたが倒すべきは	MAP_D_LUK_00 1973	
	イビノスでしょう！？		
1049	それはオマケな	MAP_D_LUK_00 1975	X
	おれは自分の		
	強さを確認したい		X
	一番強いと認めた相手を		
	ブっ倒して…		
1053	本当のランキング１位に	MAP_D_LUK_00 1979	
	なりたい		X
	そうすればおれは		
	最高にシアワセだ		
1055	今じゃなくても	MAP_D_LUK_00 1981	
	いいだろう！？		
1059	だまれ！	MAP_D_LUK_00 1985	X
	おれがどれほど最強を		
	求めたのか…		
1063	おれは最強では	MAP_D_LUK_00 1989	
	ないのかもしれないと		
	どれほど苦しんだか…		
1068	ああ、気も狂わん	MAP_D_LUK_00 1994	
	ばかりだ！		
1072	おまえたちに付き合って	MAP_D_LUK_00 1998	
	機構やイビノスと		
	戦ってはみたが…		X
	足りない…		
	まったく足りない！		X
	この焦りが		
	おまえらにわかるか！		
1076	最低…最悪…	MAP_D_LUK_00 2002	
1080	でも、最強な	MAP_D_LUK_00 2006	
1084	ジグさん！？	MAP_D_LUK_00 2010	
1088	カンタレラの王と…	MAP_D_LUK_00 2014	X
	ラストランカー…		X
	同一人物でも		
	いいんじゃないか？		
1091	ラストランカーの	MAP_D_LUK_00 2017	
	称号だけはおれのものな		
1095	強さは手段であって	MAP_D_LUK_00 2021	
	目的にしてはいけない		X
	そう言ったのは		
	レンだったか…		
1099	無粋だな	MAP_D_LUK_00 2025	
1103	func00_C_EVENT_END1	MAP_D_CAD_00 372	
1104	func00_C_EVENT_END2	MAP_D_CAD_00 377	
1105	func00_B_EVENT_START1	MAP_D_CAD_00 459	
1112	func00_B_EVENT_START2	MAP_D_CAD_00 465	
1117	おれの	MAP_D_LUK_00 2043	
1118	勝ちだ	MAP_D_LUK_00 2044	
1119	ハース…	MAP_D_LUK_00 2045	
1121	気はすんだ？	MAP_D_LUK_00 2047	
1122	おれは	MAP_D_LUK_00 2048	
1123	ランキング２位…	MAP_D_LUK_00 2049	
1129	ああ	MAP_D_CAN_00 336	
1130	シアワセだ…	MAP_D_LUK_00 2056	
1131	１位になるという目標ができた	MAP_D_LUK_00 2057	
1132	わかるか	MAP_D_LUK_00 2058	
1133	おれの喜びが！	MAP_D_LUK_00 2059	
1134	わからないことはない	MAP_D_LUK_00 2060	
1135	それよりも…	MAP_D_LUK_00 2061	
1140	おれ	MAP_D_LUK_00 2066	
1141	１位なんだよな？	MAP_D_LUK_00 2067	
1144	ランキングの１位	MAP_D_LUK_00 2070	
1146	世界で一番強い男	MAP_D_LUK_00 2072	
1149	ファズ！	MAP_D_LUK_00 2075	
1150	聞こえるか！	MAP_D_LUK_00 2076	
1151	おれはやったぞ！	MAP_D_LUK_00 2077	
1157	おれはランキング１位だ！	MAP_D_LUK_00 2083	
1160	ジグ！	MAP_D_CAD_00 615	
1161	死ぬなよ	MAP_D_LUK_00 2087	
1162	そしてまた	MAP_D_LUK_00 2088	
1163	おれと戦え	MAP_D_LUK_00 2089	
1169	ああ	MAP_D_CAN_00 336	
1170	わかった	MAP_D_KOU_02 677	
1172	func00_B_EVENT_END1	MAP_D_CAD_00 522	
1190	func00_B_EVENT_END2	MAP_D_CAD_00 527	
1191	func00_C_EVENT_START1	MAP_D_CAD_00 233	
1194	func00_C_EVENT_START2	MAP_D_CAD_00 238	
1200	func00_C_EVENT_END1	MAP_D_CAD_00 372	
1201	16	MAP_D_LUK_00 2127	
1202	func00_C_EVENT_END2	MAP_D_CAD_00 377	
1203	func00_C_EVENT_START1	MAP_D_CAD_00 233	
1212	func00_C_EVENT_START2	MAP_D_CAD_00 238	
1257	func00_C_EVENT_END1	MAP_D_CAD_00 372	
1258	func00_C_EVENT_END2	MAP_D_CAD_00 377	
1259	func00_B_EVENT_START1	MAP_D_CAD_00 459	
1284	func00_B_EVENT_START2	MAP_D_CAD_00 465	
1285	はじまった！？	MAP_D_LUK_00 2211	
1289	ここはまかせろ！	MAP_D_LUK_00 2215	
1290	きみに賭けている	MAP_D_LUK_00 2216	
1294	ああ、ずっと前から賭けている！	MAP_D_LUK_00 2220	
1295	わかってる	MAP_D_LUK_00 2221	
1296	…帰ってきてね	MAP_D_LUK_00 2222	
1297	ああ	MAP_D_CAN_00 336	
1302	わたしも一緒に	MAP_D_LUK_00 2228	
	行けないんですか？		
1303	みんなで戦った方が	MAP_D_LUK_00 2229	
1305	勝利の可能性は高いですよね？	MAP_D_LUK_00 2231	
1306	ラ・キットには大勢の戦士を	MAP_D_LUK_00 2232	
	送り込む力はないんだ		
1311	だから最強のひとりを	MAP_D_LUK_00 2237	
1317	選び出す必要があった	MAP_D_LUK_00 2243	
1325	機構は	MAP_D_LUK_00 2251	
1326	その最強の戦士を	MAP_D_LUK_00 2252	
	決めるために作られたんだ		
1331	最強の戦士…	MAP_D_LUK_00 2257	
1332	ラストランカー…	MAP_D_LUK_00 2258	
1333	それは人々の希望と	MAP_D_LUK_00 2259	
1334	祈りだったんですね	MAP_D_LUK_00 2260	
1337	ジグさんは	MAP_D_LUK_00 2263	
1338	わたしたちの祈り…	MAP_D_LUK_00 2264	
1339	おれじゃ…	MAP_D_LUK_00 2265	
1340	不安かな	MAP_D_LUK_00 2266	
1343	ぜんぜん！	MAP_D_LUK_00 2269	
1354	func00_B_EVENT_END1	MAP_D_CAD_00 522	
1369	func00_B_EVENT_END2	MAP_D_CAD_00 527	
1370	func00_C_EVENT_START1	MAP_D_CAD_00 233	
1372	func00_C_EVENT_START2	MAP_D_CAD_00 238	
1374	おれはカンタレラの	MAP_D_LUK_00 2300	
	王にして		
	ラストランカー		X
	さあ、どこへ行けばいい？		
1375	func00_C_EVENT_END1	MAP_D_CAD_00 372	
1376	func00_C_EVENT_END2	MAP_D_CAD_00 377	
1377	シーン初期化	MAP_D_CAD_00 1232	
			
1378	オブジェクト配置	MAP_D_CAD_00 1233	
			
1379	オブジェクトトラップ配置	MAP_D_CAD_00 1235	
			
1380	マップチェンジトラップ配置	MAP_D_CAD_00 1236	
			
1381	ＮＰＣ配置	MAP_D_CAD_00 1248	
			
1383	まだ亜空間として		
	像を調べると		
	通常になります		
1384	イベントトラップ配置	MAP_D_CAD_00 1413	
			
1385	通常版へチェンジ		
			
1397	イビノスレコード		
			
1399	ＶＳイビノスレコード		
			
1400	戦闘後		
			
1402	通常版へチェンジ	MAP_D_LUK_07 1385	
			
1406	REN	MAP_D_LUK_02 3099	
