0	■■■ func00_DEBUG_SIGN ■■■	MAP_D_CAD_00 0	
			
1	！！！エラー検出用サブルーチンを通りました！！！	MAP_D_CAD_00 1	
			
2	イビノスシンボル配置しない。フラグ：	MAP_D_CAD_00 2	
4	イビノスシンボル配置する。フラグ：	MAP_D_CAD_00 4	
7	ランカーファイル情報更新	MAP_D_CAD_00 7	
			
8	->旧:	MAP_D_CAD_00 8	
9	 追加:	MAP_D_CAD_00 9	
10	 結果:	MAP_D_CAD_00 10	
12	ランク:	MAP_D_CAD_00 12	
15	ランカー戦勝利・戻り値：	MAP_D_CAD_00 15	
17	ランキング戦を申し込みますか？	MAP_D_CAD_00 17	
18	申し込む	MAP_D_CAD_00 18	
19	やめておく	MAP_D_CAD_00 19	
22	イビノスシンボル倒した。フラグON：	MAP_D_CAD_00 22	
25	イビノス戦：イベント終了？	MAP_D_CAD_00 25	
			
26	スクリプト：未知のモーションタイプが指定されました	MAP_D_CAD_00 26	
			
33	***振り向き判定ＰＣ***	MAP_D_CAD_00 33	
			
34	現在:cmn_r0:	MAP_D_CAD_00 34	
36	目標:cmn_r1:	MAP_D_CAD_00 36	
38	差分:cmn_r2:	MAP_D_CAD_00 38	
40	差分＾２:cmn_r3:	MAP_D_CAD_00 40	
42	閾値＾２:cmn_r4:	MAP_D_CAD_00 42	
44	->pc振り向きません	MAP_D_CAD_00 44	
			
45	->pc振り向きます	MAP_D_CAD_00 45	
			
47	***振り向き判定***	MAP_D_CAD_00 47	
			
48	現在:cmn_r0:	MAP_D_CAD_00 34	
50	目標:cmn_r1:	MAP_D_CAD_00 36	
52	差分:cmn_r2:	MAP_D_CAD_00 38	
54	差分＾２:cmn_r3:	MAP_D_CAD_00 40	
56	閾値＾２:cmn_r4:	MAP_D_CAD_00 42	
58	->npc振り向きません	MAP_D_CAD_00 58	
			
59	->npc振り向きます	MAP_D_CAD_00 59	
			
63	ロード待ち開始	MAP_D_CAD_00 63	
			
64	ロード待ち終了	MAP_D_CAD_00 64	
			
65	{15}0C{14}L00000000を	MAP_D_CAD_00 65	
	手に入れた		
66	{15}0E{14}L00000000を	MAP_D_CAD_00 66	
	手に入れた		
67	{15}0F{14}L00000000を	MAP_D_CAD_00 67	
	手に入れた		
68	{15}0D{14}L00000000を	MAP_D_CAD_00 68	
	手に入れた		
69	{15}10{14}L00000000を	MAP_D_CAD_00 69	
	手に入れた		
70	{15}12{14}L00000000を	MAP_D_CAD_00 70	
	手に入れた		
71	{15}11{14}L00000000を	MAP_D_CAD_00 71	
	手に入れた		
72	{15}13{14}L00000000を{1d}L00000001個	MAP_D_CAD_00 72	
	手に入れた		
73	{15}14{14}L00000000を{1d}L00000001個	MAP_D_CAD_00 73	
	手に入れた		
74	{15}14{14}L00000000を	MAP_D_CAD_00 74	
	手に入れた		
75	{15}1B{14}L00000000を	MAP_D_CAD_00 75	
	手に入れた		
76	{14}L00000000を	MAP_D_CAD_00 76	
	手に入れた		
77	{1d}L00000000Ｂを手に入れた	MAP_D_CAD_00 77	
			
78	num_calc：	MAP_D_CAD_00 78	
80	{15}0C{14}L00000000を	MAP_D_CAD_00 80	
	手渡した		
81	{15}0E{14}L00000000を	MAP_D_CAD_00 81	
	手渡した		
82	{15}0F{14}L00000000を	MAP_D_CAD_00 82	
	手渡した		
83	{15}0D{14}L00000000を	MAP_D_CAD_00 83	
	手渡した		
84	{15}10{14}L00000000を	MAP_D_CAD_00 84	
	手渡した		
85	{15}12{14}L00000000を	MAP_D_CAD_00 85	
	手渡した		
86	{15}11{14}L00000000を	MAP_D_CAD_00 86	
	手渡した		
87	{15}13{14}L00000000を{1d}L00000001個	MAP_D_CAD_00 87	
	手渡した		
88	{15}14{14}L00000000を{1d}L00000001個	MAP_D_CAD_00 88	
	手渡した		
89	{15}14{14}L00000000を	MAP_D_CAD_00 89	
	手渡した		
90	{15}1B{14}L00000000を	MAP_D_CAD_00 90	
	手渡した		
91	{14}L00000000を	MAP_D_CAD_00 91	
	手渡した		
			
92	■■ret0■■：	MAP_D_CAD_00 92	
96	■■ret■■：	MAP_D_CAD_00 96	
98	cmn_option:	MAP_D_CAD_00 98	
106	セーブポイント	MAP_D_CAD_00 106	
107	データ削除ユーティリティを起動します	MAP_D_CAD_00 107	
	ゲームプレイデータのセーブには		
	{1d}L00000001KB以上の空き容量が必要です		
108	ネックタイプ：	MAP_D_CAD_00 108	
110	首の初期化	MAP_D_CAD_00 110	
			
111	ネックタイプ：	MAP_D_CAD_00 108	
115	大橋が	MAP_D_CAD_00 115	
	トラベルマップで使用可能になりました		
116	下区：商業区が	MAP_D_CAD_00 116	
	トラベルマップで使用可能になりました		
117	下区：ランカー居住区が	MAP_D_CAD_00 117	
	トラベルマップで使用可能になりました		
118	下区：闘技場前が	MAP_D_CAD_00 118	
	トラベルマップで使用可能になりました		
119	タイロン租界が	MAP_D_CAD_00 119	
	トラベルマップで使用可能になりました		
120	バザルタ出張所前が	MAP_D_CAD_00 120	
	トラベルマップで使用可能になりました		
121	上区：噴水広場前が	MAP_D_CAD_00 121	
	トラベルマップで使用可能になりました		
122	バザルタ本部前が	MAP_D_CAD_00 122	
	トラベルマップで使用可能になりました		
123	フラグ・フィールド：	MAP_D_CAD_00 123	
125	フラグ・フィールド：	MAP_D_CAD_00 123	
127	ガンドアが	MAP_D_CAD_00 127	
	トラベルマップで使用可能になりました		
128	カンタレラが	MAP_D_CAD_00 128	
	トラベルマップで使用可能になりました		
129	トーロ荒地が	MAP_D_CAD_00 129	
	トラベルマップで使用可能になりました		
130	リブラ森林が	MAP_D_CAD_00 130	
	トラベルマップで使用可能になりました		
131	マイヤールの森が	MAP_D_CAD_00 131	
	トラベルマップで使用可能になりました		
132	ベリエ街道が	MAP_D_CAD_00 132	
	トラベルマップで使用可能になりました		
133	ドネイ回廊が	MAP_D_CAD_00 133	
	トラベルマップで使用可能になりました		
134	ウィルゴー砂漠が	MAP_D_CAD_00 134	
	トラベルマップで使用可能になりました		
135	カドモール水源が	MAP_D_CAD_00 135	
	トラベルマップで使用可能になりました		
136	カルキノス荒地が	MAP_D_CAD_00 136	
	トラベルマップで使用可能になりました		
137	ラ・キット遺跡が	MAP_D_CAD_00 137	
	トラベルマップで使用可能になりました		
138	レオン峡谷が	MAP_D_CAD_00 138	
	トラベルマップで使用可能になりました		
139	ソダー回廊が	MAP_D_CAD_00 139	
	トラベルマップで使用可能になりました		
140	ニシュラ氷河が	MAP_D_CAD_00 140	
	トラベルマップで使用可能になりました		
141	いにしえの回廊が	MAP_D_CAD_00 141	
	トラベルマップで使用可能になりました		
142	フィッシェ街道が	MAP_D_CAD_00 142	
	トラベルマップで使用可能になりました		
143	レゾナール海岸が	MAP_D_CAD_00 143	
	トラベルマップで使用可能になりました		
144	ケイロニア高原が	MAP_D_CAD_00 144	
	トラベルマップで使用可能になりました		
145	ケイロニア砦が	MAP_D_CAD_00 145	
	トラベルマップで使用可能になりました		
146	サルバトーレ離宮が	MAP_D_CAD_00 146	
	トラベルマップで使用可能になりました		
147	リストにないよ？	MAP_D_CAD_00 147	
			
148	_case:	MAP_D_CAD_00 148	
151	「討伐修練【低位１】」の	MAP_D_CAD_00 151	
	クリア条件を満たした！		
152	「討伐修練【低位２】」の	MAP_D_CAD_00 152	
	クリア条件を満たした！		
153	「討伐修練【低位３】」の	MAP_D_CAD_00 153	
	クリア条件を満たした！		
154	「討伐修練【低位４】」の	MAP_D_CAD_00 154	
	クリア条件を満たした！		
155	「討伐修練【低位５】」の	MAP_D_CAD_00 155	
	クリア条件を満たした！		
156	「討伐修練【中位１】」の	MAP_D_CAD_00 156	
	クリア条件を満たした！		
157	「討伐修練【中位２】」の	MAP_D_CAD_00 157	
	クリア条件を満たした！		
158	「討伐修練【高位１】」の	MAP_D_CAD_00 158	
	クリア条件を満たした！		
159	「討伐修練【高位２】」の	MAP_D_CAD_00 159	
	クリア条件を満たした！		
160	「薬草探しの代理人」の	MAP_D_CAD_00 160	
	クリア条件を満たした！		
161	「新商品開発の手伝い」の	MAP_D_CAD_00 161	
	クリア条件を満たした！		
162	「蒼の指環を求めて」の	MAP_D_CAD_00 162	
	クリア条件を満たした！		
163	「雪中の贈り物」の	MAP_D_CAD_00 163	
	クリア条件を満たした！		
164	「加護あることを祈って」の	MAP_D_CAD_00 164	
	クリア条件を満たした！		
165	「追想の白い花」の	MAP_D_CAD_00 165	
	クリア条件を満たした！		
166	「来れ、好運の使者！」の	MAP_D_CAD_00 166	
	クリア条件を満たした！		
167	「武術指南のお願い」の	MAP_D_CAD_00 167	
	クリア条件を満たした！		
168	「行方不明の従業員」の	MAP_D_CAD_00 168	
	クリア条件を満たした！		
169	「スキルチップ収集中」の	MAP_D_CAD_00 169	
	クリア条件を満たした！		
170	「盗難品の行方は」の	MAP_D_CAD_00 170	
	クリア条件を満たした！		
171	「資料集めのアシスタント」の	MAP_D_CAD_00 171	
	クリア条件を満たした！		
172	「河畔の生態系調査」の	MAP_D_CAD_00 172	
	クリア条件を満たした！		
173	「新人官吏を捕獲せよ」の	MAP_D_CAD_00 173	
	クリア条件を満たした！		
174	「黒い積荷の回収」の	MAP_D_CAD_00 174	
	クリア条件を満たした！		
175	「悪徳商売を抑止せよ」の	MAP_D_CAD_00 175	
	クリア条件を満たした！		
176	「新人ランカー襲撃事件」の	MAP_D_CAD_00 176	
	クリア条件を満たした！		
177	「優しい猛者、募集中」の	MAP_D_CAD_00 177	
	クリア条件を満たした！		
178	「異郷からきた尋ね人」の	MAP_D_CAD_00 178	
	クリア条件を満たした！		
179	「勇壮なる護衛の依頼」の	MAP_D_CAD_00 179	
	クリア条件を満たした！		
180	「赫の指環を求めて」の	MAP_D_CAD_00 180	
	クリア条件を満たした！		
181	「闘技場の害獣駆除」の	MAP_D_CAD_00 181	
	クリア条件を満たした！		
182	「回覧板配達人」の	MAP_D_CAD_00 182	
	クリア条件を満たした！		
183	「討伐修練【緊急】」の	MAP_D_CAD_00 183	
	クリア条件を満たした！		
184	「鉱物資源の収集【緊急】」の	MAP_D_CAD_00 184	
	クリア条件を満たした！		
185	「タリー石を探せ」の	MAP_D_CAD_00 185	
	クリア条件を満たした！		
186	「甘梅草を探せ」の	MAP_D_CAD_00 186	
	クリア条件を満たした！		
187	「衛兵の剣の没収」の	MAP_D_CAD_00 187	
	クリア条件を満たした！		
188	「衛兵の剣の返却」の	MAP_D_CAD_00 188	
	クリア条件を満たした！		
189	「森のイビノス駆除【重大】」の	MAP_D_CAD_00 189	
	クリア条件を満たした！		
190	「回廊のイビノス駆除【重大】」の	MAP_D_CAD_00 190	
	クリア条件を満たした！		
191	「七騎士認定修練【重大】」の	MAP_D_CAD_00 191	
	クリア条件を満たした！		
192	ガンドアが	MAP_D_CAD_00 192	
	トラベルマップで通行可能になりました		
193	ガンドアが	MAP_D_CAD_00 193	
	トラベルマップで通行不能になりました		
194	カンタレラが	MAP_D_CAD_00 194	
	トラベルマップで通行可能になりました		
195	カンタレラが	MAP_D_CAD_00 195	
	トラベルマップで通行不能になりました		
196	トーロ荒地が	MAP_D_CAD_00 196	
	トラベルマップで通行可能になりました		
197	トーロ荒地が	MAP_D_CAD_00 197	
	トラベルマップで通行不能になりました		
198	リブラ森林が	MAP_D_CAD_00 198	
	トラベルマップで通行可能になりました		
199	リブラ森林が	MAP_D_CAD_00 199	
	トラベルマップで通行不能になりました		
200	マイヤールの森が	MAP_D_CAD_00 200	
	トラベルマップで通行可能になりました		
201	マイヤールの森が	MAP_D_CAD_00 201	
	トラベルマップで通行不能になりました		
202	ベリエ街道が	MAP_D_CAD_00 202	
	トラベルマップで通行可能になりました		
203	ベリエ街道が	MAP_D_CAD_00 203	
	トラベルマップで通行不能になりました		
204	ドネイ回廊が	MAP_D_CAD_00 204	
	トラベルマップで通行可能になりました		
205	ドネイ回廊が	MAP_D_CAD_00 205	
	トラベルマップで通行不能になりました		
206	ウィルゴー砂漠が	MAP_D_CAD_00 206	
	トラベルマップで通行可能になりました		
207	ウィルゴー砂漠が	MAP_D_CAD_00 207	
	トラベルマップで通行不能になりました		
208	カドモール水源が	MAP_D_CAD_00 208	
	トラベルマップで通行可能になりました		
209	カドモール水源が	MAP_D_CAD_00 209	
	トラベルマップで通行不能になりました		
210	カルキノス荒地が	MAP_D_CAD_00 210	
	トラベルマップで通行可能になりました		
211	カルキノス荒地が	MAP_D_CAD_00 211	
	トラベルマップで通行不能になりました		
212	ラ・キット遺跡が	MAP_D_CAD_00 212	
	トラベルマップで通行可能になりました		
213	ラ・キット遺跡が	MAP_D_CAD_00 213	
	トラベルマップで通行不能になりました		
214	レオン峡谷が	MAP_D_CAD_00 214	
	トラベルマップで通行可能になりました		
215	レオン峡谷が	MAP_D_CAD_00 215	
	トラベルマップで通行不能になりました		
216	ソダー回廊が	MAP_D_CAD_00 216	
	トラベルマップで通行可能になりました		
217	ソダー回廊が	MAP_D_CAD_00 217	
	トラベルマップで通行不能になりました		
218	ニシュラ氷河が	MAP_D_CAD_00 218	
	トラベルマップで通行可能になりました		
219	ニシュラ氷河が	MAP_D_CAD_00 219	
	トラベルマップで通行不能になりました		
220	いにしえの回廊が	MAP_D_CAD_00 220	
	トラベルマップで通行可能になりました		
221	いにしえの回廊が	MAP_D_CAD_00 221	
	トラベルマップで通行不能になりました		
222	フィッシェ街道が	MAP_D_CAD_00 222	
	トラベルマップで通行可能になりました		
223	フィッシェ街道が	MAP_D_CAD_00 223	
	トラベルマップで通行不能になりました		
224	レゾナール海岸が	MAP_D_CAD_00 224	
	トラベルマップで通行可能になりました		
225	レゾナール海岸が	MAP_D_CAD_00 225	
	トラベルマップで通行不能になりました		
226	ケイロニア高原が	MAP_D_CAD_00 226	
	トラベルマップで通行可能になりました		
227	ケイロニア高原が	MAP_D_CAD_00 227	
	トラベルマップで通行不能になりました		
228	ケイロニア砦が	MAP_D_CAD_00 228	
	トラベルマップで通行可能になりました		
229	ケイロニア砦が	MAP_D_CAD_00 229	
	トラベルマップで通行不能になりました		
230	サルバトーレ離宮が	MAP_D_CAD_00 230	
	トラベルマップで通行可能になりました		
231	サルバトーレ離宮が	MAP_D_CAD_00 231	
	トラベルマップで通行不能になりました		
232	リストにないよ？	MAP_D_CAD_00 147	
			
237	func00_C_EVENT_START1	MAP_D_CAD_00 233	
240	マキス	MAP_D_CAD_00 1258	
249	func00_C_EVENT_START2	MAP_D_CAD_00 238	
256	親方、急いでください！	MAP_D_LUK_00 256	
	中は挑戦者で		
	いっぱいだ！		
261	ふん、ポンコツや	MAP_D_LUK_00 261	
	ザコばかりじゃねえのか？		
264	んー、さすが親方！	MAP_D_LUK_00 264	
269	おい、ジグっち、来い！	MAP_D_LUK_00 269	
274	…………	MAP_D_CAD_00 242	
278	先に入って	MAP_D_LUK_00 278	
	木っ端ランカーどもを		
	片付けて来い		X
	おれはセンゴクと戦うまで		
	カスリ傷ひとつ		
	負いたくねえ		X
	完璧な状態で		
	やつの技を受けてえのよ		
282	親方、そういうことなら	MAP_D_LUK_00 282	
	おれが！		
285	あっしも！	MAP_D_LUK_00 285	
289	親方、おいらに	MAP_D_LUK_00 289	
	おまかせを！		
294	しゃあねえな…	MAP_D_LUK_00 294	
	古株の顔も立てねえとな…		
300	親方、そういうことは	MAP_D_LUK_00 300	
	おれらがいない時に		
	言うもんです		
306	ぅるせえ！	MAP_D_LUK_00 306	
	とっとと行きやがれ！		
313	へいやっ！	MAP_D_LUK_00 313	
322	おい、マキス	MAP_D_LUK_00 322	
325	はい？	MAP_D_LUK_00 325	
329	誰がやってくれるか	MAP_D_LUK_00 329	
	賭けねえか？		
334	そういうことはジグが	MAP_D_LUK_00 334	
	いない時に…		
	って、まあ、いいでしょう		X
	わたしはもちろん		
	ジグに賭けますよ		
339	チッ…	MAP_D_LUK_00 339	
	賭けにならねえじゃねえか		
343	さあ、頼んだぜ	MAP_D_LUK_00 343	
344	func00_C_EVENT_END1	MAP_D_CAD_00 372	
350	func00_C_EVENT_END2	MAP_D_CAD_00 377	
351	func00_E_EVENT_START1	MAP_D_CAD_00 415	
352	func00_E_EVENT_START2	MAP_D_CAD_00 417	
354	センゴク様…	MAP_D_LUK_00 354	
	上まで行けません…		
356	うう…やっぱりおまえかぁ	MAP_D_LUK_00 356	
	がんばれよ…		
358	あとはまかせたぞ、ジグ…	MAP_D_LUK_00 358	
359	func00_E_EVENT_END1	MAP_D_CAD_00 424	
360	func00_E_EVENT_END2	MAP_D_CAD_00 425	
361	func00_C_EVENT_START1	MAP_D_CAD_00 233	
364	func00_C_EVENT_START2	MAP_D_CAD_00 238	
367	これは…	MAP_D_LUK_00 367	
375	カンタレラの紋章が	MAP_D_LUK_00 375	
	どうしてここに…		
378	この遺跡は大昔に	MAP_D_LUK_00 378	
	カンタレラの人々が		
	建てたのよ		
381	誰だ！？	MAP_D_CAN_00 409	
387	姿を見せろ！	MAP_D_LUK_00 387	
391	シッ…	MAP_D_LUK_00 391	X
	少しのあいだ		
	話を聞いて		X
	とても大切な話だから		
394	その声は…	MAP_D_LUK_00 394	
	カドモール水源にいた		
	アンチの女！		
399	世界の未来を願って	MAP_D_LUK_00 399	
	この塔を建てた		
	カンタレラの人々は…		X
	サルバトーレ王家と		
	バザルタ王家によって		
	滅ぼされてしまった		X
	生き残った少数の		
	カンタレラの民は…		X
	長い時の流れの中で		
	歴史と誇りを		
	なくしてしまった…		
404	おれには関係ない	MAP_D_LUK_00 404	
406	そう、誇りを捨てた	MAP_D_LUK_00 406	
	あなたには関係ない		
409	ふん、そんなもの…	MAP_D_LUK_00 409	X
	誇りなんて		
	カンタレラには		
	最初からなかった		
411	そう思っているのは	MAP_D_LUK_00 411	
	あなただけ		
414	ねえ、教えて	MAP_D_LUK_00 414	
	カンタレラの誇りを持った		
	人たちの行方を……		
418	知るか	MAP_D_LUK_00 418	
420	薄情ね…	MAP_D_LUK_00 420	
424	おい！	MAP_D_KOU_03 671	
425	func00_C_EVENT_END1	MAP_D_CAD_00 372	
428	func00_C_EVENT_END2	MAP_D_CAD_00 377	
429	func00_C_EVENT_START1	MAP_D_CAD_00 233	
433	func00_C_EVENT_START2	MAP_D_CAD_00 238	
437	ジグ…	MAP_D_LUK_00 437	
	おめえ、すげえよ		X
	親方が見込んだだけの		
	ことはあるぜ		
441	いじわるしたことも	MAP_D_LUK_00 441	
	あったよな…		
	許してくれよな…		
446	最後の別れみたいな	MAP_D_LUK_00 446	
	言い方だな		
452	へへっ！	MAP_D_LUK_00 452	
	ちょっとばかり		
	気分出しただけよ		
458	さーて…	MAP_D_LUK_00 458	X
	おれはケガ人連れて		
	一足先に帰るから		
	親方のこと、たのんだぜ		
463	ああ、わかった	MAP_D_CAD_00 954	
466	func00_C_EVENT_END1	MAP_D_CAD_00 372	
469	func00_C_EVENT_END2	MAP_D_CAD_00 377	
470	func00_C_EVENT_START1	MAP_D_CAD_00 233	
474	func00_C_EVENT_START2	MAP_D_CAD_00 238	
479	よう、ジグっち	MAP_D_LUK_00 479	
484	さあ、やるか	MAP_D_LUK_00 484	
489	何を？	MAP_D_LUK_00 489	
494	この上で待ってる	MAP_D_LUK_00 494	
	センゴクの相手を		
	決めるのよ！		X
	センゴクが出した条件は		
	対戦に勝つことじゃねえ		X
	技を受けても		
	立っていれば		
	いいってだけだ		X
	ジグっちでも		
	なんとかなるかも		
	しれねえぞ		
498	…かもな	MAP_D_CAD_00 310	
502	…と、その気にさせて	MAP_D_LUK_00 502	
	打ちのめすおれっち		
506	いつでも、どんぞ	MAP_D_LUK_00 506	
509	func00_C_EVENT_END1	MAP_D_CAD_00 372	
511	func00_C_EVENT_END2	MAP_D_CAD_00 377	
512	func00_C_EVENT_START1	MAP_D_CAD_00 233	
514	func00_C_EVENT_START2	MAP_D_CAD_00 238	
517	強くなったな、ジグっち	MAP_D_LUK_00 517	
520	まだまだだ	MAP_D_LUK_00 520	
525	気にするな	MAP_D_LUK_00 525	
	おれっちが相手じゃ		
	仕方がねえ		
528	…………	MAP_D_CAD_00 242	
532	じゃあ、行ってくるわ	MAP_D_LUK_00 532	
535	func00_C_EVENT_END1	MAP_D_CAD_00 372	
538	func00_C_EVENT_END2	MAP_D_CAD_00 377	
539	func00_BATTLE_EVENT	MAP_D_CAD_00 457	
540	func00_B_EVENT_START1	MAP_D_CAD_00 459	
550	func00_B_EVENT_START2	MAP_D_CAD_00 465	
558	よく見ておくんだ、ジグ	MAP_D_LUK_00 558	
559	これはスゴイ対戦だよ	MAP_D_LUK_00 559	
565	おぬしの間で来るが良い	MAP_D_LUK_00 565	
569	では、	MAP_D_LUK_00 569	
570	遠慮無く	MAP_D_LUK_00 570	
576	func00_B_EVENT_END1	MAP_D_CAD_00 522	
582	func00_B_EVENT_END2	MAP_D_CAD_00 527	
583	func00_C_EVENT_START1	MAP_D_CAD_00 233	
589	func00_C_EVENT_START2	MAP_D_CAD_00 238	
592	見事だ、タイロン	MAP_D_LUK_00 592	X
	急ぎ、ガンドアへ戻り		
	七騎士入りの誓約を		
	するがよい		
598	センゴクさんよ…	MAP_D_LUK_00 598	
	今のチンケな技はなんだ？		
603	あんな技、ミミズでも	MAP_D_LUK_00 603	
	受けられるぞ		
608	長い七騎士暮らしで	MAP_D_LUK_00 608	
	拙者の腕も落ちたかな		
616	面白くねえ…	MAP_D_LUK_00 616	
617	【修練失敗】	MAP_D_LUK_00 617	
	{13}07重大修練「七騎士認定修練」は		
	タイロンによって達成された		
	参加中のランカーは速やかに解散すべし{13}00		
623	新しい風…	MAP_D_LUK_00 623	
625	あん？	MAP_D_LUK_00 625	
630	我々が感じているより	MAP_D_LUK_00 630	
	機構の空気は		
	淀んでいるのかも…		
637	我々ってのは誰だ？	MAP_D_LUK_00 637	
	おれっちはなーんにも		
	感じてねえぞ		
641	タイロンさん	MAP_D_LUK_00 641	
	あなたが何も感じて		
	いないはずがない！		
645	なんだよ…	MAP_D_LUK_00 645	
	ずいぶん強気じゃねえか		
651	てめえ！	MAP_D_LUK_00 651	
653	ひっ	MAP_D_LUK_00 653	
660	また来やがったか！	MAP_D_LUK_00 660	
662	何度でも来るわよ…	MAP_D_LUK_00 662	
669	うっ！	MAP_D_LUK_00 669	
673	func00_C_EVENT_END1	MAP_D_CAD_00 372	
676	func00_C_EVENT_END2	MAP_D_CAD_00 377	
677	func00_C_EVENT_START1	MAP_D_CAD_00 233	
679	func00_C_EVENT_START2	MAP_D_CAD_00 238	
681	タイロン？	MAP_D_LUK_00 681	
683	どこにもいない	MAP_D_LUK_00 683	
687	話がちがうぞ、イゴリダ	MAP_D_LUK_00 687	
692	それはどういうことだ？	MAP_D_LUK_00 692	X
	イゴリダというのは		
	あの女の名前か？		X
	マキス		
	あんた、何を		
	隠している…		
700	ジグっち…	MAP_D_LUK_00 700	
702	ジグだ	MAP_D_KOU_03 546	
707	ジグ…	MAP_D_LUK_00 707	
	話せる時が来たら		
	全部話すよ		
711	今話せ	MAP_D_LUK_00 711	
715	カンタレラが滅ぼされ…	MAP_D_LUK_00 715	
	でも、生き残りがいると		
	知った時…		X
	何もかも捨てて		
	探しに行く…		X
	ジグはそういう男だと		
	思っていた…		
721	マキス…あんた	MAP_D_LUK_00 721	
	アンチなんだな？		
725	その呼び方…	MAP_D_LUK_00 725	
	すっかり機構の一員だ		
729	そう仕向けたのは誰だ！	MAP_D_LUK_00 729	
732	わたしだと	MAP_D_LUK_00 732	
	言いたいんだよね？		X
	でも、ちがうんだな		
737	おれ自身だって言うのか？	MAP_D_LUK_00 737	X
	おれにどんな自由が		
	あったんだよ！		
743	カンタレラでは	MAP_D_LUK_00 743	
	ずっと自由だった		
	じゃないか…		
749	どうしてこんなことに…	MAP_D_LUK_00 749	
750	func00_C_EVENT_END1	MAP_D_CAD_00 372	
752	func00_C_EVENT_END2	MAP_D_CAD_00 377	
754	func00_C_EVENT_START1	MAP_D_CAD_00 233	
760	func00_C_EVENT_START2	MAP_D_CAD_00 238	
764	近くで見ると…デカイな	MAP_D_LUK_00 764	
	本当にご先祖様が		
	こんなものを作ったのか？		
776	感心している時間は	MAP_D_LUK_00 776	
	ないみたいだ		
780	新しい風を運ぶ者たちよ	MAP_D_LUK_00 780	
	待ちくたびれたぞ…		X
	さあ、カンタレラの末裔よ		
	急ぎ、こちらへ		
786	今のは？	MAP_D_LUK_00 786	
788	七騎士センゴクだ	MAP_D_LUK_00 788	
791	…信じていいのか？	MAP_D_LUK_00 791	
795	たぶんな	MAP_D_LUK_00 795	X
	戦った時も…		X
	敵意や憎しみは		
	どこにもなかった…		X
	そんな気がしたんだ		
800	ジグがそう言うなら	MAP_D_LUK_00 800	
	ほら、行こう		
801	func00_C_EVENT_END1	MAP_D_CAD_00 372	
815	func00_C_EVENT_END2	MAP_D_CAD_00 377	
816	func00_C_EVENT_START1	MAP_D_CAD_00 233	
820	func00_C_EVENT_START2	MAP_D_CAD_00 238	
823	この先に	MAP_D_LUK_00 823	
	壁画があるのだが…		X
	その壁画、ただの		
	壁画ではない		X
	おそらく、いにしえの		
	カンタレラの民が何かを		
	伝えようとしているのだ		
831	…何を？	MAP_D_LUK_00 831	
835	わからぬ…	MAP_D_LUK_00 835	X
	ただ、壁画の前に立つと		
	拙者の…もののふの魂が		
	ザワつくのだ		X
	しかし、無念…		
	拙者には		
	それ以上はわからぬ		X
	過ぎし日からの伝言を		
	受け取ることが		
	できるのは…		
845	おれたちカンタレラの	MAP_D_LUK_00 845	
	末裔だけ…か		
850	おそらく…な	MAP_D_LUK_00 850	X
	初めてここに		
	足を踏み入れた時から…		X
	拙者、ここには何か		
	特別な力が		
	あると感じていた		X
	しかし、他の七騎士たちに		
	それを告げることは		
	ためらわれた…		X
	理由は…		
859	センゴク！？	MAP_D_LUK_00 859	
863	くっ…	MAP_D_LUK_00 863	X
	理由は…		
	今日というこの日を…		X
	予感していたからだ…		
867	センゴク…	MAP_D_LUK_00 867	
874	もういいだろ？	MAP_D_LUK_00 874	
	ちょっと休め		
880	センゴクはおれたちが	MAP_D_LUK_00 880	
	来るまで、ずっと		
	外で戦っていたんだ		X
	イビノスから遺跡を		
	守るためな		
883	拙者の予想より	MAP_D_LUK_00 883	
	おぬしたちが遅くてな		
886	そりゃもうおれっちが	MAP_D_LUK_00 886	
	あやまったじゃねえかよ！		
890	ジグたちには	MAP_D_LUK_00 890	
	まだ言っておらん		X
	逃げ隠れしつつ		
	待っていたと思われると		
	シャクでござるからな		
898	センゴク！？	MAP_D_LUK_00 859	
905	行け、ジグ	MAP_D_LUK_00 905	
907	センゴクは	MAP_D_LUK_00 907	
	だいじょうぶなのか？		
909	拙者の武士道	MAP_D_LUK_00 909	
	家名に…		
	恥じることなし…		
914	ったく、どういう世界で	MAP_D_LUK_00 914	
	生きてるんだぁ？		
916	おそらく、ひどく	MAP_D_LUK_00 916	
	面倒な世界な		
919	ふん…	MAP_D_LUK_00 919	
	おぬしらには		
	わかるまい…		
924	だいじょうぶだ、ジグっち	MAP_D_LUK_00 924	X
	こいつぁ、まだまだ		
	元気だぜ		
929	func00_C_EVENT_END1	MAP_D_CAD_00 372	
937	センゴク	MAP_D_LUK_00 937	
940	func00_C_EVENT_END2	MAP_D_CAD_00 377	
941	func00_C_EVENT_START1	MAP_D_CAD_00 233	
947	func00_C_EVENT_START2	MAP_D_CAD_00 238	
953	壁画って…あれだよな	MAP_D_LUK_00 953	
958	魂…ザワつくか？	MAP_D_LUK_00 958	
962	いや…	MAP_D_CAD_00 826	
964	func00_C_EVENT_END1	MAP_D_CAD_00 372	
965	func00_C_EVENT_END2	MAP_D_CAD_00 377	
966	func00_C_EVENT_START1	MAP_D_CAD_00 233	
974	func00_C_EVENT_START2	MAP_D_CAD_00 238	
982	ここね？	MAP_D_LUK_00 982	
	ハースから聞いたわ		
987	うわっ！	MAP_D_CAN_00 678	
992	扉！？	MAP_D_LUK_00 992	
	今の光、扉に見えました！		
996	わたしにもそう見えたわ！	MAP_D_LUK_00 996	
998	ああ…	MAP_D_DOU_00 571	
1004	ファズ、もう一度だ	MAP_D_LUK_00 1004	
1009	いや、今度はジグ	MAP_D_LUK_00 1009	
	おまえがやってみろ		
1011	func00_C_EVENT_END1	MAP_D_CAD_00 372	
1013	func00_C_EVENT_END2	MAP_D_CAD_00 377	
1014	func00_C_EVENT_START1	MAP_D_CAD_00 233	
1015	luk	MAP_D_LUK_00 1015	
1018	func00_C_EVENT_START2	MAP_D_CAD_00 238	
1023	確かに扉だ	MAP_D_LUK_00 1023	
	でも、すぐに		
	消えてしまう…		
1028	その紋章は…	MAP_D_LUK_00 1028	
	カンタレラのものですか？		
1031	そうだ	MAP_D_LUK_00 1031	
1033	以前、見たことがあります	MAP_D_LUK_00 1033	
	大きな石版に		
	彫り込まれていました		X
	その石版には扉も		
	描かれていたはずです		
1039	それは、いつ、どこで見たの？	MAP_D_LUK_00 1039	
1042	あれは…	MAP_D_LUK_00 1042	
1046	そうでした	MAP_D_LUK_00 1046	X
	ゼブリラの		
	コレクションです		X
	どこかの壁画から		
	削り取ったそうです		X
	ああ…		X
	他にも見つけたけど		
	不吉な絵だったので		
	置いてきたと…		
1051	その石版は今どこに！？	MAP_D_LUK_00 1051	
1055	他のコレクションと一緒に	MAP_D_LUK_00 1055	
	ゼブリラがどこかに		
	保管しているはずです		X
	その場所までは		
	わかりませんけどね		
1060	ジグ、レン、覚えてる？	MAP_D_LUK_00 1060	
1067	その石版は、きっと	MAP_D_LUK_00 1067	
	カンタレラの隠れ里から		
	持ち出したものよ		
1073	今にして思えば	MAP_D_LUK_00 1073	
	たくさんの文章が		
	記されていました		X
	何かの説明だったのかも		
	しれませんね		
1081	それは、もしかして	MAP_D_LUK_00 1081	
	光の扉のこと？		
	開き方の説明？		X
	秘密のカンタレラ文字で		
	書いてあったのですか？		
1086	そんな文字はない	MAP_D_LUK_00 1086	
1091	わたしはゼブリラの話に	MAP_D_LUK_00 1091	
	まったく興味が		
	なかったので…		X
	ただ、読まなかった		
	だけです		
1099	ロザ…	MAP_D_LUK_00 1099	
	あなたは本当に		
	残念な人ね		
1102	どういう意味です？	MAP_D_LUK_00 1102	
1114	ごめん、イヤミ	MAP_D_LUK_00 1114	
1119	仕方がないわ	MAP_D_LUK_00 1119	
	その石版を手分けして		
	探しましょう！		
1122	どこを探すんですか？	MAP_D_LUK_00 1122	
1126	世界中、くまなく！	MAP_D_LUK_00 1126	
	ほら、急いで！		
1133	あの女…	MAP_D_LUK_00 1133	
	言いたい放題ですね		X
	ノーマに言われたようで		
	腹が立ちます！		
1139	事情はよくわからないけど	MAP_D_LUK_00 1139	
	面倒なことに		
	ならなければいいな		
1143	聞かなかったことにしよう	MAP_D_LUK_00 1143	
1145	ああ	MAP_D_CAN_00 336	
1150	さあ、おれたちも	MAP_D_LUK_00 1150	
	石版探しだ		
1151	func00_C_EVENT_END1	MAP_D_CAD_00 372	
1159	func00_C_EVENT_END2	MAP_D_CAD_00 377	
1160	func00_C_EVENT_START1	MAP_D_CAD_00 233	
1166	func00_C_EVENT_START2	MAP_D_CAD_00 238	
1173	ジグ、どうだった？	MAP_D_LUK_00 1173	
	わたしたちは何も		
	見つけられなかったんだ		
1177	ロザが見つけた	MAP_D_LUK_00 1177	
1180	本当か！？	MAP_D_LUK_00 1180	
1186	見つけたのね！	MAP_D_LUK_00 1186	
1189	それで、何が	MAP_D_LUK_00 1189	
	書いてあったんだ？		
1192	読めたの？	MAP_D_LUK_00 1192	
1197	なんとなく、だな	MAP_D_LUK_00 1197	
1200	なんだよ、心許ないな	MAP_D_LUK_00 1200	
1204	とにかく	MAP_D_LUK_00 1204	
	あの壁画のところへ！		
1208	で、ジグ…	MAP_D_LUK_00 1208	
	ロザはどこに？		
1212	ちょっと休んでる	MAP_D_LUK_00 1212	
	疲れたみたいだ		
1217	甘いわね、こんな時に	MAP_D_LUK_00 1217	
1221	イゴリダ？	MAP_D_LUK_00 1221	X
	そんなこと、言うな		
1228	なんかわかったってか？	MAP_D_LUK_00 1228	
	だったらさっさと行け！		
1239	外はおれとハースに	MAP_D_LUK_00 1239	
	おまかせだ！		
1241	いや…	MAP_D_LUK_00 1241	
	ハースはおれと一緒に		
1245	そうか？	MAP_D_LUK_00 1245	
	おい、ハース！		
1250	■■■エフェクト置きます■■■	MAP_D_DNE_00 304	
			
1256	先行ってろ！	MAP_D_LUK_00 1256	
	おれっちが伝えとく		
1262	頼んだぞ	MAP_D_LUK_00 1262	
1267	もちろん、ファズも	MAP_D_LUK_00 1267	
	一緒に来てくれ		
1271	func00_C_EVENT_END1	MAP_D_CAD_00 372	
1274	func00_C_EVENT_END2	MAP_D_CAD_00 377	
1275	func00_C_EVENT_START1	MAP_D_CAD_00 233	
1285	func00_C_EVENT_START2	MAP_D_CAD_00 238	
1292	ジグさん！	MAP_D_LUK_00 1292	
	扉の開き方は		
	わかったのですか！？		
1296	ああ	MAP_D_CAN_00 336	
1300	いよいよ…かな？	MAP_D_LUK_00 1300	
1306	…たぶんな	MAP_D_LUK_00 1306	X
	でも、あんたは		
	だいじょうぶなのか？		
1313	ふん…これしきのこと…	MAP_D_LUK_00 1313	X
	拙者はここで		
	バケモノどもを		
	迎え撃とう		
1318	レン、ジグと一緒に	MAP_D_LUK_00 1318	
	行くがよい		
1320	でも…	MAP_D_LUK_00 1320	
1322	拙者の代わりに	MAP_D_LUK_00 1322	
	これから起こることを		
	見届けてくれ		
1324	…はい！	MAP_D_LUK_00 1324	
1331	行きましょう！	MAP_D_LUK_00 1331	
1341	func00_C_EVENT_START1	MAP_D_CAD_00 233	
1345	func00_C_EVENT_START2	MAP_D_CAD_00 238	
1349	ファズ…	MAP_D_LUK_00 1349	
	カンタレラの王って		
	おまえのことか？		
1353	いや…ちがう	MAP_D_CAD_00 342	
1356	それじゃあ、誰だ…	MAP_D_LUK_00 1356	
	ファズのおやじさんか？		
1360	おれのオヤジは族長だ	MAP_D_LUK_00 1360	X
	カンタレラには王なんて		
	いないはずだぞ		
1367	なあ、ジグ	MAP_D_LUK_00 1367	
	石版には、何が		
	書いてあったんだ？		
1370	…………	MAP_D_CAD_00 242	
1372	急げ！	MAP_D_LUK_00 1372	
	忘れないうちに、早く！		
1374	急かすなよ…	MAP_D_LUK_00 1374	
1378	ラストランカー	MAP_D_LUK_00 1378	X
	その者、すべての人を		
	制す者なり		X
	その者、我らの		
	世界を救う者なり		X
	カンタレラの王		
	その者の名を		
	告げる時、道は開く		X
	道は破砕の巣に通ず		
1381	カンタレラの王が	MAP_D_LUK_00 1381	
	ラストランカーの名を		
	告げると扉は開く…		X
	ラストランカーってのは？		
1386	たぶん、ランキングが	MAP_D_LUK_00 1386	
	１位の奴のことだ		X
	今で言えばハース…		
1395	カンタレラの王は	MAP_D_LUK_00 1395	
	一番強い人間を		
	破砕の巣に送り込む…		X
	この遺跡には		
	そういう力がある…		X
	でも、カンタレラには		
	王なんていない…		
1399	大昔…	MAP_D_LUK_00 1399	X
	王は一族の中で		
	一番強い者の		
	尊称だった		
1403	それはつまり…	MAP_D_LUK_00 1403	
1408	ここでカンタレラの	MAP_D_LUK_00 1408	
	王を決めるのだ		
1412	拙者が立ち会い人に	MAP_D_LUK_00 1412	
	なってやろう		
1416	おれと…ファズで？	MAP_D_LUK_00 1416	
1420	ミシーは強いとは	MAP_D_LUK_00 1420	
	言えないからな		
1424	でも、ファズ…	MAP_D_LUK_00 1424	
1428	恨みも憎しみも	MAP_D_LUK_00 1428	
	もう、ない		
1431	ねたみも欲もない…だろ？	MAP_D_LUK_00 1431	
1433	そうだな	MAP_D_LUK_00 1433	
1438	だったら、戦えるさ	MAP_D_LUK_00 1438	X
	世界はカンタレラの王を		
	必要としているんだ		X
	いつまでも待たせてたら		
	申し訳が立たないぞ		
1442	わかった	MAP_D_LUK_00 1442	X
	でも、ひとつ、約束してくれ		
1447	なんだ？	MAP_D_LUK_00 1447	
1450	ワザと負けるなよ	MAP_D_LUK_00 1450	
	おれが村を		
	出た時みたいに		
1453	バレていたのか…	MAP_D_LUK_00 1453	
1455	まあな	MAP_D_CAN_04 747	
1458	約束する	MAP_D_LUK_00 1458	
1462	でもな、おれはあの時より	MAP_D_LUK_00 1462	
	数倍強くなった		X
	おまえ、まず勝てないぞ		
1463	func00_C_EVENT_END1	MAP_D_CAD_00 372	
1465	func00_C_EVENT_END2	MAP_D_CAD_00 377	
1466	func00_E_EVENT_START1	MAP_D_CAD_00 415	
1467	func00_E_EVENT_START2	MAP_D_CAD_00 417	
1469	はじめるか？	MAP_D_LUK_00 1469	
1471	はい	MAP_D_LUK_00 1471	
	いいえ		
1472	func00_E_EVENT_END1	MAP_D_CAD_00 424	
1473	func00_E_EVENT_END2	MAP_D_CAD_00 425	
1474	func00_C_EVENT_START1	MAP_D_CAD_00 233	
1476	func00_C_EVENT_START2	MAP_D_CAD_00 238	
1479	いくぞ！	MAP_D_LUK_00 1479	
1483	おう！	MAP_D_LUK_00 1483	
1490	func00_BATTLE_EVENT	MAP_D_CAD_00 457	
1491	func00_C_EVENT_END1	MAP_D_CAD_00 372	
1492	func00_C_EVENT_END2	MAP_D_CAD_00 377	
1493	func00_C_EVENT_START1	MAP_D_CAD_00 233	
1497	func00_C_EVENT_START2	MAP_D_CAD_00 238	
1499	はぁ…はぁ…	MAP_D_LUK_00 1499	
1503	ジグ…	MAP_D_LUK_00 1503	
	おぬしがカンタレラの王だ		
1508	ファズ、異存はないな？	MAP_D_LUK_00 1508	
1512	…もちろんだ	MAP_D_LUK_00 1512	
1516	さあ、ジグ…行けよ	MAP_D_LUK_00 1516	
	扉を開いてくれ…		
1517	func00_C_EVENT_END1	MAP_D_CAD_00 372	
1519	func00_C_EVENT_END2	MAP_D_CAD_00 377	
1520	func00_C_EVENT_START1	MAP_D_CAD_00 233	
1524	func00_C_EVENT_START2	MAP_D_CAD_00 238	
1527	おい、さっきから	MAP_D_LUK_00 1527	
	呼んでんだろ！		
1531	わかっている	MAP_D_LUK_00 1531	
1534	ちょっとした技を思いついて	MAP_D_LUK_00 1534	
	イビノス相手に試していた		
1539	熱心なこったぜ	MAP_D_LUK_00 1539	X
	ほら、さっさと		
	ジグっちのところへ行ってやれ		
1544	ああ、そのつもりだ	MAP_D_LUK_00 1544	
1548	あいつを倒して	MAP_D_LUK_00 1548	
	シアワセを		
	計らねばならん		
1552	あん？　どういう意味だ？	MAP_D_LUK_00 1552	
1555	おれにはおれの目的がある	MAP_D_LUK_00 1555	
	ほんの一瞬でも		
	忘れたことはなかった		
1561	待てよ！　てめえ！	MAP_D_LUK_00 1561	
	何を考えていやがる！		
1564	邪魔するな	MAP_D_LUK_00 1564	
1567	おまえの目的によっちゃあ	MAP_D_LUK_00 1567	
	行かせるわけには		
	いかねえ		
1570	おれの目的は…	MAP_D_LUK_00 1570	
	強い奴と戦い、倒すことな		
1573	…ジグっちのことを	MAP_D_LUK_00 1573	
	言ってるのか？		
1581	少し前までは	MAP_D_LUK_00 1581	
	おまえかもしれないと		
	思っていたのな		
1587	ジグっち…気ぃつけろ…	MAP_D_LUK_00 1587	
1588	func00_C_EVENT_END1	MAP_D_CAD_00 372	
1589	func00_C_EVENT_END2	MAP_D_CAD_00 377	
1590	func00_C_EVENT_START1	MAP_D_CAD_00 233	
1593	func00_C_EVENT_START2	MAP_D_CAD_00 238	
1599	ジグさん！	MAP_D_LUK_00 1599	
1609	扉が…開くのかい？	MAP_D_LUK_00 1609	
1613	そのはずだ	MAP_D_LUK_00 1613	
1618	お願いね、ジグ	MAP_D_LUK_00 1618	
1622	func00_C_EVENT_END1	MAP_D_CAD_00 372	
1628	func00_C_EVENT_END2	MAP_D_CAD_00 377	
1629	func00_C_EVENT_START1	MAP_D_CAD_00 233	
1632	func00_C_EVENT_START2	MAP_D_CAD_00 238	
1635	おれは…	MAP_D_LUK_00 1635	X
	いや、我こそは		
	カンタレラの王、ジグ		
1646	やった！	MAP_D_LUK_00 1646	
1650	我、ラストランカーの	MAP_D_LUK_00 1650	
	名をここに告げる		
1653	ラスト…ランカー？	MAP_D_LUK_00 1653	
1656	その者、すべての人を	MAP_D_LUK_00 1656	
	制す者なり		
1659	その者、我らの	MAP_D_LUK_00 1659	
	世界を救う者なり		
1663	その者の名は…ハース	MAP_D_LUK_00 1663	
1669	やりましたね、ジグさん！	MAP_D_LUK_00 1669	
1672	まだまだ、これからだ…	MAP_D_LUK_00 1672	
	たぶんな		
1678	func00_C_EVENT_END1	MAP_D_CAD_00 372	
1679	func00_C_EVENT_END2	MAP_D_CAD_00 377	
1680	func00_C_EVENT_START1	MAP_D_CAD_00 233	
1686	func00_C_EVENT_START2	MAP_D_CAD_00 238	
1688	キャッ！	MAP_D_LUK_00 1688	
1694	どうしたの？	MAP_D_LUK_00 1694	
1696	扉が突然閉まって……	MAP_D_LUK_00 1696	X
	足が抜けないんです		
1701	やれやれ、だな	MAP_D_LUK_00 1701	
1703	うっ…	MAP_D_LUK_00 1703	
1709	ごめんなさい…	MAP_D_CAN_01 481	
1711	開かない…	MAP_D_LUK_00 1711	
1718	わたし…何か大変な	MAP_D_LUK_00 1718	
	失敗をしたのでしょうか…		
1721	さあな	MAP_D_LUK_00 1721	
1726	だとしたら、わたし…	MAP_D_LUK_00 1726	
1731	わからないと	MAP_D_LUK_00 1731	
	言ってるだろ？		
1734	怒ってますね、ジグさん	MAP_D_LUK_00 1734	
1739	いや…あきれている	MAP_D_LUK_00 1739	
1743	いやです！	MAP_D_LUK_00 1743	
	あきれられるより		
	怒られたほうがいいです		
1746	…ふっ	MAP_D_LUK_00 1746	
1749	今度は笑うんですか！？	MAP_D_LUK_00 1749	
1753	なんだかバカらしくて…	MAP_D_LUK_00 1753	
1757	ひどい！	MAP_D_LUK_00 1757	
1763	いや、気が楽になった	MAP_D_LUK_00 1763	
	ありがとう、レン		
1767	…………	MAP_D_CAD_00 242	
1772	行こう	MAP_D_LUK_00 1772	
1776	はい！	MAP_D_LUK_00 1776	
1777	func00_C_EVENT_END1	MAP_D_CAD_00 372	
1779	func00_C_EVENT_END2	MAP_D_CAD_00 377	
1780	func00_D_EVENT_START1	MAP_D_CAN_00 376	
1781	func00_D_EVENT_START2	MAP_D_CAN_00 377	
1782	func00_D_EVENT_END1	MAP_D_CAN_00 378	
1783	func00_D_EVENT_END2	MAP_D_CAN_00 379	
1784	func00_C_EVENT_START1	MAP_D_CAD_00 233	
1789	func00_C_EVENT_START2	MAP_D_CAD_00 238	
1792	ジグはどこだ？	MAP_D_LUK_00 1792	
1795	この中よ	MAP_D_LUK_00 1795	
1801	何をしているんだ？	MAP_D_LUK_00 1801	
1805	あなたを導く…	MAP_D_LUK_00 1805	
	そう言っていた		X
	あなたが世界を救う		
	ラストランカーだとも		
	言っていた		
1812	おれが世界を救う？	MAP_D_LUK_00 1812	
	考えたこともなかったな		
1816	そのためにここまで	MAP_D_LUK_00 1816	
	戦ってきたんでしょ		
1819	言っただろ？	MAP_D_LUK_00 1819	
	おれは確かめたいだけだ		
1825	おれが最強だってことをな	MAP_D_LUK_00 1825	
1826	func00_C_EVENT_END1	MAP_D_CAD_00 372	
1827	func00_C_EVENT_END2	MAP_D_CAD_00 377	
1828	func00_C_EVENT_START1	MAP_D_CAD_00 233	
1835	func00_C_EVENT_START2	MAP_D_CAD_00 238	
1837	これは…	MAP_D_LUK_00 367	
1840	イビノスだけど	MAP_D_LUK_00 1840	
	なんだか様子が変ですね…		
1845	func00_BATTLE_EVENT	MAP_D_CAD_00 457	
1846	func00_C_EVENT_END1	MAP_D_CAD_00 372	
1851	func00_C_EVENT_END2	MAP_D_CAD_00 377	
1852	func00_C_EVENT_START1	MAP_D_CAD_00 233	
1856	func00_C_EVENT_START2	MAP_D_CAD_00 238	
1858	変だな…	MAP_D_LUK_00 1858	
	敵の弱点がわかった		
1861	教えてくれたんですね！	MAP_D_LUK_00 1861	
1865	誰が？	MAP_D_LUK_00 1865	
1868	あなたのご先祖に	MAP_D_LUK_00 1868	
	決まってるじゃ		
	ないですか！		
1874	遠い過去からの	MAP_D_LUK_00 1874	
	伝言…		
1877	かもな…	MAP_D_LUK_00 1877	
1884	確かに、受け取った	MAP_D_LUK_00 1884	
1885	func00_C_EVENT_END1	MAP_D_CAD_00 372	
1886	func00_C_EVENT_END2	MAP_D_CAD_00 377	
1887	func00_C_EVENT_START1	MAP_D_CAD_00 233	
1894	func00_C_EVENT_START2	MAP_D_CAD_00 238	
1896	なんでしょうね？	MAP_D_LUK_00 1896	
1898	押すしかないだろうな…	MAP_D_LUK_00 1898	
1905	なるほど…	MAP_D_DNE_00 888	
1912	ハースが…来ます	MAP_D_LUK_00 1912	
1926	はじめておまえを見たのは	MAP_D_LUK_00 1926	
	ドネイの回廊だったか…		
1931	ここまでになるとは	MAP_D_LUK_00 1931	
	思いもしなかった…		
1937	人はわからないものだな	MAP_D_LUK_00 1937	
1939	見てください！	MAP_D_LUK_00 1939	
1956	あれが…あの扉が	MAP_D_LUK_00 1956	
	最後の戦いの場へ		
	通じているんだと思う		X
	ハース…おれが案内する		
1961	案内などいらん	MAP_D_LUK_00 1961	
1964	ハース？	MAP_D_LUK_00 1964	
1967	おれは見つけたんだ	MAP_D_LUK_00 1967	
	探し求めた		
	倒すべき相手を！		
1970	おれのことを	MAP_D_LUK_00 1970	
	言ってるのか！？		
1973	あなたが倒すべきは	MAP_D_LUK_00 1973	
	イビノスでしょう！？		
1975	それはオマケな	MAP_D_LUK_00 1975	X
	おれは自分の		
	強さを確認したい		X
	一番強いと認めた相手を		
	ブっ倒して…		
1979	本当のランキング１位に	MAP_D_LUK_00 1979	
	なりたい		X
	そうすればおれは		
	最高にシアワセだ		
1981	今じゃなくても	MAP_D_LUK_00 1981	
	いいだろう！？		
1985	だまれ！	MAP_D_LUK_00 1985	X
	おれがどれほど最強を		
	求めたのか…		
1989	おれは最強では	MAP_D_LUK_00 1989	
	ないのかもしれないと		
	どれほど苦しんだか…		
1994	ああ、気も狂わん	MAP_D_LUK_00 1994	
	ばかりだ！		
1998	おまえたちに付き合って	MAP_D_LUK_00 1998	
	機構やイビノスと		
	戦ってはみたが…		X
	足りない…		
	まったく足りない！		X
	この焦りが		
	おまえらにわかるか！		
2002	最低…最悪…	MAP_D_LUK_00 2002	
2006	でも、最強な	MAP_D_LUK_00 2006	
2010	ジグさん！？	MAP_D_LUK_00 2010	
2014	カンタレラの王と…	MAP_D_LUK_00 2014	X
	ラストランカー…		X
	同一人物でも		
	いいんじゃないか？		
2017	ラストランカーの	MAP_D_LUK_00 2017	
	称号だけはおれのものな		
2021	強さは手段であって	MAP_D_LUK_00 2021	
	目的にしてはいけない		X
	そう言ったのは		
	レンだったか…		
2025	無粋だな	MAP_D_LUK_00 2025	
2029	func00_C_EVENT_END1	MAP_D_CAD_00 372	
2030	func00_C_EVENT_END2	MAP_D_CAD_00 377	
2031	func00_B_EVENT_START1	MAP_D_CAD_00 459	
2038	func00_B_EVENT_START2	MAP_D_CAD_00 465	
2043	おれの	MAP_D_LUK_00 2043	
2044	勝ちだ	MAP_D_LUK_00 2044	
2045	ハース…	MAP_D_LUK_00 2045	
2047	気はすんだ？	MAP_D_LUK_00 2047	
2048	おれは	MAP_D_LUK_00 2048	
2049	ランキング２位…	MAP_D_LUK_00 2049	
2055	ああ	MAP_D_CAN_00 336	
2056	シアワセだ…	MAP_D_LUK_00 2056	
2057	１位になるという目標ができた	MAP_D_LUK_00 2057	
2058	わかるか	MAP_D_LUK_00 2058	
2059	おれの喜びが！	MAP_D_LUK_00 2059	
2060	わからないことはない	MAP_D_LUK_00 2060	
2061	それよりも…	MAP_D_LUK_00 2061	
2066	おれ	MAP_D_LUK_00 2066	
2067	１位なんだよな？	MAP_D_LUK_00 2067	
2070	ランキングの１位	MAP_D_LUK_00 2070	
2072	世界で一番強い男	MAP_D_LUK_00 2072	
2075	ファズ！	MAP_D_LUK_00 2075	
2076	聞こえるか！	MAP_D_LUK_00 2076	
2077	おれはやったぞ！	MAP_D_LUK_00 2077	
2083	おれはランキング１位だ！	MAP_D_LUK_00 2083	
2086	ジグ！	MAP_D_CAD_00 615	
2087	死ぬなよ	MAP_D_LUK_00 2087	
2088	そしてまた	MAP_D_LUK_00 2088	
2089	おれと戦え	MAP_D_LUK_00 2089	
2095	ああ	MAP_D_CAN_00 336	
2096	わかった	MAP_D_KOU_02 677	
2098	func00_B_EVENT_END1	MAP_D_CAD_00 522	
2116	func00_B_EVENT_END2	MAP_D_CAD_00 527	
2117	func00_C_EVENT_START1	MAP_D_CAD_00 233	
2120	func00_C_EVENT_START2	MAP_D_CAD_00 238	
2126	func00_C_EVENT_END1	MAP_D_CAD_00 372	
2127	16	MAP_D_LUK_00 2127	
2128	func00_C_EVENT_END2	MAP_D_CAD_00 377	
2129	func00_C_EVENT_START1	MAP_D_CAD_00 233	
2138	func00_C_EVENT_START2	MAP_D_CAD_00 238	
2183	func00_C_EVENT_END1	MAP_D_CAD_00 372	
2184	func00_C_EVENT_END2	MAP_D_CAD_00 377	
2185	func00_B_EVENT_START1	MAP_D_CAD_00 459	
2210	func00_B_EVENT_START2	MAP_D_CAD_00 465	
2211	はじまった！？	MAP_D_LUK_00 2211	
2215	ここはまかせろ！	MAP_D_LUK_00 2215	
2216	きみに賭けている	MAP_D_LUK_00 2216	
2220	ああ、ずっと前から賭けている！	MAP_D_LUK_00 2220	
2221	わかってる	MAP_D_LUK_00 2221	
2222	…帰ってきてね	MAP_D_LUK_00 2222	
2223	ああ	MAP_D_CAN_00 336	
2228	わたしも一緒に	MAP_D_LUK_00 2228	
	行けないんですか？		
2229	みんなで戦った方が	MAP_D_LUK_00 2229	
2231	勝利の可能性は高いですよね？	MAP_D_LUK_00 2231	
2232	ラ・キットには大勢の戦士を	MAP_D_LUK_00 2232	
	送り込む力はないんだ		
2237	だから最強のひとりを	MAP_D_LUK_00 2237	
2243	選び出す必要があった	MAP_D_LUK_00 2243	
2251	機構は	MAP_D_LUK_00 2251	
2252	その最強の戦士を	MAP_D_LUK_00 2252	
	決めるために作られたんだ		
2257	最強の戦士…	MAP_D_LUK_00 2257	
2258	ラストランカー…	MAP_D_LUK_00 2258	
2259	それは人々の希望と	MAP_D_LUK_00 2259	
2260	祈りだったんですね	MAP_D_LUK_00 2260	
2263	ジグさんは	MAP_D_LUK_00 2263	
2264	わたしたちの祈り…	MAP_D_LUK_00 2264	
2265	おれじゃ…	MAP_D_LUK_00 2265	
2266	不安かな	MAP_D_LUK_00 2266	
2269	ぜんぜん！	MAP_D_LUK_00 2269	
2280	func00_B_EVENT_END1	MAP_D_CAD_00 522	
2295	func00_B_EVENT_END2	MAP_D_CAD_00 527	
2296	func00_C_EVENT_START1	MAP_D_CAD_00 233	
2298	func00_C_EVENT_START2	MAP_D_CAD_00 238	
2300	おれはカンタレラの	MAP_D_LUK_00 2300	
	王にして		
	ラストランカー		X
	さあ、どこへ行けばいい？		
2301	func00_C_EVENT_END1	MAP_D_CAD_00 372	
2302	func00_C_EVENT_END2	MAP_D_CAD_00 377	
2303	func00_C_EVENT_START1	MAP_D_CAD_00 233	
2314	func00_C_EVENT_START2	MAP_D_CAD_00 238	
2322	ジグっち、やりやがった…	MAP_D_LUK_00 2322	
2327	めでたし、めでたし…	MAP_D_LUK_00 2327	
2333	やった！　やったのか！？	MAP_D_LUK_00 2333	
2342	ジグ、ありがとう…	MAP_D_LUK_00 2342	
2352	当然な	MAP_D_LUK_00 2352	
2365	func00_C_EVENT_END1	MAP_D_CAD_00 372	
2366	func00_C_EVENT_END2	MAP_D_CAD_00 377	
2367	func00_C_EVENT_START1	MAP_D_CAD_00 233	
2372	func00_C_EVENT_START2	MAP_D_CAD_00 238	
2376	どんなもんだ！	MAP_D_LUK_00 2376	
2380	わたしの同期ですからね	MAP_D_LUK_00 2380	
2382	おれの幼なじみだ	MAP_D_LUK_00 2382	
2387	わたしのライバルです	MAP_D_LUK_00 2387	
2392	カンタレラの王だ	MAP_D_LUK_00 2392	
2399	ラストランカーですから！	MAP_D_LUK_00 2399	
2404	func00_C_EVENT_END1	MAP_D_CAD_00 372	
2405	func00_C_EVENT_END2	MAP_D_CAD_00 377	
2406	func00_B_EVENT_START1	MAP_D_CAD_00 459	
2413	B24_c23	MAP_D_LUK_00 2413	
2422	func00_B_EVENT_START2	MAP_D_CAD_00 465	
2424	ジグ！	MAP_D_CAD_00 615	
2436	ジグ、だいじょうぶか？	MAP_D_LUK_00 2436	
2442	おれ…	MAP_D_LUK_00 2442	
2443	帰って来たんだな	MAP_D_LUK_00 2443	
2444	もちろん	MAP_D_LUK_00 2444	
2448	不思議だな	MAP_D_LUK_00 2448	
2449	道が閉じるのを	MAP_D_LUK_00 2449	
	確かに見たんだ…		
2450	でも、アイツを倒した後に	MAP_D_LUK_00 2450	
2451	別の道を見つけた	MAP_D_LUK_00 2451	
2452	最初から道は	MAP_D_LUK_00 2452	
2453	２本あったに決まってる	MAP_D_LUK_00 2453	
2454	カンタレラの王と	MAP_D_LUK_00 2454	
2455	ラストランカーのな	MAP_D_LUK_00 2455	
2463	そうか…	MAP_D_CAN_00 841	
2464	ハース！	MAP_D_LUK_00 2464	
2465	あなた	MAP_D_LUK_00 2465	
2466	そこまで考えて	MAP_D_LUK_00 2466	
	あんなことを！？		
2467	考えたはずねえだろ！	MAP_D_LUK_00 2467	
2468	代弁ごくろう	MAP_D_LUK_00 2468	
2471	ちょっと待って	MAP_D_LUK_00 2471	
2472	もしふたりで行ってたら	MAP_D_LUK_00 2472	
2473	勝っても負けても…	MAP_D_LUK_00 2473	
2476	帰っては来られない…	MAP_D_LUK_00 2476	
2482	ジグ	MAP_D_LUK_00 2482	
2483	あなた最初から	MAP_D_LUK_00 2483	
	知ってたの？		
2484	さあ…	MAP_D_DOU_03 900	
2485	どうだったかな？	MAP_D_LUK_00 2485	
2488	あなたって人は！	MAP_D_LUK_00 2488	
2489	ジグ…	MAP_D_CAD_00 875	
2490	キミに賭けると	MAP_D_LUK_00 2490	
	言ったけど…		
2492	正直、ここまでの苦労を	MAP_D_LUK_00 2492	
	かけるとは思っていなかったんだ		
2493	あやまらなくちゃ…	MAP_D_LUK_00 2493	
2498	いや、それよりも本当に	MAP_D_LUK_00 2498	
	感謝しているんだ		
2499	ああ、いくら言葉を	MAP_D_LUK_00 2499	
	重ねても足りないよ！		
2500	マキス…	MAP_D_LUK_00 2500	
2501	ん？	MAP_D_LUK_00 2501	
2503	あんたの助言が	MAP_D_LUK_00 2503	
	あったからだ…		
2505	だからおれは	MAP_D_LUK_00 2505	
2506	ここまで…	MAP_D_LUK_00 2506	
2514	お、覚えていて	MAP_D_LUK_00 2514	
	くれたのかい！？		
2515	まあ	MAP_D_LUK_00 2515	
2516	あんたのせいで	MAP_D_LUK_00 2516	
	こんな苦労をしたとも言えるけどな		
2517	冗談だよ	MAP_D_LUK_00 2517	
2518	おれだってうれしいんだ	MAP_D_LUK_00 2518	
2522	うん	MAP_D_LUK_00 2522	
2523	わかるぞ	MAP_D_LUK_00 2523	
2524	ジグは、昔から	MAP_D_LUK_00 2524	
	こうなんだ		
2525	感情があまり顔に	MAP_D_LUK_00 2525	
	出ないんだよな		
2526	でも、ほら	MAP_D_LUK_00 2526	
2528	よく見てくれ	MAP_D_LUK_00 2528	
2535	な、なんだよ	MAP_D_LUK_00 2535	
2542	口のはしが	MAP_D_LUK_00 2542	
	ちょっと笑ってるだろ？		
2543	そうかあ？	MAP_D_LUK_00 2543	
2544	あっ	MAP_D_LUK_00 2544	
2545	ほんとです！	MAP_D_LUK_00 2545	
2548	ジグさん	MAP_D_LUK_00 2548	
	ニヤニヤしてる！		
2549	やめろよ！	MAP_D_LUK_00 2549	
2551	ジ、グ、さん！	MAP_D_LUK_00 2551	
2554	movie/staff.pmf	MAP_D_LUK_00 2554	
2555	func00_B_EVENT_END1	MAP_D_CAD_00 522	
2563	func00_B_EVENT_END2	MAP_D_CAD_00 527	
2564	func00_E_EVENT_START1	MAP_D_CAD_00 415	
2568	func00_E_EVENT_START2	MAP_D_CAD_00 417	
2571	あら…	Hello. Have you come to take my training mission?	
	もしかして、修練を		
	うけてくださる方？		
2575	どんな修練だ？	MAP_D_CAD_00 912	
2579	持ち主の身を守るという		
	お守りを作ってきて		
	ほしいの		
2581	修練「加護あることを祈って」	Participate in training mission "Prayer for Protection"?	
	に参加しますか？		
2582	参加する	MAP_D_CAD_00 919	
2583	参加しない	MAP_D_CAD_00 920	
2588	どうもありがとう		
	来てくれるのを		
	待っていたのよ		
2590	依頼の内容はね		
	お守りを作ってほしい		
	ってことなの		
2594	どうもありがとう	Thanks. I thought I might have asked too much since no one came.	
	誰もきてくれないから		
	少し困ってたところなの		
2598	お守り作り…	You want me to say an invocation? Is that something even I can do?	
	おれでもできそうか？		
2602	ええ、難しいことはないわ	Sure. It's not difficult at all. It's an invocation passed down from ancient times.	
	昔から伝わるおまじない		
	みたいなものよ		
2604	まずはこれ	First, let me give you this.	
	渡しておくわね		
2609	守りの力があるという石を	This coin is set with a stone that is said to have protective power.	
	切り出して作ったコインよ		
2611	これを、ラ・キット遺跡の	I want you to put it in the fountain at La-Kit and pray for my safety.	
	泉に入れて無事を祈るの		
2613	泉のまわりの床には	There are four circular designs painted around the fountain.	
	４つの円が描かれて		
	いるんですって		
2615	コインを泉にいれたら	Once you put the coin into the fountain, stand on the design nearest to the entrance.	
	一番入り口側の円に立って		
2617	そこから他の円を通って	After that, go around the fountain twice in the clockwise direction, then once in the counterclockwise direction.	
	右回りで２回		
	左回りで１回		
2619	最後にまた、右回りで１回	Finally, go around again clockwise. I want you to pray for my safety while you walk around the fountain.	
	泉の周りをまわりながら		
	祈りをこめてほしいの		
2621	ポイントは、必ず他の円を	One point: be sure to step on each design as you walk around the fountain.	
	踏むことなんですって		
2625	…面倒だな	Sounds like a lot of trouble.	
2629	ふふっ、おまじないって	Good luck invocations are like that.	
	そういうものなのよ		
2631	…本当は自分で行くのが	I wondered whether it would be a good idea to go by myself,	
	いいんでしょうけど		
2633	お腹にね	but I'm pregnant, so I have to think about the baby.	
	赤ちゃんがいるの		
	だからさすがに、ね		
2635	かわりに、そのコインに	That's why I put my feelings into this coin instead.	
	私の気持ちをたくさん		
	こめておいたわ		
2639	確かに受け取った	I'll go ahead and get this done, then.	
2643	ありがとう	Thanks, and be careful.	
	気をつけて行ってきてね		
2645	func00_E_EVENT_END1	MAP_D_CAD_00 424	
2647	func00_E_EVENT_END2	MAP_D_CAD_00 425	
2650	ちがったのね		
	それじゃあ		
	何か用かしら？		
2652	func00_E_EVENT_END1	MAP_D_CAD_00 424	
2653	func00_E_EVENT_END2	MAP_D_CAD_00 425	
2654	func00_E_EVENT_START1	MAP_D_CAD_00 415	
2658	func00_E_EVENT_START2	MAP_D_CAD_00 417	
2661	お守りの作り方		
	確認するかしら？		
2663	確認しますか？	MAP_D_CAN_01 315	
2664	はい	MAP_D_CAD_00 432	
2665	いいえ	MAP_D_CAD_00 433	
2670	渡したコインを		
	ラ・キット遺跡の		
	泉に入れて無事を祈るの		
2672	泉のまわりの床には	MAP_D_LUK_02 2613	
	４つの円が描かれて		
	いるんですって		
2674	コインを泉にいれたら	MAP_D_LUK_02 2615	
	一番入り口側の円に立って		
2676	そこから他の円を通って	MAP_D_LUK_02 2617	
	右回りで２回		
	左回りで１回		
2678	最後にまた、右回りで１回	MAP_D_LUK_02 2619	
	泉の周りをまわりながら		
	祈りをこめてほしいの		
2680	ポイントは、必ず他の円を	MAP_D_LUK_02 2621	
	踏むことなんですって		
2682	…よろしく頼むわね		
	気をつけて！		
2684	func00_E_EVENT_END1	MAP_D_CAD_00 424	
2685	func00_E_EVENT_END2	MAP_D_CAD_00 425	
2688	ふふっ、記憶力いいのね		
	遺跡に行くときは		
	気をつけてね		
2690	func00_E_EVENT_END1	MAP_D_CAD_00 424	
2691	func00_E_EVENT_END2	MAP_D_CAD_00 425	
2692	func00_E_EVENT_START1	MAP_D_CAD_00 415	
2694	func00_E_EVENT_START2	MAP_D_CAD_00 417	
2696	今はそれどころじゃない		
2698	今はそれどころじゃない	MAP_D_LUK_02 2696	
2700	依頼の泉はこれだよな	This is the fountain the client mentioned. Let's try putting the coin in.	
	コイン、入れてみるか		
2701	{15}14{14}027Aを	Put {15}14{14}027A	
	泉に入れた	in the fountain.	
2705	あとは無事を祈りながら…	Now I need to pray for her safety.	
2706	func00_E_EVENT_END1	MAP_D_CAD_00 424	
2707	func00_E_EVENT_END2	MAP_D_CAD_00 425	
2708	func00_E_EVENT_START1	MAP_D_CAD_00 415	
2710	func00_E_EVENT_START2	MAP_D_CAD_00 417	
2712	たぶん、これでいいはずだ	That should do I it. I've prayed for her safety.	
	ちゃんと無事も祈った		
2715	形は…	Its shape hasn't changed a bit.	
	かわっていないな		
2717	func00_E_EVENT_END1	MAP_D_CAD_00 424	
2718	func00_E_EVENT_END2	MAP_D_CAD_00 425	
2719	func00_E_EVENT_START1	MAP_D_CAD_00 415	
2720	func00_E_EVENT_START2	MAP_D_CAD_00 417	
2722	失敗した気がする…		
2723	func00_E_EVENT_END1	MAP_D_CAD_00 424	
2724	func00_E_EVENT_END2	MAP_D_CAD_00 425	
2730	func00_E_EVENT_START1	MAP_D_CAD_00 415	
2732	func00_E_EVENT_START2	MAP_D_CAD_00 417	
2734	func00_E_EVENT_END1	MAP_D_CAD_00 424	
2735	func00_E_EVENT_END2	MAP_D_CAD_00 425	
2737	お守り作成を中止しますか？		
2738	はい	MAP_D_CAD_00 432	
2739	いいえ	MAP_D_CAD_00 433	
2749	func00_E_EVENT_START1	MAP_D_CAD_00 415	
2751	func00_E_EVENT_START2	MAP_D_CAD_00 417	
2752	すんだ水の中にコインが沈んでいる		
	特に変化はないようだ		
2753	func00_E_EVENT_END1	MAP_D_CAD_00 424	
2754	func00_E_EVENT_END2	MAP_D_CAD_00 425	
2755	func00_E_EVENT_START1	MAP_D_CAD_00 415	
2759	func00_E_EVENT_START2	MAP_D_CAD_00 417	
2762	もしかして、お守りが	Have you finished the invocation?	
	できたのかしら？		
2767	何もかわってないぞ	It hasn't changed at all. Is that okay?	
	それでいいのか？		
2771	あなたはちゃんと	Did you perform the invocation properly?	
	やってくれたんでしょう？		
2775	ああ	Yeah.	
2779	それなら信じるわ	Then I'll believe. A good luck invocation isn't something you can see, right?	
	おまじないなんて		
	見えるものじゃないしね		
2781	…これできっと	I'm sure it'll protect my husband, too.	
	主人の身も守られるわ		
2783	主人はランカーなの	My husband is a ranker, and he's always going to far-flung places in an effort to become stronger.	
	強くなるために、あちこち		
	飛び回ってばかり		
2785	ちょっと前までは	Up until a little while ago, I thought that was natural.	
	それが当然のように		
	思っていたけれど…		
2787	子どもができたからか	Maybe it's because I have a child on the way, or because the world has been moving so quickly.	
	それとも世界が		
	急に動いているからか		
2789	最近は、なんだかとても	In any case, I've been really worried lately.	
	心配になってしまうの		
2793	それでお守りを？	So you had me say that invocation?	
2797	ええ、そうなの	Exactly. Thanks to your efforts, I can rest a little easier now.	
	おかげさまで		
	少し安心できそうよ		
2799	…さて、報奨を	Anyway, I should give you your reward.	
	お渡ししなくちゃね		
2804	…あんたも、大事にな	Take care of yourself.	
2808	あら、ありがとう	Thanks. You're a really nice ranker.	
	優しいランカーさん		
2810	func00_E_EVENT_END1	MAP_D_CAD_00 424	
2812	func00_E_EVENT_END2	MAP_D_CAD_00 425	
2813	シーン初期化	MAP_D_CAD_00 1232	
			
2814	■デフォルトガイドマップ■		
			
2815	■扉解放後■		
			
2816	オブジェクト配置	MAP_D_CAD_00 1233	
			
2817	オブジェクトトラップ配置	MAP_D_CAD_00 1235	
			
2820	壁画が反応		
2821	■■■エフェクト置きます■■■	MAP_D_DNE_00 304	
			
2823	壁画が反応ループ		
2824	■■■エフェクト置きます■■■	MAP_D_DNE_00 304	
			
2826	壁画が開く		
2827	■■■エフェクト置きます■■■	MAP_D_DNE_00 304	
			
2829	マップチェンジトラップ配置	MAP_D_CAD_00 1236	
			
2836	ＮＰＣ配置	MAP_D_CAD_00 1248	
			
2850	マキス	MAP_D_CAD_00 1258	
2854	とにかく		
	調べてみようか…		
2856	ほら、壁画に	Try touching the mural.	
	さわってみろよ…		
2858	世界中探すんだよな？		
	手がかりは…いや		
	まあ、無いよなぁ		
2860	ミシーのことも心配だし		
	おれは一度		
	ガンドアに戻るかな		
2862	{14}02A6を返してもらいますか？	MAP_D_CAD_00 1299	
2863	はい	MAP_D_CAD_00 432	
2864	いいえ	MAP_D_CAD_00 433	
2869	わかった	MAP_D_KOU_02 677	
2871	{14}02A6を返してもらった	MAP_D_CAD_00 1308	
2874	どうかしたのか？	MAP_D_LUK_01 2145	
2876	{14}02A6を持っていません	MAP_D_CAD_00 1313	
2880	{14}02A6を渡しますか？	MAP_D_CAD_00 1317	
2885	これが都会の習慣か？	MAP_D_LUK_01 2156	
	じゃあ、そのうち部屋に		
	行くからな		
2887	{14}02A6を渡した	MAP_D_CAD_00 1324	
2892	今の扉は…！？		
2894	たのむわよ、ジグ！		
2900	それじゃ、これね	MAP_D_CAN_00 981	
2904	何かしら？	MAP_D_CAN_00 985	
2913	それは…	MAP_D_CAN_00 994	
	ごめんなさい		
	今は受け取れないわ		
2917	え？　わたしに？	MAP_D_CAN_00 998	
	うれしいわ、ジグ		
2923	ジグさん、お願いします！		
2925	ジグさん！	MAP_D_LUK_00 1599	
2931	わかりました	MAP_D_CAD_01 665	
2935	どうかしましたか？	MAP_D_CAD_01 670	
2944	殿方の部屋の鍵なんて…	MAP_D_CAD_01 681	
	受け取るわけには		
	いきません		
2948	合鍵…	MAP_D_CAD_01 685	
	では、一応受け取って		
	おきますね		
2954	不思議な壁画…ですね		
2956	この気持ち…		
	興奮と恐怖が混じり合った		
	…ああ、目が回る！		
2962	ああ、わかったよ	MAP_D_CAD_00 1306	
2966	どうしたんだい？	MAP_D_CAD_00 1311	
2975	おお…	MAP_D_CAD_00 1322	
	うれしいよ、ジグ！		
	ありがとう！		
2980	イベントトラップ配置	MAP_D_CAD_00 1413	
			
2981	泉		
2982	壁画		
2983	壁画	MAP_D_LUK_02 2982	
2984	壁画		
			
2986	ファズ触る		
			
2988	ジグ触る		
			
2990	ハースとタイロンへ		
			
2991	扉開く		
			
2993	ナゾの声		
			
2997	ジグさん、扉を！		
2999	アヴァールと強制戦闘		
			
3000	func00_E_EVENT_START1	MAP_D_CAD_00 415	
3001	func00_E_EVENT_START2	MAP_D_CAD_00 417	
3011	うし、強襲成功！！	Strike successful!!	
3016	この勝負、勝運は	Lady luck will smile on me as I seize victory!	
	おれにあるぜ！		
3024	くっそ…	Today was not my lucky day.	
	今日はツキがないぜ…		
3027	アヴァールに勝利したことで	For winning the battle with Avarus, you got the link skill "Damage Up."	
	連結スキル「ダメージアップ」の		
	スキルチップを手に入れた		
3028	btl_pit290		
3029	スキルチップの中には	Link skills link with other skill chips and make them more effective.	
	他のスキルと連結することで		
	そのスキルを強化できるものがあります		
3030	btl_pit291		
3031	連結スキルには矢印が書いてあり	Link skills are marked with arrows. Link skills strengthen the skill chips at which the arrows point.	
	矢印と同じ方向にあるスキルチップを		
	強化することができます		
3032	btl_pit292		
3033	「攻撃」の連結スキルチップは	Attack type link skills strengthen both command skills and R skills, but only those that attack the enemy.	
	コマンドスキル・Ｒスキル問わず		
	敵を攻撃するものを強化します		
3034	btl_pit293		
3035	「Ｒスキル」の連結スキルチップは	R Skill type link skills only strengthen R skills.	
	Ｒスキルにのみ連結し、強化します		
3036	btl_pit294		
3037	「自動発動」の連結スキルチップは	Auto type link skills only strengthen auto skills.	
	自動発動スキルにのみ連結し		
	それを強化します		
3038	btl_pit295		
3039	「補助」の連結スキルチップは	Assist type link skills only strengthen stat increase skills.	
	能力上昇スキルにのみ連結し		
	それを強化します		
3040	btl_pit290	MAP_D_LUK_02 3028	
3041	詳しい情報は	For more details about specific skill chips, please see the SKILLS screen.	
	SKILLS画面に書いてあるので		
	これをチェックしてみてください		
3043	func00_E_EVENT_END1	MAP_D_CAD_00 424	
3044	func00_E_EVENT_END2	MAP_D_CAD_00 425	
3053	？？？	MAP_D_CAD_01 744	
3066	注目の的		
			
3068	ハース乗り込む		
			
3070	ジグ帰還		
			
3095	FAZ		
			
3097	IGO		
			
3099	REN		
			
3101	ROZ		
			
3103	MKS	MAP_D_CAD_00 1457	
