0	■■■ func00_DEBUG_SIGN ■■■	MAP_D_CAD_00 0		
				
1	！！！エラー検出用サブルーチンを通りました！！！	MAP_D_CAD_00 1		
				
2	イビノスシンボル配置しない。フラグ：	MAP_D_CAD_00 2		
4	イビノスシンボル配置する。フラグ：	MAP_D_CAD_00 4		
7	ランカーファイル情報更新	MAP_D_CAD_00 7		
				
8	->旧:	MAP_D_CAD_00 8		
9	 追加:	MAP_D_CAD_00 9		
10	 結果:	MAP_D_CAD_00 10		
12	ランク:	MAP_D_CAD_00 12		
15	ランカー戦勝利・戻り値：	MAP_D_CAD_00 15		
17	ランキング戦を申し込みますか？	MAP_D_CAD_00 17		
18	申し込む	MAP_D_CAD_00 18		
19	やめておく	MAP_D_CAD_00 19		
22	イビノスシンボル倒した。フラグON：	MAP_D_CAD_00 22		
25	イビノス戦：イベント終了？	MAP_D_CAD_00 25		
				
26	スクリプト：未知のモーションタイプが指定されました	MAP_D_CAD_00 26		
				
33	***振り向き判定ＰＣ***	MAP_D_CAD_00 33		
				
34	現在:cmn_r0:	MAP_D_CAD_00 34		
36	目標:cmn_r1:	MAP_D_CAD_00 36		
38	差分:cmn_r2:	MAP_D_CAD_00 38		
40	差分＾２:cmn_r3:	MAP_D_CAD_00 40		
42	閾値＾２:cmn_r4:	MAP_D_CAD_00 42		
44	->pc振り向きません	MAP_D_CAD_00 44		
				
45	->pc振り向きます	MAP_D_CAD_00 45		
				
47	***振り向き判定***	MAP_D_CAD_00 47		
				
48	現在:cmn_r0:	MAP_D_CAD_00 34		
50	目標:cmn_r1:	MAP_D_CAD_00 36		
52	差分:cmn_r2:	MAP_D_CAD_00 38		
54	差分＾２:cmn_r3:	MAP_D_CAD_00 40		
56	閾値＾２:cmn_r4:	MAP_D_CAD_00 42		
58	->npc振り向きません	MAP_D_CAD_00 58		
				
59	->npc振り向きます	MAP_D_CAD_00 59		
				
63	ロード待ち開始	MAP_D_CAD_00 63		
				
64	ロード待ち終了	MAP_D_CAD_00 64		
				
65	{15}0C{14}L00000000を	MAP_D_CAD_00 65		
	手に入れた			
66	{15}0E{14}L00000000を	MAP_D_CAD_00 66		
	手に入れた			
67	{15}0F{14}L00000000を	MAP_D_CAD_00 67		
	手に入れた			
68	{15}0D{14}L00000000を	MAP_D_CAD_00 68		
	手に入れた			
69	{15}10{14}L00000000を	MAP_D_CAD_00 69		
	手に入れた			
70	{15}12{14}L00000000を	MAP_D_CAD_00 70		
	手に入れた			
71	{15}11{14}L00000000を	MAP_D_CAD_00 71		
	手に入れた			
72	{15}13{14}L00000000を{1d}L00000001個	MAP_D_CAD_00 72		
	手に入れた			
73	{15}14{14}L00000000を{1d}L00000001個	MAP_D_CAD_00 73		
	手に入れた			
74	{15}14{14}L00000000を	MAP_D_CAD_00 74		
	手に入れた			
75	{15}1B{14}L00000000を	MAP_D_CAD_00 75		
	手に入れた			
76	{14}L00000000を	MAP_D_CAD_00 76		
	手に入れた			
77	{1d}L00000000Ｂを手に入れた	MAP_D_CAD_00 77		
				
78	num_calc：	MAP_D_CAD_00 78		
80	{15}0C{14}L00000000を	MAP_D_CAD_00 80		
	手渡した			
81	{15}0E{14}L00000000を	MAP_D_CAD_00 81		
	手渡した			
82	{15}0F{14}L00000000を	MAP_D_CAD_00 82		
	手渡した			
83	{15}0D{14}L00000000を	MAP_D_CAD_00 83		
	手渡した			
84	{15}10{14}L00000000を	MAP_D_CAD_00 84		
	手渡した			
85	{15}12{14}L00000000を	MAP_D_CAD_00 85		
	手渡した			
86	{15}11{14}L00000000を	MAP_D_CAD_00 86		
	手渡した			
87	{15}13{14}L00000000を{1d}L00000001個	MAP_D_CAD_00 87		
	手渡した			
88	{15}14{14}L00000000を{1d}L00000001個	MAP_D_CAD_00 88		
	手渡した			
89	{15}14{14}L00000000を	MAP_D_CAD_00 89		
	手渡した			
90	{15}1B{14}L00000000を	MAP_D_CAD_00 90		
	手渡した			
91	{14}L00000000を	MAP_D_CAD_00 91		
	手渡した			
				
92	■■ret0■■：	MAP_D_CAD_00 92		
96	■■ret■■：	MAP_D_CAD_00 96		
98	cmn_option:	MAP_D_CAD_00 98		
106	セーブポイント	MAP_D_CAD_00 106		
107	データ削除ユーティリティを起動します	MAP_D_CAD_00 107		
	ゲームプレイデータのセーブには			
	{1d}L00000001KB以上の空き容量が必要です			
108	ネックタイプ：	MAP_D_CAD_00 108		
110	首の初期化	MAP_D_CAD_00 110		
				
111	ネックタイプ：	MAP_D_CAD_00 108		
115	大橋が	MAP_D_CAD_00 115		
	トラベルマップで使用可能になりました			
116	下区：商業区が	MAP_D_CAD_00 116		
	トラベルマップで使用可能になりました			
117	下区：ランカー居住区が	MAP_D_CAD_00 117		
	トラベルマップで使用可能になりました			
118	下区：闘技場前が	MAP_D_CAD_00 118		
	トラベルマップで使用可能になりました			
119	タイロン租界が	MAP_D_CAD_00 119		
	トラベルマップで使用可能になりました			
120	バザルタ出張所前が	MAP_D_CAD_00 120		
	トラベルマップで使用可能になりました			
121	上区：噴水広場前が	MAP_D_CAD_00 121		
	トラベルマップで使用可能になりました			
122	バザルタ本部前が	MAP_D_CAD_00 122		
	トラベルマップで使用可能になりました			
123	フラグ・フィールド：	MAP_D_CAD_00 123		
125	フラグ・フィールド：	MAP_D_CAD_00 123		
127	ガンドアが	MAP_D_CAD_00 127		
	トラベルマップで使用可能になりました			
128	カンタレラが	MAP_D_CAD_00 128		
	トラベルマップで使用可能になりました			
129	トーロ荒地が	MAP_D_CAD_00 129		
	トラベルマップで使用可能になりました			
130	リブラ森林が	MAP_D_CAD_00 130		
	トラベルマップで使用可能になりました			
131	マイヤールの森が	MAP_D_CAD_00 131		
	トラベルマップで使用可能になりました			
132	ベリエ街道が	MAP_D_CAD_00 132		
	トラベルマップで使用可能になりました			
133	ドネイ回廊が	MAP_D_CAD_00 133		
	トラベルマップで使用可能になりました			
134	ウィルゴー砂漠が	MAP_D_CAD_00 134		
	トラベルマップで使用可能になりました			
135	カドモール水源が	MAP_D_CAD_00 135		
	トラベルマップで使用可能になりました			
136	カルキノス荒地が	MAP_D_CAD_00 136		
	トラベルマップで使用可能になりました			
137	ラ・キット遺跡が	MAP_D_CAD_00 137		
	トラベルマップで使用可能になりました			
138	レオン峡谷が	MAP_D_CAD_00 138		
	トラベルマップで使用可能になりました			
139	ソダー回廊が	MAP_D_CAD_00 139		
	トラベルマップで使用可能になりました			
140	ニシュラ氷河が	MAP_D_CAD_00 140		
	トラベルマップで使用可能になりました			
141	いにしえの回廊が	MAP_D_CAD_00 141		
	トラベルマップで使用可能になりました			
142	フィッシェ街道が	MAP_D_CAD_00 142		
	トラベルマップで使用可能になりました			
143	レゾナール海岸が	MAP_D_CAD_00 143		
	トラベルマップで使用可能になりました			
144	ケイロニア高原が	MAP_D_CAD_00 144		
	トラベルマップで使用可能になりました			
145	ケイロニア砦が	MAP_D_CAD_00 145		
	トラベルマップで使用可能になりました			
146	サルバトーレ離宮が	MAP_D_CAD_00 146		
	トラベルマップで使用可能になりました			
147	リストにないよ？	MAP_D_CAD_00 147		
				
148	_case:	MAP_D_CAD_00 148		
151	「討伐修練【低位１】」の	MAP_D_CAD_00 151		
	クリア条件を満たした！			
152	「討伐修練【低位２】」の	MAP_D_CAD_00 152		
	クリア条件を満たした！			
153	「討伐修練【低位３】」の	MAP_D_CAD_00 153		
	クリア条件を満たした！			
154	「討伐修練【低位４】」の	MAP_D_CAD_00 154		
	クリア条件を満たした！			
155	「討伐修練【低位５】」の	MAP_D_CAD_00 155		
	クリア条件を満たした！			
156	「討伐修練【中位１】」の	MAP_D_CAD_00 156		
	クリア条件を満たした！			
157	「討伐修練【中位２】」の	MAP_D_CAD_00 157		
	クリア条件を満たした！			
158	「討伐修練【高位１】」の	MAP_D_CAD_00 158		
	クリア条件を満たした！			
159	「討伐修練【高位２】」の	MAP_D_CAD_00 159		
	クリア条件を満たした！			
160	「薬草探しの代理人」の	MAP_D_CAD_00 160		
	クリア条件を満たした！			
161	「新商品開発の手伝い」の	MAP_D_CAD_00 161		
	クリア条件を満たした！			
162	「蒼の指環を求めて」の	MAP_D_CAD_00 162		
	クリア条件を満たした！			
163	「雪中の贈り物」の	MAP_D_CAD_00 163		
	クリア条件を満たした！			
164	「加護あることを祈って」の	MAP_D_CAD_00 164		
	クリア条件を満たした！			
165	「追想の白い花」の	MAP_D_CAD_00 165		
	クリア条件を満たした！			
166	「来れ、好運の使者！」の	MAP_D_CAD_00 166		
	クリア条件を満たした！			
167	「武術指南のお願い」の	MAP_D_CAD_00 167		
	クリア条件を満たした！			
168	「行方不明の従業員」の	MAP_D_CAD_00 168		
	クリア条件を満たした！			
169	「スキルチップ収集中」の	MAP_D_CAD_00 169		
	クリア条件を満たした！			
170	「盗難品の行方は」の	MAP_D_CAD_00 170		
	クリア条件を満たした！			
171	「資料集めのアシスタント」の	MAP_D_CAD_00 171		
	クリア条件を満たした！			
172	「河畔の生態系調査」の	MAP_D_CAD_00 172		
	クリア条件を満たした！			
173	「新人官吏を捕獲せよ」の	MAP_D_CAD_00 173		
	クリア条件を満たした！			
174	「黒い積荷の回収」の	MAP_D_CAD_00 174		
	クリア条件を満たした！			
175	「悪徳商売を抑止せよ」の	MAP_D_CAD_00 175		
	クリア条件を満たした！			
176	「新人ランカー襲撃事件」の	MAP_D_CAD_00 176		
	クリア条件を満たした！			
177	「優しい猛者、募集中」の	MAP_D_CAD_00 177		
	クリア条件を満たした！			
178	「異郷からきた尋ね人」の	MAP_D_CAD_00 178		
	クリア条件を満たした！			
179	「勇壮なる護衛の依頼」の	MAP_D_CAD_00 179		
	クリア条件を満たした！			
180	「赫の指環を求めて」の	MAP_D_CAD_00 180		
	クリア条件を満たした！			
181	「闘技場の害獣駆除」の	MAP_D_CAD_00 181		
	クリア条件を満たした！			
182	「回覧板配達人」の	MAP_D_CAD_00 182		
	クリア条件を満たした！			
183	「討伐修練【緊急】」の	MAP_D_CAD_00 183		
	クリア条件を満たした！			
184	「鉱物資源の収集【緊急】」の	MAP_D_CAD_00 184		
	クリア条件を満たした！			
185	「タリー石を探せ」の	MAP_D_CAD_00 185		
	クリア条件を満たした！			
186	「甘梅草を探せ」の	MAP_D_CAD_00 186		
	クリア条件を満たした！			
187	「衛兵の剣の没収」の	MAP_D_CAD_00 187		
	クリア条件を満たした！			
188	「衛兵の剣の返却」の	MAP_D_CAD_00 188		
	クリア条件を満たした！			
189	「森のイビノス駆除【重大】」の	MAP_D_CAD_00 189		
	クリア条件を満たした！			
190	「回廊のイビノス駆除【重大】」の	MAP_D_CAD_00 190		
	クリア条件を満たした！			
191	「七騎士認定修練【重大】」の	MAP_D_CAD_00 191		
	クリア条件を満たした！			
192	ガンドアが	MAP_D_CAD_00 192		
	トラベルマップで通行可能になりました			
193	ガンドアが	MAP_D_CAD_00 193		
	トラベルマップで通行不能になりました			
194	カンタレラが	MAP_D_CAD_00 194		
	トラベルマップで通行可能になりました			
195	カンタレラが	MAP_D_CAD_00 195		
	トラベルマップで通行不能になりました			
196	トーロ荒地が	MAP_D_CAD_00 196		
	トラベルマップで通行可能になりました			
197	トーロ荒地が	MAP_D_CAD_00 197		
	トラベルマップで通行不能になりました			
198	リブラ森林が	MAP_D_CAD_00 198		
	トラベルマップで通行可能になりました			
199	リブラ森林が	MAP_D_CAD_00 199		
	トラベルマップで通行不能になりました			
200	マイヤールの森が	MAP_D_CAD_00 200		
	トラベルマップで通行可能になりました			
201	マイヤールの森が	MAP_D_CAD_00 201		
	トラベルマップで通行不能になりました			
202	ベリエ街道が	MAP_D_CAD_00 202		
	トラベルマップで通行可能になりました			
203	ベリエ街道が	MAP_D_CAD_00 203		
	トラベルマップで通行不能になりました			
204	ドネイ回廊が	MAP_D_CAD_00 204		
	トラベルマップで通行可能になりました			
205	ドネイ回廊が	MAP_D_CAD_00 205		
	トラベルマップで通行不能になりました			
206	ウィルゴー砂漠が	MAP_D_CAD_00 206		
	トラベルマップで通行可能になりました			
207	ウィルゴー砂漠が	MAP_D_CAD_00 207		
	トラベルマップで通行不能になりました			
208	カドモール水源が	MAP_D_CAD_00 208		
	トラベルマップで通行可能になりました			
209	カドモール水源が	MAP_D_CAD_00 209		
	トラベルマップで通行不能になりました			
210	カルキノス荒地が	MAP_D_CAD_00 210		
	トラベルマップで通行可能になりました			
211	カルキノス荒地が	MAP_D_CAD_00 211		
	トラベルマップで通行不能になりました			
212	ラ・キット遺跡が	MAP_D_CAD_00 212		
	トラベルマップで通行可能になりました			
213	ラ・キット遺跡が	MAP_D_CAD_00 213		
	トラベルマップで通行不能になりました			
214	レオン峡谷が	MAP_D_CAD_00 214		
	トラベルマップで通行可能になりました			
215	レオン峡谷が	MAP_D_CAD_00 215		
	トラベルマップで通行不能になりました			
216	ソダー回廊が	MAP_D_CAD_00 216		
	トラベルマップで通行可能になりました			
217	ソダー回廊が	MAP_D_CAD_00 217		
	トラベルマップで通行不能になりました			
218	ニシュラ氷河が	MAP_D_CAD_00 218		
	トラベルマップで通行可能になりました			
219	ニシュラ氷河が	MAP_D_CAD_00 219		
	トラベルマップで通行不能になりました			
220	いにしえの回廊が	MAP_D_CAD_00 220		
	トラベルマップで通行可能になりました			
221	いにしえの回廊が	MAP_D_CAD_00 221		
	トラベルマップで通行不能になりました			
222	フィッシェ街道が	MAP_D_CAD_00 222		
	トラベルマップで通行可能になりました			
223	フィッシェ街道が	MAP_D_CAD_00 223		
	トラベルマップで通行不能になりました			
224	レゾナール海岸が	MAP_D_CAD_00 224		
	トラベルマップで通行可能になりました			
225	レゾナール海岸が	MAP_D_CAD_00 225		
	トラベルマップで通行不能になりました			
226	ケイロニア高原が	MAP_D_CAD_00 226		
	トラベルマップで通行可能になりました			
227	ケイロニア高原が	MAP_D_CAD_00 227		
	トラベルマップで通行不能になりました			
228	ケイロニア砦が	MAP_D_CAD_00 228		
	トラベルマップで通行可能になりました			
229	ケイロニア砦が	MAP_D_CAD_00 229		
	トラベルマップで通行不能になりました			
230	サルバトーレ離宮が	MAP_D_CAD_00 230		
	トラベルマップで通行可能になりました			
231	サルバトーレ離宮が	MAP_D_CAD_00 231		
	トラベルマップで通行不能になりました			
232	リストにないよ？	MAP_D_CAD_00 147		
				
237	func00_C_EVENT_START1	MAP_D_CAD_00 233		
240	マキス	MAP_D_CAD_00 1258		
249	func00_C_EVENT_START2	MAP_D_CAD_00 238		
256	親方、急いでください！	Hurry up, boss! The ruins are already full of challengers!		
	中は挑戦者で			
	いっぱいだ！			
261	ふん、ポンコツや	No need to worry. They're just ants to be stomped.		
	ザコばかりじゃねえのか？			
264	んー、さすが親方！	Hm! I wouldn't expect you to say anything else!		
269	おい、ジグっち、来い！	Hey, Zig. Come here!		
274	…………	MAP_D_CAD_00 242		
278	先に入って	Go in there before me and dispose of the worthless rankers standing in my way.		
	木っ端ランカーどもを			
	片付けて来い		X	
	おれはセンゴクと戦うまで	I don't want to take even a scratch until I fight Sengoku.		
	カスリ傷ひとつ			
	負いたくねえ		X	
	完璧な状態で	I need to be in perfect condition to withstand his technique.		
	やつの技を受けてえのよ			
282	親方、そういうことなら	Boss, I'll take care of that for you!		
	おれが！			
285	あっしも！	Me, too!		
289	親方、おいらに	Boss, leave this to me!		
	おまかせを！			
294	しゃあねえな…	Doesn't matter to me. I guess you old-timers need to save face.		
	古株の顔も立てねえとな…			
300	親方、そういうことは	Boss, save that kind of talk for when we're not around.		
	おれらがいない時に			
	言うもんです			
306	ぅるせえ！	Shut up! Hurry up and get inside!		
	とっとと行きやがれ！			
313	へいやっ！	Yes, sir!		
322	おい、マキス	Hey, Makis.		
325	はい？	Yes?		
329	誰がやってくれるか	Who did you come here for? You're betting, right?		
	賭けねえか？			
334	そういうことはジグが	Save that kind of talk for when Zig isn't—. Nevermind. It's okay.		
	いない時に…			
	って、まあ、いいでしょう		X	
	わたしはもちろん	Of course I'm betting on Zig.		
	ジグに賭けますよ			
339	チッ…	Hm. Isn't that a rather foolish bet?		
	賭けにならねえじゃねえか			
343	さあ、頼んだぜ	Anyway, I leave the rest to you, Zig.		
344	func00_C_EVENT_END1	MAP_D_CAD_00 372		
350	func00_C_EVENT_END2	MAP_D_CAD_00 377		
351	func00_E_EVENT_START1	MAP_D_CAD_00 415		
352	func00_E_EVENT_START2	MAP_D_CAD_00 417		
354	センゴク様…			
	上まで行けません…			
356	うう…やっぱりおまえかぁ			
	がんばれよ…			
358	あとはまかせたぞ、ジグ…			
359	func00_E_EVENT_END1	MAP_D_CAD_00 424		
360	func00_E_EVENT_END2	MAP_D_CAD_00 425		
361	func00_C_EVENT_START1	MAP_D_CAD_00 233		
364	func00_C_EVENT_START2	MAP_D_CAD_00 238		
367	これは…	This is...		
375	カンタレラの紋章が	Cantelera's emblem. But why is it...?		
	どうしてここに…			
378	この遺跡は大昔に	These ruins were built by the people of Cantelera a long time ago.		
	カンタレラの人々が			
	建てたのよ			
381	誰だ！？	Who's there?		
387	姿を見せろ！	Show yourself!		
391	シッ…	Ssh...	X	
	少しのあいだ	Please listen to me for a minute.		
	話を聞いて		X	
	とても大切な話だから	I have something important to tell you.		
394	その声は…	That voice...You're that Anti woman from the Khadmore Riverbed!		
	カドモール水源にいた			
	アンチの女！			
399	世界の未来を願って	The people of Cantelera, who built this tower as a symbol of hope for the future,		
	この塔を建てた			
	カンタレラの人々は…		X	
	サルバトーレ王家と	were destroyed through the combined efforts of House Salvatore and House Bazalta.		
	バザルタ王家によって			
	滅ぼされてしまった		X	
	生き残った少数の	Few Cantelerans survived.		
	カンタレラの民は…		X	
	長い時の流れの中で	As the years passed, Cantelera's legacy and pride faded away.		
	歴史と誇りを			
	なくしてしまった…			
404	おれには関係ない	That has nothing to do with me.		
406	そう、誇りを捨てた	True. It has nothing to do with one who has thrown away his pride.		
	あなたには関係ない			
409	ふん、そんなもの…	Hmph.	X	
	誇りなんて	I never had any pride in Cantelera in the first place.		
	カンタレラには			
	最初からなかった			
411	そう思っているのは	You're the only one who thinks like that.		
	あなただけ			
414	ねえ、教えて	Tell me, where are the people who have pride in Cantelera?		
	カンタレラの誇りを持った			
	人たちの行方を……			
418	知るか	Why should I care?		
420	薄情ね…	So cold-hearted...		
424	おい！	Hey!		
425	func00_C_EVENT_END1	MAP_D_CAD_00 372		
428	func00_C_EVENT_END2	MAP_D_CAD_00 377		
429	func00_C_EVENT_START1	MAP_D_CAD_00 233		
433	func00_C_EVENT_START2	MAP_D_CAD_00 238		
437	ジグ…	Zig, you're amazing.		
	おめえ、すげえよ		X	
	親方が見込んだだけの	The boss expects great things from you.		
	ことはあるぜ			
441	いじわるしたことも	I hope you'll forgive me for bullying you before.		
	あったよな…			
	許してくれよな…			
446	最後の別れみたいな	The way you're talking makes it sound like we'll never see each other again.		
	言い方だな			
452	へへっ！	Heheh! I was just messing with you.		
	ちょっとばかり			
	気分出しただけよ			
458	さーて…	Anyway...	X	
	おれはケガ人連れて	I'm going to take the injured men back. Take care of the boss for me.		
	一足先に帰るから			
	親方のこと、たのんだぜ			
463	ああ、わかった	Right.		
466	func00_C_EVENT_END1	MAP_D_CAD_00 372		
469	func00_C_EVENT_END2	MAP_D_CAD_00 377		
470	func00_C_EVENT_START1	MAP_D_CAD_00 233		
474	func00_C_EVENT_START2	MAP_D_CAD_00 238		
479	よう、ジグっち	Hey, Zig.		
484	さあ、やるか	Shall we get started?		
489	何を？	On what?		
494	この上で待ってる	Sengoku is waiting above. It's time to decide who will be his opponent.		
	センゴクの相手を			
	決めるのよ！		X	
	センゴクが出した条件は	Sengoku's conditions don't require you to beat him in a fair fight.		
	対戦に勝つことじゃねえ		X	
	技を受けても	All you have to do is withstand his technique.		
	立っていれば			
	いいってだけだ		X	
	ジグっちでも	Even you might be able to do that.		
	なんとかなるかも			
	しれねえぞ			
498	…かもな	Possibly.		
502	…と、その気にさせて	If you want to try, then show me your strength.		
	打ちのめすおれっち			
506	いつでも、どんぞ	I'm ready anytime.		
509	func00_C_EVENT_END1	MAP_D_CAD_00 372		
511	func00_C_EVENT_END2	MAP_D_CAD_00 377		
512	func00_C_EVENT_START1	MAP_D_CAD_00 233		
514	func00_C_EVENT_START2	MAP_D_CAD_00 238		
517	強くなったな、ジグっち	You've gotten stronger, Zig.		
520	まだまだだ	I've got a ways to go yet.		
525	気にするな	Don't worry about it. Anyway, I'll be fighting Sengoku.		
	おれっちが相手じゃ			
	仕方がねえ			
528	…………	MAP_D_CAD_00 242		
532	じゃあ、行ってくるわ	I'll be going now.		
535	func00_C_EVENT_END1	MAP_D_CAD_00 372		
538	func00_C_EVENT_END2	MAP_D_CAD_00 377		
539	func00_BATTLE_EVENT	MAP_D_CAD_00 457		
540	func00_B_EVENT_START1	MAP_D_CAD_00 459		
550	func00_B_EVENT_START2	MAP_D_CAD_00 465		
558	よく見ておくんだ、ジグ	Pay close attention, Zig.		
559	これはスゴイ対戦だよ	This is going to be one hell of a match.		
565	おぬしの間で来るが良い	Thank you for taking the time to come all this way.		
569	では、	Now then,		
570	遠慮無く	Don't hold back.		
576	func00_B_EVENT_END1	MAP_D_CAD_00 522		
582	func00_B_EVENT_END2	MAP_D_CAD_00 527		
583	func00_C_EVENT_START1	MAP_D_CAD_00 233		
589	func00_C_EVENT_START2	MAP_D_CAD_00 238		
592	見事だ、タイロン	Magnificent, Tylong.	X	
	急ぎ、ガンドアへ戻り	Return to Ghandour as soon as possible. There, you will be inducted into the Seven Knights.		
	七騎士入りの誓約を			
	するがよい			
598	センゴクさんよ…	Sengoku, was that really your signature technique?		
	今のチンケな技はなんだ？			
603	あんな技、ミミズでも	Even a worm could withstand it.		
	受けられるぞ			
608	長い七騎士暮らしで	I've been one of the Seven Knights for so long that I've gotten rusty.		
	拙者の腕も落ちたかな			
616	面白くねえ…	How boring...		
617	【修練失敗】	[Training Failed] {13}07Tylong has met the objective for the major training mission "Seven Knights' Recognition" All participating rankers should withdraw immediately{13}00.		
	{13}07重大修練「七騎士認定修練」は			
	タイロンによって達成された			
	参加中のランカーは速やかに解散すべし{13}00			
623	新しい風…	A new wind...		
625	あん？	Huh?		
630	我々が感じているより	Maybe the Legion has stagnated more than we thought.		
	機構の空気は			
	淀んでいるのかも…			
637	我々ってのは誰だ？	Who's "we?" I don't feel that at all.		
	おれっちはなーんにも			
	感じてねえぞ			
641	タイロンさん	There's no way you couldn't have felt it, Tylong!		
	あなたが何も感じて			
	いないはずがない！			
645	なんだよ…	What's this? Aren't you confident?		
	ずいぶん強気じゃねえか			
651	てめえ！	You!		
653	ひっ	Eep!		
660	また来やがったか！	You again!?		
662	何度でも来るわよ…	I'll come as many times as it takes...		
669	うっ！	Uu!		
673	func00_C_EVENT_END1	MAP_D_CAD_00 372		
676	func00_C_EVENT_END2	MAP_D_CAD_00 377		
677	func00_C_EVENT_START1	MAP_D_CAD_00 233		
679	func00_C_EVENT_START2	MAP_D_CAD_00 238		
681	タイロン？	Tylong?		
683	どこにもいない	There's no one there.		
687	話がちがうぞ、イゴリダ	That's not what you said you would do, Igrida.		
692	それはどういうことだ？	What do you mean by that?	X	
	イゴリダというのは	Is Igrida that woman's name?		
	あの女の名前か？		X	
	マキス	What are you hiding from me, Makis?		
	あんた、何を			
	隠している…			
700	ジグっち…	Zig-cchi....		
702	ジグだ	I'm just Zig.		
707	ジグ…	Zig, I'll tell you everything when the time comes.		
	話せる時が来たら			
	全部話すよ			
711	今話せ	Tell me now.		
715	カンタレラが滅ぼされ…	Cantelera was destroyed, but then we learned that there were survivors.		
	でも、生き残りがいると			
	知った時…		X	
	何もかも捨てて	I thought you were the kind of person who would		
	探しに行く…		X	
	ジグはそういう男だと	drop everything and go search for them.		
	思っていた…			
721	マキス…あんた	Makis, are you an Anti?		
	アンチなんだな？			
725	その呼び方…	That term...You really are loyal to the Legion.		
	すっかり機構の一員だ			
729	そう仕向けたのは誰だ！	And whose fault is that!?		
732	わたしだと	I'm sure you want to say that it was mine,		
	言いたいんだよね？		X	
	でも、ちがうんだな	but it wasn't.		
737	おれ自身だって言うのか？	Are you saying it was me?	X	
	おれにどんな自由が	Have I ever had the freedom to make my own decisions!?		
	あったんだよ！			
743	カンタレラでは	You were always free in Cantelera, weren't you?		
	ずっと自由だった			
	じゃないか…			
749	どうしてこんなことに…	Why is this happening to me?		
750	func00_C_EVENT_END1	MAP_D_CAD_00 372		
752	func00_C_EVENT_END2	MAP_D_CAD_00 377		
754	func00_C_EVENT_START1	MAP_D_CAD_00 233		
760	func00_C_EVENT_START2	MAP_D_CAD_00 238		
764	近くで見ると…デカイな	Did our ancestors really build these gigantic ruins?		
	本当にご先祖様が			
	こんなものを作ったのか？			
776	感心している時間は	Looks like we don't have time to admire them.		
	ないみたいだ			
780	新しい風を運ぶ者たちよ	I've been waiting for you, founders of the new order.		
	待ちくたびれたぞ…		X	
	さあ、カンタレラの末裔よ	Let us hurry, descendants of Cantelera.		
	急ぎ、こちらへ			
786	今のは？	Who's he?		
788	七騎士センゴクだ	Sengoku, one of the former Seven Knights.		
791	…信じていいのか？	Can we trust him?		
795	たぶんな	Probably.	X	
	戦った時も…	When I fought him,	X	
	敵意や憎しみは	I didn't feel any hostility or hatred from him.		
	どこにもなかった…		X	
	そんな気がしたんだ	That's how it seemed, at least.		
800	ジグがそう言うなら	I trust your judgment. Let's get going.		
	ほら、行こう			
801	func00_C_EVENT_END1	MAP_D_CAD_00 372		
815	func00_C_EVENT_END2	MAP_D_CAD_00 377		
816	func00_C_EVENT_START1	MAP_D_CAD_00 233		
820	func00_C_EVENT_START2	MAP_D_CAD_00 238		
823	この先に	The murals are just beyond here.		
	壁画があるのだが…		X	
	その壁画、ただの	They're not just murals, though.		
	壁画ではない		X	
	おそらく、いにしえの	The Cantelerans from ancient times are trying to tell us something.		
	カンタレラの民が何かを			
	伝えようとしているのだ			
831	…何を？	What?		
835	わからぬ…	I don't know what exactly,	X	
	ただ、壁画の前に立つと	but when I stand in front of those murals, I can hear the voices of spirits,		
	拙者の…もののふの魂が			
	ザワつくのだ		X	
	しかし、無念…	but regrettably, I don't know anything else.		
	拙者には			
	それ以上はわからぬ		X	
	過ぎし日からの伝言を	The only people who can understand those messages from the past are...		
	受け取ることが			
	できるのは…			
845	おれたちカンタレラの	Descendants of Cantelera like us?		
	末裔だけ…か			
850	おそらく…な	Exactly.	X	
	初めてここに	From the first time I set foot in here,		
	足を踏み入れた時から…		X	
	拙者、ここには何か	I felt that this place had a special power,		
	特別な力が			
	あると感じていた		X	
	しかし、他の七騎士たちに	but I hesitated to tell the other Knights about it.		
	それを告げることは			
	ためらわれた…		X	
	理由は…	The reason was that...		
859	センゴク！？	Sengoku!?		
863	くっ…	Crap...	X	
	理由は…	The reason is that I predicted that		
	今日というこの日を…		X	
	予感していたからだ…	a day like today would come.		
867	センゴク…	Sengoku...		
874	もういいだろ？	Don't strain yourself. Get some rest.		
	ちょっと休め			
880	センゴクはおれたちが	Sengoku was fighting outside until we showed up.		
	来るまで、ずっと			
	外で戦っていたんだ		X	
	イビノスから遺跡を	He was protecting the ruins from the ibinos.		
	守るためな			
883	拙者の予想より	You guys showed up later than I expected.		
	おぬしたちが遅くてな			
886	そりゃもうおれっちが	Didn't I already apologize for that!?		
	あやまったじゃねえかよ！			
890	ジグたちには	There's still something I haven't told you yet.		
	まだ言っておらん		X	
	逃げ隠れしつつ	I ran and hid because I was going into shock.		
	待っていたと思われると			
	シャクでござるからな			
898	センゴク！？	Sengoku!		
905	行け、ジグ	Let's go, Zig.		
907	センゴクは	Will Sengoku be okay?		
	だいじょうぶなのか？			
909	拙者の武士道	I bring shame to my family.		
	家名に…			
	恥じることなし…			
914	ったく、どういう世界で	Geez. What kind of world does he live in?		
	生きてるんだぁ？			
916	おそらく、ひどく	A cruel and troublesome world.		
	面倒な世界な			
919	ふん…	Hmph. You guys wouldn't understand.		
	おぬしらには			
	わかるまい…			
924	だいじょうぶだ、ジグっち	Don't worry about him, Zig.	X	
	こいつぁ、まだまだ	He'll be back on his feet in no time.		
	元気だぜ			
929	func00_C_EVENT_END1	MAP_D_CAD_00 372		
937	センゴク	Sengoku		
940	func00_C_EVENT_END2	MAP_D_CAD_00 377		
941	func00_C_EVENT_START1	MAP_D_CAD_00 233		
947	func00_C_EVENT_START2	MAP_D_CAD_00 238		
953	壁画って…あれだよな	Those are the murals.		
958	魂…ザワつくか？	Do you hear the spirits' voices?		
962	いや…	No.		
964	func00_C_EVENT_END1	MAP_D_CAD_00 372		
965	func00_C_EVENT_END2	MAP_D_CAD_00 377		
966	func00_C_EVENT_START1	MAP_D_CAD_00 233		
974	func00_C_EVENT_START2	MAP_D_CAD_00 238		
982	ここね？	Is this the place Hars told us about?		
	ハースから聞いたわ			
987	うわっ！	Uwa!		
992	扉！？	A door? I saw a door in that light!		
	今の光、扉に見えました！			
996	わたしにもそう見えたわ！	I saw it too!		
998	ああ…	Me too.		
1004	ファズ、もう一度だ	Faz, try it again.		
1009	いや、今度はジグ	No, you try it this time, Zig.		
	おまえがやってみろ			
1011	func00_C_EVENT_END1	MAP_D_CAD_00 372		
1013	func00_C_EVENT_END2	MAP_D_CAD_00 377		
1014	func00_C_EVENT_START1	MAP_D_CAD_00 233		
1015	luk			
1018	func00_C_EVENT_START2	MAP_D_CAD_00 238		
1023	確かに扉だ	There was definitely a door, but it disappeared right away.		
	でも、すぐに			
	消えてしまう…			
1028	その紋章は…	That's Cantelera's emblem, right?		
	カンタレラのものですか？			
1031	そうだ	Yes.		
1033	以前、見たことがあります	I've seen something like it before. That emblem was carved into a large stone lithograph.		
	大きな石版に			
	彫り込まれていました		X	
	その石版には扉も	I think there was an image of that door carved into it, as well.		
	描かれていたはずです			
1039	それは、いつ、どこで見たの？	When and where did you see this?		
1042	あれは…	It was...		
1046	そうでした	Oh, I remember...	X	
	ゼブリラの	It was in Zebrila's collection.		
	コレクションです		X	
	どこかの壁画から	It seemed like it was cut out from a mural somewhere.		
	削り取ったそうです		X	
	ああ…	Ahhh...	X	
	他にも見つけたけど	We found others like it, but we ended up leaving them behind because they were painted with images that would bring bad luck.		
	不吉な絵だったので			
	置いてきたと…			
1051	その石版は今どこに！？	Where is that lithograph now?		
1055	他のコレクションと一緒に	It should be with the rest of Zebrila's collection.		
	ゼブリラがどこかに			
	保管しているはずです		X	
	その場所までは	I don't know where it's kept, though.		
	わかりませんけどね			
1060	ジグ、レン、覚えてる？	Zig, Ren, do you remember?		
1067	その石版は、きっと	That lithograph was probably taken from Cantelera's hidden village.		
	カンタレラの隠れ里から			
	持ち出したものよ			
1073	今にして思えば	Now that I think about it, Zebrila wrote a lot of articles.		
	たくさんの文章が			
	記されていました		X	
	何かの説明だったのかも	There might be more information in one of them.		
	しれませんね			
1081	それは、もしかして	You mean an explanation about how to open the door of light?		
	光の扉のこと？			
	開き方の説明？		X	
	秘密のカンタレラ文字で	Does Cantelera have a secret language that's recorded somewhere?		
	書いてあったのですか？			
1086	そんな文字はない	Not that I know of.		
1091	わたしはゼブリラの話に	I had zero interest in what Zebrila had to say,		
	まったく興味が			
	なかったので…		X	
	ただ、読まなかった	so I didn't read any of those articles.		
	だけです			
1099	ロザ…	Rosa, you're totally useless.		
	あなたは本当に			
	残念な人ね			
1102	どういう意味です？	What do you mean?		
1114	ごめん、イヤミ	Sorry. That was mean of me.		
1119	仕方がないわ	Well, it can't be helped. We have to find that lithograph!		
	その石版を手分けして			
	探しましょう！			
1122	どこを探すんですか？	Where should we search for it?		
1126	世界中、くまなく！	Anywhere and everywhere! We need to hurry!		
	ほら、急いで！			
1133	あの女…	That woman just says whatever is on her mind.		
	言いたい放題ですね		X	
	ノーマに言われたようで	She's as infuriating as Norma!		
	腹が立ちます！			
1139	事情はよくわからないけど	I don't really understand what's going on, but I would really like to avoid trouble.		
	面倒なことに			
	ならなければいいな			
1143	聞かなかったことにしよう	Let's pretend we didn't hear anything.		
1145	ああ	Sounds good.		
1150	さあ、おれたちも	Well, we should search for the lithograph.		
	石版探しだ			
1151	func00_C_EVENT_END1	MAP_D_CAD_00 372		
1159	func00_C_EVENT_END2	MAP_D_CAD_00 377		
1160	func00_C_EVENT_START1	MAP_D_CAD_00 233		
1166	func00_C_EVENT_START2	MAP_D_CAD_00 238		
1173	ジグ、どうだった？	How did it go, Zig? None of us found anything.		
	わたしたちは何も			
	見つけられなかったんだ			
1177	ロザが見つけた	Rosa found it.		
1180	本当か！？	Really!?		
1186	見つけたのね！	You found something, didn't you?		
1189	それで、何が	What was written on it?		
	書いてあったんだ？			
1192	読めたの？	Were you able to read it?		
1197	なんとなく、だな	I was...somehow.		
1200	なんだよ、心許ないな	That answer doesn't inspire confidence.		
1204	とにかく	Anyway, let's go to the murals!		
	あの壁画のところへ！			
1208	で、ジグ…	Zig, where's Rosa?		
	ロザはどこに？			
1212	ちょっと休んでる	She's resting. She seemed a bit tired.		
	疲れたみたいだ			
1217	甘いわね、こんな時に	She's resting now of all times? What a slacker.		
1221	イゴリダ？	Igrida,	X	
	そんなこと、言うな	please don't say things like that.		
1228	なんかわかったってか？	Did you figure out what you need to do next? If you did, then hurry up and do it!		
	だったらさっさと行け！			
1239	外はおれとハースに	Me and Hars will defend the ruins!		
	おまかせだ！			
1241	いや…	No. I need Hars to come with me.		
	ハースはおれと一緒に			
1245	そうか？	Really? Hey, Hars!		
	おい、ハース！			
1250	■■■エフェクト置きます■■■	MAP_D_DNE_00 304		
				
1256	先行ってろ！	Get going! I'll tell Hars to catch up.		
	おれっちが伝えとく			
1262	頼んだぞ	I appreciate it.		
1267	もちろん、ファズも	Faz, I obviously want you to come with me, as well.		
	一緒に来てくれ			
1271	func00_C_EVENT_END1	MAP_D_CAD_00 372		
1274	func00_C_EVENT_END2	MAP_D_CAD_00 377		
1275	func00_C_EVENT_START1	MAP_D_CAD_00 233		
1285	func00_C_EVENT_START2	MAP_D_CAD_00 238		
1292	ジグさん！	Zig! Did you find out how to open the door!?		
	扉の開き方は			
	わかったのですか！？			
1296	ああ	Yeah.		
1300	いよいよ…かな？	You finally figured it out, did you?		
1306	…たぶんな	Probably.	X	
	でも、あんたは	Leaving that aside, are you okay?		
	だいじょうぶなのか？			
1313	ふん…これしきのこと…	Hmph. This is nothing to worry about.	X	
	拙者はここで	I'll stay here and keep the monsters at bay.		
	バケモノどもを			
	迎え撃とう			
1318	レン、ジグと一緒に	Ren, you go with Zig.		
	行くがよい			
1320	でも…	But...		
1322	拙者の代わりに	I want you to go in my place and see what happens.		
	これから起こることを			
	見届けてくれ			
1324	…はい！	Okay!		
1331	行きましょう！	Let's go!		
1341	func00_C_EVENT_START1	MAP_D_CAD_00 233		
1345	func00_C_EVENT_START2	MAP_D_CAD_00 238		
1349	ファズ…	Faz, are you the King of Cantelera?		
	カンタレラの王って			
	おまえのことか？			
1353	いや…ちがう	No, I'm not.		
1356	それじゃあ、誰だ…	Then who is? Your father?		
	ファズのおやじさんか？			
1360	おれのオヤジは族長だ	My father is the chief.	X	
	カンタレラには王なんて	I've never heard of Cantelera having a king.		
	いないはずだぞ			
1367	なあ、ジグ	Zig, what exactly was written on that lithograph?		
	石版には、何が			
	書いてあったんだ？			
1370	…………	MAP_D_CAD_00 242		
1372	急げ！	Hurry and tell me before you forget!		
	忘れないうちに、早く！			
1374	急かすなよ…	Don't rush me.		
1378	ラストランカー	The Last Ranker.	X	
	その者、すべての人を	The person who stands above all others.		
	制す者なり		X	
	その者、我らの	That person will save our world.		
	世界を救う者なり		X	
	カンタレラの王	When the King of Cantelera speaks his name, the road will open.		
	その者の名を			
	告げる時、道は開く		X	
	道は破砕の巣に通ず	The road that leads to Armageddon's nest.		
1381	カンタレラの王が	When the King of Cantelera speaks the Last Ranker's name, the door will open.		
	ラストランカーの名を			
	告げると扉は開く…		X	
	ラストランカーってのは？	Who is the Last Ranker?		
1386	たぶん、ランキングが	Probably the person who is ranked #1.		
	１位の奴のことだ		X	
	今で言えばハース…	That person would be Hars.		
1395	カンタレラの王は	So the King of Cantelera can send the strongest person to Armageddon's nest.		
	一番強い人間を			
	破砕の巣に送り込む…		X	
	この遺跡には	That is the ruins' power,		
	そういう力がある…		X	
	でも、カンタレラには	but Cantelera has no king.		
	王なんていない…			
1399	大昔…	A long time ago,	X	
	王は一族の中で	King was a title awarded to the strongest person in a tribe.		
	一番強い者の			
	尊称だった			
1403	それはつまり…	So what you're saying is...		
1408	ここでカンタレラの	The King of Cantelera will be decided here and now.		
	王を決めるのだ			
1412	拙者が立ち会い人に	I will bear witness to the contest.		
	なってやろう			
1416	おれと…ファズで？	Between me and Faz?		
1420	ミシーは強いとは	I guess no one would call Missy strong, so it's just us.		
	言えないからな			
1424	でも、ファズ…	But Faz...		
1428	恨みも憎しみも	I no longer bear any hatred or resentment towards you.		
	もう、ない			
1431	ねたみも欲もない…だろ？	You won't be jealous if I win, right?		
1433	そうだな	I won't be.		
1438	だったら、戦えるさ	Then we can fight.	X	
	世界はカンタレラの王を	Cantelera needs a king. The fate of the world depends on it.		
	必要としているんだ		X	
	いつまでも待たせてたら	We've kept the world waiting long enough as it is.		
	申し訳が立たないぞ			
1442	わかった	I understand,	X	
	でも、ひとつ、約束してくれ	but before we fight, I want you to promise me something.		
1447	なんだ？	What?		
1450	ワザと負けるなよ	Don't lose on purpose like you did when I left the village.		
	おれが村を			
	出た時みたいに			
1453	バレていたのか…	So you figured it out.		
1455	まあな	Yeah.		
1458	約束する	I promise,		
1462	でもな、おれはあの時より	but keep in mind that I'm many times stronger than I was then.		
	数倍強くなった		X	
	おまえ、まず勝てないぞ	You might actually lose this time.		
1463	func00_C_EVENT_END1	MAP_D_CAD_00 372		
1465	func00_C_EVENT_END2	MAP_D_CAD_00 377		
1466	func00_E_EVENT_START1	MAP_D_CAD_00 415		
1467	func00_E_EVENT_START2	MAP_D_CAD_00 417		
1469	はじめるか？	Shall we begin?		
1471	はい	Yes		
	いいえ	No		
1472	func00_E_EVENT_END1	MAP_D_CAD_00 424		
1473	func00_E_EVENT_END2	MAP_D_CAD_00 425		
1474	func00_C_EVENT_START1	MAP_D_CAD_00 233		
1476	func00_C_EVENT_START2	MAP_D_CAD_00 238		
1479	いくぞ！	Let's do this!		
1483	おう！	Right!		
1490	func00_BATTLE_EVENT	MAP_D_CAD_00 457		
1491	func00_C_EVENT_END1	MAP_D_CAD_00 372		
1492	func00_C_EVENT_END2	MAP_D_CAD_00 377		
1493	func00_C_EVENT_START1	MAP_D_CAD_00 233		
1497	func00_C_EVENT_START2	MAP_D_CAD_00 238		
1499	はぁ…はぁ…	Haa, haa...		
1503	ジグ…	Zig, you are the King of Cantelera.		
	おぬしがカンタレラの王だ			
1508	ファズ、異存はないな？	Faz, do you have any objections?		
1512	…もちろんだ	Of course not.		
1516	さあ、ジグ…行けよ	Now, Zig, go and open the door.		
	扉を開いてくれ…			
1517	func00_C_EVENT_END1	MAP_D_CAD_00 372		
1519	func00_C_EVENT_END2	MAP_D_CAD_00 377		
1520	func00_C_EVENT_START1	MAP_D_CAD_00 233		
1524	func00_C_EVENT_START2	MAP_D_CAD_00 238		
1527	おい、さっきから	Hey! They need you up ahead!		
	呼んでんだろ！			
1531	わかっている	I know.		
1534	ちょっとした技を思いついて	I thought of a new technique, and I wanted to try it out on some ibinos.		
	イビノス相手に試していた			
1539	熱心なこったぜ	Such enthusiasm!	X	
	ほら、さっさと	Hurry and catch up to Zig.		
	ジグっちのところへ行ってやれ			
1544	ああ、そのつもりだ	That's where I was going anyway.		
1548	あいつを倒して	I have to defeat him to know happiness.		
	シアワセを			
	計らねばならん			
1552	あん？　どういう意味だ？	Huh? What do you mean?		
1555	おれにはおれの目的がある	I haven't forgotten my purpose for even an instant.		
	ほんの一瞬でも			
	忘れたことはなかった			
1561	待てよ！　てめえ！	Wait! What are you planning to do?		
	何を考えていやがる！			
1564	邪魔するな	Don't get in my way.		
1567	おまえの目的によっちゃあ	If you're going to cause trouble, I can't let you go.		
	行かせるわけには			
	いかねえ			
1570	おれの目的は…	My purpose is to fight and defeat strong people.		
	強い奴と戦い、倒すことな			
1573	…ジグっちのことを	Are you talking about Zig?		
	言ってるのか？			
1581	少し前までは	Until a little while ago, I thought it might be you.		
	おまえかもしれないと			
	思っていたのな			
1587	ジグっち…気ぃつけろ…	Be careful, Zig.		
1588	func00_C_EVENT_END1	MAP_D_CAD_00 372		
1589	func00_C_EVENT_END2	MAP_D_CAD_00 377		
1590	func00_C_EVENT_START1	MAP_D_CAD_00 233		
1593	func00_C_EVENT_START2	MAP_D_CAD_00 238		
1599	ジグさん！	Zig!		
1609	扉が…開くのかい？	Will the door open now?		
1613	そのはずだ	It should.		
1618	お願いね、ジグ	Then please do the honors.		
1622	func00_C_EVENT_END1	MAP_D_CAD_00 372		
1628	func00_C_EVENT_END2	MAP_D_CAD_00 377		
1629	func00_C_EVENT_START1	MAP_D_CAD_00 233		
1632	func00_C_EVENT_START2	MAP_D_CAD_00 238		
1635	おれは…	I'm...	X	
	いや、我こそは	No, *I* am Zig, the King of Cantelera.		
	カンタレラの王、ジグ			
1646	やった！	You did it!		
1650	我、ラストランカーの	I will now speak the name of the Last Ranker.		
	名をここに告げる			
1653	ラスト…ランカー？	Last...Ranker?		
1656	その者、すべての人を	The person who stands above all others.		
	制す者なり			
1659	その者、我らの	The person who will save our world.		
	世界を救う者なり			
1663	その者の名は…ハース	That person's name is Hars.		
1669	やりましたね、ジグさん！	You did it, Zig!		
1672	まだまだ、これからだ…	It's not over yet. There are probably more challenges ahead.		
	たぶんな			
1678	func00_C_EVENT_END1	MAP_D_CAD_00 372		
1679	func00_C_EVENT_END2	MAP_D_CAD_00 377		
1680	func00_C_EVENT_START1	MAP_D_CAD_00 233		
1686	func00_C_EVENT_START2	MAP_D_CAD_00 238		
1688	キャッ！	Ahhhh!		
1694	どうしたの？	What's wrong?		
1696	扉が突然閉まって……	The door suddenly closed.	X	
	足が抜けないんです	My leg is stuck.		
1701	やれやれ、だな	What a pain.		
1703	うっ…	Ah....		
1709	ごめんなさい…	Sorry about that.		
1711	開かない…	It won't open.		
1718	わたし…何か大変な	It looks like...I did something stupid...		
	失敗をしたのでしょうか…			
1721	さあな	Maybe.		
1726	だとしたら、わたし…	If I did...I...		
1731	わからないと	Are you saying you don't know?		
	言ってるだろ？			
1734	怒ってますね、ジグさん	Are you angry, Zig?		
1739	いや…あきれている	No, I'm shocked.		
1743	いやです！	How terrible! I'd rather you be angry than shocked.		
	あきれられるより			
	怒られたほうがいいです			
1746	…ふっ	Hmph.		
1749	今度は笑うんですか！？	Are you laughing at me!?		
1753	なんだかバカらしくて…	Well, you are acting a bit stupid.		
1757	ひどい！	How cruel!		
1763	いや、気が楽になった	I feel better now. Thanks, Ren.		
	ありがとう、レン			
1767	…………	MAP_D_CAD_00 242		
1772	行こう	Let's go.		
1776	はい！	Okay!		
1777	func00_C_EVENT_END1	MAP_D_CAD_00 372		
1779	func00_C_EVENT_END2	MAP_D_CAD_00 377		
1780	func00_D_EVENT_START1	MAP_D_CAN_00 376		
1781	func00_D_EVENT_START2	MAP_D_CAN_00 377		
1782	func00_D_EVENT_END1	MAP_D_CAN_00 378		
1783	func00_D_EVENT_END2	MAP_D_CAN_00 379		
1784	func00_C_EVENT_START1	MAP_D_CAD_00 233		
1789	func00_C_EVENT_START2	MAP_D_CAD_00 238		
1792	ジグはどこだ？	Where's Zig?		
1795	この中よ	Inside.		
1801	何をしているんだ？	What's he doing in there?		
1805	あなたを導く…	He said he was clearing a path for you.		
	そう言っていた		X	
	あなたが世界を救う	He said that you're the Last Ranker, the one who will save the world.		
	ラストランカーだとも			
	言っていた			
1812	おれが世界を救う？	Me, save the world? The thought has never crossed my mind.		
	考えたこともなかったな			
1816	そのためにここまで	That's why we've been fighting all this time.		
	戦ってきたんでしょ			
1819	言っただろ？	Didn't I tell you before? That only thing I care about is making sure that		
	おれは確かめたいだけだ			
1825	おれが最強だってことをな	I really am the strongest.		
1826	func00_C_EVENT_END1	MAP_D_CAD_00 372		
1827	func00_C_EVENT_END2	MAP_D_CAD_00 377		
1828	func00_C_EVENT_START1	MAP_D_CAD_00 233		
1835	func00_C_EVENT_START2	MAP_D_CAD_00 238		
1837	これは…	This is...		
1840	イビノスだけど	It's an ibinos, but there's something strange about it.		
	なんだか様子が変ですね…			
1845	func00_BATTLE_EVENT	MAP_D_CAD_00 457		
1846	func00_C_EVENT_END1	MAP_D_CAD_00 372		
1851	func00_C_EVENT_END2	MAP_D_CAD_00 377		
1852	func00_C_EVENT_START1	MAP_D_CAD_00 233		
1856	func00_C_EVENT_START2	MAP_D_CAD_00 238		
1858	変だな…	How strange...I instinctively knew the enemy's weak point.		
	敵の弱点がわかった			
1861	教えてくれたんですね！	Because someone told you!		
1865	誰が？	Who could have done that?		
1868	あなたのご先祖に	Your ancestors put this here, didn't they? They were the ones who decided its weak point in the first place!		
	決まってるじゃ			
	ないですか！			
1874	遠い過去からの	A message from the distant past...		
	伝言…			
1877	かもな…	Could be.		
1884	確かに、受け取った	I certainly knew somehow.		
1885	func00_C_EVENT_END1	MAP_D_CAD_00 372		
1886	func00_C_EVENT_END2	MAP_D_CAD_00 377		
1887	func00_C_EVENT_START1	MAP_D_CAD_00 233		
1894	func00_C_EVENT_START2	MAP_D_CAD_00 238		
1896	なんでしょうね？	What could that be?		
1898	押すしかないだろうな…	No choice but to push it.		
1905	なるほど…	I see.		
1912	ハースが…来ます	Hars is coming.		
1926	はじめておまえを見たのは	I first met you at Donea Corridor, right?		
	ドネイの回廊だったか…			
1931	ここまでになるとは	I never thought you would make it this far.		
	思いもしなかった…			
1937	人はわからないものだな	I never was a good judge of people.		
1939	見てください！	Look!		
1956	あれが…あの扉が	That door probably leads to the final battle.		
	最後の戦いの場へ			
	通じているんだと思う		X	
	ハース…おれが案内する	Hars, I'll guide you there.		
1961	案内などいらん	I don't need a guide.		
1964	ハース？	Hars?		
1967	おれは見つけたんだ	I've found you, the opponent I've searched for. The one I must defeat!		
	探し求めた			
	倒すべき相手を！			
1970	おれのことを	Are you talking about me!?		
	言ってるのか！？			
1973	あなたが倒すべきは	Aren't the ibinos the "ones you must defeat?"		
	イビノスでしょう！？			
1975	それはオマケな	They're just extra.	X	
	おれは自分の	I want to find out just how strong I really am.		
	強さを確認したい		X	
	一番強いと認めた相手を	by defeating the strongest opponent.		
	ブっ倒して…			
1979	本当のランキング１位に	I want to actually be ranked #1.		
	なりたい		X	
	そうすればおれは	If I do that, I'll be the happiest man in the world.		
	最高にシアワセだ			
1981	今じゃなくても	Can't this wait until later!?		
	いいだろう！？			
1985	だまれ！	Shut up!	X	
	おれがどれほど最強を	How much have I longed to be the strongest?		
	求めたのか…			
1989	おれは最強では	How much have I agonized over the fact that I might not be the strongest? .		
	ないのかもしれないと			
	どれほど苦しんだか…			
1994	ああ、気も狂わん	Thinking about it is driving me insane!		
	ばかりだ！			
1998	おまえたちに付き合って	Teaming up with you, fighting the Legion and the ibinos...		
	機構やイビノスと			
	戦ってはみたが…		X	
	足りない…	It's not enough. It's not even close to enough!		
	まったく足りない！		X	
	この焦りが	Do you understand how long I've been waiting for this battle!?		
	おまえらにわかるか！			
2002	最低…最悪…	This is awful...		
2006	でも、最強な	But, I'm the strongest.		
2010	ジグさん！？	Zig!?		
2014	カンタレラの王と…	The King of Cantelera	X	
	ラストランカー…	and the Last Ranker...	X	
	同一人物でも	Wouldn't it be good if they were one and the same?		
	いいんじゃないか？			
2017	ラストランカーの	The title of "Last Ranker" is mine alone.		
	称号だけはおれのものな			
2021	強さは手段であって	Strength alone is worthless without a purpose to guide it.		
	目的にしてはいけない		X	
	そう言ったのは	The person who taught me that was Ren.		
	レンだったか…			
2025	無粋だな	How idiotic.		
2029	func00_C_EVENT_END1	MAP_D_CAD_00 372		
2030	func00_C_EVENT_END2	MAP_D_CAD_00 377		
2031	func00_B_EVENT_START1	MAP_D_CAD_00 459		
2038	func00_B_EVENT_START2	MAP_D_CAD_00 465		
2043	おれの	I		X
2044	勝ちだ	won.		X
2045	ハース…	Is Hars		X
2047	気はすんだ？	finally at peace?		X
2048	おれは	I'm		X
2049	ランキング２位…	ranked second.		X
2055	ああ	Ahhhhh.		X
2056	シアワセだ…	I'm so happy.		X
2057	１位になるという目標ができた	I was able to reach my goal of being ranked first.		X
2058	わかるか	Do you understand.		X
2059	おれの喜びが！	how happy I am right now!?		X
2060	わからないことはない	I think I understand how you feel.		X
2061	それよりも…	Anyway...		X
2066	おれ	I'm.		X
2067	１位なんだよな？	ranked first now, aren't I?		X
2070	ランキングの１位	The highest rank.		X
2072	世界で一番強い男	I'm the world's strongest man.		X
2075	ファズ！	Faz!		X
2076	聞こえるか！	Did you hear that!?		X
2077	おれはやったぞ！	I did it!		X
2083	おれはランキング１位だ！	I'm ranked #1!		X
2086	ジグ！	Zig!		X
2087	死ぬなよ	Come back alive		X
2088	そしてまた	and		X
2089	おれと戦え	fight me again.		X
2095	ああ	Yeah.		X
2096	わかった	I will.		X
2098	func00_B_EVENT_END1	MAP_D_CAD_00 522		
2116	func00_B_EVENT_END2	MAP_D_CAD_00 527		
2117	func00_C_EVENT_START1	MAP_D_CAD_00 233		
2120	func00_C_EVENT_START2	MAP_D_CAD_00 238		
2126	func00_C_EVENT_END1	MAP_D_CAD_00 372		
2127	16			
2128	func00_C_EVENT_END2	MAP_D_CAD_00 377		
2129	func00_C_EVENT_START1	MAP_D_CAD_00 233		
2138	func00_C_EVENT_START2	MAP_D_CAD_00 238		
2183	func00_C_EVENT_END1	MAP_D_CAD_00 372		
2184	func00_C_EVENT_END2	MAP_D_CAD_00 377		
2185	func00_B_EVENT_START1	MAP_D_CAD_00 459		
2210	func00_B_EVENT_START2	MAP_D_CAD_00 465		
2211	はじまった！？	Has it started?		X
2215	ここはまかせろ！	Leave this place to me!		X
2216	きみに賭けている	I'm betting it all on you.		X
2220	ああ、ずっと前から賭けている！	I've been betting on you since the very beginning.		X
2221	わかってる	I know.		X
2222	…帰ってきてね	Please make it back safely.		X
2223	ああ	I will.		X
2228	わたしも一緒に	Can I come with you?		X
	行けないんですか？			X
2229	みんなで戦った方が	More people fighting		X
2231	勝利の可能性は高いですよね？	means we'll have a better chance of winning, right?		X
2232	ラ・キットには大勢の戦士を	La-Kit doesn't have the power to send in a large number of warriors.		X
	送り込む力はないんだ			X
2237	だから最強のひとりを	That's why we had to		X
2243	選び出す必要があった	determine who among us was the strongest.		X
2251	機構は	The Legion		X
2252	その最強の戦士を	was created to make that determination.		X
	決めるために作られたんだ			X
2257	最強の戦士…	The strongest warrior...		X
2258	ラストランカー…	The Last Ranker...		X
2259	それは人々の希望と	The one on whom the people can pin their hopes.		X
2260	祈りだったんですね	The savior for which they prayed.		X
2263	ジグさんは	Zig,		X
2264	わたしたちの祈り…	our prayers are with you.		X
2265	おれじゃ…	Are you worried.		X
2266	不安かな	about me?		X
2269	ぜんぜん！	Not at all!		X
2280	func00_B_EVENT_END1	MAP_D_CAD_00 522		
2295	func00_B_EVENT_END2	MAP_D_CAD_00 527		
2296	func00_C_EVENT_START1	MAP_D_CAD_00 233		
2298	func00_C_EVENT_START2	MAP_D_CAD_00 238		
2300	おれはカンタレラの	I am the King of Cantelera, the Last Ranker.		
	王にして			
	ラストランカー		X	
	さあ、どこへ行けばいい？	Tell me, where should I go?		
2301	func00_C_EVENT_END1	MAP_D_CAD_00 372		
2302	func00_C_EVENT_END2	MAP_D_CAD_00 377		
2303	func00_C_EVENT_START1	MAP_D_CAD_00 233		
2314	func00_C_EVENT_START2	MAP_D_CAD_00 238		
2322	ジグっち、やりやがった…	Zig did it...		
2327	めでたし、めでたし…	And they lived happily ever after.		
2333	やった！　やったのか！？	He did it! Did he really do it!?		
2342	ジグ、ありがとう…	Thank you, Zig.		
2352	当然な	Of course he did.		
2365	func00_C_EVENT_END1	MAP_D_CAD_00 372		
2366	func00_C_EVENT_END2	MAP_D_CAD_00 377		
2367	func00_C_EVENT_START1	MAP_D_CAD_00 233		
2372	func00_C_EVENT_START2	MAP_D_CAD_00 238		
2376	どんなもんだ！	I told you he would win!		
2380	わたしの同期ですからね	He won because he was my initiation-mate.		
2382	おれの幼なじみだ	And because he was my childhood friend.		
2387	わたしのライバルです	And my rival.		
2392	カンタレラの王だ	And the King of Cantelera.		
2399	ラストランカーですから！	And the Last Ranker!		
2404	func00_C_EVENT_END1	MAP_D_CAD_00 372		
2405	func00_C_EVENT_END2	MAP_D_CAD_00 377		
2406	func00_B_EVENT_START1	MAP_D_CAD_00 459		
2413	B24_c23			
2422	func00_B_EVENT_START2	MAP_D_CAD_00 465		
2424	ジグ！	Zig!		X
2436	ジグ、だいじょうぶか？	Zig, are you okay?		X
2442	おれ…	I...		X
2443	帰って来たんだな	made it back.		X
2444	もちろん	Of course you did.		X
2448	不思議だな	It was so strange.		X
2449	道が閉じるのを	I could have sworn I saw the road close,		X
	確かに見たんだ…			X
2450	でも、アイツを倒した後に	but after I defeated the ibinos,		X
2451	別の道を見つけた	I found another road.		X
2452	最初から道は	It was decided that there would be		X
2453	２本あったに決まってる	two roads from the start.		X
2454	カンタレラの王と	One for the King of Cantelera and		X
2455	ラストランカーのな	one for the Last Ranker.		X
2463	そうか…	I see.		X
2464	ハース！	Hars!		X
2465	あなた	Did you		X
2466	そこまで考えて	consider that possibility beforehand?		X
	あんなことを！？			X
2467	考えたはずねえだろ！	There's no way he could have considered that!		X
2468	代弁ごくろう	Thanks for the vote of confidence.		X
2471	ちょっと待って	Wait a minute.		X
2472	もしふたりで行ってたら	Does that mean if you had both gone,		X
2473	勝っても負けても…	that no matter whether you won or lost,		X
2476	帰っては来られない…	you wouldn't have been able to come back?		X
2482	ジグ	Zig,		X
2483	あなた最初から	did you know that when you went in?		X
	知ってたの？			X
2484	さあ…	Maybe.		X
2485	どうだったかな？	Would it have made any difference?		X
2488	あなたって人は！	I don't know how I put up with you sometimes!		X
2489	ジグ…	Zig,		X
2490	キミに賭けると	I said that I was betting on you,		X
	言ったけど…			X
2492	正直、ここまでの苦労を	but to be honest, I had no idea that I would be putting you through so much.		X
	かけるとは思っていなかったんだ			X
2493	あやまらなくちゃ…	I owe you an apology.		X
2498	いや、それよりも本当に	No, what I really need to do is thank you.		X
	感謝しているんだ			X
2499	ああ、いくら言葉を	Arggh...No matter what I say, it's not enough!		X
	重ねても足りないよ！			X
2500	マキス…	Makis,		X
2501	ん？	Huh?		X
2503	あんたの助言が	It was thanks to your advice.		X
	あったからだ…			X
2505	だからおれは	that I made it		X
2506	ここまで…	this far.		X
2514	お、覚えていて	You remembered that promise!?		X
	くれたのかい！？			X
2515	まあ	Well,		X
2516	あんたのせいで	I could also say that it's your fault that I've been through so much.		X
	こんな苦労をしたとも言えるけどな			X
2517	冗談だよ	Just kidding.		X
2518	おれだってうれしいんだ	Even I'm happy right now.		X
2522	うん	Yeah.		X
2523	わかるぞ	I know.		X
2524	ジグは、昔から	Zig has been like this as long as I've known him.		X
	こうなんだ			X
2525	感情があまり顔に	He doesn't really let his feelings show,		X
	出ないんだよな			X
2526	でも、ほら	but.		X
2528	よく見てくれ	if you look closely.		X
2535	な、なんだよ	W-What?		X
2542	口のはしが	Do I see the beginnings of a smile?		X
	ちょっと笑ってるだろ？			X
2543	そうかあ？	Really?		X
2544	あっ	Oh!		X
2545	ほんとです！	It's true!		X
2548	ジグさん	You're grinning!		X
	ニヤニヤしてる！			X
2549	やめろよ！	Cut it out!		X
2551	ジ、グ、さん！	Z-I-G!		X
2554	movie/staff.pmf			
2555	func00_B_EVENT_END1	MAP_D_CAD_00 522		
2563	func00_B_EVENT_END2	MAP_D_CAD_00 527		
2564	シーン初期化	MAP_D_CAD_00 1232		
				
2565	オブジェクト配置	MAP_D_CAD_00 1233		
				
2567	オブジェクトトラップ配置	MAP_D_CAD_00 1235		
				
2568	マップチェンジトラップ配置	MAP_D_CAD_00 1236		
				
2573	ＮＰＣ配置	MAP_D_CAD_00 1248		
				
2576	配置しない			
				
2580	マキス	MAP_D_CAD_00 1258		
2592	イゴリダ	Igrida		
2596	配置しない	MAP_D_LUK_00 2576		
				
2597	アクション中			
				
2600	ジグ…			
	もしチャンスがあったら			
	センゴクに挑戦してみる？		X	
	あっさり負けると思うけど			
	いい機会だよ			
2602	とにかくセンゴクに			
	続くんだ！			
2604	ここはわたしには			
	向かないよ…			
2606	もう、ダメだ…			
	よし、わたしは今から			
	伝令として働こう！			
2608	とはいえ			
	伝えるべき情報は…			
	今は…何もない…はぁ…			
2610	き、気づいたら誰も…			
	みんなはどこだい？			
	えっ？　中にいる！？			
2612	ロザとレンは			
	機構本部で情報収集		X	
	イゴリダは			
	ゼブリラが出資していた			
	上区の商店を調べに		X	
	ハースとタイロンには			
	ここに残って			
	遺跡を守ってもらうんだ		X	
	わたしも			
	がんばるよ、うん！			
2614	ああ！			
	こんな事態だというのに			
	ワクワクするよ！			
2615	アクション中	MAP_D_LUK_00 2597		
				
2616	{14}02A6を返してもらいますか？	MAP_D_CAD_00 1299		
2617	はい	MAP_D_CAD_00 432		
2618	いいえ	MAP_D_CAD_00 433		
2622	ああ、わかったよ	MAP_D_CAD_00 1306		
2623	{14}02A6を返してもらった	MAP_D_CAD_00 1308		
2625	どうしたんだい？	MAP_D_CAD_00 1311		
2626	{14}02A6を持っていません	MAP_D_CAD_00 1313		
2628	{14}02A6を渡しますか？	MAP_D_CAD_00 1317		
2632	おお…	MAP_D_CAD_00 1322		
	うれしいよ、ジグ！			
	ありがとう！			
2633	{14}02A6を渡した	MAP_D_CAD_00 1324		
2635	通常			
				
2657	さあ、ジグっち			
	道路掃除を頼んだぜ！			
2659	面目ねえ…			
	いやー、面目ねえ…あん？			
	まあ、いろいろだぁ			
2661	最後の最後に…			
	若いダチを守って			
	やれねえとはな…			
2667	おう、そうか	MAP_D_KHI_04 324		
2671	なんだぁ？	MAP_D_KHI_04 328		
2680	どうだろうな…	MAP_D_KHI_04 337		
	まだちょっと早いな			
2684	…サシで飲みたいって	MAP_D_KHI_04 341		
	ことだな？			
	よし、もらっとく			
2691	ジグさん！			
	イビノスが増えています			
	気をつけて！			
2693	ジグさん、今は			
	どんな状況ですか？			
2695	ハァ…ハァ…			
2697	わたし…			
	ちょっと休みたい…			
	なーんて、ウソです！			
2701	わかりました	MAP_D_CAD_01 665		
2703	どうかしましたか？	MAP_D_CAD_01 670		
2708	殿方の部屋の鍵なんて…	MAP_D_CAD_01 681		
	受け取るわけには			
	いきません			
2710	合鍵…	MAP_D_CAD_01 685		
	では、一応受け取って			
	おきますね			
2712	アクション中	MAP_D_LUK_00 2597		
				
2715	センゴクがあなたを			
	探していたわよ！			
2717	何か進展はあったの？			
2719	ジグ、ここで何を			
	しているの！			
2721	何か報告！？			
2723	わたしもすぐに行くわね！			
2724	アクション中	MAP_D_LUK_00 2597		
				
2728	それじゃ、これね	MAP_D_CAN_00 981		
2730	何かしら？	MAP_D_CAN_00 985		
2735	え？　わたしに？	MAP_D_CAN_00 998		
	うれしいわ、ジグ			
2737	通常	MAP_D_LUK_00 2635		
				
2760	これまでのイビノスとは			
	違うようですね			
2762	ただ戦うだけというのも			
	気が楽でいいものですね			
2764	奥の様子はどうです？			
	やはりイビノスが			
	入り込んでいるのですか？			
2766	みな、疲れが見えますね			
	あなたはどう？			
2767	イベントトラップ配置	MAP_D_CAD_00 1413		
				
2768	func00_E_EVENT_START1	MAP_D_CAD_00 415		
2772	func00_E_EVENT_START2	MAP_D_CAD_00 417		
2775	話はきいたよ	I heard that everyone is going to search for the lithograph individually.		
	壁画を見つけるまでは			
	個別行動だね		X	
	ロザとレンは	Rosa and Ren are collecting information from Legion headquarters.		
	機構本部で情報収集		X	
	イゴリダは	Igrida is checking out Zebrila's business interests in the Upper District.		
	ゼブリラが出資していた			
	上区の商店を調べに		X	
	ハースとタイロンには	Hars and Tylong are staying here to protect the ruins.		
	ここに残って			
	遺跡を守ってもらうんだ			
2779	わかった	Got it.		
2785	ちょっと待った！	Wait up! Where are you going to search?		
	ジグはどこを探すんだい？			
2789	…………	MAP_D_CAD_00 242		
2793	あてがないなら	If you have no idea where to start, you might as well go back to Ghandoar.		
	一度ガンドアに戻るといい		X	
	誰かが手がかりを	You might find someone who can point you in the right direction.		
	つかんでいるかも			
	しれないからね			
2797	そうだな…	Sounds like a plan.		
2799	func00_E_EVENT_END1	MAP_D_CAD_00 424		
2800	func00_E_EVENT_END2	MAP_D_CAD_00 425		
2812	ラ・キットロケタイ			
				
2814	ラ・キット乗り込み			
				
2817	センゴク登場	MAP_D_KHI_03 457		
				
2820	ラ・キットに戻ってきた			
				
2822	ハースとタイロン			
				
2824	破砕の日到来			
				
2826	ジグの取り合い前半			
				
2835	OBJ_MKS	MAP_D_CAN_00 1062		
				
2837	OBJ_TAI	MAP_D_KHI_04 374		
				
2839	OBJ_REN	MAP_D_CAN_00 1064		
				
2841	OBJ_IGO	MAP_D_CAN_00 1066		
				
2843	OBJ_ROZ	MAP_D_KFO_04 657		
