0	■■■ func00_DEBUG_SIGN ■■■	MAP_D_CAD_00 0	
			
1	！！！エラー検出用サブルーチンを通りました！！！	MAP_D_CAD_00 1	
			
2	イビノスシンボル配置しない。フラグ：	MAP_D_CAD_00 2	
4	イビノスシンボル配置する。フラグ：	MAP_D_CAD_00 4	
7	ランカーファイル情報更新	MAP_D_CAD_00 7	
			
8	->旧:	MAP_D_CAD_00 8	
9	 追加:	MAP_D_CAD_00 9	
10	 結果:	MAP_D_CAD_00 10	
12	ランク:	MAP_D_CAD_00 12	
15	ランカー戦勝利・戻り値：	MAP_D_CAD_00 15	
17	ランキング戦を申し込みますか？	MAP_D_CAD_00 17	
18	申し込む	MAP_D_CAD_00 18	
19	やめておく	MAP_D_CAD_00 19	
22	イビノスシンボル倒した。フラグON：	MAP_D_CAD_00 22	
25	イビノス戦：イベント終了？	MAP_D_CAD_00 25	
			
26	スクリプト：未知のモーションタイプが指定されました	MAP_D_CAD_00 26	
			
33	***振り向き判定ＰＣ***	MAP_D_CAD_00 33	
			
34	現在:cmn_r0:	MAP_D_CAD_00 34	
36	目標:cmn_r1:	MAP_D_CAD_00 36	
38	差分:cmn_r2:	MAP_D_CAD_00 38	
40	差分＾２:cmn_r3:	MAP_D_CAD_00 40	
42	閾値＾２:cmn_r4:	MAP_D_CAD_00 42	
44	->pc振り向きません	MAP_D_CAD_00 44	
			
45	->pc振り向きます	MAP_D_CAD_00 45	
			
47	***振り向き判定***	MAP_D_CAD_00 47	
			
48	現在:cmn_r0:	MAP_D_CAD_00 34	
50	目標:cmn_r1:	MAP_D_CAD_00 36	
52	差分:cmn_r2:	MAP_D_CAD_00 38	
54	差分＾２:cmn_r3:	MAP_D_CAD_00 40	
56	閾値＾２:cmn_r4:	MAP_D_CAD_00 42	
58	->npc振り向きません	MAP_D_CAD_00 58	
			
59	->npc振り向きます	MAP_D_CAD_00 59	
			
63	ロード待ち開始	MAP_D_CAD_00 63	
			
64	ロード待ち終了	MAP_D_CAD_00 64	
			
65	{15}0C{14}L00000000を	MAP_D_CAD_00 65	
	手に入れた		
66	{15}0E{14}L00000000を	MAP_D_CAD_00 66	
	手に入れた		
67	{15}0F{14}L00000000を	MAP_D_CAD_00 67	
	手に入れた		
68	{15}0D{14}L00000000を	MAP_D_CAD_00 68	
	手に入れた		
69	{15}10{14}L00000000を	MAP_D_CAD_00 69	
	手に入れた		
70	{15}12{14}L00000000を	MAP_D_CAD_00 70	
	手に入れた		
71	{15}11{14}L00000000を	MAP_D_CAD_00 71	
	手に入れた		
72	{15}13{14}L00000000を{1d}L00000001個	MAP_D_CAD_00 72	
	手に入れた		
73	{15}14{14}L00000000を{1d}L00000001個	MAP_D_CAD_00 73	
	手に入れた		
74	{15}14{14}L00000000を	MAP_D_CAD_00 74	
	手に入れた		
75	{15}1B{14}L00000000を	MAP_D_CAD_00 75	
	手に入れた		
76	{14}L00000000を	MAP_D_CAD_00 76	
	手に入れた		
77	{1d}L00000000Ｂを手に入れた	MAP_D_CAD_00 77	
			
78	num_calc：	MAP_D_CAD_00 78	
80	{15}0C{14}L00000000を	MAP_D_CAD_00 80	
	手渡した		
81	{15}0E{14}L00000000を	MAP_D_CAD_00 81	
	手渡した		
82	{15}0F{14}L00000000を	MAP_D_CAD_00 82	
	手渡した		
83	{15}0D{14}L00000000を	MAP_D_CAD_00 83	
	手渡した		
84	{15}10{14}L00000000を	MAP_D_CAD_00 84	
	手渡した		
85	{15}12{14}L00000000を	MAP_D_CAD_00 85	
	手渡した		
86	{15}11{14}L00000000を	MAP_D_CAD_00 86	
	手渡した		
87	{15}13{14}L00000000を{1d}L00000001個	MAP_D_CAD_00 87	
	手渡した		
88	{15}14{14}L00000000を{1d}L00000001個	MAP_D_CAD_00 88	
	手渡した		
89	{15}14{14}L00000000を	MAP_D_CAD_00 89	
	手渡した		
90	{15}1B{14}L00000000を	MAP_D_CAD_00 90	
	手渡した		
91	{14}L00000000を	MAP_D_CAD_00 91	
	手渡した		
			
92	■■ret0■■：	MAP_D_CAD_00 92	
96	■■ret■■：	MAP_D_CAD_00 96	
98	cmn_option:	MAP_D_CAD_00 98	
106	セーブポイント	MAP_D_CAD_00 106	
107	データ削除ユーティリティを起動します	MAP_D_CAD_00 107	
	ゲームプレイデータのセーブには		
	{1d}L00000001KB以上の空き容量が必要です		
108	ネックタイプ：	MAP_D_CAD_00 108	
110	首の初期化	MAP_D_CAD_00 110	
			
111	ネックタイプ：	MAP_D_CAD_00 108	
115	大橋が	MAP_D_CAD_00 115	
	トラベルマップで使用可能になりました		
116	下区：商業区が	MAP_D_CAD_00 116	
	トラベルマップで使用可能になりました		
117	下区：ランカー居住区が	MAP_D_CAD_00 117	
	トラベルマップで使用可能になりました		
118	下区：闘技場前が	MAP_D_CAD_00 118	
	トラベルマップで使用可能になりました		
119	タイロン租界が	MAP_D_CAD_00 119	
	トラベルマップで使用可能になりました		
120	バザルタ出張所前が	MAP_D_CAD_00 120	
	トラベルマップで使用可能になりました		
121	上区：噴水広場前が	MAP_D_CAD_00 121	
	トラベルマップで使用可能になりました		
122	バザルタ本部前が	MAP_D_CAD_00 122	
	トラベルマップで使用可能になりました		
123	フラグ・フィールド：	MAP_D_CAD_00 123	
125	フラグ・フィールド：	MAP_D_CAD_00 123	
127	ガンドアが	MAP_D_CAD_00 127	
	トラベルマップで使用可能になりました		
128	カンタレラが	MAP_D_CAD_00 128	
	トラベルマップで使用可能になりました		
129	トーロ荒地が	MAP_D_CAD_00 129	
	トラベルマップで使用可能になりました		
130	リブラ森林が	MAP_D_CAD_00 130	
	トラベルマップで使用可能になりました		
131	マイヤールの森が	MAP_D_CAD_00 131	
	トラベルマップで使用可能になりました		
132	ベリエ街道が	MAP_D_CAD_00 132	
	トラベルマップで使用可能になりました		
133	ドネイ回廊が	MAP_D_CAD_00 133	
	トラベルマップで使用可能になりました		
134	ウィルゴー砂漠が	MAP_D_CAD_00 134	
	トラベルマップで使用可能になりました		
135	カドモール水源が	MAP_D_CAD_00 135	
	トラベルマップで使用可能になりました		
136	カルキノス荒地が	MAP_D_CAD_00 136	
	トラベルマップで使用可能になりました		
137	ラ・キット遺跡が	MAP_D_CAD_00 137	
	トラベルマップで使用可能になりました		
138	レオン峡谷が	MAP_D_CAD_00 138	
	トラベルマップで使用可能になりました		
139	ソダー回廊が	MAP_D_CAD_00 139	
	トラベルマップで使用可能になりました		
140	ニシュラ氷河が	MAP_D_CAD_00 140	
	トラベルマップで使用可能になりました		
141	いにしえの回廊が	MAP_D_CAD_00 141	
	トラベルマップで使用可能になりました		
142	フィッシェ街道が	MAP_D_CAD_00 142	
	トラベルマップで使用可能になりました		
143	レゾナール海岸が	MAP_D_CAD_00 143	
	トラベルマップで使用可能になりました		
144	ケイロニア高原が	MAP_D_CAD_00 144	
	トラベルマップで使用可能になりました		
145	ケイロニア砦が	MAP_D_CAD_00 145	
	トラベルマップで使用可能になりました		
146	サルバトーレ離宮が	MAP_D_CAD_00 146	
	トラベルマップで使用可能になりました		
147	リストにないよ？	MAP_D_CAD_00 147	
			
148	_case:	MAP_D_CAD_00 148	
151	「討伐修練【低位１】」の	MAP_D_CAD_00 151	
	クリア条件を満たした！		
152	「討伐修練【低位２】」の	MAP_D_CAD_00 152	
	クリア条件を満たした！		
153	「討伐修練【低位３】」の	MAP_D_CAD_00 153	
	クリア条件を満たした！		
154	「討伐修練【低位４】」の	MAP_D_CAD_00 154	
	クリア条件を満たした！		
155	「討伐修練【低位５】」の	MAP_D_CAD_00 155	
	クリア条件を満たした！		
156	「討伐修練【中位１】」の	MAP_D_CAD_00 156	
	クリア条件を満たした！		
157	「討伐修練【中位２】」の	MAP_D_CAD_00 157	
	クリア条件を満たした！		
158	「討伐修練【高位１】」の	MAP_D_CAD_00 158	
	クリア条件を満たした！		
159	「討伐修練【高位２】」の	MAP_D_CAD_00 159	
	クリア条件を満たした！		
160	「薬草探しの代理人」の	MAP_D_CAD_00 160	
	クリア条件を満たした！		
161	「新商品開発の手伝い」の	MAP_D_CAD_00 161	
	クリア条件を満たした！		
162	「蒼の指環を求めて」の	MAP_D_CAD_00 162	
	クリア条件を満たした！		
163	「雪中の贈り物」の	MAP_D_CAD_00 163	
	クリア条件を満たした！		
164	「加護あることを祈って」の	MAP_D_CAD_00 164	
	クリア条件を満たした！		
165	「追想の白い花」の	MAP_D_CAD_00 165	
	クリア条件を満たした！		
166	「来れ、好運の使者！」の	MAP_D_CAD_00 166	
	クリア条件を満たした！		
167	「武術指南のお願い」の	MAP_D_CAD_00 167	
	クリア条件を満たした！		
168	「行方不明の従業員」の	MAP_D_CAD_00 168	
	クリア条件を満たした！		
169	「スキルチップ収集中」の	MAP_D_CAD_00 169	
	クリア条件を満たした！		
170	「盗難品の行方は」の	MAP_D_CAD_00 170	
	クリア条件を満たした！		
171	「資料集めのアシスタント」の	MAP_D_CAD_00 171	
	クリア条件を満たした！		
172	「河畔の生態系調査」の	MAP_D_CAD_00 172	
	クリア条件を満たした！		
173	「新人官吏を捕獲せよ」の	MAP_D_CAD_00 173	
	クリア条件を満たした！		
174	「黒い積荷の回収」の	MAP_D_CAD_00 174	
	クリア条件を満たした！		
175	「悪徳商売を抑止せよ」の	MAP_D_CAD_00 175	
	クリア条件を満たした！		
176	「新人ランカー襲撃事件」の	MAP_D_CAD_00 176	
	クリア条件を満たした！		
177	「優しい猛者、募集中」の	MAP_D_CAD_00 177	
	クリア条件を満たした！		
178	「異郷からきた尋ね人」の	MAP_D_CAD_00 178	
	クリア条件を満たした！		
179	「勇壮なる護衛の依頼」の	MAP_D_CAD_00 179	
	クリア条件を満たした！		
180	「赫の指環を求めて」の	MAP_D_CAD_00 180	
	クリア条件を満たした！		
181	「闘技場の害獣駆除」の	MAP_D_CAD_00 181	
	クリア条件を満たした！		
182	「回覧板配達人」の	MAP_D_CAD_00 182	
	クリア条件を満たした！		
183	「討伐修練【緊急】」の	MAP_D_CAD_00 183	
	クリア条件を満たした！		
184	「鉱物資源の収集【緊急】」の	MAP_D_CAD_00 184	
	クリア条件を満たした！		
185	「タリー石を探せ」の	MAP_D_CAD_00 185	
	クリア条件を満たした！		
186	「甘梅草を探せ」の	MAP_D_CAD_00 186	
	クリア条件を満たした！		
187	「衛兵の剣の没収」の	MAP_D_CAD_00 187	
	クリア条件を満たした！		
188	「衛兵の剣の返却」の	MAP_D_CAD_00 188	
	クリア条件を満たした！		
189	「森のイビノス駆除【重大】」の	MAP_D_CAD_00 189	
	クリア条件を満たした！		
190	「回廊のイビノス駆除【重大】」の	MAP_D_CAD_00 190	
	クリア条件を満たした！		
191	「七騎士認定修練【重大】」の	MAP_D_CAD_00 191	
	クリア条件を満たした！		
192	ガンドアが	MAP_D_CAD_00 192	
	トラベルマップで通行可能になりました		
193	ガンドアが	MAP_D_CAD_00 193	
	トラベルマップで通行不能になりました		
194	カンタレラが	MAP_D_CAD_00 194	
	トラベルマップで通行可能になりました		
195	カンタレラが	MAP_D_CAD_00 195	
	トラベルマップで通行不能になりました		
196	トーロ荒地が	MAP_D_CAD_00 196	
	トラベルマップで通行可能になりました		
197	トーロ荒地が	MAP_D_CAD_00 197	
	トラベルマップで通行不能になりました		
198	リブラ森林が	MAP_D_CAD_00 198	
	トラベルマップで通行可能になりました		
199	リブラ森林が	MAP_D_CAD_00 199	
	トラベルマップで通行不能になりました		
200	マイヤールの森が	MAP_D_CAD_00 200	
	トラベルマップで通行可能になりました		
201	マイヤールの森が	MAP_D_CAD_00 201	
	トラベルマップで通行不能になりました		
202	ベリエ街道が	MAP_D_CAD_00 202	
	トラベルマップで通行可能になりました		
203	ベリエ街道が	MAP_D_CAD_00 203	
	トラベルマップで通行不能になりました		
204	ドネイ回廊が	MAP_D_CAD_00 204	
	トラベルマップで通行可能になりました		
205	ドネイ回廊が	MAP_D_CAD_00 205	
	トラベルマップで通行不能になりました		
206	ウィルゴー砂漠が	MAP_D_CAD_00 206	
	トラベルマップで通行可能になりました		
207	ウィルゴー砂漠が	MAP_D_CAD_00 207	
	トラベルマップで通行不能になりました		
208	カドモール水源が	MAP_D_CAD_00 208	
	トラベルマップで通行可能になりました		
209	カドモール水源が	MAP_D_CAD_00 209	
	トラベルマップで通行不能になりました		
210	カルキノス荒地が	MAP_D_CAD_00 210	
	トラベルマップで通行可能になりました		
211	カルキノス荒地が	MAP_D_CAD_00 211	
	トラベルマップで通行不能になりました		
212	ラ・キット遺跡が	MAP_D_CAD_00 212	
	トラベルマップで通行可能になりました		
213	ラ・キット遺跡が	MAP_D_CAD_00 213	
	トラベルマップで通行不能になりました		
214	レオン峡谷が	MAP_D_CAD_00 214	
	トラベルマップで通行可能になりました		
215	レオン峡谷が	MAP_D_CAD_00 215	
	トラベルマップで通行不能になりました		
216	ソダー回廊が	MAP_D_CAD_00 216	
	トラベルマップで通行可能になりました		
217	ソダー回廊が	MAP_D_CAD_00 217	
	トラベルマップで通行不能になりました		
218	ニシュラ氷河が	MAP_D_CAD_00 218	
	トラベルマップで通行可能になりました		
219	ニシュラ氷河が	MAP_D_CAD_00 219	
	トラベルマップで通行不能になりました		
220	いにしえの回廊が	MAP_D_CAD_00 220	
	トラベルマップで通行可能になりました		
221	いにしえの回廊が	MAP_D_CAD_00 221	
	トラベルマップで通行不能になりました		
222	フィッシェ街道が	MAP_D_CAD_00 222	
	トラベルマップで通行可能になりました		
223	フィッシェ街道が	MAP_D_CAD_00 223	
	トラベルマップで通行不能になりました		
224	レゾナール海岸が	MAP_D_CAD_00 224	
	トラベルマップで通行可能になりました		
225	レゾナール海岸が	MAP_D_CAD_00 225	
	トラベルマップで通行不能になりました		
226	ケイロニア高原が	MAP_D_CAD_00 226	
	トラベルマップで通行可能になりました		
227	ケイロニア高原が	MAP_D_CAD_00 227	
	トラベルマップで通行不能になりました		
228	ケイロニア砦が	MAP_D_CAD_00 228	
	トラベルマップで通行可能になりました		
229	ケイロニア砦が	MAP_D_CAD_00 229	
	トラベルマップで通行不能になりました		
230	サルバトーレ離宮が	MAP_D_CAD_00 230	
	トラベルマップで通行可能になりました		
231	サルバトーレ離宮が	MAP_D_CAD_00 231	
	トラベルマップで通行不能になりました		
232	リストにないよ？	MAP_D_CAD_00 147	
			
233	フィールドの説明 ～基本操作～	MAP_D_KOU_00 233	
234	fld_tut_01_0	MAP_D_KOU_00 234	
235	フィールドの説明 ～セーブポイント～	MAP_D_KOU_00 235	X
	前方の球体がセーブポイントです		
	セーブポイントには		
	緑色と青色の２種類があります		X
	緑色のセーブポイントでは		
	記録のみ行うことができます		X
	青色のセーブポイントでは		
	記録だけでなく、触れることによって		
	ＨＰ・スキルの使用回数の回復ができます		
236	フィールドの説明 ～トラベルマップ～	MAP_D_KOU_00 236	X
	フィールド上で{15}05を押すと		
	トラベルマップメニューが開きます		
237	fld_tut_03_0	MAP_D_KOU_00 237	
238	トラベルマップでは、一度訪れたことの	MAP_D_KOU_00 238	
	ある場所へジャンプすることができます		
239	fld_tut_03_1	MAP_D_KOU_00 239	
240	リストから行き先を選んで{15}00を押すと	MAP_D_KOU_00 240	
	選択した場所へジャンプします		
241	fld_tut_03_2	MAP_D_KOU_00 241	
242	このとき、目的地への経路上で	MAP_D_KOU_00 242	
	イベントが発生した場合		
	イベント発生地点に強制的にジャンプします		
243	fld_tut_03_3	MAP_D_KOU_00 243	
244	状況によっては、トラベルマップが	MAP_D_KOU_00 244	
	使えなかったり、特定の場所に		
	ジャンプできないことがあります		
245	fld_tut_04_0	MAP_D_KOU_00 245	
246	キャンプメニューから	MAP_D_KOU_00 246	
	RANKERS FILE		
	を選択します		
247	キャンプメニュー	MAP_D_KOU_00 247	
	RANKERS FILE		
	の項目が解放されました		
248	fld_tut_04_1	MAP_D_KOU_00 248	
249	RANKERS FILE画面では	MAP_D_KOU_00 249	
	ジグが出会ったランカーを		
	一覧することができます		
250	修練の説明　～基本の流れ～	MAP_D_KOU_00 250	X
	１：依頼人に会い、参加報告をする		
	２：依頼の内容をこなす		
	３：依頼人に報告し、報奨をもらう		X
	修練をこなすと		
	お金や道具などの【報奨】を		
	もらうことができます		X
	機構が関係する修練の場合は		
	ランクアップが		
	報奨になることもあります		X
	修練は定期的に増えていくので		
	こまめに確認しましょう！		
251	fld_tut_06_0	MAP_D_KOU_00 251	
252	キャンプメニューから	MAP_D_KOU_00 252	
	TRIAL LOG		
	を選択します		
253	キャンプメニュー	MAP_D_KOU_00 253	
	TRIAL LOG		
	の項目が解放されました		
254	fld_tut_06_1	MAP_D_KOU_00 254	
255	TRIAL LOG画面では	MAP_D_KOU_00 255	
	修練板などで情報を得た修練を		
	一覧することができます		
256	fld_tut_06_2	MAP_D_KOU_00 256	
257	修練内容の詳細が確認できるほか	MAP_D_KOU_00 257	
	修練の進行状況が更新されます		
258	修練の説明　～依頼人の目印～	MAP_D_KOU_00 258	
259	fld_tut_07_0	MAP_D_KOU_00 259	
260	依頼人の頭上には	MAP_D_KOU_00 260	
	【ＣＬＩＥＮＴ】マークが出ます		
	それを目印にすると便利です		
261	ランカー同士が	MAP_D_KOU_00 261	
	互いのランクをかけて戦うのが		
	【ランキング戦】です		X
	ランクが低い方が勝てば		
	相手のランクを		
	奪うことができます		
262	ビンザーに勝利したので	MAP_D_KOU_00 262	
	ジグのランクが上がりました		X
	このように、ランカー同士が		
	互いのランクをかけて戦うのが		
	【ランキング戦】です		X
	ランクが低い方が勝てば		
	相手のランクを		
	奪うことができます		
263	fld_tut_08_0	MAP_D_KOU_00 263	
264	フィールド上のランカーには	MAP_D_KOU_00 264	
	{15}03で勝負を挑むことができます		X
	ただし、自分のランクが低いと		
	戦いを断られることもあります		
265	fld_tut_08_1	MAP_D_KOU_00 265	
266	戦いを挑めるランカーは	MAP_D_KOU_00 266	
	ランクにマークがついています		
267	フィールドの説明 ～イビノス～	MAP_D_KOU_00 267	
268	fld_tut_09_0	MAP_D_KOU_00 268	
269	フィールド上のイビノスは球体をしています	MAP_D_KOU_00 269	
	触れるとイビノスとのバトルが開始されます		
274	func00_C_EVENT_START1	MAP_D_CAD_00 233	
277	func00_C_EVENT_START2	MAP_D_CAD_00 238	
279	やあ、どうもどうも！	MAP_D_MAI_00 279	
289	きみもこの修練に	MAP_D_MAI_00 289	
	参加してたんだね		X
	忘れた？		
	マキスだよ、マキス		
295	なんの用だ	MAP_D_MAI_00 295	
299	なんの用って…	MAP_D_MAI_00 299	
	そうだな、言ってみれば		
	賭ける相手を探しに…		
303	おれは忙しい	MAP_D_MAI_00 303	
309	いいかい？	MAP_D_MAI_00 309	
	イビノスのボスを		
	見つけて倒すんだよ		
316	もしかしてイビノスを	MAP_D_MAI_00 316	
	知らないとか…		
320	…いることくらいは	MAP_D_MAI_00 320	
	知ってる		
324	だいじょうぶかなぁ	MAP_D_MAI_00 324	
	一応説明しとくと{17}02		
328	イビノスは古来から	MAP_D_MAI_00 328	
	あちこちに棲みついている		
	怪物だよ		X
	煮ても焼いても		
	食えないやつらで		
	凶暴凶悪…		X
	どうしてそんなものが		
	存在するのか		
	まったく謎…		
338	ま、そんな感じだから	MAP_D_MAI_00 338	
	慎重にね		X
	で、イビノスのボスは		
	他とは違って		
	いかにも強そうな奴		X
	会えば雰囲気で		
	わかると思うよ		
346	この修練は、そのボスを	MAP_D_MAI_00 346	
	倒した人が報奨ランクを		
	独り占めできるんだ		X
	つまり、ボスを倒せば		
	ランクがドカーンと！		
351	ボスはどこにいる？	MAP_D_MAI_00 351	
355	そりゃあ…	MAP_D_MAI_00 355	
	探すしかないよね		
360	…………	MAP_D_CAD_00 242	
363	あ！　今、この	MAP_D_MAI_00 363	
	役立たずって顔した？		
366	…かもな	MAP_D_CAD_00 310	
367	func00_C_EVENT_END1	MAP_D_CAD_00 372	
370	マキス	MAP_D_CAD_00 1258	
371	func00_C_EVENT_END2	MAP_D_CAD_00 377	
372	func00_BATTLE_EVENT	MAP_D_CAD_00 457	
373	func00_B_EVENT_START1	MAP_D_CAD_00 459	
378	func00_B_EVENT_START2	MAP_D_CAD_00 465	
385	イビノス！？	MAP_D_MAI_00 385	
387	func00_B_EVENT_END1	MAP_D_CAD_00 522	
391	func00_B_EVENT_END2	MAP_D_CAD_00 527	
392	func00_C_EVENT_START1	MAP_D_CAD_00 233	
398	func00_C_EVENT_START2	MAP_D_CAD_00 238	
403	マズイ…	MAP_D_MAI_00 403	
	手強いぞ…		
405	func00_C_EVENT_END1	MAP_D_CAD_00 372	
407	func00_C_EVENT_END2	MAP_D_CAD_00 377	
408	func00_C_EVENT_START1	MAP_D_CAD_00 233	
417	func00_C_EVENT_START2	MAP_D_CAD_00 238	
421	もう！　どこにいるのよ…	MAP_D_MAI_00 421	
	早く見つけてレンさんに		
	知らせないと…		
427	イビノスのボスさーん！	MAP_D_MAI_00 427	
	どこにいますかー？		
435	ボスを見つけたら	MAP_D_MAI_00 435	
	教えてくださいね！		
439	…どうかな	MAP_D_MAI_00 439	
	教えるやつがいるのか？		
443	あーら、親切な殿方が	MAP_D_MAI_00 443	
	けっこういるのよ		X
	でも、あなたは話すだけ		
	時間のムダみたい！		
446	func00_C_EVENT_END1	MAP_D_CAD_00 372	
449	func00_C_EVENT_END2	MAP_D_CAD_00 377	
450	func00_C_EVENT_START1	MAP_D_CAD_00 233	
455	func00_C_EVENT_START2	MAP_D_CAD_00 238	
457	逃がしませんよ！	MAP_D_MAI_00 457	
463	観念しなさい！	MAP_D_MAI_00 463	
465	ハーッ！	MAP_D_DNE_00 302	
468	func00_BATTLE_EVENT	MAP_D_CAD_00 457	
469	func00_C_EVENT_END1	MAP_D_CAD_00 372	
470	func00_C_EVENT_END2	MAP_D_CAD_00 377	
471	func00_C_EVENT_START1	MAP_D_CAD_00 233	
479	野次馬ランカー	MAP_D_MAI_00 479	
481	みとれるランカー	MAP_D_MAI_00 481	
483	企むランカー	MAP_D_MAI_00 483	
485	func00_C_EVENT_START2	MAP_D_CAD_00 238	
490	あら、ジグさん	MAP_D_MAI_00 490	X
	あなたもこの修練に		
	参加していたんですね		
493	ああ…	MAP_D_MAI_00 493	X
	ボスは取られて		
	しまったけどな		
498	取っただなんて…	MAP_D_MAI_00 498	
509	わたしの方がほんの少し	MAP_D_MAI_00 509	
	運が良かっただけです		X
	次はジグさんに幸運が		
	訪れるかもしれませんよ		
521	みなさん	MAP_D_MAI_00 521	
	がんばりましょうね！		
537	運も実力のうちだよなぁ？	MAP_D_MAI_00 537	
539	【修練失敗】	MAP_D_MAI_00 539	
	{13}07重大修練「森のイビノス駆除」は		
	レンによって達成された		
	参加中のランカーは速やかに解散すべし{13}00		
540	func00_C_EVENT_END1	MAP_D_CAD_00 372	
541	■■■■ランク表示してみる？■■■■	MAP_D_MAI_00 541	
543	func00_C_EVENT_END2	MAP_D_CAD_00 377	
546	伸びるぞ…あの子は伸びる	MAP_D_MAI_00 546	
548	レン…	MAP_D_MAI_00 548	
	あの子の配下になりたい…		
549	func00_E_EVENT_START1	MAP_D_CAD_00 415	
553	func00_E_EVENT_START2	MAP_D_CAD_00 417	
556	おっ！	Ah! Are you here to take my training mission?	
	おれの修練を		
	やってくれる人？		
560	どんな修練だ？	MAP_D_CAD_00 912	
564	多発する悪質事件！		
	力をもって悪を征する！		
	…って感じかな		
566	修練「悪徳商売を抑止せよ」	Participate in training mission "Stop the Scam Artist"?	
	に参加しますか？		
567	参加する	MAP_D_CAD_00 919	
568	参加しない	MAP_D_CAD_00 920	
573	うす、よろしくな	Thanks. I appreciate it.	
577	どういう状況なんだ？	What's the problem?	
581	最近、嫌な事件が	I've had a bit of trouble recently.	
	起きててさ		
583	商人から買った品が	I bought some goods from a merchant, and it turns out they were very good fakes.	
	よく似せた偽物だったり		
585	お金を払って	After I paid for the goods and took delivery, he wouldn't talk to me anymore.	
	仕入れを頼んだら		
	音沙汰がなくなったり…		
587	よく話をきいたら	I asked around, and everyone I talked to said that I had been ripped off by a known scam artist.	
	全部同じ商人が		
	犯人らしいんだよな		
589	おれたちが抗議しても	I made an official complaint, but nothing has been done about it,	
	いいように		
	かわされちゃってさ		
591	だからタイロン一家の	so I sent a letter to the Tylong Family in hopes that this could be dealt with extralegally.	
	肩書きで、いっちょ脅して		
	やってほしいんだよ		
593	もう悪どい商売は	Please teach that crook a lesson!	
	やめろってな！		
597	わかった	Got it.	
601	おれはもう		
	タイロン一家じゃない		
605	昔そうだったんだろ？		
	ならいいじゃんか		
609	で、そいつの居場所	You probably want to know where he is.	
	なんだけど…		
611	神出鬼没でさ	He appears unexpectedly, so I can't really help you.	
	今はどこにいるか		
	さっぱりわかんねぇ		
615	相手は商人か…	I'm trying to track down a merchant, so I'll ask around the shopping district.	
	商業区で聞いてみるか		
619	まぁ、方法は	I'll leave the sleuthing to you.	
	まかせるからさ		
621	…あ、そういや	Oh, by the way. Tylong told me to tell you	
	タイロンさんが		
623	商品を全て没収してこい	that you should confiscate all of his merchandise. I'll leave that to you, as well.	
	って言ってたけど…		
	あんたにまかせるよ		
627	んじゃ、頼むわ	Good luck.	
629	func00_E_EVENT_END1	MAP_D_CAD_00 424	
631	func00_E_EVENT_END2	MAP_D_CAD_00 425	
634	手が空いてるなら		
	手伝ってくれよー		
636	func00_E_EVENT_END1	MAP_D_CAD_00 424	
637	func00_E_EVENT_END2	MAP_D_CAD_00 425	
638	func00_E_EVENT_START1	MAP_D_CAD_00 415	
642	func00_E_EVENT_START2	MAP_D_CAD_00 417	
645	悪徳商人？	A merchant who rips people off? Now that you mention it, I saw someone who might be the person you're looking for.	
	そうねぇ、挙動不審な		
	商人なら見たわ		
647	大きな荷物をもって	He had a huge bag, and he was looking around suspiciously.	
	周りをすごく		
	警戒していたの		
649	そのうち	He eventually went in the direction of the residential district.	
	ランカー居住区の方に		
	行っちゃったけど…		
651	func00_E_EVENT_END1	MAP_D_CAD_00 424	
653	func00_E_EVENT_END2	MAP_D_CAD_00 425	
654	func00_E_EVENT_START1	MAP_D_CAD_00 415	
664	func00_E_EVENT_START2	MAP_D_CAD_00 417	
667	変な商人の話なら	If you're talking about that weird merchant, I heard something from one of his customers.	
	お客さんから		
	聞いたことあるよ		
669	マイヤールの森を通ると	he sometimes shows up in Miyar Forest peddling strange products.	
	たまーに出てきて		
	変な品をすすめるんだって		
673	たまに…か	Sometimes?	
677	本当に気まぐれみたいよ？	That does seem a bit bizarre, doesn't it?	
679	運がよければ会えるかも	Maybe you'll meet him if you're lucky.	
	って感じ		
681	あ、この場合は	Come to think of it, maybe meeting him means your luck is actually not so good.	
	運が悪ければ、かな？		
683	func00_E_EVENT_END1	MAP_D_CAD_00 424	
688	快活なウェイトレス	Cheerful Waitress	
695	func00_E_EVENT_END2	MAP_D_CAD_00 425	
696	func00_E_EVENT_START1	MAP_D_CAD_00 415	
701	func00_E_EVENT_START2	MAP_D_CAD_00 417	
703	ちょっとちょっと	Sir, please wait a second.	
	そこのランカーさん		
709	ねえ、買い物しない？	How about some shopping? I only sell these goods here in the forest.	
	ここだけの品を		
	安く売るよ？		
713	おまえか…	Looks like you're the scam artist.	
	悪徳商人って		
717	な、何おっしゃいます！	What are you talking about? My products are all wholesome and safe!	
	健全な商品しか		
	扱っておりませんよ！		
719	たとえば…	For example, take a look at this pen.	
	ほら見てください		
	このペン！		
721	ほらほらほら！	When you shake it, it bends effortlessly.	
	こうやって振ると		
	ぐにゃりと曲がりますよ		
724	…………！	......!	
727	どうです！	Mysterious, isn't it?	
	不思議でしょう！		
730	…………	MAP_D_CAD_00 242	
732	…………	MAP_D_CAD_00 242	
735	もういいか？	You mind if I take this?	
738	実は…	Anyway, I've been sent by the Tylong Family to punish you.	
	おれはタイロンの使いで		
	おまえを処罰しにきた		
741	処罰！？	Punish!? N-No way...	
	そ、そんな…		
745	変なものを売りつけたり	If you don't stop selling strange products and ripping people off...	
	ウソの取引をやめろ		
	さもないと…		
749	ひ、ひいっ！	D-Don't hurt me!	
	暴力はヤメテ！！		
753	…悪い商売から	Do you swear you'll go straight from now on?	
	手を引くと誓うか？		
757	そ、それは…	W, well...	
761	それは？	What's wrong?	
765	わ、わかりましたよ！	F-Fine! I'll stop!	
	もうやめます！		
767	だから今回ばかりは	But will you let me go just this once?	
	見逃してください		
	ね？　ねっ？		
769	商品を没収しますか？	Confiscate his goods?	
770	はい	MAP_D_CAD_00 432	
771	いいえ	MAP_D_CAD_00 433	
776	じゃあ、この商品一式を	I'm going to need to confiscate all of your merchandise.	
	没収していくぞ		
780	そ、そんな！	W, what!? That's insane!	
	ひどい、ひどすぎる！		
782	明日から	How will I make a living from now on?	
	どうやって生きろと		
	いうんです！？		
784	のたれ死ねと	How will you feel if I die homeless and alone!?	
	おっしゃる気で！？		
786	それでも没収しますか？	Confiscate his goods?	
792	最低っ！　悪魔っ！	You're the worst! A demon!	
794	あんたのこと	I'll tell everyone what a cruel ranker you are!	
	ひどいランカーだって		
	いいふらしてやるぅ！		
798	よ、よかった！		
	清い商売をしようにも		
	元手がなきゃどうにもね		
800	では、あなたの		
	気が変わらないうちに		
	退散しますよ！！		
804	あ、あなたはとても		
	優しいお方だ！		
806	あなたの気が		
	変わらないうちに		
	退散します！！		
810	func00_E_EVENT_END1	MAP_D_CAD_00 424	
812	func00_E_EVENT_END2	MAP_D_CAD_00 425	
813	func00_E_EVENT_START1	MAP_D_CAD_00 415	
817	func00_E_EVENT_START2	MAP_D_CAD_00 417	
820	おお、もしかして	Have you solved the case?	
	事件解決？		
824	なるほどね		
	それなら大丈夫そうだ		
826	正直、今までのお金		
	返してほしいと思うけど		
828	おれも租界育ちで		
	いろいろやったからさ…		
	人のこといえねぇや		
830	だから		
	これでよしとする		
832	タイロンさんだったら		
	「甘ぇ！」って		
	怒るだろうけどね		
834	んじゃ		
	少ないけど報奨だよ		
839	協力してくれて		
	ありがとな！		
843	これが没収した商品だ	These are the goods I confiscated from the merchant.	
848	{17}02！！	{17}02!!	
850	これ、前にここから	These goods were all stolen from here.	
	盗まれた…		
852	これも！	And these!	
854	これもか！！	And these too!!	
858	…盗品を売ってた	He was selling stolen goods?	
	ってことか？		
862	ああそうだよ！	Absolutely! Damnit, I'll definitely catch him someday.	
	ちくしょー、そのうち		
	絶対捕まえてやる！		
866	タイロンは	Do you think Tylong ordered his goods seized because he knew that they were stolen?	
	それがわかってて		
	没収の命令を？		
870	さあ、どうだろうな	Who knows? That guy is inscrutable.	
	あの人のことだからな		
872	…ともかく	Anyway, you've completed the training, so here's your reward.	
	修練は完了ってことで		
	報奨を渡すよ		
877	なあ…	Hey, do you want this bending pen?	
	曲がるペン、ないか？		
881	…はぁ？	Huh?	
883	func00_E_EVENT_END1	MAP_D_CAD_00 424	
885	func00_E_EVENT_END2	MAP_D_CAD_00 425	
886	シーン初期化	MAP_D_CAD_00 1232	
			
887	オブジェクト配置	MAP_D_CAD_00 1233	
			
889	オブジェクトトラップ配置	MAP_D_CAD_00 1235	
			
890	マップチェンジトラップ配置	MAP_D_CAD_00 1236	
			
903	ＮＰＣ配置	MAP_D_CAD_00 1248	
			
909	焦るランカー		
911	強いなあ…	MAP_D_MAI_00 579	
	さすがレンさんの		
	同期くんだね…		
913	ボスは譲れないの		
	ごめんね		
915	今のわたしじゃ	MAP_D_MAI_00 605	
	きみに敵いっこないもの		
	遠慮しておきます		
917	わたしが勝ったら	If I win, you give up on the boss. How does that sound?	
	ボスはあきらめてもらう…		
	それでどうかな？		
925	それじゃあ、勝負！	MAP_D_MAI_00 614	
	お手柔らかにお願いね		
929	ノーチェに勝利したことで		
	二刀流専用スキル「ネクスト㌍」の		
	スキルチップを手に入れた		
930	btl_pit130		
931	スキルチップの中には		
	特定の武器を装備している時にのみ		
	使用できるものがあります		X
	今、手に入れた「ネクスト㌍」は		
	二刀流専用のスキルです		X
	二刀流を装備している時のみ		
	「ネクスト㌍」は使用できます		
	セットする時は注意してください		
933	はぁっ……	MAP_D_MAI_00 619	X
	【ネクスト㌍】で		
	{13}01ダメージを倍増{13}00した		
	連続攻撃…		X
	わたしの全力		
	だったんだけどな…		
	きみには通じなかったね…		
935	あら、残念…	MAP_D_MAI_00 621	
937	くそっ、こんな時に		
	新人イビリのリオネルかよ		
941	リオネル…？		
945	ああ、ランクは低いが		
	実力派のベテランだ		
	…おれは前に負けた		X
	……ん？		
	もしかしておまえが		
	倒してくれるのか？		
949	…さあな	MAP_D_CAD_00 820	
953	まあやってみろって！		
	あいつに挑んだ先輩として		
	助言してやるよ！		X
	あいつに勝ちたいなら		
	スキルを使うんだ		X
	相手をブレイクする		
	【伏虎掌】		X
	ダメージを減らす		
	【ディフェンド】		X
	攻撃力を倍増する		
	【ネクスト㌍】		X
	…それくらいあれば		
	大丈夫だろ		
	あとは上手くやれよ		
956	あいつに勝ちたいなら		
	スキルを使うんだ		X
	相手をブレイクする		
	【伏虎掌】		X
	ダメージを減らす		
	【ディフェンド】		X
	攻撃力を倍増する		
	【ネクスト㌍】		X
	…それくらいあれば		
	大丈夫だろ		
	はやく倒してくれよな！		
958	おまえ、本当に		
	リオネルを倒すなんてな…		
	すげぇ新人だぜ！		X
	…おっと		
	こうしちゃいられねぇ！		
	はやくボスを探さないとな		X
	リオネルのこと		
	ありがとよ！		
960	今はとにかく		
	イビノス討伐なんだよ！		
961	イベントトラップ配置	MAP_D_CAD_00 1413	
			
962	func00_E_EVENT_START1	MAP_D_CAD_00 415	
965	func00_E_EVENT_START2	MAP_D_CAD_00 417	
968	まったく…	Honestly, Ren's group is such a pain!	
	何です、あのレンとかいう		
	ランカーの一味は！		X
	あちらでもこちらでも	They're constantly yapping and running around. I wish they would shut up already!	
	キャーキャーと！		
	うるさくてかなわない！		X
	加えて制服の大改造…	What's more, they've completely redesigned their uniforms. Unforgivable!	
	ああ、実に許しがたい！		
972	そこをどいてくれ	Please step aside.	
977	おや？	Eh? Are you also taking part in this mission?	
	あなたも修練の		
	参加者ですか		X
	すみませんが、この修練は	Sorry, but this training mission is mine.	
	わたしが頂きます		X
	あんな小娘らに	There's no way I'll lose to those airheads!	
	遅れはとりません！		
980	…………	MAP_D_CAD_00 242	
983	ふむ…	As for you, you look harmless enough,	
	あなたは実に模範的で		
	無害そうなランカーですね		X
	しかし、邪魔になる	but there's a slight chance that you could get in my way, so...	
	可能性はゼロではない…か		
	ならば{17}02		
988	ここで退いて頂きます！	Withdraw from here at once!	
993	く、くうっ…！！	Grrr...!!	X
	基礎もなっていない	I let my guard down because I thought you were a clueless newbie.	
	新入りかと思って		
	油断しました…		
997	…言い訳か？	Any other excuses?	
1001	だ、断じて違います！	I totally misjudged you!	X
	レンとかいう女に	I'm going to go give Ren and her gang a piece of my mind. Excuse me!!	
	説教するのは今度にします		
	…失礼！！		
1007	だいぶ戦い方が	Misjudged me? Have I become a better fighter?	
	わかってきた…か？		
1008	func00_E_EVENT_END1	MAP_D_CAD_00 424	
1010	func00_E_EVENT_END2	MAP_D_CAD_00 425	
1015	x縹孀Oyбﾆqﾊqﾃzxysqｳqﾆq	MAP_D_MAI_00 662	
			
1032	イビノスを探すレン組		
