0	■■■ func00_DEBUG_SIGN ■■■	MAP_D_CAD_00 0	
			
1	！！！エラー検出用サブルーチンを通りました！！！	MAP_D_CAD_00 1	
			
2	イビノスシンボル配置しない。フラグ：	MAP_D_CAD_00 2	
4	イビノスシンボル配置する。フラグ：	MAP_D_CAD_00 4	
7	ランカーファイル情報更新	MAP_D_CAD_00 7	
			
8	->旧:	MAP_D_CAD_00 8	
9	 追加:	MAP_D_CAD_00 9	
10	 結果:	MAP_D_CAD_00 10	
12	ランク:	MAP_D_CAD_00 12	
15	ランカー戦勝利・戻り値：	MAP_D_CAD_00 15	
17	ランキング戦を申し込みますか？	MAP_D_CAD_00 17	
18	申し込む	MAP_D_CAD_00 18	
19	やめておく	MAP_D_CAD_00 19	
22	イビノスシンボル倒した。フラグON：	MAP_D_CAD_00 22	
25	イビノス戦：イベント終了？	MAP_D_CAD_00 25	
			
26	スクリプト：未知のモーションタイプが指定されました	MAP_D_CAD_00 26	
			
33	***振り向き判定ＰＣ***	MAP_D_CAD_00 33	
			
34	現在:cmn_r0:	MAP_D_CAD_00 34	
36	目標:cmn_r1:	MAP_D_CAD_00 36	
38	差分:cmn_r2:	MAP_D_CAD_00 38	
40	差分＾２:cmn_r3:	MAP_D_CAD_00 40	
42	閾値＾２:cmn_r4:	MAP_D_CAD_00 42	
44	->pc振り向きません	MAP_D_CAD_00 44	
			
45	->pc振り向きます	MAP_D_CAD_00 45	
			
47	***振り向き判定***	MAP_D_CAD_00 47	
			
48	現在:cmn_r0:	MAP_D_CAD_00 34	
50	目標:cmn_r1:	MAP_D_CAD_00 36	
52	差分:cmn_r2:	MAP_D_CAD_00 38	
54	差分＾２:cmn_r3:	MAP_D_CAD_00 40	
56	閾値＾２:cmn_r4:	MAP_D_CAD_00 42	
58	->npc振り向きません	MAP_D_CAD_00 58	
			
59	->npc振り向きます	MAP_D_CAD_00 59	
			
63	ロード待ち開始	MAP_D_CAD_00 63	
			
64	ロード待ち終了	MAP_D_CAD_00 64	
			
65	{15}0C{14}L00000000を	MAP_D_CAD_00 65	
	手に入れた		
66	{15}0E{14}L00000000を	MAP_D_CAD_00 66	
	手に入れた		
67	{15}0F{14}L00000000を	MAP_D_CAD_00 67	
	手に入れた		
68	{15}0D{14}L00000000を	MAP_D_CAD_00 68	
	手に入れた		
69	{15}10{14}L00000000を	MAP_D_CAD_00 69	
	手に入れた		
70	{15}12{14}L00000000を	MAP_D_CAD_00 70	
	手に入れた		
71	{15}11{14}L00000000を	MAP_D_CAD_00 71	
	手に入れた		
72	{15}13{14}L00000000を{1d}L00000001個	MAP_D_CAD_00 72	
	手に入れた		
73	{15}14{14}L00000000を{1d}L00000001個	MAP_D_CAD_00 73	
	手に入れた		
74	{15}14{14}L00000000を	MAP_D_CAD_00 74	
	手に入れた		
75	{15}1B{14}L00000000を	MAP_D_CAD_00 75	
	手に入れた		
76	{14}L00000000を	MAP_D_CAD_00 76	
	手に入れた		
77	{1d}L00000000Ｂを手に入れた	MAP_D_CAD_00 77	
			
78	num_calc：	MAP_D_CAD_00 78	
80	{15}0C{14}L00000000を	MAP_D_CAD_00 80	
	手渡した		
81	{15}0E{14}L00000000を	MAP_D_CAD_00 81	
	手渡した		
82	{15}0F{14}L00000000を	MAP_D_CAD_00 82	
	手渡した		
83	{15}0D{14}L00000000を	MAP_D_CAD_00 83	
	手渡した		
84	{15}10{14}L00000000を	MAP_D_CAD_00 84	
	手渡した		
85	{15}12{14}L00000000を	MAP_D_CAD_00 85	
	手渡した		
86	{15}11{14}L00000000を	MAP_D_CAD_00 86	
	手渡した		
87	{15}13{14}L00000000を{1d}L00000001個	MAP_D_CAD_00 87	
	手渡した		
88	{15}14{14}L00000000を{1d}L00000001個	MAP_D_CAD_00 88	
	手渡した		
89	{15}14{14}L00000000を	MAP_D_CAD_00 89	
	手渡した		
90	{15}1B{14}L00000000を	MAP_D_CAD_00 90	
	手渡した		
91	{14}L00000000を	MAP_D_CAD_00 91	
	手渡した		
			
92	■■ret0■■：	MAP_D_CAD_00 92	
96	■■ret■■：	MAP_D_CAD_00 96	
98	cmn_option:	MAP_D_CAD_00 98	
106	セーブポイント	MAP_D_CAD_00 106	
107	データ削除ユーティリティを起動します	MAP_D_CAD_00 107	
	ゲームプレイデータのセーブには		
	{1d}L00000001KB以上の空き容量が必要です		
108	ネックタイプ：	MAP_D_CAD_00 108	
110	首の初期化	MAP_D_CAD_00 110	
			
111	ネックタイプ：	MAP_D_CAD_00 108	
115	大橋が	MAP_D_CAD_00 115	
	トラベルマップで使用可能になりました		
116	下区：商業区が	MAP_D_CAD_00 116	
	トラベルマップで使用可能になりました		
117	下区：ランカー居住区が	MAP_D_CAD_00 117	
	トラベルマップで使用可能になりました		
118	下区：闘技場前が	MAP_D_CAD_00 118	
	トラベルマップで使用可能になりました		
119	タイロン租界が	MAP_D_CAD_00 119	
	トラベルマップで使用可能になりました		
120	バザルタ出張所前が	MAP_D_CAD_00 120	
	トラベルマップで使用可能になりました		
121	上区：噴水広場前が	MAP_D_CAD_00 121	
	トラベルマップで使用可能になりました		
122	バザルタ本部前が	MAP_D_CAD_00 122	
	トラベルマップで使用可能になりました		
123	フラグ・フィールド：	MAP_D_CAD_00 123	
125	フラグ・フィールド：	MAP_D_CAD_00 123	
127	ガンドアが	MAP_D_CAD_00 127	
	トラベルマップで使用可能になりました		
128	カンタレラが	MAP_D_CAD_00 128	
	トラベルマップで使用可能になりました		
129	トーロ荒地が	MAP_D_CAD_00 129	
	トラベルマップで使用可能になりました		
130	リブラ森林が	MAP_D_CAD_00 130	
	トラベルマップで使用可能になりました		
131	マイヤールの森が	MAP_D_CAD_00 131	
	トラベルマップで使用可能になりました		
132	ベリエ街道が	MAP_D_CAD_00 132	
	トラベルマップで使用可能になりました		
133	ドネイ回廊が	MAP_D_CAD_00 133	
	トラベルマップで使用可能になりました		
134	ウィルゴー砂漠が	MAP_D_CAD_00 134	
	トラベルマップで使用可能になりました		
135	カドモール水源が	MAP_D_CAD_00 135	
	トラベルマップで使用可能になりました		
136	カルキノス荒地が	MAP_D_CAD_00 136	
	トラベルマップで使用可能になりました		
137	ラ・キット遺跡が	MAP_D_CAD_00 137	
	トラベルマップで使用可能になりました		
138	レオン峡谷が	MAP_D_CAD_00 138	
	トラベルマップで使用可能になりました		
139	ソダー回廊が	MAP_D_CAD_00 139	
	トラベルマップで使用可能になりました		
140	ニシュラ氷河が	MAP_D_CAD_00 140	
	トラベルマップで使用可能になりました		
141	いにしえの回廊が	MAP_D_CAD_00 141	
	トラベルマップで使用可能になりました		
142	フィッシェ街道が	MAP_D_CAD_00 142	
	トラベルマップで使用可能になりました		
143	レゾナール海岸が	MAP_D_CAD_00 143	
	トラベルマップで使用可能になりました		
144	ケイロニア高原が	MAP_D_CAD_00 144	
	トラベルマップで使用可能になりました		
145	ケイロニア砦が	MAP_D_CAD_00 145	
	トラベルマップで使用可能になりました		
146	サルバトーレ離宮が	MAP_D_CAD_00 146	
	トラベルマップで使用可能になりました		
147	リストにないよ？	MAP_D_CAD_00 147	
			
148	_case:	MAP_D_CAD_00 148	
151	「討伐修練【低位１】」の	MAP_D_CAD_00 151	
	クリア条件を満たした！		
152	「討伐修練【低位２】」の	MAP_D_CAD_00 152	
	クリア条件を満たした！		
153	「討伐修練【低位３】」の	MAP_D_CAD_00 153	
	クリア条件を満たした！		
154	「討伐修練【低位４】」の	MAP_D_CAD_00 154	
	クリア条件を満たした！		
155	「討伐修練【低位５】」の	MAP_D_CAD_00 155	
	クリア条件を満たした！		
156	「討伐修練【中位１】」の	MAP_D_CAD_00 156	
	クリア条件を満たした！		
157	「討伐修練【中位２】」の	MAP_D_CAD_00 157	
	クリア条件を満たした！		
158	「討伐修練【高位１】」の	MAP_D_CAD_00 158	
	クリア条件を満たした！		
159	「討伐修練【高位２】」の	MAP_D_CAD_00 159	
	クリア条件を満たした！		
160	「薬草探しの代理人」の	MAP_D_CAD_00 160	
	クリア条件を満たした！		
161	「新商品開発の手伝い」の	MAP_D_CAD_00 161	
	クリア条件を満たした！		
162	「蒼の指環を求めて」の	MAP_D_CAD_00 162	
	クリア条件を満たした！		
163	「雪中の贈り物」の	MAP_D_CAD_00 163	
	クリア条件を満たした！		
164	「加護あることを祈って」の	MAP_D_CAD_00 164	
	クリア条件を満たした！		
165	「追想の白い花」の	MAP_D_CAD_00 165	
	クリア条件を満たした！		
166	「来れ、好運の使者！」の	MAP_D_CAD_00 166	
	クリア条件を満たした！		
167	「武術指南のお願い」の	MAP_D_CAD_00 167	
	クリア条件を満たした！		
168	「行方不明の従業員」の	MAP_D_CAD_00 168	
	クリア条件を満たした！		
169	「スキルチップ収集中」の	MAP_D_CAD_00 169	
	クリア条件を満たした！		
170	「盗難品の行方は」の	MAP_D_CAD_00 170	
	クリア条件を満たした！		
171	「資料集めのアシスタント」の	MAP_D_CAD_00 171	
	クリア条件を満たした！		
172	「河畔の生態系調査」の	MAP_D_CAD_00 172	
	クリア条件を満たした！		
173	「新人官吏を捕獲せよ」の	MAP_D_CAD_00 173	
	クリア条件を満たした！		
174	「黒い積荷の回収」の	MAP_D_CAD_00 174	
	クリア条件を満たした！		
175	「悪徳商売を抑止せよ」の	MAP_D_CAD_00 175	
	クリア条件を満たした！		
176	「新人ランカー襲撃事件」の	MAP_D_CAD_00 176	
	クリア条件を満たした！		
177	「優しい猛者、募集中」の	MAP_D_CAD_00 177	
	クリア条件を満たした！		
178	「異郷からきた尋ね人」の	MAP_D_CAD_00 178	
	クリア条件を満たした！		
179	「勇壮なる護衛の依頼」の	MAP_D_CAD_00 179	
	クリア条件を満たした！		
180	「赫の指環を求めて」の	MAP_D_CAD_00 180	
	クリア条件を満たした！		
181	「闘技場の害獣駆除」の	MAP_D_CAD_00 181	
	クリア条件を満たした！		
182	「回覧板配達人」の	MAP_D_CAD_00 182	
	クリア条件を満たした！		
183	「討伐修練【緊急】」の	MAP_D_CAD_00 183	
	クリア条件を満たした！		
184	「鉱物資源の収集【緊急】」の	MAP_D_CAD_00 184	
	クリア条件を満たした！		
185	「タリー石を探せ」の	MAP_D_CAD_00 185	
	クリア条件を満たした！		
186	「甘梅草を探せ」の	MAP_D_CAD_00 186	
	クリア条件を満たした！		
187	「衛兵の剣の没収」の	MAP_D_CAD_00 187	
	クリア条件を満たした！		
188	「衛兵の剣の返却」の	MAP_D_CAD_00 188	
	クリア条件を満たした！		
189	「森のイビノス駆除【重大】」の	MAP_D_CAD_00 189	
	クリア条件を満たした！		
190	「回廊のイビノス駆除【重大】」の	MAP_D_CAD_00 190	
	クリア条件を満たした！		
191	「七騎士認定修練【重大】」の	MAP_D_CAD_00 191	
	クリア条件を満たした！		
192	ガンドアが	MAP_D_CAD_00 192	
	トラベルマップで通行可能になりました		
193	ガンドアが	MAP_D_CAD_00 193	
	トラベルマップで通行不能になりました		
194	カンタレラが	MAP_D_CAD_00 194	
	トラベルマップで通行可能になりました		
195	カンタレラが	MAP_D_CAD_00 195	
	トラベルマップで通行不能になりました		
196	トーロ荒地が	MAP_D_CAD_00 196	
	トラベルマップで通行可能になりました		
197	トーロ荒地が	MAP_D_CAD_00 197	
	トラベルマップで通行不能になりました		
198	リブラ森林が	MAP_D_CAD_00 198	
	トラベルマップで通行可能になりました		
199	リブラ森林が	MAP_D_CAD_00 199	
	トラベルマップで通行不能になりました		
200	マイヤールの森が	MAP_D_CAD_00 200	
	トラベルマップで通行可能になりました		
201	マイヤールの森が	MAP_D_CAD_00 201	
	トラベルマップで通行不能になりました		
202	ベリエ街道が	MAP_D_CAD_00 202	
	トラベルマップで通行可能になりました		
203	ベリエ街道が	MAP_D_CAD_00 203	
	トラベルマップで通行不能になりました		
204	ドネイ回廊が	MAP_D_CAD_00 204	
	トラベルマップで通行可能になりました		
205	ドネイ回廊が	MAP_D_CAD_00 205	
	トラベルマップで通行不能になりました		
206	ウィルゴー砂漠が	MAP_D_CAD_00 206	
	トラベルマップで通行可能になりました		
207	ウィルゴー砂漠が	MAP_D_CAD_00 207	
	トラベルマップで通行不能になりました		
208	カドモール水源が	MAP_D_CAD_00 208	
	トラベルマップで通行可能になりました		
209	カドモール水源が	MAP_D_CAD_00 209	
	トラベルマップで通行不能になりました		
210	カルキノス荒地が	MAP_D_CAD_00 210	
	トラベルマップで通行可能になりました		
211	カルキノス荒地が	MAP_D_CAD_00 211	
	トラベルマップで通行不能になりました		
212	ラ・キット遺跡が	MAP_D_CAD_00 212	
	トラベルマップで通行可能になりました		
213	ラ・キット遺跡が	MAP_D_CAD_00 213	
	トラベルマップで通行不能になりました		
214	レオン峡谷が	MAP_D_CAD_00 214	
	トラベルマップで通行可能になりました		
215	レオン峡谷が	MAP_D_CAD_00 215	
	トラベルマップで通行不能になりました		
216	ソダー回廊が	MAP_D_CAD_00 216	
	トラベルマップで通行可能になりました		
217	ソダー回廊が	MAP_D_CAD_00 217	
	トラベルマップで通行不能になりました		
218	ニシュラ氷河が	MAP_D_CAD_00 218	
	トラベルマップで通行可能になりました		
219	ニシュラ氷河が	MAP_D_CAD_00 219	
	トラベルマップで通行不能になりました		
220	いにしえの回廊が	MAP_D_CAD_00 220	
	トラベルマップで通行可能になりました		
221	いにしえの回廊が	MAP_D_CAD_00 221	
	トラベルマップで通行不能になりました		
222	フィッシェ街道が	MAP_D_CAD_00 222	
	トラベルマップで通行可能になりました		
223	フィッシェ街道が	MAP_D_CAD_00 223	
	トラベルマップで通行不能になりました		
224	レゾナール海岸が	MAP_D_CAD_00 224	
	トラベルマップで通行可能になりました		
225	レゾナール海岸が	MAP_D_CAD_00 225	
	トラベルマップで通行不能になりました		
226	ケイロニア高原が	MAP_D_CAD_00 226	
	トラベルマップで通行可能になりました		
227	ケイロニア高原が	MAP_D_CAD_00 227	
	トラベルマップで通行不能になりました		
228	ケイロニア砦が	MAP_D_CAD_00 228	
	トラベルマップで通行可能になりました		
229	ケイロニア砦が	MAP_D_CAD_00 229	
	トラベルマップで通行不能になりました		
230	サルバトーレ離宮が	MAP_D_CAD_00 230	
	トラベルマップで通行可能になりました		
231	サルバトーレ離宮が	MAP_D_CAD_00 231	
	トラベルマップで通行不能になりました		
232	リストにないよ？	MAP_D_CAD_00 147	
			
233	func00_E_EVENT_START1	MAP_D_CAD_00 415	
237	func00_E_EVENT_START2	MAP_D_CAD_00 417	
240	ああ、もしかして	MAP_D_MAI_03 240	
	討伐修練を受けにきたの？		X
	うーん…		
	きみ、この前の大修練は		
	失敗してるよね？		X
	大丈夫かなぁ…		
	この修練も		
	イビノス討伐だよ？		
244	問題ない	MAP_D_MAI_03 244	
248	って言われても	MAP_D_MAI_03 248	
	何かあって責任をとるのは		
	ぼくだからさ…		X
	よし、ランクが		
	７６０００位を超えたら		
	参加を許可するよ		
252	…………	MAP_D_CAD_00 242	
256	きみのランクが	MAP_D_MAI_03 256	
	７６０００位を超えたら		
	修練への参加を許可するよ		X
	だからまずは		
	そこまでランクを		
	上げておいでよ		
258	func00_E_EVENT_END1	MAP_D_CAD_00 424	
259	func00_E_EVENT_END2	MAP_D_CAD_00 425	
262	おや、ランクを	MAP_D_MAI_03 262	
	上げてきたんだね		X
	そのランクなら		
	修練をまかせても		
	いいかな、うん！		X
	それじゃあ		
	【低位２】の討伐修練に		
	参加するかい？		
266	やぁ、こんにちは！	MAP_D_KOU_01 277	
	下位ランカー向け		
	討伐修練の受付はここさ		
268	現在告知されているのは	MAP_D_MAI_03 268	
	【低位２】の討伐修練だよ		
	参加するかい？		
272	どんな修練だ？	MAP_D_CAD_00 912	
276	マイヤールの森で	MAP_D_MAI_03 276	
	イビノス討伐だよ		
278	修練「討伐修練【低位２】」	MAP_D_MAI_03 278	
	に参加しますか？		
279	参加する	MAP_D_CAD_00 919	
280	参加しない	MAP_D_CAD_00 920	
285	ほうほう……了解！	MAP_D_KOU_01 288	
	じゃあさっそく		
	修練の内容を説明するよ		
287	マイヤールの森で	MAP_D_MAI_03 287	
	イビノスが目撃されたんだ		
289	どうやら前の討伐のときに	MAP_D_MAI_03 289	
	倒しそこねたやつが		
	森の奥に隠れてたらしい		
291	…そんなわけで	MAP_D_MAI_03 291	
	マイヤールの森の奥で		
	全イビノスを討伐してね		
295	じゃ、よろしく頼んだよ	MAP_D_KOU_01 298	
297	func00_E_EVENT_END1	MAP_D_CAD_00 424	
299	func00_E_EVENT_END2	MAP_D_CAD_00 425	
302	それは残念…	MAP_D_KOU_01 305	
	参加する気になったら		
	また声をかけてね		
304	func00_E_EVENT_END1	MAP_D_CAD_00 424	
305	func00_E_EVENT_END2	MAP_D_CAD_00 425	
306	func00_E_EVENT_START1	MAP_D_CAD_00 415	
308	func00_E_EVENT_START2	MAP_D_CAD_00 417	
310	マイヤールの森の奥…	MAP_D_MAI_03 310	
	奥というのはこの先か？		
314	あそこから渡れそうだな	MAP_D_MAI_03 314	
315	func00_E_EVENT_END1	MAP_D_CAD_00 424	
316	func00_E_EVENT_END2	MAP_D_CAD_00 425	
318	func00_E_EVENT_START1	MAP_D_CAD_00 415	
320	func00_E_EVENT_START2	MAP_D_CAD_00 417	
322	今ので最後か…	MAP_D_MAI_03 322	
	修練達成だな		
324	func00_E_EVENT_END1	MAP_D_CAD_00 424	
325	func00_E_EVENT_END2	MAP_D_CAD_00 425	
327	func00_E_EVENT_START1	MAP_D_CAD_00 415	
329	func00_E_EVENT_START2	MAP_D_CAD_00 417	
332	func00_E_EVENT_END1	MAP_D_CAD_00 424	
333	func00_E_EVENT_END2	MAP_D_CAD_00 425	
335	func00_E_EVENT_START1	MAP_D_CAD_00 415	
337	func00_E_EVENT_START2	MAP_D_CAD_00 417	
340	func00_E_EVENT_END1	MAP_D_CAD_00 424	
341	func00_E_EVENT_END2	MAP_D_CAD_00 425	
343	func00_E_EVENT_START1	MAP_D_CAD_00 415	
345	func00_E_EVENT_START2	MAP_D_CAD_00 417	
348	func00_E_EVENT_END1	MAP_D_CAD_00 424	
349	func00_E_EVENT_END2	MAP_D_CAD_00 425	
350	func00_E_EVENT_START1	MAP_D_CAD_00 415	
354	func00_E_EVENT_START2	MAP_D_CAD_00 417	
357	やぁ、こんにちは！	MAP_D_KOU_01 277	
	下位ランカー向け		
	討伐修練の受付はここさ		
359	…おや？	MAP_D_KOU_01 498	
	修練を達成したんだね		
361	じゃあ、はい	MAP_D_KOU_01 500	
	これが報奨だよ！		
366	ごくろうさま！	MAP_D_MAI_03 366	
	これからもがんばってね		
368	func00_E_EVENT_END1	MAP_D_CAD_00 424	
371	func00_E_EVENT_END2	MAP_D_CAD_00 425	
372	シーン初期化	MAP_D_CAD_00 1232	
			
373	オブジェクト配置	MAP_D_CAD_00 1233	
			
374	オブジェクトトラップ配置	MAP_D_CAD_00 1235	
			
375	マップチェンジトラップ配置	MAP_D_CAD_00 1236	
			
379	ＮＰＣ配置	MAP_D_CAD_00 1248	
			
383	いったた…		
	療癒丸、まだ残ってたっけ		
385	こんな場所にくるなんて		
	変わり者だね、きみ		
389	おまえだって		
	ここにいるだろ		
393	それはそうだけどさぁ…		X
	まあ、いいや		
	あたしはここで		
	修行してるだけだよ		X
	東雲流を継ぐもの		
	人目を避けて闇と成るべし		
	…って言われてんだよね		
396	面倒なんだよね		
	東雲流の教えってさ…		
399	…きみさぁ		
	なんとなく疲れた		
	顔してない？		
402	…………	MAP_D_CAD_00 242	
405	わかる、わかるよ！		
	ランカーの生活って		
	結構ハードだもんねぇ		X
	こういうときは		
	温泉がいいんだよ		
409	…温泉？		
413	そうそう		
	あたしたちの故郷にある		
	湯が湧く泉だよ		X
	あーあー！		
	温泉はいりたい！		X
	でも大した功績も上げずに		
	里には帰れないよ…		
417	きみもいつかおいでよ		
	温泉、イイトコロだよ？		
420	あ、そうそう！		
	どっかで姉ちゃんを		
	みなかった？		X
	サーニャっていうんだよね		
	刀使いのランカーだよ		X
	姉ちゃんもあたしと同じで		
	東雲流の人間だから		X
	どっか変な場所に		
	いると思うんだよねぇ…		
423	正直さぁ、東雲流の者って		
	ただの変人っぽくない？		X
	おまえ、そんなところで		
	何してるんだよー！		
	…みたいな		
426	姉ちゃん何してるかなぁ		X
	ふたりで里帰りして		
	おもいっきりのんびり…		X
	できるわけないかぁ…		
	あの厳しい長が		
	許してくれないだろうし		X
	はぁ…あたしの		
	安楽の地はいずこ…		
429	姉ちゃんは		
	一見おしとやかだけど		
	怒ると超怖いから！		
432	なんかさ		
	あたしがここにいる間に		
	世界が大きく動いてない？		X
	もー、流行も何もないよ！		
	こんな歳から世俗と離れた		
	生活したくないっての！		
435	きみはどう？		
	流行にのって、ドタバタと		
	しちゃってるわけ？		X
	うらやましいなぁ…		
437	ダメダメ！		
	東雲流の技は		
	何度も見せちゃいけないの		
439	勝負？　いいよ！	A match? I'm up for it! I was getting bored training by myself.	
	ひとりで鍛錬するのに		
	飽きてたんだよねぇ		
447	なら遠慮なくいくよ！	I won't go easy on you! Witness the perfect technique of the world's strongest Shinonome ninja!	
	最強の古式武術		
	東雲流忍術をご覧あれ！		
452	負けた…！？	I lost!? Now I'm going to be scolded...	
	ヤバい…怒られるぅ…		
454	えー？		
	つまんないの！		
455	イベントトラップ配置	MAP_D_CAD_00 1413	
			
459	？？？	MAP_D_CAD_01 744	
491	OBJ_NPC00	MAP_D_CAN_00 1060	
