0	■■■ func00_DEBUG_SIGN ■■■	MAP_D_CAD_00 0	
			
1	！！！エラー検出用サブルーチンを通りました！！！	MAP_D_CAD_00 1	
			
2	イビノスシンボル配置しない。フラグ：	MAP_D_CAD_00 2	
4	イビノスシンボル配置する。フラグ：	MAP_D_CAD_00 4	
7	ランカーファイル情報更新	MAP_D_CAD_00 7	
			
8	->旧:	MAP_D_CAD_00 8	
9	 追加:	MAP_D_CAD_00 9	
10	 結果:	MAP_D_CAD_00 10	
12	ランク:	MAP_D_CAD_00 12	
15	ランカー戦勝利・戻り値：	MAP_D_CAD_00 15	
17	ランキング戦を申し込みますか？	MAP_D_CAD_00 17	
18	申し込む	MAP_D_CAD_00 18	
19	やめておく	MAP_D_CAD_00 19	
22	イビノスシンボル倒した。フラグON：	MAP_D_CAD_00 22	
25	イビノス戦：イベント終了？	MAP_D_CAD_00 25	
			
26	スクリプト：未知のモーションタイプが指定されました	MAP_D_CAD_00 26	
			
33	***振り向き判定ＰＣ***	MAP_D_CAD_00 33	
			
34	現在:cmn_r0:	MAP_D_CAD_00 34	
36	目標:cmn_r1:	MAP_D_CAD_00 36	
38	差分:cmn_r2:	MAP_D_CAD_00 38	
40	差分＾２:cmn_r3:	MAP_D_CAD_00 40	
42	閾値＾２:cmn_r4:	MAP_D_CAD_00 42	
44	->pc振り向きません	MAP_D_CAD_00 44	
			
45	->pc振り向きます	MAP_D_CAD_00 45	
			
47	***振り向き判定***	MAP_D_CAD_00 47	
			
48	現在:cmn_r0:	MAP_D_CAD_00 34	
50	目標:cmn_r1:	MAP_D_CAD_00 36	
52	差分:cmn_r2:	MAP_D_CAD_00 38	
54	差分＾２:cmn_r3:	MAP_D_CAD_00 40	
56	閾値＾２:cmn_r4:	MAP_D_CAD_00 42	
58	->npc振り向きません	MAP_D_CAD_00 58	
			
59	->npc振り向きます	MAP_D_CAD_00 59	
			
63	ロード待ち開始	MAP_D_CAD_00 63	
			
64	ロード待ち終了	MAP_D_CAD_00 64	
			
65	{15}0C{14}L00000000を	MAP_D_CAD_00 65	
	手に入れた		
66	{15}0E{14}L00000000を	MAP_D_CAD_00 66	
	手に入れた		
67	{15}0F{14}L00000000を	MAP_D_CAD_00 67	
	手に入れた		
68	{15}0D{14}L00000000を	MAP_D_CAD_00 68	
	手に入れた		
69	{15}10{14}L00000000を	MAP_D_CAD_00 69	
	手に入れた		
70	{15}12{14}L00000000を	MAP_D_CAD_00 70	
	手に入れた		
71	{15}11{14}L00000000を	MAP_D_CAD_00 71	
	手に入れた		
72	{15}13{14}L00000000を{1d}L00000001個	MAP_D_CAD_00 72	
	手に入れた		
73	{15}14{14}L00000000を{1d}L00000001個	MAP_D_CAD_00 73	
	手に入れた		
74	{15}14{14}L00000000を	MAP_D_CAD_00 74	
	手に入れた		
75	{15}1B{14}L00000000を	MAP_D_CAD_00 75	
	手に入れた		
76	{14}L00000000を	MAP_D_CAD_00 76	
	手に入れた		
77	{1d}L00000000Ｂを手に入れた	MAP_D_CAD_00 77	
			
78	num_calc：	MAP_D_CAD_00 78	
80	{15}0C{14}L00000000を	MAP_D_CAD_00 80	
	手渡した		
81	{15}0E{14}L00000000を	MAP_D_CAD_00 81	
	手渡した		
82	{15}0F{14}L00000000を	MAP_D_CAD_00 82	
	手渡した		
83	{15}0D{14}L00000000を	MAP_D_CAD_00 83	
	手渡した		
84	{15}10{14}L00000000を	MAP_D_CAD_00 84	
	手渡した		
85	{15}12{14}L00000000を	MAP_D_CAD_00 85	
	手渡した		
86	{15}11{14}L00000000を	MAP_D_CAD_00 86	
	手渡した		
87	{15}13{14}L00000000を{1d}L00000001個	MAP_D_CAD_00 87	
	手渡した		
88	{15}14{14}L00000000を{1d}L00000001個	MAP_D_CAD_00 88	
	手渡した		
89	{15}14{14}L00000000を	MAP_D_CAD_00 89	
	手渡した		
90	{15}1B{14}L00000000を	MAP_D_CAD_00 90	
	手渡した		
91	{14}L00000000を	MAP_D_CAD_00 91	
	手渡した		
			
92	■■ret0■■：	MAP_D_CAD_00 92	
96	■■ret■■：	MAP_D_CAD_00 96	
98	cmn_option:	MAP_D_CAD_00 98	
106	セーブポイント	MAP_D_CAD_00 106	
107	データ削除ユーティリティを起動します	MAP_D_CAD_00 107	
	ゲームプレイデータのセーブには		
	{1d}L00000001KB以上の空き容量が必要です		
108	ネックタイプ：	MAP_D_CAD_00 108	
110	首の初期化	MAP_D_CAD_00 110	
			
111	ネックタイプ：	MAP_D_CAD_00 108	
115	大橋が	MAP_D_CAD_00 115	
	トラベルマップで使用可能になりました		
116	下区：商業区が	MAP_D_CAD_00 116	
	トラベルマップで使用可能になりました		
117	下区：ランカー居住区が	MAP_D_CAD_00 117	
	トラベルマップで使用可能になりました		
118	下区：闘技場前が	MAP_D_CAD_00 118	
	トラベルマップで使用可能になりました		
119	タイロン租界が	MAP_D_CAD_00 119	
	トラベルマップで使用可能になりました		
120	バザルタ出張所前が	MAP_D_CAD_00 120	
	トラベルマップで使用可能になりました		
121	上区：噴水広場前が	MAP_D_CAD_00 121	
	トラベルマップで使用可能になりました		
122	バザルタ本部前が	MAP_D_CAD_00 122	
	トラベルマップで使用可能になりました		
123	フラグ・フィールド：	MAP_D_CAD_00 123	
125	フラグ・フィールド：	MAP_D_CAD_00 123	
127	ガンドアが	MAP_D_CAD_00 127	
	トラベルマップで使用可能になりました		
128	カンタレラが	MAP_D_CAD_00 128	
	トラベルマップで使用可能になりました		
129	トーロ荒地が	MAP_D_CAD_00 129	
	トラベルマップで使用可能になりました		
130	リブラ森林が	MAP_D_CAD_00 130	
	トラベルマップで使用可能になりました		
131	マイヤールの森が	MAP_D_CAD_00 131	
	トラベルマップで使用可能になりました		
132	ベリエ街道が	MAP_D_CAD_00 132	
	トラベルマップで使用可能になりました		
133	ドネイ回廊が	MAP_D_CAD_00 133	
	トラベルマップで使用可能になりました		
134	ウィルゴー砂漠が	MAP_D_CAD_00 134	
	トラベルマップで使用可能になりました		
135	カドモール水源が	MAP_D_CAD_00 135	
	トラベルマップで使用可能になりました		
136	カルキノス荒地が	MAP_D_CAD_00 136	
	トラベルマップで使用可能になりました		
137	ラ・キット遺跡が	MAP_D_CAD_00 137	
	トラベルマップで使用可能になりました		
138	レオン峡谷が	MAP_D_CAD_00 138	
	トラベルマップで使用可能になりました		
139	ソダー回廊が	MAP_D_CAD_00 139	
	トラベルマップで使用可能になりました		
140	ニシュラ氷河が	MAP_D_CAD_00 140	
	トラベルマップで使用可能になりました		
141	いにしえの回廊が	MAP_D_CAD_00 141	
	トラベルマップで使用可能になりました		
142	フィッシェ街道が	MAP_D_CAD_00 142	
	トラベルマップで使用可能になりました		
143	レゾナール海岸が	MAP_D_CAD_00 143	
	トラベルマップで使用可能になりました		
144	ケイロニア高原が	MAP_D_CAD_00 144	
	トラベルマップで使用可能になりました		
145	ケイロニア砦が	MAP_D_CAD_00 145	
	トラベルマップで使用可能になりました		
146	サルバトーレ離宮が	MAP_D_CAD_00 146	
	トラベルマップで使用可能になりました		
147	リストにないよ？	MAP_D_CAD_00 147	
			
148	_case:	MAP_D_CAD_00 148	
151	「討伐修練【低位１】」の	MAP_D_CAD_00 151	
	クリア条件を満たした！		
152	「討伐修練【低位２】」の	MAP_D_CAD_00 152	
	クリア条件を満たした！		
153	「討伐修練【低位３】」の	MAP_D_CAD_00 153	
	クリア条件を満たした！		
154	「討伐修練【低位４】」の	MAP_D_CAD_00 154	
	クリア条件を満たした！		
155	「討伐修練【低位５】」の	MAP_D_CAD_00 155	
	クリア条件を満たした！		
156	「討伐修練【中位１】」の	MAP_D_CAD_00 156	
	クリア条件を満たした！		
157	「討伐修練【中位２】」の	MAP_D_CAD_00 157	
	クリア条件を満たした！		
158	「討伐修練【高位１】」の	MAP_D_CAD_00 158	
	クリア条件を満たした！		
159	「討伐修練【高位２】」の	MAP_D_CAD_00 159	
	クリア条件を満たした！		
160	「薬草探しの代理人」の	MAP_D_CAD_00 160	
	クリア条件を満たした！		
161	「新商品開発の手伝い」の	MAP_D_CAD_00 161	
	クリア条件を満たした！		
162	「蒼の指環を求めて」の	MAP_D_CAD_00 162	
	クリア条件を満たした！		
163	「雪中の贈り物」の	MAP_D_CAD_00 163	
	クリア条件を満たした！		
164	「加護あることを祈って」の	MAP_D_CAD_00 164	
	クリア条件を満たした！		
165	「追想の白い花」の	MAP_D_CAD_00 165	
	クリア条件を満たした！		
166	「来れ、好運の使者！」の	MAP_D_CAD_00 166	
	クリア条件を満たした！		
167	「武術指南のお願い」の	MAP_D_CAD_00 167	
	クリア条件を満たした！		
168	「行方不明の従業員」の	MAP_D_CAD_00 168	
	クリア条件を満たした！		
169	「スキルチップ収集中」の	MAP_D_CAD_00 169	
	クリア条件を満たした！		
170	「盗難品の行方は」の	MAP_D_CAD_00 170	
	クリア条件を満たした！		
171	「資料集めのアシスタント」の	MAP_D_CAD_00 171	
	クリア条件を満たした！		
172	「河畔の生態系調査」の	MAP_D_CAD_00 172	
	クリア条件を満たした！		
173	「新人官吏を捕獲せよ」の	MAP_D_CAD_00 173	
	クリア条件を満たした！		
174	「黒い積荷の回収」の	MAP_D_CAD_00 174	
	クリア条件を満たした！		
175	「悪徳商売を抑止せよ」の	MAP_D_CAD_00 175	
	クリア条件を満たした！		
176	「新人ランカー襲撃事件」の	MAP_D_CAD_00 176	
	クリア条件を満たした！		
177	「優しい猛者、募集中」の	MAP_D_CAD_00 177	
	クリア条件を満たした！		
178	「異郷からきた尋ね人」の	MAP_D_CAD_00 178	
	クリア条件を満たした！		
179	「勇壮なる護衛の依頼」の	MAP_D_CAD_00 179	
	クリア条件を満たした！		
180	「赫の指環を求めて」の	MAP_D_CAD_00 180	
	クリア条件を満たした！		
181	「闘技場の害獣駆除」の	MAP_D_CAD_00 181	
	クリア条件を満たした！		
182	「回覧板配達人」の	MAP_D_CAD_00 182	
	クリア条件を満たした！		
183	「討伐修練【緊急】」の	MAP_D_CAD_00 183	
	クリア条件を満たした！		
184	「鉱物資源の収集【緊急】」の	MAP_D_CAD_00 184	
	クリア条件を満たした！		
185	「タリー石を探せ」の	MAP_D_CAD_00 185	
	クリア条件を満たした！		
186	「甘梅草を探せ」の	MAP_D_CAD_00 186	
	クリア条件を満たした！		
187	「衛兵の剣の没収」の	MAP_D_CAD_00 187	
	クリア条件を満たした！		
188	「衛兵の剣の返却」の	MAP_D_CAD_00 188	
	クリア条件を満たした！		
189	「森のイビノス駆除【重大】」の	MAP_D_CAD_00 189	
	クリア条件を満たした！		
190	「回廊のイビノス駆除【重大】」の	MAP_D_CAD_00 190	
	クリア条件を満たした！		
191	「七騎士認定修練【重大】」の	MAP_D_CAD_00 191	
	クリア条件を満たした！		
192	ガンドアが	MAP_D_CAD_00 192	
	トラベルマップで通行可能になりました		
193	ガンドアが	MAP_D_CAD_00 193	
	トラベルマップで通行不能になりました		
194	カンタレラが	MAP_D_CAD_00 194	
	トラベルマップで通行可能になりました		
195	カンタレラが	MAP_D_CAD_00 195	
	トラベルマップで通行不能になりました		
196	トーロ荒地が	MAP_D_CAD_00 196	
	トラベルマップで通行可能になりました		
197	トーロ荒地が	MAP_D_CAD_00 197	
	トラベルマップで通行不能になりました		
198	リブラ森林が	MAP_D_CAD_00 198	
	トラベルマップで通行可能になりました		
199	リブラ森林が	MAP_D_CAD_00 199	
	トラベルマップで通行不能になりました		
200	マイヤールの森が	MAP_D_CAD_00 200	
	トラベルマップで通行可能になりました		
201	マイヤールの森が	MAP_D_CAD_00 201	
	トラベルマップで通行不能になりました		
202	ベリエ街道が	MAP_D_CAD_00 202	
	トラベルマップで通行可能になりました		
203	ベリエ街道が	MAP_D_CAD_00 203	
	トラベルマップで通行不能になりました		
204	ドネイ回廊が	MAP_D_CAD_00 204	
	トラベルマップで通行可能になりました		
205	ドネイ回廊が	MAP_D_CAD_00 205	
	トラベルマップで通行不能になりました		
206	ウィルゴー砂漠が	MAP_D_CAD_00 206	
	トラベルマップで通行可能になりました		
207	ウィルゴー砂漠が	MAP_D_CAD_00 207	
	トラベルマップで通行不能になりました		
208	カドモール水源が	MAP_D_CAD_00 208	
	トラベルマップで通行可能になりました		
209	カドモール水源が	MAP_D_CAD_00 209	
	トラベルマップで通行不能になりました		
210	カルキノス荒地が	MAP_D_CAD_00 210	
	トラベルマップで通行可能になりました		
211	カルキノス荒地が	MAP_D_CAD_00 211	
	トラベルマップで通行不能になりました		
212	ラ・キット遺跡が	MAP_D_CAD_00 212	
	トラベルマップで通行可能になりました		
213	ラ・キット遺跡が	MAP_D_CAD_00 213	
	トラベルマップで通行不能になりました		
214	レオン峡谷が	MAP_D_CAD_00 214	
	トラベルマップで通行可能になりました		
215	レオン峡谷が	MAP_D_CAD_00 215	
	トラベルマップで通行不能になりました		
216	ソダー回廊が	MAP_D_CAD_00 216	
	トラベルマップで通行可能になりました		
217	ソダー回廊が	MAP_D_CAD_00 217	
	トラベルマップで通行不能になりました		
218	ニシュラ氷河が	MAP_D_CAD_00 218	
	トラベルマップで通行可能になりました		
219	ニシュラ氷河が	MAP_D_CAD_00 219	
	トラベルマップで通行不能になりました		
220	いにしえの回廊が	MAP_D_CAD_00 220	
	トラベルマップで通行可能になりました		
221	いにしえの回廊が	MAP_D_CAD_00 221	
	トラベルマップで通行不能になりました		
222	フィッシェ街道が	MAP_D_CAD_00 222	
	トラベルマップで通行可能になりました		
223	フィッシェ街道が	MAP_D_CAD_00 223	
	トラベルマップで通行不能になりました		
224	レゾナール海岸が	MAP_D_CAD_00 224	
	トラベルマップで通行可能になりました		
225	レゾナール海岸が	MAP_D_CAD_00 225	
	トラベルマップで通行不能になりました		
226	ケイロニア高原が	MAP_D_CAD_00 226	
	トラベルマップで通行可能になりました		
227	ケイロニア高原が	MAP_D_CAD_00 227	
	トラベルマップで通行不能になりました		
228	ケイロニア砦が	MAP_D_CAD_00 228	
	トラベルマップで通行可能になりました		
229	ケイロニア砦が	MAP_D_CAD_00 229	
	トラベルマップで通行不能になりました		
230	サルバトーレ離宮が	MAP_D_CAD_00 230	
	トラベルマップで通行可能になりました		
231	サルバトーレ離宮が	MAP_D_CAD_00 231	
	トラベルマップで通行不能になりました		
232	リストにないよ？	MAP_D_CAD_00 147	
			
233	func00_E_EVENT_START1	MAP_D_CAD_00 415	
238	func00_E_EVENT_START2	MAP_D_CAD_00 417	
241	ジグ、久しいわね…	It's been a while, Zig. When we last talked, you were lost. Have you finally found your way?	
	あのときの迷いは		
	晴れたのかしら？		X
	今回もわたくしの修練を	More importantly, have you come to accept my training mission?	
	受けてくれるのでしょう？		
245	どんな修練だ？	MAP_D_CAD_00 912	
249	何をいまさら…		
	わかっているでしょう？		
251	修練「赫の指環を求めて」	Participate in training mission "Search for Shining Ring"?	
	に参加しますか？		
252	参加する	MAP_D_CAD_00 919	
253	参加しない	MAP_D_CAD_00 920	
259	やはりわたくしの	Just as I predicted.	
	予感した通りね		
264	エイネ、この人よ	Eine, this is the person I was telling you about. He is Zig, the Fated One.	
	深淵の色を宿す勇士		
	宿命の人、ジグ		
270	なるほどな	I see.	X
	その眼、いい色だ	Your eyes are a good color, the color of a blazing fire. I just want to steal them without thinking.	
	炎獄の焔のような…		
	思わず奪い取りたくなる		
276	…レイネ、この者なら	Reine, do you think he can do it?	
	できると思うか？		
280	ええ…	Yes. He's one who can conquer even the deepest sadness.	
	きっと嘆きの川さえ		
	突き通る人よ		
285	…さっぱり	I have no clue what you guys are talking about.	
	話がわからない		
290	いいのよ	That's fine. The two of us understand it perfectly.	
	わたくしたちの間では		
	ちゃんと通じているから		
295	それで、どうかしらエイネ	What do you think, Eine? Can we trust him with this?	
	彼に託してみるのは		
299	いいだろう	It's certainly worth a shot.	
	試す価値はありそうだ		
308	…ニシュラ氷河を	Do you know of Nishula Glacier?	
	しっているか？		
313	ああ	Yeah.	
318	あそこはさながら	That place is an icy labyrinth that straddles the border between life and death.	
	生と死のはざま		
	氷の迷い路		
324	その中ほどに	There is a strange road within it.	
	奇怪な道があります		X
	何度進んでも	No matter how many times you pass through, you always end up at the same place. It's very mysterious.	
	同じ区域へ戻ってくる		
	不思議なルート		
330	そのルートを	We want you to go along that route five times.	
	５回たどって		
	みてほしい		X
	他の道に進んで	If you take another path, you'll have to start all over again.	
	別の区域に入ってしまうと		
	最初からやり直しだ		
335	あなたの内の焔が	I'm sure you can do this. You have a strong fire blazing within you.	
	本当に資格たり得るなら		X
	迷い路の先に	I think you'll find a way beyond that lost road.	
	見つけることが		
	できるでしょう		
340	赫々の輝き	The shining ring we're looking for is called [Beatrice's Ring].	
	【ベアトリスの指環】を		
344	わたくしたちでは	We were unable to find it,	
	手に入れられなかった…		X
	この願いは	so we're putting all our faith in you.	
	全てあなたの手に		
	たくしましょう		
348	行ってくれ	Get going, blazing eyes.	
	焔の眼を持つ者よ		
350	func00_E_EVENT_END1	MAP_D_CAD_00 424	
353	func00_E_EVENT_END2	MAP_D_CAD_00 425	
356	そんなはずないわ		
	これはもう運命だもの		
358	func00_E_EVENT_END1	MAP_D_CAD_00 424	
359	func00_E_EVENT_END2	MAP_D_CAD_00 425	
361	func00_E_EVENT_START1	MAP_D_CAD_00 415	
364	func00_E_EVENT_START2	MAP_D_CAD_00 417	
366	同じ区域に戻った…か？	Am I back where I started?	
367	func00_E_EVENT_END1	MAP_D_CAD_00 424	
368	func00_E_EVENT_END2	MAP_D_CAD_00 425	
369	func00_E_EVENT_START1	MAP_D_CAD_00 415	
371	func00_E_EVENT_START2	MAP_D_CAD_00 417	
373	………？	MAP_D_CAD_00 993	
375	さっきまで	This wasn't here before.	
	こんなものはなかったぞ		
378	func00_E_EVENT_END1	MAP_D_CAD_00 424	
379	func00_E_EVENT_END2	MAP_D_CAD_00 425	
380	func00_E_EVENT_START1	MAP_D_CAD_00 415	
385	func00_E_EVENT_START2	MAP_D_CAD_00 417	
388	それは…その輝きは…	That glow...	
393	間違いない	There's no mistaking it. This is Beatrice's Ring.	
	ベアトリスの指環		X
	ああ、ついにこれを	We have it in our hands at last!!!	
	手にする日がきた！！！		
397	これでわたくしたちの	We need this to perform our secret arts.	
	秘術は完成するのね		
401	おまえはよく	You've done us a great service. First, please take this.	
	貢献してくれた		
	まずはこれを持て		
406	それから…	Now, fight me as proof that you've completed the mission.	
	完了の証として		
	わたしと戦え		
410	意味がわからない…	I don't understand why that's necessary.	
413	なに、指環に選ばれた	I want to know the strength of the one chosen by the ring.	
	おまえの力を		
	わが身で知りたいだけだ		X
	おまえだって	You love to fight, don't you? I can tell by the look in your eyes.	
	戦うのは好きだろう？		
	その目を見ればわかるぞ		
417	まあ…	I'm not going to refuse a challenge.	
	挑まれたら断らない		
421	いい答えじゃないか	Good answer.	
428	では、いくぞ！	Well then, let's go! Show me the fire that burns within you!	
	エイネ・アンフェールに		
	焼かれるといい！		
436	っ…レイネ…！	Reine...!	
439	わかったでしょう？	Do you get it now? He's suitable.	
	彼なら適任よ		
443	ああ、この者の力は	Yes, it seems his power is the real thing.	
	まごうことなき		
	本物らしい		
450	ジグ、修練は	Zig, the training mission is now over,	
	これでおわり		X
	でも、わたくしたちは	but our mission begins here.	
	ここからはじまる		
454	闘技場でおまえを待つ	We'll be waiting for you at the arena. A greater world without ranking battles...	
	ランキング戦などではない		
	もっと壮絶な世界…		
458	あなたを礎に	With you as a foundation, we can make our greatest wish come true. Why not come when you have time?	
	わたくしたちは悲願を成す		
	…来てくれるでしょう？		
462	ふふっ…	Fufufu...	
469	…………	......	X
	ランキング戦より	A world beyond ranking battles?	
	壮絶な世界…？		
472	func00_E_EVENT_END1	MAP_D_CAD_00 424	
473	func00_E_EVENT_END2	MAP_D_CAD_00 425	
474	func00_E_EVENT_START1	MAP_D_CAD_00 415	
475	func00_E_EVENT_START2	MAP_D_CAD_00 417	
477	まさか、わたくしたちの		
	秘術をもってしても		
	敗れるなんて…		
479	この秘術では		
	だめだったのか！？		
481	…………	MAP_D_CAD_00 242	
483	…………	MAP_D_CAD_00 242	
485	次は何にしよっか？		
487	今回のと対になる感じで		
	天の秘術とかどう？		
489	いいね！		
	研究しがいがありそう！		
491	じゃあ、地獄姉妹…		
	アンフェールの名前も		
	今日限りね		
493	明日からは天界…		
	シエル姉妹になるわけね		
495	お、おい…？		
497	ジグ、いい戦いを		
	ありがとう		
499	わたしたち		
	更なる力のために		
	別の役になりきるわ		
501	またそのうち		
	戦えるといいわね		
503	じゃあ、ジグも		
	がんばってね！		
505	…なんなんだ！		
506	func00_E_EVENT_END1	MAP_D_CAD_00 424	
507	func00_E_EVENT_END2	MAP_D_CAD_00 425	
508	シーン初期化	MAP_D_CAD_00 1232	
			
509	オブジェクト配置	MAP_D_CAD_00 1233	
			
510	オブジェクトトラップ配置	MAP_D_CAD_00 1235	
			
511	マップチェンジトラップ配置	MAP_D_CAD_00 1236	
			
525	ＮＰＣ配置	MAP_D_CAD_00 1248	
			
526	イベントトラップ配置	MAP_D_CAD_00 1413	
			
527	？？？	MAP_D_CAD_01 744	
