0	■■■ func00_DEBUG_SIGN ■■■	MAP_D_CAD_00 0		
				
1	！！！エラー検出用サブルーチンを通りました！！！	MAP_D_CAD_00 1		
				
2	イビノスシンボル配置しない。フラグ：	MAP_D_CAD_00 2		
4	イビノスシンボル配置する。フラグ：	MAP_D_CAD_00 4		
7	ランカーファイル情報更新	MAP_D_CAD_00 7		
				
8	->旧:	MAP_D_CAD_00 8		
9	 追加:	MAP_D_CAD_00 9		
10	 結果:	MAP_D_CAD_00 10		
12	ランク:	MAP_D_CAD_00 12		
15	ランカー戦勝利・戻り値：	MAP_D_CAD_00 15		
17	ランキング戦を申し込みますか？	MAP_D_CAD_00 17		
18	申し込む	MAP_D_CAD_00 18		
19	やめておく	MAP_D_CAD_00 19		
22	イビノスシンボル倒した。フラグON：	MAP_D_CAD_00 22		
25	イビノス戦：イベント終了？	MAP_D_CAD_00 25		
				
26	スクリプト：未知のモーションタイプが指定されました	MAP_D_CAD_00 26		
				
33	***振り向き判定ＰＣ***	MAP_D_CAD_00 33		
				
34	現在:cmn_r0:	MAP_D_CAD_00 34		
36	目標:cmn_r1:	MAP_D_CAD_00 36		
38	差分:cmn_r2:	MAP_D_CAD_00 38		
40	差分＾２:cmn_r3:	MAP_D_CAD_00 40		
42	閾値＾２:cmn_r4:	MAP_D_CAD_00 42		
44	->pc振り向きません	MAP_D_CAD_00 44		
				
45	->pc振り向きます	MAP_D_CAD_00 45		
				
47	***振り向き判定***	MAP_D_CAD_00 47		
				
48	現在:cmn_r0:	MAP_D_CAD_00 34		
50	目標:cmn_r1:	MAP_D_CAD_00 36		
52	差分:cmn_r2:	MAP_D_CAD_00 38		
54	差分＾２:cmn_r3:	MAP_D_CAD_00 40		
56	閾値＾２:cmn_r4:	MAP_D_CAD_00 42		
58	->npc振り向きません	MAP_D_CAD_00 58		
				
59	->npc振り向きます	MAP_D_CAD_00 59		
				
63	ロード待ち開始	MAP_D_CAD_00 63		
				
64	ロード待ち終了	MAP_D_CAD_00 64		
				
65	{15}0C{14}L00000000を	MAP_D_CAD_00 65		
	手に入れた			
66	{15}0E{14}L00000000を	MAP_D_CAD_00 66		
	手に入れた			
67	{15}0F{14}L00000000を	MAP_D_CAD_00 67		
	手に入れた			
68	{15}0D{14}L00000000を	MAP_D_CAD_00 68		
	手に入れた			
69	{15}10{14}L00000000を	MAP_D_CAD_00 69		
	手に入れた			
70	{15}12{14}L00000000を	MAP_D_CAD_00 70		
	手に入れた			
71	{15}11{14}L00000000を	MAP_D_CAD_00 71		
	手に入れた			
72	{15}13{14}L00000000を{1d}L00000001個	MAP_D_CAD_00 72		
	手に入れた			
73	{15}14{14}L00000000を{1d}L00000001個	MAP_D_CAD_00 73		
	手に入れた			
74	{15}14{14}L00000000を	MAP_D_CAD_00 74		
	手に入れた			
75	{15}1B{14}L00000000を	MAP_D_CAD_00 75		
	手に入れた			
76	{14}L00000000を	MAP_D_CAD_00 76		
	手に入れた			
77	{1d}L00000000Ｂを手に入れた	MAP_D_CAD_00 77		
				
78	num_calc：	MAP_D_CAD_00 78		
80	{15}0C{14}L00000000を	MAP_D_CAD_00 80		
	手渡した			
81	{15}0E{14}L00000000を	MAP_D_CAD_00 81		
	手渡した			
82	{15}0F{14}L00000000を	MAP_D_CAD_00 82		
	手渡した			
83	{15}0D{14}L00000000を	MAP_D_CAD_00 83		
	手渡した			
84	{15}10{14}L00000000を	MAP_D_CAD_00 84		
	手渡した			
85	{15}12{14}L00000000を	MAP_D_CAD_00 85		
	手渡した			
86	{15}11{14}L00000000を	MAP_D_CAD_00 86		
	手渡した			
87	{15}13{14}L00000000を{1d}L00000001個	MAP_D_CAD_00 87		
	手渡した			
88	{15}14{14}L00000000を{1d}L00000001個	MAP_D_CAD_00 88		
	手渡した			
89	{15}14{14}L00000000を	MAP_D_CAD_00 89		
	手渡した			
90	{15}1B{14}L00000000を	MAP_D_CAD_00 90		
	手渡した			
91	{14}L00000000を	MAP_D_CAD_00 91		
	手渡した			
				
92	■■ret0■■：	MAP_D_CAD_00 92		
96	■■ret■■：	MAP_D_CAD_00 96		
98	cmn_option:	MAP_D_CAD_00 98		
106	セーブポイント	MAP_D_CAD_00 106		
107	データ削除ユーティリティを起動します	MAP_D_CAD_00 107		
	ゲームプレイデータのセーブには			
	{1d}L00000001KB以上の空き容量が必要です			
108	ネックタイプ：	MAP_D_CAD_00 108		
110	首の初期化	MAP_D_CAD_00 110		
				
111	ネックタイプ：	MAP_D_CAD_00 108		
115	大橋が	MAP_D_CAD_00 115		
	トラベルマップで使用可能になりました			
116	下区：商業区が	MAP_D_CAD_00 116		
	トラベルマップで使用可能になりました			
117	下区：ランカー居住区が	MAP_D_CAD_00 117		
	トラベルマップで使用可能になりました			
118	下区：闘技場前が	MAP_D_CAD_00 118		
	トラベルマップで使用可能になりました			
119	タイロン租界が	MAP_D_CAD_00 119		
	トラベルマップで使用可能になりました			
120	バザルタ出張所前が	MAP_D_CAD_00 120		
	トラベルマップで使用可能になりました			
121	上区：噴水広場前が	MAP_D_CAD_00 121		
	トラベルマップで使用可能になりました			
122	バザルタ本部前が	MAP_D_CAD_00 122		
	トラベルマップで使用可能になりました			
123	フラグ・フィールド：	MAP_D_CAD_00 123		
125	フラグ・フィールド：	MAP_D_CAD_00 123		
127	ガンドアが	MAP_D_CAD_00 127		
	トラベルマップで使用可能になりました			
128	カンタレラが	MAP_D_CAD_00 128		
	トラベルマップで使用可能になりました			
129	トーロ荒地が	MAP_D_CAD_00 129		
	トラベルマップで使用可能になりました			
130	リブラ森林が	MAP_D_CAD_00 130		
	トラベルマップで使用可能になりました			
131	マイヤールの森が	MAP_D_CAD_00 131		
	トラベルマップで使用可能になりました			
132	ベリエ街道が	MAP_D_CAD_00 132		
	トラベルマップで使用可能になりました			
133	ドネイ回廊が	MAP_D_CAD_00 133		
	トラベルマップで使用可能になりました			
134	ウィルゴー砂漠が	MAP_D_CAD_00 134		
	トラベルマップで使用可能になりました			
135	カドモール水源が	MAP_D_CAD_00 135		
	トラベルマップで使用可能になりました			
136	カルキノス荒地が	MAP_D_CAD_00 136		
	トラベルマップで使用可能になりました			
137	ラ・キット遺跡が	MAP_D_CAD_00 137		
	トラベルマップで使用可能になりました			
138	レオン峡谷が	MAP_D_CAD_00 138		
	トラベルマップで使用可能になりました			
139	ソダー回廊が	MAP_D_CAD_00 139		
	トラベルマップで使用可能になりました			
140	ニシュラ氷河が	MAP_D_CAD_00 140		
	トラベルマップで使用可能になりました			
141	いにしえの回廊が	MAP_D_CAD_00 141		
	トラベルマップで使用可能になりました			
142	フィッシェ街道が	MAP_D_CAD_00 142		
	トラベルマップで使用可能になりました			
143	レゾナール海岸が	MAP_D_CAD_00 143		
	トラベルマップで使用可能になりました			
144	ケイロニア高原が	MAP_D_CAD_00 144		
	トラベルマップで使用可能になりました			
145	ケイロニア砦が	MAP_D_CAD_00 145		
	トラベルマップで使用可能になりました			
146	サルバトーレ離宮が	MAP_D_CAD_00 146		
	トラベルマップで使用可能になりました			
147	リストにないよ？	MAP_D_CAD_00 147		
				
148	_case:	MAP_D_CAD_00 148		
151	「討伐修練【低位１】」の	MAP_D_CAD_00 151		
	クリア条件を満たした！			
152	「討伐修練【低位２】」の	MAP_D_CAD_00 152		
	クリア条件を満たした！			
153	「討伐修練【低位３】」の	MAP_D_CAD_00 153		
	クリア条件を満たした！			
154	「討伐修練【低位４】」の	MAP_D_CAD_00 154		
	クリア条件を満たした！			
155	「討伐修練【低位５】」の	MAP_D_CAD_00 155		
	クリア条件を満たした！			
156	「討伐修練【中位１】」の	MAP_D_CAD_00 156		
	クリア条件を満たした！			
157	「討伐修練【中位２】」の	MAP_D_CAD_00 157		
	クリア条件を満たした！			
158	「討伐修練【高位１】」の	MAP_D_CAD_00 158		
	クリア条件を満たした！			
159	「討伐修練【高位２】」の	MAP_D_CAD_00 159		
	クリア条件を満たした！			
160	「薬草探しの代理人」の	MAP_D_CAD_00 160		
	クリア条件を満たした！			
161	「新商品開発の手伝い」の	MAP_D_CAD_00 161		
	クリア条件を満たした！			
162	「蒼の指環を求めて」の	MAP_D_CAD_00 162		
	クリア条件を満たした！			
163	「雪中の贈り物」の	MAP_D_CAD_00 163		
	クリア条件を満たした！			
164	「加護あることを祈って」の	MAP_D_CAD_00 164		
	クリア条件を満たした！			
165	「追想の白い花」の	MAP_D_CAD_00 165		
	クリア条件を満たした！			
166	「来れ、好運の使者！」の	MAP_D_CAD_00 166		
	クリア条件を満たした！			
167	「武術指南のお願い」の	MAP_D_CAD_00 167		
	クリア条件を満たした！			
168	「行方不明の従業員」の	MAP_D_CAD_00 168		
	クリア条件を満たした！			
169	「スキルチップ収集中」の	MAP_D_CAD_00 169		
	クリア条件を満たした！			
170	「盗難品の行方は」の	MAP_D_CAD_00 170		
	クリア条件を満たした！			
171	「資料集めのアシスタント」の	MAP_D_CAD_00 171		
	クリア条件を満たした！			
172	「河畔の生態系調査」の	MAP_D_CAD_00 172		
	クリア条件を満たした！			
173	「新人官吏を捕獲せよ」の	MAP_D_CAD_00 173		
	クリア条件を満たした！			
174	「黒い積荷の回収」の	MAP_D_CAD_00 174		
	クリア条件を満たした！			
175	「悪徳商売を抑止せよ」の	MAP_D_CAD_00 175		
	クリア条件を満たした！			
176	「新人ランカー襲撃事件」の	MAP_D_CAD_00 176		
	クリア条件を満たした！			
177	「優しい猛者、募集中」の	MAP_D_CAD_00 177		
	クリア条件を満たした！			
178	「異郷からきた尋ね人」の	MAP_D_CAD_00 178		
	クリア条件を満たした！			
179	「勇壮なる護衛の依頼」の	MAP_D_CAD_00 179		
	クリア条件を満たした！			
180	「赫の指環を求めて」の	MAP_D_CAD_00 180		
	クリア条件を満たした！			
181	「闘技場の害獣駆除」の	MAP_D_CAD_00 181		
	クリア条件を満たした！			
182	「回覧板配達人」の	MAP_D_CAD_00 182		
	クリア条件を満たした！			
183	「討伐修練【緊急】」の	MAP_D_CAD_00 183		
	クリア条件を満たした！			
184	「鉱物資源の収集【緊急】」の	MAP_D_CAD_00 184		
	クリア条件を満たした！			
185	「タリー石を探せ」の	MAP_D_CAD_00 185		
	クリア条件を満たした！			
186	「甘梅草を探せ」の	MAP_D_CAD_00 186		
	クリア条件を満たした！			
187	「衛兵の剣の没収」の	MAP_D_CAD_00 187		
	クリア条件を満たした！			
188	「衛兵の剣の返却」の	MAP_D_CAD_00 188		
	クリア条件を満たした！			
189	「森のイビノス駆除【重大】」の	MAP_D_CAD_00 189		
	クリア条件を満たした！			
190	「回廊のイビノス駆除【重大】」の	MAP_D_CAD_00 190		
	クリア条件を満たした！			
191	「七騎士認定修練【重大】」の	MAP_D_CAD_00 191		
	クリア条件を満たした！			
192	ガンドアが	MAP_D_CAD_00 192		
	トラベルマップで通行可能になりました			
193	ガンドアが	MAP_D_CAD_00 193		
	トラベルマップで通行不能になりました			
194	カンタレラが	MAP_D_CAD_00 194		
	トラベルマップで通行可能になりました			
195	カンタレラが	MAP_D_CAD_00 195		
	トラベルマップで通行不能になりました			
196	トーロ荒地が	MAP_D_CAD_00 196		
	トラベルマップで通行可能になりました			
197	トーロ荒地が	MAP_D_CAD_00 197		
	トラベルマップで通行不能になりました			
198	リブラ森林が	MAP_D_CAD_00 198		
	トラベルマップで通行可能になりました			
199	リブラ森林が	MAP_D_CAD_00 199		
	トラベルマップで通行不能になりました			
200	マイヤールの森が	MAP_D_CAD_00 200		
	トラベルマップで通行可能になりました			
201	マイヤールの森が	MAP_D_CAD_00 201		
	トラベルマップで通行不能になりました			
202	ベリエ街道が	MAP_D_CAD_00 202		
	トラベルマップで通行可能になりました			
203	ベリエ街道が	MAP_D_CAD_00 203		
	トラベルマップで通行不能になりました			
204	ドネイ回廊が	MAP_D_CAD_00 204		
	トラベルマップで通行可能になりました			
205	ドネイ回廊が	MAP_D_CAD_00 205		
	トラベルマップで通行不能になりました			
206	ウィルゴー砂漠が	MAP_D_CAD_00 206		
	トラベルマップで通行可能になりました			
207	ウィルゴー砂漠が	MAP_D_CAD_00 207		
	トラベルマップで通行不能になりました			
208	カドモール水源が	MAP_D_CAD_00 208		
	トラベルマップで通行可能になりました			
209	カドモール水源が	MAP_D_CAD_00 209		
	トラベルマップで通行不能になりました			
210	カルキノス荒地が	MAP_D_CAD_00 210		
	トラベルマップで通行可能になりました			
211	カルキノス荒地が	MAP_D_CAD_00 211		
	トラベルマップで通行不能になりました			
212	ラ・キット遺跡が	MAP_D_CAD_00 212		
	トラベルマップで通行可能になりました			
213	ラ・キット遺跡が	MAP_D_CAD_00 213		
	トラベルマップで通行不能になりました			
214	レオン峡谷が	MAP_D_CAD_00 214		
	トラベルマップで通行可能になりました			
215	レオン峡谷が	MAP_D_CAD_00 215		
	トラベルマップで通行不能になりました			
216	ソダー回廊が	MAP_D_CAD_00 216		
	トラベルマップで通行可能になりました			
217	ソダー回廊が	MAP_D_CAD_00 217		
	トラベルマップで通行不能になりました			
218	ニシュラ氷河が	MAP_D_CAD_00 218		
	トラベルマップで通行可能になりました			
219	ニシュラ氷河が	MAP_D_CAD_00 219		
	トラベルマップで通行不能になりました			
220	いにしえの回廊が	MAP_D_CAD_00 220		
	トラベルマップで通行可能になりました			
221	いにしえの回廊が	MAP_D_CAD_00 221		
	トラベルマップで通行不能になりました			
222	フィッシェ街道が	MAP_D_CAD_00 222		
	トラベルマップで通行可能になりました			
223	フィッシェ街道が	MAP_D_CAD_00 223		
	トラベルマップで通行不能になりました			
224	レゾナール海岸が	MAP_D_CAD_00 224		
	トラベルマップで通行可能になりました			
225	レゾナール海岸が	MAP_D_CAD_00 225		
	トラベルマップで通行不能になりました			
226	ケイロニア高原が	MAP_D_CAD_00 226		
	トラベルマップで通行可能になりました			
227	ケイロニア高原が	MAP_D_CAD_00 227		
	トラベルマップで通行不能になりました			
228	ケイロニア砦が	MAP_D_CAD_00 228		
	トラベルマップで通行可能になりました			
229	ケイロニア砦が	MAP_D_CAD_00 229		
	トラベルマップで通行不能になりました			
230	サルバトーレ離宮が	MAP_D_CAD_00 230		
	トラベルマップで通行可能になりました			
231	サルバトーレ離宮が	MAP_D_CAD_00 231		
	トラベルマップで通行不能になりました			
232	リストにないよ？	MAP_D_CAD_00 147		
				
237	func00_C_EVENT_START1	MAP_D_CAD_00 233		
240	func00_C_EVENT_START2	MAP_D_CAD_00 238		
250	残念！	Too bad, but this is as far as you go!		
	あなたもここで			
	おわりですよ！			
256	ぐひっ…！	Damn! I...have to...report this...		
	報告…しなくては…			
	なりませんねぇ…			
259	失敗だ	This is a failure. A total failure.		
	大失敗だ…		X	
	レンに説得されて	Even though the Anti persuaded Ren to join them,		
	アンチになったのに…		X	
	やっぱり機構には	they were still no match for the Legion's might.		
	かなわない…		X	
	おれのダチもみんな	My friends are all dead.		
	やられちまった		X	
	機構は本気だぜ…	The Legion is serious.	X	
	レンの奴…	Did Ren lure us out here knowing this would happen?		
	勝算もなくおれたちを			
	誘ったのか…			
263	レンはどこだ？	Where's Ren?		
266	知るかよ…	How should I know?		
267	func00_C_EVENT_END1	MAP_D_CAD_00 372		
269	func00_C_EVENT_END2	MAP_D_CAD_00 377		
270	func00_C_EVENT_START1	MAP_D_CAD_00 233		
273	func00_C_EVENT_START2	MAP_D_CAD_00 238		
279	おまえはたしか…	You're Zig, right?		
	たしか、ジグだよな？		X	
	おまえが裏切り者って	Aren't you that traitor everyone's talking about?		
	ことはないよな？			
286	どういう意味だ？	What do you mean?		
290	レンの作戦が機構側に	Someone leaked Ren's plans to the Legion,		
	もれていたんだ…		X	
	先回り…されたのさ	so the Legion knew exactly what the Anti were up to.	X	
	そうじゃなけりゃ	Had her plan not leaked, this disaster wouldn't have happened.		
	こんなにボロ負けは			
	しないよ…		X	
	レンと仲間たちは	Ren and her allies were asking anyone and everyone for help without vetting them.		
	誰彼かまわず			
	声をかけていたからな…		X	
	ありゃ、人を	She trusts people too much.		
	信じすぎだ…			
301	func00_C_EVENT_END1	MAP_D_CAD_00 372		
302	func00_C_EVENT_END2	MAP_D_CAD_00 377		
303	movie/EV03_08_1000A.pmf			
304	func00_C_EVENT_START1	MAP_D_CAD_00 233		
306	func00_C_EVENT_START2	MAP_D_CAD_00 238		
307	なんと声をかけますか？	What will you say?		
308	レン、落ち着け	Ren, calm down.		
309	もうやめろ、ファズ	Stop it, Faz.		
312	answer = 	MAP_D_KHI_00 436		
314	func00_C_EVENT_END1	MAP_D_CAD_00 372		
316	func00_C_EVENT_END2	MAP_D_CAD_00 377		
317	func00_C_EVENT_START1	MAP_D_CAD_00 233		
319	func00_C_EVENT_START2	MAP_D_CAD_00 238		
322	ジグ…さん？			
326	レン、落ち着け…			
330	あなたは…			
	どちらの味方ですか！？			
332	おれは…	MAP_D_CAN_00 722		
335	…………	MAP_D_CAD_00 242		
338	立場の違いは			
	あるんだろう…			
341	憎しみだって			
	あるんだろう…			
345	でも、ふたりとも			
	おれの…友人だ			
350	そうですか…		X	
	これがあなたの			
	友情の証…		X	
	ならば、わかるでしょう？			
355	わたしも仲間たちに			
	見せなくてはなりません！		X	
	友情の証…			
	親愛の証…		X	
	わたしを信じて			
	その男に殺された			
	仲間たちへ！			
358	ジグさんが、じゃまを			
	すると言うのなら…			
364	func00_C_EVENT_END1	MAP_D_CAD_00 372		
365	func00_C_EVENT_END2	MAP_D_CAD_00 377		
366	func00_C_EVENT_START1	MAP_D_CAD_00 233		
369	func00_C_EVENT_START2	MAP_D_CAD_00 238		
371	まだまだ…			
377	もうやめろ！			
380	いやです！			
395	あとはまかせろ			
407	はなしてください！			
	屈辱です！			
412	ファズ…	MAP_D_DOU_03 619		
414	おれはおまえを殺さねば			
	ならない			
419	だから…やる			
	何度でも…			
422	何度でも…か		X	
	おれも何度でも言う		X	
	おれはカンタレラを			
	裏切ったりはしていない			
425	そんなことは			
	どうでもいい！			
429	だったらなぜ！			
432	ジグ{17}02			
439	知るか！			
442	func00_C_EVENT_END1	MAP_D_CAD_00 372		
445	func00_C_EVENT_END2	MAP_D_CAD_00 377		
446	func00_C_EVENT_START1	MAP_D_CAD_00 233		
450	func00_C_EVENT_START2	MAP_D_CAD_00 238		
453	ジグ…助けてくれ…			
463	func00_C_EVENT_END1	MAP_D_CAD_00 372		
464	func00_C_EVENT_END2	MAP_D_CAD_00 377		
465	func00_C_EVENT_START1	MAP_D_CAD_00 233		
467	func00_C_EVENT_START2	MAP_D_CAD_00 238		
469	邪魔しやがって…	Don't butt in.		
473	ふたりともおれの…	You two are my...		
477	おれの、なんだ？	Your what? Are you going to say "friends"?		
	親友だとでも言うのか？			
479	ああ…	Yeah.		
482	だから立場はどうあれ	I don't want you to kill each other.		
	殺し合ってほしくない			
486	おれが思う親友と	I always thought of you as a friend, but it seems you thought differently.		
	おまえのはずいぶんと			
	ちがうらしい…			
489	ファズ…	Faz...		
495	今のおまえは	As far as I'm concerned, you're just a traitor.		
	おれにとって…		X	
	死に値する裏切り者だ	You're dead to me.		
497	ファズ…	Faz, who told you I betrayed Cantelera,		
	誰に何を言われたんだ？		X	
	そいつの言葉は	and why do you believe him over—?		
	おれの言葉よりも{17}02			
501	だまれ！	Shut up!		
504	func00_C_EVENT_END1	MAP_D_CAD_00 372		
506	func00_C_EVENT_END2	MAP_D_CAD_00 377		
507	func00_C_EVENT_START1	MAP_D_CAD_00 233		
511	func00_C_EVENT_START2	MAP_D_CAD_00 238		
513	おれは…負けられない…	I...can't lose.		
520	あなたが憎くてたまらない…	I hate you so much that I can't even put it into words,	X	
	でも…	but...		
524	あなたはカンタレラの	You're a survivor of Cantelera,		
	生き残りです		X	
	だから、やっぱり	so I can't kill you, no matter how much I want to.		
	殺すわけにはいかない…			
528	レン…	Ren...		
531	悔しい…	This is so frustrating.		
538	ファズ…	Faz...		
540	おれはおまえを殺さねば	I have to kill you.		
	ならない			
545	だから…やる	No matter how many times it takes.		
	何度でも…			
548	何度でも…か	No matter how many times it takes?	X	
	おれも何度でも言う	Then I'll say it no matter how many times it takes.	X	
	おれはカンタレラを	I didn't betray Cantelera.		
	裏切ったりはしていない			
551	そんなことは	It doesn't matter whether you did or didn't!		
	どうでもいい！			
555	だったらなぜ！	Then why!?		
558	ジグ{17}02	Zig,		
565	知るか！	I don't even know anymore!		
571	ジグ…助けてくれ…	Zig, help me...		
581	func00_C_EVENT_END1	MAP_D_CAD_00 372		
583	func00_C_EVENT_END2	MAP_D_CAD_00 377		
584	func00_B_EVENT_START1	MAP_D_CAD_00 459		
591	func00_B_EVENT_START2	MAP_D_CAD_00 465		
598	みんな…	Everyone		X
601	わたしをしたって…	loved me.		X
602	したってくれたばかりに	They were doing it only for me,		X
603	死んでしまった…	and now they're dead		X
605	わたしの言葉を…	because they trusted me,		X
606	わたしを信じたから…	because they believed in me.		X
609	やっぱり	As I thought,		X
610	ファズの力を借りるのは…	getting Faz to lend us his power.		X
611	難しいみたいだね	won't be so easy.		X
612	いや…	No,		X
613	ファズは好きで	Faz isn't the type of person.		X
614	戦っているわけじゃない	who likes fighting.		X
616	あいつには…	We have to.		X
617	助けが必要だ	help him.		X
618	だったら…	If that's true, then.		X
619	わたしたちでなんとかしてあげようよ	we'll do whatever it takes to get him the help he needs.		X
620	ああ	Yeah.		X
621	func00_B_EVENT_END1	MAP_D_CAD_00 522		
642	func00_B_EVENT_END2	MAP_D_CAD_00 527		
643	func00_C_EVENT_START1	MAP_D_CAD_00 233		
645	func00_C_EVENT_START2	MAP_D_CAD_00 238		
648	きれいな海ですね…	The sea is beautiful.		
651	ああ？	I suppose?		
654	この海、絶海にされたら	I couldn't forgive myself if this sea became a Sea of Tears.		
	たまらないですよね…			
656	そうだな	Me neither.		
660	それにはファズさんの	We need Faz's power to prevent that from happening, don't we?		
	力が必要なんですよね？			
663	レン…	Ren...		
665	わかっています	I understand that,	X	
	でも、仲良くしろなんて	but don't tell me I have to get along with him.		
	言わないでくださいね			
668	あら？	Huh?		
674	わたしたちも	We should see what's going on.		
	行きましょう			
677	func00_C_EVENT_END1	MAP_D_CAD_00 372		
679	func00_C_EVENT_END2	MAP_D_CAD_00 377		
680	func00_C_EVENT_START1	MAP_D_CAD_00 233		
682	func00_C_EVENT_START2	MAP_D_CAD_00 238		
685	ユーリの居場所が	I"ve found out where Yuri is.		
	わかったんだ		X	
	あいつは	He's in [Fort Keronia].		
	【ケイロニア砦】にいる		X	
	砦は【レオン峡谷】を	It's beyond [Leon Canyon].		
	抜けた先だ			
695	ファズもそこに？	Is Faz there, too?		
699	なんとも言えない…	Couldn't tell you,	X	
	でも、番犬は飼い主の	but doesn't it stand to reason that a dog would be near its master?		
	側にいるものだろう？			
705	ああ、ごめん	Oh, sorry.		
710	よーし、さっさと	Right! Let's get going.		
	行こうぜえ			
712	ちょっと待って…	Wait a minute.		
719	向こうへ行ったら	If you head there immediately, you're going to have to fight again.		
	またすぐに戦闘よ？		X	
	みんな、疲れや装備は	Wouldn't it be better for everyone to rest and equip themselves first?		
	だいじょうぶ？			
722	なんとかなろーが！	We'll manage somehow!		
725	ダメよ	Wrong answer.	X	
	これまで以上に	This will be the toughest battle we've fought yet.		
	きびしい戦闘になるわ		X	
	慎重に行動しましょう	We need to exercise caution.		
735	そうだね	You're right. We'd better take her suggestion.		
	じゃあ、こうしよう		X	
	各自、必要なことを	Once we're prepared, let's meet at the station.		
	済ませたら駅に集合だ		X	
	駅は【レオン峡谷】に	The station is at [Leon Canyon]. Check your map if you've forgotten where it is.		
	あるから地図で			
	確認してくれ			
747	チッ、わーったよ	Fine. I get it.		
755	イビノスでも見つけて	I'll go crush some ibinos to kill time.		
	時間をつぶすか…			
762	ジグさん	Until then, Zig!		
	では、後で！			
768	おれは一気に	I wanted to go right away...		
	行きたかったけどな…			
770	func00_C_EVENT_END1	MAP_D_CAD_00 372		
771	func00_C_EVENT_END2	MAP_D_CAD_00 377		
773	func00_D_EVENT_START1	MAP_D_CAN_00 376		
774	func00_D_EVENT_START2	MAP_D_CAN_00 377		
776	準備が整ったら			
	【レオン峡谷】の駅に			
	集合だぞ			
777	func00_D_EVENT_END1	MAP_D_CAN_00 378		
778	func00_D_EVENT_END2	MAP_D_CAN_00 379		
779	func00_E_EVENT_START1	MAP_D_CAD_00 415		
783	func00_E_EVENT_START2	MAP_D_CAD_00 417		
786	え、ジグさん！？	MAP_D_CAN_04 611		
	まさか修練を受けにきた			
	なんてことは…			
790	どんな修練だ？	MAP_D_CAD_00 912		
794	ある花を探してほしくて	MAP_D_CAN_04 619		
	植物に詳しい人を			
	募っているんです			
796	修練「追想の白い花」	MAP_D_CAN_04 621		
	に参加しますか？			
797	参加する	MAP_D_CAD_00 919		
798	参加しない	MAP_D_CAD_00 920		
803	うわー…	MAP_D_CAN_04 628		
	七騎士が何してるんですか			
	レンさんに言いますよ？			
806	…………	MAP_D_CAD_00 242		
809	そ、そんなすねた顔	MAP_D_CAN_04 634		
	しないでください！			
811	わたしはいいと思いますよ	MAP_D_CAN_04 636		
	修練受ける七騎士！			
813	…有事の場合で	MAP_D_CAN_04 638		
	なければですけど			
817	わるかったな	MAP_D_CAN_04 642		
821	でも、この修練は	MAP_D_CAN_04 646		
	ジグさんに受けてもらえて			
	正解だったかも			
825	どういうことだ？	MAP_D_CAN_04 650		
829	…最後の戦いに	MAP_D_CAN_04 654		
	なりそうじゃないですか			
831	だから、仲間に報告をして	MAP_D_CAN_04 656		
	レンさんを守って			
	もらわなくちゃって			
835	それに花が	MAP_D_CAN_04 660		
	関係あるのか？			
839	鈍いなぁ、ジグさんは	MAP_D_CAN_04 664		
841	仲間っていうのは…	MAP_D_CAN_04 666		
	先に逝った子たちです			
	手向けの花がいるんです			
845	【クロリスの花】って	MAP_D_CAN_04 670		
	知ってます？			
847	昔、わたしたちが	MAP_D_CAN_04 672		
	住んでた屋敷で			
	育てていた花なんです			
849	とてもキレイなんです	MAP_D_CAN_04 674		
	わたしも、みんなも			
	レンさんも大好きでした			
851	それを	MAP_D_CAN_04 676		
	手向けたいんですけど			
853	お屋敷にももうないし	MAP_D_CAN_04 678		
	野生だとどこに生えてるか			
	わからないし…			
855	お手上げだったんで	MAP_D_CAN_04 680		
	依頼を出したんです			
859	その花の特徴は？	MAP_D_CAN_04 684		
863	白くて、小さい花が	MAP_D_CAN_04 688		
	いくつかついています			
	香りは弱いかな			
865	寒さにすごく強くて	MAP_D_CAN_04 690		
	元々は雪の中で育つ花だと			
	聞いたことがあります			
867	さすがに氷河や	MAP_D_CAN_04 692		
	人工物の上では			
	無理でしょうけど…			
869	…探してくれるんですか？	MAP_D_CAN_04 694		
873	…まあな	MAP_D_CAD_04 751		
877	ほんと無愛想だなぁ…	MAP_D_CAN_04 702		
	もちろん、気持ちは			
	嬉しいですけどね！			
879	あ、でも、七騎士の仕事は	MAP_D_CAN_04 704		
	ちゃんとしてくださいよ			
881	レンさんを	MAP_D_CAN_04 706		
	一番近くで守れるのは			
	ジグさんなんですから！			
883	func00_E_EVENT_END1	MAP_D_CAD_00 424		
885	func00_E_EVENT_END2	MAP_D_CAD_00 425		
888	ですよね！	MAP_D_CAN_04 713		
	七騎士が一般の修練を			
	受けるわけないですよ			
890	func00_E_EVENT_END1	MAP_D_CAD_00 424		
891	func00_E_EVENT_END2	MAP_D_CAD_00 425		
892	func00_E_EVENT_START1	MAP_D_CAD_00 415		
894	func00_E_EVENT_START2	MAP_D_CAD_00 417		
896	白い花…	MAP_D_CAN_04 721		
	いくつか花がついていて…			
	あまりにおわない			
898	これか？	MAP_D_CAN_04 723		
	クロリスの花って			
902	func00_E_EVENT_END1	MAP_D_CAD_00 424		
903	func00_E_EVENT_END2	MAP_D_CAD_00 425		
904	func00_E_EVENT_START1	MAP_D_CAD_00 415		
908	func00_E_EVENT_START2	MAP_D_CAD_00 417		
911	あ、それ！	MAP_D_CAN_04 736		
	クロリスの花！！			
916	ジグさんすごい！	MAP_D_CAN_04 741		
918	花なんてたくさんあるのに	MAP_D_CAN_04 743		
	ちゃんとクロリスを			
	探し当てるなんて！			
922	まあな	MAP_D_CAN_04 747		
924	それよりも…	MAP_D_CAN_04 749		
	急いだ方がいい			
	花がしおれる			
928	そうですね	MAP_D_CAN_04 753		
	ジグさん、よかったら			
	一緒に来てください			
930	func00_E_EVENT_END1	MAP_D_CAD_00 424		
931	func00_E_EVENT_END2	MAP_D_CAD_00 425		
932	修練１７フラグは	MAP_D_CAN_04 757		
934	func00_E_EVENT_START1	MAP_D_CAD_00 415		
939	func00_E_EVENT_START2	MAP_D_CAD_00 417		
941	わたしたちは	MAP_D_CAN_04 766		
	小さい頃からレンさんと			
	すごしてきました			
943	レンさんはわたしたちの	MAP_D_CAN_04 768		
	大切なお姫様で			
	大切なお友達です			
945	レンさんは強い人だけど	MAP_D_CAN_04 770		
	いつもそうしていられる			
	わけじゃない…			
947	そんなレンさんを	MAP_D_CAN_04 772		
	守っていこうと			
	みんな誓ったんです			
951	…なんて言っても	MAP_D_CAN_04 776		
	もう実力じゃどうにも			
	ならないんですけどね			
953	それでも…	MAP_D_CAN_04 778		
955	「レンさんの心の支え」は	MAP_D_CAN_04 780		
	まだまだジグさんに			
	ゆずりませんから！			
959	…ああ	MAP_D_CAN_04 784		
963	みんな…	MAP_D_CAN_04 788		
	レンさんの大舞台			
	見守っていてね			
965	この戦いを越えて	MAP_D_CAN_04 790		
	本当に平和な世界がきて			
967	みんなが、安らかに	MAP_D_CAN_04 792		
	眠れますように…			
968	func00_E_EVENT_END1	MAP_D_CAD_00 424		
969	func00_E_EVENT_END2	MAP_D_CAD_00 425		
970	func00_E_EVENT_START1	MAP_D_CAD_00 415		
976	func00_E_EVENT_START2	MAP_D_CAD_00 417		
979	ジグさん、おつきあい	MAP_D_CAN_04 804		
	ありがとうございました			
981	これ、報奨です	MAP_D_CAN_04 806		
	忘れてたわけじゃ			
	ないですからね			
986	じゃ、わたし行きます	MAP_D_CAN_04 811		
988	動ける仲間は減ったけれど	MAP_D_CAN_04 813		
	まだまだできることは			
	ありますからね！			
990	レンさんと…	MAP_D_CAN_04 815		
	ジグさんのピンチにも			
	きっと駆けつけます！			
994	心強いな	MAP_D_CAN_04 819		
998	ええっ！？	MAP_D_CAN_04 823		
	そんな言葉、いつもの			
	ジグさんじゃない！			
1000	雨降る前に退散だっ！	MAP_D_CAN_04 825		
	ごきげんよう、ジグさん			
1004	func00_E_EVENT_END1	MAP_D_CAD_00 424		
1006	func00_E_EVENT_END2	MAP_D_CAD_00 425		
1007	シーン初期化	MAP_D_CAD_00 1232		
				
1008	オブジェクト配置	MAP_D_CAD_00 1233		
				
1010	オブジェクトトラップ配置	MAP_D_CAD_00 1235		
				
1011	マップチェンジトラップ配置	MAP_D_CAD_00 1236		
				
1021	ＮＰＣ配置	MAP_D_CAD_00 1248		
				
1022	イベントトラップ配置	MAP_D_CAD_00 1413		
				
1039	ロケタイ	MAP_D_DOU_00 610		
