0	■■■ func00_DEBUG_SIGN ■■■	MAP_D_CAD_00 0	
			
1	！！！エラー検出用サブルーチンを通りました！！！	MAP_D_CAD_00 1	
			
2	イビノスシンボル配置しない。フラグ：	MAP_D_CAD_00 2	
4	イビノスシンボル配置する。フラグ：	MAP_D_CAD_00 4	
7	ランカーファイル情報更新	MAP_D_CAD_00 7	
			
8	->旧:	MAP_D_CAD_00 8	
9	 追加:	MAP_D_CAD_00 9	
10	 結果:	MAP_D_CAD_00 10	
12	ランク:	MAP_D_CAD_00 12	
15	ランカー戦勝利・戻り値：	MAP_D_CAD_00 15	
17	ランキング戦を申し込みますか？	MAP_D_CAD_00 17	
18	申し込む	MAP_D_CAD_00 18	
19	やめておく	MAP_D_CAD_00 19	
22	イビノスシンボル倒した。フラグON：	MAP_D_CAD_00 22	
25	イビノス戦：イベント終了？	MAP_D_CAD_00 25	
			
26	スクリプト：未知のモーションタイプが指定されました	MAP_D_CAD_00 26	
			
33	***振り向き判定ＰＣ***	MAP_D_CAD_00 33	
			
34	現在:cmn_r0:	MAP_D_CAD_00 34	
36	目標:cmn_r1:	MAP_D_CAD_00 36	
38	差分:cmn_r2:	MAP_D_CAD_00 38	
40	差分＾２:cmn_r3:	MAP_D_CAD_00 40	
42	閾値＾２:cmn_r4:	MAP_D_CAD_00 42	
44	->pc振り向きません	MAP_D_CAD_00 44	
			
45	->pc振り向きます	MAP_D_CAD_00 45	
			
47	***振り向き判定***	MAP_D_CAD_00 47	
			
48	現在:cmn_r0:	MAP_D_CAD_00 34	
50	目標:cmn_r1:	MAP_D_CAD_00 36	
52	差分:cmn_r2:	MAP_D_CAD_00 38	
54	差分＾２:cmn_r3:	MAP_D_CAD_00 40	
56	閾値＾２:cmn_r4:	MAP_D_CAD_00 42	
58	->npc振り向きません	MAP_D_CAD_00 58	
			
59	->npc振り向きます	MAP_D_CAD_00 59	
			
63	ロード待ち開始	MAP_D_CAD_00 63	
			
64	ロード待ち終了	MAP_D_CAD_00 64	
			
65	{15}0C{14}L00000000を	MAP_D_CAD_00 65	
	手に入れた		
66	{15}0E{14}L00000000を	MAP_D_CAD_00 66	
	手に入れた		
67	{15}0F{14}L00000000を	MAP_D_CAD_00 67	
	手に入れた		
68	{15}0D{14}L00000000を	MAP_D_CAD_00 68	
	手に入れた		
69	{15}10{14}L00000000を	MAP_D_CAD_00 69	
	手に入れた		
70	{15}12{14}L00000000を	MAP_D_CAD_00 70	
	手に入れた		
71	{15}11{14}L00000000を	MAP_D_CAD_00 71	
	手に入れた		
72	{15}13{14}L00000000を{1d}L00000001個	MAP_D_CAD_00 72	
	手に入れた		
73	{15}14{14}L00000000を{1d}L00000001個	MAP_D_CAD_00 73	
	手に入れた		
74	{15}14{14}L00000000を	MAP_D_CAD_00 74	
	手に入れた		
75	{15}1B{14}L00000000を	MAP_D_CAD_00 75	
	手に入れた		
76	{14}L00000000を	MAP_D_CAD_00 76	
	手に入れた		
77	{1d}L00000000Ｂを手に入れた	MAP_D_CAD_00 77	
			
78	num_calc：	MAP_D_CAD_00 78	
80	{15}0C{14}L00000000を	MAP_D_CAD_00 80	
	手渡した		
81	{15}0E{14}L00000000を	MAP_D_CAD_00 81	
	手渡した		
82	{15}0F{14}L00000000を	MAP_D_CAD_00 82	
	手渡した		
83	{15}0D{14}L00000000を	MAP_D_CAD_00 83	
	手渡した		
84	{15}10{14}L00000000を	MAP_D_CAD_00 84	
	手渡した		
85	{15}12{14}L00000000を	MAP_D_CAD_00 85	
	手渡した		
86	{15}11{14}L00000000を	MAP_D_CAD_00 86	
	手渡した		
87	{15}13{14}L00000000を{1d}L00000001個	MAP_D_CAD_00 87	
	手渡した		
88	{15}14{14}L00000000を{1d}L00000001個	MAP_D_CAD_00 88	
	手渡した		
89	{15}14{14}L00000000を	MAP_D_CAD_00 89	
	手渡した		
90	{15}1B{14}L00000000を	MAP_D_CAD_00 90	
	手渡した		
91	{14}L00000000を	MAP_D_CAD_00 91	
	手渡した		
			
92	■■ret0■■：	MAP_D_CAD_00 92	
96	■■ret■■：	MAP_D_CAD_00 96	
98	cmn_option:	MAP_D_CAD_00 98	
106	セーブポイント	MAP_D_CAD_00 106	
107	データ削除ユーティリティを起動します	MAP_D_CAD_00 107	
	ゲームプレイデータのセーブには		
	{1d}L00000001KB以上の空き容量が必要です		
108	ネックタイプ：	MAP_D_CAD_00 108	
110	首の初期化	MAP_D_CAD_00 110	
			
111	ネックタイプ：	MAP_D_CAD_00 108	
115	大橋が	MAP_D_CAD_00 115	
	トラベルマップで使用可能になりました		
116	下区：商業区が	MAP_D_CAD_00 116	
	トラベルマップで使用可能になりました		
117	下区：ランカー居住区が	MAP_D_CAD_00 117	
	トラベルマップで使用可能になりました		
118	下区：闘技場前が	MAP_D_CAD_00 118	
	トラベルマップで使用可能になりました		
119	タイロン租界が	MAP_D_CAD_00 119	
	トラベルマップで使用可能になりました		
120	バザルタ出張所前が	MAP_D_CAD_00 120	
	トラベルマップで使用可能になりました		
121	上区：噴水広場前が	MAP_D_CAD_00 121	
	トラベルマップで使用可能になりました		
122	バザルタ本部前が	MAP_D_CAD_00 122	
	トラベルマップで使用可能になりました		
123	フラグ・フィールド：	MAP_D_CAD_00 123	
125	フラグ・フィールド：	MAP_D_CAD_00 123	
127	ガンドアが	MAP_D_CAD_00 127	
	トラベルマップで使用可能になりました		
128	カンタレラが	MAP_D_CAD_00 128	
	トラベルマップで使用可能になりました		
129	トーロ荒地が	MAP_D_CAD_00 129	
	トラベルマップで使用可能になりました		
130	リブラ森林が	MAP_D_CAD_00 130	
	トラベルマップで使用可能になりました		
131	マイヤールの森が	MAP_D_CAD_00 131	
	トラベルマップで使用可能になりました		
132	ベリエ街道が	MAP_D_CAD_00 132	
	トラベルマップで使用可能になりました		
133	ドネイ回廊が	MAP_D_CAD_00 133	
	トラベルマップで使用可能になりました		
134	ウィルゴー砂漠が	MAP_D_CAD_00 134	
	トラベルマップで使用可能になりました		
135	カドモール水源が	MAP_D_CAD_00 135	
	トラベルマップで使用可能になりました		
136	カルキノス荒地が	MAP_D_CAD_00 136	
	トラベルマップで使用可能になりました		
137	ラ・キット遺跡が	MAP_D_CAD_00 137	
	トラベルマップで使用可能になりました		
138	レオン峡谷が	MAP_D_CAD_00 138	
	トラベルマップで使用可能になりました		
139	ソダー回廊が	MAP_D_CAD_00 139	
	トラベルマップで使用可能になりました		
140	ニシュラ氷河が	MAP_D_CAD_00 140	
	トラベルマップで使用可能になりました		
141	いにしえの回廊が	MAP_D_CAD_00 141	
	トラベルマップで使用可能になりました		
142	フィッシェ街道が	MAP_D_CAD_00 142	
	トラベルマップで使用可能になりました		
143	レゾナール海岸が	MAP_D_CAD_00 143	
	トラベルマップで使用可能になりました		
144	ケイロニア高原が	MAP_D_CAD_00 144	
	トラベルマップで使用可能になりました		
145	ケイロニア砦が	MAP_D_CAD_00 145	
	トラベルマップで使用可能になりました		
146	サルバトーレ離宮が	MAP_D_CAD_00 146	
	トラベルマップで使用可能になりました		
147	リストにないよ？	MAP_D_CAD_00 147	
			
148	_case:	MAP_D_CAD_00 148	
151	「討伐修練【低位１】」の	MAP_D_CAD_00 151	
	クリア条件を満たした！		
152	「討伐修練【低位２】」の	MAP_D_CAD_00 152	
	クリア条件を満たした！		
153	「討伐修練【低位３】」の	MAP_D_CAD_00 153	
	クリア条件を満たした！		
154	「討伐修練【低位４】」の	MAP_D_CAD_00 154	
	クリア条件を満たした！		
155	「討伐修練【低位５】」の	MAP_D_CAD_00 155	
	クリア条件を満たした！		
156	「討伐修練【中位１】」の	MAP_D_CAD_00 156	
	クリア条件を満たした！		
157	「討伐修練【中位２】」の	MAP_D_CAD_00 157	
	クリア条件を満たした！		
158	「討伐修練【高位１】」の	MAP_D_CAD_00 158	
	クリア条件を満たした！		
159	「討伐修練【高位２】」の	MAP_D_CAD_00 159	
	クリア条件を満たした！		
160	「薬草探しの代理人」の	MAP_D_CAD_00 160	
	クリア条件を満たした！		
161	「新商品開発の手伝い」の	MAP_D_CAD_00 161	
	クリア条件を満たした！		
162	「蒼の指環を求めて」の	MAP_D_CAD_00 162	
	クリア条件を満たした！		
163	「雪中の贈り物」の	MAP_D_CAD_00 163	
	クリア条件を満たした！		
164	「加護あることを祈って」の	MAP_D_CAD_00 164	
	クリア条件を満たした！		
165	「追想の白い花」の	MAP_D_CAD_00 165	
	クリア条件を満たした！		
166	「来れ、好運の使者！」の	MAP_D_CAD_00 166	
	クリア条件を満たした！		
167	「武術指南のお願い」の	MAP_D_CAD_00 167	
	クリア条件を満たした！		
168	「行方不明の従業員」の	MAP_D_CAD_00 168	
	クリア条件を満たした！		
169	「スキルチップ収集中」の	MAP_D_CAD_00 169	
	クリア条件を満たした！		
170	「盗難品の行方は」の	MAP_D_CAD_00 170	
	クリア条件を満たした！		
171	「資料集めのアシスタント」の	MAP_D_CAD_00 171	
	クリア条件を満たした！		
172	「河畔の生態系調査」の	MAP_D_CAD_00 172	
	クリア条件を満たした！		
173	「新人官吏を捕獲せよ」の	MAP_D_CAD_00 173	
	クリア条件を満たした！		
174	「黒い積荷の回収」の	MAP_D_CAD_00 174	
	クリア条件を満たした！		
175	「悪徳商売を抑止せよ」の	MAP_D_CAD_00 175	
	クリア条件を満たした！		
176	「新人ランカー襲撃事件」の	MAP_D_CAD_00 176	
	クリア条件を満たした！		
177	「優しい猛者、募集中」の	MAP_D_CAD_00 177	
	クリア条件を満たした！		
178	「異郷からきた尋ね人」の	MAP_D_CAD_00 178	
	クリア条件を満たした！		
179	「勇壮なる護衛の依頼」の	MAP_D_CAD_00 179	
	クリア条件を満たした！		
180	「赫の指環を求めて」の	MAP_D_CAD_00 180	
	クリア条件を満たした！		
181	「闘技場の害獣駆除」の	MAP_D_CAD_00 181	
	クリア条件を満たした！		
182	「回覧板配達人」の	MAP_D_CAD_00 182	
	クリア条件を満たした！		
183	「討伐修練【緊急】」の	MAP_D_CAD_00 183	
	クリア条件を満たした！		
184	「鉱物資源の収集【緊急】」の	MAP_D_CAD_00 184	
	クリア条件を満たした！		
185	「タリー石を探せ」の	MAP_D_CAD_00 185	
	クリア条件を満たした！		
186	「甘梅草を探せ」の	MAP_D_CAD_00 186	
	クリア条件を満たした！		
187	「衛兵の剣の没収」の	MAP_D_CAD_00 187	
	クリア条件を満たした！		
188	「衛兵の剣の返却」の	MAP_D_CAD_00 188	
	クリア条件を満たした！		
189	「森のイビノス駆除【重大】」の	MAP_D_CAD_00 189	
	クリア条件を満たした！		
190	「回廊のイビノス駆除【重大】」の	MAP_D_CAD_00 190	
	クリア条件を満たした！		
191	「七騎士認定修練【重大】」の	MAP_D_CAD_00 191	
	クリア条件を満たした！		
192	ガンドアが	MAP_D_CAD_00 192	
	トラベルマップで通行可能になりました		
193	ガンドアが	MAP_D_CAD_00 193	
	トラベルマップで通行不能になりました		
194	カンタレラが	MAP_D_CAD_00 194	
	トラベルマップで通行可能になりました		
195	カンタレラが	MAP_D_CAD_00 195	
	トラベルマップで通行不能になりました		
196	トーロ荒地が	MAP_D_CAD_00 196	
	トラベルマップで通行可能になりました		
197	トーロ荒地が	MAP_D_CAD_00 197	
	トラベルマップで通行不能になりました		
198	リブラ森林が	MAP_D_CAD_00 198	
	トラベルマップで通行可能になりました		
199	リブラ森林が	MAP_D_CAD_00 199	
	トラベルマップで通行不能になりました		
200	マイヤールの森が	MAP_D_CAD_00 200	
	トラベルマップで通行可能になりました		
201	マイヤールの森が	MAP_D_CAD_00 201	
	トラベルマップで通行不能になりました		
202	ベリエ街道が	MAP_D_CAD_00 202	
	トラベルマップで通行可能になりました		
203	ベリエ街道が	MAP_D_CAD_00 203	
	トラベルマップで通行不能になりました		
204	ドネイ回廊が	MAP_D_CAD_00 204	
	トラベルマップで通行可能になりました		
205	ドネイ回廊が	MAP_D_CAD_00 205	
	トラベルマップで通行不能になりました		
206	ウィルゴー砂漠が	MAP_D_CAD_00 206	
	トラベルマップで通行可能になりました		
207	ウィルゴー砂漠が	MAP_D_CAD_00 207	
	トラベルマップで通行不能になりました		
208	カドモール水源が	MAP_D_CAD_00 208	
	トラベルマップで通行可能になりました		
209	カドモール水源が	MAP_D_CAD_00 209	
	トラベルマップで通行不能になりました		
210	カルキノス荒地が	MAP_D_CAD_00 210	
	トラベルマップで通行可能になりました		
211	カルキノス荒地が	MAP_D_CAD_00 211	
	トラベルマップで通行不能になりました		
212	ラ・キット遺跡が	MAP_D_CAD_00 212	
	トラベルマップで通行可能になりました		
213	ラ・キット遺跡が	MAP_D_CAD_00 213	
	トラベルマップで通行不能になりました		
214	レオン峡谷が	MAP_D_CAD_00 214	
	トラベルマップで通行可能になりました		
215	レオン峡谷が	MAP_D_CAD_00 215	
	トラベルマップで通行不能になりました		
216	ソダー回廊が	MAP_D_CAD_00 216	
	トラベルマップで通行可能になりました		
217	ソダー回廊が	MAP_D_CAD_00 217	
	トラベルマップで通行不能になりました		
218	ニシュラ氷河が	MAP_D_CAD_00 218	
	トラベルマップで通行可能になりました		
219	ニシュラ氷河が	MAP_D_CAD_00 219	
	トラベルマップで通行不能になりました		
220	いにしえの回廊が	MAP_D_CAD_00 220	
	トラベルマップで通行可能になりました		
221	いにしえの回廊が	MAP_D_CAD_00 221	
	トラベルマップで通行不能になりました		
222	フィッシェ街道が	MAP_D_CAD_00 222	
	トラベルマップで通行可能になりました		
223	フィッシェ街道が	MAP_D_CAD_00 223	
	トラベルマップで通行不能になりました		
224	レゾナール海岸が	MAP_D_CAD_00 224	
	トラベルマップで通行可能になりました		
225	レゾナール海岸が	MAP_D_CAD_00 225	
	トラベルマップで通行不能になりました		
226	ケイロニア高原が	MAP_D_CAD_00 226	
	トラベルマップで通行可能になりました		
227	ケイロニア高原が	MAP_D_CAD_00 227	
	トラベルマップで通行不能になりました		
228	ケイロニア砦が	MAP_D_CAD_00 228	
	トラベルマップで通行可能になりました		
229	ケイロニア砦が	MAP_D_CAD_00 229	
	トラベルマップで通行不能になりました		
230	サルバトーレ離宮が	MAP_D_CAD_00 230	
	トラベルマップで通行可能になりました		
231	サルバトーレ離宮が	MAP_D_CAD_00 231	
	トラベルマップで通行不能になりました		
232	リストにないよ？	MAP_D_CAD_00 147	
			
237	func00_E_EVENT_START1	MAP_D_CAD_00 415	
242	func00_E_EVENT_START2	MAP_D_CAD_00 417	
245	ここだね……	MAP_D_RIV_00 245	X
	【甘梅草】というのは		
	香水の原料でね……		X
	ほら、あっちからニオイが		
	漂ってくるよ		
249	func00_E_EVENT_END1	MAP_D_CAD_00 424	
252	func00_E_EVENT_END2	MAP_D_CAD_00 425	
253	func00_E_EVENT_START1	MAP_D_CAD_00 415	
254	func00_E_EVENT_START2	MAP_D_CAD_00 417	
255	func00_E_EVENT_END1	MAP_D_CAD_00 424	
256	func00_E_EVENT_END2	MAP_D_CAD_00 425	
257	func00_E_EVENT_START1	MAP_D_CAD_00 415	
262	func00_E_EVENT_START2	MAP_D_CAD_00 417	
264	ああ、ダメだ	MAP_D_RIV_00 264	
	ニオイに慣れちゃったよ		X
	あとは地道に		
	探すしかないね		
265	func00_E_EVENT_END1	MAP_D_CAD_00 424	
267	func00_E_EVENT_END2	MAP_D_CAD_00 425	
269	func00_B_EVENT_START1	MAP_D_CAD_00 459	
276	func00_B_EVENT_START2	MAP_D_CAD_00 465	
277	あーらあら…	MAP_D_RIV_00 277	
279	サルバトーレの	MAP_D_RIV_00 279	
281	レンが来ると思っていたのに	MAP_D_RIV_00 281	
285	まあ、仕方がないわね	MAP_D_RIV_00 285	
286	機会はいくらでもあるでしょうよ	MAP_D_RIV_00 286	
287	話が見えないな	MAP_D_RIV_00 287	
288	独り言よ	MAP_D_RIV_00 288	
289	そうか	MAP_D_KOU_01 561	
292	じゃあ、この【甘梅草】はおれがもらっていく	MAP_D_RIV_00 292	
293	ねえ、あなた、名前は？	MAP_D_RIV_00 293	
294	ジグだ	MAP_D_KOU_03 546	
295	ランクは…	MAP_D_RIV_00 295	
296	そう高くはないみたいね	MAP_D_RIV_00 296	
298	どう？	MAP_D_RIV_00 298	
299	せっかくだから	MAP_D_RIV_00 299	
	わたしと戦ってみない？		
300	勝つのは無理でも	MAP_D_RIV_00 300	
301	いいセンまで戦えたらランクを上げてもいいわ	MAP_D_RIV_00 301	
306	何様だ…	MAP_D_RIV_00 306	
307	あら、いやだ	MAP_D_RIV_00 307	
308	え！？　ノーマ？	MAP_D_RIV_00 308	
310	この人はノーマ	MAP_D_RIV_00 310	
311	七騎士のひとりだよ！	MAP_D_RIV_00 311	
314	…七騎士！？	MAP_D_RIV_00 314	
315	わたしを知らないなんて	MAP_D_RIV_00 315	
	困ったボーヤね		
316	どうする？	MAP_D_RIV_00 316	
	手加減するわよ		
317	ジグ、これはチャンスだ	MAP_D_RIV_00 317	
	七騎士の強さを知っておくといい		
318	そう…かもな	MAP_D_RIV_00 318	
320	その気になった？	MAP_D_RIV_00 320	
322	まあ	MAP_D_LUK_00 2515	
323	りりしい立ち姿！	MAP_D_RIV_00 323	
325	手加減無用だ	MAP_D_RIV_00 325	
333	func00_B_EVENT_END1	MAP_D_CAD_00 522	
339	func00_B_EVENT_END2	MAP_D_CAD_00 527	
340	func00_C_EVENT_START1	MAP_D_CAD_00 233	
346	func00_C_EVENT_START2	MAP_D_CAD_00 238	
349	あらま…もう終わり？	MAP_D_RIV_00 349	
353	くっ…	MAP_D_CAD_00 535	
358	ジグだったかしら？	MAP_D_RIV_00 358	
	負けたんだから、わたしの		
	イヌになってよね		
361	そ、そんな約束は	MAP_D_RIV_00 361	
	していませんが…		
366	約束？	MAP_D_RIV_00 366	
	この世は強さが正義よ		
	文句があるなら…		
370	とんでもありません！	MAP_D_RIV_00 370	
376	心配しなくていいのよ	MAP_D_RIV_00 376	
	別に何も要求しないわ		
379	ただ、あなたの顔を	MAP_D_RIV_00 379	
	見るたびに、心の中で		
	イヌと呼ぶだけ		
383	くそっ…	MAP_D_RIV_00 383	
387	アハハハハハ！	MAP_D_RIV_00 387	
393	func00_C_EVENT_END1	MAP_D_CAD_00 372	
399	func00_C_EVENT_END2	MAP_D_CAD_00 377	
403	func00_C_EVENT_START1	MAP_D_CAD_00 233	
409	func00_C_EVENT_START2	MAP_D_CAD_00 238	
412	この修練はノーマの	MAP_D_RIV_00 412	
	退屈しのぎだったのかな…		
	まったく七騎士ってのは…		
417	みんなああなのか？	MAP_D_RIV_00 417	
423	ロザ、ハース、ゼブリラ…	MAP_D_RIV_00 423	
	ユーリ、センゴクに		
	さっきのノーマ…		X
	全員が同じじゃないと		
	信じたいよ		
427	…………	MAP_D_CAD_00 242	
437	七騎士だろ？	MAP_D_RIV_00 437	
	６人しかいないぞ		
441	七騎士バルバロは	MAP_D_RIV_00 441	
	病気療養中で…		X
	うん、確かに		
	ひとつ空席がある…		
	つまり、チャンスだ		X
	まあ、七騎士になるための		
	ランキング戦はめったに		
	ないのが現実だけどね		
446	なあ、ジグ	MAP_D_RIV_00 446	X
	いつか七騎士になって		
	機構を改革してくれよな		
450	おれが？	MAP_D_RIV_00 450	
454	実は、それがわたしの	MAP_D_RIV_00 454	
	本当の夢だったりして		
457	…………	MAP_D_CAD_00 242	
460	ジグ…わたしは	MAP_D_RIV_00 460	
	きみに賭けたんだ		X
	ま、今のランクじゃ		
	どうしようもないけどね		X
	さあ、ガンドアへ帰ろう		
	明けても暮れても		
	修練修練！		
467	func00_C_EVENT_END1	MAP_D_CAD_00 372	
469	func00_C_EVENT_END2	MAP_D_CAD_00 377	
470	func00_C_EVENT_START1	MAP_D_CAD_00 233	
476	func00_C_EVENT_START2	MAP_D_CAD_00 238	
479	気をつけろ	MAP_D_RIV_00 479	
	そろそろだぞ		
481	はい	MAP_D_CAD_00 432	
482	func00_C_EVENT_END1	MAP_D_CAD_00 372	
484	func00_C_EVENT_END2	MAP_D_CAD_00 377	
485	func00_C_EVENT_START1	MAP_D_CAD_00 233	
494	func00_C_EVENT_START2	MAP_D_CAD_00 238	
496	誰かいます！	MAP_D_RIV_00 496	
501	名乗れ	MAP_D_RIV_00 501	
504	おれの名前も忘れたか	MAP_D_RIV_00 504	
510	ファズ！？	MAP_D_CAD_00 726	
514	バカなやつらだ	MAP_D_RIV_00 514	
	まんまとワナに		
	かかりやがった		
518	ワナ？	MAP_D_RIV_00 518	
	わたしたちを		
	だましたのですか！		
523	なるほど、ユーリの	MAP_D_RIV_00 523	
	言うとおりだ		
528	殺す前に必ず	MAP_D_RIV_00 528	
	ワナだと教えること…		
533	相手の悔しそうな顔が	MAP_D_RIV_00 533	
	たまらなく		
	愛おしくなるってな		
538	おれたちをおびき出して	MAP_D_RIV_00 538	
	殺すということか？		
544	おまえが来るとは	MAP_D_RIV_00 544	
	思ってなかったけどな		X
	でも、手間がはぶけた		X
	レンの次はジグ、おまえが		
	狙いだったからな		X
	ふたりとも		
	アンチ・バザルタの		
	回し者なんだろう？		
553	ちがう！	MAP_D_NIS_00 362	
557	あわれだな、ジグ	MAP_D_RIV_00 557	
	七騎士ユーリを		
	なめちゃいけない		X
	あの男は目と耳を		
	至るところに{17}02		
564	ファズ！	MAP_D_RIV_00 564	
	しゃべりすぎだ！		
568	チッ…	MAP_D_RIV_00 568	
572	やれ、ファズ	MAP_D_RIV_00 572	
574	というわけだ	MAP_D_RIV_00 574	
581	おまえほどのやつが	MAP_D_RIV_00 581	
	どうして他人の		
	いいなりなんだ？		
587	忘れたのか？	MAP_D_HEI_03 299	
	全部おまえのせいだよ！		
594	わたしが先！	MAP_D_RIV_00 594	
598	ふん！	MAP_D_NIS_04 775	
606	func00_C_EVENT_END1	MAP_D_CAD_00 372	
607	func00_C_EVENT_END2	MAP_D_CAD_00 377	
608	func00_C_EVENT_START1	MAP_D_CAD_00 233	
614	func00_C_EVENT_START2	MAP_D_CAD_00 238	
618	待て！	MAP_D_DOU_00 442	
624	func00_C_EVENT_END1	MAP_D_CAD_00 372	
626	func00_C_EVENT_END2	MAP_D_CAD_00 377	
627	func00_C_EVENT_START1	MAP_D_CAD_00 233	
631	func00_C_EVENT_START2	MAP_D_CAD_00 238	
635	ファズ…	MAP_D_RIV_00 635	X
	カンタレラの力を		
	必要としている		
	人たちがいる…		X
	その人たちと		
	会ってみないか？		X
	おれは何も知らないから…		X
	おれじゃダメなんだ…		
644	おれは…	MAP_D_CAN_00 722	
651	ファズ！	MAP_D_RIV_00 651	
	そいつらは後回しだ！		X
	急ぎガンドアへ戻れ！		
	ユーリ様がお呼びだ！		X
	アイツがアンチの		
	集合場所を吐いたんだ		
659	命拾いしたな、アンチども	MAP_D_RIV_00 659	X
	いや、集会とやらに		
	出るなら同じことか		
666	ファズ！	MAP_D_RIV_00 666	
	目を覚ませ！		
671	何度同じことを	MAP_D_RIV_00 671	
	言わせる気だ！		
680	後回しだなんて	MAP_D_RIV_00 680	
	バカにしないで！		
683	func00_C_EVENT_END1	MAP_D_CAD_00 372	
684	func00_C_EVENT_END2	MAP_D_CAD_00 377	
685	func00_C_EVENT_START1	MAP_D_CAD_00 233	
689	func00_C_EVENT_START2	MAP_D_CAD_00 238	
694	わたしはこのまま	MAP_D_RIV_00 694	
	カンタレラへ向かいます		X
	イゴリダたちに危機を		
	伝えなくてはなりません		
697	決めたのか？	MAP_D_RIV_00 697	
701	はい	MAP_D_RIV_00 701	X
	わたしは七騎士ノーマと		
	会う決意をしました		
	死ぬ覚悟もしました		X
	でも、それは全部		
	ワナだったんです		X
	しかも、ワナだと		
	知らせて		
	悔しがらせるなんて…		X
	こんなに愚弄されてまで		
	機構に従う理由が		
	見つかりません！		
714	それにあの	MAP_D_RIV_00 714	
	ファズという人…		X
	ユーリのイヌ！		
	許せません！		
716	func00_C_EVENT_END1	MAP_D_CAD_00 372	
717	func00_C_EVENT_END2	MAP_D_CAD_00 377	
719	func00_E_EVENT_START1	MAP_D_CAD_00 415	
723	func00_E_EVENT_START2	MAP_D_CAD_00 417	
726	あら、あなたもしかして	MAP_D_CAD_03 534	
	修練を受けにきてくれた		
	ランカーさん？		
730	どんな修練だ？	MAP_D_CAD_00 912	
734	新商品開発のための	MAP_D_CAD_03 542	
	素材を集めてほしいの		
736	修練「新商品開発の手伝い」	MAP_D_CAD_03 544	
	に参加しますか？		
737	参加する	MAP_D_CAD_00 919	
738	参加しない	MAP_D_CAD_00 920	
743	あらあらまあまあ！！	MAP_D_CAD_03 551	
	ありがたいわ！		
745	わたし、行商人のカウノ	MAP_D_CAD_03 553	
	今までにないような品を		
	発案・販売してるの		
749	今回の依頼は	MAP_D_CAD_03 557	
	新商品開発の手伝い		
	なんだよな？		
753	今回の依頼は	MAP_D_CAD_03 561	
	新商品開発の手伝い		
	…だったか？		
757	そうそう、そうなの！	MAP_D_CAD_03 565	
	今回は女性向けの		
	商品を考えているのよ		
759	ずばり…	MAP_D_CAD_03 567	
	クレイパック！！		
761	良質な泥を顔に塗って	MAP_D_CAD_03 569	
	お肌がツルツルに！		
	戦う女性にヒット確実よ		
765	おれには	MAP_D_CAD_03 573	
	よくわからない		
769	わたしにはわかるの！	MAP_D_CAD_03 577	
	これはもう大ヒットよ！		
771	ともかく、そんな事情で	MAP_D_CAD_03 579	
	試験用の泥を		
	集めてほしいの		
775	どんな泥がいいんだ？	MAP_D_CAD_03 583	
779	水辺の泥がいいわ	MAP_D_CAD_03 587	
	栄養豊富で		
	やわらかいからね		
781	カドモール水源	MAP_D_CAD_03 589	
	ベリエ街道		
	マイヤールの森…		
783	そのあたりが	MAP_D_CAD_03 591	
	いいんじゃないかしら		
785	全部もってきてくれると	MAP_D_CAD_03 593	
	すごく嬉しいけれど		
	どれか１つでもいいわ		
789	それじゃあ	MAP_D_CAD_03 597	
	よろしく頼んだわね！		
791	func00_E_EVENT_END1	MAP_D_CAD_00 424	
793	func00_E_EVENT_END2	MAP_D_CAD_00 425	
796	それは残念…	MAP_D_CAD_03 604	
	手が空いていたら		
	協力よろしくね		
798	func00_E_EVENT_END1	MAP_D_CAD_00 424	
799	func00_E_EVENT_END2	MAP_D_CAD_00 425	
800	func00_E_EVENT_START1	MAP_D_CAD_00 415	
801	func00_E_EVENT_START2	MAP_D_CAD_00 417	
804	これで肌が…	MAP_D_CAD_03 612	
	本当なのか？		
806	func00_E_EVENT_END1	MAP_D_CAD_00 424	
807	func00_E_EVENT_END2	MAP_D_CAD_00 425	
808	func00_E_EVENT_START1	MAP_D_CAD_00 415	
809	func00_E_EVENT_START2	MAP_D_CAD_00 417	
810	func00_E_EVENT_END1	MAP_D_CAD_00 424	
811	func00_E_EVENT_END2	MAP_D_CAD_00 425	
812	func00_E_EVENT_START1	MAP_D_CAD_00 415	
814	func00_E_EVENT_START2	MAP_D_CAD_00 417	
817	依頼の泥…だな	MAP_D_CAD_03 625	
819	func00_E_EVENT_END1	MAP_D_CAD_00 424	
820	func00_E_EVENT_END2	MAP_D_CAD_00 425	
821	func00_E_EVENT_START1	MAP_D_CAD_00 415	
822	func00_E_EVENT_START2	MAP_D_CAD_00 417	
823	func00_E_EVENT_END1	MAP_D_CAD_00 424	
824	func00_E_EVENT_END2	MAP_D_CAD_00 425	
825	func00_E_EVENT_START1	MAP_D_CAD_00 415	
827	func00_E_EVENT_START2	MAP_D_CAD_00 417	
830	泥って…	MAP_D_CAD_03 638	
	これでいいのか？		
832	func00_E_EVENT_END1	MAP_D_CAD_00 424	
833	func00_E_EVENT_END2	MAP_D_CAD_00 425	
834	func00_E_EVENT_START1	MAP_D_CAD_00 415	
835	func00_E_EVENT_START2	MAP_D_CAD_00 417	
836	func00_E_EVENT_END1	MAP_D_CAD_00 424	
837	func00_E_EVENT_END2	MAP_D_CAD_00 425	
840	それから	MAP_D_CAD_03 648	
	がんばってくれた分		
	お駄賃あげちゃうわ		
845	それから	MAP_D_CAD_03 648	
	がんばってくれた分		
	お駄賃あげちゃうわ		
854	…あ、そうそう	MAP_D_CAD_03 662	
	行商人のウルとトクトを		
	知ってるわよね？		
858	…たぶん	MAP_D_CAD_03 666	
	前に修練で会ったな		
862	やっぱりね	MAP_D_CAD_03 670	
	ふたりから近況報告で		
	あなたのこと聞いてるわ		
864	わたしたち、家族なの	MAP_D_CAD_03 672	
	こんな偶然ってあるものね		
866	今度ひさしぶりに	MAP_D_CAD_03 674	
	集合してみようかしら…		
	あなたの話もしたいしね		
868	でも今はとにかく泥よ	MAP_D_CAD_03 676	
	わたし、そろそろ行くわ		
	…またね！		
872	…あ、そうそう	MAP_D_CAD_03 680	
	あなた、行商人のウルを		
	知ってるわよね？		
876	ああ	MAP_D_CAD_03 684	
	前に薬草探しを手伝った		
880	やっぱりね	MAP_D_CAD_03 688	
	あの人からの近況報告に		
	あった通りだわ		
882	ウルは私の旦那よ	MAP_D_CAD_03 690	
	あの人の手伝い		
	どうもありがとうね		
884	じゃあ、目的も達成したし	MAP_D_CAD_03 692	
	そろそろ失礼するわ		
	…またね！		
888	…あ、そうそう	MAP_D_CAD_03 696	
	あなた、行商人のトクトを		
	知ってるわよね？		
892	ああ…たぶんな	MAP_D_CAD_03 700	
	修練の依頼人だ		
896	やっぱりね	MAP_D_CAD_03 704	
	あの子からの近況報告に		
	あった通りだわ		
898	トクトはわたしの息子よ	MAP_D_CAD_03 706	
	あの子につきあってくれて		
	どうもありがとうね		
900	じゃあ、目的も達成したし	MAP_D_CAD_03 692	
	そろそろ失礼するわ		
	…またね！		
904	じゃあ、目的も達成したし	MAP_D_CAD_03 712	
	わたしはそろそろ		
	失礼するわ		
906	あ、そうそう	MAP_D_CAD_03 714	
	わたしの家族も行商人なの		
908	どこかで会うことが	MAP_D_CAD_03 716	
	あったら、よろしくね		
912	func00_E_EVENT_END1	MAP_D_CAD_00 424	
913	func00_E_EVENT_END2	MAP_D_CAD_00 425	
914	func00_E_EVENT_START1	MAP_D_CAD_00 415	
918	func00_E_EVENT_START2	MAP_D_CAD_00 417	
921	あら、それは…！	MAP_D_CAD_03 729	
926	■■■■■クレイ判定 = 	MAP_D_CAD_03 734	
927	■■■■■	MAP_D_CAD_03 735	
			
930	ありがとう！	MAP_D_CAD_03 738	
	研究してみるわ		
932	このカドモールクレイ…	MAP_D_CAD_03 740	
	すばらしい泥ね！		
	まさにほしかった泥よ！		
934	このマイヤールクレイ…	MAP_D_CAD_03 742	
	なかなかの泥だわ！		
936	うーん、ベリエクレイは	MAP_D_CAD_03 744	
	ちょっと違うみたい		
	…ま、どうにかなるわ		
938	これで全部の場所の	MAP_D_CAD_03 746	
	泥がそろったみたいね		
940	じゃあ、これ報奨よ	MAP_D_CAD_03 748	
946	他にも泥がとれそうな	MAP_D_CAD_03 754	
	場所はあるけれど		
	どうする？		
948	どうしますか？	MAP_D_CAD_03 756	
949	もうやめておく	MAP_D_CAD_03 757	
950	まだ続ける	MAP_D_CAD_03 758	
955	そう、わかったわ	MAP_D_CAD_03 763	
	じゃあこれ報奨よ		
961	あら、ありがとう！	MAP_D_CAD_03 769	
	じゃあ引き続き		
	よろしくね		
963	func00_E_EVENT_END1	MAP_D_CAD_00 424	
965	func00_E_EVENT_END2	MAP_D_CAD_00 425	
966	func00_E_EVENT_START1	MAP_D_CAD_00 415	
970	func00_E_EVENT_START2	MAP_D_CAD_00 417	
973	…ベイガーか	Was that Bayger?	
977	知っているのか？	You know him?	
981	一応な	Only vaguely. His personality and way of thinking resembles that of his parents.	
	あれは実に…親に似ている		
	性格も考え方もな		
985	親に？	His parents?	
989	生まれはついてまわる	Weren't you and Makis talking about whether the circumstances of your birth follow you around?	
	…おまえもマキスに		
	言われなかったか？		X
	あいつも、広い意味では	In a broad sense, Bayger's lack of role models growing up may be holding him back.	
	生まれに縛られて		
	いるのかもしれない		
992	…………	MAP_D_CAD_00 242	
995	それよりも	Anyway, you've come to ask about new training opportunities, right?	
	修練の話を聞きに		
	来たんだろう？		X
	新しい情報があるが	I've got some new information. Do you want to hear the details?	
	詳しく聞くか？		
999	新しい修練が	I've gotten word of a new training mission.	
	届いている		
1001	詳しい話を聞きたいか？	Do you want to hear the details?	
1003	詳しい話をききますか？	Hear the details?	
1004	はい	MAP_D_CAD_00 432	
1005	いいえ	MAP_D_CAD_00 433	
1010	了解した	Understood.	
1012	バザルタの新人官吏が	A newly recruited Legion official has absconded with some highly classified documents.	
	機密書類を持ち出して		
	騒ぎになっているらしい		
1014	そこで、そいつの行方を	The mission involves determining the suspect's whereabouts.	
	追ってほしいという依頼だ		
1018	おれは仲介だけだから	I'm just an intermediary, so please talk to the client to officially sign up for the mission.	
	参加や完了の報告は		
	依頼人にしてくれ		
1020	依頼人のヌッティ官吏は	The client is an official named Nutti. Go into the branch office building and make a right. You'll find him waiting there.	
	出張所の入ってすぐ右で		
	待っているそうだ		
1022	…以上だ	That's all.	
1024	func00_E_EVENT_END1	MAP_D_CAD_00 424	
1026	func00_E_EVENT_END2	MAP_D_CAD_00 425	
1029	そうか		
	聞く気になったら		
	言ってくれ		
1031	func00_E_EVENT_END1	MAP_D_CAD_00 424	
1032	func00_E_EVENT_END2	MAP_D_CAD_00 425	
1033	func00_E_EVENT_START1	MAP_D_CAD_00 415	
1037	func00_E_EVENT_START2	MAP_D_CAD_00 417	
1040	あんたがヌッティか？	Are you Nutti?	
1044	そうだけど…	Yes.	X
	あ、もしかして	Ah! Perhaps you've come to take my training mission?	
	修練を受けに		
	きてくれたの？		
1048	ああ	Yeah.	
1052	ふーむ…	Hmmm...	X
	これはとても重要で	This is a top-secret mission that absolutely must not end in failure.	
	極秘の修練なんだよ		
	決して失敗できないんだ		X
	だから、そのランクじゃ	It would be too risky to allow you to do this mission at your current rank.	
	怖くて信用できないな		X
	せめて１５０００位	Once you hit rank 15000, I'll let you do the mission.	
	くらいはないと		
	参加させられないよ		
1056	せめて１５０００位	I can't let you participate	
	くらいはないと	unless you're at least	
	参加させられないよ	Rank 15000.	
1058	func00_E_EVENT_END1	MAP_D_CAD_00 424	
1059	func00_E_EVENT_END2	MAP_D_CAD_00 425	
1062	ああ、ランクを	It seems you've raised your rank, and so quickly, too!	
	上げてきたんだね		
	迅速ですばらしい！		X
	それで、結局どうする？	So what are you going to do? I'd be happy for you to take this mission.	
	すぐに参加してくれると		
	嬉しいんだけどさ		
1066	あんたがヌッティか？	MAP_D_RIV_01 1040	
1070	そうだけど…	Yes.	
1074	あ、もしかして	Ah! Perhaps you've come to take my training mission?	
	修練を受けに		
	きてくれたの？		
1076	修練「新人官吏を捕獲せよ」	Participate in training mission "Catch New Official"?	
	に参加しますか？		
1077	参加する	MAP_D_CAD_00 919	
1078	参加しない	MAP_D_CAD_00 920	
1083	そっかそっか！	Great! I'm glad I asked Welmer for help!	
	ウェルマーさんに頼んで		
	よかったよ！		
1085	正式な発令手順を	We have a bit of leeway to bend the rules about announcing training missions publicly in situations like this.	
	踏んでいられるほど		
	余裕なくってさ…		
1089	何をすればいい？	What do I need to do?	
1093	…これは極秘の話なんだ	This is a top-secret mission. Do you promise not to tell anyone else what I'm about to tell you?	
	誰にも口外しないと		
	約束できる？		
1097	ああ	Yeah.	
1101	…実はね、アンチに与する	There have been rumblings that one of the officials here may be an Anti sympathizer.	
	官吏がいるかもって		
	疑惑が広まってるんだ		X
	そんな矢先、おれの部下が	Now one of my subordinates has disappeared with some highly classified documents.	
	機構の機密書類を持って		
	ふらりと消えたんだよ		X
	おかげでみんなから	Now everyone thinks he's in league with the Anti.	
	アンチに間違いないって		
	言われてるんだ		
1105	その部下を	So you want me to search for your subordinate?	
	探し出せばいいのか？		
1109	そうそう	Exactly. I want you to bring him back here so I can find out his true intentions.	
	真意を聞くにも		
	まず連れ戻さないとね		
1113	何か手がかりは？	Are there any clues as to his whereabouts?	
1117	ちょっと前だけど	Someone saw him heading for the train station just a few minutes ago.	
	鉄道の駅に向かったって		
	目撃証言があるよ		
1119	あ、標的の名前は	Oh, I almost forgot. The target's name is Sauri.	
	サウリっていうんだ		
1123	じゃあ	I'm counting on you!	
	くれぐれも頼んだよ！		
1125	func00_E_EVENT_END1	MAP_D_CAD_00 424	
1127	func00_E_EVENT_END2	MAP_D_CAD_00 425	
1130	そうかぁ…		
	これは本格的に		
	困っちゃうぞ		
1132	func00_E_EVENT_END1	MAP_D_CAD_00 424	
1133	func00_E_EVENT_END2	MAP_D_CAD_00 425	
1134	func00_E_EVENT_START1	MAP_D_CAD_00 415	
1138	func00_E_EVENT_START2	MAP_D_CAD_00 417	
1141	サウリっていう	Did an official named Sauri come this way?	
	官吏がこなかったか？		
1145	ああ	Yeah. He was here just a few minutes ago.	
	ちょっと前にきたよ		
1147	出かけるから	He said he was preparing to go out.	
	準備しなきゃと		
	言っていた		
1151	準備？	Preparing?	
1155	当番の仕事で	It seems he has to attend to some business outside town.	
	町の外に出るんだそうだ		
1157	デイライトにでも	He probably won't be departing until dark. You might be able to catch him at the shops in the lower district.	
	行ったんじゃないかな…		
	ほら、下区の商店だよ		
1161	わかった	Alright.	
1163	…ところで	By the way, did you see what Sauri was carrying?	
	サウリは何か		
	持ってきたか？		
1167	今月の給料明細を	It looked like he had just been paid for the month, Why?	
	届けてもらったけど…		
	それが何か？		
1171	いや、なんでもない	Don't worry about it.	
1173	func00_E_EVENT_END1	MAP_D_CAD_00 424	
1175	func00_E_EVENT_END2	MAP_D_CAD_00 425	
1176	func00_E_EVENT_START1	MAP_D_CAD_00 415	
1180	func00_E_EVENT_START2	MAP_D_CAD_00 417	
1183	サウリっていう	MAP_D_RIV_01 1141	
	官吏がこなかったか？		
1187	ああ、きたよ	Yes. He just bought some shoes here.	
	靴を買っていった		
1191	靴？	Shoes?	
1195	ああ、町の外に出るのに	Right. He said that he had some business outside town, and his current shoes weren't suited for it.	
	今の靴じゃダメだから		
	…ってな！		
1199	町の外……	Outside town? Do you know where he's going?	
	どこに向かったか		
	知ってるか？		
1203	どこかの支部だとは	He said he was going to one of the outposts. I didn't ask for details, though.	
	言っていたけど		
	詳しくは聞いていないよ		X
	でも、護衛は	He didn't have any guards with him, so I suspect he's going somewhere close.	
	つれていなかったし		
	近場だと思うぞ		
1207	近場の支部…？	A nearby outpost? Is he really in league with the Anti?	
	本当にアンチと		
	繋がっているのか…？		
1208	func00_E_EVENT_END1	MAP_D_CAD_00 424	
1210	func00_E_EVENT_END2	MAP_D_CAD_00 425	
1211	func00_E_EVENT_START1	MAP_D_CAD_00 415	
1217	func00_E_EVENT_START2	MAP_D_CAD_00 417	
1225	サウリってのは	Are you Sauri?	
	あんたか？		
1232	へ？	Huh? Yes, I am...	
	ぼくだけど…		
1236	ヌッティ官吏から	Nutti asked me to bring you back to him.	
	おまえを連れ戻すように		
	頼まれた		
1240	えっ、先輩から！？	Eh? Nutti sent you!? I must have done something stupid again...	
	うわぁ…また何か		
	やっちゃったかなぁ…		
1244	機密書類を	If you took the classified documents...	
	持ち出したと…		
1249	ええっ！？	What!?	
1253	…………	MAP_D_CAD_00 242	
1256	うわぁぁぁ！？	Craaaaap!? I really took them!	
	本当に持ってきてた！		
1261	やややややばい！	This is terrible! This is his diary!	
	あの方の日記だよコレ！		
1263	どど、どうしよう！？	W-What should I do!?	
1267	ともかく	First, you need to return it to Nutti.	
	それを持って帰るぞ		
1270	func00_E_EVENT_END1	MAP_D_CAD_00 424	
1271	func00_E_EVENT_END2	MAP_D_CAD_00 425	
1272	func00_E_EVENT_START1	MAP_D_CAD_00 415	
1278	func00_E_EVENT_START2	MAP_D_CAD_00 417	
1281	サウリ…	Sauri, what the hell are you up to?	
	一体どういう		
	つもりなんだ？		X
	黙って機密書類を	You took classified documents without telling anyone. Are you really an Anti sympathizer?	
	持ち出すだなんて…		
	本当にアンチなのか？		
1285	アンチ？	Anti? Without telling anyone?	
	黙って持ち出す…？		X
	ぼくはただ	I was only doing what you told me to.	
	先輩に言われたとおりに		
	しただけですよ		
1289	…え？	Huh?	
1293	書類の束をぼくに渡して	You handed me a bunch of documents and said "Deliver these."	
	「届けておけ」って		
	言ったじゃないですか		X
	あの機密書類だって	The classified documents were mixed in among all the others.	
	先輩がくれた束の中に…		
1296	…………	MAP_D_CAD_00 242	
1299	先輩、人の日記を	Do you think I'm the kind of guy who would just take a person's diary and read it?	
	勝手に持ち出して読むのは		
	どうかと思いますよ		
1303	ば、ばかっ！	Idiot! Don't say that kind of thing out loud!	
	人前でそんなこと		
	言うんじゃない！		
1305	ロ…あの方にバレたら	If Lo...that guy finds out, I'll be fired.	
	首が飛ぶどころじゃ…		
1309	首は飛ばないですけど	You won't be fired, but you'll become like a hedgehog.	
	ハリネズミには		
	なりそうですよね		
1313	おまえもだよ！！	So will you!	
1319	…ま、まあともかく	Well, anyway, I'm glad you brought them back safely.	
	無事に戻ってよかった		X
	アンチ疑惑も晴れたしな！	Thanks to you, the doubts about his loyalty have been cleared up!	
1321	きみのおかげだよ	Here's your reward.	
	報奨、受け取ってくれ		
1327	よし、サウリ	OK, Sauri. You have no further business here, so go back to what you were doing!	
	何事もなかったかのように		
	戻しに行くぞ！		
1332	はーい	O-kay!	
1342	忘れてた！	Oh, I forgot to tell you! I did some digging while I was waiting. You're from Cantelera, right?	
	待ってる間に調べたんだが		
	カンタレラ出身だって？		
1345	…………	MAP_D_CAD_00 242	
1348	ああ、捕まえようとか	Don't worry. I'm not here to arrest you.	
	そういうことじゃないよ		X
	何というか…	What I'm saying is that you should check the training board and talk to Loar.	
	修練板を見ておくか		
	ロアーに話を聞くといい		
1352	どういうことだ？	What do you mean?	
1356	詳しくは言えないよ	I can't give you the details. Anyway, I've given you the information.	
	じゃ、伝えたからね		
1359	func00_E_EVENT_END1	MAP_D_CAD_00 424	
1363	func00_E_EVENT_END2	MAP_D_CAD_00 425	
1364	シーン初期化	MAP_D_CAD_00 1232	
			
1365	オブジェクト配置	MAP_D_CAD_00 1233	
			
1367	オブジェクトトラップ配置	MAP_D_CAD_00 1235	
			
1368	マップチェンジトラップ配置	MAP_D_CAD_00 1236	
			
1378	ＮＰＣ配置	MAP_D_CAD_00 1248	
			
1380	ベリエ支部の官吏		
1383	マキス	MAP_D_CAD_00 1258	
1387	ベリエ街道へようこそ！		X
	あなたの右手側は		
	機構保有地につき		
	立ち入り禁止ですが		X
	それ以外は		
	ご自由にお使いください		
1389	あれ？		
	さっきのって、もしかして		
	七騎士ノーマ様…？		
1391	ここでは大きな修練は		
	出ていませんよ		X
	ドネイ回廊の方は		
	何かあるみたいですが…		
1393	うららかな日差しに		
	穏やかな川、そして		
	どこかで誰かが戦う声…		X
	ベリエ街道は		
	今日も平和です		
1395	大丈夫ですか？		
	お加減が優れない		
	ご様子ですが…		X
	あまりぼんやり歩くと		
	川に転落してしまいますよ		
	どうかお気をつけて		
1397	トーロ、リブラ		
	カドモールにレオン…		
	そしてベリエ！		X
	探索の際は		
	ぜひ各地の支部を		
	ご利用ください		
1399	支部は各地にありますが		
	ここが一番過ごしやすくて		
	いい職場だと思います		
1401	機構内はタイロン氏が		
	裏切ったというニュースで		
	もちきりでした		X
	でもまさか、ユーリ様が		
	直接裁きにいくなんて…		
1403	ようこそ、ベリエ街道へ		
	…何かご用ですか？		
1405	何か大きな修練でも		
	あるのですか？		
	今日は人通りが多いです		
1407	機構からは		
	何も伝達されて		
	いないのですが…		
1409	以前のノーマ様といい		
	先日のユーリ様一派といい		
	どうしたのでしょう？		X
	七騎士の中で		
	甘梅草の香水が流行中…		
	なんてことはないですよね		
1411	アンチの一員と噂される		
	レンというランカー…		X
	先日、あなたと共に		
	甘梅草をとりにきた		
	ランカーですよね？		X
	あなたは…		
	アンチなのですか？		
	何か知っているのですか？		
1413	事の次第によっては		
	あなたのことを		
	機構に報告します…！		
1415	七騎士が変わり		
	もっと世界が混乱するかと		
	思っていました…		X
	わたしたちも		
	最悪、殺されるのでは		
	ないかと思って…		X
	あ…し、失礼しました！		
	これからも		
	よろしくお願い致します		
1417	これからも		
	よろしくお願い致します		
	七騎士ジグ様		
1419	ロザ様から		
	道を開放するようにと		
	指示を受けております		X
	どうぞお通りください		
1421	機構から		
	全ランカーへ通達です		X
	イビノスには		
	いつも以上の注意をし		
	異変があれば報告すべし		X
	…ですよね？		
1423	ジグ様！！		
	イビノスはこの奥です！		
	どうかお気をつけて…！		
1425	ジグ様、大丈夫ですか？		X
	わたしの大好きな街道…		
	守ってくださって		
	ありがとうございました		
1427	とりあえずあっちへ		
	行ってみたら？		X
	甘梅草そのものは		
	小さくて目立たないから		
	見落とさないようにね		
1429	少し…怖いですね		
1431	{14}02A6を返してもらいますか？	MAP_D_CAD_00 1299	
1432	はい	MAP_D_CAD_00 432	
1433	いいえ	MAP_D_CAD_00 433	
1438	わかりました	MAP_D_CAD_01 665	
1440	{14}02A6を返してもらった	MAP_D_CAD_00 1308	
1443	どうかしましたか？	MAP_D_CAD_01 670	
1445	{14}02A6を持っていません	MAP_D_CAD_00 1313	
1449	{14}02A6を渡しますか？	MAP_D_CAD_00 1317	
1454	殿方の部屋の鍵なんて…	MAP_D_CAD_01 681	
	受け取るわけには		
	いきません		
1458	合鍵…	MAP_D_CAD_01 685	
	では、一応受け取って		
	おきますね		
1460	{14}02A6を渡した	MAP_D_CAD_00 1324	
1464	イベントトラップ配置	MAP_D_CAD_00 1413	
			
1465	匂いになれた		
			
1466	匂いになれた	MAP_D_RIV_01 1465	
			
1467	気をつけろ		
			
1471	そちらは機構の		
	直接管理地区になります		
	お引取りください		
1473	そちらは特別管理地区です		
	七騎士様でも、わたしの		
	独断ではお通しできません		
1476	？？？	MAP_D_CAD_01 744	
1500	OBJ_MKS	MAP_D_CAN_00 1062	
			
1502	OBJ_REN	MAP_D_CAN_00 1064	
