0	■■■ func00_DEBUG_SIGN ■■■	MAP_D_CAD_00 0
		
1	！！！エラー検出用サブルーチンを通りました！！！	MAP_D_CAD_00 1
		
2	イビノスシンボル配置しない。フラグ：	MAP_D_CAD_00 2
4	イビノスシンボル配置する。フラグ：	MAP_D_CAD_00 4
7	ランカーファイル情報更新	MAP_D_CAD_00 7
		
8	->旧:	MAP_D_CAD_00 8
9	 追加:	MAP_D_CAD_00 9
10	 結果:	MAP_D_CAD_00 10
12	ランク:	MAP_D_CAD_00 12
15	ランカー戦勝利・戻り値：	MAP_D_CAD_00 15
17	ランキング戦を申し込みますか？	MAP_D_CAD_00 17
18	申し込む	MAP_D_CAD_00 18
19	やめておく	MAP_D_CAD_00 19
22	イビノスシンボル倒した。フラグON：	MAP_D_CAD_00 22
25	イビノス戦：イベント終了？	MAP_D_CAD_00 25
		
26	スクリプト：未知のモーションタイプが指定されました	MAP_D_CAD_00 26
		
33	***振り向き判定ＰＣ***	MAP_D_CAD_00 33
		
34	現在:cmn_r0:	MAP_D_CAD_00 34
36	目標:cmn_r1:	MAP_D_CAD_00 36
38	差分:cmn_r2:	MAP_D_CAD_00 38
40	差分＾２:cmn_r3:	MAP_D_CAD_00 40
42	閾値＾２:cmn_r4:	MAP_D_CAD_00 42
44	->pc振り向きません	MAP_D_CAD_00 44
		
45	->pc振り向きます	MAP_D_CAD_00 45
		
47	***振り向き判定***	MAP_D_CAD_00 47
		
48	現在:cmn_r0:	MAP_D_CAD_00 34
50	目標:cmn_r1:	MAP_D_CAD_00 36
52	差分:cmn_r2:	MAP_D_CAD_00 38
54	差分＾２:cmn_r3:	MAP_D_CAD_00 40
56	閾値＾２:cmn_r4:	MAP_D_CAD_00 42
58	->npc振り向きません	MAP_D_CAD_00 58
		
59	->npc振り向きます	MAP_D_CAD_00 59
		
63	ロード待ち開始	MAP_D_CAD_00 63
		
64	ロード待ち終了	MAP_D_CAD_00 64
		
65	{15}0C{14}L00000000を	MAP_D_CAD_00 65
	手に入れた	
66	{15}0E{14}L00000000を	MAP_D_CAD_00 66
	手に入れた	
67	{15}0F{14}L00000000を	MAP_D_CAD_00 67
	手に入れた	
68	{15}0D{14}L00000000を	MAP_D_CAD_00 68
	手に入れた	
69	{15}10{14}L00000000を	MAP_D_CAD_00 69
	手に入れた	
70	{15}12{14}L00000000を	MAP_D_CAD_00 70
	手に入れた	
71	{15}11{14}L00000000を	MAP_D_CAD_00 71
	手に入れた	
72	{15}13{14}L00000000を{1d}L00000001個	MAP_D_CAD_00 72
	手に入れた	
73	{15}14{14}L00000000を{1d}L00000001個	MAP_D_CAD_00 73
	手に入れた	
74	{15}14{14}L00000000を	MAP_D_CAD_00 74
	手に入れた	
75	{15}1B{14}L00000000を	MAP_D_CAD_00 75
	手に入れた	
76	{14}L00000000を	MAP_D_CAD_00 76
	手に入れた	
77	{1d}L00000000Ｂを手に入れた	MAP_D_CAD_00 77
		
78	num_calc：	MAP_D_CAD_00 78
80	{15}0C{14}L00000000を	MAP_D_CAD_00 80
	手渡した	
81	{15}0E{14}L00000000を	MAP_D_CAD_00 81
	手渡した	
82	{15}0F{14}L00000000を	MAP_D_CAD_00 82
	手渡した	
83	{15}0D{14}L00000000を	MAP_D_CAD_00 83
	手渡した	
84	{15}10{14}L00000000を	MAP_D_CAD_00 84
	手渡した	
85	{15}12{14}L00000000を	MAP_D_CAD_00 85
	手渡した	
86	{15}11{14}L00000000を	MAP_D_CAD_00 86
	手渡した	
87	{15}13{14}L00000000を{1d}L00000001個	MAP_D_CAD_00 87
	手渡した	
88	{15}14{14}L00000000を{1d}L00000001個	MAP_D_CAD_00 88
	手渡した	
89	{15}14{14}L00000000を	MAP_D_CAD_00 89
	手渡した	
90	{15}1B{14}L00000000を	MAP_D_CAD_00 90
	手渡した	
91	{14}L00000000を	MAP_D_CAD_00 91
	手渡した	
		
92	■■ret0■■：	MAP_D_CAD_00 92
96	■■ret■■：	MAP_D_CAD_00 96
98	cmn_option:	MAP_D_CAD_00 98
106	セーブポイント	MAP_D_CAD_00 106
107	データ削除ユーティリティを起動します	MAP_D_CAD_00 107
	ゲームプレイデータのセーブには	
	{1d}L00000001KB以上の空き容量が必要です	
108	ネックタイプ：	MAP_D_CAD_00 108
110	首の初期化	MAP_D_CAD_00 110
		
111	ネックタイプ：	MAP_D_CAD_00 108
115	大橋が	MAP_D_CAD_00 115
	トラベルマップで使用可能になりました	
116	下区：商業区が	MAP_D_CAD_00 116
	トラベルマップで使用可能になりました	
117	下区：ランカー居住区が	MAP_D_CAD_00 117
	トラベルマップで使用可能になりました	
118	下区：闘技場前が	MAP_D_CAD_00 118
	トラベルマップで使用可能になりました	
119	タイロン租界が	MAP_D_CAD_00 119
	トラベルマップで使用可能になりました	
120	バザルタ出張所前が	MAP_D_CAD_00 120
	トラベルマップで使用可能になりました	
121	上区：噴水広場前が	MAP_D_CAD_00 121
	トラベルマップで使用可能になりました	
122	バザルタ本部前が	MAP_D_CAD_00 122
	トラベルマップで使用可能になりました	
123	フラグ・フィールド：	MAP_D_CAD_00 123
125	フラグ・フィールド：	MAP_D_CAD_00 123
127	ガンドアが	MAP_D_CAD_00 127
	トラベルマップで使用可能になりました	
128	カンタレラが	MAP_D_CAD_00 128
	トラベルマップで使用可能になりました	
129	トーロ荒地が	MAP_D_CAD_00 129
	トラベルマップで使用可能になりました	
130	リブラ森林が	MAP_D_CAD_00 130
	トラベルマップで使用可能になりました	
131	マイヤールの森が	MAP_D_CAD_00 131
	トラベルマップで使用可能になりました	
132	ベリエ街道が	MAP_D_CAD_00 132
	トラベルマップで使用可能になりました	
133	ドネイ回廊が	MAP_D_CAD_00 133
	トラベルマップで使用可能になりました	
134	ウィルゴー砂漠が	MAP_D_CAD_00 134
	トラベルマップで使用可能になりました	
135	カドモール水源が	MAP_D_CAD_00 135
	トラベルマップで使用可能になりました	
136	カルキノス荒地が	MAP_D_CAD_00 136
	トラベルマップで使用可能になりました	
137	ラ・キット遺跡が	MAP_D_CAD_00 137
	トラベルマップで使用可能になりました	
138	レオン峡谷が	MAP_D_CAD_00 138
	トラベルマップで使用可能になりました	
139	ソダー回廊が	MAP_D_CAD_00 139
	トラベルマップで使用可能になりました	
140	ニシュラ氷河が	MAP_D_CAD_00 140
	トラベルマップで使用可能になりました	
141	いにしえの回廊が	MAP_D_CAD_00 141
	トラベルマップで使用可能になりました	
142	フィッシェ街道が	MAP_D_CAD_00 142
	トラベルマップで使用可能になりました	
143	レゾナール海岸が	MAP_D_CAD_00 143
	トラベルマップで使用可能になりました	
144	ケイロニア高原が	MAP_D_CAD_00 144
	トラベルマップで使用可能になりました	
145	ケイロニア砦が	MAP_D_CAD_00 145
	トラベルマップで使用可能になりました	
146	サルバトーレ離宮が	MAP_D_CAD_00 146
	トラベルマップで使用可能になりました	
147	リストにないよ？	MAP_D_CAD_00 147
		
148	_case:	MAP_D_CAD_00 148
151	「討伐修練【低位１】」の	MAP_D_CAD_00 151
	クリア条件を満たした！	
152	「討伐修練【低位２】」の	MAP_D_CAD_00 152
	クリア条件を満たした！	
153	「討伐修練【低位３】」の	MAP_D_CAD_00 153
	クリア条件を満たした！	
154	「討伐修練【低位４】」の	MAP_D_CAD_00 154
	クリア条件を満たした！	
155	「討伐修練【低位５】」の	MAP_D_CAD_00 155
	クリア条件を満たした！	
156	「討伐修練【中位１】」の	MAP_D_CAD_00 156
	クリア条件を満たした！	
157	「討伐修練【中位２】」の	MAP_D_CAD_00 157
	クリア条件を満たした！	
158	「討伐修練【高位１】」の	MAP_D_CAD_00 158
	クリア条件を満たした！	
159	「討伐修練【高位２】」の	MAP_D_CAD_00 159
	クリア条件を満たした！	
160	「薬草探しの代理人」の	MAP_D_CAD_00 160
	クリア条件を満たした！	
161	「新商品開発の手伝い」の	MAP_D_CAD_00 161
	クリア条件を満たした！	
162	「蒼の指環を求めて」の	MAP_D_CAD_00 162
	クリア条件を満たした！	
163	「雪中の贈り物」の	MAP_D_CAD_00 163
	クリア条件を満たした！	
164	「加護あることを祈って」の	MAP_D_CAD_00 164
	クリア条件を満たした！	
165	「追想の白い花」の	MAP_D_CAD_00 165
	クリア条件を満たした！	
166	「来れ、好運の使者！」の	MAP_D_CAD_00 166
	クリア条件を満たした！	
167	「武術指南のお願い」の	MAP_D_CAD_00 167
	クリア条件を満たした！	
168	「行方不明の従業員」の	MAP_D_CAD_00 168
	クリア条件を満たした！	
169	「スキルチップ収集中」の	MAP_D_CAD_00 169
	クリア条件を満たした！	
170	「盗難品の行方は」の	MAP_D_CAD_00 170
	クリア条件を満たした！	
171	「資料集めのアシスタント」の	MAP_D_CAD_00 171
	クリア条件を満たした！	
172	「河畔の生態系調査」の	MAP_D_CAD_00 172
	クリア条件を満たした！	
173	「新人官吏を捕獲せよ」の	MAP_D_CAD_00 173
	クリア条件を満たした！	
174	「黒い積荷の回収」の	MAP_D_CAD_00 174
	クリア条件を満たした！	
175	「悪徳商売を抑止せよ」の	MAP_D_CAD_00 175
	クリア条件を満たした！	
176	「新人ランカー襲撃事件」の	MAP_D_CAD_00 176
	クリア条件を満たした！	
177	「優しい猛者、募集中」の	MAP_D_CAD_00 177
	クリア条件を満たした！	
178	「異郷からきた尋ね人」の	MAP_D_CAD_00 178
	クリア条件を満たした！	
179	「勇壮なる護衛の依頼」の	MAP_D_CAD_00 179
	クリア条件を満たした！	
180	「赫の指環を求めて」の	MAP_D_CAD_00 180
	クリア条件を満たした！	
181	「闘技場の害獣駆除」の	MAP_D_CAD_00 181
	クリア条件を満たした！	
182	「回覧板配達人」の	MAP_D_CAD_00 182
	クリア条件を満たした！	
183	「討伐修練【緊急】」の	MAP_D_CAD_00 183
	クリア条件を満たした！	
184	「鉱物資源の収集【緊急】」の	MAP_D_CAD_00 184
	クリア条件を満たした！	
185	「タリー石を探せ」の	MAP_D_CAD_00 185
	クリア条件を満たした！	
186	「甘梅草を探せ」の	MAP_D_CAD_00 186
	クリア条件を満たした！	
187	「衛兵の剣の没収」の	MAP_D_CAD_00 187
	クリア条件を満たした！	
188	「衛兵の剣の返却」の	MAP_D_CAD_00 188
	クリア条件を満たした！	
189	「森のイビノス駆除【重大】」の	MAP_D_CAD_00 189
	クリア条件を満たした！	
190	「回廊のイビノス駆除【重大】」の	MAP_D_CAD_00 190
	クリア条件を満たした！	
191	「七騎士認定修練【重大】」の	MAP_D_CAD_00 191
	クリア条件を満たした！	
192	ガンドアが	MAP_D_CAD_00 192
	トラベルマップで通行可能になりました	
193	ガンドアが	MAP_D_CAD_00 193
	トラベルマップで通行不能になりました	
194	カンタレラが	MAP_D_CAD_00 194
	トラベルマップで通行可能になりました	
195	カンタレラが	MAP_D_CAD_00 195
	トラベルマップで通行不能になりました	
196	トーロ荒地が	MAP_D_CAD_00 196
	トラベルマップで通行可能になりました	
197	トーロ荒地が	MAP_D_CAD_00 197
	トラベルマップで通行不能になりました	
198	リブラ森林が	MAP_D_CAD_00 198
	トラベルマップで通行可能になりました	
199	リブラ森林が	MAP_D_CAD_00 199
	トラベルマップで通行不能になりました	
200	マイヤールの森が	MAP_D_CAD_00 200
	トラベルマップで通行可能になりました	
201	マイヤールの森が	MAP_D_CAD_00 201
	トラベルマップで通行不能になりました	
202	ベリエ街道が	MAP_D_CAD_00 202
	トラベルマップで通行可能になりました	
203	ベリエ街道が	MAP_D_CAD_00 203
	トラベルマップで通行不能になりました	
204	ドネイ回廊が	MAP_D_CAD_00 204
	トラベルマップで通行可能になりました	
205	ドネイ回廊が	MAP_D_CAD_00 205
	トラベルマップで通行不能になりました	
206	ウィルゴー砂漠が	MAP_D_CAD_00 206
	トラベルマップで通行可能になりました	
207	ウィルゴー砂漠が	MAP_D_CAD_00 207
	トラベルマップで通行不能になりました	
208	カドモール水源が	MAP_D_CAD_00 208
	トラベルマップで通行可能になりました	
209	カドモール水源が	MAP_D_CAD_00 209
	トラベルマップで通行不能になりました	
210	カルキノス荒地が	MAP_D_CAD_00 210
	トラベルマップで通行可能になりました	
211	カルキノス荒地が	MAP_D_CAD_00 211
	トラベルマップで通行不能になりました	
212	ラ・キット遺跡が	MAP_D_CAD_00 212
	トラベルマップで通行可能になりました	
213	ラ・キット遺跡が	MAP_D_CAD_00 213
	トラベルマップで通行不能になりました	
214	レオン峡谷が	MAP_D_CAD_00 214
	トラベルマップで通行可能になりました	
215	レオン峡谷が	MAP_D_CAD_00 215
	トラベルマップで通行不能になりました	
216	ソダー回廊が	MAP_D_CAD_00 216
	トラベルマップで通行可能になりました	
217	ソダー回廊が	MAP_D_CAD_00 217
	トラベルマップで通行不能になりました	
218	ニシュラ氷河が	MAP_D_CAD_00 218
	トラベルマップで通行可能になりました	
219	ニシュラ氷河が	MAP_D_CAD_00 219
	トラベルマップで通行不能になりました	
220	いにしえの回廊が	MAP_D_CAD_00 220
	トラベルマップで通行可能になりました	
221	いにしえの回廊が	MAP_D_CAD_00 221
	トラベルマップで通行不能になりました	
222	フィッシェ街道が	MAP_D_CAD_00 222
	トラベルマップで通行可能になりました	
223	フィッシェ街道が	MAP_D_CAD_00 223
	トラベルマップで通行不能になりました	
224	レゾナール海岸が	MAP_D_CAD_00 224
	トラベルマップで通行可能になりました	
225	レゾナール海岸が	MAP_D_CAD_00 225
	トラベルマップで通行不能になりました	
226	ケイロニア高原が	MAP_D_CAD_00 226
	トラベルマップで通行可能になりました	
227	ケイロニア高原が	MAP_D_CAD_00 227
	トラベルマップで通行不能になりました	
228	ケイロニア砦が	MAP_D_CAD_00 228
	トラベルマップで通行可能になりました	
229	ケイロニア砦が	MAP_D_CAD_00 229
	トラベルマップで通行不能になりました	
230	サルバトーレ離宮が	MAP_D_CAD_00 230
	トラベルマップで通行可能になりました	
231	サルバトーレ離宮が	MAP_D_CAD_00 231
	トラベルマップで通行不能になりました	
232	リストにないよ？	MAP_D_CAD_00 147
		
233	func00_E_EVENT_START1	MAP_D_CAD_00 415
234	func00_E_EVENT_START2	MAP_D_CAD_00 417
236	高位２の討伐修練は	MAP_D_HEI_02 236
	ヒヴォット官吏が	
	担当している	
238	重大な件なのでな…	MAP_D_HEI_02 238
	特別措置だ	
239	func00_E_EVENT_END1	MAP_D_CAD_00 424
240	func00_E_EVENT_END2	MAP_D_CAD_00 425
241	func00_E_EVENT_START1	MAP_D_CAD_00 415
245	func00_E_EVENT_START2	MAP_D_CAD_00 417
248	七騎士ジグ…	MAP_D_HEI_02 248
	この事態について	
	多くは聞きますまい	
250	あなたは	MAP_D_HEI_02 250
	すべきことがある	
252	それでも修練を	MAP_D_HEI_02 252
	受けるとおっしゃるのか	
254	修練「討伐修練【高位２】」	MAP_D_HEI_02 254
	に参加しますか？	
255	参加する	MAP_D_CAD_00 919
256	参加しない	MAP_D_CAD_00 920
261	わかりました	MAP_D_HEI_02 261
	ご説明しましょう	
263	先刻より、各地で	MAP_D_HEI_02 263
	強力なイビノスの出現が	
	確認されております	
265	姿形は変わらねど	MAP_D_HEI_02 265
	今までとは比較にならない	
	強大な力のイビノス…	
267	ベリエ街道	MAP_D_HEI_02 267
	ウィルゴー砂漠	
	フィッシェ街道	
269	サルバトーレ離宮	MAP_D_HEI_02 269
	カルキノス荒地	
	ケイロニア砦	
271	以上６箇所で	MAP_D_HEI_02 271
	強力なイビノスの存在が	
	報告されております	
273	この修練は	MAP_D_HEI_02 273
	それらを討つ修練	
275	いや、もはや	MAP_D_HEI_02 275
	修練という名では	
	ないのかもしれませぬ	
279	…お行きください	MAP_D_HEI_02 279
	あなたに、ご武運を！！	
281	func00_E_EVENT_END1	MAP_D_CAD_00 424
283	func00_E_EVENT_END2	MAP_D_CAD_00 425
286	それでいい	MAP_D_HEI_02 286
	あなたにはお役目が	
	あるのですから…	
288	func00_E_EVENT_END1	MAP_D_CAD_00 424
289	func00_E_EVENT_END2	MAP_D_CAD_00 425
290	func00_E_EVENT_START1	MAP_D_CAD_00 415
293	func00_E_EVENT_START2	MAP_D_CAD_00 417
295	これが真のイビノス…	MAP_D_HEI_02 295
297	いくぞ！！！	MAP_D_HEI_02 297
304	ジグにい！	MAP_D_HEI_02 304
308	カイト！？	MAP_D_HEI_02 308
317	他のイビノスは	MAP_D_HEI_02 317
	わたしたちが	
	どうにかします！	
322	…やれるのか？	MAP_D_HEI_02 322
326	もちろん	MAP_D_HEI_02 326
	全然ダメだ！	
330	だから、助っ人を	MAP_D_HEI_02 330
	たくさん呼んでくる！	
	数で勝負だ！	
335	噂が流れています	MAP_D_HEI_02 335
	あなたが、この事態を	
	収拾してくれる人だと	
339	だから…	MAP_D_HEI_02 339
	行ってください！	
342	ティナの父ちゃんが	MAP_D_HEI_02 342
	珍しく勇気を	
	出してるんだ！	
344	だからおいしいとこ	MAP_D_HEI_02 344
	譲ってやってくれよ！	
349	…わかった	MAP_D_HEI_02 349
	無理はするなよ	
353	おう！	MAP_D_HEI_02 353
	ジグにいもな！	
358	func00_E_EVENT_END1	MAP_D_CAD_00 424
359	func00_E_EVENT_END2	MAP_D_CAD_00 425
360	func00_E_EVENT_END1	MAP_D_CAD_00 424
361	func00_E_EVENT_END2	MAP_D_CAD_00 425
363	func00_E_EVENT_START1	MAP_D_CAD_00 415
366	func00_E_EVENT_START2	MAP_D_CAD_00 417
368	真のイビノスだな…	MAP_D_HEI_02 368
370	いくぞ！！！	MAP_D_HEI_02 297
376	どう？	MAP_D_HEI_02 376
	苦戦してる？	
382	ケイトン！？	MAP_D_HEI_02 382
	おまえどうして！？	
387	あなたの顔を	MAP_D_HEI_02 387
	みにきたのよ	
396	でも、こんな場所に…	MAP_D_HEI_02 396
	危ないだろ	
400	ええ、知ってる	MAP_D_HEI_02 400
	だからもう帰るわ	
402	…ガンドアの	MAP_D_HEI_02 402
	お金持ちに頼んで	
	私兵を手配しておいたの	
404	ふふ…お願いするときの	MAP_D_HEI_02 404
	わたし、ノーマよりも	
	色っぽかったかも	
406	だからあなたは	MAP_D_HEI_02 406
	もう行っちゃっていい	
	…それを言いにきただけ	
410	すまないな	MAP_D_HEI_02 410
416	あら	MAP_D_HEI_02 416
	しおらしいこと！	
420	あなたがいなくちゃ	MAP_D_HEI_02 420
	大変なんだから	
	帰ってきてよね	
421	func00_E_EVENT_END1	MAP_D_CAD_00 424
422	func00_E_EVENT_END2	MAP_D_CAD_00 425
423	func00_E_EVENT_END1	MAP_D_CAD_00 424
424	func00_E_EVENT_END2	MAP_D_CAD_00 425
426	func00_E_EVENT_START1	MAP_D_CAD_00 415
429	func00_E_EVENT_START2	MAP_D_CAD_00 417
431	真のイビノスだな…	MAP_D_HEI_02 368
433	いくぞ！！！	MAP_D_HEI_02 297
440	よし…	MAP_D_HEI_02 440
442	！？	MAP_D_HEI_02 442
447	よし、じゃないだろ	MAP_D_HEI_02 447
	ランキング１位が	
	それでどうするんだい	
451	ナタン…	MAP_D_HEI_02 451
455	町中のレディが	MAP_D_HEI_02 455
	イビノスに怯えてるよ	
459	まったく…	MAP_D_HEI_02 459
	実に面倒だな、これは	
463	おれたちが	MAP_D_HEI_02 463
	どうにかする	
467	ああ、そうらしいな	MAP_D_HEI_02 467
469	…ならなおさら	MAP_D_HEI_02 469
	こんなところで	
	油を売っているなよ	
471	行くんだ、ジグ	MAP_D_HEI_02 471
	残党は引き受けた	
475	…いいのか？	MAP_D_HEI_02 475
479	化け物相手なら	MAP_D_HEI_02 479
	ランクも上がらないし	
481	おれの形相を	MAP_D_HEI_02 481
	みている女性もいない	
483	なら…問題ないさ	MAP_D_HEI_02 483
487	…まかせた	MAP_D_HEI_02 487
492	func00_E_EVENT_END1	MAP_D_CAD_00 424
493	func00_E_EVENT_END2	MAP_D_CAD_00 425
494	func00_E_EVENT_END1	MAP_D_CAD_00 424
495	func00_E_EVENT_END2	MAP_D_CAD_00 425
497	func00_E_EVENT_START1	MAP_D_CAD_00 415
500	func00_E_EVENT_START2	MAP_D_CAD_00 417
502	真のイビノスだな…	MAP_D_HEI_02 368
504	いくぞ！！！	MAP_D_HEI_02 297
518	ちょっとジグさん	MAP_D_HEI_02 518
	暴れすぎて建物を壊したら	
	怒りますよ？	
524	あんたたち…	MAP_D_HEI_02 524
529	言ったでしょ？	MAP_D_HEI_02 529
	ジグさんのピンチには	
	かけつける、って	
531	…でも、ピンチじゃ	MAP_D_HEI_02 531
	なかったみたいですね	
	ちょっと残念！	
536	レンのことはいいのか？	MAP_D_HEI_02 536
540	その言葉、そっくり	MAP_D_HEI_02 540
	そのまま返しますよ！	
543	まったく…	MAP_D_HEI_02 543
	レンさんを放り出して	
	修練だなんて…	
545	アイリスに	MAP_D_HEI_02 545
	報告しちゃいますからね	
547	ジグさんが	MAP_D_HEI_02 547
	職務放棄したーって！	
550	落ち着いたら	MAP_D_HEI_02 550
	キツーーくお説教	
	しちゃいますからね！	
554	それは…嫌だな	MAP_D_HEI_02 554
558	なら、行ってください	MAP_D_HEI_02 558
560	もとよりここは	MAP_D_HEI_02 560
	サルバトーレの離宮	
562	イビノスなんかに	MAP_D_HEI_02 562
	荒させないんだから！	
572	func00_E_EVENT_END1	MAP_D_CAD_00 424
573	func00_E_EVENT_END2	MAP_D_CAD_00 425
574	func00_E_EVENT_END1	MAP_D_CAD_00 424
575	func00_E_EVENT_END2	MAP_D_CAD_00 425
577	func00_E_EVENT_START1	MAP_D_CAD_00 415
580	func00_E_EVENT_START2	MAP_D_CAD_00 417
582	真のイビノスだな…	MAP_D_HEI_02 368
584	いくぞ！！！	MAP_D_HEI_02 297
594	これでどうにか…	MAP_D_HEI_02 594
596	ジグっちーーー！	MAP_D_HEI_02 596
603	なにしてるんだ！？	MAP_D_HEI_02 603
607	親方に怒られたんだ	MAP_D_HEI_02 607
609	てめぇらがザコを	MAP_D_HEI_02 609
	片しておかねぇから	
	ジグが寄り道すんだって	
613	ってことで	MAP_D_HEI_02 613
	バトンタッチだ	
615	後はタイロン一家が	MAP_D_HEI_02 615
	引き受けた！！	
619	ピンスは？	MAP_D_HEI_02 619
628	既に大暴走だぜ？	MAP_D_HEI_02 628
633	…わかった	MAP_D_HEI_02 633
	あとは任せたぞ	
637	合点承知ぃ！	MAP_D_HEI_02 637
643	func00_E_EVENT_END1	MAP_D_CAD_00 424
644	func00_E_EVENT_END2	MAP_D_CAD_00 425
645	func00_E_EVENT_END1	MAP_D_CAD_00 424
646	func00_E_EVENT_END2	MAP_D_CAD_00 425
648	func00_E_EVENT_START1	MAP_D_CAD_00 415
651	func00_E_EVENT_START2	MAP_D_CAD_00 417
653	真のイビノスだな…	MAP_D_HEI_02 368
655	いくぞ！！！	MAP_D_HEI_02 297
662	さぁすが先輩	MAP_D_HEI_02 662
	また勝負でもする？	
665	ベイガー…！？	MAP_D_HEI_02 665
669	何、サボってんすか？	MAP_D_HEI_02 669
672	ここのイビノス討伐	MAP_D_HEI_02 672
	ぶっちゃけおれだけで	
	じゅうぶんだしさ	
675	おまえな…！	MAP_D_HEI_02 675
679	先輩さぁ、超美味しい	MAP_D_HEI_02 679
	役目をもってるくせに	
	更にヒーロー気取り？	
681	はっ、本当に	MAP_D_HEI_02 681
	嫌な奴だよあんた	
683	だからさぁ…	MAP_D_HEI_02 683
	とっとといっちまえよ！	
687	ベイガー…	MAP_D_HEI_02 687
691	終わった後に	MAP_D_HEI_02 691
	褒め称えてほしいね！	
693	できる後輩がいて助かった	MAP_D_HEI_02 693
	ってさぁ！！	
697	おまえが本当に	MAP_D_HEI_02 697
	役に立ったらな	
705	上等ぉぉ！	MAP_D_HEI_02 705
707	func00_E_EVENT_END1	MAP_D_CAD_00 424
708	func00_E_EVENT_END2	MAP_D_CAD_00 425
709	func00_E_EVENT_END1	MAP_D_CAD_00 424
710	func00_E_EVENT_END2	MAP_D_CAD_00 425
712	func00_E_EVENT_START1	MAP_D_CAD_00 415
713	func00_E_EVENT_START2	MAP_D_CAD_00 417
714	func00_E_EVENT_END1	MAP_D_CAD_00 424
715	func00_E_EVENT_END2	MAP_D_CAD_00 425
716	func00_E_EVENT_START1	MAP_D_CAD_00 415
720	func00_E_EVENT_START2	MAP_D_CAD_00 417
723	各所のイビノスを	MAP_D_HEI_02 723
	倒しておいでかな？	
727	ああ	MAP_D_CAN_00 336
729	おれだけの力じゃ	MAP_D_HEI_02 729
	ないけどな	
734	では、これを……	MAP_D_HEI_02 734
739	これで心置きなく	MAP_D_HEI_02 739
	役目を果たせるでしょう	
741	…七騎士ジグ	MAP_D_HEI_02 741
	忘れないでほしい	
743	今、あなたの背を	MAP_D_HEI_02 743
	全ての民が	
	見送っていることを！	
745	func00_E_EVENT_END1	MAP_D_CAD_00 424
747	func00_E_EVENT_END2	MAP_D_CAD_00 425
748	シーン初期化	MAP_D_CAD_00 1232
		
749	オブジェクト配置	MAP_D_CAD_00 1233
		
750	オブジェクトトラップ配置	MAP_D_CAD_00 1235
		
751	マップチェンジトラップ配置	MAP_D_CAD_00 1236
		
755	ＮＰＣ配置	MAP_D_CAD_00 1248
		
756	イベントトラップ配置	MAP_D_CAD_00 1413
		
757	？？？	MAP_D_CAD_01 744
