0	■■■ func00_DEBUG_SIGN ■■■	MAP_D_CAD_00 0
		
1	！！！エラー検出用サブルーチンを通りました！！！	MAP_D_CAD_00 1
		
2	イビノスシンボル配置しない。フラグ：	MAP_D_CAD_00 2
4	イビノスシンボル配置する。フラグ：	MAP_D_CAD_00 4
7	ランカーファイル情報更新	MAP_D_CAD_00 7
		
8	->旧:	MAP_D_CAD_00 8
9	 追加:	MAP_D_CAD_00 9
10	 結果:	MAP_D_CAD_00 10
12	ランク:	MAP_D_CAD_00 12
15	ランカー戦勝利・戻り値：	MAP_D_CAD_00 15
17	ランキング戦を申し込みますか？	MAP_D_CAD_00 17
18	申し込む	MAP_D_CAD_00 18
19	やめておく	MAP_D_CAD_00 19
22	イビノスシンボル倒した。フラグON：	MAP_D_CAD_00 22
25	イビノス戦：イベント終了？	MAP_D_CAD_00 25
		
26	スクリプト：未知のモーションタイプが指定されました	MAP_D_CAD_00 26
		
33	***振り向き判定ＰＣ***	MAP_D_CAD_00 33
		
34	現在:cmn_r0:	MAP_D_CAD_00 34
36	目標:cmn_r1:	MAP_D_CAD_00 36
38	差分:cmn_r2:	MAP_D_CAD_00 38
40	差分＾２:cmn_r3:	MAP_D_CAD_00 40
42	閾値＾２:cmn_r4:	MAP_D_CAD_00 42
44	->pc振り向きません	MAP_D_CAD_00 44
		
45	->pc振り向きます	MAP_D_CAD_00 45
		
47	***振り向き判定***	MAP_D_CAD_00 47
		
48	現在:cmn_r0:	MAP_D_CAD_00 34
50	目標:cmn_r1:	MAP_D_CAD_00 36
52	差分:cmn_r2:	MAP_D_CAD_00 38
54	差分＾２:cmn_r3:	MAP_D_CAD_00 40
56	閾値＾２:cmn_r4:	MAP_D_CAD_00 42
58	->npc振り向きません	MAP_D_CAD_00 58
		
59	->npc振り向きます	MAP_D_CAD_00 59
		
63	ロード待ち開始	MAP_D_CAD_00 63
		
64	ロード待ち終了	MAP_D_CAD_00 64
		
65	{15}0C{14}L00000000を	MAP_D_CAD_00 65
	手に入れた	
66	{15}0E{14}L00000000を	MAP_D_CAD_00 66
	手に入れた	
67	{15}0F{14}L00000000を	MAP_D_CAD_00 67
	手に入れた	
68	{15}0D{14}L00000000を	MAP_D_CAD_00 68
	手に入れた	
69	{15}10{14}L00000000を	MAP_D_CAD_00 69
	手に入れた	
70	{15}12{14}L00000000を	MAP_D_CAD_00 70
	手に入れた	
71	{15}11{14}L00000000を	MAP_D_CAD_00 71
	手に入れた	
72	{15}13{14}L00000000を{1d}L00000001個	MAP_D_CAD_00 72
	手に入れた	
73	{15}14{14}L00000000を{1d}L00000001個	MAP_D_CAD_00 73
	手に入れた	
74	{15}14{14}L00000000を	MAP_D_CAD_00 74
	手に入れた	
75	{15}1B{14}L00000000を	MAP_D_CAD_00 75
	手に入れた	
76	{14}L00000000を	MAP_D_CAD_00 76
	手に入れた	
77	{1d}L00000000Ｂを手に入れた	MAP_D_CAD_00 77
		
78	num_calc：	MAP_D_CAD_00 78
80	{15}0C{14}L00000000を	MAP_D_CAD_00 80
	手渡した	
81	{15}0E{14}L00000000を	MAP_D_CAD_00 81
	手渡した	
82	{15}0F{14}L00000000を	MAP_D_CAD_00 82
	手渡した	
83	{15}0D{14}L00000000を	MAP_D_CAD_00 83
	手渡した	
84	{15}10{14}L00000000を	MAP_D_CAD_00 84
	手渡した	
85	{15}12{14}L00000000を	MAP_D_CAD_00 85
	手渡した	
86	{15}11{14}L00000000を	MAP_D_CAD_00 86
	手渡した	
87	{15}13{14}L00000000を{1d}L00000001個	MAP_D_CAD_00 87
	手渡した	
88	{15}14{14}L00000000を{1d}L00000001個	MAP_D_CAD_00 88
	手渡した	
89	{15}14{14}L00000000を	MAP_D_CAD_00 89
	手渡した	
90	{15}1B{14}L00000000を	MAP_D_CAD_00 90
	手渡した	
91	{14}L00000000を	MAP_D_CAD_00 91
	手渡した	
		
92	■■ret0■■：	MAP_D_CAD_00 92
96	■■ret■■：	MAP_D_CAD_00 96
98	cmn_option:	MAP_D_CAD_00 98
106	セーブポイント	MAP_D_CAD_00 106
107	データ削除ユーティリティを起動します	MAP_D_CAD_00 107
	ゲームプレイデータのセーブには	
	{1d}L00000001KB以上の空き容量が必要です	
108	ネックタイプ：	MAP_D_CAD_00 108
110	首の初期化	MAP_D_CAD_00 110
		
111	ネックタイプ：	MAP_D_CAD_00 108
115	大橋が	MAP_D_CAD_00 115
	トラベルマップで使用可能になりました	
116	下区：商業区が	MAP_D_CAD_00 116
	トラベルマップで使用可能になりました	
117	下区：ランカー居住区が	MAP_D_CAD_00 117
	トラベルマップで使用可能になりました	
118	下区：闘技場前が	MAP_D_CAD_00 118
	トラベルマップで使用可能になりました	
119	タイロン租界が	MAP_D_CAD_00 119
	トラベルマップで使用可能になりました	
120	バザルタ出張所前が	MAP_D_CAD_00 120
	トラベルマップで使用可能になりました	
121	上区：噴水広場前が	MAP_D_CAD_00 121
	トラベルマップで使用可能になりました	
122	バザルタ本部前が	MAP_D_CAD_00 122
	トラベルマップで使用可能になりました	
123	フラグ・フィールド：	MAP_D_CAD_00 123
125	フラグ・フィールド：	MAP_D_CAD_00 123
127	ガンドアが	MAP_D_CAD_00 127
	トラベルマップで使用可能になりました	
128	カンタレラが	MAP_D_CAD_00 128
	トラベルマップで使用可能になりました	
129	トーロ荒地が	MAP_D_CAD_00 129
	トラベルマップで使用可能になりました	
130	リブラ森林が	MAP_D_CAD_00 130
	トラベルマップで使用可能になりました	
131	マイヤールの森が	MAP_D_CAD_00 131
	トラベルマップで使用可能になりました	
132	ベリエ街道が	MAP_D_CAD_00 132
	トラベルマップで使用可能になりました	
133	ドネイ回廊が	MAP_D_CAD_00 133
	トラベルマップで使用可能になりました	
134	ウィルゴー砂漠が	MAP_D_CAD_00 134
	トラベルマップで使用可能になりました	
135	カドモール水源が	MAP_D_CAD_00 135
	トラベルマップで使用可能になりました	
136	カルキノス荒地が	MAP_D_CAD_00 136
	トラベルマップで使用可能になりました	
137	ラ・キット遺跡が	MAP_D_CAD_00 137
	トラベルマップで使用可能になりました	
138	レオン峡谷が	MAP_D_CAD_00 138
	トラベルマップで使用可能になりました	
139	ソダー回廊が	MAP_D_CAD_00 139
	トラベルマップで使用可能になりました	
140	ニシュラ氷河が	MAP_D_CAD_00 140
	トラベルマップで使用可能になりました	
141	いにしえの回廊が	MAP_D_CAD_00 141
	トラベルマップで使用可能になりました	
142	フィッシェ街道が	MAP_D_CAD_00 142
	トラベルマップで使用可能になりました	
143	レゾナール海岸が	MAP_D_CAD_00 143
	トラベルマップで使用可能になりました	
144	ケイロニア高原が	MAP_D_CAD_00 144
	トラベルマップで使用可能になりました	
145	ケイロニア砦が	MAP_D_CAD_00 145
	トラベルマップで使用可能になりました	
146	サルバトーレ離宮が	MAP_D_CAD_00 146
	トラベルマップで使用可能になりました	
147	リストにないよ？	MAP_D_CAD_00 147
		
148	_case:	MAP_D_CAD_00 148
151	「討伐修練【低位１】」の	MAP_D_CAD_00 151
	クリア条件を満たした！	
152	「討伐修練【低位２】」の	MAP_D_CAD_00 152
	クリア条件を満たした！	
153	「討伐修練【低位３】」の	MAP_D_CAD_00 153
	クリア条件を満たした！	
154	「討伐修練【低位４】」の	MAP_D_CAD_00 154
	クリア条件を満たした！	
155	「討伐修練【低位５】」の	MAP_D_CAD_00 155
	クリア条件を満たした！	
156	「討伐修練【中位１】」の	MAP_D_CAD_00 156
	クリア条件を満たした！	
157	「討伐修練【中位２】」の	MAP_D_CAD_00 157
	クリア条件を満たした！	
158	「討伐修練【高位１】」の	MAP_D_CAD_00 158
	クリア条件を満たした！	
159	「討伐修練【高位２】」の	MAP_D_CAD_00 159
	クリア条件を満たした！	
160	「薬草探しの代理人」の	MAP_D_CAD_00 160
	クリア条件を満たした！	
161	「新商品開発の手伝い」の	MAP_D_CAD_00 161
	クリア条件を満たした！	
162	「蒼の指環を求めて」の	MAP_D_CAD_00 162
	クリア条件を満たした！	
163	「雪中の贈り物」の	MAP_D_CAD_00 163
	クリア条件を満たした！	
164	「加護あることを祈って」の	MAP_D_CAD_00 164
	クリア条件を満たした！	
165	「追想の白い花」の	MAP_D_CAD_00 165
	クリア条件を満たした！	
166	「来れ、好運の使者！」の	MAP_D_CAD_00 166
	クリア条件を満たした！	
167	「武術指南のお願い」の	MAP_D_CAD_00 167
	クリア条件を満たした！	
168	「行方不明の従業員」の	MAP_D_CAD_00 168
	クリア条件を満たした！	
169	「スキルチップ収集中」の	MAP_D_CAD_00 169
	クリア条件を満たした！	
170	「盗難品の行方は」の	MAP_D_CAD_00 170
	クリア条件を満たした！	
171	「資料集めのアシスタント」の	MAP_D_CAD_00 171
	クリア条件を満たした！	
172	「河畔の生態系調査」の	MAP_D_CAD_00 172
	クリア条件を満たした！	
173	「新人官吏を捕獲せよ」の	MAP_D_CAD_00 173
	クリア条件を満たした！	
174	「黒い積荷の回収」の	MAP_D_CAD_00 174
	クリア条件を満たした！	
175	「悪徳商売を抑止せよ」の	MAP_D_CAD_00 175
	クリア条件を満たした！	
176	「新人ランカー襲撃事件」の	MAP_D_CAD_00 176
	クリア条件を満たした！	
177	「優しい猛者、募集中」の	MAP_D_CAD_00 177
	クリア条件を満たした！	
178	「異郷からきた尋ね人」の	MAP_D_CAD_00 178
	クリア条件を満たした！	
179	「勇壮なる護衛の依頼」の	MAP_D_CAD_00 179
	クリア条件を満たした！	
180	「赫の指環を求めて」の	MAP_D_CAD_00 180
	クリア条件を満たした！	
181	「闘技場の害獣駆除」の	MAP_D_CAD_00 181
	クリア条件を満たした！	
182	「回覧板配達人」の	MAP_D_CAD_00 182
	クリア条件を満たした！	
183	「討伐修練【緊急】」の	MAP_D_CAD_00 183
	クリア条件を満たした！	
184	「鉱物資源の収集【緊急】」の	MAP_D_CAD_00 184
	クリア条件を満たした！	
185	「タリー石を探せ」の	MAP_D_CAD_00 185
	クリア条件を満たした！	
186	「甘梅草を探せ」の	MAP_D_CAD_00 186
	クリア条件を満たした！	
187	「衛兵の剣の没収」の	MAP_D_CAD_00 187
	クリア条件を満たした！	
188	「衛兵の剣の返却」の	MAP_D_CAD_00 188
	クリア条件を満たした！	
189	「森のイビノス駆除【重大】」の	MAP_D_CAD_00 189
	クリア条件を満たした！	
190	「回廊のイビノス駆除【重大】」の	MAP_D_CAD_00 190
	クリア条件を満たした！	
191	「七騎士認定修練【重大】」の	MAP_D_CAD_00 191
	クリア条件を満たした！	
192	ガンドアが	MAP_D_CAD_00 192
	トラベルマップで通行可能になりました	
193	ガンドアが	MAP_D_CAD_00 193
	トラベルマップで通行不能になりました	
194	カンタレラが	MAP_D_CAD_00 194
	トラベルマップで通行可能になりました	
195	カンタレラが	MAP_D_CAD_00 195
	トラベルマップで通行不能になりました	
196	トーロ荒地が	MAP_D_CAD_00 196
	トラベルマップで通行可能になりました	
197	トーロ荒地が	MAP_D_CAD_00 197
	トラベルマップで通行不能になりました	
198	リブラ森林が	MAP_D_CAD_00 198
	トラベルマップで通行可能になりました	
199	リブラ森林が	MAP_D_CAD_00 199
	トラベルマップで通行不能になりました	
200	マイヤールの森が	MAP_D_CAD_00 200
	トラベルマップで通行可能になりました	
201	マイヤールの森が	MAP_D_CAD_00 201
	トラベルマップで通行不能になりました	
202	ベリエ街道が	MAP_D_CAD_00 202
	トラベルマップで通行可能になりました	
203	ベリエ街道が	MAP_D_CAD_00 203
	トラベルマップで通行不能になりました	
204	ドネイ回廊が	MAP_D_CAD_00 204
	トラベルマップで通行可能になりました	
205	ドネイ回廊が	MAP_D_CAD_00 205
	トラベルマップで通行不能になりました	
206	ウィルゴー砂漠が	MAP_D_CAD_00 206
	トラベルマップで通行可能になりました	
207	ウィルゴー砂漠が	MAP_D_CAD_00 207
	トラベルマップで通行不能になりました	
208	カドモール水源が	MAP_D_CAD_00 208
	トラベルマップで通行可能になりました	
209	カドモール水源が	MAP_D_CAD_00 209
	トラベルマップで通行不能になりました	
210	カルキノス荒地が	MAP_D_CAD_00 210
	トラベルマップで通行可能になりました	
211	カルキノス荒地が	MAP_D_CAD_00 211
	トラベルマップで通行不能になりました	
212	ラ・キット遺跡が	MAP_D_CAD_00 212
	トラベルマップで通行可能になりました	
213	ラ・キット遺跡が	MAP_D_CAD_00 213
	トラベルマップで通行不能になりました	
214	レオン峡谷が	MAP_D_CAD_00 214
	トラベルマップで通行可能になりました	
215	レオン峡谷が	MAP_D_CAD_00 215
	トラベルマップで通行不能になりました	
216	ソダー回廊が	MAP_D_CAD_00 216
	トラベルマップで通行可能になりました	
217	ソダー回廊が	MAP_D_CAD_00 217
	トラベルマップで通行不能になりました	
218	ニシュラ氷河が	MAP_D_CAD_00 218
	トラベルマップで通行可能になりました	
219	ニシュラ氷河が	MAP_D_CAD_00 219
	トラベルマップで通行不能になりました	
220	いにしえの回廊が	MAP_D_CAD_00 220
	トラベルマップで通行可能になりました	
221	いにしえの回廊が	MAP_D_CAD_00 221
	トラベルマップで通行不能になりました	
222	フィッシェ街道が	MAP_D_CAD_00 222
	トラベルマップで通行可能になりました	
223	フィッシェ街道が	MAP_D_CAD_00 223
	トラベルマップで通行不能になりました	
224	レゾナール海岸が	MAP_D_CAD_00 224
	トラベルマップで通行可能になりました	
225	レゾナール海岸が	MAP_D_CAD_00 225
	トラベルマップで通行不能になりました	
226	ケイロニア高原が	MAP_D_CAD_00 226
	トラベルマップで通行可能になりました	
227	ケイロニア高原が	MAP_D_CAD_00 227
	トラベルマップで通行不能になりました	
228	ケイロニア砦が	MAP_D_CAD_00 228
	トラベルマップで通行可能になりました	
229	ケイロニア砦が	MAP_D_CAD_00 229
	トラベルマップで通行不能になりました	
230	サルバトーレ離宮が	MAP_D_CAD_00 230
	トラベルマップで通行可能になりました	
231	サルバトーレ離宮が	MAP_D_CAD_00 231
	トラベルマップで通行不能になりました	
232	リストにないよ？	MAP_D_CAD_00 147
		
233	シーン初期化	MAP_D_CAD_00 1232
		
235	オブジェクト配置	MAP_D_CAD_00 1233
		
236	美術品	Artwork
237	美術品をとりますか？	Take the artwork?
238	はい	MAP_D_CAD_00 432
239	いいえ	MAP_D_CAD_00 433
243	２つ同時には持てない…	I can't carry 2 at the same time...
244	美術品をおきますか？	Place the artwork?
272	マップチェンジトラップ配置	MAP_D_CAD_00 1236
		
273	ＮＰＣ配置	MAP_D_CAD_00 1248
		
274	イベントトラップ配置	MAP_D_CAD_00 1413
		
275	高価そうな箱	
276	？？？	MAP_D_CAD_01 744
279	開かない…	It won't open...
	鍵がかかってるな	It's locked, huh.
