0	■■■ func00_DEBUG_SIGN ■■■	MAP_D_CAD_00 0	
			
1	！！！エラー検出用サブルーチンを通りました！！！	MAP_D_CAD_00 1	
			
2	イビノスシンボル配置しない。フラグ：	MAP_D_CAD_00 2	
4	イビノスシンボル配置する。フラグ：	MAP_D_CAD_00 4	
7	ランカーファイル情報更新	MAP_D_CAD_00 7	
			
8	->旧:	MAP_D_CAD_00 8	
9	 追加:	MAP_D_CAD_00 9	
10	 結果:	MAP_D_CAD_00 10	
12	ランク:	MAP_D_CAD_00 12	
15	ランカー戦勝利・戻り値：	MAP_D_CAD_00 15	
17	ランキング戦を申し込みますか？	MAP_D_CAD_00 17	
18	申し込む	MAP_D_CAD_00 18	
19	やめておく	MAP_D_CAD_00 19	
22	イビノスシンボル倒した。フラグON：	MAP_D_CAD_00 22	
25	イビノス戦：イベント終了？	MAP_D_CAD_00 25	
			
26	スクリプト：未知のモーションタイプが指定されました	MAP_D_CAD_00 26	
			
33	***振り向き判定ＰＣ***	MAP_D_CAD_00 33	
			
34	現在:cmn_r0:	MAP_D_CAD_00 34	
36	目標:cmn_r1:	MAP_D_CAD_00 36	
38	差分:cmn_r2:	MAP_D_CAD_00 38	
40	差分＾２:cmn_r3:	MAP_D_CAD_00 40	
42	閾値＾２:cmn_r4:	MAP_D_CAD_00 42	
44	->pc振り向きません	MAP_D_CAD_00 44	
			
45	->pc振り向きます	MAP_D_CAD_00 45	
			
47	***振り向き判定***	MAP_D_CAD_00 47	
			
48	現在:cmn_r0:	MAP_D_CAD_00 34	
50	目標:cmn_r1:	MAP_D_CAD_00 36	
52	差分:cmn_r2:	MAP_D_CAD_00 38	
54	差分＾２:cmn_r3:	MAP_D_CAD_00 40	
56	閾値＾２:cmn_r4:	MAP_D_CAD_00 42	
58	->npc振り向きません	MAP_D_CAD_00 58	
			
59	->npc振り向きます	MAP_D_CAD_00 59	
			
63	ロード待ち開始	MAP_D_CAD_00 63	
			
64	ロード待ち終了	MAP_D_CAD_00 64	
			
65	{15}0C{14}L00000000を	MAP_D_CAD_00 65	
	手に入れた		
66	{15}0E{14}L00000000を	MAP_D_CAD_00 66	
	手に入れた		
67	{15}0F{14}L00000000を	MAP_D_CAD_00 67	
	手に入れた		
68	{15}0D{14}L00000000を	MAP_D_CAD_00 68	
	手に入れた		
69	{15}10{14}L00000000を	MAP_D_CAD_00 69	
	手に入れた		
70	{15}12{14}L00000000を	MAP_D_CAD_00 70	
	手に入れた		
71	{15}11{14}L00000000を	MAP_D_CAD_00 71	
	手に入れた		
72	{15}13{14}L00000000を{1d}L00000001個	MAP_D_CAD_00 72	
	手に入れた		
73	{15}14{14}L00000000を{1d}L00000001個	MAP_D_CAD_00 73	
	手に入れた		
74	{15}14{14}L00000000を	MAP_D_CAD_00 74	
	手に入れた		
75	{15}1B{14}L00000000を	MAP_D_CAD_00 75	
	手に入れた		
76	{14}L00000000を	MAP_D_CAD_00 76	
	手に入れた		
77	{1d}L00000000Ｂを手に入れた	MAP_D_CAD_00 77	
			
78	num_calc：	MAP_D_CAD_00 78	
80	{15}0C{14}L00000000を	MAP_D_CAD_00 80	
	手渡した		
81	{15}0E{14}L00000000を	MAP_D_CAD_00 81	
	手渡した		
82	{15}0F{14}L00000000を	MAP_D_CAD_00 82	
	手渡した		
83	{15}0D{14}L00000000を	MAP_D_CAD_00 83	
	手渡した		
84	{15}10{14}L00000000を	MAP_D_CAD_00 84	
	手渡した		
85	{15}12{14}L00000000を	MAP_D_CAD_00 85	
	手渡した		
86	{15}11{14}L00000000を	MAP_D_CAD_00 86	
	手渡した		
87	{15}13{14}L00000000を{1d}L00000001個	MAP_D_CAD_00 87	
	手渡した		
88	{15}14{14}L00000000を{1d}L00000001個	MAP_D_CAD_00 88	
	手渡した		
89	{15}14{14}L00000000を	MAP_D_CAD_00 89	
	手渡した		
90	{15}1B{14}L00000000を	MAP_D_CAD_00 90	
	手渡した		
91	{14}L00000000を	MAP_D_CAD_00 91	
	手渡した		
			
92	■■ret0■■：	MAP_D_CAD_00 92	
96	■■ret■■：	MAP_D_CAD_00 96	
98	cmn_option:	MAP_D_CAD_00 98	
106	セーブポイント	MAP_D_CAD_00 106	
107	データ削除ユーティリティを起動します	MAP_D_CAD_00 107	
	ゲームプレイデータのセーブには		
	{1d}L00000001KB以上の空き容量が必要です		
108	ネックタイプ：	MAP_D_CAD_00 108	
110	首の初期化	MAP_D_CAD_00 110	
			
111	ネックタイプ：	MAP_D_CAD_00 108	
115	大橋が	MAP_D_CAD_00 115	
	トラベルマップで使用可能になりました		
116	下区：商業区が	MAP_D_CAD_00 116	
	トラベルマップで使用可能になりました		
117	下区：ランカー居住区が	MAP_D_CAD_00 117	
	トラベルマップで使用可能になりました		
118	下区：闘技場前が	MAP_D_CAD_00 118	
	トラベルマップで使用可能になりました		
119	タイロン租界が	MAP_D_CAD_00 119	
	トラベルマップで使用可能になりました		
120	バザルタ出張所前が	MAP_D_CAD_00 120	
	トラベルマップで使用可能になりました		
121	上区：噴水広場前が	MAP_D_CAD_00 121	
	トラベルマップで使用可能になりました		
122	バザルタ本部前が	MAP_D_CAD_00 122	
	トラベルマップで使用可能になりました		
123	フラグ・フィールド：	MAP_D_CAD_00 123	
125	フラグ・フィールド：	MAP_D_CAD_00 123	
127	ガンドアが	MAP_D_CAD_00 127	
	トラベルマップで使用可能になりました		
128	カンタレラが	MAP_D_CAD_00 128	
	トラベルマップで使用可能になりました		
129	トーロ荒地が	MAP_D_CAD_00 129	
	トラベルマップで使用可能になりました		
130	リブラ森林が	MAP_D_CAD_00 130	
	トラベルマップで使用可能になりました		
131	マイヤールの森が	MAP_D_CAD_00 131	
	トラベルマップで使用可能になりました		
132	ベリエ街道が	MAP_D_CAD_00 132	
	トラベルマップで使用可能になりました		
133	ドネイ回廊が	MAP_D_CAD_00 133	
	トラベルマップで使用可能になりました		
134	ウィルゴー砂漠が	MAP_D_CAD_00 134	
	トラベルマップで使用可能になりました		
135	カドモール水源が	MAP_D_CAD_00 135	
	トラベルマップで使用可能になりました		
136	カルキノス荒地が	MAP_D_CAD_00 136	
	トラベルマップで使用可能になりました		
137	ラ・キット遺跡が	MAP_D_CAD_00 137	
	トラベルマップで使用可能になりました		
138	レオン峡谷が	MAP_D_CAD_00 138	
	トラベルマップで使用可能になりました		
139	ソダー回廊が	MAP_D_CAD_00 139	
	トラベルマップで使用可能になりました		
140	ニシュラ氷河が	MAP_D_CAD_00 140	
	トラベルマップで使用可能になりました		
141	いにしえの回廊が	MAP_D_CAD_00 141	
	トラベルマップで使用可能になりました		
142	フィッシェ街道が	MAP_D_CAD_00 142	
	トラベルマップで使用可能になりました		
143	レゾナール海岸が	MAP_D_CAD_00 143	
	トラベルマップで使用可能になりました		
144	ケイロニア高原が	MAP_D_CAD_00 144	
	トラベルマップで使用可能になりました		
145	ケイロニア砦が	MAP_D_CAD_00 145	
	トラベルマップで使用可能になりました		
146	サルバトーレ離宮が	MAP_D_CAD_00 146	
	トラベルマップで使用可能になりました		
147	リストにないよ？	MAP_D_CAD_00 147	
			
148	_case:	MAP_D_CAD_00 148	
151	「討伐修練【低位１】」の	MAP_D_CAD_00 151	
	クリア条件を満たした！		
152	「討伐修練【低位２】」の	MAP_D_CAD_00 152	
	クリア条件を満たした！		
153	「討伐修練【低位３】」の	MAP_D_CAD_00 153	
	クリア条件を満たした！		
154	「討伐修練【低位４】」の	MAP_D_CAD_00 154	
	クリア条件を満たした！		
155	「討伐修練【低位５】」の	MAP_D_CAD_00 155	
	クリア条件を満たした！		
156	「討伐修練【中位１】」の	MAP_D_CAD_00 156	
	クリア条件を満たした！		
157	「討伐修練【中位２】」の	MAP_D_CAD_00 157	
	クリア条件を満たした！		
158	「討伐修練【高位１】」の	MAP_D_CAD_00 158	
	クリア条件を満たした！		
159	「討伐修練【高位２】」の	MAP_D_CAD_00 159	
	クリア条件を満たした！		
160	「薬草探しの代理人」の	MAP_D_CAD_00 160	
	クリア条件を満たした！		
161	「新商品開発の手伝い」の	MAP_D_CAD_00 161	
	クリア条件を満たした！		
162	「蒼の指環を求めて」の	MAP_D_CAD_00 162	
	クリア条件を満たした！		
163	「雪中の贈り物」の	MAP_D_CAD_00 163	
	クリア条件を満たした！		
164	「加護あることを祈って」の	MAP_D_CAD_00 164	
	クリア条件を満たした！		
165	「追想の白い花」の	MAP_D_CAD_00 165	
	クリア条件を満たした！		
166	「来れ、好運の使者！」の	MAP_D_CAD_00 166	
	クリア条件を満たした！		
167	「武術指南のお願い」の	MAP_D_CAD_00 167	
	クリア条件を満たした！		
168	「行方不明の従業員」の	MAP_D_CAD_00 168	
	クリア条件を満たした！		
169	「スキルチップ収集中」の	MAP_D_CAD_00 169	
	クリア条件を満たした！		
170	「盗難品の行方は」の	MAP_D_CAD_00 170	
	クリア条件を満たした！		
171	「資料集めのアシスタント」の	MAP_D_CAD_00 171	
	クリア条件を満たした！		
172	「河畔の生態系調査」の	MAP_D_CAD_00 172	
	クリア条件を満たした！		
173	「新人官吏を捕獲せよ」の	MAP_D_CAD_00 173	
	クリア条件を満たした！		
174	「黒い積荷の回収」の	MAP_D_CAD_00 174	
	クリア条件を満たした！		
175	「悪徳商売を抑止せよ」の	MAP_D_CAD_00 175	
	クリア条件を満たした！		
176	「新人ランカー襲撃事件」の	MAP_D_CAD_00 176	
	クリア条件を満たした！		
177	「優しい猛者、募集中」の	MAP_D_CAD_00 177	
	クリア条件を満たした！		
178	「異郷からきた尋ね人」の	MAP_D_CAD_00 178	
	クリア条件を満たした！		
179	「勇壮なる護衛の依頼」の	MAP_D_CAD_00 179	
	クリア条件を満たした！		
180	「赫の指環を求めて」の	MAP_D_CAD_00 180	
	クリア条件を満たした！		
181	「闘技場の害獣駆除」の	MAP_D_CAD_00 181	
	クリア条件を満たした！		
182	「回覧板配達人」の	MAP_D_CAD_00 182	
	クリア条件を満たした！		
183	「討伐修練【緊急】」の	MAP_D_CAD_00 183	
	クリア条件を満たした！		
184	「鉱物資源の収集【緊急】」の	MAP_D_CAD_00 184	
	クリア条件を満たした！		
185	「タリー石を探せ」の	MAP_D_CAD_00 185	
	クリア条件を満たした！		
186	「甘梅草を探せ」の	MAP_D_CAD_00 186	
	クリア条件を満たした！		
187	「衛兵の剣の没収」の	MAP_D_CAD_00 187	
	クリア条件を満たした！		
188	「衛兵の剣の返却」の	MAP_D_CAD_00 188	
	クリア条件を満たした！		
189	「森のイビノス駆除【重大】」の	MAP_D_CAD_00 189	
	クリア条件を満たした！		
190	「回廊のイビノス駆除【重大】」の	MAP_D_CAD_00 190	
	クリア条件を満たした！		
191	「七騎士認定修練【重大】」の	MAP_D_CAD_00 191	
	クリア条件を満たした！		
192	ガンドアが	MAP_D_CAD_00 192	
	トラベルマップで通行可能になりました		
193	ガンドアが	MAP_D_CAD_00 193	
	トラベルマップで通行不能になりました		
194	カンタレラが	MAP_D_CAD_00 194	
	トラベルマップで通行可能になりました		
195	カンタレラが	MAP_D_CAD_00 195	
	トラベルマップで通行不能になりました		
196	トーロ荒地が	MAP_D_CAD_00 196	
	トラベルマップで通行可能になりました		
197	トーロ荒地が	MAP_D_CAD_00 197	
	トラベルマップで通行不能になりました		
198	リブラ森林が	MAP_D_CAD_00 198	
	トラベルマップで通行可能になりました		
199	リブラ森林が	MAP_D_CAD_00 199	
	トラベルマップで通行不能になりました		
200	マイヤールの森が	MAP_D_CAD_00 200	
	トラベルマップで通行可能になりました		
201	マイヤールの森が	MAP_D_CAD_00 201	
	トラベルマップで通行不能になりました		
202	ベリエ街道が	MAP_D_CAD_00 202	
	トラベルマップで通行可能になりました		
203	ベリエ街道が	MAP_D_CAD_00 203	
	トラベルマップで通行不能になりました		
204	ドネイ回廊が	MAP_D_CAD_00 204	
	トラベルマップで通行可能になりました		
205	ドネイ回廊が	MAP_D_CAD_00 205	
	トラベルマップで通行不能になりました		
206	ウィルゴー砂漠が	MAP_D_CAD_00 206	
	トラベルマップで通行可能になりました		
207	ウィルゴー砂漠が	MAP_D_CAD_00 207	
	トラベルマップで通行不能になりました		
208	カドモール水源が	MAP_D_CAD_00 208	
	トラベルマップで通行可能になりました		
209	カドモール水源が	MAP_D_CAD_00 209	
	トラベルマップで通行不能になりました		
210	カルキノス荒地が	MAP_D_CAD_00 210	
	トラベルマップで通行可能になりました		
211	カルキノス荒地が	MAP_D_CAD_00 211	
	トラベルマップで通行不能になりました		
212	ラ・キット遺跡が	MAP_D_CAD_00 212	
	トラベルマップで通行可能になりました		
213	ラ・キット遺跡が	MAP_D_CAD_00 213	
	トラベルマップで通行不能になりました		
214	レオン峡谷が	MAP_D_CAD_00 214	
	トラベルマップで通行可能になりました		
215	レオン峡谷が	MAP_D_CAD_00 215	
	トラベルマップで通行不能になりました		
216	ソダー回廊が	MAP_D_CAD_00 216	
	トラベルマップで通行可能になりました		
217	ソダー回廊が	MAP_D_CAD_00 217	
	トラベルマップで通行不能になりました		
218	ニシュラ氷河が	MAP_D_CAD_00 218	
	トラベルマップで通行可能になりました		
219	ニシュラ氷河が	MAP_D_CAD_00 219	
	トラベルマップで通行不能になりました		
220	いにしえの回廊が	MAP_D_CAD_00 220	
	トラベルマップで通行可能になりました		
221	いにしえの回廊が	MAP_D_CAD_00 221	
	トラベルマップで通行不能になりました		
222	フィッシェ街道が	MAP_D_CAD_00 222	
	トラベルマップで通行可能になりました		
223	フィッシェ街道が	MAP_D_CAD_00 223	
	トラベルマップで通行不能になりました		
224	レゾナール海岸が	MAP_D_CAD_00 224	
	トラベルマップで通行可能になりました		
225	レゾナール海岸が	MAP_D_CAD_00 225	
	トラベルマップで通行不能になりました		
226	ケイロニア高原が	MAP_D_CAD_00 226	
	トラベルマップで通行可能になりました		
227	ケイロニア高原が	MAP_D_CAD_00 227	
	トラベルマップで通行不能になりました		
228	ケイロニア砦が	MAP_D_CAD_00 228	
	トラベルマップで通行可能になりました		
229	ケイロニア砦が	MAP_D_CAD_00 229	
	トラベルマップで通行不能になりました		
230	サルバトーレ離宮が	MAP_D_CAD_00 230	
	トラベルマップで通行可能になりました		
231	サルバトーレ離宮が	MAP_D_CAD_00 231	
	トラベルマップで通行不能になりました		
232	リストにないよ？	MAP_D_CAD_00 147	
			
237	func00_C_EVENT_START1	MAP_D_CAD_00 233	
241	func00_C_EVENT_START2	MAP_D_CAD_00 238	
245	ジグ！	MAP_D_CAD_00 615	
253	最初にこの場所を	MAP_D_SAL_00 253	
	見つけたのは		
	わたしですよ！		X
	わたしは残念な女では		
	ありませんからね		
258	なるほど…わかった	MAP_D_SAL_00 258	
269	ひっそり余生を	MAP_D_SAL_00 269	
	送ろうという		
	年寄りを殺しに来たか！		
275	ちがう	MAP_D_SAL_00 275	
	あんたのコレクションに		
	用がある		
283	若造め！	MAP_D_SAL_00 283	
	わしには用がないと		
	言うのか！？		X
	どこまでも		
	バカにしおって！		
289	はぁ？	MAP_D_SAL_00 289	
294	わしのことは無視か！？	MAP_D_SAL_00 294	
	わしは虫ってことか？		
298	何を言ってるんだ？	MAP_D_SAL_00 298	
302	なぜ笑わん！	MAP_D_SAL_00 302	
306	まったく笑えない…	MAP_D_SAL_00 306	
311	ジグ…	MAP_D_SAL_00 311	
	相手をしてはいけません…		X
	意味のないことを言って		
	相手を戸惑わせる…		X
	何度煮え湯を		
	飲まされたことか…		
315	ふん、冗談のわからぬ	MAP_D_SAL_00 315	
	堅物女め！		X
	おまえはまるで{17}02		X
	まるで{17}02		
321	まるで、なんです？	MAP_D_SAL_00 321	X
	最期を悟って		
	頭に血が上りましたか？		X
	何も考えられなく		
	なりましたか？		
330	だまらっしゃい！	MAP_D_SAL_00 330	
336	わたしにまかせて！	MAP_D_SAL_00 336	X
	あなたは石版を		
	探しなさい！		
339	func00_C_EVENT_END1	MAP_D_CAD_00 372	
340	func00_C_EVENT_END2	MAP_D_CAD_00 377	
341	func00_C_EVENT_START1	MAP_D_CAD_00 233	
343	func00_C_EVENT_START2	MAP_D_CAD_00 238	
345	…これか？	MAP_D_SAL_00 345	
	なんて書いてあるんだ？		
349	ラストランカー	MAP_D_SAL_00 349	X
	その者、すべての人を		
	制す者なり		X
	その者、我らの		
	世界を救う者なり		X
	カンタレラの王		
	その者の名を		
	告げる時、道は開く		X
	道は破砕の巣に通ず		X
	ただし		
353	カンタレラの叡智	MAP_D_SAL_00 353	
	未だ及ばず		X
	カンタレラの王		
	ラストランカー		X
	別れの言葉、残すべし		
356	func00_C_EVENT_END1	MAP_D_CAD_00 372	
357	func00_C_EVENT_END2	MAP_D_CAD_00 377	
358	func00_C_EVENT_START1	MAP_D_CAD_00 233	
364	func00_C_EVENT_START2	MAP_D_CAD_00 238	
367	ロザ！？	MAP_D_SAL_00 367	
375	わしの富が作り上げた	MAP_D_SAL_00 375	
	力を思い知ったか！		
383	この盗人め！	MAP_D_SAL_00 383	
	そんなにわしの富が		
	うらやましいか！		X
	いいことを教えてやろう		
	わしの大切な人生訓だ		X
	「身の丈をこえた富は		
	　身を滅ぼす」		
	覚えておけ！		
395	笑える話だ…	MAP_D_SAL_00 395	
398	なに！？	MAP_D_SAL_00 398	
404	苦笑いだけどな	MAP_D_SAL_00 404	
408	若造！	MAP_D_SAL_00 408	
409	func00_BATTLE_EVENT	MAP_D_CAD_00 457	
410	func00_C_EVENT_END1	MAP_D_CAD_00 372	
412	func00_C_EVENT_END2	MAP_D_CAD_00 377	
413	func00_C_EVENT_START1	MAP_D_CAD_00 233	
419	func00_C_EVENT_START2	MAP_D_CAD_00 238	
422	石版…あったの？	MAP_D_SAL_00 422	
425	ああ	MAP_D_SAL_00 425	
	書かれていたことも		
	わかった		
429	そう、良かった	MAP_D_SAL_00 429	
	では、早く行きなさい		
432	あんたは…	MAP_D_SAL_00 432	
	だいじょうぶか？		
435	もちろん…	MAP_D_SAL_00 435	
439	でも、少し眠ります	MAP_D_SAL_00 439	X
	わたし…疲れた		
441	ロザ…	MAP_D_SAL_00 441	
443	行って	MAP_D_SAL_00 443	X
	寝姿なんて…誰にも		
	見せたくありません		
449	func00_C_EVENT_END1	MAP_D_CAD_00 372	
452	func00_C_EVENT_END2	MAP_D_CAD_00 377	
453	func00_E_EVENT_START1	MAP_D_CAD_00 415	
454	func00_E_EVENT_START2	MAP_D_CAD_00 417	
456	高位２の討伐修練は	MAP_D_HEI_02 236	
	ヒヴォット官吏が		
	担当している		
458	重大な件なのでな…	MAP_D_HEI_02 238	
	特別措置だ		
459	func00_E_EVENT_END1	MAP_D_CAD_00 424	
460	func00_E_EVENT_END2	MAP_D_CAD_00 425	
461	func00_E_EVENT_START1	MAP_D_CAD_00 415	
465	func00_E_EVENT_START2	MAP_D_CAD_00 417	
468	七騎士ジグ…	MAP_D_HEI_02 248	
	この事態について		
	多くは聞きますまい		
470	あなたは	MAP_D_HEI_02 250	
	すべきことがある		
472	それでも修練を	MAP_D_HEI_02 252	
	受けるとおっしゃるのか		
474	修練「討伐修練【高位２】」	MAP_D_HEI_02 254	
	に参加しますか？		
475	参加する	MAP_D_CAD_00 919	
476	参加しない	MAP_D_CAD_00 920	
481	わかりました	MAP_D_HEI_02 261	
	ご説明しましょう		
483	先刻より、各地で	MAP_D_HEI_02 263	
	強力なイビノスの出現が		
	確認されております		
485	姿形は変わらねど	MAP_D_HEI_02 265	
	今までとは比較にならない		
	強大な力のイビノス…		
487	ベリエ街道	MAP_D_HEI_02 267	
	ウィルゴー砂漠		
	フィッシェ街道		
489	サルバトーレ離宮	MAP_D_HEI_02 269	
	カルキノス荒地		
	ケイロニア砦		
491	以上６箇所で	MAP_D_HEI_02 271	
	強力なイビノスの存在が		
	報告されております		
493	この修練は	MAP_D_HEI_02 273	
	それらを討つ修練		
495	いや、もはや	MAP_D_HEI_02 275	
	修練という名では		
	ないのかもしれませぬ		
499	…お行きください	MAP_D_HEI_02 279	
	あなたに、ご武運を！！		
501	func00_E_EVENT_END1	MAP_D_CAD_00 424	
503	func00_E_EVENT_END2	MAP_D_CAD_00 425	
506	それでいい	MAP_D_HEI_02 286	
	あなたにはお役目が		
	あるのですから…		
508	func00_E_EVENT_END1	MAP_D_CAD_00 424	
509	func00_E_EVENT_END2	MAP_D_CAD_00 425	
510	func00_E_EVENT_START1	MAP_D_CAD_00 415	
513	func00_E_EVENT_START2	MAP_D_CAD_00 417	
515	これが真のイビノス…	MAP_D_HEI_02 295	
517	いくぞ！！！	MAP_D_HEI_02 297	
524	ジグにい！	MAP_D_HEI_02 304	
528	カイト！？	MAP_D_HEI_02 308	
537	他のイビノスは	MAP_D_HEI_02 317	
	わたしたちが		
	どうにかします！		
542	…やれるのか？	MAP_D_HEI_02 322	
546	もちろん	MAP_D_HEI_02 326	
	全然ダメだ！		
550	だから、助っ人を	MAP_D_HEI_02 330	
	たくさん呼んでくる！		
	数で勝負だ！		
555	噂が流れています	MAP_D_HEI_02 335	
	あなたが、この事態を		
	収拾してくれる人だと		
559	だから…	MAP_D_HEI_02 339	
	行ってください！		
562	ティナの父ちゃんが	MAP_D_HEI_02 342	
	珍しく勇気を		
	出してるんだ！		
564	だからおいしいとこ	MAP_D_HEI_02 344	
	譲ってやってくれよ！		
569	…わかった	MAP_D_HEI_02 349	
	無理はするなよ		
573	おう！	MAP_D_HEI_02 353	
	ジグにいもな！		
578	func00_E_EVENT_END1	MAP_D_CAD_00 424	
579	func00_E_EVENT_END2	MAP_D_CAD_00 425	
580	func00_E_EVENT_END1	MAP_D_CAD_00 424	
581	func00_E_EVENT_END2	MAP_D_CAD_00 425	
583	func00_E_EVENT_START1	MAP_D_CAD_00 415	
586	func00_E_EVENT_START2	MAP_D_CAD_00 417	
588	真のイビノスだな…	MAP_D_HEI_02 368	
590	いくぞ！！！	MAP_D_HEI_02 297	
596	どう？	MAP_D_HEI_02 376	
	苦戦してる？		
602	ケイトン！？	MAP_D_HEI_02 382	
	おまえどうして！？		
607	あなたの顔を	MAP_D_HEI_02 387	
	みにきたのよ		
616	でも、こんな場所に…	MAP_D_HEI_02 396	
	危ないだろ		
620	ええ、知ってる	MAP_D_HEI_02 400	
	だからもう帰るわ		
622	…ガンドアの	MAP_D_HEI_02 402	
	お金持ちに頼んで		
	私兵を手配しておいたの		
624	ふふ…お願いするときの	MAP_D_HEI_02 404	
	わたし、ノーマよりも		
	色っぽかったかも		
626	だからあなたは	MAP_D_HEI_02 406	
	もう行っちゃっていい		
	…それを言いにきただけ		
630	すまないな	MAP_D_HEI_02 410	
636	あら	MAP_D_HEI_02 416	
	しおらしいこと！		
640	あなたがいなくちゃ	MAP_D_HEI_02 420	
	大変なんだから		
	帰ってきてよね		
641	func00_E_EVENT_END1	MAP_D_CAD_00 424	
642	func00_E_EVENT_END2	MAP_D_CAD_00 425	
643	func00_E_EVENT_END1	MAP_D_CAD_00 424	
644	func00_E_EVENT_END2	MAP_D_CAD_00 425	
646	func00_E_EVENT_START1	MAP_D_CAD_00 415	
649	func00_E_EVENT_START2	MAP_D_CAD_00 417	
651	真のイビノスだな…	MAP_D_HEI_02 368	
653	いくぞ！！！	MAP_D_HEI_02 297	
660	よし…	MAP_D_HEI_02 440	
662	！？	MAP_D_HEI_02 442	
667	よし、じゃないだろ	MAP_D_HEI_02 447	
	ランキング１位が		
	それでどうするんだい		
671	ナタン…	MAP_D_HEI_02 451	
675	町中のレディが	MAP_D_HEI_02 455	
	イビノスに怯えてるよ		
679	まったく…	MAP_D_HEI_02 459	
	実に面倒だな、これは		
683	おれたちが	MAP_D_HEI_02 463	
	どうにかする		
687	ああ、そうらしいな	MAP_D_HEI_02 467	
689	…ならなおさら	MAP_D_HEI_02 469	
	こんなところで		
	油を売っているなよ		
691	行くんだ、ジグ	MAP_D_HEI_02 471	
	残党は引き受けた		
695	…いいのか？	MAP_D_HEI_02 475	
699	化け物相手なら	MAP_D_HEI_02 479	
	ランクも上がらないし		
701	おれの形相を	MAP_D_HEI_02 481	
	みている女性もいない		
703	なら…問題ないさ	MAP_D_HEI_02 483	
707	…まかせた	MAP_D_HEI_02 487	
712	func00_E_EVENT_END1	MAP_D_CAD_00 424	
713	func00_E_EVENT_END2	MAP_D_CAD_00 425	
714	func00_E_EVENT_END1	MAP_D_CAD_00 424	
715	func00_E_EVENT_END2	MAP_D_CAD_00 425	
717	func00_E_EVENT_START1	MAP_D_CAD_00 415	
720	func00_E_EVENT_START2	MAP_D_CAD_00 417	
722	真のイビノスだな…	MAP_D_HEI_02 368	
724	いくぞ！！！	MAP_D_HEI_02 297	
738	ちょっとジグさん	MAP_D_HEI_02 518	
	暴れすぎて建物を壊したら		
	怒りますよ？		
744	あんたたち…	MAP_D_HEI_02 524	
749	言ったでしょ？	MAP_D_HEI_02 529	
	ジグさんのピンチには		
	かけつける、って		
751	…でも、ピンチじゃ	MAP_D_HEI_02 531	
	なかったみたいですね		
	ちょっと残念！		
756	レンのことはいいのか？	MAP_D_HEI_02 536	
760	その言葉、そっくり	MAP_D_HEI_02 540	
	そのまま返しますよ！		
763	まったく…	MAP_D_HEI_02 543	
	レンさんを放り出して		
	修練だなんて…		
765	アイリスに	MAP_D_HEI_02 545	
	報告しちゃいますからね		
767	ジグさんが	MAP_D_HEI_02 547	
	職務放棄したーって！		
770	落ち着いたら	MAP_D_HEI_02 550	
	キツーーくお説教		
	しちゃいますからね！		
774	それは…嫌だな	MAP_D_HEI_02 554	
778	なら、行ってください	MAP_D_HEI_02 558	
780	もとよりここは	MAP_D_HEI_02 560	
	サルバトーレの離宮		
782	イビノスなんかに	MAP_D_HEI_02 562	
	荒させないんだから！		
792	func00_E_EVENT_END1	MAP_D_CAD_00 424	
793	func00_E_EVENT_END2	MAP_D_CAD_00 425	
794	func00_E_EVENT_END1	MAP_D_CAD_00 424	
795	func00_E_EVENT_END2	MAP_D_CAD_00 425	
797	func00_E_EVENT_START1	MAP_D_CAD_00 415	
800	func00_E_EVENT_START2	MAP_D_CAD_00 417	
802	真のイビノスだな…	MAP_D_HEI_02 368	
804	いくぞ！！！	MAP_D_HEI_02 297	
814	これでどうにか…	MAP_D_HEI_02 594	
816	ジグっちーーー！	MAP_D_HEI_02 596	
823	なにしてるんだ！？	MAP_D_HEI_02 603	
827	親方に怒られたんだ	MAP_D_HEI_02 607	
829	てめぇらがザコを	MAP_D_HEI_02 609	
	片しておかねぇから		
	ジグが寄り道すんだって		
833	ってことで	MAP_D_HEI_02 613	
	バトンタッチだ		
835	後はタイロン一家が	MAP_D_HEI_02 615	
	引き受けた！！		
839	ピンスは？	MAP_D_HEI_02 619	
848	既に大暴走だぜ？	MAP_D_HEI_02 628	
853	…わかった	MAP_D_HEI_02 633	
	あとは任せたぞ		
857	合点承知ぃ！	MAP_D_HEI_02 637	
863	func00_E_EVENT_END1	MAP_D_CAD_00 424	
864	func00_E_EVENT_END2	MAP_D_CAD_00 425	
865	func00_E_EVENT_END1	MAP_D_CAD_00 424	
866	func00_E_EVENT_END2	MAP_D_CAD_00 425	
868	func00_E_EVENT_START1	MAP_D_CAD_00 415	
871	func00_E_EVENT_START2	MAP_D_CAD_00 417	
873	真のイビノスだな…	MAP_D_HEI_02 368	
875	いくぞ！！！	MAP_D_HEI_02 297	
882	さぁすが先輩	MAP_D_HEI_02 662	
	また勝負でもする？		
885	ベイガー…！？	MAP_D_HEI_02 665	
889	何、サボってんすか？	MAP_D_HEI_02 669	
892	ここのイビノス討伐	MAP_D_HEI_02 672	
	ぶっちゃけおれだけで		
	じゅうぶんだしさ		
895	おまえな…！	MAP_D_HEI_02 675	
899	先輩さぁ、超美味しい	MAP_D_HEI_02 679	
	役目をもってるくせに		
	更にヒーロー気取り？		
901	はっ、本当に	MAP_D_HEI_02 681	
	嫌な奴だよあんた		
903	だからさぁ…	MAP_D_HEI_02 683	
	とっとといっちまえよ！		
907	ベイガー…	MAP_D_HEI_02 687	
911	終わった後に	MAP_D_HEI_02 691	
	褒め称えてほしいね！		
913	できる後輩がいて助かった	MAP_D_HEI_02 693	
	ってさぁ！！		
917	おまえが本当に	MAP_D_HEI_02 697	
	役に立ったらな		
925	上等ぉぉ！	MAP_D_HEI_02 705	
927	func00_E_EVENT_END1	MAP_D_CAD_00 424	
928	func00_E_EVENT_END2	MAP_D_CAD_00 425	
929	func00_E_EVENT_END1	MAP_D_CAD_00 424	
930	func00_E_EVENT_END2	MAP_D_CAD_00 425	
932	func00_E_EVENT_START1	MAP_D_CAD_00 415	
933	func00_E_EVENT_START2	MAP_D_CAD_00 417	
934	func00_E_EVENT_END1	MAP_D_CAD_00 424	
935	func00_E_EVENT_END2	MAP_D_CAD_00 425	
936	func00_E_EVENT_START1	MAP_D_CAD_00 415	
940	func00_E_EVENT_START2	MAP_D_CAD_00 417	
943	各所のイビノスを	MAP_D_HEI_02 723	
	倒しておいでかな？		
947	ああ	MAP_D_CAN_00 336	
949	おれだけの力じゃ	MAP_D_HEI_02 729	
	ないけどな		
954	では、これを……	MAP_D_HEI_02 734	
959	これで心置きなく	MAP_D_HEI_02 739	
	役目を果たせるでしょう		
961	…七騎士ジグ	MAP_D_HEI_02 741	
	忘れないでほしい		
963	今、あなたの背を	MAP_D_HEI_02 743	
	全ての民が		
	見送っていることを！		
965	func00_E_EVENT_END1	MAP_D_CAD_00 424	
967	func00_E_EVENT_END2	MAP_D_CAD_00 425	
968	シーン初期化	MAP_D_CAD_00 1232	
			
973	オブジェクト配置	MAP_D_CAD_00 1233	
			
974	オブジェクトトラップ配置	MAP_D_CAD_00 1235	
			
975	マップチェンジトラップ配置	MAP_D_CAD_00 1236	
			
977	開かない…	It's locked and won't open.	
	鍵がかかってるな		X
	建物の中を調べてみるか…	If I search the building, I might be able to find a way to unlock it.	
	鍵を開ける方法が		
	見つかるかもしれない		
978	台座		
980	鍵がかかってる…	It's locked...	
	建物の中を調べてみるか	I'll try searching the building.	
981	ＮＰＣ配置	MAP_D_CAD_00 1248	
			
987	皆が待っていますよ…		
	早く…行きなさい…		
989	イベントトラップ配置	MAP_D_CAD_00 1413	
			
990	美術品を台座に乗せますか？	Place the decoration on the pedestal?	
991	はい	MAP_D_CAD_00 432	
992	いいえ	MAP_D_CAD_00 433	
996	ぐっ…！？	Gah!?	
1003	…何の音だ？	...What was that noise?	
1005	…もう何も起きないな		
1011	ゼブリラの奇襲		
			
1018	台座だ	It's a pedestal.	
1021	反対側の台座には	There's a work of art on the one on the other side.	
	美術品が乗ってる…		
1022	func00_E_EVENT_START1	MAP_D_CAD_00 415	
1024	func00_E_EVENT_START2	MAP_D_CAD_00 417	
1028	右の台座には何も乗っていない	There's nothing on the right pedestal.	
1031	左の台座には美術品が乗っている	There's artwork on the left pedestal.	
1034	どうして片方だけ…		
1035	func00_E_EVENT_END1	MAP_D_CAD_00 424	
1037	func00_E_EVENT_END2	MAP_D_CAD_00 425	
1038	右の台座には美術品を乗せられます	Why is there a decoration on only one side?	
	建物内で美術品を見つけたら	I'll search the building for a decoration to place on the right pedestal.	
	台座に乗せてみましょう		
1039	func00_E_EVENT_START1	MAP_D_CAD_00 415	
1041	func00_E_EVENT_START2	MAP_D_CAD_00 417	
1048	func00_E_EVENT_END1	MAP_D_CAD_00 424	
1050	func00_E_EVENT_END2	MAP_D_CAD_00 425	
1061	ゼブリラの逆襲		
			
1063	ＶＳゼブリラ	MAP_D_DOU_02 605	
			
1064	ロザ休憩、入ります		
			
1075	OBJ_ROZ	MAP_D_KFO_04 657	
