0	■■■ func00_DEBUG_SIGN ■■■	MAP_D_CAD_00 0	
			
1	！！！エラー検出用サブルーチンを通りました！！！	MAP_D_CAD_00 1	
			
2	イビノスシンボル配置しない。フラグ：	MAP_D_CAD_00 2	
4	イビノスシンボル配置する。フラグ：	MAP_D_CAD_00 4	
7	ランカーファイル情報更新	MAP_D_CAD_00 7	
			
8	->旧:	MAP_D_CAD_00 8	
9	 追加:	MAP_D_CAD_00 9	
10	 結果:	MAP_D_CAD_00 10	
12	ランク:	MAP_D_CAD_00 12	
15	ランカー戦勝利・戻り値：	MAP_D_CAD_00 15	
17	ランキング戦を申し込みますか？	MAP_D_CAD_00 17	
18	申し込む	MAP_D_CAD_00 18	
19	やめておく	MAP_D_CAD_00 19	
22	イビノスシンボル倒した。フラグON：	MAP_D_CAD_00 22	
25	イビノス戦：イベント終了？	MAP_D_CAD_00 25	
			
26	スクリプト：未知のモーションタイプが指定されました	MAP_D_CAD_00 26	
			
33	***振り向き判定ＰＣ***	MAP_D_CAD_00 33	
			
34	現在:cmn_r0:	MAP_D_CAD_00 34	
36	目標:cmn_r1:	MAP_D_CAD_00 36	
38	差分:cmn_r2:	MAP_D_CAD_00 38	
40	差分＾２:cmn_r3:	MAP_D_CAD_00 40	
42	閾値＾２:cmn_r4:	MAP_D_CAD_00 42	
44	->pc振り向きません	MAP_D_CAD_00 44	
			
45	->pc振り向きます	MAP_D_CAD_00 45	
			
47	***振り向き判定***	MAP_D_CAD_00 47	
			
48	現在:cmn_r0:	MAP_D_CAD_00 34	
50	目標:cmn_r1:	MAP_D_CAD_00 36	
52	差分:cmn_r2:	MAP_D_CAD_00 38	
54	差分＾２:cmn_r3:	MAP_D_CAD_00 40	
56	閾値＾２:cmn_r4:	MAP_D_CAD_00 42	
58	->npc振り向きません	MAP_D_CAD_00 58	
			
59	->npc振り向きます	MAP_D_CAD_00 59	
			
63	ロード待ち開始	MAP_D_CAD_00 63	
			
64	ロード待ち終了	MAP_D_CAD_00 64	
			
65	{15}0C{14}L00000000を	MAP_D_CAD_00 65	
	手に入れた		
66	{15}0E{14}L00000000を	MAP_D_CAD_00 66	
	手に入れた		
67	{15}0F{14}L00000000を	MAP_D_CAD_00 67	
	手に入れた		
68	{15}0D{14}L00000000を	MAP_D_CAD_00 68	
	手に入れた		
69	{15}10{14}L00000000を	MAP_D_CAD_00 69	
	手に入れた		
70	{15}12{14}L00000000を	MAP_D_CAD_00 70	
	手に入れた		
71	{15}11{14}L00000000を	MAP_D_CAD_00 71	
	手に入れた		
72	{15}13{14}L00000000を{1d}L00000001個	MAP_D_CAD_00 72	
	手に入れた		
73	{15}14{14}L00000000を{1d}L00000001個	MAP_D_CAD_00 73	
	手に入れた		
74	{15}14{14}L00000000を	MAP_D_CAD_00 74	
	手に入れた		
75	{15}1B{14}L00000000を	MAP_D_CAD_00 75	
	手に入れた		
76	{14}L00000000を	MAP_D_CAD_00 76	
	手に入れた		
77	{1d}L00000000Ｂを手に入れた	MAP_D_CAD_00 77	
			
78	num_calc：	MAP_D_CAD_00 78	
80	{15}0C{14}L00000000を	MAP_D_CAD_00 80	
	手渡した		
81	{15}0E{14}L00000000を	MAP_D_CAD_00 81	
	手渡した		
82	{15}0F{14}L00000000を	MAP_D_CAD_00 82	
	手渡した		
83	{15}0D{14}L00000000を	MAP_D_CAD_00 83	
	手渡した		
84	{15}10{14}L00000000を	MAP_D_CAD_00 84	
	手渡した		
85	{15}12{14}L00000000を	MAP_D_CAD_00 85	
	手渡した		
86	{15}11{14}L00000000を	MAP_D_CAD_00 86	
	手渡した		
87	{15}13{14}L00000000を{1d}L00000001個	MAP_D_CAD_00 87	
	手渡した		
88	{15}14{14}L00000000を{1d}L00000001個	MAP_D_CAD_00 88	
	手渡した		
89	{15}14{14}L00000000を	MAP_D_CAD_00 89	
	手渡した		
90	{15}1B{14}L00000000を	MAP_D_CAD_00 90	
	手渡した		
91	{14}L00000000を	MAP_D_CAD_00 91	
	手渡した		
			
92	■■ret0■■：	MAP_D_CAD_00 92	
96	■■ret■■：	MAP_D_CAD_00 96	
98	cmn_option:	MAP_D_CAD_00 98	
106	セーブポイント	MAP_D_CAD_00 106	
107	データ削除ユーティリティを起動します	MAP_D_CAD_00 107	
	ゲームプレイデータのセーブには		
	{1d}L00000001KB以上の空き容量が必要です		
108	ネックタイプ：	MAP_D_CAD_00 108	
110	首の初期化	MAP_D_CAD_00 110	
			
111	ネックタイプ：	MAP_D_CAD_00 108	
115	大橋が	MAP_D_CAD_00 115	
	トラベルマップで使用可能になりました		
116	下区：商業区が	MAP_D_CAD_00 116	
	トラベルマップで使用可能になりました		
117	下区：ランカー居住区が	MAP_D_CAD_00 117	
	トラベルマップで使用可能になりました		
118	下区：闘技場前が	MAP_D_CAD_00 118	
	トラベルマップで使用可能になりました		
119	タイロン租界が	MAP_D_CAD_00 119	
	トラベルマップで使用可能になりました		
120	バザルタ出張所前が	MAP_D_CAD_00 120	
	トラベルマップで使用可能になりました		
121	上区：噴水広場前が	MAP_D_CAD_00 121	
	トラベルマップで使用可能になりました		
122	バザルタ本部前が	MAP_D_CAD_00 122	
	トラベルマップで使用可能になりました		
123	フラグ・フィールド：	MAP_D_CAD_00 123	
125	フラグ・フィールド：	MAP_D_CAD_00 123	
127	ガンドアが	MAP_D_CAD_00 127	
	トラベルマップで使用可能になりました		
128	カンタレラが	MAP_D_CAD_00 128	
	トラベルマップで使用可能になりました		
129	トーロ荒地が	MAP_D_CAD_00 129	
	トラベルマップで使用可能になりました		
130	リブラ森林が	MAP_D_CAD_00 130	
	トラベルマップで使用可能になりました		
131	マイヤールの森が	MAP_D_CAD_00 131	
	トラベルマップで使用可能になりました		
132	ベリエ街道が	MAP_D_CAD_00 132	
	トラベルマップで使用可能になりました		
133	ドネイ回廊が	MAP_D_CAD_00 133	
	トラベルマップで使用可能になりました		
134	ウィルゴー砂漠が	MAP_D_CAD_00 134	
	トラベルマップで使用可能になりました		
135	カドモール水源が	MAP_D_CAD_00 135	
	トラベルマップで使用可能になりました		
136	カルキノス荒地が	MAP_D_CAD_00 136	
	トラベルマップで使用可能になりました		
137	ラ・キット遺跡が	MAP_D_CAD_00 137	
	トラベルマップで使用可能になりました		
138	レオン峡谷が	MAP_D_CAD_00 138	
	トラベルマップで使用可能になりました		
139	ソダー回廊が	MAP_D_CAD_00 139	
	トラベルマップで使用可能になりました		
140	ニシュラ氷河が	MAP_D_CAD_00 140	
	トラベルマップで使用可能になりました		
141	いにしえの回廊が	MAP_D_CAD_00 141	
	トラベルマップで使用可能になりました		
142	フィッシェ街道が	MAP_D_CAD_00 142	
	トラベルマップで使用可能になりました		
143	レゾナール海岸が	MAP_D_CAD_00 143	
	トラベルマップで使用可能になりました		
144	ケイロニア高原が	MAP_D_CAD_00 144	
	トラベルマップで使用可能になりました		
145	ケイロニア砦が	MAP_D_CAD_00 145	
	トラベルマップで使用可能になりました		
146	サルバトーレ離宮が	MAP_D_CAD_00 146	
	トラベルマップで使用可能になりました		
147	リストにないよ？	MAP_D_CAD_00 147	
			
148	_case:	MAP_D_CAD_00 148	
151	「討伐修練【低位１】」の	MAP_D_CAD_00 151	
	クリア条件を満たした！		
152	「討伐修練【低位２】」の	MAP_D_CAD_00 152	
	クリア条件を満たした！		
153	「討伐修練【低位３】」の	MAP_D_CAD_00 153	
	クリア条件を満たした！		
154	「討伐修練【低位４】」の	MAP_D_CAD_00 154	
	クリア条件を満たした！		
155	「討伐修練【低位５】」の	MAP_D_CAD_00 155	
	クリア条件を満たした！		
156	「討伐修練【中位１】」の	MAP_D_CAD_00 156	
	クリア条件を満たした！		
157	「討伐修練【中位２】」の	MAP_D_CAD_00 157	
	クリア条件を満たした！		
158	「討伐修練【高位１】」の	MAP_D_CAD_00 158	
	クリア条件を満たした！		
159	「討伐修練【高位２】」の	MAP_D_CAD_00 159	
	クリア条件を満たした！		
160	「薬草探しの代理人」の	MAP_D_CAD_00 160	
	クリア条件を満たした！		
161	「新商品開発の手伝い」の	MAP_D_CAD_00 161	
	クリア条件を満たした！		
162	「蒼の指環を求めて」の	MAP_D_CAD_00 162	
	クリア条件を満たした！		
163	「雪中の贈り物」の	MAP_D_CAD_00 163	
	クリア条件を満たした！		
164	「加護あることを祈って」の	MAP_D_CAD_00 164	
	クリア条件を満たした！		
165	「追想の白い花」の	MAP_D_CAD_00 165	
	クリア条件を満たした！		
166	「来れ、好運の使者！」の	MAP_D_CAD_00 166	
	クリア条件を満たした！		
167	「武術指南のお願い」の	MAP_D_CAD_00 167	
	クリア条件を満たした！		
168	「行方不明の従業員」の	MAP_D_CAD_00 168	
	クリア条件を満たした！		
169	「スキルチップ収集中」の	MAP_D_CAD_00 169	
	クリア条件を満たした！		
170	「盗難品の行方は」の	MAP_D_CAD_00 170	
	クリア条件を満たした！		
171	「資料集めのアシスタント」の	MAP_D_CAD_00 171	
	クリア条件を満たした！		
172	「河畔の生態系調査」の	MAP_D_CAD_00 172	
	クリア条件を満たした！		
173	「新人官吏を捕獲せよ」の	MAP_D_CAD_00 173	
	クリア条件を満たした！		
174	「黒い積荷の回収」の	MAP_D_CAD_00 174	
	クリア条件を満たした！		
175	「悪徳商売を抑止せよ」の	MAP_D_CAD_00 175	
	クリア条件を満たした！		
176	「新人ランカー襲撃事件」の	MAP_D_CAD_00 176	
	クリア条件を満たした！		
177	「優しい猛者、募集中」の	MAP_D_CAD_00 177	
	クリア条件を満たした！		
178	「異郷からきた尋ね人」の	MAP_D_CAD_00 178	
	クリア条件を満たした！		
179	「勇壮なる護衛の依頼」の	MAP_D_CAD_00 179	
	クリア条件を満たした！		
180	「赫の指環を求めて」の	MAP_D_CAD_00 180	
	クリア条件を満たした！		
181	「闘技場の害獣駆除」の	MAP_D_CAD_00 181	
	クリア条件を満たした！		
182	「回覧板配達人」の	MAP_D_CAD_00 182	
	クリア条件を満たした！		
183	「討伐修練【緊急】」の	MAP_D_CAD_00 183	
	クリア条件を満たした！		
184	「鉱物資源の収集【緊急】」の	MAP_D_CAD_00 184	
	クリア条件を満たした！		
185	「タリー石を探せ」の	MAP_D_CAD_00 185	
	クリア条件を満たした！		
186	「甘梅草を探せ」の	MAP_D_CAD_00 186	
	クリア条件を満たした！		
187	「衛兵の剣の没収」の	MAP_D_CAD_00 187	
	クリア条件を満たした！		
188	「衛兵の剣の返却」の	MAP_D_CAD_00 188	
	クリア条件を満たした！		
189	「森のイビノス駆除【重大】」の	MAP_D_CAD_00 189	
	クリア条件を満たした！		
190	「回廊のイビノス駆除【重大】」の	MAP_D_CAD_00 190	
	クリア条件を満たした！		
191	「七騎士認定修練【重大】」の	MAP_D_CAD_00 191	
	クリア条件を満たした！		
192	ガンドアが	MAP_D_CAD_00 192	
	トラベルマップで通行可能になりました		
193	ガンドアが	MAP_D_CAD_00 193	
	トラベルマップで通行不能になりました		
194	カンタレラが	MAP_D_CAD_00 194	
	トラベルマップで通行可能になりました		
195	カンタレラが	MAP_D_CAD_00 195	
	トラベルマップで通行不能になりました		
196	トーロ荒地が	MAP_D_CAD_00 196	
	トラベルマップで通行可能になりました		
197	トーロ荒地が	MAP_D_CAD_00 197	
	トラベルマップで通行不能になりました		
198	リブラ森林が	MAP_D_CAD_00 198	
	トラベルマップで通行可能になりました		
199	リブラ森林が	MAP_D_CAD_00 199	
	トラベルマップで通行不能になりました		
200	マイヤールの森が	MAP_D_CAD_00 200	
	トラベルマップで通行可能になりました		
201	マイヤールの森が	MAP_D_CAD_00 201	
	トラベルマップで通行不能になりました		
202	ベリエ街道が	MAP_D_CAD_00 202	
	トラベルマップで通行可能になりました		
203	ベリエ街道が	MAP_D_CAD_00 203	
	トラベルマップで通行不能になりました		
204	ドネイ回廊が	MAP_D_CAD_00 204	
	トラベルマップで通行可能になりました		
205	ドネイ回廊が	MAP_D_CAD_00 205	
	トラベルマップで通行不能になりました		
206	ウィルゴー砂漠が	MAP_D_CAD_00 206	
	トラベルマップで通行可能になりました		
207	ウィルゴー砂漠が	MAP_D_CAD_00 207	
	トラベルマップで通行不能になりました		
208	カドモール水源が	MAP_D_CAD_00 208	
	トラベルマップで通行可能になりました		
209	カドモール水源が	MAP_D_CAD_00 209	
	トラベルマップで通行不能になりました		
210	カルキノス荒地が	MAP_D_CAD_00 210	
	トラベルマップで通行可能になりました		
211	カルキノス荒地が	MAP_D_CAD_00 211	
	トラベルマップで通行不能になりました		
212	ラ・キット遺跡が	MAP_D_CAD_00 212	
	トラベルマップで通行可能になりました		
213	ラ・キット遺跡が	MAP_D_CAD_00 213	
	トラベルマップで通行不能になりました		
214	レオン峡谷が	MAP_D_CAD_00 214	
	トラベルマップで通行可能になりました		
215	レオン峡谷が	MAP_D_CAD_00 215	
	トラベルマップで通行不能になりました		
216	ソダー回廊が	MAP_D_CAD_00 216	
	トラベルマップで通行可能になりました		
217	ソダー回廊が	MAP_D_CAD_00 217	
	トラベルマップで通行不能になりました		
218	ニシュラ氷河が	MAP_D_CAD_00 218	
	トラベルマップで通行可能になりました		
219	ニシュラ氷河が	MAP_D_CAD_00 219	
	トラベルマップで通行不能になりました		
220	いにしえの回廊が	MAP_D_CAD_00 220	
	トラベルマップで通行可能になりました		
221	いにしえの回廊が	MAP_D_CAD_00 221	
	トラベルマップで通行不能になりました		
222	フィッシェ街道が	MAP_D_CAD_00 222	
	トラベルマップで通行可能になりました		
223	フィッシェ街道が	MAP_D_CAD_00 223	
	トラベルマップで通行不能になりました		
224	レゾナール海岸が	MAP_D_CAD_00 224	
	トラベルマップで通行可能になりました		
225	レゾナール海岸が	MAP_D_CAD_00 225	
	トラベルマップで通行不能になりました		
226	ケイロニア高原が	MAP_D_CAD_00 226	
	トラベルマップで通行可能になりました		
227	ケイロニア高原が	MAP_D_CAD_00 227	
	トラベルマップで通行不能になりました		
228	ケイロニア砦が	MAP_D_CAD_00 228	
	トラベルマップで通行可能になりました		
229	ケイロニア砦が	MAP_D_CAD_00 229	
	トラベルマップで通行不能になりました		
230	サルバトーレ離宮が	MAP_D_CAD_00 230	
	トラベルマップで通行可能になりました		
231	サルバトーレ離宮が	MAP_D_CAD_00 231	
	トラベルマップで通行不能になりました		
232	リストにないよ？	MAP_D_CAD_00 147	
			
237	func00_E_EVENT_START1	MAP_D_CAD_00 415	
241	func00_E_EVENT_START2	MAP_D_CAD_00 417	
244	おや、修練を受けてくれる	Oh, are you here to take my training mission?	
	ランカーさんかい？		
248	どんな修練だ？	MAP_D_CAD_00 912	
252	行方がわからない		
	従業員を、探し出して		
	ほしいんだ		
254	修練「行方不明の従業員」	Participate in training	
	に参加しますか？	mission "Missing	
		Employee"?	
255	参加する	MAP_D_CAD_00 919	
256	参加しない	MAP_D_CAD_00 920	
261	そうか、よかった！	Thank goodness! I'm at my wits end here.	
	わりと切羽詰った		
	状況なんだよ		
263	うちの従業員のワッジが	I sent Waj, an employee of mine, on an errand in the riverbed area,	
	ちょっとした用で		
	水源地帯に行ったんだ		
265	…それで、そのまま	but he hasn't come back.	
	帰ってこない		
267	水源地帯に行くには	You have to pass through the Virgo Desert to get to the riverbed. He might have had an accident there.	
	ウィルゴー砂漠を通るから		
	そこで遭難したのかも…		
271	じゃあ、その従業員を	So you want me to go look for him?	
	探しに行けば		
	いいんだな？		
275	ああ、そういうことさ	Yeah. Please do it quickly.	
	はやめに頼むよ		
281	待ってくれ！	Wait!	
289	あんたか？	You? Who are you!? Did you take the training mission!?	
	あんたなんだな！？		
	修練うけたの！		
291	大丈夫かなぁ？	Can you really do this? There will be hell to pay if you fail.	
	この修練、成功しなくちゃ		
	すっごく困るんだよ		
295	だったら	Do you plan to go yourself if I fail?	
	おまえが行くか？		
299	嫌な感じだなぁ	I have a really bad feeling about this.	
	ますます不安だぜ		
301	…よし、決めた！	OK, I've decided! You're taking me with you!	
	おれもついてくよ！		
305	…砂漠は危険だ	The desert is dangerous.	
309	そのためにあんたが	That's why you're here, right? I know you'll protect me!	
	いるんだろ？		
	護衛、しっかりな！		
311	それに、おれはワッジの	Also, I know Waj's face. Isn't that convenient?	
	顔を知ってるんだぜ		
	便利だろ？		
314	…………	MAP_D_CAD_00 242	
317	さ、そうと決まれば	Now that it's decided, let's hurry up and get going!	
	さっそく行こうぜ！		
319	砂漠へ行きますか？	Go to the desert?	
320	はい	MAP_D_CAD_00 432	
321	いいえ	MAP_D_CAD_00 433	
326	そうこなくちゃ！	Now we're talking! My name is Kaito. Nice to meet you!	
	おれはカイトってんだ		
	よろしくな！		
328	じゃあ行こうぜ！	Well then, let's go!	
330	func00_E_EVENT_END1	MAP_D_CAD_00 424	
331	func00_E_EVENT_END2	MAP_D_CAD_00 425	
334	なんだよ		
	そういうのは先に		
	すませてくれよ		
336	わかった、ここで		
	待ってるからな		
338	func00_E_EVENT_END1	MAP_D_CAD_00 424	
341	func00_E_EVENT_END2	MAP_D_CAD_00 425	
344	違うのか…		
	どうしたものか…		
346	func00_E_EVENT_END1	MAP_D_CAD_00 424	
347	func00_E_EVENT_END2	MAP_D_CAD_00 425	
348	func00_E_EVENT_START1	MAP_D_CAD_00 415	
352	func00_E_EVENT_START2	MAP_D_CAD_00 417	
355	そろそろ砂漠に	Isn't it about time we went to the desert?	
	行こうぜ？		
361	そうこなくちゃ！	MAP_D_SAB_00 326	
	おれはカイトってんだ		
	よろしくな！		
363	じゃあ行こうぜ！	MAP_D_SAB_00 328	
365	func00_E_EVENT_END1	MAP_D_CAD_00 424	
366	func00_E_EVENT_END2	MAP_D_CAD_00 425	
369	はやくしてくれよ！	Hurry it up already!	
371	func00_E_EVENT_END1	MAP_D_CAD_00 424	
372	func00_E_EVENT_END2	MAP_D_CAD_00 425	
373	func00_E_EVENT_START1	MAP_D_CAD_00 415	
377	func00_E_EVENT_START2	MAP_D_CAD_00 417	
379	あっちの危険な道には	That road is dangerous, so I doubt he went that way. Maybe he's around here...	
	行かないはずだから		
	多分この辺り…		
382	あっ！！	Look!	
389	ワッジさん！！	Waj!	
392	う、ううっ……	Uuuu...	
395	大変だ	This is bad. He's really pale!!	
	すごい顔色…！！		
397	おれ、知ってるぞ	I think I know what this is. He was stung by a sand scorpion.	
	これは砂サソリに		
	刺されたときの症状だ		
399	このままだと	If we don't do something, he'll...!	
	ワッジさんが…！		
402	うう…	Uuu...	
	{14}027Eを…	{14}027E...	
404	マンドラブルを	You can get it...by defeating...Mandorabuls. If you...can get five of them...	
	倒せば…手に…入る…		
	５つも…あれば…		
408	わ、わかった！	O-Okay!	
413	なあ、あんた	Hey, did you hear that?	
	頼んでいいか…？		
417	…ああ、わかった	Yeah, I heard.	
419	「行方不明の従業員」の	Missing Employee now has an additional clear condition.	
	クリア条件が追加されました		
420	func00_E_EVENT_END1	MAP_D_CAD_00 424	
421	func00_E_EVENT_END2	MAP_D_CAD_00 425	
422	func00_E_EVENT_START1	MAP_D_CAD_00 415	
423	func00_E_EVENT_START2	MAP_D_CAD_00 417	
424	func00_E_EVENT_END1	MAP_D_CAD_00 424	
425	func00_E_EVENT_END2	MAP_D_CAD_00 425	
426	func00_E_EVENT_START1	MAP_D_CAD_00 415	
431	func00_E_EVENT_START2	MAP_D_CAD_00 417	
433	もってきたぞ	I brought them.	
436	それを…傷に…	Rub it into...the wound.	
	塗り込んで…		
439	うん！	Okay!	
449	ありがとうございました	Thanks. Once I realized I had been bitten by a scorpion...	
	気付いたときには		
	プスリとやられていて…		
453	まだ顔色が悪いぞ	Your face is still pale.	
457	はい、家へ帰って	Yeah, I'm going to go home and rest.	
	休むことにします		
465	ワッジさんが物知りで	I'm glad Waj knew what to do.	
	良かった…		
469	知っているなら	If he knew of the danger, he should have brought medicine with him in the first place.	
	薬を持ち歩けばいい…		
474	あんたさ…	You...	
479	いや、その通りだな	No, you're right. I can't really argue with that.	
	何も言い返せないや		
481	そういや	By the way, I didn't catch your name.	
	名前きいてなかったな		
485	ジグだ	Zig.	
489	じゃ、ジグにい！	Well then, Zig, I should be going, too. I need to make sure Waj gets home safely.	
	おれたちも帰ろうぜ		
	ワッジさん見送らなきゃ		
492	func00_E_EVENT_END1	MAP_D_CAD_00 424	
493	func00_E_EVENT_END2	MAP_D_CAD_00 425	
494	func00_E_EVENT_START1	MAP_D_CAD_00 415	
498	func00_E_EVENT_START2	MAP_D_CAD_00 417	
501	今回は本当に	You really helped me out this time.	
	助かったよ		
503	あやうく	I almost lost an important employee.	
	大切な従業員を		
	失うところだった		
505	じゃあ、約束の報奨だ	Here's your reward, as promised.	
510	カイトも	Is Kaito also one of your employees?	
	ここで働いているのか？		
514	いやいや、カイトは	No, he just comes around to play a lot.	
	よく遊びにくるだけさ		
	あれは…		
517	カーイートー！！	Kai-to!!	
522	あなた、砂漠まで	Did you really go to the desert!?	
	行ったって本当！？		
525	バカじゃないの！？	How stupid can you get!? The desert is really dangerous!	
	あんな危険なところ		
	行くなんて！		
528	バカとはなんだ！	It wasn't stupid! I was really brave!	
	超勇敢だったんだぞ！		
530	だいたいおまえが	You said that Waj wasn't here and he had gone out on a difficult job, so...	
	ワッジさんがいなくて		
	仕事が大変って言うから…		
534	そのために行ったの！？	And your first instinct was to go after him!? You're really...	
	ホントにもーっ…		
539	ってことさ	...Like that.	
542	あんたのこと	It looks like he really likes you, so please come by and play with him if you have some time.	
	気に入ったみたいだから		
	また遊んでやってくれよ		
543	func00_E_EVENT_END1	MAP_D_CAD_00 424	
545	func00_E_EVENT_END2	MAP_D_CAD_00 425	
546	シーン初期化	MAP_D_CAD_00 1232	
			
547	オブジェクト配置	MAP_D_CAD_00 1233	
			
548	オブジェクトトラップ配置	MAP_D_CAD_00 1235	
			
549	看板		
550	左は水源地帯への近道		
	ただし砂煙に注意されたし		
	右は安全だが遠回りとなる		
551	マップチェンジトラップ配置	MAP_D_CAD_00 1236	
			
552	足止め	MAP_D_KHI_02 455	
			
555	急がないと		
	助からなくなる…		
558	足止め	MAP_D_KHI_02 455	
			
563	足止め	MAP_D_KHI_02 455	
			
566	すごい砂嵐だ…		
	行かないほうがいいな		
570	足止め	MAP_D_KHI_02 455	
			
582	ＮＰＣ配置	MAP_D_CAD_00 1248	
			
584	ワッジ		
587	カイト		
595	う、ううっ……	MAP_D_SAB_00 392	
600	ご、ごめんなさい！	S-sorry for the bother, but please fight me!	
	やられてください！		
605	ウォーレンに勝利したことで	For winning the battle with Warren, you learned the auto skill "Second Wind."	
	自動発動スキル「死地ニ復回ス」の		
	スキルチップを手に入れた		
606	btl_pit220		
607	スキルチップの中には	Auto skills are skill chips whose effects occur automatically when set.	
	セットしているだけで自動的に		
	効果を発揮するものがあります		X
	自動発動スキルには	There are some auto skills whose effects always occur during battle so long as they are set,	
	セットしているだけで戦闘中に		
	ずっと効果が発揮されるものと{17}02		X
	一定の条件または確率で	while others have a certain probability of triggering when certain conditions are met.	
	初めて効果を発揮するものの		
	２種類があります		X
	今回入手した「死地ニ復回ス」は	Second Wind, the skill you just learned, gradually restores HP when you are near death.	
	瀕死になった時にのみ		
	少しずつＨＰが回復するスキルです		X
	自動発動スキルには	There are many different types of auto skills, so please check the SKILLS screen for further details when you acquire one.	
	様々な種類があるので、入手したら		
	SKILLS画面でチェックしましょう		
609	ぎゃふん……	I can't argue with your strength...	
611	もうやだよー…		
613	戦わなくちゃいけないのは		
	よくわかってるんだよ？		
	でも、怖いんだ…		
618	カドモール水源で		
	何かあるみたいだね		
	…怖いから行かないけど		
621	機構から出される		
	ランクアップ可能な修練は		
	討伐ばかりで嫌だよね		X
	もっと平和な…		
	花に水をあげる修練とかも		
	対象にしてほしいよ		
628	センゴクの技を受けたら		
	七騎士入りできるっていう		
	修練がでているとか…		X
	ああやだ！　絶対に嫌だ！		
	受ける前に気圧されて		
	失神しちゃうよ！		
636	あの怖いタイロン一家が		
	解散したって本当！？		X
	よかったぁ…		
	絡まれたらどうしようって		
	いつも思ってたんだ！		
641	実際には絡まれるどころか		
	声をかけられることすら		
	なかったけれど…		X
	…って		
	きみ、もしかして{17}02		
645	なんでもないよ		
	はは、本当に		
	なんでもないです…		
654	最近知ったんだけれど		
	前のカドモールの騒ぎも		
	アンチ絡みだったんだね		X
	アンチ…		
	きっと怖い人たち		
	なんだろうなぁ		
656	アンチって、どうやら		
	いかつい男だけじゃ		
	ないみたいだよ		X
	誰がアンチだか		
	わからないだなんて		
	すごく怖いよ…		
663	この砂漠に隠れてたら		
	さすがにアンチも		
	来ないかなぁ？		
666	大きな戦いが		
	あるみたいなんだ！		
	に、逃げなくちゃ！		
669	アンチって強いよね		
	機構と正面から		
	対決しようだなんて…		
671	な、な、七騎士様！？		
	ぼく何かしちゃいました？		
	あわわわ……		
675	なにあれ…		
	すごく不気味で怖いよ…！		
678	やだやだ！		
	もう嫌だよ！		
	許してください～！		
689	おれ、ワッジさんを		
	みてるよ！		
691	マンドラブルから		
	{14}027Eを５つ		
	とってくるんだろ？		
693	はやくしないと		
	ワッジさんが…		
	お願いだよ！		
694	イベントトラップ配置	MAP_D_CAD_00 1413	
			
695	func00_E_EVENT_START1	MAP_D_CAD_00 415	
697	func00_E_EVENT_START2	MAP_D_CAD_00 417	
701	あっ、誰かと思ったら	Hey, is that who I think it is? You're Zig, right?	
	ジグじゃないか！		
707	…トレンス？	Torrence? What are you doing here?	
	こんなところで		
	何をしてるんだ？		
711	武器屋で盾を買ったんだ	I bought a shield from the weapon shop, so I thought I would test it out in a real battle.	
	せっかくだから		
	実戦で使おうかと思ってさ		
715	…守るだけじゃ勝てない	You can't win just by guarding.	
719	ははっ！	Haha! I knew you'd say that.	
	言うようになったね		
721	ちょうどいいや	This is good timing. Will you be my sparring partner?	
	ジグ、ぼくの相手を		
	してくれないかい？		
723	実践しようにも	There aren't any good opponents around here.	
	いい相手がいなくてさ		
727	…いいだろう	Fine with me.	
732	鉄壁の守り、崩せるかな？	Can you break through my iron wall?	
	それじゃ、いくよ！		
737	はぁ……	Wow. You've become really strong.	
	本当にきみは強くなったね		
739	じゃあこれ	Take this as a reward for your victory.	
	戦利品ってことで		
	もらってよ		
744	いいのか？	Are you sure you want me to have this?	
748	もう少し、剣の扱いが	I wanted to improve my swordsmanship, so I decided to try using a shield.	
	うまくなってから		
	盾のことを考えるよ		
750	ぼくは不器用だからね…	I'm clumsy, so I can't do lots of things at the same time.	
	たくさんのことを		
	同時にはできないんだ		
752	その点、ジグは	You, on the other hand, switch weapons like a pro,	
	器用に武器を替えるよね		
754	だから…そうだな	so I've decided to leave this shield with you until I become a great swordsman!	
	ぼくが剣を極めるまで		
	預けとくってことで！		
758	…わかった	Alright.	
762	それじゃ、ぼくは帰るよ	Well, I'm going back now. You're on a training mission, right? Do your best!	
	ジグは修練かな？		
	がんばってね！		
768	相変わらず…	He never changes. "Annoyance Torrence," indeed.	
	世話焼きトレンスだな		X
	…………	......	X
	どうして砂漠に	Why did he come to the desert...?	
	入れたんだ…？		
772	トレンスから	Torrence gave you a "Wood Shield."	
	「ウッドシールド」をゆずり受けた		X
	盾の使い方を見切ったことで	You've learned how to use "Shield Style!"	
	「盾スタイル」に目覚めた！		
773	btl_pit280		
774	盾は敵から受けるダメージを	Shields greatly reduce the amount of damage you receive from enemy attacks.	
	大幅に減らすことができる装備です		
775	btl_pit281		
776	装備したら、{15}00で盾を構えます	Once you equip a shield, you can ready it without using any Action Points (SP).	
	行動力（SP)は使用しません		X
	盾を構えている間は、行動ができず	While in shield stance, you won't recover any SP, but you'll only take minimal damage from enemy attacks.	
	行動力（SP）も回復しなくなりますが		
	被ダメージを最小限にできます		X
	敵の強力な攻撃の時に	Try using the shield to withstand strong enemy attacks.	
	盾を使用すればダメージを		
	大幅に抑えることができるでしょう		
777	func00_E_EVENT_END1	MAP_D_CAD_00 424	
779	func00_E_EVENT_END2	MAP_D_CAD_00 425	
803	NPC00	MAP_D_CAD_00 1443	
			
805	NPC01	MAP_D_CAD_00 1445	
			
807	NPC02	MAP_D_CAD_00 1447	
			
809	NPC03	MAP_D_CAD_00 1449	
