0	■■■ func00_DEBUG_SIGN ■■■	MAP_D_CAD_00 0		
				
1	！！！エラー検出用サブルーチンを通りました！！！	MAP_D_CAD_00 1		
				
2	イビノスシンボル配置しない。フラグ：	MAP_D_CAD_00 2		
4	イビノスシンボル配置する。フラグ：	MAP_D_CAD_00 4		
7	ランカーファイル情報更新	MAP_D_CAD_00 7		
				
8	->旧:	MAP_D_CAD_00 8		
9	 追加:	MAP_D_CAD_00 9		
10	 結果:	MAP_D_CAD_00 10		
12	ランク:	MAP_D_CAD_00 12		
15	ランカー戦勝利・戻り値：	MAP_D_CAD_00 15		
17	ランキング戦を申し込みますか？	MAP_D_CAD_00 17		
18	申し込む	MAP_D_CAD_00 18		
19	やめておく	MAP_D_CAD_00 19		
22	イビノスシンボル倒した。フラグON：	MAP_D_CAD_00 22		
25	イビノス戦：イベント終了？	MAP_D_CAD_00 25		
				
26	スクリプト：未知のモーションタイプが指定されました	MAP_D_CAD_00 26		
				
33	***振り向き判定ＰＣ***	MAP_D_CAD_00 33		
				
34	現在:cmn_r0:	MAP_D_CAD_00 34		
36	目標:cmn_r1:	MAP_D_CAD_00 36		
38	差分:cmn_r2:	MAP_D_CAD_00 38		
40	差分＾２:cmn_r3:	MAP_D_CAD_00 40		
42	閾値＾２:cmn_r4:	MAP_D_CAD_00 42		
44	->pc振り向きません	MAP_D_CAD_00 44		
				
45	->pc振り向きます	MAP_D_CAD_00 45		
				
47	***振り向き判定***	MAP_D_CAD_00 47		
				
48	現在:cmn_r0:	MAP_D_CAD_00 34		
50	目標:cmn_r1:	MAP_D_CAD_00 36		
52	差分:cmn_r2:	MAP_D_CAD_00 38		
54	差分＾２:cmn_r3:	MAP_D_CAD_00 40		
56	閾値＾２:cmn_r4:	MAP_D_CAD_00 42		
58	->npc振り向きません	MAP_D_CAD_00 58		
				
59	->npc振り向きます	MAP_D_CAD_00 59		
				
63	ロード待ち開始	MAP_D_CAD_00 63		
				
64	ロード待ち終了	MAP_D_CAD_00 64		
				
65	{15}0C{14}L00000000を	MAP_D_CAD_00 65		
	手に入れた			
66	{15}0E{14}L00000000を	MAP_D_CAD_00 66		
	手に入れた			
67	{15}0F{14}L00000000を	MAP_D_CAD_00 67		
	手に入れた			
68	{15}0D{14}L00000000を	MAP_D_CAD_00 68		
	手に入れた			
69	{15}10{14}L00000000を	MAP_D_CAD_00 69		
	手に入れた			
70	{15}12{14}L00000000を	MAP_D_CAD_00 70		
	手に入れた			
71	{15}11{14}L00000000を	MAP_D_CAD_00 71		
	手に入れた			
72	{15}13{14}L00000000を{1d}L00000001個	MAP_D_CAD_00 72		
	手に入れた			
73	{15}14{14}L00000000を{1d}L00000001個	MAP_D_CAD_00 73		
	手に入れた			
74	{15}14{14}L00000000を	MAP_D_CAD_00 74		
	手に入れた			
75	{15}1B{14}L00000000を	MAP_D_CAD_00 75		
	手に入れた			
76	{14}L00000000を	MAP_D_CAD_00 76		
	手に入れた			
77	{1d}L00000000Ｂを手に入れた	MAP_D_CAD_00 77		
				
78	num_calc：	MAP_D_CAD_00 78		
80	{15}0C{14}L00000000を	MAP_D_CAD_00 80		
	手渡した			
81	{15}0E{14}L00000000を	MAP_D_CAD_00 81		
	手渡した			
82	{15}0F{14}L00000000を	MAP_D_CAD_00 82		
	手渡した			
83	{15}0D{14}L00000000を	MAP_D_CAD_00 83		
	手渡した			
84	{15}10{14}L00000000を	MAP_D_CAD_00 84		
	手渡した			
85	{15}12{14}L00000000を	MAP_D_CAD_00 85		
	手渡した			
86	{15}11{14}L00000000を	MAP_D_CAD_00 86		
	手渡した			
87	{15}13{14}L00000000を{1d}L00000001個	MAP_D_CAD_00 87		
	手渡した			
88	{15}14{14}L00000000を{1d}L00000001個	MAP_D_CAD_00 88		
	手渡した			
89	{15}14{14}L00000000を	MAP_D_CAD_00 89		
	手渡した			
90	{15}1B{14}L00000000を	MAP_D_CAD_00 90		
	手渡した			
91	{14}L00000000を	MAP_D_CAD_00 91		
	手渡した			
				
92	■■ret0■■：	MAP_D_CAD_00 92		
96	■■ret■■：	MAP_D_CAD_00 96		
98	cmn_option:	MAP_D_CAD_00 98		
106	セーブポイント	MAP_D_CAD_00 106		
107	データ削除ユーティリティを起動します	MAP_D_CAD_00 107		
	ゲームプレイデータのセーブには			
	{1d}L00000001KB以上の空き容量が必要です			
108	ネックタイプ：	MAP_D_CAD_00 108		
110	首の初期化	MAP_D_CAD_00 110		
				
111	ネックタイプ：	MAP_D_CAD_00 108		
115	大橋が	MAP_D_CAD_00 115		
	トラベルマップで使用可能になりました			
116	下区：商業区が	MAP_D_CAD_00 116		
	トラベルマップで使用可能になりました			
117	下区：ランカー居住区が	MAP_D_CAD_00 117		
	トラベルマップで使用可能になりました			
118	下区：闘技場前が	MAP_D_CAD_00 118		
	トラベルマップで使用可能になりました			
119	タイロン租界が	MAP_D_CAD_00 119		
	トラベルマップで使用可能になりました			
120	バザルタ出張所前が	MAP_D_CAD_00 120		
	トラベルマップで使用可能になりました			
121	上区：噴水広場前が	MAP_D_CAD_00 121		
	トラベルマップで使用可能になりました			
122	バザルタ本部前が	MAP_D_CAD_00 122		
	トラベルマップで使用可能になりました			
123	フラグ・フィールド：	MAP_D_CAD_00 123		
125	フラグ・フィールド：	MAP_D_CAD_00 123		
127	ガンドアが	MAP_D_CAD_00 127		
	トラベルマップで使用可能になりました			
128	カンタレラが	MAP_D_CAD_00 128		
	トラベルマップで使用可能になりました			
129	トーロ荒地が	MAP_D_CAD_00 129		
	トラベルマップで使用可能になりました			
130	リブラ森林が	MAP_D_CAD_00 130		
	トラベルマップで使用可能になりました			
131	マイヤールの森が	MAP_D_CAD_00 131		
	トラベルマップで使用可能になりました			
132	ベリエ街道が	MAP_D_CAD_00 132		
	トラベルマップで使用可能になりました			
133	ドネイ回廊が	MAP_D_CAD_00 133		
	トラベルマップで使用可能になりました			
134	ウィルゴー砂漠が	MAP_D_CAD_00 134		
	トラベルマップで使用可能になりました			
135	カドモール水源が	MAP_D_CAD_00 135		
	トラベルマップで使用可能になりました			
136	カルキノス荒地が	MAP_D_CAD_00 136		
	トラベルマップで使用可能になりました			
137	ラ・キット遺跡が	MAP_D_CAD_00 137		
	トラベルマップで使用可能になりました			
138	レオン峡谷が	MAP_D_CAD_00 138		
	トラベルマップで使用可能になりました			
139	ソダー回廊が	MAP_D_CAD_00 139		
	トラベルマップで使用可能になりました			
140	ニシュラ氷河が	MAP_D_CAD_00 140		
	トラベルマップで使用可能になりました			
141	いにしえの回廊が	MAP_D_CAD_00 141		
	トラベルマップで使用可能になりました			
142	フィッシェ街道が	MAP_D_CAD_00 142		
	トラベルマップで使用可能になりました			
143	レゾナール海岸が	MAP_D_CAD_00 143		
	トラベルマップで使用可能になりました			
144	ケイロニア高原が	MAP_D_CAD_00 144		
	トラベルマップで使用可能になりました			
145	ケイロニア砦が	MAP_D_CAD_00 145		
	トラベルマップで使用可能になりました			
146	サルバトーレ離宮が	MAP_D_CAD_00 146		
	トラベルマップで使用可能になりました			
147	リストにないよ？	MAP_D_CAD_00 147		
				
148	_case:	MAP_D_CAD_00 148		
151	「討伐修練【低位１】」の	MAP_D_CAD_00 151		
	クリア条件を満たした！			
152	「討伐修練【低位２】」の	MAP_D_CAD_00 152		
	クリア条件を満たした！			
153	「討伐修練【低位３】」の	MAP_D_CAD_00 153		
	クリア条件を満たした！			
154	「討伐修練【低位４】」の	MAP_D_CAD_00 154		
	クリア条件を満たした！			
155	「討伐修練【低位５】」の	MAP_D_CAD_00 155		
	クリア条件を満たした！			
156	「討伐修練【中位１】」の	MAP_D_CAD_00 156		
	クリア条件を満たした！			
157	「討伐修練【中位２】」の	MAP_D_CAD_00 157		
	クリア条件を満たした！			
158	「討伐修練【高位１】」の	MAP_D_CAD_00 158		
	クリア条件を満たした！			
159	「討伐修練【高位２】」の	MAP_D_CAD_00 159		
	クリア条件を満たした！			
160	「薬草探しの代理人」の	MAP_D_CAD_00 160		
	クリア条件を満たした！			
161	「新商品開発の手伝い」の	MAP_D_CAD_00 161		
	クリア条件を満たした！			
162	「蒼の指環を求めて」の	MAP_D_CAD_00 162		
	クリア条件を満たした！			
163	「雪中の贈り物」の	MAP_D_CAD_00 163		
	クリア条件を満たした！			
164	「加護あることを祈って」の	MAP_D_CAD_00 164		
	クリア条件を満たした！			
165	「追想の白い花」の	MAP_D_CAD_00 165		
	クリア条件を満たした！			
166	「来れ、好運の使者！」の	MAP_D_CAD_00 166		
	クリア条件を満たした！			
167	「武術指南のお願い」の	MAP_D_CAD_00 167		
	クリア条件を満たした！			
168	「行方不明の従業員」の	MAP_D_CAD_00 168		
	クリア条件を満たした！			
169	「スキルチップ収集中」の	MAP_D_CAD_00 169		
	クリア条件を満たした！			
170	「盗難品の行方は」の	MAP_D_CAD_00 170		
	クリア条件を満たした！			
171	「資料集めのアシスタント」の	MAP_D_CAD_00 171		
	クリア条件を満たした！			
172	「河畔の生態系調査」の	MAP_D_CAD_00 172		
	クリア条件を満たした！			
173	「新人官吏を捕獲せよ」の	MAP_D_CAD_00 173		
	クリア条件を満たした！			
174	「黒い積荷の回収」の	MAP_D_CAD_00 174		
	クリア条件を満たした！			
175	「悪徳商売を抑止せよ」の	MAP_D_CAD_00 175		
	クリア条件を満たした！			
176	「新人ランカー襲撃事件」の	MAP_D_CAD_00 176		
	クリア条件を満たした！			
177	「優しい猛者、募集中」の	MAP_D_CAD_00 177		
	クリア条件を満たした！			
178	「異郷からきた尋ね人」の	MAP_D_CAD_00 178		
	クリア条件を満たした！			
179	「勇壮なる護衛の依頼」の	MAP_D_CAD_00 179		
	クリア条件を満たした！			
180	「赫の指環を求めて」の	MAP_D_CAD_00 180		
	クリア条件を満たした！			
181	「闘技場の害獣駆除」の	MAP_D_CAD_00 181		
	クリア条件を満たした！			
182	「回覧板配達人」の	MAP_D_CAD_00 182		
	クリア条件を満たした！			
183	「討伐修練【緊急】」の	MAP_D_CAD_00 183		
	クリア条件を満たした！			
184	「鉱物資源の収集【緊急】」の	MAP_D_CAD_00 184		
	クリア条件を満たした！			
185	「タリー石を探せ」の	MAP_D_CAD_00 185		
	クリア条件を満たした！			
186	「甘梅草を探せ」の	MAP_D_CAD_00 186		
	クリア条件を満たした！			
187	「衛兵の剣の没収」の	MAP_D_CAD_00 187		
	クリア条件を満たした！			
188	「衛兵の剣の返却」の	MAP_D_CAD_00 188		
	クリア条件を満たした！			
189	「森のイビノス駆除【重大】」の	MAP_D_CAD_00 189		
	クリア条件を満たした！			
190	「回廊のイビノス駆除【重大】」の	MAP_D_CAD_00 190		
	クリア条件を満たした！			
191	「七騎士認定修練【重大】」の	MAP_D_CAD_00 191		
	クリア条件を満たした！			
192	ガンドアが	MAP_D_CAD_00 192		
	トラベルマップで通行可能になりました			
193	ガンドアが	MAP_D_CAD_00 193		
	トラベルマップで通行不能になりました			
194	カンタレラが	MAP_D_CAD_00 194		
	トラベルマップで通行可能になりました			
195	カンタレラが	MAP_D_CAD_00 195		
	トラベルマップで通行不能になりました			
196	トーロ荒地が	MAP_D_CAD_00 196		
	トラベルマップで通行可能になりました			
197	トーロ荒地が	MAP_D_CAD_00 197		
	トラベルマップで通行不能になりました			
198	リブラ森林が	MAP_D_CAD_00 198		
	トラベルマップで通行可能になりました			
199	リブラ森林が	MAP_D_CAD_00 199		
	トラベルマップで通行不能になりました			
200	マイヤールの森が	MAP_D_CAD_00 200		
	トラベルマップで通行可能になりました			
201	マイヤールの森が	MAP_D_CAD_00 201		
	トラベルマップで通行不能になりました			
202	ベリエ街道が	MAP_D_CAD_00 202		
	トラベルマップで通行可能になりました			
203	ベリエ街道が	MAP_D_CAD_00 203		
	トラベルマップで通行不能になりました			
204	ドネイ回廊が	MAP_D_CAD_00 204		
	トラベルマップで通行可能になりました			
205	ドネイ回廊が	MAP_D_CAD_00 205		
	トラベルマップで通行不能になりました			
206	ウィルゴー砂漠が	MAP_D_CAD_00 206		
	トラベルマップで通行可能になりました			
207	ウィルゴー砂漠が	MAP_D_CAD_00 207		
	トラベルマップで通行不能になりました			
208	カドモール水源が	MAP_D_CAD_00 208		
	トラベルマップで通行可能になりました			
209	カドモール水源が	MAP_D_CAD_00 209		
	トラベルマップで通行不能になりました			
210	カルキノス荒地が	MAP_D_CAD_00 210		
	トラベルマップで通行可能になりました			
211	カルキノス荒地が	MAP_D_CAD_00 211		
	トラベルマップで通行不能になりました			
212	ラ・キット遺跡が	MAP_D_CAD_00 212		
	トラベルマップで通行可能になりました			
213	ラ・キット遺跡が	MAP_D_CAD_00 213		
	トラベルマップで通行不能になりました			
214	レオン峡谷が	MAP_D_CAD_00 214		
	トラベルマップで通行可能になりました			
215	レオン峡谷が	MAP_D_CAD_00 215		
	トラベルマップで通行不能になりました			
216	ソダー回廊が	MAP_D_CAD_00 216		
	トラベルマップで通行可能になりました			
217	ソダー回廊が	MAP_D_CAD_00 217		
	トラベルマップで通行不能になりました			
218	ニシュラ氷河が	MAP_D_CAD_00 218		
	トラベルマップで通行可能になりました			
219	ニシュラ氷河が	MAP_D_CAD_00 219		
	トラベルマップで通行不能になりました			
220	いにしえの回廊が	MAP_D_CAD_00 220		
	トラベルマップで通行可能になりました			
221	いにしえの回廊が	MAP_D_CAD_00 221		
	トラベルマップで通行不能になりました			
222	フィッシェ街道が	MAP_D_CAD_00 222		
	トラベルマップで通行可能になりました			
223	フィッシェ街道が	MAP_D_CAD_00 223		
	トラベルマップで通行不能になりました			
224	レゾナール海岸が	MAP_D_CAD_00 224		
	トラベルマップで通行可能になりました			
225	レゾナール海岸が	MAP_D_CAD_00 225		
	トラベルマップで通行不能になりました			
226	ケイロニア高原が	MAP_D_CAD_00 226		
	トラベルマップで通行可能になりました			
227	ケイロニア高原が	MAP_D_CAD_00 227		
	トラベルマップで通行不能になりました			
228	ケイロニア砦が	MAP_D_CAD_00 228		
	トラベルマップで通行可能になりました			
229	ケイロニア砦が	MAP_D_CAD_00 229		
	トラベルマップで通行不能になりました			
230	サルバトーレ離宮が	MAP_D_CAD_00 230		
	トラベルマップで通行可能になりました			
231	サルバトーレ離宮が	MAP_D_CAD_00 231		
	トラベルマップで通行不能になりました			
232	リストにないよ？	MAP_D_CAD_00 147		
				
233	func00_E_EVENT_START1	MAP_D_CAD_00 415		
237	func00_E_EVENT_START2	MAP_D_CAD_00 417		
240	ややっ、こんなところに	Are you here to		
	ランカーさんとは	accept my training		
	もしや修練を受けに？	mission?		
244	ややっ、こんなところに	MAP_D_SIN_00 240		
	ランカーさんとは			
	もしや修練を受けに？			
248	どんな修練だ？	MAP_D_CAD_00 912		
252	薬草探しの代行です			
	森林に行っていただきます			
254	修練「薬草探しの代理人」	Participate in training		
	に参加しますか？	mission "Search for		
		Medicinal Herbs"?		
255	参加する	MAP_D_CAD_00 919		
256	参加しない	MAP_D_CAD_00 920		
261	おお、ありがたい！	Thanks!		
	ではさっそく説明をば…	I'll get to the explanation		
		right away, then.	X	
	わたくし、行商人の	I'm Ul, a peddler.		
	ウルと申します		X	
	主に扱うのは薬でして	I gather herbs and		
	各地で薬を手に入れては	sell them for a profit.		
	売り歩いているのです		X	
	今回は、わたしに代わり	This time, I need		
	薬草を集めていただきます	someone else to gather		
		the herbs for me.		
265	…それだけなのか？	That's all?		
269	ええ、低位向けの	That's all. It's a training		
	修練ですからね	mission fit for a low-	X	
		ranker like you.		
	本当に大事なことなら	I only bother the high-rankers		
	高位の方にお願いしますよ	with important matters.		
272	…………	MAP_D_CAD_00 242		
275	低位ランカーの中には	There are those among		
	薬草を集めることさえ	the low-rankers who can't		
	できない者もいます	even gather herbs.	X	
	本当に、ランクとは	Really, a person's		
	正直なものですな	rank doesn't lie.		
279	…どの薬草を	What kind of herbs		
	集めればいい？	do I need to gather?		
283	リブラ森林に生える	Please bring back four		
	【万治草】という薬草を	tufts of [Manji Grass].		
	４つお持ちください	It grows in Libra Forest.	X	
	リブラ森林は	Libra Forest is just beyond		
	ランカー居住区の先です	the residential district.	X	
	では、頼みましたよ	I trust this task is in good hands.		
288	低位ランカーには	Is gathering herbs all a		
	草集めがお似合いか…	low-ranker is good for?		
292	…おれのランク			
	言ってやればよかったな			
294	func00_E_EVENT_END1	MAP_D_CAD_00 424		
296	func00_E_EVENT_END2	MAP_D_CAD_00 425		
299	はやとちりでしたか…			
	失礼いたしました			
301	func00_E_EVENT_END1	MAP_D_CAD_00 424		
302	func00_E_EVENT_END2	MAP_D_CAD_00 425		
303	修練31フラグ加算前 = 			
305	修練31フラグ加算後 = 			
307	func00_E_EVENT_START1	MAP_D_CAD_00 415		
309	func00_E_EVENT_START2	MAP_D_CAD_00 417		
311	これが万治草か…	Is this Manji Grass? I need to collect four of them.		
	たしか、４つ集めろと			
	いわれたな			
312	func00_E_EVENT_END1	MAP_D_CAD_00 424		
313	func00_E_EVENT_END2	MAP_D_CAD_00 425		
314	func00_E_EVENT_START1	MAP_D_CAD_00 415		
316	func00_E_EVENT_START2	MAP_D_CAD_00 417		
318	よし	Alright. I've collected all four of them.		
	４つ集めたぞ			
320	func00_E_EVENT_END1	MAP_D_CAD_00 424		
321	func00_E_EVENT_END2	MAP_D_CAD_00 425		
322	修練31フラグ加算前 = 	MAP_D_SIN_00 303		
324	修練31フラグ加算後 = 	MAP_D_SIN_00 305		
326	func00_E_EVENT_START1	MAP_D_CAD_00 415		
328	func00_E_EVENT_START2	MAP_D_CAD_00 417		
330	func00_E_EVENT_END1	MAP_D_CAD_00 424		
331	func00_E_EVENT_END2	MAP_D_CAD_00 425		
332	func00_E_EVENT_START1	MAP_D_CAD_00 415		
334	func00_E_EVENT_START2	MAP_D_CAD_00 417		
337	func00_E_EVENT_END1	MAP_D_CAD_00 424		
338	func00_E_EVENT_END2	MAP_D_CAD_00 425		
339	修練31フラグ加算前 = 	MAP_D_SIN_00 303		
341	修練31フラグ加算後 = 	MAP_D_SIN_00 305		
343	func00_E_EVENT_START1	MAP_D_CAD_00 415		
345	func00_E_EVENT_START2	MAP_D_CAD_00 417		
347	func00_E_EVENT_END1	MAP_D_CAD_00 424		
348	func00_E_EVENT_END2	MAP_D_CAD_00 425		
349	func00_E_EVENT_START1	MAP_D_CAD_00 415		
351	func00_E_EVENT_START2	MAP_D_CAD_00 417		
354	func00_E_EVENT_END1	MAP_D_CAD_00 424		
355	func00_E_EVENT_END2	MAP_D_CAD_00 425		
356	修練31フラグ加算前 = 	MAP_D_SIN_00 303		
358	修練31フラグ加算後 = 	MAP_D_SIN_00 305		
360	func00_E_EVENT_START1	MAP_D_CAD_00 415		
362	func00_E_EVENT_START2	MAP_D_CAD_00 417		
364	func00_E_EVENT_END1	MAP_D_CAD_00 424		
365	func00_E_EVENT_END2	MAP_D_CAD_00 425		
366	func00_E_EVENT_START1	MAP_D_CAD_00 415		
368	func00_E_EVENT_START2	MAP_D_CAD_00 417		
371	func00_E_EVENT_END1	MAP_D_CAD_00 424		
372	func00_E_EVENT_END2	MAP_D_CAD_00 425		
373	func00_E_EVENT_START1	MAP_D_CAD_00 415		
377	func00_E_EVENT_START2	MAP_D_CAD_00 417		
380	おお、それは！！	Yes, this is it!! You've gathered the Manji Grass!		
	万治草を集めてきて			
	くださったのですね！			
385	ありがとうございます	Thanks. I can make medicine with these		
	これで薬を作れます			
387	そういえばあなた…			
389	もしかして、カウノと			
	トクトを手伝ってくれた			
	お方では？			
393	ああ…たぶんな			
397	やはりそうでしたか！			
	２人から聞いていた特徴に			
	そっくりだったもので…			
399	いやぁ、家族そろって			
	お世話になりました			
	これも何かの縁ですかね			
401	よし、今度ひさびさに			
	家族で集まることにします			
	あなたの話をタネにね！			
403	そういえばあなた…			
	もしかして、行商人の			
	カウノをご存知で？			
407	ああ…たぶんな	MAP_D_SIN_00 393		
411	やはりそうでしたか！			
	カウノはわたくしの			
	妻なのです			
413	妻からの近況報告に			
	あなたのことがありました			
	手伝ってもらった、と			
415	いやぁ、夫婦そろって			
	お世話になりました			
417	そういえばあなた…			
	もしかして、行商人の			
	トクトをご存知で？			
421	ああ…たぶんな	MAP_D_SIN_00 393		
425	やはりそうでしたか！			
	トクトはわたくしの			
	息子なのです			
427	息子からの近況報告に			
	あなたのことがありました			
	いい人だった、と			
429	いやぁ、父子そろって			
	お世話になりました			
431	…そうそう	By the way, my wife and son are peddlers as well		
	実はわたくしの家族は			
	みな行商人なのです			
433	職業柄、ランカーさんに	I think they might ask for your help in the future		
	お手伝いを頼むことも			
	あると思いますので			
435	もし見かける機会があれば	Please treat them well if the opportunity arises		
	よろしくお願いしますね			
437	…おっと、ついわき道に	Ah, it seems we've gotten off subject		
	それてしまいました			
439	では、報奨を	Here's your reward		
	お渡しいたします			
444	これからも	Keep working hard on your training, and thanks again		
	修練、がんばってください			
	ありがとうございました			
446	func00_E_EVENT_END1	MAP_D_CAD_00 424		
448	func00_E_EVENT_END2	MAP_D_CAD_00 425		
449	func00_E_EVENT_START1	MAP_D_CAD_00 415		
458	func00_E_EVENT_START2	MAP_D_CAD_00 417		
461	うっす、せんぷぁい！	Hey, Senpai!		
466	何の用だ？	What do you want?		
470	この前、マイヤールの森で	Didn't I see you at Miyar Forest?		
	あんたを見かけたぜ？			
472	イビノス討伐修練だっけ？	That was just a boring old ibinos extermination mission, wasn't it?		
474	ま、おれはもっと	Well, I'm on the way to an even better training mission!		
	すごい修練の途中で			
	通っただけだけどな！			
477	…………	MAP_D_CAD_00 242		
480	しかし先輩もスミに	Also, it looks like you're quite the ladies' man.		
	置けないねぇ			
482	かわいい女の子たちに	I noticed a cute girl was chatting you up in the forest.		
	挨拶されてたじゃ			
	ないっすか			
484	あれ誰？	Who was it? Could it have been Ren?		
	もしかして			
	レンちゃん？			
488	…さあな	Might have been.		
492	なんだよ	What? Are you trying to act cool?		
	格好つけてるつもりかよ			
494	…あ、いいこと	Oh, this is good. I've got a great idea!		
	思いついた！			
496	先輩、おれと修練で	How about a little friendly competition?		
	勝負しようぜ？			
498	今ちょうど、緊急の	I just got word of an urgent training mission.		
	修練を知ったんだよね			
503	じゃあ、とっとと	Get your butt over to the branch office and sign up for the mission.		
	参加報告してきてよ			
509	後回しにしてると	You don't want me to clear it before you've even started, do you?		
	おれがクリア			
	しちゃいますよぉ？			
512	func00_E_EVENT_END1	MAP_D_CAD_00 424		
518	func00_E_EVENT_END2	MAP_D_CAD_00 425		
519	func00_E_EVENT_START1	MAP_D_CAD_00 415		
525	func00_E_EVENT_START2	MAP_D_CAD_00 417		
528	こんにちは	MAP_D_DNE_00 1074		
	緊急修練の受付は			
	ここですよ			
530	緊急の討伐修練に	Will you participate in the urgent extermination mission?		
	参加なさいますか？			
532	修練「討伐修練【緊急】」	Participate in training mission "Exterminate [Urgent]"?		
	に参加しますか？			
533	参加する	MAP_D_CAD_00 919		
534	参加しない	MAP_D_CAD_00 920		
539	了解しました！	MAP_D_DNE_00 1085		
	内容をご説明しますね			
541	リブラ森林に	There's been a huge outbreak of {13}01Predatory Plantmen{13}00 in Libra Forest.		
	{13}01ウゴキソウ{13}00が			
	大発生しております			
543	あまり危険はありませんが	They're not really that dangerous, but they're definitely harmful, so I want you to get rid of them.		
	害獣には違いないので			
	駆除してほしいのですよ			
545	…というわけで	So please go to Libra Forest.		
	リブラ森林に			
	向かってください			
549	至急、よろしくお願い	MAP_D_DNE_00 1101		
	いたします			
552	おっ、参加報告	MAP_D_DNE_00 1104		
	おわったっぽい？			
559	じゃあ行こうぜ	MAP_D_DNE_00 1111		
	せんぷぁ～い！			
561	func00_E_EVENT_END1	MAP_D_CAD_00 424		
563	func00_E_EVENT_END2	MAP_D_CAD_00 425		
566	緊急修練は	MAP_D_DNE_00 1119		
	期間限定ですので			
	参加するならお早めに…			
568	func00_E_EVENT_END1	MAP_D_CAD_00 424		
570	func00_E_EVENT_END2	MAP_D_CAD_00 425		
571	func00_E_EVENT_START1	MAP_D_CAD_00 415		
577	func00_E_EVENT_START2	MAP_D_CAD_00 417		
580	標的はウゴキソウ	Predatory Plantmen are our targets, right?		
	だったよな？			
582	んじゃ、より多く	Well then, the person who defeats the most wins!		
	倒したほうが			
	勝ちってことで！			
586	おれは勝負すると	I didn't say I wanted to compete with you.		
	いってない			
590	ハハァ？	What? Are you getting cold feet?		
	怖気づいてんの？		X	
	いっとくけど	Now that we've established the rules, let's get started!		
	もう勝負は			
	はじまってっから！		X	
	適当に倒して	When you're done, meet me in front of the branch office.		
	出張所前に集合な		X	
	んじゃ、先手必勝！	Well, the early bird gets the worm!		
596	…ひととおり倒すか	I just need to defeat them all, right?		
597	func00_E_EVENT_END1	MAP_D_CAD_00 424		
599	func00_E_EVENT_END2	MAP_D_CAD_00 425		
600	func00_E_EVENT_START1	MAP_D_CAD_00 415		
604	func00_E_EVENT_START2	MAP_D_CAD_00 417		
609	せんぷぁ～い！！	MAP_D_DNE_00 1163		
	逃げるんすか？			
614	…………	MAP_D_CAD_00 242		
615	func00_E_EVENT_END1	MAP_D_CAD_00 424		
617	func00_E_EVENT_END2	MAP_D_CAD_00 425		
618	func00_E_EVENT_START1	MAP_D_CAD_00 415		
622	func00_E_EVENT_START2	MAP_D_CAD_00 417		
631	func00_E_EVENT_END1	MAP_D_CAD_00 424		
633	func00_E_EVENT_END2	MAP_D_CAD_00 425		
634	func00_E_EVENT_START1	MAP_D_CAD_00 415		
638	func00_E_EVENT_START2	MAP_D_CAD_00 417		
647	func00_E_EVENT_END1	MAP_D_CAD_00 424		
649	func00_E_EVENT_END2	MAP_D_CAD_00 425		
650	func00_E_EVENT_START1	MAP_D_CAD_00 415		
651	func00_E_EVENT_START2	MAP_D_CAD_00 417		
652	func00_BATTLE_EVENT	MAP_D_CAD_00 457		
654	func00_E_EVENT_END1	MAP_D_CAD_00 424		
655	func00_E_EVENT_END2	MAP_D_CAD_00 425		
656	func00_E_EVENT_START1	MAP_D_CAD_00 415		
658	func00_E_EVENT_START2	MAP_D_CAD_00 417		
660	標的もそろそろ	It doesn't look like there are any more targets left.		
	いなくなったみたいだな		X	
	出張所前に集合…	Bayger told me to meet him in front of the branch office.		
	そう言われた気がする			
662	func00_E_EVENT_END1	MAP_D_CAD_00 424		
663	func00_E_EVENT_END2	MAP_D_CAD_00 425		
664	func00_E_EVENT_START1	MAP_D_CAD_00 415		
665	func00_E_EVENT_START2	MAP_D_CAD_00 417		
666	func00_BATTLE_EVENT	MAP_D_CAD_00 457		
668	func00_E_EVENT_END1	MAP_D_CAD_00 424		
669	func00_E_EVENT_END2	MAP_D_CAD_00 425		
670	func00_E_EVENT_START1	MAP_D_CAD_00 415		
672	func00_E_EVENT_START2	MAP_D_CAD_00 417		
675	func00_E_EVENT_END1	MAP_D_CAD_00 424		
676	func00_E_EVENT_END2	MAP_D_CAD_00 425		
677	func00_E_EVENT_START1	MAP_D_CAD_00 415		
678	func00_E_EVENT_START2	MAP_D_CAD_00 417		
679	func00_BATTLE_EVENT	MAP_D_CAD_00 457		
681	func00_E_EVENT_END1	MAP_D_CAD_00 424		
682	func00_E_EVENT_END2	MAP_D_CAD_00 425		
683	func00_E_EVENT_START1	MAP_D_CAD_00 415		
685	func00_E_EVENT_START2	MAP_D_CAD_00 417		
688	func00_E_EVENT_END1	MAP_D_CAD_00 424		
689	func00_E_EVENT_END2	MAP_D_CAD_00 425		
690	func00_E_EVENT_START1	MAP_D_CAD_00 415		
691	func00_E_EVENT_START2	MAP_D_CAD_00 417		
692	func00_BATTLE_EVENT	MAP_D_CAD_00 457		
694	func00_E_EVENT_END1	MAP_D_CAD_00 424		
695	func00_E_EVENT_END2	MAP_D_CAD_00 425		
696	func00_E_EVENT_START1	MAP_D_CAD_00 415		
698	func00_E_EVENT_START2	MAP_D_CAD_00 417		
701	func00_E_EVENT_END1	MAP_D_CAD_00 424		
702	func00_E_EVENT_END2	MAP_D_CAD_00 425		
706	修練後のクールダウンに	This'll be a good way to cool down after the training mission.		
	ちょうどいいぜ、先輩			
707	func00_BATTLE_EVENT	MAP_D_CAD_00 457		
708	■■■勝った■■■			
712	くそっ…！	Crap! You were just lucky!		
	運がよかったな、先輩！			
714	今日の修練は	I'll let you win for today!		
	ゆずってやるよ！！			
720	……ふぅ	...Hmph.		
721	func00_E_EVENT_END1	MAP_D_CAD_00 424		
723	func00_E_EVENT_END2	MAP_D_CAD_00 425		
724	func00_E_EVENT_START1	MAP_D_CAD_00 415		
728	func00_E_EVENT_START2	MAP_D_CAD_00 417		
731	せんぷぁ～い！	Sen~pai! How many did you kill?		
	どうだった？			
733	おれは７体も倒したぜ！	I killed seven of them!		
737	おれも７体だ	I also killed seven.		
741	おっ、先輩のくせに	Well, at least you were able to keep up with me.		
	なかなかやるじゃん			
744	…………	MAP_D_CAD_00 242		
747	しかし、引き分けとか	That said, it would be boring if this ended in a tie.		
	おもしろくねぇ			
749	先輩、ちょっと	How about a fight?		
	戦いません？			
751	こんなところで	Even if we got serious here, it wouldn't mean anything.		
	マジになっても			
	意味ないんで			
753	ランキング戦じゃなくて	There's no need for this to be a ranking battle.		
	いいっすよ			
757	…断る	I refuse. There's no point in a fight without meaning.		
	それこそ意味がない			
761	負けるのが怖いわけ？	Are you afraid you'll lose?		
764	…………	MAP_D_CAD_00 242		
767	勝ったほうが	How about we make the training reward a prize for the winner?		
	この修練をもらう			
769	…それなら意味	If we do that, it'll have meaning, right?		
	あるだろ？			
771	ベイガーと勝負しますか？	Fight Bayger?		
772	勝負する	Fight		
773	後にする	Later		
778	わかった	Alright.		
782	そうこなくちゃな！	Then, here I come!		
787	何と言われても			
	勝負する気はない			
792	ダメだね			
	おれが誘ったんだから			
	勝負しろよ！		X	
	それまでここは			
	通さないからな！			
795	…………	MAP_D_CAD_00 242		
796	func00_E_EVENT_END1	MAP_D_CAD_00 424		
797	func00_E_EVENT_END2	MAP_D_CAD_00 425		
798	func00_E_EVENT_START1	MAP_D_CAD_00 415		
802	func00_E_EVENT_START2	MAP_D_CAD_00 417		
805	先輩、やっと			
	やる気になったわけ？			
811	いいだろう			
815	そうこなくちゃな！	MAP_D_SIN_00 782		
821	怖気づくのも			
	いい加減にしろよ			
	なあ、先輩？			
823	func00_E_EVENT_END1	MAP_D_CAD_00 424		
824	func00_E_EVENT_END2	MAP_D_CAD_00 425		
825	func00_E_EVENT_START1	MAP_D_CAD_00 415		
829	func00_E_EVENT_START2	MAP_D_CAD_00 417		
832	こんにちは	MAP_D_DNE_00 1074		
	緊急修練の受付は			
	ここですよ			
834	…みたところ	MAP_D_DNE_00 1243		
	修練を達成している			
	ようですね			
836	では、これが報奨です	MAP_D_DNE_00 1245		
841	おつかれさまでした	MAP_D_DNE_00 1251		
843	func00_E_EVENT_END1	MAP_D_CAD_00 424		
845	func00_E_EVENT_END2	MAP_D_CAD_00 425		
846	func00_E_EVENT_START1	MAP_D_CAD_00 415		
850	func00_E_EVENT_START2	MAP_D_CAD_00 417		
853	わたしが担当してた	MAP_D_DNE_00 1263		
	緊急修練は			
	全て解決されました			
855	終わったことですから	MAP_D_DNE_00 1265		
	今からの参加は			
	できませんね			
857	func00_E_EVENT_END1	MAP_D_CAD_00 424		
859	func00_E_EVENT_END2	MAP_D_CAD_00 425		
860	func00_E_EVENT_START1	MAP_D_CAD_00 415		
864	func00_E_EVENT_START2	MAP_D_CAD_00 417		
869	で、どうだった？	Well, how did it go?		
	記念すべき初修練の	What did you think of		
	感想は？	your first training mission?		
872	…………	......	X	
	こんなものかな…	It went pretty much		
	そう思った	as expected.		
877	そりゃあ頼もしい！	You're off to a good start!	X	
	トレンスにいろいろと	I heard that Torrence		
	教えてもらったらしいね	gave you lots of advice.		
	あれは本当にお人好しだよ	He really is a good guy.		
883	…ジグ、この世界は	Zig, this society isn't		
	弱者に厳しい	kind to the weak.	X	
	世界のほとんどが	You pretty much have		
	ランカーで、強くなきゃ	to be a strong ranker to		
	何の権利も得られない	have any rights at all.		
887	…かもな	So it seems.		
893	でも、優しい人だって	But, there are nice		
	いるんだよ	people out there.	X	
	隣の病院では	You can always talk		
	先生や看護師さんが	to the doctor and nurses		
	相談に乗ってくれるし	at the hospital next door.	X	
	対戦相手を捜しているなら	If you're looking for		
	闘技場のおじさんたちが	people to fight, talk to		
	教えてくれる	the guy at the arena.		
897	訓練できるような	Is there a place I		
	場所はないのか？	can hone my skills?		
901	それなら森林がいい	If that's what you're after, try going		38
	宿舎の隣の道を出れば	down the road next to the barracks.		35
	すぐに行けるよ	You'll soon reach a forest.		27
906	わかった	Got it.		
910	張り切るのはまた明日！	Well, I'm bushed,		
	今日はおつかれさま、ジグ	so I'm going to turn in.		
		Great work today, Zig!		
914	func00_E_EVENT_END1	MAP_D_CAD_00 424		
917	func00_E_EVENT_END2	MAP_D_CAD_00 425		
918	func00_E_EVENT_START1	MAP_D_CAD_00 415		
920	func00_E_EVENT_START2	MAP_D_CAD_00 417		
923	いろんなヤツが	It's been one thing after another today.		
	次から次へと…		X	
	…疲れたな	...I'm tired. I think I'll head back.		
	帰るか			
926	func00_E_EVENT_END1	MAP_D_CAD_00 424		
927	func00_E_EVENT_END2	MAP_D_CAD_00 425		
928	func00_E_EVENT_START1	MAP_D_CAD_00 415		
934	func00_E_EVENT_START2	MAP_D_CAD_00 417		
937	おい、森林の奥で	There's been another sighting in the heart of the forest. There have been a lot of them lately.		
	またアレを見かけたぜ			
	最近多いよな			
943	ああ、噂では	Yeah, there's been a lot of buzz about a new extermination mission.		
	大きな討伐修練が			
	近々告知されるらしい		X	
	９００００位が	They say that you have to be rank 90000 to participate, so it's no concern of mine.		
	参加資格だって話だから			
	おれには関係ないけどな			
947	なんだよ…	What are you saying? This is your chance to shine.		
	せっかくのチャンスだと			
	思ったのによ			
951	ああ、チャンスといえば	Yeah. Maybe if I can qualify if I do the mission the guy at the arena just posted.		
	闘技場の方でも			
	修練が出るらしいぜ			
955	あそこ閉鎖中だろ？	The arena is closed, right? Did something happen over there?		
	何かあったのかよ			
959	さあなぁ	Dunno. Anyway, thanks for the info.		
	なんにしても、おいしい			
	話だといいのにな			
962	func00_E_EVENT_END1	MAP_D_CAD_00 424		
963	func00_E_EVENT_END2	MAP_D_CAD_00 425		
964	func00_E_EVENT_START1	MAP_D_CAD_00 415		
966	func00_E_EVENT_START2	MAP_D_CAD_00 417		
967	func00_E_EVENT_END1	MAP_D_CAD_00 424		
968	func00_E_EVENT_END2	MAP_D_CAD_00 425		
969	func00_E_EVENT_START1	MAP_D_CAD_00 415		
975	func00_E_EVENT_START2	MAP_D_CAD_00 417		
979	ジグ、起きてる！？	Big news, Zig! The Legion has announced a major training mission!		
	大変だ、重大修練だよ！			
983	…重大修練？	Major training mission?		
986	機構が特に重要だと	A training mission the Legion considers especially important. The reward is amazing!		
	考えている修練さ			
	報奨がすごいんだ！		X	
	参加資格は９００００位	You have to be rank 90000 to participate. You're good to go, right?		
	だっていうから			
	ジグなら大丈夫だろ？		X	
	とにかく修練板をみて	Anyway, get to the training board and look at the announcement.		
	参加報告をしにいくんだ			
993	あ、店が開いたから	Oh, also, the shops are open, so don't forget to equip yourself properly.		
	装備の見直しも			
	忘れずにな			
996	ポッドはどうするんだ？	What are you going to do, Pod?		
999	…おれのランクは	You know my rank! I'm on bridge duty like always.		
	知ってるだろ！			
	今日も大橋で衛兵修練だよ			
1005	func00_E_EVENT_END1	MAP_D_CAD_00 424		
1007	func00_E_EVENT_END2	MAP_D_CAD_00 425		
1008	シーン初期化	MAP_D_CAD_00 1232		
				
1009	オブジェクト配置	MAP_D_CAD_00 1233		
				
1010	オブジェクトトラップ配置	MAP_D_CAD_00 1235		
				
1011	マップチェンジトラップ配置	MAP_D_CAD_00 1236		
				
1024	ＮＰＣ配置	MAP_D_CAD_00 1248		
				
1029	イベントトラップ配置	MAP_D_CAD_00 1413		
				
1030	func00_E_EVENT_START1	MAP_D_CAD_00 415		
1034	func00_E_EVENT_START2	MAP_D_CAD_00 417		
1037	よぉ、田舎者！	Hey, country boy!		
	宣誓できたみたいだな	It looks like you enlisted.		
1041	…誰だ？	Who are you?		
1045	衛兵のソシオだよ！	I'm Socio!		
	大橋で会っただろ！！	We met at the bridge!!		
1047	ったく…	Geez...		
	ポッドがいろんな意味で	Pod's reasons for being		
	目立ちすぎなんだよ…	there are too obvious...		
1051	何の話だ？	What are you talking about?		
1055	いや、なんでもない…	Nothing...		
1057	それよりも	If you want to go further, you'll have to pass my test		54
	ここから先に行きたいなら			0
	試験を受けてもらうぜ？			0
1061	試験？	Test?		5
1065	最近、実力もないのに	Too many weak rankers have gone into the forest recently		56
	森に深入りしすぎる			0
	ランカーが増えてるんだ			0
1067	…ってことで	Because of that, I've been stationed here as a gatekeeper!		58
	おれが門番役！			0
1069	おれを倒せないような奴は	Those who can't defeat me are not qualified to enter the forest!		64
	森に入る資格なしだ！			0
1071	いっとくが	I won't be defeated easily		26
	おれは簡単には			0
	負けないぜ			0
1073	体勢を崩されない	There's no way you can break my guard!		38
	限りはな！			0
1075	今の装備では	You can't defeat Socio with your current equipment		50
	ソシオを倒せません			0
1076	相手の体勢を崩す手段を	You need to learn a way to break his guard		42
	習得してから挑みましょう			0
1080	困ったときは	Torrence said I should talk to him if I was having trouble, didn't he?		70
	トレンス、か…？			
1082	…とりあえず			
	修練でもやりながら			
	方法を探すか			
1083	func00_E_EVENT_END1	MAP_D_CAD_00 424		
1085	func00_E_EVENT_END2	MAP_D_CAD_00 425		
1088	今のおまえじゃ			
	おれを倒せるようには			
	みえないが…			
1090	まあ、無理すんな			
	いつでも戦って			
	やるからさ			
1096	func00_E_EVENT_END1	MAP_D_CAD_00 424		
1097	func00_E_EVENT_END2	MAP_D_CAD_00 425		
1100	…なるほどな	...I see.		
	そういうものを	So you've		
	用意してきたわけか	come prepared.		
1102	確かに、篭手を使えば	Do you really expect to		
	勝てる見込みはあるぜ	win using that gauntlet?		
	やるか？			
1104	ランキング戦を挑みますか？	Challenge him to		
		a ranking battle?		
1105	はい	MAP_D_CAD_00 432		
1106	いいえ	MAP_D_CAD_00 433		
1109	btl_pit110			
1110	バトルの説明 ～ブレイク～	Battle Explanation ~Break~	X	
	ランキング戦で	During ranking battles, the break gauge is displayed		
	ブレイクゲージが			
	見えるようになりました			
1111	btl_pit111			
1112	btl_pit112			
1113	btl_pit110	MAP_D_SIN_00 1109		
1114	ブレイクゲージは	You can decrease the break gauge with □ and △ attacks, but gauntlet attacks are super effective		
	{15}03や{15}02でも減らすことができますが			
	篭手による格闘攻撃が効果的です			
1115	btl_pit081			
1116	今回は{15}06でスタイルスイッチをして	For this battle, use the L button to switch styles and equip the gauntlet. Then, use ○ attacks to break Socio		
	篭手の装備に変身することができます			
	{15}00の格闘でブレイクを狙いましょう			
1117	btl_pit110	MAP_D_SIN_00 1109		
1118	ブレイクができるのは	You can only break opponents in ranking battles. Make good use of it		
	ランキング戦だけです			
	積極的に狙っていきましょう			
1122	よっしゃ！	OK! Try and break me!		
	おれをブレイクしてみろ！			
1128	ぐぅ…	Gah...		
1130	おまえの実力は	Now I realize how strong you really are		
	よーくわかったよ			
1132	好きなだけ	Go into the forest whenever you like		
	奥でもなんでも			
	行ってくれ			
1138	それにしても…	Anyway, I think you'll get far with your talent		
	おまえ、筋がいいのかもな			
1140	特に武器の持ち替え	If you keep using special weapons with the skill you just showed, you'll be at a considerable advantage		
	あれは上手く使えば			
	相当有利になりそうだな			
1142	btl_pit200			
1143	キャンプメニュー	The STYLE section of the camp menu has been unlocked.		
	STYLEの項目が解放されました			
1144	btl_pit201			
1145	STYLE画面では	On the STYLE screen, you can set up Zig's styles.		
	ジグのスタイルを			
	編集することができます		X	
	戦闘にはスタイルを２つまで	You can bring up to two styles into battle with you and switch between them using style switch		
	持ってゆくことができ、それらを			
	切り換えるのがスタイルスイッチです			
1146	btl_pit202			
1147	戦闘開始時のスタイルを	The style that is active when you start the battle is called the Active Style		
	アクティブスタイルと呼び{17}02		X	
	スタイルスイッチで	The style that you change to using style switching is called the Substyle		
	変身するスタイルは			
	サブスタイルと呼びます		X	
	アクティブスタイルか	You can edit styles freely, so try many different combinations		
	サブスタイルかは			
	STYLE画面で設定可能です		X	
	スタイルを自由に編集して	You can set the Active Style and Substyle on the STYLE screen		
	様々な組み合わせを楽しみましょう			
1150	…お、そろそろ時間か	I think it's about time I went back.	X	
	おかげで傷だらけだし	I'm covered in cuts.		
	おれは帰るぞ			
				
1154	func00_E_EVENT_END1	MAP_D_CAD_00 424		
1156	func00_E_EVENT_END2	MAP_D_CAD_00 425		
1162	func00_E_EVENT_END1	MAP_D_CAD_00 424		
1163	func00_E_EVENT_END2	MAP_D_CAD_00 425		
1171	？？？	MAP_D_CAD_01 744		
1195	森林系ロケーションタイトル			
