0	■■■ func00_DEBUG_SIGN ■■■	MAP_D_CAD_00 0	
			
1	！！！エラー検出用サブルーチンを通りました！！！	MAP_D_CAD_00 1	
			
2	イビノスシンボル配置しない。フラグ：	MAP_D_CAD_00 2	
4	イビノスシンボル配置する。フラグ：	MAP_D_CAD_00 4	
7	ランカーファイル情報更新	MAP_D_CAD_00 7	
			
8	->旧:	MAP_D_CAD_00 8	
9	 追加:	MAP_D_CAD_00 9	
10	 結果:	MAP_D_CAD_00 10	
12	ランク:	MAP_D_CAD_00 12	
15	ランカー戦勝利・戻り値：	MAP_D_CAD_00 15	
17	ランキング戦を申し込みますか？	MAP_D_CAD_00 17	
18	申し込む	MAP_D_CAD_00 18	
19	やめておく	MAP_D_CAD_00 19	
22	イビノスシンボル倒した。フラグON：	MAP_D_CAD_00 22	
25	イビノス戦：イベント終了？	MAP_D_CAD_00 25	
			
26	スクリプト：未知のモーションタイプが指定されました	MAP_D_CAD_00 26	
			
33	***振り向き判定ＰＣ***	MAP_D_CAD_00 33	
			
34	現在:cmn_r0:	MAP_D_CAD_00 34	
36	目標:cmn_r1:	MAP_D_CAD_00 36	
38	差分:cmn_r2:	MAP_D_CAD_00 38	
40	差分＾２:cmn_r3:	MAP_D_CAD_00 40	
42	閾値＾２:cmn_r4:	MAP_D_CAD_00 42	
44	->pc振り向きません	MAP_D_CAD_00 44	
			
45	->pc振り向きます	MAP_D_CAD_00 45	
			
47	***振り向き判定***	MAP_D_CAD_00 47	
			
48	現在:cmn_r0:	MAP_D_CAD_00 34	
50	目標:cmn_r1:	MAP_D_CAD_00 36	
52	差分:cmn_r2:	MAP_D_CAD_00 38	
54	差分＾２:cmn_r3:	MAP_D_CAD_00 40	
56	閾値＾２:cmn_r4:	MAP_D_CAD_00 42	
58	->npc振り向きません	MAP_D_CAD_00 58	
			
59	->npc振り向きます	MAP_D_CAD_00 59	
			
63	ロード待ち開始	MAP_D_CAD_00 63	
			
64	ロード待ち終了	MAP_D_CAD_00 64	
			
65	{15}0C{14}L00000000を	MAP_D_CAD_00 65	
	手に入れた		
66	{15}0E{14}L00000000を	MAP_D_CAD_00 66	
	手に入れた		
67	{15}0F{14}L00000000を	MAP_D_CAD_00 67	
	手に入れた		
68	{15}0D{14}L00000000を	MAP_D_CAD_00 68	
	手に入れた		
69	{15}10{14}L00000000を	MAP_D_CAD_00 69	
	手に入れた		
70	{15}12{14}L00000000を	MAP_D_CAD_00 70	
	手に入れた		
71	{15}11{14}L00000000を	MAP_D_CAD_00 71	
	手に入れた		
72	{15}13{14}L00000000を{1d}L00000001個	MAP_D_CAD_00 72	
	手に入れた		
73	{15}14{14}L00000000を{1d}L00000001個	MAP_D_CAD_00 73	
	手に入れた		
74	{15}14{14}L00000000を	MAP_D_CAD_00 74	
	手に入れた		
75	{15}1B{14}L00000000を	MAP_D_CAD_00 75	
	手に入れた		
76	{14}L00000000を	MAP_D_CAD_00 76	
	手に入れた		
77	{1d}L00000000Ｂを手に入れた	MAP_D_CAD_00 77	
			
78	num_calc：	MAP_D_CAD_00 78	
80	{15}0C{14}L00000000を	MAP_D_CAD_00 80	
	手渡した		
81	{15}0E{14}L00000000を	MAP_D_CAD_00 81	
	手渡した		
82	{15}0F{14}L00000000を	MAP_D_CAD_00 82	
	手渡した		
83	{15}0D{14}L00000000を	MAP_D_CAD_00 83	
	手渡した		
84	{15}10{14}L00000000を	MAP_D_CAD_00 84	
	手渡した		
85	{15}12{14}L00000000を	MAP_D_CAD_00 85	
	手渡した		
86	{15}11{14}L00000000を	MAP_D_CAD_00 86	
	手渡した		
87	{15}13{14}L00000000を{1d}L00000001個	MAP_D_CAD_00 87	
	手渡した		
88	{15}14{14}L00000000を{1d}L00000001個	MAP_D_CAD_00 88	
	手渡した		
89	{15}14{14}L00000000を	MAP_D_CAD_00 89	
	手渡した		
90	{15}1B{14}L00000000を	MAP_D_CAD_00 90	
	手渡した		
91	{14}L00000000を	MAP_D_CAD_00 91	
	手渡した		
			
92	■■ret0■■：	MAP_D_CAD_00 92	
96	■■ret■■：	MAP_D_CAD_00 96	
98	cmn_option:	MAP_D_CAD_00 98	
106	セーブポイント	MAP_D_CAD_00 106	
107	データ削除ユーティリティを起動します	MAP_D_CAD_00 107	
	ゲームプレイデータのセーブには		
	{1d}L00000001KB以上の空き容量が必要です		
108	ネックタイプ：	MAP_D_CAD_00 108	
110	首の初期化	MAP_D_CAD_00 110	
			
111	ネックタイプ：	MAP_D_CAD_00 108	
115	大橋が	MAP_D_CAD_00 115	
	トラベルマップで使用可能になりました		
116	下区：商業区が	MAP_D_CAD_00 116	
	トラベルマップで使用可能になりました		
117	下区：ランカー居住区が	MAP_D_CAD_00 117	
	トラベルマップで使用可能になりました		
118	下区：闘技場前が	MAP_D_CAD_00 118	
	トラベルマップで使用可能になりました		
119	タイロン租界が	MAP_D_CAD_00 119	
	トラベルマップで使用可能になりました		
120	バザルタ出張所前が	MAP_D_CAD_00 120	
	トラベルマップで使用可能になりました		
121	上区：噴水広場前が	MAP_D_CAD_00 121	
	トラベルマップで使用可能になりました		
122	バザルタ本部前が	MAP_D_CAD_00 122	
	トラベルマップで使用可能になりました		
123	フラグ・フィールド：	MAP_D_CAD_00 123	
125	フラグ・フィールド：	MAP_D_CAD_00 123	
127	ガンドアが	MAP_D_CAD_00 127	
	トラベルマップで使用可能になりました		
128	カンタレラが	MAP_D_CAD_00 128	
	トラベルマップで使用可能になりました		
129	トーロ荒地が	MAP_D_CAD_00 129	
	トラベルマップで使用可能になりました		
130	リブラ森林が	MAP_D_CAD_00 130	
	トラベルマップで使用可能になりました		
131	マイヤールの森が	MAP_D_CAD_00 131	
	トラベルマップで使用可能になりました		
132	ベリエ街道が	MAP_D_CAD_00 132	
	トラベルマップで使用可能になりました		
133	ドネイ回廊が	MAP_D_CAD_00 133	
	トラベルマップで使用可能になりました		
134	ウィルゴー砂漠が	MAP_D_CAD_00 134	
	トラベルマップで使用可能になりました		
135	カドモール水源が	MAP_D_CAD_00 135	
	トラベルマップで使用可能になりました		
136	カルキノス荒地が	MAP_D_CAD_00 136	
	トラベルマップで使用可能になりました		
137	ラ・キット遺跡が	MAP_D_CAD_00 137	
	トラベルマップで使用可能になりました		
138	レオン峡谷が	MAP_D_CAD_00 138	
	トラベルマップで使用可能になりました		
139	ソダー回廊が	MAP_D_CAD_00 139	
	トラベルマップで使用可能になりました		
140	ニシュラ氷河が	MAP_D_CAD_00 140	
	トラベルマップで使用可能になりました		
141	いにしえの回廊が	MAP_D_CAD_00 141	
	トラベルマップで使用可能になりました		
142	フィッシェ街道が	MAP_D_CAD_00 142	
	トラベルマップで使用可能になりました		
143	レゾナール海岸が	MAP_D_CAD_00 143	
	トラベルマップで使用可能になりました		
144	ケイロニア高原が	MAP_D_CAD_00 144	
	トラベルマップで使用可能になりました		
145	ケイロニア砦が	MAP_D_CAD_00 145	
	トラベルマップで使用可能になりました		
146	サルバトーレ離宮が	MAP_D_CAD_00 146	
	トラベルマップで使用可能になりました		
147	リストにないよ？	MAP_D_CAD_00 147	
			
148	_case:	MAP_D_CAD_00 148	
151	「討伐修練【低位１】」の	MAP_D_CAD_00 151	
	クリア条件を満たした！		
152	「討伐修練【低位２】」の	MAP_D_CAD_00 152	
	クリア条件を満たした！		
153	「討伐修練【低位３】」の	MAP_D_CAD_00 153	
	クリア条件を満たした！		
154	「討伐修練【低位４】」の	MAP_D_CAD_00 154	
	クリア条件を満たした！		
155	「討伐修練【低位５】」の	MAP_D_CAD_00 155	
	クリア条件を満たした！		
156	「討伐修練【中位１】」の	MAP_D_CAD_00 156	
	クリア条件を満たした！		
157	「討伐修練【中位２】」の	MAP_D_CAD_00 157	
	クリア条件を満たした！		
158	「討伐修練【高位１】」の	MAP_D_CAD_00 158	
	クリア条件を満たした！		
159	「討伐修練【高位２】」の	MAP_D_CAD_00 159	
	クリア条件を満たした！		
160	「薬草探しの代理人」の	MAP_D_CAD_00 160	
	クリア条件を満たした！		
161	「新商品開発の手伝い」の	MAP_D_CAD_00 161	
	クリア条件を満たした！		
162	「蒼の指環を求めて」の	MAP_D_CAD_00 162	
	クリア条件を満たした！		
163	「雪中の贈り物」の	MAP_D_CAD_00 163	
	クリア条件を満たした！		
164	「加護あることを祈って」の	MAP_D_CAD_00 164	
	クリア条件を満たした！		
165	「追想の白い花」の	MAP_D_CAD_00 165	
	クリア条件を満たした！		
166	「来れ、好運の使者！」の	MAP_D_CAD_00 166	
	クリア条件を満たした！		
167	「武術指南のお願い」の	MAP_D_CAD_00 167	
	クリア条件を満たした！		
168	「行方不明の従業員」の	MAP_D_CAD_00 168	
	クリア条件を満たした！		
169	「スキルチップ収集中」の	MAP_D_CAD_00 169	
	クリア条件を満たした！		
170	「盗難品の行方は」の	MAP_D_CAD_00 170	
	クリア条件を満たした！		
171	「資料集めのアシスタント」の	MAP_D_CAD_00 171	
	クリア条件を満たした！		
172	「河畔の生態系調査」の	MAP_D_CAD_00 172	
	クリア条件を満たした！		
173	「新人官吏を捕獲せよ」の	MAP_D_CAD_00 173	
	クリア条件を満たした！		
174	「黒い積荷の回収」の	MAP_D_CAD_00 174	
	クリア条件を満たした！		
175	「悪徳商売を抑止せよ」の	MAP_D_CAD_00 175	
	クリア条件を満たした！		
176	「新人ランカー襲撃事件」の	MAP_D_CAD_00 176	
	クリア条件を満たした！		
177	「優しい猛者、募集中」の	MAP_D_CAD_00 177	
	クリア条件を満たした！		
178	「異郷からきた尋ね人」の	MAP_D_CAD_00 178	
	クリア条件を満たした！		
179	「勇壮なる護衛の依頼」の	MAP_D_CAD_00 179	
	クリア条件を満たした！		
180	「赫の指環を求めて」の	MAP_D_CAD_00 180	
	クリア条件を満たした！		
181	「闘技場の害獣駆除」の	MAP_D_CAD_00 181	
	クリア条件を満たした！		
182	「回覧板配達人」の	MAP_D_CAD_00 182	
	クリア条件を満たした！		
183	「討伐修練【緊急】」の	MAP_D_CAD_00 183	
	クリア条件を満たした！		
184	「鉱物資源の収集【緊急】」の	MAP_D_CAD_00 184	
	クリア条件を満たした！		
185	「タリー石を探せ」の	MAP_D_CAD_00 185	
	クリア条件を満たした！		
186	「甘梅草を探せ」の	MAP_D_CAD_00 186	
	クリア条件を満たした！		
187	「衛兵の剣の没収」の	MAP_D_CAD_00 187	
	クリア条件を満たした！		
188	「衛兵の剣の返却」の	MAP_D_CAD_00 188	
	クリア条件を満たした！		
189	「森のイビノス駆除【重大】」の	MAP_D_CAD_00 189	
	クリア条件を満たした！		
190	「回廊のイビノス駆除【重大】」の	MAP_D_CAD_00 190	
	クリア条件を満たした！		
191	「七騎士認定修練【重大】」の	MAP_D_CAD_00 191	
	クリア条件を満たした！		
192	ガンドアが	MAP_D_CAD_00 192	
	トラベルマップで通行可能になりました		
193	ガンドアが	MAP_D_CAD_00 193	
	トラベルマップで通行不能になりました		
194	カンタレラが	MAP_D_CAD_00 194	
	トラベルマップで通行可能になりました		
195	カンタレラが	MAP_D_CAD_00 195	
	トラベルマップで通行不能になりました		
196	トーロ荒地が	MAP_D_CAD_00 196	
	トラベルマップで通行可能になりました		
197	トーロ荒地が	MAP_D_CAD_00 197	
	トラベルマップで通行不能になりました		
198	リブラ森林が	MAP_D_CAD_00 198	
	トラベルマップで通行可能になりました		
199	リブラ森林が	MAP_D_CAD_00 199	
	トラベルマップで通行不能になりました		
200	マイヤールの森が	MAP_D_CAD_00 200	
	トラベルマップで通行可能になりました		
201	マイヤールの森が	MAP_D_CAD_00 201	
	トラベルマップで通行不能になりました		
202	ベリエ街道が	MAP_D_CAD_00 202	
	トラベルマップで通行可能になりました		
203	ベリエ街道が	MAP_D_CAD_00 203	
	トラベルマップで通行不能になりました		
204	ドネイ回廊が	MAP_D_CAD_00 204	
	トラベルマップで通行可能になりました		
205	ドネイ回廊が	MAP_D_CAD_00 205	
	トラベルマップで通行不能になりました		
206	ウィルゴー砂漠が	MAP_D_CAD_00 206	
	トラベルマップで通行可能になりました		
207	ウィルゴー砂漠が	MAP_D_CAD_00 207	
	トラベルマップで通行不能になりました		
208	カドモール水源が	MAP_D_CAD_00 208	
	トラベルマップで通行可能になりました		
209	カドモール水源が	MAP_D_CAD_00 209	
	トラベルマップで通行不能になりました		
210	カルキノス荒地が	MAP_D_CAD_00 210	
	トラベルマップで通行可能になりました		
211	カルキノス荒地が	MAP_D_CAD_00 211	
	トラベルマップで通行不能になりました		
212	ラ・キット遺跡が	MAP_D_CAD_00 212	
	トラベルマップで通行可能になりました		
213	ラ・キット遺跡が	MAP_D_CAD_00 213	
	トラベルマップで通行不能になりました		
214	レオン峡谷が	MAP_D_CAD_00 214	
	トラベルマップで通行可能になりました		
215	レオン峡谷が	MAP_D_CAD_00 215	
	トラベルマップで通行不能になりました		
216	ソダー回廊が	MAP_D_CAD_00 216	
	トラベルマップで通行可能になりました		
217	ソダー回廊が	MAP_D_CAD_00 217	
	トラベルマップで通行不能になりました		
218	ニシュラ氷河が	MAP_D_CAD_00 218	
	トラベルマップで通行可能になりました		
219	ニシュラ氷河が	MAP_D_CAD_00 219	
	トラベルマップで通行不能になりました		
220	いにしえの回廊が	MAP_D_CAD_00 220	
	トラベルマップで通行可能になりました		
221	いにしえの回廊が	MAP_D_CAD_00 221	
	トラベルマップで通行不能になりました		
222	フィッシェ街道が	MAP_D_CAD_00 222	
	トラベルマップで通行可能になりました		
223	フィッシェ街道が	MAP_D_CAD_00 223	
	トラベルマップで通行不能になりました		
224	レゾナール海岸が	MAP_D_CAD_00 224	
	トラベルマップで通行可能になりました		
225	レゾナール海岸が	MAP_D_CAD_00 225	
	トラベルマップで通行不能になりました		
226	ケイロニア高原が	MAP_D_CAD_00 226	
	トラベルマップで通行可能になりました		
227	ケイロニア高原が	MAP_D_CAD_00 227	
	トラベルマップで通行不能になりました		
228	ケイロニア砦が	MAP_D_CAD_00 228	
	トラベルマップで通行可能になりました		
229	ケイロニア砦が	MAP_D_CAD_00 229	
	トラベルマップで通行不能になりました		
230	サルバトーレ離宮が	MAP_D_CAD_00 230	
	トラベルマップで通行可能になりました		
231	サルバトーレ離宮が	MAP_D_CAD_00 231	
	トラベルマップで通行不能になりました		
232	リストにないよ？	MAP_D_CAD_00 147	
			
237	func00_C_EVENT_START1	MAP_D_CAD_00 233	
240	func00_C_EVENT_START2	MAP_D_CAD_00 238	
243	大昔に描かれた	These murals were painted a long time ago.	
	壁画だよ		
244	func00_C_EVENT_END1	MAP_D_CAD_00 372	
246	func00_C_EVENT_END2	MAP_D_CAD_00 377	
247	func00_C_EVENT_START1	MAP_D_CAD_00 233	
250	func00_C_EVENT_START2	MAP_D_CAD_00 238	
253	カンタレラの生き残りが	These were painted by the survivors of Cantelera.	
	描いたんだ		
255	…………	MAP_D_CAD_00 242	
259	これは、かつてあなたの	This is what our ancestors lived through.	
	祖先が見た光景…		X
	イビノスが世界を	The ibinos devoured the world and plunged it into despair.	
	食い尽くしてしまう		
	絶望的な様子…		X
	そして、この悪夢は	And now, that nightmare is about to begin anew!	
	また繰り返されるのよ！		
260	func00_C_EVENT_END1	MAP_D_CAD_00 372	
261	func00_C_EVENT_END2	MAP_D_CAD_00 377	
262	func00_C_EVENT_START1	MAP_D_CAD_00 233	
265	func00_C_EVENT_START2	MAP_D_CAD_00 238	
269	ここを見つけた時には	That piece was already gone when we discovered this mural.	
	もう、削り取られた		
	あとだったわ		
271	何が描いて	What could have been painted on it?	
	あったんだろうね？		
273	おれが知ってるはず	How should I know?	
	ないだろう？		
274	func00_C_EVENT_END1	MAP_D_CAD_00 372	
275	func00_C_EVENT_END2	MAP_D_CAD_00 377	
276	func00_C_EVENT_START1	MAP_D_CAD_00 233	
278	func00_C_EVENT_START2	MAP_D_CAD_00 238	
280	これは…	This is...	
287	そう、カンタレラの紋章	Yes. That's Cantelera's emblem.	X
	ここはカンタレラの	This is where the survivors of Cantelera lived in hiding.	
	生き残りが逃げ込んで		
	隠れ住んだ場所		X
	わたしたちは	That's what we believe, anyway.	
	そう信じている		
295	生き残り？	Survivors?	
299	カンタレラの人たちは	House Salvatore and House Bazalta worked together to massacre the people of Cantelera.	
	サルバトーレ家と		
	バザルタ家に殺された…		X
	もっとも、サルバトーレも	Then, House Bazalta turned on House Salvatore and crushed it.	
	後にバザルタに潰される		
	わけだけどね		
306	ちなみに、バザルタ家の	By the way, Yuri is a descendant of the Bazalta family.	
	末裔が七騎士のユーリだ		X
	どんな一族だったか	You can tell which family he belongs to just by looking at him.	
	子孫を見ればわかるよな		
312	なぜそんなことに…	Why did all this happen?	
316	単純な話…	Put simply, there was a power struggle.	
	権力争いよ		
320	レン、何か知っている？	Ren, do you know anything about that?	
330	それにしても何だって	Why did they end up hiding here?	
	こんなところへ		
	逃げ込んだんだ？		X
	隠れやすい場所は	There were plenty of better hiding places, weren't there?	
	他にもたくさん		
	あるだろうに		
334	彼らは伝言を	They wanted to leave behind a message.	
	残したかった		X
	未来への…	A message to the future, to people like us.	
	つまりわたしたちへの		
	伝言ね		
338	あの壁画の	She's talking about those murals, Zig.	
	ことだよ、ジグ		
342	…ただの絵だ	They're just paintings.	
345	想像して書いた絵だと？	Do you think someone just imagined all this? Well, you're wrong.	
	それが、ちがうんだな		
350	こっちへ来て	Come with me.	
355	func00_C_EVENT_END1	MAP_D_CAD_00 372	
358	func00_C_EVENT_END2	MAP_D_CAD_00 377	
359	func00_B_EVENT_START1	MAP_D_CAD_00 459	
368	func00_B_EVENT_START2	MAP_D_CAD_00 465	
378	func00_B_EVENT_END1	MAP_D_CAD_00 522	
387	func00_B_EVENT_END2	MAP_D_CAD_00 527	
388	func00_C_EVENT_START1	MAP_D_CAD_00 233	
394	func00_C_EVENT_START2	MAP_D_CAD_00 238	
396	これは…	This is...	
398	この世の光景とは	I didn't know anything like this existed in this world...	
	思えません…		
401	地の果て…	This is...the end of the world. A tear in the earth that the people call the "Sea of Tears."	
	切り取られた大地の傷…		
	人々は「絶海」と呼んだ		
405	こりゃひでえな…	How terrible. Did a disaster do this?	
	災害か？		
408	災害と言えば災害ね	Call it a disaster if you want.	X
	空からイビノスが降り	Ibinos descend on the earth and consume it.	
	大地を覆い尽くす		X
	イビノスは破壊の限りを	When the ibinos have destroyed all they can, they leave and go somewhere else.	
	尽くし、やがて		
	どこかへ去って行く…		X
	残された大地は	They leave behind a void of nothingness...a Sea of Tears.	
	無の世界…絶海となる		
411	全てはあの壁画の通りよ	It happens just as you saw on those murals.	X
	その恐怖の日々を	Those days of terror were collectively known as the "Day of Armageddon."	
	「破砕の日」と		
	呼んだらしいわ		
415	func00_C_EVENT_END1	MAP_D_CAD_00 372	
420	func00_C_EVENT_END2	MAP_D_CAD_00 377	
421	func00_C_EVENT_START1	MAP_D_CAD_00 233	
425	func00_C_EVENT_START2	MAP_D_CAD_00 238	
427	わたしが知っていることを	I've told you all I know.	
	話しておくわね		X
	わたしが、この片目と	I traded an eye for this information.	
	引き替えに		
	手に入れた情報よ		
431	そうそう	Yeah, about that. What happened to your eye?	
	その目、どうしたんだ？		
436	本筋には関係ないけど…	That's not really related to the main topic, but I guess Ren should know.	
	そうね、レンは知っておく		
	必要があるわね		
442	わたし…ですか？	Me?	
447	七騎士のノーマを	Do you know Norma, from the Seven Knights?	
	知ってる？		
450	はい	Yes.	
453	あの女は今はおそらく	She's about 300 years old now.	
	３００歳くらいよ		
458	ばかなことを言うな！	Come on, don't be stupid!	
464	本当な…	It's true. She can use soul transmigration arts.	
	あの女は		
	転生の術を使う		X
	死んでも少しの間なら	Even if she dies, she can leave a bit of her consciousness behind for a short time.	
	意識だけを		
	残すことができる		X
	その意識が別の身体に	Once she transfers that consciousness to a new body,	
	入り込むと…		
467	ノーマの転生は完了	the soul transmigration is complete.	X
	つまり、わたしはかつて	To put it simply, Norma once took control of my body.	
	ノーマに身体を		
	使われていたのよ		X
	レン…もしノーマを	Ren, if you happen to defeat Norma, don't let your guard down.	
	倒すことがあっても		
	油断しちゃダメよ		X
	意識を吸い込むと	If she transfers her consciousness to you, she'll take control of your body.	
	身体を乗っ取られるわ		
470	ノーマは若い娘の	Norma likes the bodies of young girls,	
	身体を好むの		
472	特にちょっとかわいい	especially cute girls.	
	女の子のね		
477	…わたしにだって	Even I was cute at one time.	
	かわいい頃があったのよ		
482	じゃあ、イゴリダ…	Wait, Igrida. Did you learn about this place	
	おまえはノーマに		
	身体を使われ…		X
	その時にここを	while Norma was using your body?	
	知ったってわけか？		
488	そう	Yes. Even when Norma is using someone's body, her host's consciousness doesn't disappear.	
	身体を乗っ取られても		
	意識が消えるわけじゃない		X
	わたしの意識はちゃんと	I remember everything from when Norma was controlling me.	
	ノーマだった時のことを		
	記憶していた		X
	だからわたしは七騎士が	The Seven Knights once used this place to hide from society. That's how I learned of it.	
	世の中に隠している		
	この場所を知っていた		
492	目は…	Your eye...What happened to it?	
	目はどうしたのですか？		
497	あの女、わたしの身体を	That woman used my body to do filthy things.	
	汚らわしいことに使って…		X
	わたしは耐えられずに	I couldn't take it anymore, so I decided to kill myself by stabbing myself in the throat with a sword,	
	剣で喉を突いて死のうと		
	思った…		X
	でもノーマに抵抗されて	but Norma resisted and threw off my aim, and my eye...	
	狙いがそれ、目を…		
501	ごめん、ちょっと休憩	Sorry, I need to take a break.	
502	func00_C_EVENT_END1	MAP_D_CAD_00 372	
506	func00_C_EVENT_END2	MAP_D_CAD_00 377	
507	func00_C_EVENT_START1	MAP_D_CAD_00 233	
511	func00_C_EVENT_START2	MAP_D_CAD_00 238	
517	くっそー！	Damn you! Stop bothering us!	
	邪魔するな！		
521	おれが行く	I'll take care of it.	
529	あんなふうに世界中を	Ibinos like that one wander the world...	
	うろついているイビノス…		X
	あいつらは	They remained here after the Day of Armageddon.	
	破砕の日のあとも		
	この世界に残って…		X
	そしてこの世界で	What's more, they're increasing in numbers.	
	増え続けた怪物なんだ		X
	機構は、イビノスが	You know how the Legion says that they've existed since long ago?	
	大昔からいるって		
	言ってるだろう？		X
	実際、その通りだよね…	They're absolutely right,	X
	でも、もっと大昔…	but even longer ago, before the Day of Armageddon, they didn't exist.	
	破砕の日より前には		
	存在しなかった		
543	その破砕の日というのは	The Day of Armageddon is all in the past now, right.	
	過去の出来事ですよね？		X
	恐ろしい厄災ですけど	It was a terrible disaster, but the world continues on.	
	世界はこうして		
	続いています		X
	世界は機構の指導の下	I think that the world overcame the crisis under the Legion's leadership.	
	危機を乗り越えたと		
	いうことだと思います		X
	それを今、機構に	Yet now, you rise up against the Legion.	
	刃向かってまで		
	問題にするのは…		
548	なぜですか？	Why?	
556	破砕の日は繰り返される	I think that there will be another Day of Armageddon.	
	わたしはそう考えているの		
561	ただの想像ですか！？	Aren't you just imagining things!?	
566	確信があるわ	I'm absolutely convinced it will happen again.	
571	…いいわ	Alright. I'll listen to what you have to say.	
	聞きましょう		
575	機構の存在、それ自体が	The existence of the Legion itself is evidence for my theory.	
	破砕の日が繰り返される		
	ことの証拠よ		X
	いい？	With me so far?	X
	今の機構ではなく	Forget about the Legion as it exists today, and try to imagine the Legion as it was when it was founded.	
	設立されたころの機構を		
	想像してみて		X
	レン、あなたの祖先が	Ren, what were your ancestors' reasons for forming the Legion?	
	機構を作った理由は？		
581	強い戦士を作るためです	To make strong warriors. That hasn't changed even now.	
	それは今もまったく		
	変わっていません		X
	人々がひとつの目的…	Their ultimate goal...	X
	より良い世界を	was to create a better world.	
	作るため…		X
	そのためには	They needed strength to make that happen.	
	強くあらねばならない		X
	わたしの祖先は	That's what my ancestors probably thought.	
	そう考えたはずです		
592	func00_C_EVENT_START1	MAP_D_CAD_00 233	
594	func00_C_EVENT_START2	MAP_D_CAD_00 238	
596	そうね	You're probably right, but...	
	でも…		X
	誓いの言葉を	Do you remember the words of the oath?	
	思い出して		
598	我、堅陣の礎となり	I am the foundation of our stronghold, an elite force that stands against any threat.	
	精鋭の疾き干戈たらん…		
601	「堅陣」…強固な陣地は	From what is this "stronghold" supposed to provide protection?	
	誰から身を守るため？		
604	「干戈」…武器は誰に	An "elite force" to fend what off?	
	向けるの？		
607	それだけじゃない	And that's not all.	
610	あなたたちが日々参加する	The missions you undertake from day to day are called "training." Why are they called that?	
	「修練」…どうして		
	修練だなんて呼ぶの？		X
	修練でつちかった力を	What are those missions training you for?	
	発揮するのはいつ？		X
	何を本番だと言うのかしら…	Where is this all leading? Who was the enemy back then?	
	その時の敵は誰？		X
	世界を支配している機構は	Who is this enemy that the Legion believes will come?	
	いったい誰を敵だと		
	想定しているの？		
615	イビノス…かしら？	Could it be...the ibinos?	
618	そう…ね	Yes,	X
	でも、今、そのへんにいる	but now, there aren't many ibinos in this area.	
	イビノスのことじゃないわ		X
	あれはちょっとした	Rankers can defeat them with just a bit of effort.	
	ランカーでも		
	倒せるもの		X
	それに、イビノス退治も	What's more, isn't ibinos extermination also called training?	
	修練と呼んで		
	いるでしょ？		
626	ということは…	So what you're saying is...	
631	また来るんだな…	The next "Day of Armageddon" is upon us.	
	「破砕の日」がよ		
634	この世界に	And it won't be at the hands of the ibinos we're familiar with.	
	なじんでしまった		
	イビノスではなく…		X
	世界を食いちぎる力と	Ibinos that have the strength and the will to devour the whole world...	
	意志を持った本物の		
	イビノス…		X
	大地を覆い尽くすほどの	They will consume the earth and tear it apart.	
	イビノス…		
638	もし、そうだとしても	Maybe that won't be a problem if we're here!	
	問題ありません		
	わたしたちがいます！		
641	心強いこと	That's reassuring.	
645	バカにしてますね！	Are you making fun of me!?	
648	いいえ	No.	
653	あなたのような人が	It's reassuring to know that there are people like you among the Legion's top rankers.	
	機構のトップにいれば		
	心強いでしょうね		
656	でも…	But...	
661	今の七騎士はどう？	What about the Seven Knights?	X
	「破砕の日」の情報は	They won't reveal any information about the "Day of Armageddon."	
	すべて隠してしまい…		X
	いいえ、彼ら自身	No, perhaps they don't even know about it themselves.	
	知ろうともしない		X
	真実の一番近くに	Even though they should be closest to the truth,	
	いるというのにね		X
	彼らの目的は	they live only to satisfy their own desires.	
	自分の欲望を		
	満たすことだけ…		
662	func00_C_EVENT_END1	MAP_D_CAD_00 372	
666	func00_C_EVENT_END2	MAP_D_CAD_00 377	
667	func00_C_EVENT_START1	MAP_D_CAD_00 233	
669	func00_C_EVENT_START2	MAP_D_CAD_00 238	
672	いや！	No!	X
	ひとり状況を	There was one Knight who sought to change the status quo,	
	変えようとした		
	騎士がいたんだ		X
	でも、ユーリのワナに	but he fell into Yuri's trap and ended up imprisoned.	
	かかって監禁されて		
	しまった…		
678	七騎士バルバロ…	That person was my father, Balbaro.	
	おれのおやじだ		
683	えっ！？	Huh? You're the son of a Knight!?	
	七騎士の息子だったの！？		
687	政争に巻き込まれるから	My father told me to hide because he thought he was going to get caught up in a political power struggle.	
	隠すようにおやじから		
	言われていたんだ		
691	そんなことって…	That means...	
695	本当なんだろうよ	It's probably true.	X
	今の七騎士はどうにも	The current Seven Knights are really strange.	
	こうにもおかしい		X
	ハースを見ろ	Look at Hars. He doesn't even think of himself as one of the Seven Knights.	
	七騎士の自覚なんて		
	ありゃしねえ		
701	まあ、その通りな	Yeah, you're right.	X
	おれは戦っていれば満足	If I can fight and become stronger, I'm satisfied.	
	強ければそれでいい		X
	だから、七騎士になったら	I thought that if I became one of the Seven Knights, I could fight the top rankers as much as I wanted,	
	上位者と戦い放題だと		
	思ったのにあいつら…		X
	七騎士同士が戦うことは	but fighting among the Seven Knights is forbidden.	
	禁止しているのな		
704	おれが１位なのは…	Do you know why I'm ranked #1? Ask and be surprised.	
	聞いて驚け		
707	クジで決まった	It was decided by drawing lots.	
711	えっ！？	What!?	
716	もちろんおれは強い	Of course I'm strong, and I'm confident that I could beat any of the other six Knights in a fair fight,	
	やつらと戦えば		
	勝つ自信もある		X
	だが、それだけじゃ	but that's not good enough.	
	足りないのな		X
	誰が一番強いのか	Who's the strongest? I want to fight them and find out,	
	本当に戦って		
	はっきりさせたい		X
	だからおれは機構を出て	so I left the Legion and joined the Anti.	
	アンチに入った		X
	アンチ相手ならやつらも	They'll have no choice but to fight me seriously if I oppose them as an Anti.	
	本気で戦うしかない		X
	アンチという立場が	Joining forces with the Anti will make my dreams come true.	
	おれの夢をかなえるのな		
717	func00_C_EVENT_END1	MAP_D_CAD_00 372	
720	func00_C_EVENT_END2	MAP_D_CAD_00 377	
721	func00_C_EVENT_START1	MAP_D_CAD_00 233	
723	func00_C_EVENT_START2	MAP_D_CAD_00 238	
726	ハースの思いは	I can't begin to understand how Hars thinks.	
	理解できないけど…		
730	わたしの夢は	My dream is to lead the Legion down the right path.	
	機構を正しい方向へ		
	導くこと…		X
	機構そのものを	I've never thought about dismantling the Legion outright.	
	無くそうなんて		
	考えたことはない		X
	望みは、設立の趣旨に	My wish is to realign the Legion's governance with its founding principles.	
	のっとって運営される		
	正しい戦侯機構なの		
739	レン…	Ren,	X
	あなたの祖先が作った	do you think you can create the Legion	
	本当の機構…		X
	それを自分の手で	your ancestors envisioned with your own hands?	
	作ろうとは思わない？		
744	あなたという	You, a descendant of Salvatore, took the Legion's oath.	
	サルバトーレの末裔が		
	機構に宣誓したことは…		X
	そのおかげで	Thanks to that, I was able to meet you.	
	あなたと		
	出会えたことは…		X
	レン…	Ren, this is fate.	
	これは、もう運命よ		X
	わたしと、あなたの運命	Fate, both mine and yours.	
749	わたしたち全員の	All of our fates are intertwined.	
	運命でもある		
754	何を悩む必要が	What do we have to worry about?	
	あるんだ？		
760	まあ、待てよ	Hey, wait a minute. That woman has a troublesome personality.	
	このおねえちゃんは		
	面倒くさい性格なんだ		
765	ジグ…	Zig...Zig, of Cantelera.	
	カンタレラのジグ		
767	あなたに出会えたことも	That I was able to meet you was also fate.	
	運命なの		
770	おれには…	I don't understand.	
	よくわからない		
773	次は、あなたに	There's something I want to ask you.	
	聞きたいことがあるの		
779	なんだぁ！？	What was that!?	
783	ハース！	Hars, did you not take care of them all!?	
	全部片付けて		
	来なかったのかよ！		
787	面倒くさいのな	How annoying.	X
	たいして強くも	They're not very strong, but they come in swarms .	
	ないくせに		
	うじゃうじゃと…		X
	外に１００匹はいるぞ	There are 100 of them outside.	
791	そんな！	Oh, no!	
795	レン、おまえの	Ren, your subordinates have gotten caught up in the fighting.	
	取り巻きが戦ってる		
800	えっ！？	What!?	
802	おまえを探してたな	They were searching for you.	
804	早く言ってください！	You should have said so earlier!	
808	おれたちも手伝うか！	Shouldn't we also help!?	
814	邪魔が入ってしまったわね	Looks like our meeting got cut short.	
817	ジグ、わたしたちは	Zig, we'll be waiting in Cantelera.	
	カンタレラで待ってる		
821	…………	MAP_D_CAD_00 242	
824	眠り続けた	The people of Cantelera continue to sleep.	
	カンタレラの民よ		X
	どうか目覚めて	It's time to wake them up.	X
	わたしたちには	We need Cantelera's power.	
	カンタレラの力が		
	必要なの		
828	じゃあ、カンタレラで	Well then, at Cantelera.	X
	必ず来てくれると	I have faith that you'll come.	
	信じているからね		
831	func00_C_EVENT_END1	MAP_D_CAD_00 372	
833	func00_C_EVENT_END2	MAP_D_CAD_00 377	
834	シーン初期化	MAP_D_CAD_00 1232	
			
835	オブジェクト配置	MAP_D_CAD_00 1233	
			
836	オブジェクトトラップ配置	MAP_D_CAD_00 1235	
			
837	マップチェンジトラップ配置	MAP_D_CAD_00 1236	
			
841	ＮＰＣ配置	MAP_D_CAD_00 1248	
			
843	{19}07	MAP_D_CAN_00 627	
850	マキス	MAP_D_CAD_00 1258	
852	ごめんなさい…		
	時々、目がひどく		
	痛むのよ…		
854	{14}02A6を返してもらいますか？	MAP_D_CAD_00 1299	
855	はい	MAP_D_CAD_00 432	
856	いいえ	MAP_D_CAD_00 433	
861	それじゃ、これね	MAP_D_CAN_00 981	
863	{14}02A6を返してもらった	MAP_D_CAD_00 1308	
866	何かしら？	MAP_D_CAN_00 985	
868	{14}02A6を持っていません	MAP_D_CAD_00 1313	
872	{14}02A6を渡しますか？	MAP_D_CAD_00 1317	
877	それは…	MAP_D_CAN_00 994	
	ごめんなさい		
	今は受け取れないわ		
881	え？　わたしに？	MAP_D_CAN_00 998	
	うれしいわ、ジグ		
883	{14}02A6を渡した	MAP_D_CAD_00 1324	
888	七騎士ノーマ…		
	覚えてるよね？		X
	きみが一番最初に		
	出会った七騎士だよ		
894	ああ、わかったよ	MAP_D_CAD_00 1306	
898	どうしたんだい？	MAP_D_CAD_00 1311	
907	おお…	MAP_D_CAD_00 1322	
	うれしいよ、ジグ！		
	ありがとう！		
913	七騎士ノーマ…		X
	仲間たちにも		
	注意するように		
	伝えなくては…		
919	わかりました	MAP_D_CAD_01 665	
923	どうかしましたか？	MAP_D_CAD_01 670	
932	殿方の部屋の鍵なんて…	MAP_D_CAD_01 681	
	受け取るわけには		
	いきません		
936	合鍵…	MAP_D_CAD_01 685	
	では、一応受け取って		
	おきますね		
941	イベントトラップ配置	MAP_D_CAD_00 1413	
			
942	来襲		
			
955	解説		
			
962	OBJ_IGO	MAP_D_CAN_00 1066	
			
964	OBJ_REN	MAP_D_CAN_00 1064	
			
966	OBJ_MKS	MAP_D_CAN_00 1062	
