0	■■■ func00_DEBUG_SIGN ■■■	MAP_D_CAD_00 0	
			
1	！！！エラー検出用サブルーチンを通りました！！！	MAP_D_CAD_00 1	
			
2	イビノスシンボル配置しない。フラグ：	MAP_D_CAD_00 2	
4	イビノスシンボル配置する。フラグ：	MAP_D_CAD_00 4	
7	ランカーファイル情報更新	MAP_D_CAD_00 7	
			
8	->旧:	MAP_D_CAD_00 8	
9	 追加:	MAP_D_CAD_00 9	
10	 結果:	MAP_D_CAD_00 10	
12	ランク:	MAP_D_CAD_00 12	
15	ランカー戦勝利・戻り値：	MAP_D_CAD_00 15	
17	ランキング戦を申し込みますか？	MAP_D_CAD_00 17	
18	申し込む	MAP_D_CAD_00 18	
19	やめておく	MAP_D_CAD_00 19	
22	イビノスシンボル倒した。フラグON：	MAP_D_CAD_00 22	
25	イビノス戦：イベント終了？	MAP_D_CAD_00 25	
			
26	スクリプト：未知のモーションタイプが指定されました	MAP_D_CAD_00 26	
			
33	***振り向き判定ＰＣ***	MAP_D_CAD_00 33	
			
34	現在:cmn_r0:	MAP_D_CAD_00 34	
36	目標:cmn_r1:	MAP_D_CAD_00 36	
38	差分:cmn_r2:	MAP_D_CAD_00 38	
40	差分＾２:cmn_r3:	MAP_D_CAD_00 40	
42	閾値＾２:cmn_r4:	MAP_D_CAD_00 42	
44	->pc振り向きません	MAP_D_CAD_00 44	
			
45	->pc振り向きます	MAP_D_CAD_00 45	
			
47	***振り向き判定***	MAP_D_CAD_00 47	
			
48	現在:cmn_r0:	MAP_D_CAD_00 34	
50	目標:cmn_r1:	MAP_D_CAD_00 36	
52	差分:cmn_r2:	MAP_D_CAD_00 38	
54	差分＾２:cmn_r3:	MAP_D_CAD_00 40	
56	閾値＾２:cmn_r4:	MAP_D_CAD_00 42	
58	->npc振り向きません	MAP_D_CAD_00 58	
			
59	->npc振り向きます	MAP_D_CAD_00 59	
			
63	ロード待ち開始	MAP_D_CAD_00 63	
			
64	ロード待ち終了	MAP_D_CAD_00 64	
			
65	{15}0C{14}L00000000を	MAP_D_CAD_00 65	
	手に入れた		
66	{15}0E{14}L00000000を	MAP_D_CAD_00 66	
	手に入れた		
67	{15}0F{14}L00000000を	MAP_D_CAD_00 67	
	手に入れた		
68	{15}0D{14}L00000000を	MAP_D_CAD_00 68	
	手に入れた		
69	{15}10{14}L00000000を	MAP_D_CAD_00 69	
	手に入れた		
70	{15}12{14}L00000000を	MAP_D_CAD_00 70	
	手に入れた		
71	{15}11{14}L00000000を	MAP_D_CAD_00 71	
	手に入れた		
72	{15}13{14}L00000000を{1d}L00000001個	MAP_D_CAD_00 72	
	手に入れた		
73	{15}14{14}L00000000を{1d}L00000001個	MAP_D_CAD_00 73	
	手に入れた		
74	{15}14{14}L00000000を	MAP_D_CAD_00 74	
	手に入れた		
75	{15}1B{14}L00000000を	MAP_D_CAD_00 75	
	手に入れた		
76	{14}L00000000を	MAP_D_CAD_00 76	
	手に入れた		
77	{1d}L00000000Ｂを手に入れた	MAP_D_CAD_00 77	
			
78	num_calc：	MAP_D_CAD_00 78	
80	{15}0C{14}L00000000を	MAP_D_CAD_00 80	
	手渡した		
81	{15}0E{14}L00000000を	MAP_D_CAD_00 81	
	手渡した		
82	{15}0F{14}L00000000を	MAP_D_CAD_00 82	
	手渡した		
83	{15}0D{14}L00000000を	MAP_D_CAD_00 83	
	手渡した		
84	{15}10{14}L00000000を	MAP_D_CAD_00 84	
	手渡した		
85	{15}12{14}L00000000を	MAP_D_CAD_00 85	
	手渡した		
86	{15}11{14}L00000000を	MAP_D_CAD_00 86	
	手渡した		
87	{15}13{14}L00000000を{1d}L00000001個	MAP_D_CAD_00 87	
	手渡した		
88	{15}14{14}L00000000を{1d}L00000001個	MAP_D_CAD_00 88	
	手渡した		
89	{15}14{14}L00000000を	MAP_D_CAD_00 89	
	手渡した		
90	{15}1B{14}L00000000を	MAP_D_CAD_00 90	
	手渡した		
91	{14}L00000000を	MAP_D_CAD_00 91	
	手渡した		
			
92	■■ret0■■：	MAP_D_CAD_00 92	
96	■■ret■■：	MAP_D_CAD_00 96	
98	cmn_option:	MAP_D_CAD_00 98	
106	セーブポイント	MAP_D_CAD_00 106	
107	データ削除ユーティリティを起動します	MAP_D_CAD_00 107	
	ゲームプレイデータのセーブには		
	{1d}L00000001KB以上の空き容量が必要です		
108	ネックタイプ：	MAP_D_CAD_00 108	
110	首の初期化	MAP_D_CAD_00 110	
			
111	ネックタイプ：	MAP_D_CAD_00 108	
115	大橋が	MAP_D_CAD_00 115	
	トラベルマップで使用可能になりました		
116	下区：商業区が	MAP_D_CAD_00 116	
	トラベルマップで使用可能になりました		
117	下区：ランカー居住区が	MAP_D_CAD_00 117	
	トラベルマップで使用可能になりました		
118	下区：闘技場前が	MAP_D_CAD_00 118	
	トラベルマップで使用可能になりました		
119	タイロン租界が	MAP_D_CAD_00 119	
	トラベルマップで使用可能になりました		
120	バザルタ出張所前が	MAP_D_CAD_00 120	
	トラベルマップで使用可能になりました		
121	上区：噴水広場前が	MAP_D_CAD_00 121	
	トラベルマップで使用可能になりました		
122	バザルタ本部前が	MAP_D_CAD_00 122	
	トラベルマップで使用可能になりました		
123	フラグ・フィールド：	MAP_D_CAD_00 123	
125	フラグ・フィールド：	MAP_D_CAD_00 123	
127	ガンドアが	MAP_D_CAD_00 127	
	トラベルマップで使用可能になりました		
128	カンタレラが	MAP_D_CAD_00 128	
	トラベルマップで使用可能になりました		
129	トーロ荒地が	MAP_D_CAD_00 129	
	トラベルマップで使用可能になりました		
130	リブラ森林が	MAP_D_CAD_00 130	
	トラベルマップで使用可能になりました		
131	マイヤールの森が	MAP_D_CAD_00 131	
	トラベルマップで使用可能になりました		
132	ベリエ街道が	MAP_D_CAD_00 132	
	トラベルマップで使用可能になりました		
133	ドネイ回廊が	MAP_D_CAD_00 133	
	トラベルマップで使用可能になりました		
134	ウィルゴー砂漠が	MAP_D_CAD_00 134	
	トラベルマップで使用可能になりました		
135	カドモール水源が	MAP_D_CAD_00 135	
	トラベルマップで使用可能になりました		
136	カルキノス荒地が	MAP_D_CAD_00 136	
	トラベルマップで使用可能になりました		
137	ラ・キット遺跡が	MAP_D_CAD_00 137	
	トラベルマップで使用可能になりました		
138	レオン峡谷が	MAP_D_CAD_00 138	
	トラベルマップで使用可能になりました		
139	ソダー回廊が	MAP_D_CAD_00 139	
	トラベルマップで使用可能になりました		
140	ニシュラ氷河が	MAP_D_CAD_00 140	
	トラベルマップで使用可能になりました		
141	いにしえの回廊が	MAP_D_CAD_00 141	
	トラベルマップで使用可能になりました		
142	フィッシェ街道が	MAP_D_CAD_00 142	
	トラベルマップで使用可能になりました		
143	レゾナール海岸が	MAP_D_CAD_00 143	
	トラベルマップで使用可能になりました		
144	ケイロニア高原が	MAP_D_CAD_00 144	
	トラベルマップで使用可能になりました		
145	ケイロニア砦が	MAP_D_CAD_00 145	
	トラベルマップで使用可能になりました		
146	サルバトーレ離宮が	MAP_D_CAD_00 146	
	トラベルマップで使用可能になりました		
147	リストにないよ？	MAP_D_CAD_00 147	
			
148	_case:	MAP_D_CAD_00 148	
151	「討伐修練【低位１】」の	MAP_D_CAD_00 151	
	クリア条件を満たした！		
152	「討伐修練【低位２】」の	MAP_D_CAD_00 152	
	クリア条件を満たした！		
153	「討伐修練【低位３】」の	MAP_D_CAD_00 153	
	クリア条件を満たした！		
154	「討伐修練【低位４】」の	MAP_D_CAD_00 154	
	クリア条件を満たした！		
155	「討伐修練【低位５】」の	MAP_D_CAD_00 155	
	クリア条件を満たした！		
156	「討伐修練【中位１】」の	MAP_D_CAD_00 156	
	クリア条件を満たした！		
157	「討伐修練【中位２】」の	MAP_D_CAD_00 157	
	クリア条件を満たした！		
158	「討伐修練【高位１】」の	MAP_D_CAD_00 158	
	クリア条件を満たした！		
159	「討伐修練【高位２】」の	MAP_D_CAD_00 159	
	クリア条件を満たした！		
160	「薬草探しの代理人」の	MAP_D_CAD_00 160	
	クリア条件を満たした！		
161	「新商品開発の手伝い」の	MAP_D_CAD_00 161	
	クリア条件を満たした！		
162	「蒼の指環を求めて」の	MAP_D_CAD_00 162	
	クリア条件を満たした！		
163	「雪中の贈り物」の	MAP_D_CAD_00 163	
	クリア条件を満たした！		
164	「加護あることを祈って」の	MAP_D_CAD_00 164	
	クリア条件を満たした！		
165	「追想の白い花」の	MAP_D_CAD_00 165	
	クリア条件を満たした！		
166	「来れ、好運の使者！」の	MAP_D_CAD_00 166	
	クリア条件を満たした！		
167	「武術指南のお願い」の	MAP_D_CAD_00 167	
	クリア条件を満たした！		
168	「行方不明の従業員」の	MAP_D_CAD_00 168	
	クリア条件を満たした！		
169	「スキルチップ収集中」の	MAP_D_CAD_00 169	
	クリア条件を満たした！		
170	「盗難品の行方は」の	MAP_D_CAD_00 170	
	クリア条件を満たした！		
171	「資料集めのアシスタント」の	MAP_D_CAD_00 171	
	クリア条件を満たした！		
172	「河畔の生態系調査」の	MAP_D_CAD_00 172	
	クリア条件を満たした！		
173	「新人官吏を捕獲せよ」の	MAP_D_CAD_00 173	
	クリア条件を満たした！		
174	「黒い積荷の回収」の	MAP_D_CAD_00 174	
	クリア条件を満たした！		
175	「悪徳商売を抑止せよ」の	MAP_D_CAD_00 175	
	クリア条件を満たした！		
176	「新人ランカー襲撃事件」の	MAP_D_CAD_00 176	
	クリア条件を満たした！		
177	「優しい猛者、募集中」の	MAP_D_CAD_00 177	
	クリア条件を満たした！		
178	「異郷からきた尋ね人」の	MAP_D_CAD_00 178	
	クリア条件を満たした！		
179	「勇壮なる護衛の依頼」の	MAP_D_CAD_00 179	
	クリア条件を満たした！		
180	「赫の指環を求めて」の	MAP_D_CAD_00 180	
	クリア条件を満たした！		
181	「闘技場の害獣駆除」の	MAP_D_CAD_00 181	
	クリア条件を満たした！		
182	「回覧板配達人」の	MAP_D_CAD_00 182	
	クリア条件を満たした！		
183	「討伐修練【緊急】」の	MAP_D_CAD_00 183	
	クリア条件を満たした！		
184	「鉱物資源の収集【緊急】」の	MAP_D_CAD_00 184	
	クリア条件を満たした！		
185	「タリー石を探せ」の	MAP_D_CAD_00 185	
	クリア条件を満たした！		
186	「甘梅草を探せ」の	MAP_D_CAD_00 186	
	クリア条件を満たした！		
187	「衛兵の剣の没収」の	MAP_D_CAD_00 187	
	クリア条件を満たした！		
188	「衛兵の剣の返却」の	MAP_D_CAD_00 188	
	クリア条件を満たした！		
189	「森のイビノス駆除【重大】」の	MAP_D_CAD_00 189	
	クリア条件を満たした！		
190	「回廊のイビノス駆除【重大】」の	MAP_D_CAD_00 190	
	クリア条件を満たした！		
191	「七騎士認定修練【重大】」の	MAP_D_CAD_00 191	
	クリア条件を満たした！		
192	ガンドアが	MAP_D_CAD_00 192	
	トラベルマップで通行可能になりました		
193	ガンドアが	MAP_D_CAD_00 193	
	トラベルマップで通行不能になりました		
194	カンタレラが	MAP_D_CAD_00 194	
	トラベルマップで通行可能になりました		
195	カンタレラが	MAP_D_CAD_00 195	
	トラベルマップで通行不能になりました		
196	トーロ荒地が	MAP_D_CAD_00 196	
	トラベルマップで通行可能になりました		
197	トーロ荒地が	MAP_D_CAD_00 197	
	トラベルマップで通行不能になりました		
198	リブラ森林が	MAP_D_CAD_00 198	
	トラベルマップで通行可能になりました		
199	リブラ森林が	MAP_D_CAD_00 199	
	トラベルマップで通行不能になりました		
200	マイヤールの森が	MAP_D_CAD_00 200	
	トラベルマップで通行可能になりました		
201	マイヤールの森が	MAP_D_CAD_00 201	
	トラベルマップで通行不能になりました		
202	ベリエ街道が	MAP_D_CAD_00 202	
	トラベルマップで通行可能になりました		
203	ベリエ街道が	MAP_D_CAD_00 203	
	トラベルマップで通行不能になりました		
204	ドネイ回廊が	MAP_D_CAD_00 204	
	トラベルマップで通行可能になりました		
205	ドネイ回廊が	MAP_D_CAD_00 205	
	トラベルマップで通行不能になりました		
206	ウィルゴー砂漠が	MAP_D_CAD_00 206	
	トラベルマップで通行可能になりました		
207	ウィルゴー砂漠が	MAP_D_CAD_00 207	
	トラベルマップで通行不能になりました		
208	カドモール水源が	MAP_D_CAD_00 208	
	トラベルマップで通行可能になりました		
209	カドモール水源が	MAP_D_CAD_00 209	
	トラベルマップで通行不能になりました		
210	カルキノス荒地が	MAP_D_CAD_00 210	
	トラベルマップで通行可能になりました		
211	カルキノス荒地が	MAP_D_CAD_00 211	
	トラベルマップで通行不能になりました		
212	ラ・キット遺跡が	MAP_D_CAD_00 212	
	トラベルマップで通行可能になりました		
213	ラ・キット遺跡が	MAP_D_CAD_00 213	
	トラベルマップで通行不能になりました		
214	レオン峡谷が	MAP_D_CAD_00 214	
	トラベルマップで通行可能になりました		
215	レオン峡谷が	MAP_D_CAD_00 215	
	トラベルマップで通行不能になりました		
216	ソダー回廊が	MAP_D_CAD_00 216	
	トラベルマップで通行可能になりました		
217	ソダー回廊が	MAP_D_CAD_00 217	
	トラベルマップで通行不能になりました		
218	ニシュラ氷河が	MAP_D_CAD_00 218	
	トラベルマップで通行可能になりました		
219	ニシュラ氷河が	MAP_D_CAD_00 219	
	トラベルマップで通行不能になりました		
220	いにしえの回廊が	MAP_D_CAD_00 220	
	トラベルマップで通行可能になりました		
221	いにしえの回廊が	MAP_D_CAD_00 221	
	トラベルマップで通行不能になりました		
222	フィッシェ街道が	MAP_D_CAD_00 222	
	トラベルマップで通行可能になりました		
223	フィッシェ街道が	MAP_D_CAD_00 223	
	トラベルマップで通行不能になりました		
224	レゾナール海岸が	MAP_D_CAD_00 224	
	トラベルマップで通行可能になりました		
225	レゾナール海岸が	MAP_D_CAD_00 225	
	トラベルマップで通行不能になりました		
226	ケイロニア高原が	MAP_D_CAD_00 226	
	トラベルマップで通行可能になりました		
227	ケイロニア高原が	MAP_D_CAD_00 227	
	トラベルマップで通行不能になりました		
228	ケイロニア砦が	MAP_D_CAD_00 228	
	トラベルマップで通行可能になりました		
229	ケイロニア砦が	MAP_D_CAD_00 229	
	トラベルマップで通行不能になりました		
230	サルバトーレ離宮が	MAP_D_CAD_00 230	
	トラベルマップで通行可能になりました		
231	サルバトーレ離宮が	MAP_D_CAD_00 231	
	トラベルマップで通行不能になりました		
232	リストにないよ？	MAP_D_CAD_00 147	
			
233	func00_C_EVENT_START1	MAP_D_CAD_00 233	
236	func00_C_EVENT_START2	MAP_D_CAD_00 238	
242	ジグ、いよいよなのかい？	Is everything going well on your side?	
248	ああ	Yeah.	
252	応援しているからな	I've been supporting you back here.	X
	ジグが正義だって	I spread rumors about your just cause far and wide.	
	噂もあちこちに		
	流しておいたぞ		X
	低位ランカーの{17}02	The low-rankers—.	
259	ひそかな喜びは	Stop spreading those rumors.	
	もうやめろ		X
	何か知ってると思われて	Telling them what's going on will only put them in harm's way.	
	ひどい目にあわされる		X
	おとなしく隠れてろ	You should hide until this is over.	
264	そうはいかないよ	I can't do that. I have to see this with my own eyes.	
	見届けなくちゃね		X
	おびえて隠れている間に	I'm not going to run and hide while you're making history.	
	歴史が変わって		
	しまうなんて…		X
	おれだって	I want to be part of this!	
	参加したいんだ！		
272	勝手にしろ！	Do what you want!	
273	func00_C_EVENT_END1	MAP_D_CAD_00 372	
275	func00_C_EVENT_END2	MAP_D_CAD_00 377	
276	func00_C_EVENT_START1	MAP_D_CAD_00 233	
279	func00_C_EVENT_START2	MAP_D_CAD_00 238	
284	よう、ジグ	Zig, you're determined to see this through to the end, aren't you?	
	とことんやれよな		
288	ああ	Yeah.	
290	ところで…	By the way...	
294	親方がおめえを	Do you know the reason why the boss likes you?	
	気に入った理由を		
	知ってるか？		
298	いや	No.	
301	もちろん素質を	Of course, he saw through that rough facade of yours and understood your true character,	
	見抜いたんだろう		X
	でも、それだけじゃない	but that's not all.	X
	おめえ、一度も親方を	You never once feared the boss, did you?	
	怖いと思ったことが		
	ないだろう？		
309	…かもな	Maybe.	
313	それだ、それ	That's why.	X
	結局のところ、親方は	In the end, the boss wanted a friend.	
	友だちが欲しかった…		X
	そういうことだと	That's what I think, at least.	
	おれは思うね		
320	…………	MAP_D_CAD_00 242	
323	ジグ、親方を頼んだぜ！	Zig, take care of the boss for me!	
325	func00_C_EVENT_END1	MAP_D_CAD_00 372	
327	func00_C_EVENT_END2	MAP_D_CAD_00 377	
328	func00_C_EVENT_START1	MAP_D_CAD_00 233	
331	func00_C_EVENT_START2	MAP_D_CAD_00 238	
337	ジグ、機構本部行きの	Zig, cable car service to Legion headquarters has been suspended.	
	ケーブルカーが		
	止められているんだ		X
	ユーリは本部に	Yuri should be there, but we're going to have to find another way to reach him.	
	いるはずなんだけど		
	これは使えない		
344	…だろうな	Seems that way.	
348	でも、上区に非常用の	I heard there's a secret passage that connects to Legion headquarters somewhere in the Upper District.	
	隠し通路が		
	あるらしい		
352	らしい？	You heard? Who would know for sure? Hars, maybe?	
	誰か知らないのか？		
	ハースは？		
355	ハースはまだだ	Hars hasn't arrived yet.	
360	わかった	I see. Then I'll search for it.	
	探すよ		
364	レンたちも行ってるから	Ren and the others are already searching for it, so please help them out.	
	協力してくれ		
368	func00_C_EVENT_END1	MAP_D_CAD_00 372	
370	func00_C_EVENT_END2	MAP_D_CAD_00 377	
371	func00_C_EVENT_START1	MAP_D_CAD_00 233	
373	func00_C_EVENT_START2	MAP_D_CAD_00 238	
376	ジグさん！	Zig!	
379	隠し通路だかは	Have you found the secret passage?	
	見つかったのか？		
383	他はもう調べたんですけど	I checked out the other houses, but I didn't find anything.	
	通路の入口らしきものは		
	ありませんでした		
387	じゃあ、ここが？	What about this one?	
393	怪しいんですけど	It sure is suspicious, but it's locked.	
	カギが…		
397	…こじ開けてみよう	I'll try picking the lock.	
401	…非常事態ですから	This is an emergency, so I suppose we don't have any other choice.	
	仕方がないですよね		
405	開いたぞ	It's open.	
408	手慣れてますね…	Looks like you're used to picking locks.	
413	運が良かっただけだ	I was just lucky.	
416	func00_C_EVENT_END1	MAP_D_CAD_00 372	
418	func00_C_EVENT_END2	MAP_D_CAD_00 377	
419	func00_C_EVENT_START1	MAP_D_CAD_00 233	
424	func00_C_EVENT_START2	MAP_D_CAD_00 238	
428	ジグさん！	Zig, this has got to be the secret passage!	
	きっとこの先が		
	隠し通路ですよ！		
430	func00_C_EVENT_END1	MAP_D_CAD_00 372	
432	func00_C_EVENT_END2	MAP_D_CAD_00 377	
433	func00_C_EVENT_START1	MAP_D_CAD_00 233	
435	func00_C_EVENT_START2	MAP_D_CAD_00 238	
438	ジグさんは先に行って	Zig, please go on ahead.	
	ください		X
	わたしはここに残って	I'll stay behind and show the others the way.	
	みんなを案内します		
453	イビノス！？	Ibinos? Why are they here!?	
	どうして		
	こんなところに！？		
457	おれたちを迎える準備は	They were probably put here in case we came along.	
	すっかり		
	整っているらしい		X
	派手に暴れたからな	Their tendency towards violence has its uses.	
458	func00_BATTLE_EVENT	MAP_D_CAD_00 457	
459	func00_C_EVENT_END1	MAP_D_CAD_00 372	
463	func00_C_EVENT_END2	MAP_D_CAD_00 377	
464	func00_C_EVENT_START1	MAP_D_CAD_00 233	
466	func00_C_EVENT_START2	MAP_D_CAD_00 238	
470	どいてくれ	Step aside.	
476	やなこった	Don't want to.	
482	頼む、通してくれ！	Please! Let us pass!	
487	おやおや、おまえは…	Oh, if it isn't	X
	妹を見捨てた	the one who abandoned his little sister.	
	お兄さんじゃないか		X
	おまえの裏切りで	Right about now, Missy should be...	
	ミシーは今頃{17}02		
497	黙れ！	Shut your dirty mouth!	
	その薄汚い口を閉じろ！		
502	ぐっ…	Gyahh.	
505	ファズ、落ち着け	Calm down, Faz. Leave this guy to me.	
	おれにまかせろ		
507	ミシーはどこだ？	Where's Missy?	
511	答えると思うか？	You think I'm going to tell you that?	
514	最後のチャンス…	That was your last chance.	
	だったのにな		
517	func00_C_EVENT_END1	MAP_D_CAD_00 372	
520	func00_C_EVENT_END2	MAP_D_CAD_00 377	
521	func00_C_EVENT_START1	MAP_D_CAD_00 233	
525	func00_C_EVENT_START2	MAP_D_CAD_00 238	
528	大丈夫か？	Are you okay?	
531	ああ…	Yeah...	
534	ジグ、ファズ！	Zig, Faz!	
541	ごくろう	Good work.	
546	先に行きますね	I'm going on ahead.	
551	急いでね	Hurry up.	
561	なんだぁ？	What are you doing resting at a time like this!? Get going!	
	休んでるのか！？		
	行くぞ、ジグっち！		
567	func00_C_EVENT_END1	MAP_D_CAD_00 372	
571	func00_C_EVENT_END2	MAP_D_CAD_00 377	
572	func00_D_EVENT_START1	MAP_D_CAN_00 376	
577	func00_D_EVENT_START2	MAP_D_CAN_00 377	
581	func00_BATTLE_EVENT	MAP_D_CAD_00 457	
582	func00_D_EVENT_END1	MAP_D_CAN_00 378	
584	func00_D_EVENT_END2	MAP_D_CAN_00 379	
585	func00_C_EVENT_START1	MAP_D_CAD_00 233	
588	func00_C_EVENT_START2	MAP_D_CAD_00 238	
591	おい、キリがねえぞ	There's no end to them. Leave this place to me and go on ahead!	
	ここはおれっちに		
	まかせて先行け！		
597	func00_C_EVENT_END1	MAP_D_CAD_00 372	
600	func00_C_EVENT_END2	MAP_D_CAD_00 377	
601	シーン初期化	MAP_D_CAD_00 1232	
			
602	オブジェクト配置	MAP_D_CAD_00 1233	
			
603	オブジェクトトラップ配置	MAP_D_CAD_00 1235	
			
604	マップチェンジトラップ配置	MAP_D_CAD_00 1236	
			
610	ＮＰＣ配置	MAP_D_CAD_00 1248	
			
614	マキス	MAP_D_CAD_00 1258	
621	ここから先は機構の中心…		
	これまで以上に		
	キビシイ戦いになるよ		
623	{14}02A6を返してもらいますか？	MAP_D_CAD_00 1299	
624	はい	MAP_D_CAD_00 432	
625	いいえ	MAP_D_CAD_00 433	
630	ああ、わかったよ	MAP_D_CAD_00 1306	
632	{14}02A6を返してもらった	MAP_D_CAD_00 1308	
635	どうしたんだい？	MAP_D_CAD_00 1311	
637	{14}02A6を持っていません	MAP_D_CAD_00 1313	
641	{14}02A6を渡しますか？	MAP_D_CAD_00 1317	
646	おお…	MAP_D_CAD_00 1322	
	うれしいよ、ジグ！		
	ありがとう！		
648	{14}02A6を渡した	MAP_D_CAD_00 1324	
653	おれ、情けないな…		
	身体が、けっこうキツイ…		
654	イベントトラップ配置	MAP_D_CAD_00 1413	
			
655	邪魔者		
			
657	ＶＳボス	MAP_D_ZEK_00 359	
			
658	勝利後		
			
674	MKS	MAP_D_CAD_00 1457	
			
676	FAZ	MAP_D_LUK_02 3095	
