0	■■■ func00_DEBUG_SIGN ■■■	MAP_D_CAD_00 0	
			
1	！！！エラー検出用サブルーチンを通りました！！！	MAP_D_CAD_00 1	
			
2	イビノスシンボル配置しない。フラグ：	MAP_D_CAD_00 2	
4	イビノスシンボル配置する。フラグ：	MAP_D_CAD_00 4	
7	ランカーファイル情報更新	MAP_D_CAD_00 7	
			
8	->旧:	MAP_D_CAD_00 8	
9	 追加:	MAP_D_CAD_00 9	
10	 結果:	MAP_D_CAD_00 10	
12	ランク:	MAP_D_CAD_00 12	
15	ランカー戦勝利・戻り値：	MAP_D_CAD_00 15	
17	ランキング戦を申し込みますか？	MAP_D_CAD_00 17	
18	申し込む	MAP_D_CAD_00 18	
19	やめておく	MAP_D_CAD_00 19	
22	イビノスシンボル倒した。フラグON：	MAP_D_CAD_00 22	
25	イビノス戦：イベント終了？	MAP_D_CAD_00 25	
			
26	スクリプト：未知のモーションタイプが指定されました	MAP_D_CAD_00 26	
			
33	***振り向き判定ＰＣ***	MAP_D_CAD_00 33	
			
34	現在:cmn_r0:	MAP_D_CAD_00 34	
36	目標:cmn_r1:	MAP_D_CAD_00 36	
38	差分:cmn_r2:	MAP_D_CAD_00 38	
40	差分＾２:cmn_r3:	MAP_D_CAD_00 40	
42	閾値＾２:cmn_r4:	MAP_D_CAD_00 42	
44	->pc振り向きません	MAP_D_CAD_00 44	
			
45	->pc振り向きます	MAP_D_CAD_00 45	
			
47	***振り向き判定***	MAP_D_CAD_00 47	
			
48	現在:cmn_r0:	MAP_D_CAD_00 34	
50	目標:cmn_r1:	MAP_D_CAD_00 36	
52	差分:cmn_r2:	MAP_D_CAD_00 38	
54	差分＾２:cmn_r3:	MAP_D_CAD_00 40	
56	閾値＾２:cmn_r4:	MAP_D_CAD_00 42	
58	->npc振り向きません	MAP_D_CAD_00 58	
			
59	->npc振り向きます	MAP_D_CAD_00 59	
			
63	ロード待ち開始	MAP_D_CAD_00 63	
			
64	ロード待ち終了	MAP_D_CAD_00 64	
			
65	{15}0C{14}L00000000を	MAP_D_CAD_00 65	
	手に入れた		
66	{15}0E{14}L00000000を	MAP_D_CAD_00 66	
	手に入れた		
67	{15}0F{14}L00000000を	MAP_D_CAD_00 67	
	手に入れた		
68	{15}0D{14}L00000000を	MAP_D_CAD_00 68	
	手に入れた		
69	{15}10{14}L00000000を	MAP_D_CAD_00 69	
	手に入れた		
70	{15}12{14}L00000000を	MAP_D_CAD_00 70	
	手に入れた		
71	{15}11{14}L00000000を	MAP_D_CAD_00 71	
	手に入れた		
72	{15}13{14}L00000000を{1d}L00000001個	MAP_D_CAD_00 72	
	手に入れた		
73	{15}14{14}L00000000を{1d}L00000001個	MAP_D_CAD_00 73	
	手に入れた		
74	{15}14{14}L00000000を	MAP_D_CAD_00 74	
	手に入れた		
75	{15}1B{14}L00000000を	MAP_D_CAD_00 75	
	手に入れた		
76	{14}L00000000を	MAP_D_CAD_00 76	
	手に入れた		
77	{1d}L00000000Ｂを手に入れた	MAP_D_CAD_00 77	
			
78	num_calc：	MAP_D_CAD_00 78	
80	{15}0C{14}L00000000を	MAP_D_CAD_00 80	
	手渡した		
81	{15}0E{14}L00000000を	MAP_D_CAD_00 81	
	手渡した		
82	{15}0F{14}L00000000を	MAP_D_CAD_00 82	
	手渡した		
83	{15}0D{14}L00000000を	MAP_D_CAD_00 83	
	手渡した		
84	{15}10{14}L00000000を	MAP_D_CAD_00 84	
	手渡した		
85	{15}12{14}L00000000を	MAP_D_CAD_00 85	
	手渡した		
86	{15}11{14}L00000000を	MAP_D_CAD_00 86	
	手渡した		
87	{15}13{14}L00000000を{1d}L00000001個	MAP_D_CAD_00 87	
	手渡した		
88	{15}14{14}L00000000を{1d}L00000001個	MAP_D_CAD_00 88	
	手渡した		
89	{15}14{14}L00000000を	MAP_D_CAD_00 89	
	手渡した		
90	{15}1B{14}L00000000を	MAP_D_CAD_00 90	
	手渡した		
91	{14}L00000000を	MAP_D_CAD_00 91	
	手渡した		
			
92	■■ret0■■：	MAP_D_CAD_00 92	
96	■■ret■■：	MAP_D_CAD_00 96	
98	cmn_option:	MAP_D_CAD_00 98	
106	セーブポイント	MAP_D_CAD_00 106	
107	データ削除ユーティリティを起動します	MAP_D_CAD_00 107	
	ゲームプレイデータのセーブには		
	{1d}L00000001KB以上の空き容量が必要です		
108	ネックタイプ：	MAP_D_CAD_00 108	
110	首の初期化	MAP_D_CAD_00 110	
			
111	ネックタイプ：	MAP_D_CAD_00 108	
115	大橋が	MAP_D_CAD_00 115	
	トラベルマップで使用可能になりました		
116	下区：商業区が	MAP_D_CAD_00 116	
	トラベルマップで使用可能になりました		
117	下区：ランカー居住区が	MAP_D_CAD_00 117	
	トラベルマップで使用可能になりました		
118	下区：闘技場前が	MAP_D_CAD_00 118	
	トラベルマップで使用可能になりました		
119	タイロン租界が	MAP_D_CAD_00 119	
	トラベルマップで使用可能になりました		
120	バザルタ出張所前が	MAP_D_CAD_00 120	
	トラベルマップで使用可能になりました		
121	上区：噴水広場前が	MAP_D_CAD_00 121	
	トラベルマップで使用可能になりました		
122	バザルタ本部前が	MAP_D_CAD_00 122	
	トラベルマップで使用可能になりました		
123	フラグ・フィールド：	MAP_D_CAD_00 123	
125	フラグ・フィールド：	MAP_D_CAD_00 123	
127	ガンドアが	MAP_D_CAD_00 127	
	トラベルマップで使用可能になりました		
128	カンタレラが	MAP_D_CAD_00 128	
	トラベルマップで使用可能になりました		
129	トーロ荒地が	MAP_D_CAD_00 129	
	トラベルマップで使用可能になりました		
130	リブラ森林が	MAP_D_CAD_00 130	
	トラベルマップで使用可能になりました		
131	マイヤールの森が	MAP_D_CAD_00 131	
	トラベルマップで使用可能になりました		
132	ベリエ街道が	MAP_D_CAD_00 132	
	トラベルマップで使用可能になりました		
133	ドネイ回廊が	MAP_D_CAD_00 133	
	トラベルマップで使用可能になりました		
134	ウィルゴー砂漠が	MAP_D_CAD_00 134	
	トラベルマップで使用可能になりました		
135	カドモール水源が	MAP_D_CAD_00 135	
	トラベルマップで使用可能になりました		
136	カルキノス荒地が	MAP_D_CAD_00 136	
	トラベルマップで使用可能になりました		
137	ラ・キット遺跡が	MAP_D_CAD_00 137	
	トラベルマップで使用可能になりました		
138	レオン峡谷が	MAP_D_CAD_00 138	
	トラベルマップで使用可能になりました		
139	ソダー回廊が	MAP_D_CAD_00 139	
	トラベルマップで使用可能になりました		
140	ニシュラ氷河が	MAP_D_CAD_00 140	
	トラベルマップで使用可能になりました		
141	いにしえの回廊が	MAP_D_CAD_00 141	
	トラベルマップで使用可能になりました		
142	フィッシェ街道が	MAP_D_CAD_00 142	
	トラベルマップで使用可能になりました		
143	レゾナール海岸が	MAP_D_CAD_00 143	
	トラベルマップで使用可能になりました		
144	ケイロニア高原が	MAP_D_CAD_00 144	
	トラベルマップで使用可能になりました		
145	ケイロニア砦が	MAP_D_CAD_00 145	
	トラベルマップで使用可能になりました		
146	サルバトーレ離宮が	MAP_D_CAD_00 146	
	トラベルマップで使用可能になりました		
147	リストにないよ？	MAP_D_CAD_00 147	
			
148	_case:	MAP_D_CAD_00 148	
151	「討伐修練【低位１】」の	MAP_D_CAD_00 151	
	クリア条件を満たした！		
152	「討伐修練【低位２】」の	MAP_D_CAD_00 152	
	クリア条件を満たした！		
153	「討伐修練【低位３】」の	MAP_D_CAD_00 153	
	クリア条件を満たした！		
154	「討伐修練【低位４】」の	MAP_D_CAD_00 154	
	クリア条件を満たした！		
155	「討伐修練【低位５】」の	MAP_D_CAD_00 155	
	クリア条件を満たした！		
156	「討伐修練【中位１】」の	MAP_D_CAD_00 156	
	クリア条件を満たした！		
157	「討伐修練【中位２】」の	MAP_D_CAD_00 157	
	クリア条件を満たした！		
158	「討伐修練【高位１】」の	MAP_D_CAD_00 158	
	クリア条件を満たした！		
159	「討伐修練【高位２】」の	MAP_D_CAD_00 159	
	クリア条件を満たした！		
160	「薬草探しの代理人」の	MAP_D_CAD_00 160	
	クリア条件を満たした！		
161	「新商品開発の手伝い」の	MAP_D_CAD_00 161	
	クリア条件を満たした！		
162	「蒼の指環を求めて」の	MAP_D_CAD_00 162	
	クリア条件を満たした！		
163	「雪中の贈り物」の	MAP_D_CAD_00 163	
	クリア条件を満たした！		
164	「加護あることを祈って」の	MAP_D_CAD_00 164	
	クリア条件を満たした！		
165	「追想の白い花」の	MAP_D_CAD_00 165	
	クリア条件を満たした！		
166	「来れ、好運の使者！」の	MAP_D_CAD_00 166	
	クリア条件を満たした！		
167	「武術指南のお願い」の	MAP_D_CAD_00 167	
	クリア条件を満たした！		
168	「行方不明の従業員」の	MAP_D_CAD_00 168	
	クリア条件を満たした！		
169	「スキルチップ収集中」の	MAP_D_CAD_00 169	
	クリア条件を満たした！		
170	「盗難品の行方は」の	MAP_D_CAD_00 170	
	クリア条件を満たした！		
171	「資料集めのアシスタント」の	MAP_D_CAD_00 171	
	クリア条件を満たした！		
172	「河畔の生態系調査」の	MAP_D_CAD_00 172	
	クリア条件を満たした！		
173	「新人官吏を捕獲せよ」の	MAP_D_CAD_00 173	
	クリア条件を満たした！		
174	「黒い積荷の回収」の	MAP_D_CAD_00 174	
	クリア条件を満たした！		
175	「悪徳商売を抑止せよ」の	MAP_D_CAD_00 175	
	クリア条件を満たした！		
176	「新人ランカー襲撃事件」の	MAP_D_CAD_00 176	
	クリア条件を満たした！		
177	「優しい猛者、募集中」の	MAP_D_CAD_00 177	
	クリア条件を満たした！		
178	「異郷からきた尋ね人」の	MAP_D_CAD_00 178	
	クリア条件を満たした！		
179	「勇壮なる護衛の依頼」の	MAP_D_CAD_00 179	
	クリア条件を満たした！		
180	「赫の指環を求めて」の	MAP_D_CAD_00 180	
	クリア条件を満たした！		
181	「闘技場の害獣駆除」の	MAP_D_CAD_00 181	
	クリア条件を満たした！		
182	「回覧板配達人」の	MAP_D_CAD_00 182	
	クリア条件を満たした！		
183	「討伐修練【緊急】」の	MAP_D_CAD_00 183	
	クリア条件を満たした！		
184	「鉱物資源の収集【緊急】」の	MAP_D_CAD_00 184	
	クリア条件を満たした！		
185	「タリー石を探せ」の	MAP_D_CAD_00 185	
	クリア条件を満たした！		
186	「甘梅草を探せ」の	MAP_D_CAD_00 186	
	クリア条件を満たした！		
187	「衛兵の剣の没収」の	MAP_D_CAD_00 187	
	クリア条件を満たした！		
188	「衛兵の剣の返却」の	MAP_D_CAD_00 188	
	クリア条件を満たした！		
189	「森のイビノス駆除【重大】」の	MAP_D_CAD_00 189	
	クリア条件を満たした！		
190	「回廊のイビノス駆除【重大】」の	MAP_D_CAD_00 190	
	クリア条件を満たした！		
191	「七騎士認定修練【重大】」の	MAP_D_CAD_00 191	
	クリア条件を満たした！		
192	ガンドアが	MAP_D_CAD_00 192	
	トラベルマップで通行可能になりました		
193	ガンドアが	MAP_D_CAD_00 193	
	トラベルマップで通行不能になりました		
194	カンタレラが	MAP_D_CAD_00 194	
	トラベルマップで通行可能になりました		
195	カンタレラが	MAP_D_CAD_00 195	
	トラベルマップで通行不能になりました		
196	トーロ荒地が	MAP_D_CAD_00 196	
	トラベルマップで通行可能になりました		
197	トーロ荒地が	MAP_D_CAD_00 197	
	トラベルマップで通行不能になりました		
198	リブラ森林が	MAP_D_CAD_00 198	
	トラベルマップで通行可能になりました		
199	リブラ森林が	MAP_D_CAD_00 199	
	トラベルマップで通行不能になりました		
200	マイヤールの森が	MAP_D_CAD_00 200	
	トラベルマップで通行可能になりました		
201	マイヤールの森が	MAP_D_CAD_00 201	
	トラベルマップで通行不能になりました		
202	ベリエ街道が	MAP_D_CAD_00 202	
	トラベルマップで通行可能になりました		
203	ベリエ街道が	MAP_D_CAD_00 203	
	トラベルマップで通行不能になりました		
204	ドネイ回廊が	MAP_D_CAD_00 204	
	トラベルマップで通行可能になりました		
205	ドネイ回廊が	MAP_D_CAD_00 205	
	トラベルマップで通行不能になりました		
206	ウィルゴー砂漠が	MAP_D_CAD_00 206	
	トラベルマップで通行可能になりました		
207	ウィルゴー砂漠が	MAP_D_CAD_00 207	
	トラベルマップで通行不能になりました		
208	カドモール水源が	MAP_D_CAD_00 208	
	トラベルマップで通行可能になりました		
209	カドモール水源が	MAP_D_CAD_00 209	
	トラベルマップで通行不能になりました		
210	カルキノス荒地が	MAP_D_CAD_00 210	
	トラベルマップで通行可能になりました		
211	カルキノス荒地が	MAP_D_CAD_00 211	
	トラベルマップで通行不能になりました		
212	ラ・キット遺跡が	MAP_D_CAD_00 212	
	トラベルマップで通行可能になりました		
213	ラ・キット遺跡が	MAP_D_CAD_00 213	
	トラベルマップで通行不能になりました		
214	レオン峡谷が	MAP_D_CAD_00 214	
	トラベルマップで通行可能になりました		
215	レオン峡谷が	MAP_D_CAD_00 215	
	トラベルマップで通行不能になりました		
216	ソダー回廊が	MAP_D_CAD_00 216	
	トラベルマップで通行可能になりました		
217	ソダー回廊が	MAP_D_CAD_00 217	
	トラベルマップで通行不能になりました		
218	ニシュラ氷河が	MAP_D_CAD_00 218	
	トラベルマップで通行可能になりました		
219	ニシュラ氷河が	MAP_D_CAD_00 219	
	トラベルマップで通行不能になりました		
220	いにしえの回廊が	MAP_D_CAD_00 220	
	トラベルマップで通行可能になりました		
221	いにしえの回廊が	MAP_D_CAD_00 221	
	トラベルマップで通行不能になりました		
222	フィッシェ街道が	MAP_D_CAD_00 222	
	トラベルマップで通行可能になりました		
223	フィッシェ街道が	MAP_D_CAD_00 223	
	トラベルマップで通行不能になりました		
224	レゾナール海岸が	MAP_D_CAD_00 224	
	トラベルマップで通行可能になりました		
225	レゾナール海岸が	MAP_D_CAD_00 225	
	トラベルマップで通行不能になりました		
226	ケイロニア高原が	MAP_D_CAD_00 226	
	トラベルマップで通行可能になりました		
227	ケイロニア高原が	MAP_D_CAD_00 227	
	トラベルマップで通行不能になりました		
228	ケイロニア砦が	MAP_D_CAD_00 228	
	トラベルマップで通行可能になりました		
229	ケイロニア砦が	MAP_D_CAD_00 229	
	トラベルマップで通行不能になりました		
230	サルバトーレ離宮が	MAP_D_CAD_00 230	
	トラベルマップで通行可能になりました		
231	サルバトーレ離宮が	MAP_D_CAD_00 231	
	トラベルマップで通行不能になりました		
232	リストにないよ？	MAP_D_CAD_00 147	
			
233	func00_C_EVENT_START1	MAP_D_CAD_00 233	
236	func00_C_EVENT_START2	MAP_D_CAD_00 238	
242	ジグ、いよいよなのかい？	MAP_I_BAS_01 242	
248	ああ	MAP_D_CAN_00 336	
252	応援しているからな	MAP_I_BAS_01 252	X
	ジグが正義だって		
	噂もあちこちに		
	流しておいたぞ		X
	低位ランカーの{17}02		
259	ひそかな喜びは	MAP_I_BAS_01 259	
	もうやめろ		X
	何か知ってると思われて		
	ひどい目にあわされる		X
	おとなしく隠れてろ		
264	そうはいかないよ	MAP_I_BAS_01 264	
	見届けなくちゃね		X
	おびえて隠れている間に		
	歴史が変わって		
	しまうなんて…		X
	おれだって		
	参加したいんだ！		
272	勝手にしろ！	MAP_I_BAS_01 272	
273	func00_C_EVENT_END1	MAP_D_CAD_00 372	
275	func00_C_EVENT_END2	MAP_D_CAD_00 377	
276	func00_C_EVENT_START1	MAP_D_CAD_00 233	
279	func00_C_EVENT_START2	MAP_D_CAD_00 238	
284	よう、ジグ	MAP_I_BAS_01 284	
	とことんやれよな		
288	ああ	MAP_D_CAN_00 336	
290	ところで…	MAP_I_BAS_01 290	
294	親方がおめえを	MAP_I_BAS_01 294	
	気に入った理由を		
	知ってるか？		
298	いや	MAP_I_BAS_01 298	
301	もちろん素質を	MAP_I_BAS_01 301	
	見抜いたんだろう		X
	でも、それだけじゃない		X
	おめえ、一度も親方を		
	怖いと思ったことが		
	ないだろう？		
309	…かもな	MAP_D_CAD_00 310	
313	それだ、それ	MAP_I_BAS_01 313	X
	結局のところ、親方は		
	友だちが欲しかった…		X
	そういうことだと		
	おれは思うね		
320	…………	MAP_D_CAD_00 242	
323	ジグ、親方を頼んだぜ！	MAP_I_BAS_01 323	
325	func00_C_EVENT_END1	MAP_D_CAD_00 372	
327	func00_C_EVENT_END2	MAP_D_CAD_00 377	
328	func00_C_EVENT_START1	MAP_D_CAD_00 233	
331	func00_C_EVENT_START2	MAP_D_CAD_00 238	
337	ジグ、機構本部行きの	MAP_I_BAS_01 337	
	ケーブルカーが		
	止められているんだ		X
	ユーリは本部に		
	いるはずなんだけど		
	これは使えない		
344	…だろうな	MAP_I_BAS_01 344	
348	でも、上区に非常用の	MAP_I_BAS_01 348	
	隠し通路が		
	あるらしい		
352	らしい？	MAP_I_BAS_01 352	
	誰か知らないのか？		
	ハースは？		
355	ハースはまだだ	MAP_I_BAS_01 355	
360	わかった	MAP_I_BAS_01 360	
	探すよ		
364	レンたちも行ってるから	MAP_I_BAS_01 364	
	協力してくれ		
368	func00_C_EVENT_END1	MAP_D_CAD_00 372	
370	func00_C_EVENT_END2	MAP_D_CAD_00 377	
371	func00_C_EVENT_START1	MAP_D_CAD_00 233	
373	func00_C_EVENT_START2	MAP_D_CAD_00 238	
376	ジグさん！	MAP_D_LUK_00 1599	
379	隠し通路だかは	MAP_I_BAS_01 379	
	見つかったのか？		
383	他はもう調べたんですけど	MAP_I_BAS_01 383	
	通路の入口らしきものは		
	ありませんでした		
387	じゃあ、ここが？	MAP_I_BAS_01 387	
393	怪しいんですけど	MAP_I_BAS_01 393	
	カギが…		
397	…こじ開けてみよう	MAP_I_BAS_01 397	
401	…非常事態ですから	MAP_I_BAS_01 401	
	仕方がないですよね		
405	開いたぞ	MAP_I_BAS_01 405	
408	手慣れてますね…	MAP_I_BAS_01 408	
413	運が良かっただけだ	MAP_I_BAS_01 413	
416	func00_C_EVENT_END1	MAP_D_CAD_00 372	
418	func00_C_EVENT_END2	MAP_D_CAD_00 377	
419	func00_C_EVENT_START1	MAP_D_CAD_00 233	
424	func00_C_EVENT_START2	MAP_D_CAD_00 238	
428	ジグさん！	MAP_I_BAS_01 428	
	きっとこの先が		
	隠し通路ですよ！		
430	func00_C_EVENT_END1	MAP_D_CAD_00 372	
432	func00_C_EVENT_END2	MAP_D_CAD_00 377	
433	func00_C_EVENT_START1	MAP_D_CAD_00 233	
435	func00_C_EVENT_START2	MAP_D_CAD_00 238	
438	ジグさんは先に行って	MAP_I_BAS_01 438	
	ください		X
	わたしはここに残って		
	みんなを案内します		
453	イビノス！？	MAP_I_BAS_01 453	
	どうして		
	こんなところに！？		
457	おれたちを迎える準備は	MAP_I_BAS_01 457	
	すっかり		
	整っているらしい		X
	派手に暴れたからな		
458	func00_BATTLE_EVENT	MAP_D_CAD_00 457	
459	func00_C_EVENT_END1	MAP_D_CAD_00 372	
463	func00_C_EVENT_END2	MAP_D_CAD_00 377	
464	func00_C_EVENT_START1	MAP_D_CAD_00 233	
466	func00_C_EVENT_START2	MAP_D_CAD_00 238	
470	どいてくれ	MAP_I_BAS_01 470	
476	やなこった	MAP_I_BAS_01 476	
482	頼む、通してくれ！	MAP_I_BAS_01 482	
487	おやおや、おまえは…	MAP_I_BAS_01 487	X
	妹を見捨てた		
	お兄さんじゃないか		X
	おまえの裏切りで		
	ミシーは今頃{17}02		
497	黙れ！	MAP_I_BAS_01 497	
	その薄汚い口を閉じろ！		
502	ぐっ…	MAP_I_BAS_01 502	
505	ファズ、落ち着け	MAP_I_BAS_01 505	
	おれにまかせろ		
507	ミシーはどこだ？	MAP_D_DOU_03 884	
511	答えると思うか？	MAP_I_BAS_01 511	
514	最後のチャンス…	MAP_I_BAS_01 514	
	だったのにな		
517	func00_C_EVENT_END1	MAP_D_CAD_00 372	
520	func00_C_EVENT_END2	MAP_D_CAD_00 377	
521	func00_C_EVENT_START1	MAP_D_CAD_00 233	
525	func00_C_EVENT_START2	MAP_D_CAD_00 238	
528	大丈夫か？	MAP_D_KOU_03 665	
531	ああ…	MAP_D_DOU_00 571	
534	ジグ、ファズ！	MAP_I_BAS_01 534	
541	ごくろう	MAP_I_BAS_01 541	
546	先に行きますね	MAP_I_BAS_01 546	
551	急いでね	MAP_I_BAS_01 551	
561	なんだぁ？	MAP_I_BAS_01 561	
	休んでるのか！？		
	行くぞ、ジグっち！		
567	func00_C_EVENT_END1	MAP_D_CAD_00 372	
571	func00_C_EVENT_END2	MAP_D_CAD_00 377	
572	func00_D_EVENT_START1	MAP_D_CAN_00 376	
577	func00_D_EVENT_START2	MAP_D_CAN_00 377	
581	func00_BATTLE_EVENT	MAP_D_CAD_00 457	
582	func00_D_EVENT_END1	MAP_D_CAN_00 378	
584	func00_D_EVENT_END2	MAP_D_CAN_00 379	
585	func00_C_EVENT_START1	MAP_D_CAD_00 233	
588	func00_C_EVENT_START2	MAP_D_CAD_00 238	
591	おい、キリがねえぞ	MAP_I_BAS_01 591	
	ここはおれっちに		
	まかせて先行け！		
597	func00_C_EVENT_END1	MAP_D_CAD_00 372	
600	func00_C_EVENT_END2	MAP_D_CAD_00 377	
601	シーン初期化	MAP_D_CAD_00 1232	
			
602	オブジェクト配置	MAP_D_CAD_00 1233	
			
603	オブジェクトトラップ配置	MAP_D_CAD_00 1235	
			
604	マップチェンジトラップ配置	MAP_D_CAD_00 1236	
			
610	部屋の中からは		
	武器のぶつかり合う音がする		
612	とっとと行け！		
	ジグっち！		
619	ＮＰＣ配置	MAP_D_CAD_00 1248	
			
637	行けよ、ジグっち！		
	今はおまえが一番		
	勢いあるぜ！		
639	いやー、こんなところで		
	戦うことになるなんて…		
	人生、楽しいぜ！		
641	{14}02A6を返してもらいますか？	MAP_D_CAD_00 1299	
642	はい	MAP_D_CAD_00 432	
643	いいえ	MAP_D_CAD_00 433	
648	おう、そうか	MAP_D_KHI_04 324	
650	{14}02A6を返してもらった	MAP_D_CAD_00 1308	
653	なんだぁ？	MAP_D_KHI_04 328	
655	{14}02A6を持っていません	MAP_D_CAD_00 1313	
659	{14}02A6を渡しますか？	MAP_D_CAD_00 1317	
664	どうだろうな…	MAP_D_KHI_04 337	
	まだちょっと早いな		
668	…サシで飲みたいって	MAP_D_KHI_04 341	
	ことだな？		
	よし、もらっとく		
670	{14}02A6を渡した	MAP_D_CAD_00 1324	
675	大切なコレクションならば		
	雨ざらしには		
	していないと思うんです		X
	だから、どこかの		
	建物の中にあると		
	思うんですが…		
681	わかりました	MAP_D_CAD_01 665	
685	どうかしましたか？	MAP_D_CAD_01 670	
694	殿方の部屋の鍵なんて…	MAP_D_CAD_01 681	
	受け取るわけには		
	いきません		
698	合鍵…	MAP_D_CAD_01 685	
	では、一応受け取って		
	おきますね		
704	七騎士との戦いの傷…		
	名誉の傷だな		
706	どうした？		
	会議の開始時刻は		
	もう過ぎているぞ		
708	手遅れになる前に		
	行動すべきだな		
	しかし、何をすべきか…		
710	ガンドアの外にあって		
	コレクションに使えそうな		
	建造物か…		X
	…かつてサルバトーレが		
	使っていた離宮は		
	どうだろうか		X
	機構に没収され		
	そのまま所有物に		
	されていたはずだ		
712	ことは順調に		
	運んでいるのか？		
	…焦っても仕方ないな		
714	誰が先導したって	MAP_D_SAL_00 1048	
	不安がなくなる		
	わけじゃない		X
	心配するな		
	おまえの不安は、みんな		
	一緒に背負っている		
716	いや、わたしに構うよりも	MAP_D_SAL_00 1050	
	することがあるだろう？		
718	七騎士が勝負を	MAP_D_SAL_00 1052	
	させてくれるのか！		
	それは楽しみだな		
725	あなどったら	MAP_D_SAL_00 1059	
	容赦なく足元を		
	すくってやるぞ？		
730	…強いな		
	統治者を任せられる腕だ		
733	そうか…	MAP_D_SAL_00 1067	
	まあ、当然か…		
735	レンさんが強くなるように	MAP_D_MAI_00 581	
	きみもやっぱり		
	強くなってるんだね…		
737	おはようございます		
	ふふ…お寝坊だね		
739	さっき外に出たのだけれど		
	あれは雲、かしら？		
	どうにも不吉ね…		
741	建物を一軒ずつあたるのは		
	さすがに効率が		
	悪すぎますね		X
	ガンドアの中だけでも		
	たくさんの建物が		
	あるわけですし…		X
	仮にガンドアの外だったら		
	…どこかあるかしら？		
743	こころなしか、あの暗雲が		
	広がっている気がするの		
	どうか間に合って…！		
745	レンさんの同期だからとか	MAP_D_SAL_00 1071	
	そういう理由じゃなくて…		X
	ジグさん…		
	他でもない、きみを		
	応援してるからね		
747	今のわたしじゃ	MAP_D_MAI_00 605	
	きみに敵いっこないもの		
	遠慮しておきます		
749	きみの実力	MAP_D_MAI_00 607	
	みせてくれるの？		
756	それじゃあ、勝負！	MAP_D_MAI_00 614	
	お手柔らかにお願いね		
761	う…ん……		
	レンさんにもきみにも		
	勝てないなぁ…		
764	あら、残念…	MAP_D_MAI_00 621	
765	イベントトラップ配置	MAP_D_CAD_00 1413	
			
766	何か		
			
768	ＶＳ何か		
			
769	タイロン止め		
			
786	TAI	MAP_D_REZ_02 1000	
			
788	REN	MAP_D_LUK_02 3099	
			
790	OBJ_NPC00	MAP_D_CAN_00 1060	
			
792	OBJ_NPC01	MAP_D_CAN_01 562	
