0	■■■ func00_DEBUG_SIGN ■■■	MAP_D_CAD_00 0		
				
1	！！！エラー検出用サブルーチンを通りました！！！	MAP_D_CAD_00 1		
				
2	イビノスシンボル配置しない。フラグ：	MAP_D_CAD_00 2		
4	イビノスシンボル配置する。フラグ：	MAP_D_CAD_00 4		
7	ランカーファイル情報更新	MAP_D_CAD_00 7		
				
8	->旧:	MAP_D_CAD_00 8		
9	 追加:	MAP_D_CAD_00 9		
10	 結果:	MAP_D_CAD_00 10		
12	ランク:	MAP_D_CAD_00 12		
15	ランカー戦勝利・戻り値：	MAP_D_CAD_00 15		
17	ランキング戦を申し込みますか？	MAP_D_CAD_00 17		
18	申し込む	MAP_D_CAD_00 18		
19	やめておく	MAP_D_CAD_00 19		
22	イビノスシンボル倒した。フラグON：	MAP_D_CAD_00 22		
25	イビノス戦：イベント終了？	MAP_D_CAD_00 25		
				
26	スクリプト：未知のモーションタイプが指定されました	MAP_D_CAD_00 26		
				
33	***振り向き判定ＰＣ***	MAP_D_CAD_00 33		
				
34	現在:cmn_r0:	MAP_D_CAD_00 34		
36	目標:cmn_r1:	MAP_D_CAD_00 36		
38	差分:cmn_r2:	MAP_D_CAD_00 38		
40	差分＾２:cmn_r3:	MAP_D_CAD_00 40		
42	閾値＾２:cmn_r4:	MAP_D_CAD_00 42		
44	->pc振り向きません	MAP_D_CAD_00 44		
				
45	->pc振り向きます	MAP_D_CAD_00 45		
				
47	***振り向き判定***	MAP_D_CAD_00 47		
				
48	現在:cmn_r0:	MAP_D_CAD_00 34		
50	目標:cmn_r1:	MAP_D_CAD_00 36		
52	差分:cmn_r2:	MAP_D_CAD_00 38		
54	差分＾２:cmn_r3:	MAP_D_CAD_00 40		
56	閾値＾２:cmn_r4:	MAP_D_CAD_00 42		
58	->npc振り向きません	MAP_D_CAD_00 58		
				
59	->npc振り向きます	MAP_D_CAD_00 59		
				
63	ロード待ち開始	MAP_D_CAD_00 63		
				
64	ロード待ち終了	MAP_D_CAD_00 64		
				
65	{15}0C{14}L00000000を	MAP_D_CAD_00 65		
	手に入れた			
66	{15}0E{14}L00000000を	MAP_D_CAD_00 66		
	手に入れた			
67	{15}0F{14}L00000000を	MAP_D_CAD_00 67		
	手に入れた			
68	{15}0D{14}L00000000を	MAP_D_CAD_00 68		
	手に入れた			
69	{15}10{14}L00000000を	MAP_D_CAD_00 69		
	手に入れた			
70	{15}12{14}L00000000を	MAP_D_CAD_00 70		
	手に入れた			
71	{15}11{14}L00000000を	MAP_D_CAD_00 71		
	手に入れた			
72	{15}13{14}L00000000を{1d}L00000001個	MAP_D_CAD_00 72		
	手に入れた			
73	{15}14{14}L00000000を{1d}L00000001個	MAP_D_CAD_00 73		
	手に入れた			
74	{15}14{14}L00000000を	MAP_D_CAD_00 74		
	手に入れた			
75	{15}1B{14}L00000000を	MAP_D_CAD_00 75		
	手に入れた			
76	{14}L00000000を	MAP_D_CAD_00 76		
	手に入れた			
77	{1d}L00000000Ｂを手に入れた	MAP_D_CAD_00 77		
				
78	num_calc：	MAP_D_CAD_00 78		
80	{15}0C{14}L00000000を	MAP_D_CAD_00 80		
	手渡した			
81	{15}0E{14}L00000000を	MAP_D_CAD_00 81		
	手渡した			
82	{15}0F{14}L00000000を	MAP_D_CAD_00 82		
	手渡した			
83	{15}0D{14}L00000000を	MAP_D_CAD_00 83		
	手渡した			
84	{15}10{14}L00000000を	MAP_D_CAD_00 84		
	手渡した			
85	{15}12{14}L00000000を	MAP_D_CAD_00 85		
	手渡した			
86	{15}11{14}L00000000を	MAP_D_CAD_00 86		
	手渡した			
87	{15}13{14}L00000000を{1d}L00000001個	MAP_D_CAD_00 87		
	手渡した			
88	{15}14{14}L00000000を{1d}L00000001個	MAP_D_CAD_00 88		
	手渡した			
89	{15}14{14}L00000000を	MAP_D_CAD_00 89		
	手渡した			
90	{15}1B{14}L00000000を	MAP_D_CAD_00 90		
	手渡した			
91	{14}L00000000を	MAP_D_CAD_00 91		
	手渡した			
				
92	■■ret0■■：	MAP_D_CAD_00 92		
96	■■ret■■：	MAP_D_CAD_00 96		
98	cmn_option:	MAP_D_CAD_00 98		
106	セーブポイント	MAP_D_CAD_00 106		
107	データ削除ユーティリティを起動します	MAP_D_CAD_00 107		
	ゲームプレイデータのセーブには			
	{1d}L00000001KB以上の空き容量が必要です			
108	ネックタイプ：	MAP_D_CAD_00 108		
110	首の初期化	MAP_D_CAD_00 110		
				
111	ネックタイプ：	MAP_D_CAD_00 108		
115	大橋が	MAP_D_CAD_00 115		
	トラベルマップで使用可能になりました			
116	下区：商業区が	MAP_D_CAD_00 116		
	トラベルマップで使用可能になりました			
117	下区：ランカー居住区が	MAP_D_CAD_00 117		
	トラベルマップで使用可能になりました			
118	下区：闘技場前が	MAP_D_CAD_00 118		
	トラベルマップで使用可能になりました			
119	タイロン租界が	MAP_D_CAD_00 119		
	トラベルマップで使用可能になりました			
120	バザルタ出張所前が	MAP_D_CAD_00 120		
	トラベルマップで使用可能になりました			
121	上区：噴水広場前が	MAP_D_CAD_00 121		
	トラベルマップで使用可能になりました			
122	バザルタ本部前が	MAP_D_CAD_00 122		
	トラベルマップで使用可能になりました			
123	フラグ・フィールド：	MAP_D_CAD_00 123		
125	フラグ・フィールド：	MAP_D_CAD_00 123		
127	ガンドアが	MAP_D_CAD_00 127		
	トラベルマップで使用可能になりました			
128	カンタレラが	MAP_D_CAD_00 128		
	トラベルマップで使用可能になりました			
129	トーロ荒地が	MAP_D_CAD_00 129		
	トラベルマップで使用可能になりました			
130	リブラ森林が	MAP_D_CAD_00 130		
	トラベルマップで使用可能になりました			
131	マイヤールの森が	MAP_D_CAD_00 131		
	トラベルマップで使用可能になりました			
132	ベリエ街道が	MAP_D_CAD_00 132		
	トラベルマップで使用可能になりました			
133	ドネイ回廊が	MAP_D_CAD_00 133		
	トラベルマップで使用可能になりました			
134	ウィルゴー砂漠が	MAP_D_CAD_00 134		
	トラベルマップで使用可能になりました			
135	カドモール水源が	MAP_D_CAD_00 135		
	トラベルマップで使用可能になりました			
136	カルキノス荒地が	MAP_D_CAD_00 136		
	トラベルマップで使用可能になりました			
137	ラ・キット遺跡が	MAP_D_CAD_00 137		
	トラベルマップで使用可能になりました			
138	レオン峡谷が	MAP_D_CAD_00 138		
	トラベルマップで使用可能になりました			
139	ソダー回廊が	MAP_D_CAD_00 139		
	トラベルマップで使用可能になりました			
140	ニシュラ氷河が	MAP_D_CAD_00 140		
	トラベルマップで使用可能になりました			
141	いにしえの回廊が	MAP_D_CAD_00 141		
	トラベルマップで使用可能になりました			
142	フィッシェ街道が	MAP_D_CAD_00 142		
	トラベルマップで使用可能になりました			
143	レゾナール海岸が	MAP_D_CAD_00 143		
	トラベルマップで使用可能になりました			
144	ケイロニア高原が	MAP_D_CAD_00 144		
	トラベルマップで使用可能になりました			
145	ケイロニア砦が	MAP_D_CAD_00 145		
	トラベルマップで使用可能になりました			
146	サルバトーレ離宮が	MAP_D_CAD_00 146		
	トラベルマップで使用可能になりました			
147	リストにないよ？	MAP_D_CAD_00 147		
				
148	_case:	MAP_D_CAD_00 148		
151	「討伐修練【低位１】」の	MAP_D_CAD_00 151		
	クリア条件を満たした！			
152	「討伐修練【低位２】」の	MAP_D_CAD_00 152		
	クリア条件を満たした！			
153	「討伐修練【低位３】」の	MAP_D_CAD_00 153		
	クリア条件を満たした！			
154	「討伐修練【低位４】」の	MAP_D_CAD_00 154		
	クリア条件を満たした！			
155	「討伐修練【低位５】」の	MAP_D_CAD_00 155		
	クリア条件を満たした！			
156	「討伐修練【中位１】」の	MAP_D_CAD_00 156		
	クリア条件を満たした！			
157	「討伐修練【中位２】」の	MAP_D_CAD_00 157		
	クリア条件を満たした！			
158	「討伐修練【高位１】」の	MAP_D_CAD_00 158		
	クリア条件を満たした！			
159	「討伐修練【高位２】」の	MAP_D_CAD_00 159		
	クリア条件を満たした！			
160	「薬草探しの代理人」の	MAP_D_CAD_00 160		
	クリア条件を満たした！			
161	「新商品開発の手伝い」の	MAP_D_CAD_00 161		
	クリア条件を満たした！			
162	「蒼の指環を求めて」の	MAP_D_CAD_00 162		
	クリア条件を満たした！			
163	「雪中の贈り物」の	MAP_D_CAD_00 163		
	クリア条件を満たした！			
164	「加護あることを祈って」の	MAP_D_CAD_00 164		
	クリア条件を満たした！			
165	「追想の白い花」の	MAP_D_CAD_00 165		
	クリア条件を満たした！			
166	「来れ、好運の使者！」の	MAP_D_CAD_00 166		
	クリア条件を満たした！			
167	「武術指南のお願い」の	MAP_D_CAD_00 167		
	クリア条件を満たした！			
168	「行方不明の従業員」の	MAP_D_CAD_00 168		
	クリア条件を満たした！			
169	「スキルチップ収集中」の	MAP_D_CAD_00 169		
	クリア条件を満たした！			
170	「盗難品の行方は」の	MAP_D_CAD_00 170		
	クリア条件を満たした！			
171	「資料集めのアシスタント」の	MAP_D_CAD_00 171		
	クリア条件を満たした！			
172	「河畔の生態系調査」の	MAP_D_CAD_00 172		
	クリア条件を満たした！			
173	「新人官吏を捕獲せよ」の	MAP_D_CAD_00 173		
	クリア条件を満たした！			
174	「黒い積荷の回収」の	MAP_D_CAD_00 174		
	クリア条件を満たした！			
175	「悪徳商売を抑止せよ」の	MAP_D_CAD_00 175		
	クリア条件を満たした！			
176	「新人ランカー襲撃事件」の	MAP_D_CAD_00 176		
	クリア条件を満たした！			
177	「優しい猛者、募集中」の	MAP_D_CAD_00 177		
	クリア条件を満たした！			
178	「異郷からきた尋ね人」の	MAP_D_CAD_00 178		
	クリア条件を満たした！			
179	「勇壮なる護衛の依頼」の	MAP_D_CAD_00 179		
	クリア条件を満たした！			
180	「赫の指環を求めて」の	MAP_D_CAD_00 180		
	クリア条件を満たした！			
181	「闘技場の害獣駆除」の	MAP_D_CAD_00 181		
	クリア条件を満たした！			
182	「回覧板配達人」の	MAP_D_CAD_00 182		
	クリア条件を満たした！			
183	「討伐修練【緊急】」の	MAP_D_CAD_00 183		
	クリア条件を満たした！			
184	「鉱物資源の収集【緊急】」の	MAP_D_CAD_00 184		
	クリア条件を満たした！			
185	「タリー石を探せ」の	MAP_D_CAD_00 185		
	クリア条件を満たした！			
186	「甘梅草を探せ」の	MAP_D_CAD_00 186		
	クリア条件を満たした！			
187	「衛兵の剣の没収」の	MAP_D_CAD_00 187		
	クリア条件を満たした！			
188	「衛兵の剣の返却」の	MAP_D_CAD_00 188		
	クリア条件を満たした！			
189	「森のイビノス駆除【重大】」の	MAP_D_CAD_00 189		
	クリア条件を満たした！			
190	「回廊のイビノス駆除【重大】」の	MAP_D_CAD_00 190		
	クリア条件を満たした！			
191	「七騎士認定修練【重大】」の	MAP_D_CAD_00 191		
	クリア条件を満たした！			
192	ガンドアが	MAP_D_CAD_00 192		
	トラベルマップで通行可能になりました			
193	ガンドアが	MAP_D_CAD_00 193		
	トラベルマップで通行不能になりました			
194	カンタレラが	MAP_D_CAD_00 194		
	トラベルマップで通行可能になりました			
195	カンタレラが	MAP_D_CAD_00 195		
	トラベルマップで通行不能になりました			
196	トーロ荒地が	MAP_D_CAD_00 196		
	トラベルマップで通行可能になりました			
197	トーロ荒地が	MAP_D_CAD_00 197		
	トラベルマップで通行不能になりました			
198	リブラ森林が	MAP_D_CAD_00 198		
	トラベルマップで通行可能になりました			
199	リブラ森林が	MAP_D_CAD_00 199		
	トラベルマップで通行不能になりました			
200	マイヤールの森が	MAP_D_CAD_00 200		
	トラベルマップで通行可能になりました			
201	マイヤールの森が	MAP_D_CAD_00 201		
	トラベルマップで通行不能になりました			
202	ベリエ街道が	MAP_D_CAD_00 202		
	トラベルマップで通行可能になりました			
203	ベリエ街道が	MAP_D_CAD_00 203		
	トラベルマップで通行不能になりました			
204	ドネイ回廊が	MAP_D_CAD_00 204		
	トラベルマップで通行可能になりました			
205	ドネイ回廊が	MAP_D_CAD_00 205		
	トラベルマップで通行不能になりました			
206	ウィルゴー砂漠が	MAP_D_CAD_00 206		
	トラベルマップで通行可能になりました			
207	ウィルゴー砂漠が	MAP_D_CAD_00 207		
	トラベルマップで通行不能になりました			
208	カドモール水源が	MAP_D_CAD_00 208		
	トラベルマップで通行可能になりました			
209	カドモール水源が	MAP_D_CAD_00 209		
	トラベルマップで通行不能になりました			
210	カルキノス荒地が	MAP_D_CAD_00 210		
	トラベルマップで通行可能になりました			
211	カルキノス荒地が	MAP_D_CAD_00 211		
	トラベルマップで通行不能になりました			
212	ラ・キット遺跡が	MAP_D_CAD_00 212		
	トラベルマップで通行可能になりました			
213	ラ・キット遺跡が	MAP_D_CAD_00 213		
	トラベルマップで通行不能になりました			
214	レオン峡谷が	MAP_D_CAD_00 214		
	トラベルマップで通行可能になりました			
215	レオン峡谷が	MAP_D_CAD_00 215		
	トラベルマップで通行不能になりました			
216	ソダー回廊が	MAP_D_CAD_00 216		
	トラベルマップで通行可能になりました			
217	ソダー回廊が	MAP_D_CAD_00 217		
	トラベルマップで通行不能になりました			
218	ニシュラ氷河が	MAP_D_CAD_00 218		
	トラベルマップで通行可能になりました			
219	ニシュラ氷河が	MAP_D_CAD_00 219		
	トラベルマップで通行不能になりました			
220	いにしえの回廊が	MAP_D_CAD_00 220		
	トラベルマップで通行可能になりました			
221	いにしえの回廊が	MAP_D_CAD_00 221		
	トラベルマップで通行不能になりました			
222	フィッシェ街道が	MAP_D_CAD_00 222		
	トラベルマップで通行可能になりました			
223	フィッシェ街道が	MAP_D_CAD_00 223		
	トラベルマップで通行不能になりました			
224	レゾナール海岸が	MAP_D_CAD_00 224		
	トラベルマップで通行可能になりました			
225	レゾナール海岸が	MAP_D_CAD_00 225		
	トラベルマップで通行不能になりました			
226	ケイロニア高原が	MAP_D_CAD_00 226		
	トラベルマップで通行可能になりました			
227	ケイロニア高原が	MAP_D_CAD_00 227		
	トラベルマップで通行不能になりました			
228	ケイロニア砦が	MAP_D_CAD_00 228		
	トラベルマップで通行可能になりました			
229	ケイロニア砦が	MAP_D_CAD_00 229		
	トラベルマップで通行不能になりました			
230	サルバトーレ離宮が	MAP_D_CAD_00 230		
	トラベルマップで通行可能になりました			
231	サルバトーレ離宮が	MAP_D_CAD_00 231		
	トラベルマップで通行不能になりました			
232	リストにないよ？	MAP_D_CAD_00 147		
				
237	func00_C_EVENT_START1	MAP_D_CAD_00 233		
243	func00_C_EVENT_START2	MAP_D_CAD_00 238		
245	ここはおれの縄張りな	This is my territory.		
250	わたしも残ります！	I'm going to stay here. The rest is up to you!		
	あとはジグさんたちに			
	まかせます！			
252	func00_C_EVENT_END1	MAP_D_CAD_00 372		
253	func00_C_EVENT_END2	MAP_D_CAD_00 377		
254	func00_C_EVENT_START1	MAP_D_CAD_00 233		
258	{19}07	MAP_D_CAN_00 627		
259	func00_C_EVENT_START2	MAP_D_CAD_00 238		
262	ユーリはこの上に	Yuri should be on the top floor.		
	いるはずよ		X	
	ふたりで大丈夫ね	The two of you should be able to take him.		
267	たぶんな	Probably.		
269	もし…	If...		
273	もし、おれたちが	If he kills us, Missy will be—.		
	やられたらミシーを{17}02			
280	ファズ、良いことだけを	Faz, try to stay positive.		
	考えなさい			
287	func00_C_EVENT_END1	MAP_D_CAD_00 372		
290	func00_C_EVENT_END2	MAP_D_CAD_00 377		
291	func00_B_EVENT_START1	MAP_D_CAD_00 459		
297	func00_B_EVENT_START2	MAP_D_CAD_00 465		
299	いたな！	He's here!		X
302	ミシーはどこだ！？	Where's Missy!?		X
306	わたしからミシーを	Are you going to steal Missy away from me?		X
	奪おうというのですか？			X
307	奪う？	Steal?		X
309	地位も名誉も	Faz,		X
	くれてやりますが…			X
310	お兄さん	I shall grant you power and status		X
311	ミシーだけは	if you will but grant me the privilege of Missy's company.		X
	わたしにください			X
316	ひひっ…	Hahaha...		X
322	ファズ！	Faz!		X
324	おれは…いいから…	I'm...fine...		X
328	どこへ行く？	Where are you going?		X
329	ミシーに報告するのです	I'm going to confess to Missy.		X
330	わたしが誰かを苦しめ…	I've made someone suffer.		X
333	それをミシーに報告すると…	If I confess to Missy,		X
334	彼女は怒りと悲しみで	she'll cry her eyes out with anger and sadness,		X
	その瞳に涙をたたえ…			X
336	しかし、それに耐え	but then, she'll turn serious and start lecturing me.		X
	生真面目な顔で話し始めるのです			X
337	ひひひひひひ！	Hahahahaha!		X
338	このわたしに	She lectures me about the nature of man.		X
	人の世の道理を説くのですよ			X
339	そんなことをする者とは	I've never met anyone else like her.		X
	初めて出会いました…			X
341	ミシーの説教は	Missy's lectures are absolutely wonderful.		X
	まったく素晴らしい…			X
342	ミシーの口からこぼれ出る	Kind words come flowing from Missy's mouth.		X
	慈愛に満ちた言葉に			X
343	わたしの心は安らぐ…	and put my heart at ease.		X
344	わたしはその言葉を	To hear those words again,		X
	聞くために…			X
348	さらに、どこかの誰かを	I have to make someone, somewhere, suffer.		X
	苦しめなくてはなりません			X
349	ひひひ！	Hahaha!		X
350	ああ、そうですとも…	Yes, one could say that.		X
351	すべてミシーが悪いのです	It's all Missy's fault.		X
353	勝手なことを！	Don't just go off!		X
354	func00_B_EVENT_END1	MAP_D_CAD_00 522		
358	func00_B_EVENT_END2	MAP_D_CAD_00 527		
360	func00_B_EVENT_START1	MAP_D_CAD_00 459		
371	func00_B_EVENT_START2	MAP_D_CAD_00 465		
372	ミシー！	Missy!		X
376	ジグ！？	Zig!		X
380	もう、終わりですよ！	This is the end!		X
381	誰の終わりです？	The end for who?		X
382	ジグ？	Zig?		X
383	それともファズ？	Or maybe Faz?		X
385	おまえのだ！	YOU!		X
388	ひひひ！	Hahaha!		X
396	func00_B_EVENT_END1	MAP_D_CAD_00 522		
401	func00_B_EVENT_END2	MAP_D_CAD_00 527		
402	func00_B_EVENT_START1	MAP_D_CAD_00 459		
408	func00_B_EVENT_START2	MAP_D_CAD_00 465		
410	ジグ、ありがとう！	Thank you, Zig!		X
416	ミシー！	Missy!		X
420	兄さん！	Faz!		X
423	無事で良かった…	I'm so glad you're safe.		X
424	うん、ジグが	Yeah. Zig came just like you said he would!		X
	来てくれたもの！			X
428	兄さんはいつも	Faz kept saying.		X
	言ってたの			X
429	きっとジグが	Zig will definitely come and save us.		X
	助けに来てくれるから			X
430	それまでの辛抱だって	Just hold out a little longer.		X
431	ミシー…ミシー？	Missy...Missy?		X
433	ミシー…	Missy...		X
434	こちらへ	Come here.		X
437	ユーリ…	Yuri...		X
439	わたしを…	Heal...		X
440	いやしておくれ	Heal me.		X
441	ミシー	Missy.		X
445	ユーリ…	Yuri...		X
447	哀れな姿…	You're pathetic.		X
448	ちがう！	No! Don't pity me!		X
	わたしを哀れむな！			X
450	可哀想なユーリ…	You're so pathetic, Yuri.		X
453	ちがう…	No...		X
454	そんな…	Don't.		X
455	言葉では……	say.		X
456	ない	that.		X
458	さようなら、ユーリ	Farewell, Yuri.		X
459	わたしは…今{17}02	Right now, I'm.		X
463	とっても、しあわせよ	very happy.		X
465	ひひっ…	Haha...		X
479	やった…	We did it.		X
480	やったぞ！	We really did it!		X
486	わたしたち…	We...		X
487	ああ、ついに七騎士を	Yes, we've finally defeated the Seven Knights.		X
	倒したぞ			X
488	よーし、酒だ！祝い酒だ！	Right. It's time to celebrate...with lots of alcohol!		X
489	祭りだ！　爆竹だ！	A festival! With fireworks! And meat! And music!		X
	肉だ！　音楽だ！			X
497	わたしたち、同期で	We were initiated together, and have been rivals ever since,		X
	ライバルでしたけど…			X
498	これからは…	but from now on we're...		X
499	なんだ？	What?		X
501	さーて	Yes,		X
502	なんでしょう！？	What indeed!?		X
506	面倒じゃないのがいいな	If it's alright with you...		X
509	func00_B_EVENT_END1	MAP_D_CAD_00 522		
518	func00_B_EVENT_END2	MAP_D_CAD_00 527		
519	シーン初期化	MAP_D_CAD_00 1232		
				
520	オブジェクト配置	MAP_D_CAD_00 1233		
				
522	オブジェクトトラップ配置	MAP_D_CAD_00 1235		
				
523	マップチェンジトラップ配置	MAP_D_CAD_00 1236		
				
524	足止め	MAP_D_KHI_02 455		
				
525	func00_E_EVENT_START1	MAP_D_CAD_00 415		
528	func00_E_EVENT_START2	MAP_D_CAD_00 417		
531	ジグさん、上へ！			
533	func00_E_EVENT_END1	MAP_D_CAD_00 424		
534	func00_E_EVENT_END2	MAP_D_CAD_00 425		
544	ＮＰＣ配置	MAP_D_CAD_00 1248		
				
554	{19}07	MAP_D_CAN_00 627		
556	案内嬢	Usher		
560	ユーリ対おまえ…			
	興味深いのな			
562	ここはおれの縄張りな	MAP_I_BAS_00 245		
564	わたし、宣誓した時より			
	充実してるかも			
	しれません！			
566	あとはジグさんたちに			
	まかせます！			
568	{14}02A6を返してもらいますか？	MAP_D_CAD_00 1299		
569	はい	MAP_D_CAD_00 432		
570	いいえ	MAP_D_CAD_00 433		
575	わかりました	MAP_D_CAD_01 665		
577	{14}02A6を返してもらった	MAP_D_CAD_00 1308		
580	どうかしましたか？	MAP_D_CAD_01 670		
582	{14}02A6を持っていません	MAP_D_CAD_00 1313		
586	{14}02A6を渡しますか？	MAP_D_CAD_00 1317		
591	殿方の部屋の鍵なんて…	MAP_D_CAD_01 681		
	受け取るわけには			
	いきません			
595	合鍵…	MAP_D_CAD_01 685		
	では、一応受け取って			
	おきますね			
597	{14}02A6を渡した	MAP_D_CAD_00 1324		
602	ミシーはきっと無事			
	わたしは信じてるわ			
608	それじゃ、これね	MAP_D_CAN_00 981		
612	何かしら？	MAP_D_CAN_00 985		
621	それは…	MAP_D_CAN_00 994		
	ごめんなさい			
	今は受け取れないわ			
625	え？　わたしに？	MAP_D_CAN_00 998		
	うれしいわ、ジグ			
631	親方達は			
	ラ・キット遺跡に			
	向かったぜ		X	
	仲間が仕入れた情報だと			
	遺跡周辺に、イビノスが			
	急増してるらしい		X	
	気ぃ引き締めて行けよ			
633	ロザとレン			
	それからファズが			
	帰ってきたのを見たぜ		X	
	特にロザは			
	すげぇ険しい顔で			
	執務室に向かったぞ		X	
	ゼブリラがどうとかって…			
	どうしたってんだ？			
635	落ち着かねぇ…			
	でも、誰か残った方が			
	いいんだろ？		X	
	ファズの妹のことも			
	ちゃんと見ててやるからよ			
	安心して行ってこい			
638	ここはおれにまかせろ			
642	…租界は？			
646	ん、ああ…			
	仲間が行ってるから			
	心配いらねぇよ			
650	…信頼してるんだな			
654	ったりまえよ！			
	家族信頼しねえで			
	どうするよ			
658	…ああ	MAP_D_CAN_04 784		
662	…おめえも、家族だ			
	わかってんだろーな！			
666	…まあな	MAP_D_CAD_04 751		
670	だったらいい			
	ほら、行ってこい！			
673	タイロン一家の教えはな…		X	
	もたもたするな！			
	とりあえず行け！			
	言われる前に行け、だ		X	
	ちゃんと行って…			
	んで、無事に帰ってこいよ			
679	…ほらよ	MAP_D_OBT_00 428		
683	なんだってんだ？	MAP_D_OBT_00 432		
692	おっと、うれしいねえ	MAP_D_OBT_00 441		
	じゃ、近々邪魔しに			
	行くぜ！			
698	エレベーターで	Please go to the top floor. You're late for the meeting.		
	最上階へお向かいください			
	会議の開始時刻です			
700	お休みになる際には	When you need to rest, please use your knight's room.		
	七騎士用の部屋を			
	お使いください		X	
	【自室の階】の中央が	Your room is at the center of the private rooms floor.		
	ジグ様のお部屋となります			
701	イベントトラップ配置	MAP_D_CAD_00 1413		
				
702	エレベータ	Elevator		
703	踊場			
704	イゴリダの見送り			
				
706	どの階へ行きますか？	Which floor will you go to?		
707	最上階	Top Floor		
708	移動しない	Nowhere		
711	func00_E_EVENT_START1	MAP_D_CAD_00 415		
712	func00_E_EVENT_START2	MAP_D_CAD_00 417		
714	マップジャンプ	MAP_D_CAN_00 929		
				
716	func00_E_EVENT_END1	MAP_D_CAD_00 424		
718	func00_E_EVENT_END2	MAP_D_CAD_00 425		
719	自室の階	Private Room Floor		
720	執務室の階	Office Floor		
721	func00_E_EVENT_START1	MAP_D_CAD_00 415		
722	func00_E_EVENT_START2	MAP_D_CAD_00 417		
724	マップジャンプ１			
				
726	func00_E_EVENT_END1	MAP_D_CAD_00 424		
728	func00_E_EVENT_END2	MAP_D_CAD_00 425		
729	func00_E_EVENT_START1	MAP_D_CAD_00 415		
730	func00_E_EVENT_START2	MAP_D_CAD_00 417		
732	マップジャンプ２			
				
734	func00_E_EVENT_END1	MAP_D_CAD_00 424		
736	func00_E_EVENT_END2	MAP_D_CAD_00 425		
737	func00_E_EVENT_START1	MAP_D_CAD_00 415		
738	func00_E_EVENT_START2	MAP_D_CAD_00 417		
740	マップジャンプ３			
				
742	func00_E_EVENT_END1	MAP_D_CAD_00 424		
744	func00_E_EVENT_END2	MAP_D_CAD_00 425		
746	エントランスを見下ろせる			
	ここから話したら声が響きそうだ			
747	func00_E_EVENT_START1	MAP_D_CAD_00 415		
751	func00_E_EVENT_START2	MAP_D_CAD_00 417		
754	おーいジグ！			
	七騎士らしく、そこから			
	何か話してみろよ！			
757	…………	MAP_D_CAD_00 242		
760	……かもな？			
764	なんだよそりゃ…			
768	おれはジグだ			
772	おおっ、名乗るだけで			
	何だかカッコイイ…か？			
776	リドのトサカ頭			
780	お、おめえ			
	高いところから			
	ケンカ売ってんのか！？			
782	func00_E_EVENT_END1	MAP_D_CAD_00 424		
785	func00_E_EVENT_END2	MAP_D_CAD_00 425		
795	ロケタイ	MAP_D_DOU_00 610		
				
797	ハースとレンが居残って…			
				
812	HAR	MAP_D_LUK_08 1661		
				
814	REn			
				
816	IGO	MAP_D_LUK_02 3097		
				
818	RID			
