0	■■■ func00_DEBUG_SIGN ■■■	MAP_D_CAD_00 0	
			
1	！！！エラー検出用サブルーチンを通りました！！！	MAP_D_CAD_00 1	
			
2	イビノスシンボル配置しない。フラグ：	MAP_D_CAD_00 2	
4	イビノスシンボル配置する。フラグ：	MAP_D_CAD_00 4	
7	ランカーファイル情報更新	MAP_D_CAD_00 7	
			
8	->旧:	MAP_D_CAD_00 8	
9	 追加:	MAP_D_CAD_00 9	
10	 結果:	MAP_D_CAD_00 10	
12	ランク:	MAP_D_CAD_00 12	
15	ランカー戦勝利・戻り値：	MAP_D_CAD_00 15	
17	ランキング戦を申し込みますか？	MAP_D_CAD_00 17	
18	申し込む	MAP_D_CAD_00 18	
19	やめておく	MAP_D_CAD_00 19	
22	イビノスシンボル倒した。フラグON：	MAP_D_CAD_00 22	
25	イビノス戦：イベント終了？	MAP_D_CAD_00 25	
			
26	スクリプト：未知のモーションタイプが指定されました	MAP_D_CAD_00 26	
			
33	***振り向き判定ＰＣ***	MAP_D_CAD_00 33	
			
34	現在:cmn_r0:	MAP_D_CAD_00 34	
36	目標:cmn_r1:	MAP_D_CAD_00 36	
38	差分:cmn_r2:	MAP_D_CAD_00 38	
40	差分＾２:cmn_r3:	MAP_D_CAD_00 40	
42	閾値＾２:cmn_r4:	MAP_D_CAD_00 42	
44	->pc振り向きません	MAP_D_CAD_00 44	
			
45	->pc振り向きます	MAP_D_CAD_00 45	
			
47	***振り向き判定***	MAP_D_CAD_00 47	
			
48	現在:cmn_r0:	MAP_D_CAD_00 34	
50	目標:cmn_r1:	MAP_D_CAD_00 36	
52	差分:cmn_r2:	MAP_D_CAD_00 38	
54	差分＾２:cmn_r3:	MAP_D_CAD_00 40	
56	閾値＾２:cmn_r4:	MAP_D_CAD_00 42	
58	->npc振り向きません	MAP_D_CAD_00 58	
			
59	->npc振り向きます	MAP_D_CAD_00 59	
			
63	ロード待ち開始	MAP_D_CAD_00 63	
			
64	ロード待ち終了	MAP_D_CAD_00 64	
			
65	{15}0C{14}L00000000を	MAP_D_CAD_00 65	
	手に入れた		
66	{15}0E{14}L00000000を	MAP_D_CAD_00 66	
	手に入れた		
67	{15}0F{14}L00000000を	MAP_D_CAD_00 67	
	手に入れた		
68	{15}0D{14}L00000000を	MAP_D_CAD_00 68	
	手に入れた		
69	{15}10{14}L00000000を	MAP_D_CAD_00 69	
	手に入れた		
70	{15}12{14}L00000000を	MAP_D_CAD_00 70	
	手に入れた		
71	{15}11{14}L00000000を	MAP_D_CAD_00 71	
	手に入れた		
72	{15}13{14}L00000000を{1d}L00000001個	MAP_D_CAD_00 72	
	手に入れた		
73	{15}14{14}L00000000を{1d}L00000001個	MAP_D_CAD_00 73	
	手に入れた		
74	{15}14{14}L00000000を	MAP_D_CAD_00 74	
	手に入れた		
75	{15}1B{14}L00000000を	MAP_D_CAD_00 75	
	手に入れた		
76	{14}L00000000を	MAP_D_CAD_00 76	
	手に入れた		
77	{1d}L00000000Ｂを手に入れた	MAP_D_CAD_00 77	
			
78	num_calc：	MAP_D_CAD_00 78	
80	{15}0C{14}L00000000を	MAP_D_CAD_00 80	
	手渡した		
81	{15}0E{14}L00000000を	MAP_D_CAD_00 81	
	手渡した		
82	{15}0F{14}L00000000を	MAP_D_CAD_00 82	
	手渡した		
83	{15}0D{14}L00000000を	MAP_D_CAD_00 83	
	手渡した		
84	{15}10{14}L00000000を	MAP_D_CAD_00 84	
	手渡した		
85	{15}12{14}L00000000を	MAP_D_CAD_00 85	
	手渡した		
86	{15}11{14}L00000000を	MAP_D_CAD_00 86	
	手渡した		
87	{15}13{14}L00000000を{1d}L00000001個	MAP_D_CAD_00 87	
	手渡した		
88	{15}14{14}L00000000を{1d}L00000001個	MAP_D_CAD_00 88	
	手渡した		
89	{15}14{14}L00000000を	MAP_D_CAD_00 89	
	手渡した		
90	{15}1B{14}L00000000を	MAP_D_CAD_00 90	
	手渡した		
91	{14}L00000000を	MAP_D_CAD_00 91	
	手渡した		
			
92	■■ret0■■：	MAP_D_CAD_00 92	
96	■■ret■■：	MAP_D_CAD_00 96	
98	cmn_option:	MAP_D_CAD_00 98	
106	セーブポイント	MAP_D_CAD_00 106	
107	データ削除ユーティリティを起動します	MAP_D_CAD_00 107	
	ゲームプレイデータのセーブには		
	{1d}L00000001KB以上の空き容量が必要です		
108	ネックタイプ：	MAP_D_CAD_00 108	
110	首の初期化	MAP_D_CAD_00 110	
			
111	ネックタイプ：	MAP_D_CAD_00 108	
115	大橋が	MAP_D_CAD_00 115	
	トラベルマップで使用可能になりました		
116	下区：商業区が	MAP_D_CAD_00 116	
	トラベルマップで使用可能になりました		
117	下区：ランカー居住区が	MAP_D_CAD_00 117	
	トラベルマップで使用可能になりました		
118	下区：闘技場前が	MAP_D_CAD_00 118	
	トラベルマップで使用可能になりました		
119	タイロン租界が	MAP_D_CAD_00 119	
	トラベルマップで使用可能になりました		
120	バザルタ出張所前が	MAP_D_CAD_00 120	
	トラベルマップで使用可能になりました		
121	上区：噴水広場前が	MAP_D_CAD_00 121	
	トラベルマップで使用可能になりました		
122	バザルタ本部前が	MAP_D_CAD_00 122	
	トラベルマップで使用可能になりました		
123	フラグ・フィールド：	MAP_D_CAD_00 123	
125	フラグ・フィールド：	MAP_D_CAD_00 123	
127	ガンドアが	MAP_D_CAD_00 127	
	トラベルマップで使用可能になりました		
128	カンタレラが	MAP_D_CAD_00 128	
	トラベルマップで使用可能になりました		
129	トーロ荒地が	MAP_D_CAD_00 129	
	トラベルマップで使用可能になりました		
130	リブラ森林が	MAP_D_CAD_00 130	
	トラベルマップで使用可能になりました		
131	マイヤールの森が	MAP_D_CAD_00 131	
	トラベルマップで使用可能になりました		
132	ベリエ街道が	MAP_D_CAD_00 132	
	トラベルマップで使用可能になりました		
133	ドネイ回廊が	MAP_D_CAD_00 133	
	トラベルマップで使用可能になりました		
134	ウィルゴー砂漠が	MAP_D_CAD_00 134	
	トラベルマップで使用可能になりました		
135	カドモール水源が	MAP_D_CAD_00 135	
	トラベルマップで使用可能になりました		
136	カルキノス荒地が	MAP_D_CAD_00 136	
	トラベルマップで使用可能になりました		
137	ラ・キット遺跡が	MAP_D_CAD_00 137	
	トラベルマップで使用可能になりました		
138	レオン峡谷が	MAP_D_CAD_00 138	
	トラベルマップで使用可能になりました		
139	ソダー回廊が	MAP_D_CAD_00 139	
	トラベルマップで使用可能になりました		
140	ニシュラ氷河が	MAP_D_CAD_00 140	
	トラベルマップで使用可能になりました		
141	いにしえの回廊が	MAP_D_CAD_00 141	
	トラベルマップで使用可能になりました		
142	フィッシェ街道が	MAP_D_CAD_00 142	
	トラベルマップで使用可能になりました		
143	レゾナール海岸が	MAP_D_CAD_00 143	
	トラベルマップで使用可能になりました		
144	ケイロニア高原が	MAP_D_CAD_00 144	
	トラベルマップで使用可能になりました		
145	ケイロニア砦が	MAP_D_CAD_00 145	
	トラベルマップで使用可能になりました		
146	サルバトーレ離宮が	MAP_D_CAD_00 146	
	トラベルマップで使用可能になりました		
147	リストにないよ？	MAP_D_CAD_00 147	
			
148	_case:	MAP_D_CAD_00 148	
151	「討伐修練【低位１】」の	MAP_D_CAD_00 151	
	クリア条件を満たした！		
152	「討伐修練【低位２】」の	MAP_D_CAD_00 152	
	クリア条件を満たした！		
153	「討伐修練【低位３】」の	MAP_D_CAD_00 153	
	クリア条件を満たした！		
154	「討伐修練【低位４】」の	MAP_D_CAD_00 154	
	クリア条件を満たした！		
155	「討伐修練【低位５】」の	MAP_D_CAD_00 155	
	クリア条件を満たした！		
156	「討伐修練【中位１】」の	MAP_D_CAD_00 156	
	クリア条件を満たした！		
157	「討伐修練【中位２】」の	MAP_D_CAD_00 157	
	クリア条件を満たした！		
158	「討伐修練【高位１】」の	MAP_D_CAD_00 158	
	クリア条件を満たした！		
159	「討伐修練【高位２】」の	MAP_D_CAD_00 159	
	クリア条件を満たした！		
160	「薬草探しの代理人」の	MAP_D_CAD_00 160	
	クリア条件を満たした！		
161	「新商品開発の手伝い」の	MAP_D_CAD_00 161	
	クリア条件を満たした！		
162	「蒼の指環を求めて」の	MAP_D_CAD_00 162	
	クリア条件を満たした！		
163	「雪中の贈り物」の	MAP_D_CAD_00 163	
	クリア条件を満たした！		
164	「加護あることを祈って」の	MAP_D_CAD_00 164	
	クリア条件を満たした！		
165	「追想の白い花」の	MAP_D_CAD_00 165	
	クリア条件を満たした！		
166	「来れ、好運の使者！」の	MAP_D_CAD_00 166	
	クリア条件を満たした！		
167	「武術指南のお願い」の	MAP_D_CAD_00 167	
	クリア条件を満たした！		
168	「行方不明の従業員」の	MAP_D_CAD_00 168	
	クリア条件を満たした！		
169	「スキルチップ収集中」の	MAP_D_CAD_00 169	
	クリア条件を満たした！		
170	「盗難品の行方は」の	MAP_D_CAD_00 170	
	クリア条件を満たした！		
171	「資料集めのアシスタント」の	MAP_D_CAD_00 171	
	クリア条件を満たした！		
172	「河畔の生態系調査」の	MAP_D_CAD_00 172	
	クリア条件を満たした！		
173	「新人官吏を捕獲せよ」の	MAP_D_CAD_00 173	
	クリア条件を満たした！		
174	「黒い積荷の回収」の	MAP_D_CAD_00 174	
	クリア条件を満たした！		
175	「悪徳商売を抑止せよ」の	MAP_D_CAD_00 175	
	クリア条件を満たした！		
176	「新人ランカー襲撃事件」の	MAP_D_CAD_00 176	
	クリア条件を満たした！		
177	「優しい猛者、募集中」の	MAP_D_CAD_00 177	
	クリア条件を満たした！		
178	「異郷からきた尋ね人」の	MAP_D_CAD_00 178	
	クリア条件を満たした！		
179	「勇壮なる護衛の依頼」の	MAP_D_CAD_00 179	
	クリア条件を満たした！		
180	「赫の指環を求めて」の	MAP_D_CAD_00 180	
	クリア条件を満たした！		
181	「闘技場の害獣駆除」の	MAP_D_CAD_00 181	
	クリア条件を満たした！		
182	「回覧板配達人」の	MAP_D_CAD_00 182	
	クリア条件を満たした！		
183	「討伐修練【緊急】」の	MAP_D_CAD_00 183	
	クリア条件を満たした！		
184	「鉱物資源の収集【緊急】」の	MAP_D_CAD_00 184	
	クリア条件を満たした！		
185	「タリー石を探せ」の	MAP_D_CAD_00 185	
	クリア条件を満たした！		
186	「甘梅草を探せ」の	MAP_D_CAD_00 186	
	クリア条件を満たした！		
187	「衛兵の剣の没収」の	MAP_D_CAD_00 187	
	クリア条件を満たした！		
188	「衛兵の剣の返却」の	MAP_D_CAD_00 188	
	クリア条件を満たした！		
189	「森のイビノス駆除【重大】」の	MAP_D_CAD_00 189	
	クリア条件を満たした！		
190	「回廊のイビノス駆除【重大】」の	MAP_D_CAD_00 190	
	クリア条件を満たした！		
191	「七騎士認定修練【重大】」の	MAP_D_CAD_00 191	
	クリア条件を満たした！		
192	ガンドアが	MAP_D_CAD_00 192	
	トラベルマップで通行可能になりました		
193	ガンドアが	MAP_D_CAD_00 193	
	トラベルマップで通行不能になりました		
194	カンタレラが	MAP_D_CAD_00 194	
	トラベルマップで通行可能になりました		
195	カンタレラが	MAP_D_CAD_00 195	
	トラベルマップで通行不能になりました		
196	トーロ荒地が	MAP_D_CAD_00 196	
	トラベルマップで通行可能になりました		
197	トーロ荒地が	MAP_D_CAD_00 197	
	トラベルマップで通行不能になりました		
198	リブラ森林が	MAP_D_CAD_00 198	
	トラベルマップで通行可能になりました		
199	リブラ森林が	MAP_D_CAD_00 199	
	トラベルマップで通行不能になりました		
200	マイヤールの森が	MAP_D_CAD_00 200	
	トラベルマップで通行可能になりました		
201	マイヤールの森が	MAP_D_CAD_00 201	
	トラベルマップで通行不能になりました		
202	ベリエ街道が	MAP_D_CAD_00 202	
	トラベルマップで通行可能になりました		
203	ベリエ街道が	MAP_D_CAD_00 203	
	トラベルマップで通行不能になりました		
204	ドネイ回廊が	MAP_D_CAD_00 204	
	トラベルマップで通行可能になりました		
205	ドネイ回廊が	MAP_D_CAD_00 205	
	トラベルマップで通行不能になりました		
206	ウィルゴー砂漠が	MAP_D_CAD_00 206	
	トラベルマップで通行可能になりました		
207	ウィルゴー砂漠が	MAP_D_CAD_00 207	
	トラベルマップで通行不能になりました		
208	カドモール水源が	MAP_D_CAD_00 208	
	トラベルマップで通行可能になりました		
209	カドモール水源が	MAP_D_CAD_00 209	
	トラベルマップで通行不能になりました		
210	カルキノス荒地が	MAP_D_CAD_00 210	
	トラベルマップで通行可能になりました		
211	カルキノス荒地が	MAP_D_CAD_00 211	
	トラベルマップで通行不能になりました		
212	ラ・キット遺跡が	MAP_D_CAD_00 212	
	トラベルマップで通行可能になりました		
213	ラ・キット遺跡が	MAP_D_CAD_00 213	
	トラベルマップで通行不能になりました		
214	レオン峡谷が	MAP_D_CAD_00 214	
	トラベルマップで通行可能になりました		
215	レオン峡谷が	MAP_D_CAD_00 215	
	トラベルマップで通行不能になりました		
216	ソダー回廊が	MAP_D_CAD_00 216	
	トラベルマップで通行可能になりました		
217	ソダー回廊が	MAP_D_CAD_00 217	
	トラベルマップで通行不能になりました		
218	ニシュラ氷河が	MAP_D_CAD_00 218	
	トラベルマップで通行可能になりました		
219	ニシュラ氷河が	MAP_D_CAD_00 219	
	トラベルマップで通行不能になりました		
220	いにしえの回廊が	MAP_D_CAD_00 220	
	トラベルマップで通行可能になりました		
221	いにしえの回廊が	MAP_D_CAD_00 221	
	トラベルマップで通行不能になりました		
222	フィッシェ街道が	MAP_D_CAD_00 222	
	トラベルマップで通行可能になりました		
223	フィッシェ街道が	MAP_D_CAD_00 223	
	トラベルマップで通行不能になりました		
224	レゾナール海岸が	MAP_D_CAD_00 224	
	トラベルマップで通行可能になりました		
225	レゾナール海岸が	MAP_D_CAD_00 225	
	トラベルマップで通行不能になりました		
226	ケイロニア高原が	MAP_D_CAD_00 226	
	トラベルマップで通行可能になりました		
227	ケイロニア高原が	MAP_D_CAD_00 227	
	トラベルマップで通行不能になりました		
228	ケイロニア砦が	MAP_D_CAD_00 228	
	トラベルマップで通行可能になりました		
229	ケイロニア砦が	MAP_D_CAD_00 229	
	トラベルマップで通行不能になりました		
230	サルバトーレ離宮が	MAP_D_CAD_00 230	
	トラベルマップで通行可能になりました		
231	サルバトーレ離宮が	MAP_D_CAD_00 231	
	トラベルマップで通行不能になりました		
232	リストにないよ？	MAP_D_CAD_00 147	
			
233	func00_C_EVENT_START1	MAP_D_CAD_00 233	
235	func00_C_EVENT_START2	MAP_D_CAD_00 238	
238	すげえ報奨だな…	MAP_I_GAN_08 1046	
	ま、無理だけど		
242	うちの親方なら	MAP_I_GAN_08 1050	
	いけるかもよ！		
248	ジグ、すごい修練だ	MAP_I_GAN_08 1056	
	信じられない報奨！		
253	どんな話だ？	MAP_I_GAN_08 1061	
256	まあ、修練板を	MAP_I_GAN_08 1064	
	見てごらん？		
260	func00_C_EVENT_END1	MAP_D_CAD_00 372	
262	func00_C_EVENT_END2	MAP_D_CAD_00 377	
263	func00_C_EVENT_START1	MAP_D_CAD_00 233	
265	func00_C_EVENT_START2	MAP_D_CAD_00 238	
268	ね、すごいだろ！	MAP_I_GAN_08 1076	
273	受けた方がいいのか？	MAP_I_GAN_08 1081	
278	無理無理	MAP_I_GAN_08 1086	
283	…………	MAP_D_CAD_00 242	
287	でも、この機会を	MAP_I_GAN_08 1095	
	利用して		
	のし上がらなくちゃ		
292	どうするんだ？	MAP_I_GAN_08 1100	
298	わたしにまかせて！	MAP_I_GAN_08 1106	
303	func00_C_EVENT_END1	MAP_D_CAD_00 372	
305	func00_C_EVENT_END2	MAP_D_CAD_00 377	
306	func00_C_EVENT_START1	MAP_D_CAD_00 233	
313	マキス	MAP_D_CAD_00 1258	
315	func00_C_EVENT_START2	MAP_D_CAD_00 238	
320	ジグ、やったぞ	MAP_I_GAN_08 1128	
	タイロンが		
	その気になった！		
326	おい、ジグっち	MAP_I_GAN_08 1134	
	おまえも一緒に来い		
332	ああ	MAP_D_CAN_00 336	
335	七騎士センゴクの技を	MAP_I_GAN_08 1143	
	受けられるなんて		
	滅多にないぞ		X
	他の七騎士とちがって		
	あいつは腕試しなんて		
	やらせねえからな		
340	戦いはいつだって	MAP_I_GAN_08 1148	
	真剣勝負、ってよ		X
	それがいったい		
	どういう心境の		
	変化だか…		
346	これから本格化する	MAP_I_GAN_08 1154	
	アンチとの戦いに備え…		X
	七騎士、そして機構の		
	体制を整えるため…		X
	わたしは		
	そう思いますけどね		
351	くだらねえ！	MAP_I_GAN_08 1159	
	それよりおれっちは		
	センゴクの技だ		
364	うーん…ちょっとあてが	MAP_I_GAN_08 1172	
	はずれたかな		X
	もっと七騎士の地位に		
	興味を示してほしいよね…		
370	タイロンの地位が上がれば	MAP_I_GAN_08 1178	
	きみの立場も良くなると		
	思ったんだけど…		X
	ま、なんとかなるでしょ！		
	ジグ、行こう		
376	センゴクが指定した戦場は	MAP_I_GAN_08 1184	
	古来、戦士の戦場として		
	有名な【ラ・キット遺跡】！		X
	遺跡へ行くには		
	バザルタ鉄道を		
	使うんだけど…		X
	ジグ、乗ったこと		
	ないよね？		
382	…かもな	MAP_D_CAD_00 310	
386	だよねえ…	MAP_I_GAN_08 1194	X
	ジグのランクじゃ		
	まだ乗車許可は		
	もらえないし…		X
	まあ、タイロンが		
	なんとかしてくれるさ		X
	とりあえず駅まで		
	行ってみよう		X
	駅の場所は知ってる？		
395	…………	MAP_D_CAD_00 242	
397	別に恥ずかしい	MAP_I_GAN_08 1205	
	ことじゃないよ、うん		
402	機構に登録する時に	MAP_I_GAN_08 1210	
	宣誓をしただろ？		X
	駅はあの建物の		
	奥にあるんだ		
405	func00_C_EVENT_END1	MAP_D_CAD_00 372	
408	老人	MAP_I_GAN_08 1216	
410	少年	MAP_I_GAN_08 1218	
412	少女	MAP_I_GAN_08 1220	
413	func00_C_EVENT_END2	MAP_D_CAD_00 377	
414	func00_C_EVENT_START1	MAP_D_CAD_00 233	
417	func00_C_EVENT_START2	MAP_D_CAD_00 238	
420	もしや	MAP_I_GAN_08 1228	
	ジグっち様では？		
424	…………	MAP_D_CAD_00 242	
428	人ちがいでしたか！	MAP_I_GAN_08 1236	
	失礼しました		
432	いや、おれだ	MAP_I_GAN_08 1240	
436	やっぱりそうですよね	MAP_I_GAN_08 1244	
	聞いていた通りの		
	田舎顔ですし{17}02		
442	いや、あの…	MAP_I_GAN_08 1250	
445	誰から何を聞いたんだ？	MAP_I_GAN_08 1253	
448	タイロン様の使いの	MAP_I_GAN_08 1256	
	リドさんという方が		
	いらっしゃいました		X
	そして、あか抜けない顔の		
	ジグっち様が来たら		
	乗車許可証を{17}02		
453	さっさとよこせ！	MAP_I_GAN_08 1261	
457	怒ってます？	MAP_I_GAN_08 1265	
462	…かもな	MAP_D_CAD_00 310	
464	…………	MAP_I_GAN_08 1272	X
	こちらがバザルタ鉄道		
	乗車許可証です		
	お受け取り下さい		
468	授与【バザルタ鉄道乗車許可】	MAP_I_GAN_08 1276	
	{13}07{1d}G00000011位　ジグ		
	機構の掟の元、汝が然るべき力を得たとみなし		
	戦侯機構バザルタより上記権利を授与する{13}00		
471	それではよい旅を	MAP_I_GAN_08 1279	
	ジグっち様		
474	func00_C_EVENT_END1	MAP_D_CAD_00 372	
477	func00_C_EVENT_END2	MAP_D_CAD_00 377	
478	func00_C_EVENT_START1	MAP_D_CAD_00 233	
480	func00_C_EVENT_START2	MAP_D_CAD_00 238	
489	おめえ、鉄道は	MAP_I_GAN_08 1297	
	はじめてだろ？		
493	ああ…	MAP_I_GAN_08 1301	
	おまけに田舎顔だしな		
497	根に持つな	MAP_I_GAN_08 1305	
	性根がくさるぞ		
500	…………	MAP_D_CAD_00 242	
504	わかったら、さっそく	MAP_I_GAN_08 1312	
	「鉄道の歌」を覚えろ		
509	はあ？	MAP_I_BAS_10 3502	
513	乗車許可証とは別に	MAP_I_GAN_08 1321	
	鉄道の歌が必要なんだ		X
	降りるときに役人に		
	聞かせる習わしだ		
519	意味がわからない	MAP_I_GAN_08 1327	
524	意味？	MAP_I_GAN_08 1332	
	習わしの意味なんて		
	誰も知らねえだろう？		X
	いいか？		
	いくぞ		
536	鉄道すごいぞ	MAP_I_GAN_08 1344	
	レールは直線		
539	ゆるいカーブは	MAP_I_GAN_08 1347	
	問題ない		
540	急なカーブは	MAP_I_GAN_08 1348	
	むずかしい		
543	ありがとう鉄道	MAP_I_GAN_08 1351	
	安全運行ありがとう		
552	以上！	MAP_I_GAN_08 1360	
555	…冗談だろ？	MAP_I_GAN_08 1363	
559	おれも最初は	MAP_I_GAN_08 1367	
	信じなかったぜ…		X
	でも、歌わなかったせいで		
	一生列車ドレイとして		
	過ごした奴もいるらしい		
565	列車ドレイ？	MAP_I_GAN_08 1373	
570	会いたくもねえけどな	MAP_I_GAN_08 1378	
572	func00_C_EVENT_END1	MAP_D_CAD_00 372	
575	func00_C_EVENT_END2	MAP_D_CAD_00 377	
576	func00_C_EVENT_START1	MAP_D_CAD_00 233	
579	func00_C_EVENT_START2	MAP_D_CAD_00 238	
585	ジグ、いよいよなのかい？	MAP_I_BAS_01 242	
591	ああ	MAP_D_CAN_00 336	
595	応援しているからな	MAP_I_BAS_01 252	X
	ジグが正義だって		
	噂もあちこちに		
	流しておいたぞ		X
	低位ランカーの{17}02		
602	ひそかな喜びは	MAP_I_BAS_01 259	
	もうやめろ		X
	何か知ってると思われて		
	ひどい目にあわされる		X
	おとなしく隠れてろ		
607	そうはいかないよ	MAP_I_BAS_01 264	
	見届けなくちゃね		X
	おびえて隠れている間に		
	歴史が変わって		
	しまうなんて…		X
	おれだって		
	参加したいんだ！		
615	勝手にしろ！	MAP_I_BAS_01 272	
616	func00_C_EVENT_END1	MAP_D_CAD_00 372	
618	func00_C_EVENT_END2	MAP_D_CAD_00 377	
619	func00_C_EVENT_START1	MAP_D_CAD_00 233	
622	func00_C_EVENT_START2	MAP_D_CAD_00 238	
627	よう、ジグ	MAP_I_BAS_01 284	
	とことんやれよな		
631	ああ	MAP_D_CAN_00 336	
633	ところで…	MAP_I_BAS_01 290	
637	親方がおめえを	MAP_I_BAS_01 294	
	気に入った理由を		
	知ってるか？		
641	いや	MAP_I_BAS_01 298	
644	もちろん素質を	MAP_I_BAS_01 301	
	見抜いたんだろう		X
	でも、それだけじゃない		X
	おめえ、一度も親方を		
	怖いと思ったことが		
	ないだろう？		
652	…かもな	MAP_D_CAD_00 310	
656	それだ、それ	MAP_I_BAS_01 313	X
	結局のところ、親方は		
	友だちが欲しかった…		X
	そういうことだと		
	おれは思うね		
663	…………	MAP_D_CAD_00 242	
666	ジグ、親方を頼んだぜ！	MAP_I_BAS_01 323	
668	func00_C_EVENT_END1	MAP_D_CAD_00 372	
670	func00_C_EVENT_END2	MAP_D_CAD_00 377	
671	func00_C_EVENT_START1	MAP_D_CAD_00 233	
674	func00_C_EVENT_START2	MAP_D_CAD_00 238	
680	ジグ、機構本部行きの	MAP_I_BAS_01 337	
	ケーブルカーが		
	止められているんだ		X
	ユーリは本部に		
	いるはずなんだけど		
	これは使えない		
687	…だろうな	MAP_I_BAS_01 344	
691	でも、上区に非常用の	MAP_I_BAS_01 348	
	隠し通路が		
	あるらしい		
695	らしい？	MAP_I_BAS_01 352	
	誰か知らないのか？		
	ハースは？		
698	ハースはまだだ	MAP_I_BAS_01 355	
703	わかった	MAP_I_BAS_01 360	
	探すよ		
707	レンたちも行ってるから	MAP_I_BAS_01 364	
	協力してくれ		
711	func00_C_EVENT_END1	MAP_D_CAD_00 372	
713	func00_C_EVENT_END2	MAP_D_CAD_00 377	
714	func00_C_EVENT_START1	MAP_D_CAD_00 233	
716	func00_C_EVENT_START2	MAP_D_CAD_00 238	
719	ジグさん！	MAP_D_LUK_00 1599	
722	隠し通路だかは	MAP_I_BAS_01 379	
	見つかったのか？		
726	他はもう調べたんですけど	MAP_I_BAS_01 383	
	通路の入口らしきものは		
	ありませんでした		
730	じゃあ、ここが？	MAP_I_BAS_01 387	
736	怪しいんですけど	MAP_I_BAS_01 393	
	カギが…		
740	…こじ開けてみよう	MAP_I_BAS_01 397	
744	…非常事態ですから	MAP_I_BAS_01 401	
	仕方がないですよね		
748	開いたぞ	MAP_I_BAS_01 405	
751	手慣れてますね…	MAP_I_BAS_01 408	
756	運が良かっただけだ	MAP_I_BAS_01 413	
759	func00_C_EVENT_END1	MAP_D_CAD_00 372	
761	func00_C_EVENT_END2	MAP_D_CAD_00 377	
762	func00_C_EVENT_START1	MAP_D_CAD_00 233	
767	func00_C_EVENT_START2	MAP_D_CAD_00 238	
771	ジグさん！	MAP_I_BAS_01 428	
	きっとこの先が		
	隠し通路ですよ！		
773	func00_C_EVENT_END1	MAP_D_CAD_00 372	
775	func00_C_EVENT_END2	MAP_D_CAD_00 377	
776	func00_C_EVENT_START1	MAP_D_CAD_00 233	
778	func00_C_EVENT_START2	MAP_D_CAD_00 238	
781	ジグさんは先に行って	MAP_I_BAS_01 438	
	ください		X
	わたしはここに残って		
	みんなを案内します		
796	イビノス！？	MAP_I_BAS_01 453	
	どうして		
	こんなところに！？		
800	おれたちを迎える準備は	MAP_I_BAS_01 457	
	すっかり		
	整っているらしい		X
	派手に暴れたからな		
801	func00_BATTLE_EVENT	MAP_D_CAD_00 457	
802	func00_C_EVENT_END1	MAP_D_CAD_00 372	
806	func00_C_EVENT_END2	MAP_D_CAD_00 377	
807	func00_C_EVENT_START1	MAP_D_CAD_00 233	
809	func00_C_EVENT_START2	MAP_D_CAD_00 238	
813	どいてくれ	MAP_I_BAS_01 470	
819	やなこった	MAP_I_BAS_01 476	
825	頼む、通してくれ！	MAP_I_BAS_01 482	
830	おやおや、おまえは…	MAP_I_BAS_01 487	X
	妹を見捨てた		
	お兄さんじゃないか		X
	おまえの裏切りで		
	ミシーは今頃{17}02		
840	黙れ！	MAP_I_BAS_01 497	
	その薄汚い口を閉じろ！		
845	ぐっ…	MAP_I_BAS_01 502	
848	ファズ、落ち着け	MAP_I_BAS_01 505	
	おれにまかせろ		
850	ミシーはどこだ？	MAP_D_DOU_03 884	
854	答えると思うか？	MAP_I_BAS_01 511	
857	最後のチャンス…	MAP_I_BAS_01 514	
	だったのにな		
860	func00_C_EVENT_END1	MAP_D_CAD_00 372	
863	func00_C_EVENT_END2	MAP_D_CAD_00 377	
864	func00_C_EVENT_START1	MAP_D_CAD_00 233	
868	func00_C_EVENT_START2	MAP_D_CAD_00 238	
871	大丈夫か？	MAP_D_KOU_03 665	
874	ああ…	MAP_D_DOU_00 571	
877	ジグ、ファズ！	MAP_I_BAS_01 534	
884	ごくろう	MAP_I_BAS_01 541	
889	先に行きますね	MAP_I_BAS_01 546	
894	急いでね	MAP_I_BAS_01 551	
904	なんだぁ？	MAP_I_BAS_01 561	
	休んでるのか！？		
	行くぞ、ジグっち！		
910	func00_C_EVENT_END1	MAP_D_CAD_00 372	
914	func00_C_EVENT_END2	MAP_D_CAD_00 377	
915	func00_D_EVENT_START1	MAP_D_CAN_00 376	
920	func00_D_EVENT_START2	MAP_D_CAN_00 377	
924	func00_BATTLE_EVENT	MAP_D_CAD_00 457	
925	func00_D_EVENT_END1	MAP_D_CAN_00 378	
927	func00_D_EVENT_END2	MAP_D_CAN_00 379	
928	func00_C_EVENT_START1	MAP_D_CAD_00 233	
931	func00_C_EVENT_START2	MAP_D_CAD_00 238	
934	おい、キリがねえぞ	MAP_I_BAS_01 591	
	ここはおれっちに		
	まかせて先行け！		
940	func00_C_EVENT_END1	MAP_D_CAD_00 372	
943	func00_C_EVENT_END2	MAP_D_CAD_00 377	
944	func00_E_EVENT_START1	MAP_D_CAD_00 415	
948	func00_E_EVENT_START2	MAP_D_CAD_00 417	
951	ンマッ！	MAP_D_KOU_00 351	
	きみ、修練を受けに来た		
	ランカーくん？		
955	どんな修練だ？	MAP_D_CAD_00 912	
959	盗難事件の解決よ！	MAP_D_KOU_00 359	
961	修練「盗難品の行方は」	MAP_D_KOU_00 361	
	に参加しますか？		
962	参加する	MAP_D_CAD_00 919	
963	参加しない	MAP_D_CAD_00 920	
968	それじゃはやく	MAP_D_KOU_00 368	
	この問題を解決して		
	ちょうだいっ！		
970	もう、怒りと悲しみと	MAP_D_KOU_00 370	
	焦りと不安で		
	どうにかなりそう！		
974	落ち着いてくれ	MAP_D_KOU_00 374	
	何がどうなったんだ？		
978	盗まれたのよ！	MAP_D_KOU_00 378	
	ウチの大事な商品が！		
	たっか～い盾が！		
980	しかもね、犯人は	MAP_D_KOU_00 380	
	愉快犯らしいのよ！		
982	こんなメモ残して！	MAP_D_KOU_00 382	
	ムキィィィッ！		
984	鉄道の駅に掛けられた表	MAP_D_KOU_00 384	
	記された数字の羅列は		
	旅立ちの時刻を示す		
987	これは…	MAP_D_KOU_00 387	
	どういうことだ？		
991	ンマッ、知らないわよ！	MAP_D_KOU_00 391	
	それを解読するのが		
	きみの役目じゃない		
995	高位ランカーなんだから	MAP_D_KOU_00 395	
	これくらい楽勝でしょ！？		
	信じてるからね！		
997	func00_E_EVENT_END1	MAP_D_CAD_00 424	
999	func00_E_EVENT_END2	MAP_D_CAD_00 425	
1002	なによ！	MAP_D_KOU_00 402	
	違うなら話しかけないで		
1004	func00_E_EVENT_END1	MAP_D_CAD_00 424	
1005	func00_E_EVENT_END2	MAP_D_CAD_00 425	
1006	func00_E_EVENT_START1	MAP_D_CAD_00 415	
1008	func00_E_EVENT_START2	MAP_D_CAD_00 417	
1010	……ん？	MAP_D_KOU_00 410	
	すみに何か書いてある		
1011	ランカーたちが憩う水辺	MAP_D_KOU_00 411	
	並べられたテーブル		
	そのいずれかを調べよ		
1012	func00_E_EVENT_END1	MAP_D_CAD_00 424	
1013	func00_E_EVENT_END2	MAP_D_CAD_00 425	
1014	func00_E_EVENT_START1	MAP_D_CAD_00 415	
1016	func00_E_EVENT_START2	MAP_D_CAD_00 417	
1018	テーブルクロスの下に	MAP_D_KOU_00 418	
	何か入ってるな		
1019	白のベッドが並ぶ、病と傷を治す場所	MAP_D_KOU_00 419	
	治癒の女神に贈られたのは		
	窓辺を飾る赤い花		
1020	func00_E_EVENT_END1	MAP_D_CAD_00 424	
1021	func00_E_EVENT_END2	MAP_D_CAD_00 425	
1022	func00_E_EVENT_START1	MAP_D_CAD_00 415	
1024	func00_E_EVENT_START2	MAP_D_CAD_00 417	
1026	花瓶の中に	MAP_D_KOU_00 426	
	何か入ってる…		
1027	民家の先にたたずむ、戦いの聖地	MAP_D_KOU_00 427	
	戦士たちが控える部屋の		
	片隅にひっそりと置かれた本		
1028	func00_E_EVENT_END1	MAP_D_CAD_00 424	
1029	func00_E_EVENT_END2	MAP_D_CAD_00 425	
1030	func00_E_EVENT_START1	MAP_D_CAD_00 415	
1032	func00_E_EVENT_START2	MAP_D_CAD_00 417	
1034	………？	MAP_D_KOU_00 434	
	紙がはさまってる		
1035	ベアっち	MAP_D_KOU_00 435	
1036	func00_E_EVENT_END1	MAP_D_CAD_00 424	
1037	func00_E_EVENT_END2	MAP_D_CAD_00 425	
1038	func00_E_EVENT_START1	MAP_D_CAD_00 415	
1040	func00_E_EVENT_START2	MAP_D_CAD_00 417	
1042	ベアっち…	MAP_D_KOU_00 442	
	きっとこの中に…		
1044	あった、メモだ！	MAP_D_KOU_00 444	
1045	トーロの荒地でおまえを待つ	MAP_D_KOU_00 445	
1046	func00_E_EVENT_END1	MAP_D_CAD_00 424	
1047	func00_E_EVENT_END2	MAP_D_CAD_00 425	
1048	func00_E_EVENT_START1	MAP_D_CAD_00 415	
1052	func00_E_EVENT_START2	MAP_D_CAD_00 417	
1055	驚いたな	MAP_D_KOU_00 455	
	きみは見かけよりも		
	機知に富んでいるらしい		
1059	おまえが盾を盗んだ	MAP_D_KOU_00 459	
	犯人か？		
1063	ああそうさ	MAP_D_KOU_00 463	
1065	最近、どうにも頭の悪い	MAP_D_KOU_00 465	
	ランカーが増えてきてね		
1067	あまりの愚鈍さに	MAP_D_KOU_00 467	
	腹立たしさすら覚えたから		
	おちょくったのさ		
1069	正直、子ども向けの	MAP_D_KOU_00 469	
	ナゾナゾだったが		
	解けない奴よりきみは賢い		
1073	賢い…か	MAP_D_KOU_00 473	
	はじめて言われたな		
1077	おや、それはおめでとう	MAP_D_KOU_00 477	
	これは記念に		
	持っていくといい		
1082	さあ、きみはどうするね？	MAP_D_KOU_00 482	
	それを持って帰るかい？		
1086	おまえは盗人だ	MAP_D_KOU_00 486	
	だから…		
1090	はっ、そうこなくてはな！	MAP_D_KOU_00 490	
1092	剣の扱いも	MAP_D_KOU_00 492	
	師を超えて久しく		
	とても退屈していたんだ		
1094	負けたらおとなしく	MAP_D_KOU_00 494	
	バザルタに出頭しよう		
1099	さあ、賢い青年よ	MAP_D_KOU_00 499	
	試験の時間だ		
1104	なるほど、知能以上に	MAP_D_KOU_00 504	
	腕が立つというわけか…		
1106	まいったよ	MAP_D_KOU_00 506	
	おとなしく降参しよう		
1108	わたしはこのまま	MAP_D_KOU_00 508	
	バザルタに事情を話しに		
	行こうと思う		
1110	その盾は	MAP_D_KOU_00 510	
	きみから返しておいて		
	もらえないだろうか		
1112	…大変すまないことをした	MAP_D_KOU_00 512	
	と添えてね		
1116	…わかった	MAP_D_DNE_04 1319	
1120	うん	MAP_D_KOU_00 520	
	では失礼するよ		
1126	func00_E_EVENT_END1	MAP_D_CAD_00 424	
1127	func00_E_EVENT_END2	MAP_D_CAD_00 425	
1128	func00_E_EVENT_START1	MAP_D_CAD_00 415	
1132	func00_E_EVENT_START2	MAP_D_CAD_00 417	
1135	ンマッ！	MAP_D_KOU_00 535	
	それはウチの盾！！		
1140	まあまあまあ！	MAP_D_KOU_00 540	
	ありがとランカーくん！		
1144	犯人はバザルタに出頭した	MAP_D_KOU_00 544	
	すまなかったと		
	言っていた		
1148	ンマッ、当然よ！	MAP_D_KOU_00 548	
1150	もー、二度とこんなことが	MAP_D_KOU_00 550	
	おきないように		
	警備を強化しなきゃ		
1152	じゃあこれ、報奨ね	MAP_D_KOU_00 552	
	ありがたく使って		
1157	じゃあこの盾を	MAP_D_KOU_00 557	
	保管庫に戻しにいくわ		
	チャオ！		
1161	func00_E_EVENT_END1	MAP_D_CAD_00 424	
1162	func00_E_EVENT_END2	MAP_D_CAD_00 425	
1163	func00_E_EVENT_START1	MAP_D_CAD_00 415	
1167	func00_E_EVENT_START2	MAP_D_CAD_00 417	
1170	…ベイガーか	MAP_D_RIV_01 973	
1174	知っているのか？	MAP_D_RIV_01 977	
1178	一応な	MAP_D_RIV_01 981	
	あれは実に…親に似ている		
	性格も考え方もな		
1182	親に？	MAP_D_RIV_01 985	
1186	生まれはついてまわる	MAP_D_RIV_01 989	
	…おまえもマキスに		
	言われなかったか？		X
	あいつも、広い意味では		
	生まれに縛られて		
	いるのかもしれない		
1189	…………	MAP_D_CAD_00 242	
1192	それよりも	MAP_D_RIV_01 995	
	修練の話を聞きに		
	来たんだろう？		X
	新しい情報があるが		
	詳しく聞くか？		
1196	新しい修練が	MAP_D_RIV_01 999	
	届いている		
1198	詳しい話を聞きたいか？	MAP_D_RIV_01 1001	
1200	詳しい話をききますか？	MAP_D_RIV_01 1003	
1201	はい	MAP_D_CAD_00 432	
1202	いいえ	MAP_D_CAD_00 433	
1207	了解した	MAP_D_RIV_01 1010	
1209	バザルタの新人官吏が	MAP_D_RIV_01 1012	
	機密書類を持ち出して		
	騒ぎになっているらしい		
1211	そこで、そいつの行方を	MAP_D_RIV_01 1014	
	追ってほしいという依頼だ		
1215	おれは仲介だけだから	MAP_D_RIV_01 1018	
	参加や完了の報告は		
	依頼人にしてくれ		
1217	依頼人のヌッティ官吏は	MAP_D_RIV_01 1020	
	出張所の入ってすぐ右で		
	待っているそうだ		
1219	…以上だ	MAP_D_RIV_01 1022	
1221	func00_E_EVENT_END1	MAP_D_CAD_00 424	
1223	func00_E_EVENT_END2	MAP_D_CAD_00 425	
1226	そうか	MAP_D_RIV_01 1029	
	聞く気になったら		
	言ってくれ		
1228	func00_E_EVENT_END1	MAP_D_CAD_00 424	
1229	func00_E_EVENT_END2	MAP_D_CAD_00 425	
1230	func00_E_EVENT_START1	MAP_D_CAD_00 415	
1234	func00_E_EVENT_START2	MAP_D_CAD_00 417	
1237	あんたがヌッティか？	MAP_D_RIV_01 1040	
1241	そうだけど…	MAP_D_RIV_01 1044	X
	あ、もしかして		
	修練を受けに		
	きてくれたの？		
1245	ああ	MAP_D_CAN_00 336	
1249	ふーむ…	MAP_D_RIV_01 1052	X
	これはとても重要で		
	極秘の修練なんだよ		
	決して失敗できないんだ		X
	だから、そのランクじゃ		
	怖くて信用できないな		X
	せめて１５０００位		
	くらいはないと		
	参加させられないよ		
1253	せめて１５０００位	MAP_D_RIV_01 1056	
	くらいはないと		
	参加させられないよ		
1255	func00_E_EVENT_END1	MAP_D_CAD_00 424	
1256	func00_E_EVENT_END2	MAP_D_CAD_00 425	
1259	ああ、ランクを	MAP_D_RIV_01 1062	
	上げてきたんだね	It seems you've raised your rank, and so quickly, too!	
	迅速ですばらしい！		X
	それで、結局どうする？	So what are you going to do? I'd be happy for you to take this mission.	
	すぐに参加してくれると		
	嬉しいんだけどさ		
1263	あんたがヌッティか？	MAP_D_RIV_01 1040	
1267	そうだけど…	MAP_D_RIV_01 1070	
1271	あ、もしかして	MAP_D_RIV_01 1074	
	修練を受けに		
	きてくれたの？		
1273	修練「新人官吏を捕獲せよ」	MAP_D_RIV_01 1076	
	に参加しますか？		
1274	参加する	MAP_D_CAD_00 919	
1275	参加しない	MAP_D_CAD_00 920	
1280	そっかそっか！	MAP_D_RIV_01 1083	
	ウェルマーさんに頼んで		
	よかったよ！		
1282	正式な発令手順を	MAP_D_RIV_01 1085	
	踏んでいられるほど		
	余裕なくってさ…		
1286	何をすればいい？	MAP_D_CAN_01 261	
1290	…これは極秘の話なんだ	MAP_D_RIV_01 1093	
	誰にも口外しないと		
	約束できる？		
1294	ああ	MAP_D_CAN_00 336	
1298	…実はね、アンチに与する	MAP_D_RIV_01 1101	
	官吏がいるかもって		
	疑惑が広まってるんだ		X
	そんな矢先、おれの部下が		
	機構の機密書類を持って		
	ふらりと消えたんだよ		X
	おかげでみんなから		
	アンチに間違いないって		
	言われてるんだ		
1302	その部下を	MAP_D_RIV_01 1105	
	探し出せばいいのか？		
1306	そうそう	MAP_D_RIV_01 1109	
	真意を聞くにも		
	まず連れ戻さないとね		
1310	何か手がかりは？	MAP_D_RIV_01 1113	
1314	ちょっと前だけど	MAP_D_RIV_01 1117	
	鉄道の駅に向かったって		
	目撃証言があるよ		
1316	あ、標的の名前は	MAP_D_RIV_01 1119	
	サウリっていうんだ		
1320	じゃあ	MAP_D_RIV_01 1123	
	くれぐれも頼んだよ！		
1322	func00_E_EVENT_END1	MAP_D_CAD_00 424	
1324	func00_E_EVENT_END2	MAP_D_CAD_00 425	
1327	そうかぁ…	MAP_D_RIV_01 1130	
	これは本格的に		
	困っちゃうぞ		
1329	func00_E_EVENT_END1	MAP_D_CAD_00 424	
1330	func00_E_EVENT_END2	MAP_D_CAD_00 425	
1331	func00_E_EVENT_START1	MAP_D_CAD_00 415	
1335	func00_E_EVENT_START2	MAP_D_CAD_00 417	
1338	サウリっていう	MAP_D_RIV_01 1141	
	官吏がこなかったか？		
1342	ああ	MAP_D_RIV_01 1145	
	ちょっと前にきたよ		
1344	出かけるから	MAP_D_RIV_01 1147	
	準備しなきゃと		
	言っていた		
1348	準備？	MAP_D_RIV_01 1151	
1352	当番の仕事で	MAP_D_RIV_01 1155	
	町の外に出るんだそうだ		
1354	デイライトにでも	MAP_D_RIV_01 1157	
	行ったんじゃないかな…		
	ほら、下区の商店だよ		
1358	わかった	MAP_D_KOU_02 677	
1360	…ところで	MAP_D_RIV_01 1163	
	サウリは何か		
	持ってきたか？		
1364	今月の給料明細を	MAP_D_RIV_01 1167	
	届けてもらったけど…		
	それが何か？		
1368	いや、なんでもない	MAP_D_CAD_00 593	
1370	func00_E_EVENT_END1	MAP_D_CAD_00 424	
1372	func00_E_EVENT_END2	MAP_D_CAD_00 425	
1373	func00_E_EVENT_START1	MAP_D_CAD_00 415	
1377	func00_E_EVENT_START2	MAP_D_CAD_00 417	
1380	サウリっていう	MAP_D_RIV_01 1141	
	官吏がこなかったか？		
1384	ああ、きたよ	MAP_D_RIV_01 1187	
	靴を買っていった		
1388	靴？	MAP_D_RIV_01 1191	
1392	ああ、町の外に出るのに	MAP_D_RIV_01 1195	
	今の靴じゃダメだから		
	…ってな！		
1396	町の外……	MAP_D_RIV_01 1199	
	どこに向かったか		
	知ってるか？		
1400	どこかの支部だとは	MAP_D_RIV_01 1203	
	言っていたけど		
	詳しくは聞いていないよ		X
	でも、護衛は		
	つれていなかったし		
	近場だと思うぞ		
1404	近場の支部…？	MAP_D_RIV_01 1207	
	本当にアンチと		
	繋がっているのか…？		
1405	func00_E_EVENT_END1	MAP_D_CAD_00 424	
1407	func00_E_EVENT_END2	MAP_D_CAD_00 425	
1408	func00_E_EVENT_START1	MAP_D_CAD_00 415	
1414	func00_E_EVENT_START2	MAP_D_CAD_00 417	
1422	サウリってのは	MAP_D_RIV_01 1225	
	あんたか？		
1429	へ？	MAP_D_RIV_01 1232	
	ぼくだけど…		
1433	ヌッティ官吏から	MAP_D_RIV_01 1236	
	おまえを連れ戻すように		
	頼まれた		
1437	えっ、先輩から！？	MAP_D_RIV_01 1240	
	うわぁ…また何か		
	やっちゃったかなぁ…		
1441	機密書類を	MAP_D_RIV_01 1244	
	持ち出したと…		
1446	ええっ！？	MAP_D_RIV_01 1249	
1450	…………	MAP_D_CAD_00 242	
1453	うわぁぁぁ！？	MAP_D_RIV_01 1256	
	本当に持ってきてた！		
1458	やややややばい！	MAP_D_RIV_01 1261	
	あの方の日記だよコレ！		
1460	どど、どうしよう！？	MAP_D_RIV_01 1263	
1464	ともかく	MAP_D_RIV_01 1267	
	それを持って帰るぞ		
1467	func00_E_EVENT_END1	MAP_D_CAD_00 424	
1468	func00_E_EVENT_END2	MAP_D_CAD_00 425	
1469	func00_E_EVENT_START1	MAP_D_CAD_00 415	
1475	func00_E_EVENT_START2	MAP_D_CAD_00 417	
1478	サウリ…	MAP_D_RIV_01 1281	
	一体どういう		
	つもりなんだ？		X
	黙って機密書類を		
	持ち出すだなんて…		
	本当にアンチなのか？		
1482	アンチ？	MAP_D_RIV_01 1285	
	黙って持ち出す…？		X
	ぼくはただ		
	先輩に言われたとおりに		
	しただけですよ		
1486	…え？	MAP_D_RIV_01 1289	
1490	書類の束をぼくに渡して	MAP_D_RIV_01 1293	
	「届けておけ」って		
	言ったじゃないですか		X
	あの機密書類だって		
	先輩がくれた束の中に…		
1493	…………	MAP_D_CAD_00 242	
1496	先輩、人の日記を	MAP_D_RIV_01 1299	
	勝手に持ち出して読むのは		
	どうかと思いますよ		
1500	ば、ばかっ！	MAP_D_RIV_01 1303	
	人前でそんなこと		
	言うんじゃない！		
1502	ロ…あの方にバレたら	MAP_D_RIV_01 1305	
	首が飛ぶどころじゃ…		
1506	首は飛ばないですけど	MAP_D_RIV_01 1309	
	ハリネズミには		
	なりそうですよね		
1510	おまえもだよ！！	MAP_D_RIV_01 1313	
1516	…ま、まあともかく	MAP_D_RIV_01 1319	
	無事に戻ってよかった		X
	アンチ疑惑も晴れたしな！		
1518	きみのおかげだよ	MAP_D_RIV_01 1321	
	報奨、受け取ってくれ		
1524	よし、サウリ	MAP_D_RIV_01 1327	
	何事もなかったかのように		
	戻しに行くぞ！		
1529	はーい	MAP_D_RIV_01 1332	
1539	忘れてた！	MAP_D_RIV_01 1342	
	待ってる間に調べたんだが		
	カンタレラ出身だって？		
1542	…………	MAP_D_CAD_00 242	
1545	ああ、捕まえようとか	MAP_D_RIV_01 1348	
	そういうことじゃないよ		X
	何というか…		
	修練板を見ておくか		
	ロアーに話を聞くといい		
1549	どういうことだ？	MAP_D_CAN_04 650	
1553	詳しくは言えないよ	MAP_D_RIV_01 1356	
	じゃ、伝えたからね		
1556	func00_E_EVENT_END1	MAP_D_CAD_00 424	
1560	func00_E_EVENT_END2	MAP_D_CAD_00 425	
1561	func00_E_EVENT_START1	MAP_D_CAD_00 415	
1562	func00_E_EVENT_START2	MAP_D_CAD_00 417	
1564	アンチに機構…	MAP_I_GAN_02 1186	X
	…………		X
	おれも帰るか		
1565	func00_E_EVENT_END1	MAP_D_CAD_00 424	
1566	func00_E_EVENT_END2	MAP_D_CAD_00 425	
1567	func00_E_EVENT_START1	MAP_D_CAD_00 415	
1572	func00_E_EVENT_START2	MAP_D_CAD_00 417	
1580	あ、ジグ！	MAP_I_GAN_02 1202	
	闘技場の話きいた！？		
1584	闘技場？	MAP_I_GAN_02 1206	
1588	なんでも、機構主催で	MAP_I_GAN_02 1210	
	大きな大会が		
	開かれるんだってさ		X
	優勝賞品はなんと		
	ランク９５位！		
1593	すげえよな…！	MAP_I_GAN_02 1215	
	ジグならいいとこまで		
	いけるんじゃないか？		
1597	そうそう、参加してきなよ	MAP_I_GAN_02 1219	
	１００位入りなんて		
	めったにないチャンスだよ		X
	大会は明日開催で		
	当日の参加も		
	受け付けてるってさ		
1602	１００位入りか…	MAP_I_GAN_02 1224	
1604	func00_E_EVENT_END1	MAP_D_CAD_00 424	
1607	func00_E_EVENT_END2	MAP_D_CAD_00 425	
1608	func00_E_EVENT_START1	MAP_D_CAD_00 415	
1619	func00_E_EVENT_START2	MAP_D_CAD_00 417	
1628	くぅ、負けた！	MAP_I_GAN_02 1250	
	結構いい感じで		
	勝ち上がってたのによ		
1631	参加者が多いからなぁ	MAP_I_GAN_02 1253	
	最後までいくのは		
	難しいと思うぜ		
1634	…なあ、これだけ多いと	MAP_I_GAN_02 1256	
	アンチが混じってても		
	気付かないよな		X
	あのタイロンまで		
	アンチだったって話だし		
	有り得るだろ？		
1637	変な話するなよ	MAP_I_GAN_02 1259	
	おれはアンチが嫌いなんだ		
1640	あんな得体の知れない連中	MAP_I_GAN_02 1262	
	誰も好かねえよ！		X
	機構についてりゃ安泰		
	七騎士様万歳だぜ		
1646	…………	MAP_D_CAD_00 242	
1647	func00_E_EVENT_END1	MAP_D_CAD_00 424	
1650	func00_E_EVENT_END2	MAP_D_CAD_00 425	
1651	func00_E_EVENT_START1	MAP_D_CAD_00 415	
1660	func00_E_EVENT_START2	MAP_D_CAD_00 417	
1663	戦侯機構プレゼンツ	MAP_I_GAN_02 1285	
	ザ・９５マッチ！		X
	奇跡の報奨ランクを掛けた		
	このトーナメントも		
	いよいよ大詰めだ！		X
	次の挑戦者は		
	ランク急上昇の猛者ジグ！		
	満を持しての登場だ！		X
	対するは武者修行から		
	帰ってきた暴走娘		
	鋼の腕っ節、ベティ！		
1669	修行の成果	MAP_I_GAN_02 1291	
	試させてもらうぜ！		
1675	勝者ジグ！	MAP_I_GAN_02 1297	
	さすが、流星の勢いで		
	ランクを駆け上る男！		X
	ＯＫ、そのままの勢いで		
	次のバトルに行こう！		X
	お相手は低位の部から		
	勝ち残ってきた男…		X
	己を磨き続ける		
	ザ・ストイックガイ！		
	ビャッケ！！		
1680	またとないチャンスだ	MAP_I_GAN_02 1302	
	今日は勝たせてもらうぞ		
	…姑息な手は抜きでな		
1686	またしても	MAP_I_GAN_02 1308	
	ジグの鮮やかな勝利！		
	これはすごい！		X
	そしてなんと！		
	次が決勝戦となります！		X
	これに勝った者こそ		
	ランク２ケタ…９５位を		
	手にするにふさわしい！		X
	戦士よ、いざ武器を持て！		
	最終決戦の開幕だ！		X
	対戦相手は、突如現れた		
	桃色の流星…		
	ケリーです！！		
1692	師匠！	MAP_I_GAN_02 1314	
1697	おまえは…	MAP_I_GAN_02 1319	
	宿屋の襲撃犯？		
1702	その覚え方ひどいです！	MAP_I_GAN_02 1324	
	もう手を引いたんだから		
	ケリーって呼んでください		
1706	元襲撃犯が	MAP_I_GAN_02 1328	
	こんなところに		
	出てきていいのか？		
1710	しゅ、襲撃犯から	MAP_I_GAN_02 1332	
	はなれてくださいよ…		
1717	わたし、師匠と別れてから	MAP_I_GAN_02 1339	
	ひたすら特訓をしたんです		X
	９５位を手に入れれば		
	師匠に敵うような気がして		
	この大会に出たんですが		X
	まさかこの決勝戦で		
	戦えるなんて！		
	運命的すぎます！		
1723	…それはともかく	MAP_I_GAN_02 1345	
	そろそろ始めたい		
1727	ええ、もちろん！	MAP_I_GAN_02 1349	
	わたし、うんと強く		
	なってますからね！		
1734	師匠を超えて	MAP_I_GAN_02 1356	
	９５位を手に入れます！		
	いざ、勝負です！		
1740	勝者…ジグーッ！	MAP_I_GAN_02 1362	X
	おめでとう、ジグ！		
	いい戦いをありがとう！		X
	彼には報奨として		
	ランク９５位が		
	贈呈されます！！		
1742	なんと輝かしきランク！	MAP_I_GAN_02 1364	
	まさにランカーの星！		X
	これからも		
	機構の戦士として		
	存分に活躍してください！		X
	…では、これにて		
	戦侯機構プレゼンツ		
	９５マッチを終了します		
1743	func00_E_EVENT_END1	MAP_D_CAD_00 424	
1744	func00_E_EVENT_END2	MAP_D_CAD_00 425	
1745	func00_E_EVENT_START1	MAP_D_CAD_00 415	
1746	func00_E_EVENT_START2	MAP_D_CAD_00 417	
1749	優勝おめでとうございます	MAP_I_GAN_02 1371	
	すばらしい戦いでした		X
	主催された七騎士様も		
	きっとお喜びでしょう		
1752	…………	MAP_D_CAD_00 242	
1755	あの激戦では	MAP_I_GAN_02 1377	
	さぞお疲れなのでは？		
	ゆっくりお休みください		
1759	…そうだな	MAP_I_GAN_02 1381	
1761	func00_E_EVENT_END1	MAP_D_CAD_00 424	
1762	func00_E_EVENT_END2	MAP_D_CAD_00 425	
1763	func00_E_EVENT_START1	MAP_D_CAD_00 415	
1766	func00_E_EVENT_START2	MAP_D_CAD_00 417	
1771	ん？	MAP_I_GAN_02 1393	
	何か忘れ物{17}02		X
	って、うわっ！		
	女連れ！？		
1776	いや、これは……	MAP_I_GAN_02 1398	
1780	こ…ここはダメです！	MAP_I_GAN_02 1402	
1781	どこへ行きますか？	MAP_I_GAN_02 1403	
1782	大橋	MAP_I_GAN_02 1404	
1783	バザルタ鉄道駅	MAP_I_GAN_02 1405	
1786	func00_E_EVENT_END1	MAP_D_CAD_00 424	
1787	func00_E_EVENT_END2	MAP_D_CAD_00 425	
1788	func00_E_EVENT_END1	MAP_D_CAD_00 424	
1789	func00_E_EVENT_END2	MAP_D_CAD_00 425	
1790	func00_E_EVENT_START1	MAP_D_CAD_00 415	
1804	func00_E_EVENT_START2	MAP_D_CAD_00 417	
1810	あら、ジグじゃない	MAP_I_GAN_02 1432	
1815	ははーん、なるほどね	MAP_I_GAN_02 1437	
1828	あれ、ジグ	MAP_I_GAN_02 1450	
	今日は女の子と一緒？		
1834	かわいい連れだな	MAP_I_GAN_02 1456	
	最近留守が多かったのは		
	もしかして……		
1838	なんだか思い出すよ	MAP_I_GAN_02 1460	
	昔ぼくとフェオンが		
	同じ人を好きになってね		
1843	…だまっとけ！	MAP_I_GAN_02 1465	
1848	…………	MAP_D_CAD_00 242	
1852	秘密の話は	MAP_I_GAN_02 1474	
	しにくい場所ですね…		X
	もっと静かな場所を		
	探しませんか？		
1854	どこへ行きますか？	MAP_I_GAN_02 1403	
1855	大橋	MAP_I_GAN_02 1404	
1856	バザルタ鉄道駅	MAP_I_GAN_02 1405	
1859	func00_E_EVENT_END1	MAP_D_CAD_00 424	
1860	func00_E_EVENT_END2	MAP_D_CAD_00 425	
1861	func00_E_EVENT_END1	MAP_D_CAD_00 424	
1862	func00_E_EVENT_END2	MAP_D_CAD_00 425	
1863	func00_E_EVENT_START1	MAP_D_CAD_00 415	
1870	func00_E_EVENT_START2	MAP_D_CAD_00 417	
1873	あの…	MAP_I_GAN_02 1495	
	衛兵さんたちに		
	見られています…		X
	他の場所にしましょう		
1880	ヒュゥ！	MAP_I_GAN_02 1502	
	田舎者のふりして		
	隅に置けないな！		
1885	おまえの連れって…	MAP_I_GAN_02 1507	
	今、町で噂の…		
1890	サルバトーレのレンと	MAP_I_GAN_02 1512	
	あんたの組み合わせって		
	運命的だよ！		X
	こりゃあ噂に…		
	し、しないって！		
1896	はん！　彼女くらい	MAP_I_GAN_02 1518	
	おれにだって…		
1900	…………	MAP_D_CAD_00 242	
1901	どこへ行きますか？	MAP_I_GAN_02 1403	
1902	商店デイライト	MAP_I_GAN_02 1524	
1903	上区：噴水広場前	MAP_I_GAN_02 1525	
1906	func00_E_EVENT_END1	MAP_D_CAD_00 424	
1907	func00_E_EVENT_END2	MAP_D_CAD_00 425	
1908	func00_E_EVENT_END1	MAP_D_CAD_00 424	
1909	func00_E_EVENT_END2	MAP_D_CAD_00 425	
1910	func00_E_EVENT_START1	MAP_D_CAD_00 415	
1913	func00_E_EVENT_START2	MAP_D_CAD_00 417	
1916	ジグさん…	MAP_I_GAN_02 1538	
	気が利きませんね		
1921	そうなのか？	MAP_I_GAN_02 1543	
1926	はい、もっと開放的で	MAP_I_GAN_02 1548	
	きれいな場所がいいです		
1930	ふたりきりで	MAP_I_GAN_02 1552	
	話したいんじゃ		
	なかったのか…？		
1932	どこへ行きますか？	MAP_I_GAN_02 1403	
1933	商店デイライト	MAP_I_GAN_02 1524	
1934	上区：噴水広場前	MAP_I_GAN_02 1525	
1937	func00_E_EVENT_END1	MAP_D_CAD_00 424	
1938	func00_E_EVENT_END2	MAP_D_CAD_00 425	
1939	func00_E_EVENT_END1	MAP_D_CAD_00 424	
1940	func00_E_EVENT_END2	MAP_D_CAD_00 425	
1941	func00_E_EVENT_START1	MAP_D_CAD_00 415	
1948	func00_E_EVENT_START2	MAP_D_CAD_00 417	
1951	あ…お気遣いなく！	MAP_I_GAN_02 1573	
	プレゼントなんて		
	いりませんから！		
1954	…………	MAP_D_CAD_00 242	
1960	それよりもジグさん	MAP_I_GAN_02 1582	
	さっきから変な場所ばかり		
	選んでいませんか？		
1964	…悪かったな	MAP_I_BAS_10 920	
1968	責めているわけじゃ	MAP_I_GAN_02 1590	
	ありませんよ		X
	場所、わたしが決めても		
	いいですか？		
1972	ああ、そうしてくれ	MAP_I_GAN_02 1594	
1974	func00_E_EVENT_END1	MAP_D_CAD_00 424	
1975	func00_E_EVENT_END2	MAP_D_CAD_00 425	
1976	シーン初期化	MAP_D_CAD_00 1232	
			
1977	■■■:	MAP_D_MAI_00 556	
1978	■	MAP_D_MAI_00 557	
			
1979	ラキットから戻る～七騎士の間		
			
1983	オブジェクト配置	MAP_D_CAD_00 1233	
			
1984	オブジェクトトラップ配置	MAP_D_CAD_00 1235	
			
1985	マップチェンジトラップ配置	MAP_D_CAD_00 1236	
			
1986	ＮＰＣ配置	MAP_D_CAD_00 1248	
			
1988	鉄道駅員	Attendant	
1996	マキス	MAP_D_CAD_00 1258	
2000	憎々しげなランカー	Hateful Ranker	
2003	へばったランカー	Exhausted Ranker	
2006	悩むランカー	Troubled Ranker	
2009	愚痴を吐くランカー	Grumbling Ranker	
2013	列車をご利用になるには		
	許可証が必要です		X
	一定のランクになるか		
	高位ランカーからの推薦で		
	許可証は発行されます		
2015	人々の夢を乗せて	MAP_D_CAN_00 922	
	今日も行く		X
	愛されて６００年		
	バザルタ鉄道へようこそ		
2017	どこへ行きますか？	MAP_I_GAN_02 1403	
2018	カルキノス荒地	Karkinos Wasteland	
2019	利用しない	Nevermind	
2022	マップジャンプ	MAP_D_CAN_00 929	
			
2025	あなたのご乗車を	MAP_D_CAN_00 932	
	心よりお待ちしております		
	またどうぞ！		
2028	おや、峡谷方面への	You've been given a pass for the Canyon?	
	乗車許可証を		
	お持ちですね？		X
	では、今後は	In that case, you can now ride the train to the Leon Canyon.	
	レオン峡谷行きの列車にも		
	ご乗車いただけます		X
	それで	Well then, where are you going today?	
	本日はどうなさいますか？		
2032	レオン峡谷	Leon Canyon	
2034	マップジャンプ	MAP_D_CAN_00 929	
			
2035	マップジャンプ	MAP_D_CAN_00 929	
			
2042	…列車ドレイは最悪だ		
	イビノスに喰われた方が		
	まだマシってもんだ		
2043	{14}02A6を返してもらいますか？	MAP_D_CAD_00 1299	
2044	はい	MAP_D_CAD_00 432	
2045	いいえ	MAP_D_CAD_00 433	
2049	おう、そうか	MAP_D_KHI_04 324	
2050	{14}02A6を返してもらった	MAP_D_CAD_00 1308	
2052	なんだぁ？	MAP_D_KHI_04 328	
2053	{14}02A6を持っていません	MAP_D_CAD_00 1313	
2055	{14}02A6を渡しますか？	MAP_D_CAD_00 1317	
2059	どうだろうな…	MAP_D_KHI_04 337	
	まだちょっと早いな		
2061	…サシで飲みたいって	MAP_D_KHI_04 341	
	ことだな？		
	よし、もらっとく		
2062	{14}02A6を渡した	MAP_D_CAD_00 1324	
2066	ま、世の中には		
	いろんな儀式があるのさ		
2072	ああ、わかったよ	MAP_D_CAD_00 1306	
2076	どうしたんだい？	MAP_D_CAD_00 1311	
2085	おお…	MAP_D_CAD_00 1322	
	うれしいよ、ジグ！		
	ありがとう！		
2091	歌えよ？		
	いいな、歌えよ？		
2097	…ほらよ	MAP_D_OBT_00 428	
2101	なんだってんだ？	MAP_D_OBT_00 432	
2110	おっと、うれしいねえ	MAP_D_OBT_00 441	
	じゃ、近々邪魔しに		
	行くぜ！		
2116	ジグが無事に戻って		
	うれしいよ、ほんと		
2119	七騎士は…		
	おれたちをコケに		
	しやがった…		
2121	そんな気分になれるかよ！		
	クソッ…！		
2125	イテテテ…		
	でも生きててうれしい…		
2127	ええっ！？		
	容赦なさすぎだよ！		
	無理無理！		
2131	機構にとって		
	おれたちは…		
	なんだったんだ…		
2133	いや…遠慮しておく		
2137	こんなことになったのは		
	アンチが悪いのか…		
	機構が悪いのか…		
2139	いろいろありすぎて		
	大混乱中なんだよ		
	こんなんで戦えるか！		
2141	func00_E_EVENT_START1	MAP_D_CAD_00 415	
2143	func00_E_EVENT_START2	MAP_D_CAD_00 417	
2146	ジグさん…	MAP_I_GAN_02 1538	
	気が利きませんね		
2148	func00_E_EVENT_END1	MAP_D_CAD_00 424	
2150	func00_E_EVENT_END2	MAP_D_CAD_00 425	
2151	イベントトラップ配置	MAP_D_CAD_00 1413	
			
2152	時刻表	MAP_I_GAN_09 539	
2153	鉄道の歌		
			
2157	『ガンドア鉄道時刻表』		
	いくつかの行き先には		
	斜線がひかれている		
2167	ポッドの出迎え		
			
2176	OBJ_NPC00	MAP_D_CAN_00 1060	
			
2178	OBJ_NPC01	MAP_D_CAN_01 562	
			
2180	OBJ_NPC05	MAP_D_SIN_01 1130	
			
2182	OBJ_NPC06		
			
2184	OBJ_NPC07		
			
2186	OBJ_NPC08		
			
2188	OBJ_POD		
			
2190	OBJ_TAI	MAP_D_KHI_04 374	
			
2192	OBJ_MKS	MAP_D_CAN_00 1062	
