0	■■■ func00_DEBUG_SIGN ■■■	MAP_D_CAD_00 0	
			
1	！！！エラー検出用サブルーチンを通りました！！！	MAP_D_CAD_00 1	
			
2	イビノスシンボル配置しない。フラグ：	MAP_D_CAD_00 2	
4	イビノスシンボル配置する。フラグ：	MAP_D_CAD_00 4	
7	ランカーファイル情報更新	MAP_D_CAD_00 7	
			
8	->旧:	MAP_D_CAD_00 8	
9	 追加:	MAP_D_CAD_00 9	
10	 結果:	MAP_D_CAD_00 10	
12	ランク:	MAP_D_CAD_00 12	
15	ランカー戦勝利・戻り値：	MAP_D_CAD_00 15	
17	ランキング戦を申し込みますか？	MAP_D_CAD_00 17	
18	申し込む	MAP_D_CAD_00 18	
19	やめておく	MAP_D_CAD_00 19	
22	イビノスシンボル倒した。フラグON：	MAP_D_CAD_00 22	
25	イビノス戦：イベント終了？	MAP_D_CAD_00 25	
			
26	スクリプト：未知のモーションタイプが指定されました	MAP_D_CAD_00 26	
			
33	***振り向き判定ＰＣ***	MAP_D_CAD_00 33	
			
34	現在:cmn_r0:	MAP_D_CAD_00 34	
36	目標:cmn_r1:	MAP_D_CAD_00 36	
38	差分:cmn_r2:	MAP_D_CAD_00 38	
40	差分＾２:cmn_r3:	MAP_D_CAD_00 40	
42	閾値＾２:cmn_r4:	MAP_D_CAD_00 42	
44	->pc振り向きません	MAP_D_CAD_00 44	
			
45	->pc振り向きます	MAP_D_CAD_00 45	
			
47	***振り向き判定***	MAP_D_CAD_00 47	
			
48	現在:cmn_r0:	MAP_D_CAD_00 34	
50	目標:cmn_r1:	MAP_D_CAD_00 36	
52	差分:cmn_r2:	MAP_D_CAD_00 38	
54	差分＾２:cmn_r3:	MAP_D_CAD_00 40	
56	閾値＾２:cmn_r4:	MAP_D_CAD_00 42	
58	->npc振り向きません	MAP_D_CAD_00 58	
			
59	->npc振り向きます	MAP_D_CAD_00 59	
			
63	ロード待ち開始	MAP_D_CAD_00 63	
			
64	ロード待ち終了	MAP_D_CAD_00 64	
			
65	{15}0C{14}L00000000を	MAP_D_CAD_00 65	
	手に入れた		
66	{15}0E{14}L00000000を	MAP_D_CAD_00 66	
	手に入れた		
67	{15}0F{14}L00000000を	MAP_D_CAD_00 67	
	手に入れた		
68	{15}0D{14}L00000000を	MAP_D_CAD_00 68	
	手に入れた		
69	{15}10{14}L00000000を	MAP_D_CAD_00 69	
	手に入れた		
70	{15}12{14}L00000000を	MAP_D_CAD_00 70	
	手に入れた		
71	{15}11{14}L00000000を	MAP_D_CAD_00 71	
	手に入れた		
72	{15}13{14}L00000000を{1d}L00000001個	MAP_D_CAD_00 72	
	手に入れた		
73	{15}14{14}L00000000を{1d}L00000001個	MAP_D_CAD_00 73	
	手に入れた		
74	{15}14{14}L00000000を	MAP_D_CAD_00 74	
	手に入れた		
75	{15}1B{14}L00000000を	MAP_D_CAD_00 75	
	手に入れた		
76	{14}L00000000を	MAP_D_CAD_00 76	
	手に入れた		
77	{1d}L00000000Ｂを手に入れた	MAP_D_CAD_00 77	
			
78	num_calc：	MAP_D_CAD_00 78	
80	{15}0C{14}L00000000を	MAP_D_CAD_00 80	
	手渡した		
81	{15}0E{14}L00000000を	MAP_D_CAD_00 81	
	手渡した		
82	{15}0F{14}L00000000を	MAP_D_CAD_00 82	
	手渡した		
83	{15}0D{14}L00000000を	MAP_D_CAD_00 83	
	手渡した		
84	{15}10{14}L00000000を	MAP_D_CAD_00 84	
	手渡した		
85	{15}12{14}L00000000を	MAP_D_CAD_00 85	
	手渡した		
86	{15}11{14}L00000000を	MAP_D_CAD_00 86	
	手渡した		
87	{15}13{14}L00000000を{1d}L00000001個	MAP_D_CAD_00 87	
	手渡した		
88	{15}14{14}L00000000を{1d}L00000001個	MAP_D_CAD_00 88	
	手渡した		
89	{15}14{14}L00000000を	MAP_D_CAD_00 89	
	手渡した		
90	{15}1B{14}L00000000を	MAP_D_CAD_00 90	
	手渡した		
91	{14}L00000000を	MAP_D_CAD_00 91	
	手渡した		
			
92	■■ret0■■：	MAP_D_CAD_00 92	
96	■■ret■■：	MAP_D_CAD_00 96	
98	cmn_option:	MAP_D_CAD_00 98	
106	セーブポイント	MAP_D_CAD_00 106	
107	データ削除ユーティリティを起動します	MAP_D_CAD_00 107	
	ゲームプレイデータのセーブには		
	{1d}L00000001KB以上の空き容量が必要です		
108	ネックタイプ：	MAP_D_CAD_00 108	
110	首の初期化	MAP_D_CAD_00 110	
			
111	ネックタイプ：	MAP_D_CAD_00 108	
115	大橋が	MAP_D_CAD_00 115	
	トラベルマップで使用可能になりました		
116	下区：商業区が	MAP_D_CAD_00 116	
	トラベルマップで使用可能になりました		
117	下区：ランカー居住区が	MAP_D_CAD_00 117	
	トラベルマップで使用可能になりました		
118	下区：闘技場前が	MAP_D_CAD_00 118	
	トラベルマップで使用可能になりました		
119	タイロン租界が	MAP_D_CAD_00 119	
	トラベルマップで使用可能になりました		
120	バザルタ出張所前が	MAP_D_CAD_00 120	
	トラベルマップで使用可能になりました		
121	上区：噴水広場前が	MAP_D_CAD_00 121	
	トラベルマップで使用可能になりました		
122	バザルタ本部前が	MAP_D_CAD_00 122	
	トラベルマップで使用可能になりました		
123	フラグ・フィールド：	MAP_D_CAD_00 123	
125	フラグ・フィールド：	MAP_D_CAD_00 123	
127	ガンドアが	MAP_D_CAD_00 127	
	トラベルマップで使用可能になりました		
128	カンタレラが	MAP_D_CAD_00 128	
	トラベルマップで使用可能になりました		
129	トーロ荒地が	MAP_D_CAD_00 129	
	トラベルマップで使用可能になりました		
130	リブラ森林が	MAP_D_CAD_00 130	
	トラベルマップで使用可能になりました		
131	マイヤールの森が	MAP_D_CAD_00 131	
	トラベルマップで使用可能になりました		
132	ベリエ街道が	MAP_D_CAD_00 132	
	トラベルマップで使用可能になりました		
133	ドネイ回廊が	MAP_D_CAD_00 133	
	トラベルマップで使用可能になりました		
134	ウィルゴー砂漠が	MAP_D_CAD_00 134	
	トラベルマップで使用可能になりました		
135	カドモール水源が	MAP_D_CAD_00 135	
	トラベルマップで使用可能になりました		
136	カルキノス荒地が	MAP_D_CAD_00 136	
	トラベルマップで使用可能になりました		
137	ラ・キット遺跡が	MAP_D_CAD_00 137	
	トラベルマップで使用可能になりました		
138	レオン峡谷が	MAP_D_CAD_00 138	
	トラベルマップで使用可能になりました		
139	ソダー回廊が	MAP_D_CAD_00 139	
	トラベルマップで使用可能になりました		
140	ニシュラ氷河が	MAP_D_CAD_00 140	
	トラベルマップで使用可能になりました		
141	いにしえの回廊が	MAP_D_CAD_00 141	
	トラベルマップで使用可能になりました		
142	フィッシェ街道が	MAP_D_CAD_00 142	
	トラベルマップで使用可能になりました		
143	レゾナール海岸が	MAP_D_CAD_00 143	
	トラベルマップで使用可能になりました		
144	ケイロニア高原が	MAP_D_CAD_00 144	
	トラベルマップで使用可能になりました		
145	ケイロニア砦が	MAP_D_CAD_00 145	
	トラベルマップで使用可能になりました		
146	サルバトーレ離宮が	MAP_D_CAD_00 146	
	トラベルマップで使用可能になりました		
147	リストにないよ？	MAP_D_CAD_00 147	
			
148	_case:	MAP_D_CAD_00 148	
151	「討伐修練【低位１】」の	MAP_D_CAD_00 151	
	クリア条件を満たした！		
152	「討伐修練【低位２】」の	MAP_D_CAD_00 152	
	クリア条件を満たした！		
153	「討伐修練【低位３】」の	MAP_D_CAD_00 153	
	クリア条件を満たした！		
154	「討伐修練【低位４】」の	MAP_D_CAD_00 154	
	クリア条件を満たした！		
155	「討伐修練【低位５】」の	MAP_D_CAD_00 155	
	クリア条件を満たした！		
156	「討伐修練【中位１】」の	MAP_D_CAD_00 156	
	クリア条件を満たした！		
157	「討伐修練【中位２】」の	MAP_D_CAD_00 157	
	クリア条件を満たした！		
158	「討伐修練【高位１】」の	MAP_D_CAD_00 158	
	クリア条件を満たした！		
159	「討伐修練【高位２】」の	MAP_D_CAD_00 159	
	クリア条件を満たした！		
160	「薬草探しの代理人」の	MAP_D_CAD_00 160	
	クリア条件を満たした！		
161	「新商品開発の手伝い」の	MAP_D_CAD_00 161	
	クリア条件を満たした！		
162	「蒼の指環を求めて」の	MAP_D_CAD_00 162	
	クリア条件を満たした！		
163	「雪中の贈り物」の	MAP_D_CAD_00 163	
	クリア条件を満たした！		
164	「加護あることを祈って」の	MAP_D_CAD_00 164	
	クリア条件を満たした！		
165	「追想の白い花」の	MAP_D_CAD_00 165	
	クリア条件を満たした！		
166	「来れ、好運の使者！」の	MAP_D_CAD_00 166	
	クリア条件を満たした！		
167	「武術指南のお願い」の	MAP_D_CAD_00 167	
	クリア条件を満たした！		
168	「行方不明の従業員」の	MAP_D_CAD_00 168	
	クリア条件を満たした！		
169	「スキルチップ収集中」の	MAP_D_CAD_00 169	
	クリア条件を満たした！		
170	「盗難品の行方は」の	MAP_D_CAD_00 170	
	クリア条件を満たした！		
171	「資料集めのアシスタント」の	MAP_D_CAD_00 171	
	クリア条件を満たした！		
172	「河畔の生態系調査」の	MAP_D_CAD_00 172	
	クリア条件を満たした！		
173	「新人官吏を捕獲せよ」の	MAP_D_CAD_00 173	
	クリア条件を満たした！		
174	「黒い積荷の回収」の	MAP_D_CAD_00 174	
	クリア条件を満たした！		
175	「悪徳商売を抑止せよ」の	MAP_D_CAD_00 175	
	クリア条件を満たした！		
176	「新人ランカー襲撃事件」の	MAP_D_CAD_00 176	
	クリア条件を満たした！		
177	「優しい猛者、募集中」の	MAP_D_CAD_00 177	
	クリア条件を満たした！		
178	「異郷からきた尋ね人」の	MAP_D_CAD_00 178	
	クリア条件を満たした！		
179	「勇壮なる護衛の依頼」の	MAP_D_CAD_00 179	
	クリア条件を満たした！		
180	「赫の指環を求めて」の	MAP_D_CAD_00 180	
	クリア条件を満たした！		
181	「闘技場の害獣駆除」の	MAP_D_CAD_00 181	
	クリア条件を満たした！		
182	「回覧板配達人」の	MAP_D_CAD_00 182	
	クリア条件を満たした！		
183	「討伐修練【緊急】」の	MAP_D_CAD_00 183	
	クリア条件を満たした！		
184	「鉱物資源の収集【緊急】」の	MAP_D_CAD_00 184	
	クリア条件を満たした！		
185	「タリー石を探せ」の	MAP_D_CAD_00 185	
	クリア条件を満たした！		
186	「甘梅草を探せ」の	MAP_D_CAD_00 186	
	クリア条件を満たした！		
187	「衛兵の剣の没収」の	MAP_D_CAD_00 187	
	クリア条件を満たした！		
188	「衛兵の剣の返却」の	MAP_D_CAD_00 188	
	クリア条件を満たした！		
189	「森のイビノス駆除【重大】」の	MAP_D_CAD_00 189	
	クリア条件を満たした！		
190	「回廊のイビノス駆除【重大】」の	MAP_D_CAD_00 190	
	クリア条件を満たした！		
191	「七騎士認定修練【重大】」の	MAP_D_CAD_00 191	
	クリア条件を満たした！		
192	ガンドアが	MAP_D_CAD_00 192	
	トラベルマップで通行可能になりました		
193	ガンドアが	MAP_D_CAD_00 193	
	トラベルマップで通行不能になりました		
194	カンタレラが	MAP_D_CAD_00 194	
	トラベルマップで通行可能になりました		
195	カンタレラが	MAP_D_CAD_00 195	
	トラベルマップで通行不能になりました		
196	トーロ荒地が	MAP_D_CAD_00 196	
	トラベルマップで通行可能になりました		
197	トーロ荒地が	MAP_D_CAD_00 197	
	トラベルマップで通行不能になりました		
198	リブラ森林が	MAP_D_CAD_00 198	
	トラベルマップで通行可能になりました		
199	リブラ森林が	MAP_D_CAD_00 199	
	トラベルマップで通行不能になりました		
200	マイヤールの森が	MAP_D_CAD_00 200	
	トラベルマップで通行可能になりました		
201	マイヤールの森が	MAP_D_CAD_00 201	
	トラベルマップで通行不能になりました		
202	ベリエ街道が	MAP_D_CAD_00 202	
	トラベルマップで通行可能になりました		
203	ベリエ街道が	MAP_D_CAD_00 203	
	トラベルマップで通行不能になりました		
204	ドネイ回廊が	MAP_D_CAD_00 204	
	トラベルマップで通行可能になりました		
205	ドネイ回廊が	MAP_D_CAD_00 205	
	トラベルマップで通行不能になりました		
206	ウィルゴー砂漠が	MAP_D_CAD_00 206	
	トラベルマップで通行可能になりました		
207	ウィルゴー砂漠が	MAP_D_CAD_00 207	
	トラベルマップで通行不能になりました		
208	カドモール水源が	MAP_D_CAD_00 208	
	トラベルマップで通行可能になりました		
209	カドモール水源が	MAP_D_CAD_00 209	
	トラベルマップで通行不能になりました		
210	カルキノス荒地が	MAP_D_CAD_00 210	
	トラベルマップで通行可能になりました		
211	カルキノス荒地が	MAP_D_CAD_00 211	
	トラベルマップで通行不能になりました		
212	ラ・キット遺跡が	MAP_D_CAD_00 212	
	トラベルマップで通行可能になりました		
213	ラ・キット遺跡が	MAP_D_CAD_00 213	
	トラベルマップで通行不能になりました		
214	レオン峡谷が	MAP_D_CAD_00 214	
	トラベルマップで通行可能になりました		
215	レオン峡谷が	MAP_D_CAD_00 215	
	トラベルマップで通行不能になりました		
216	ソダー回廊が	MAP_D_CAD_00 216	
	トラベルマップで通行可能になりました		
217	ソダー回廊が	MAP_D_CAD_00 217	
	トラベルマップで通行不能になりました		
218	ニシュラ氷河が	MAP_D_CAD_00 218	
	トラベルマップで通行可能になりました		
219	ニシュラ氷河が	MAP_D_CAD_00 219	
	トラベルマップで通行不能になりました		
220	いにしえの回廊が	MAP_D_CAD_00 220	
	トラベルマップで通行可能になりました		
221	いにしえの回廊が	MAP_D_CAD_00 221	
	トラベルマップで通行不能になりました		
222	フィッシェ街道が	MAP_D_CAD_00 222	
	トラベルマップで通行可能になりました		
223	フィッシェ街道が	MAP_D_CAD_00 223	
	トラベルマップで通行不能になりました		
224	レゾナール海岸が	MAP_D_CAD_00 224	
	トラベルマップで通行可能になりました		
225	レゾナール海岸が	MAP_D_CAD_00 225	
	トラベルマップで通行不能になりました		
226	ケイロニア高原が	MAP_D_CAD_00 226	
	トラベルマップで通行可能になりました		
227	ケイロニア高原が	MAP_D_CAD_00 227	
	トラベルマップで通行不能になりました		
228	ケイロニア砦が	MAP_D_CAD_00 228	
	トラベルマップで通行可能になりました		
229	ケイロニア砦が	MAP_D_CAD_00 229	
	トラベルマップで通行不能になりました		
230	サルバトーレ離宮が	MAP_D_CAD_00 230	
	トラベルマップで通行可能になりました		
231	サルバトーレ離宮が	MAP_D_CAD_00 231	
	トラベルマップで通行不能になりました		
232	リストにないよ？	MAP_D_CAD_00 147	
			
233	func00_E_EVENT_START1	MAP_D_CAD_00 415	
237	func00_E_EVENT_START2	MAP_D_CAD_00 417	
240	ンマッ！	MAP_D_KOU_00 351	
	きみ、修練を受けに来た		
	ランカーくん？		
244	どんな修練だ？	MAP_D_CAD_00 912	
248	盗難事件の解決よ！	MAP_D_KOU_00 359	
250	修練「盗難品の行方は」	MAP_D_KOU_00 361	
	に参加しますか？		
251	参加する	MAP_D_CAD_00 919	
252	参加しない	MAP_D_CAD_00 920	
257	それじゃはやく	MAP_D_KOU_00 368	
	この問題を解決して		
	ちょうだいっ！		
259	もう、怒りと悲しみと	MAP_D_KOU_00 370	
	焦りと不安で		
	どうにかなりそう！		
263	落ち着いてくれ	MAP_D_KOU_00 374	
	何がどうなったんだ？		
267	盗まれたのよ！	MAP_D_KOU_00 378	
	ウチの大事な商品が！		
	たっか～い盾が！		
269	しかもね、犯人は	MAP_D_KOU_00 380	
	愉快犯らしいのよ！		
271	こんなメモ残して！	MAP_D_KOU_00 382	
	ムキィィィッ！		
273	鉄道の駅に掛けられた表	MAP_D_KOU_00 384	
	記された数字の羅列は		
	旅立ちの時刻を示す		
276	これは…	MAP_D_KOU_00 387	
	どういうことだ？		
280	ンマッ、知らないわよ！	MAP_D_KOU_00 391	
	それを解読するのが		
	きみの役目じゃない		
284	高位ランカーなんだから	MAP_D_KOU_00 395	
	これくらい楽勝でしょ！？		
	信じてるからね！		
286	func00_E_EVENT_END1	MAP_D_CAD_00 424	
288	func00_E_EVENT_END2	MAP_D_CAD_00 425	
291	なによ！	MAP_D_KOU_00 402	
	違うなら話しかけないで		
293	func00_E_EVENT_END1	MAP_D_CAD_00 424	
294	func00_E_EVENT_END2	MAP_D_CAD_00 425	
295	func00_E_EVENT_START1	MAP_D_CAD_00 415	
297	func00_E_EVENT_START2	MAP_D_CAD_00 417	
299	……ん？	MAP_D_KOU_00 410	
	すみに何か書いてある		
300	ランカーたちが憩う水辺	MAP_D_KOU_00 411	
	並べられたテーブル		
	そのいずれかを調べよ		
301	func00_E_EVENT_END1	MAP_D_CAD_00 424	
302	func00_E_EVENT_END2	MAP_D_CAD_00 425	
303	func00_E_EVENT_START1	MAP_D_CAD_00 415	
305	func00_E_EVENT_START2	MAP_D_CAD_00 417	
307	テーブルクロスの下に	MAP_D_KOU_00 418	
	何か入ってるな		
308	白のベッドが並ぶ、病と傷を治す場所	MAP_D_KOU_00 419	
	治癒の女神に贈られたのは		
	窓辺を飾る赤い花		
309	func00_E_EVENT_END1	MAP_D_CAD_00 424	
310	func00_E_EVENT_END2	MAP_D_CAD_00 425	
311	func00_E_EVENT_START1	MAP_D_CAD_00 415	
313	func00_E_EVENT_START2	MAP_D_CAD_00 417	
315	花瓶の中に	MAP_D_KOU_00 426	
	何か入ってる…		
316	民家の先にたたずむ、戦いの聖地	MAP_D_KOU_00 427	
	戦士たちが控える部屋の		
	片隅にひっそりと置かれた本		
317	func00_E_EVENT_END1	MAP_D_CAD_00 424	
318	func00_E_EVENT_END2	MAP_D_CAD_00 425	
319	func00_E_EVENT_START1	MAP_D_CAD_00 415	
321	func00_E_EVENT_START2	MAP_D_CAD_00 417	
323	………？	MAP_D_KOU_00 434	
	紙がはさまってる		
324	ベアっち	MAP_D_KOU_00 435	
325	func00_E_EVENT_END1	MAP_D_CAD_00 424	
326	func00_E_EVENT_END2	MAP_D_CAD_00 425	
327	func00_E_EVENT_START1	MAP_D_CAD_00 415	
329	func00_E_EVENT_START2	MAP_D_CAD_00 417	
331	ベアっち…	MAP_D_KOU_00 442	
	きっとこの中に…		
333	あった、メモだ！	MAP_D_KOU_00 444	
334	トーロの荒地でおまえを待つ	MAP_D_KOU_00 445	
335	func00_E_EVENT_END1	MAP_D_CAD_00 424	
336	func00_E_EVENT_END2	MAP_D_CAD_00 425	
337	func00_E_EVENT_START1	MAP_D_CAD_00 415	
341	func00_E_EVENT_START2	MAP_D_CAD_00 417	
344	驚いたな	MAP_D_KOU_00 455	
	きみは見かけよりも		
	機知に富んでいるらしい		
348	おまえが盾を盗んだ	MAP_D_KOU_00 459	
	犯人か？		
352	ああそうさ	MAP_D_KOU_00 463	
354	最近、どうにも頭の悪い	MAP_D_KOU_00 465	
	ランカーが増えてきてね		
356	あまりの愚鈍さに	MAP_D_KOU_00 467	
	腹立たしさすら覚えたから		
	おちょくったのさ		
358	正直、子ども向けの	MAP_D_KOU_00 469	
	ナゾナゾだったが		
	解けない奴よりきみは賢い		
362	賢い…か	MAP_D_KOU_00 473	
	はじめて言われたな		
366	おや、それはおめでとう	MAP_D_KOU_00 477	
	これは記念に		
	持っていくといい		
371	さあ、きみはどうするね？	MAP_D_KOU_00 482	
	それを持って帰るかい？		
375	おまえは盗人だ	MAP_D_KOU_00 486	
	だから…		
379	はっ、そうこなくてはな！	MAP_D_KOU_00 490	
381	剣の扱いも	MAP_D_KOU_00 492	
	師を超えて久しく		
	とても退屈していたんだ		
383	負けたらおとなしく	MAP_D_KOU_00 494	
	バザルタに出頭しよう		
388	さあ、賢い青年よ	MAP_D_KOU_00 499	
	試験の時間だ		
393	なるほど、知能以上に	MAP_D_KOU_00 504	
	腕が立つというわけか…		
395	まいったよ	MAP_D_KOU_00 506	
	おとなしく降参しよう		
397	わたしはこのまま	MAP_D_KOU_00 508	
	バザルタに事情を話しに		
	行こうと思う		
399	その盾は	MAP_D_KOU_00 510	
	きみから返しておいて		
	もらえないだろうか		
401	…大変すまないことをした	MAP_D_KOU_00 512	
	と添えてね		
405	…わかった	MAP_D_DNE_04 1319	
409	うん	MAP_D_KOU_00 520	
	では失礼するよ		
415	func00_E_EVENT_END1	MAP_D_CAD_00 424	
416	func00_E_EVENT_END2	MAP_D_CAD_00 425	
417	func00_E_EVENT_START1	MAP_D_CAD_00 415	
421	func00_E_EVENT_START2	MAP_D_CAD_00 417	
424	ンマッ！	MAP_D_KOU_00 535	
	それはウチの盾！！		
429	まあまあまあ！	MAP_D_KOU_00 540	
	ありがとランカーくん！		
433	犯人はバザルタに出頭した	MAP_D_KOU_00 544	
	すまなかったと		
	言っていた		
437	ンマッ、当然よ！	MAP_D_KOU_00 548	
439	もー、二度とこんなことが	MAP_D_KOU_00 550	
	おきないように		
	警備を強化しなきゃ		
441	じゃあこれ、報奨ね	MAP_D_KOU_00 552	
	ありがたく使って		
446	じゃあこの盾を	MAP_D_KOU_00 557	
	保管庫に戻しにいくわ		
	チャオ！		
450	func00_E_EVENT_END1	MAP_D_CAD_00 424	
451	func00_E_EVENT_END2	MAP_D_CAD_00 425	
452	func00_E_EVENT_START1	MAP_D_CAD_00 415	
456	func00_E_EVENT_START2	MAP_D_CAD_00 417	
459	おれの修練は		
	５７０００位を超えた		
	ランカーを対象にしてる		X
	それくらいじゃないと		
	おれの望む結果が		
	得られないんだ		
461	func00_E_EVENT_END1	MAP_D_CAD_00 424	
462	func00_E_EVENT_END2	MAP_D_CAD_00 425	
465	まさか…	Are you here to take my training mission!?	
	修練参加者か！？		
469	どんな修練だ？	MAP_D_CAD_00 912	
473	おれと戦ってほしい！		
	それだけだ！！		
475	修練「優しい猛者、募集中」	Participate in training mission "Must Be Kind and Strong"?	
	に参加しますか？		
476	参加する	MAP_D_CAD_00 919	
477	参加しない	MAP_D_CAD_00 920	
482	変わった修練だな	This training is a bit odd. Do you just want to fight a ranking battle?	
	ランキング戦をしたいって		
	だけだろ？		
486	ああ、そうだ！	That's right!	
488	おれは嘘やインチキが	I hate liars and cheats, so I won't go easy on you.	
	大嫌いだ！		
	だから手は抜かない		
490	だけどおまえは	I want you to beat me senseless!	
	おれをボコボコに		
	してくれ！		
494	…はぁ？	Huh?	
496	高位ランカーに勝負を	Why not challenge someone of higher rank?	
	挑むだけじゃダメなのか？		
500	おれの中で、勝負とは	I want to let the opponent determine when the match happens.	
	「受けて立つ」ものだ！		
	自分からは誘わない		
502	なぜなら！	Because I don't want my opponents	
	おれが勝ったときに		
504	タイミングが悪かったと	to be able to use bad timing as an excuse when I win.	
	言い訳をされたく		
	ないからだ！		
508	あんたも	You sound like nothing but trouble.	
	面倒くさいタイプか…		
512	さあ、やるぞ！	Now, let's get serious! Come at with all your strength!	
	真剣に、全力で		
	勝負をしよう！		
514	望みの結果を得るために	In order to fulfill my request, you need to break me at least three times.	
	最低３回は		
	おれをブレイクしてくれ！		
520	それじゃ、いくぞ！	Let's do this! Beat the crap out of me!	
	いい具合にボコボコに		
	してくれよな！		
526	はぁ…はぁっ…	Haa, haa...	
528	おれは…	Did you fight with all your strength?	
	全力で戦ったよな？		
531	ああ	Yeah.	
534	どう見ても	Do you see how beat up I am?	
	満身ソーイだよな？		
537	あ、ああ…？	Uh, yes?	
540	よし、病院に…	Then please...take me to the hospital!	
	病院に連れていってくれ！		
544	func00_E_EVENT_END1	MAP_D_CAD_00 424	
545	func00_E_EVENT_END2	MAP_D_CAD_00 425	
548	思わせぶりなことは		
	やめてくれよ		
550	func00_E_EVENT_END1	MAP_D_CAD_00 424	
551	func00_E_EVENT_END2	MAP_D_CAD_00 425	
552	func00_E_EVENT_START1	MAP_D_CAD_00 415	
556	func00_E_EVENT_START2	MAP_D_CAD_00 417	
559	ったくアンタは…	Geez, you...	
561	薬を用意してやるから	I'll prepare some medicine. You just rest for a second.	
	しばらくそこで		
	休んでなよ！		
564	はいっ、先生！！！	Yes, ma'am!	
567	…………	MAP_D_CAD_00 242	
570	体中が痛い…	My whole body hurts, but this pain is what I call happiness!	
	でもこれは		
	幸せを呼ぶ痛み…！		
573	あんた、医者に	Did you stage all this just so you could visit the doctor?	
	かかりたかったのか？		
577	ああ、そうさ	Yeah. I wanted some of her tender loving care.	
	先生に看病して		
	もらいたい一心で		
579	修練を出し	That's why I had you come here to fight me.	
	おまえと戦って		
	ここまできた		
581	…そして今おれは	And now I've gotten my wish!	
	先生の手厚い看護を		
	うけている！		
583	すばらしい…	She's such a wonderful woman...I'm so happy.	
	とても幸せだ…		
585	思い残すことなく	I should give you your reward while I'm thinking about it.	
	報奨を渡せるよ		
588	いいのか、それで	Are you sure you want to give me this?	
591	おれが幸せなんだ	You've made me happy, so it's nothing. Here, take it.	
	これ以上のことはない		
	さあ、受け取ってくれ		
594	…退院したら	Will you fight me again once I'm discharged?	
	また戦ってくれるか？		
597	勘弁してくれ…	I'll pass...	
599	func00_E_EVENT_END1	MAP_D_CAD_00 424	
603	func00_E_EVENT_END2	MAP_D_CAD_00 425	
604	func00_E_EVENT_START1	MAP_D_CAD_00 415	
605	func00_E_EVENT_START2	MAP_D_CAD_00 417	
607	あ、ジグさん！	Oh, Zig!	
611	アイリスか	Iris? How did things turn out for you?	
	…結局どうしたんだ？		
615	いろいろ考えて	I thought about it for a while and came to a decision.	
	答えを出しました		X
	それを話したくて	I've been looking for you so I could tell you about it.	
	ちょうどジグさんを		
	探していたんです		X
	…声をかけてくれて	Thanks for coming to talk to me.	
	ありがとうございます		
619	ああ…	No problem.	
623	わたし…	I'm not giving up on becoming a ranker,	
	ランカーになるのは		
	あきらめません		X
	でも、今仲間の	but I can't stand the fact that I'm of no use to my comrades.	
	役に立てなかったら		
	絶対に後悔するから…		X
	だから、今できることも	I want to find something that I can do.	
	見つけたいんです		X
	…欲張りだと	Do you think that's selfish of me?	
	思いますか？		
627	自分で決めたなら…	If that's what you really want, then you should give it a try.	
	やってみればいい		
631	…ありがとうございます	Thanks.	X
	ジグさんに	If you think it's a good idea, then it's decided.	
	そう言われたんだから		
	もう逃げ道はないですね		X
	わたし	I'll do my best from now on.	
	がんばりますから…		X
	だから、一緒に	To start off, there's someplace I'd like to take you.	
	きてほしいところが		
	あるんです！		X
	危険な場所じゃありません	It's not a dangerous place, but it's somewhere I've been planning to go for a while.	
	だから…その…		
	予定があいてるのなら…		
633	どうしますか？	What will you do?	
634	一緒に行く	Go with her.	
635	少し待ってくれ	Not yet.	
640	あ…ありがとう	Th-Thanks!	
	ございます！		X
	では、こちらへ	Come with me.	
642	func00_E_EVENT_END1	MAP_D_CAD_00 424	
643	func00_E_EVENT_END2	MAP_D_CAD_00 425	
646	そうですよね…		
	突然こんなこと…		X
	わたし、ここにいるので		
	気が変わったら		
	声をかけてください		
648	func00_E_EVENT_END1	MAP_D_CAD_00 424	
649	func00_E_EVENT_END2	MAP_D_CAD_00 425	
650	func00_E_EVENT_START1	MAP_D_CAD_00 415	
651	func00_E_EVENT_START2	MAP_D_CAD_00 417	
653	一緒に出かけて		
	くれますか？		
655	アイリスと出かけますか？		
656	はい	MAP_D_CAD_00 432	
657	いいえ	MAP_D_CAD_00 433	
662	あ…ありがとう	MAP_I_GAN_04 640	
	ございます！		X
	では、こちらへ		
664	func00_E_EVENT_END1	MAP_D_CAD_00 424	
665	func00_E_EVENT_END2	MAP_D_CAD_00 425	
668	そうですか…		
670	func00_E_EVENT_END1	MAP_D_CAD_00 424	
671	func00_E_EVENT_END2	MAP_D_CAD_00 425	
672	func00_E_EVENT_START1	MAP_D_CAD_00 415	
681	func00_E_EVENT_START2	MAP_D_CAD_00 417	
686	来たかった場所って…	Is this where you wanted to take me?	
	ここなのか？		
690	はい	Yes.	X
	ケガの手当てならば	I think treating the injured might be my calling,	
	わたしも役に立てると		
	思ったんです		X
	だから、ここで本格的に	so I've come here to ask the doctor to give me some lessons.	
	教えてもらおうと…		
698	何か用かい？	Do you need something? You don't look like a patient.	
	患者にはみえないが…		
703	あの！！	Um, will you teach me some basic medical skills?	
	わたしに、簡単な医術を		
	教えてくれませんか？		X
	もっとしっかり	I want to be able to treat my comrades' injuries!	
	仲間を手当てできるように		
	なりたいんです！		
707	いきなりだねぇ…	This is rather sudden.	X
	けど、医術っていったって	There are a lot of different medical skills.	
	よりどりみどりだ		X
	ケガの応急処置くらいなら	I think first aid might be a good place to start.	
	教えてやれるが…		
711	はい、ぜひそれを！	That's fine! I appreciate it.	
	よろしくお願いします		
715	…わかったよ	Okay, come over here and we'll get started.	
	教えてやるから		
	こっちに来な		
720	まず、傷口に	First, you need to stop bacteria from getting into the wound.	
	菌がはいらないように…		
724	なるほど…	I see.	
729	ああ、違う違う！	No, not that way! It'll leave a scar. Your comrades are girls, right?	
	それじゃ痕がのこるよ		
	仲間は女の子なんだろ？		
732	は、はいっ！	Y-Yes!	
741	うん、なかなか	Wow, you learn quickly.	
	飲み込みが早いね		
745	ありがとうございます	Thanks. Will you teach me some other treatments?	
	他の処置法も		
	教えてもらえますか？		
750	よし！	Great! You've learned the basics.	
	基本は大体教えたよ		X
	これで簡単な応急処置なら	You shouldn't have a problem giving simple first aid now.	
	問題なくできるはずさ		
754	ありがとうございます	It's all thanks to you.	
	先生のおかげです		
758	ったく、可愛いことを	You're too kind.	
	言ってくれるね		X
	よし、じゃあ最後に	OK! There's one more thing I want to teach you.	
	特別な技を教えてやろう		X
	傷の手当てではないが	It has nothing to do with medical treatment, but I'm sure your comrades will love it.	
	仲間にやってやると		
	喜ばれるはずだ		X
	さて、誰か仲間役は…	Right, then who will play the role of your comrade?	
764	よし、そこのあんた	Hey, you. Come over here!	
	こっちへきな！		
771	…おれか？	Me?	
775	そうだよ	Yes. Don't worry. This isn't anything dangerous.	
	大丈夫、危険なことは		
	何もないからさ		
780	…………	......	X
	アイリス、これのために	Iris, is this why you brought me here?	
	おれを？		
785	ち、ちがいます！	N, not at all! I just wanted you to watch.	
	ただ見ていてほしくて…		
789	はいはい！	Seriously, there's nothing to worry about, so hurry up and sit down.	
	何でもいいから早くしな		
796	まずはここを	First, you push this spot here...	
	押してだな…		
798	ぐっ…！？	Eh!?	
800	じ、ジグさん！？	Z-Zig!?	
802	あんたの体、硬いねぇ…	Your body is really stiff. We need to loosen you up a bit so you can become stronger.	
	強くなりたきゃ		
	もっと体をほぐしなよ		
804	ぐあっ！！！	Gwah!!!	
806	ほら、次はあんたが	Now, you try the next one.	
	やってみるんだ		
808	は、はい…	O-Okay...	
810	くっ…っ…！	Ha..ha..ha...H, hey, wait...	
	ちょ、ちょっと待…		
812	ほら、力の加減が	Hey, don't do it half-assed, or it'll tickle.	
	中途半端だから		
	くすぐったがってるぞ		
814	えっ！？	Eh!? S, sorry!	
	あ、ご、ごめんなさい！		
816	もっと思い切り	Put your back into it!	
	力をいれて！		
818	は、はい！	R-Right!	X
	それっ！	Here I go!	
820	っだぁぁぁぁっ！？	Arrrghhh!?	
825	何が…何が…	What...was that about it not being dangerous?	
	危険なことはない、だ…		
829	情けないねぇ	What's the problem? Her massage was so good it made you scream.	
	女の子のマッサージで		
	悲鳴をあげるなんてさ		
832	…………	MAP_D_CAD_00 242	
835	でも、体は軽く	Seriously, doesn't your body feel lighter now?	
	なっただろ？		
839	それは、確かに…	Well, I suppose it does...	
843	なんたって	That was my signature technique.	
	このあたし直伝だからね		
849	アイリス、これからも	Iris, feel free to come by again.	
	時々ここへ来るといい		X
	手が空いていたら	If I'm available, I'll teach you some more.	
	色々教えてあげるよ		
853	…はいっ！	Okay!	
855	func00_E_EVENT_END1	MAP_D_CAD_00 424	
856	func00_E_EVENT_END2	MAP_D_CAD_00 425	
857	func00_E_EVENT_START1	MAP_D_CAD_00 415	
860	func00_E_EVENT_START2	MAP_D_CAD_00 417	
863	あの…ごめんなさい…	Uh, sorry about that...	
867	…気はすんだのか？	Do you feel better now?	
871	はい	Yeah. I learned a lot today.	
	いろんなことを		
	学ぶことができました		X
	これで今までよりも	Now I have the confidence to help my comrades when they need me.	
	自信をもって		
	仲間のために働けます		
875	…そうか	I'm glad.	
	よかったな		
880	ジグさんには	I can't thank you enough for this.	
	お礼をしきれないくらい		
	感謝しています		X
	あのときジグさんが	When you took my training mission, you showed me a new path in life.	
	修練をうけて		
	道を示してくれたから		X
	今のこの…	Now, I feel like a stronger person.	
	強い気持ちがあるんです		X
	ありがとう	Thanks, Zig.	
	ジグさん		
885	…ああ	No problem.	
890	わたし、呼んでくれれば	If you're hurt, call me and I'll treat your injuries.	
	ジグさんの手当てに		
	飛んでいきます！		
894	…断る	I refuse.	
898	そ、そうですか	Really? Oh, I get it. I'm not really all that good yet.	
	いえ、そうですよね		
	今のわたしの技じゃ…		X
	ジグさん、わたし	Zig, I'm going to stick to this and get better!	
	精進します！		X
	さっきの場所にいるので	I'll be where I was before, so you can find me there if you want to talk.	
	気が向いたら		
	呼んでくださいね		X
	今日は長い時間	Thanks for spending so long with me today.	
	ありがとうございました		X
	これ、お礼です	Take this as thanks.	
903	それでは、ジグさん	Be careful, Zig.	
	お気をつけて！		
906	func00_E_EVENT_END1	MAP_D_CAD_00 424	
907	func00_E_EVENT_END2	MAP_D_CAD_00 425	
908	シーン初期化	MAP_D_CAD_00 1232	
			
910	オブジェクト配置	MAP_D_CAD_00 1233	
			
911	オブジェクトトラップ配置	MAP_D_CAD_00 1235	
			
912	マップチェンジトラップ配置	MAP_D_CAD_00 1236	
			
913	ＮＰＣ配置	MAP_D_CAD_00 1248	
			
915	ドリーナ医師		
921	薬売りの看護師		
923	教える看護師		
925	func00_E_EVENT_START1	MAP_D_CAD_00 415	
929	func00_E_EVENT_START2	MAP_D_CAD_00 417	
932	先生、アイリスが…		
935	…知ってる		
	あたしが死亡確認した		
937	…………	MAP_D_CAD_00 242	
939	言葉にすると当たり前だが		
	死ぬ奴は死ぬし		
	生きる奴は生きるんだ		X
	それはもう		
	誰にも干渉できない事実さ		X
	あんたにできるのは		
	普通に生きて		
	やるべきことをするのみだ		X
	彼女はおまえの幸せを		
	願っていたんだから		
	それで十分だろう		
942	そう…かもな……		
944	func00_E_EVENT_END1	MAP_D_CAD_00 424	
947	func00_E_EVENT_END2	MAP_D_CAD_00 425	
950	寄宿舎は隣だよ		
	こっちは病院！		
952	ここでは薬の販売と		
	応急処置の指導を		
	行ってるよ		X
	…あたしじゃなくて		
	あっちの看護師たちがね		
954	重大修練のときは		
	はしゃぎすぎる奴が		
	必ず出るんだよ		X
	ったく、手当てする身にも		
	なってほしいもんだ		
956	最近、毒を操るランカーが		
	森林に出没するらしいぞ		X
	文字通り		
	毒牙にかからないように		
	あんたも気をつけるんだね		
958	どうした？		
	修練に失敗したか？		
960	タイロン一家とは		
	また厄介なところに		
	入ったもんだね		X
	まあ、うちは		
	来る患者拒まずだから		
	関係ないけどね		
962	過度の精神的ショックを		
	受けた覚えはあるかい？		
964	…………	MAP_D_CAD_00 242	
966	診察するまでもない		
	必要なら安定剤か何かを		
	出してやろうか？		
969	…いらない		
972	そうか…		
	薬に頼らずに済むなら結構		X
	ただし、あんまり		
	抱え込むんじゃないよ		
	悪化の原因になるからね		
974	…………	MAP_D_CAD_00 242	
976	ショックからの		
	立ち直り方はそれぞれだが		X
	あせって治そうとしても		
	上手くいきやしないよ		
	…適当に気をぬいて、な		
978	タイロン租界でも		
	ちゃんと飯を食ってるか？		
	三食きっちりは基本だぞ		
980	あの修練で		
	いったいどれだけの		
	患者がくることやら…		X
	七騎士センゴクに		
	ツケとかなきゃならんね		
982	あいにく		
	ここのベッドは患者用で		
	あんたには貸せないよ		X
	でも、話くらいなら		
	いつでも聞いてやるさ		
	心のケアってことでな		
984	再起をかけて		
	張り切るのはいいが		
	ほどほどにな		X
	気にしてないつもりでも		
	ショックは少なからず		
	残ってるんだ		
986	…何人だと思う？		
989	何がだ？		
992	眠り姫ジグちゃんを心配し		
	あたしに診察を		
	頼んできた人数だよ		
995	そんなのがいたのか？		
998	……はぁ		
	愛されている方は		
	気付かないもんだねぇ		X
	心配しなくても		
	勝手に診察はしないさ		
	今していくかい？		
1001	いや、大丈夫だ		
1004	それならいいよ		
	さ、今日もほどほどに		
	頑張っておいで！		
1006	あんたのすごいところは		
	男女どちらからも		
	愛されるところだね		X
	…っと、誤解のないように		
	言っておくが		
	友情も愛情に含むぞ		
1008	最近、調子はどうだい？		X
	あんたは態度に		
	出にくいんだから		
	ちゃんと自分から言いなよ		
1010	アンチ討伐なんて		
	言い換えりゃ人間討伐だ		X
	される側もする側も		
	相応の覚悟をして		
	臨まなきゃね…		
1012	怪我人が多すぎて		
	うちのベッドに		
	入りきらなかったんだ		X
	一旦機構に搬送したから		
	これから診察に行くよ		
1014	あんたがどっち派かは		
	聞かないでおくが		X
	アンチも機構も		
	患者なら両方診てやるさ		
1016	あんたなら		
	心配いらないと思うが		X
	機構本部では		
	搬送された大量の怪我人が		
	手当てを受けてるんだ		X
	そいつらに		
	手を上げることは		
	このあたしが許さないよ		
1018	あたしは部外者だから		
	締め出しをくらっちまった		X
	機構専属の医師が		
	診てるから		
	大丈夫だとは思うが…		
1020	人の上に立つ者は		
	まず自分のことを		
	気にしなきゃならない		X
	七騎士の顔色が		
	悪かったら		
	あんただって不安だろう？		
1022	なんだか外が騒がしいね…		
1024	正直に答えるんだ		
	…どれくらい犠牲がでる？		
1027	ほんの少しか		
	全員かだ		
1030	…なるほど		
	それじゃ前者に備えて		
	ゆったり待とうじゃないか		X
	本当にほんの少しの分しか		
	薬も場所も用意しないぞ		
	いいな？		
1033	ああ	MAP_D_CAN_00 336	
1036	ちなみに死人は		
	受付けない		
	…必ず生きて帰ってこいよ		
1039	わかった	MAP_D_KOU_02 677	
1042	怪我だったら		
	いくらでも治してやる		
	あたしの腕を信じな		
1047	ああ、幸せだ…		
	四六時中ドリーナ先生と		
	一緒だなんて！		X
	初めて病院に		
	運ばれたときから		
	ずっと憧れてたんだ		X
	ガンドアに降り立った		
	癒しの女神さ…！		
1049	どうかこの傷が		
	長続きしますように…		
1051	修練に行くのか？		
	それなら、ドリナスＭを		
	買っていくといい		X
	ドリナスＬは		
	おれ専用だからダメだぞ		
1053	ジグ、おまえ		
	傷心中なんだろ？		
	なんとなくわかるぞ		X
	ドリナスＬの購入を		
	特別に許可するから		
	心の傷を治せよ		
1055	ドリナス系の薬は		
	何から作られて		
	いるんだろうな？		X
	原材料が書かれていない		
	ところが、想像力を		
	かき立てると思うんだ		
1057	例えばドリーナ先生が…		
	いやいや、けしからん！		
1059	ジグ…		
	おれ、気付いたんだ		X
	ラブという言葉に惹かれ		
	ドリナスＬばかり		
	買っていたけれども		X
	ドリナスＳ…		
	ドリナススマイルも		
	素敵ではないだろうか！		X
	低価格なところが		
	さらに愛しさを		
	倍増させるだろ…！		
1061	最初の頃、Ｌには		
	手が届かなくて		
	Ｓばかり買っていたんだ		X
	今思えば、あの時既に		
	先生の優しさに		
	包まれていたんだな		
1063	ジグはドリナスＣのことを		
	どう思っている？		X
	ドリナスキュート…		
	ドリーナキュート…		X
	自分で命名したかどうかで		
	大きく印象が		
	変わると思うんだ		
1065	おれに言わせれば		
	ドリナスＢだな		X
	もちろんＢは		
	ビューティフルの		
	Ｂだぞ		
1067	この入院生活は		
	おれにとって		
	何より幸せな時間だ		X
	だからこそ		
	アンチが憎い！		X
	怪我人がたくさん出たら		
	先生が忙しくなって		
	しまうではないか！		
1069	しかし、働く先生も		
	大好きなので		
	さほど問題はないんだ		
1071	先生が忙しそうだ…		X
	怪我をしていたい！		
	でも手伝いたい！		
	どうすれば…！		
1073	機構とアンチが		
	ガンドアで決戦を		
	するらしいな		X
	この病院は		
	何があってもおれが守る！		
1075	病院を守って		
	名誉の負傷をしたら		
	また看病されるだろ？		X
	まさに一石二鳥！		
	実は今、少しだけ		
	アンチに感謝している		
1077	七騎士ジグ…		X
	おれはランカーの		
	更なる活動促進のため		
	新薬の開発を提言する		X
	名づけて「ドリナスＩ」		
	Ｉはおれの頭文字であり		
	愛という意味でもある		
1079	なんだか世界が		
	ドタバタしているよな		X
	この騒動がおわったら		
	おれ、ドリーナ先生に		
	告白してもいいかな…		
1081	台詞はもう決めているんだ		X
	２人でドリナスＩを		
	作りませんか！！		X
	…どうだ、完璧だと		
	思わないか？		
1083	おかげさまで入院中だ		
	退院したら		
	またよろしくな		
1086	具合はいかが？		
	お薬が必要ならば		
	こちらでどうぞ		
1088	具合はいかが？		
	荒くれちゃった心も		
	きっと良くなりますよ		
1090	具合はいかが？		
	恋の病も治すと噂の		
	ドリナスシリーズですよ		
1092	具合はいかが？		
	どんな傷も瞬時に治す		
	無敵なお薬、いかがです？		
1094	具合はいかが？		
	あなたの健康は皆の健康！		
	ちゃんとご自愛くださいね		
1096	うがいと手洗いは		
	忘れずにね		
	おだいじに！		
1098	くれぐれも		
	暴飲暴食しないでね		
	おだいじに！		
1100	部屋の換気は		
	こまめにしましょうね		
	おだいじに！		
1102	しっかり睡眠をとって		
	強い身体を作りましょう		
	おだいじに！		
1104	どうか健やかでいて		
	皆を守ってくださいな		
	おだいじに！		
1107	いつでも聞きにきて		
	くださいね		
1109	何について聞きますか？	MAP_I_GAN_02 1818	
1110	状態異常とは？		
1111	補足Ａ		
1112	補足Ｂ		
1113	やめる	MAP_I_GAN_00 316	
1121	状態異常とは		
	戦闘中に起こりうる		
	様々な不調のことです		X
	時間が経てば治りますが		
	じっとしている方が		
	より早く治るんですよ		X
	戦闘が終了すると		
	状態異常も完治します		
1125	状態異常は		
	同時にいくつも		
	かかる可能性があります		X
	また、既にかかっている		
	状態異常をかけても		
	時間は延長されません		
1129	例えば、猛毒の効果をもつ		
	武器を装備していても		
	一撃で効くとは限りません		X
	何度も攻撃を繰り返すと		
	相手の中に毒がたまり		
	発症するのです		
1132	猛毒		
1133	麻痺		
1134	重症化		
1142	【猛毒】は		
	少しずつ体力が減る		
	状態異常です		X
	死ぬことはありませんが		
	甘く見ていると		
	大変なことになりますよ		
1146	【麻痺】にかかると		
	行動しようとしても		
	動けない場合があります		X
	ここぞというときに		
	動けないと		
	危機を招くかもしれません		
1150	猛毒と麻痺は		
	【重症化】があり得ます		X
	重症化すると		
	猛毒なら体力の減り方が		
	大きくなり		X
	麻痺なら		
	行動できないことが		
	多くなります		X
	重症化は、専用のスキルで		
	引き起こされます		
1153	スキル封じ		
1154	ボタン封じ		
1155	ステータスダウン		
1163	【スキル封じ】に		
	かかっている間は		
	スキルが使用できません		X
	回復ができない		
	ということなので		
	気をつけてくださいね		
1167	【ボタン封じ】は		
	各ボタンの使用が		
	できなくなる状態異常です		X
	通常の行動だけでなく		
	スキルにも影響します		X
	…ボタンって		
	何のことかしらね？		
1171	各ステータスを		
	一時的に下げてしまう		
	状態異常があります		X
	何が下げられたのか		
	しっかり注目して		
	対処してくださいね		
1174	目潰し		
1175	停止		
1176	その他		
1184	【目潰し】は		
	視界が悪くなってしまう		
	状態異常です		X
	相手の行動が		
	見えにくくなるので		
	野性の勘で動いてください		
1188	【停止】になると		
	一定時間、一切の行動を		
	受け付けなくなります		X
	本当に何もできません		
	ブレイクと似ていますね		
1192	出会う頻度は		
	低いと思いますが		
	状態異常は他にもあります		X
	ブレイクしやすくなるもの		
	スタイル変更が		
	できなくなるもの…		X
	受けると大変ですが		
	有効に使用して		
	戦闘を進めてくださいね		
1196	こんにちは		
	ここでは、状態異常の		
	説明をしています		
1198	基礎知識		
1199	説明その１		
1200	説明その２		
1201	説明その３		
1211	イベントトラップ配置	MAP_D_CAD_00 1413	
			
1212	花瓶		
1213	戸棚	MAP_I_GAN_01 570	
1216	白い花瓶に、瑞々しい花が飾られている		
	部屋が白いからか、とても鮮やかに見える		
1218	戸棚にはチリひとつ積もっていない		
	中からは薬品の匂いが漂ってくる		
1235	NPC00	MAP_D_CAD_00 1443	
			
1237	NPC02	MAP_D_CAD_00 1447	
			
1239	NPC03	MAP_D_CAD_00 1449	
			
1241	NPC04	MAP_D_CAD_00 1451	
