0	■■■ func00_DEBUG_SIGN ■■■	MAP_D_CAD_00 0	
			
1	！！！エラー検出用サブルーチンを通りました！！！	MAP_D_CAD_00 1	
			
2	イビノスシンボル配置しない。フラグ：	MAP_D_CAD_00 2	
4	イビノスシンボル配置する。フラグ：	MAP_D_CAD_00 4	
7	ランカーファイル情報更新	MAP_D_CAD_00 7	
			
8	->旧:	MAP_D_CAD_00 8	
9	 追加:	MAP_D_CAD_00 9	
10	 結果:	MAP_D_CAD_00 10	
12	ランク:	MAP_D_CAD_00 12	
15	ランカー戦勝利・戻り値：	MAP_D_CAD_00 15	
17	ランキング戦を申し込みますか？	MAP_D_CAD_00 17	
18	申し込む	MAP_D_CAD_00 18	
19	やめておく	MAP_D_CAD_00 19	
22	イビノスシンボル倒した。フラグON：	MAP_D_CAD_00 22	
25	イビノス戦：イベント終了？	MAP_D_CAD_00 25	
			
26	スクリプト：未知のモーションタイプが指定されました	MAP_D_CAD_00 26	
			
33	***振り向き判定ＰＣ***	MAP_D_CAD_00 33	
			
34	現在:cmn_r0:	MAP_D_CAD_00 34	
36	目標:cmn_r1:	MAP_D_CAD_00 36	
38	差分:cmn_r2:	MAP_D_CAD_00 38	
40	差分＾２:cmn_r3:	MAP_D_CAD_00 40	
42	閾値＾２:cmn_r4:	MAP_D_CAD_00 42	
44	->pc振り向きません	MAP_D_CAD_00 44	
			
45	->pc振り向きます	MAP_D_CAD_00 45	
			
47	***振り向き判定***	MAP_D_CAD_00 47	
			
48	現在:cmn_r0:	MAP_D_CAD_00 34	
50	目標:cmn_r1:	MAP_D_CAD_00 36	
52	差分:cmn_r2:	MAP_D_CAD_00 38	
54	差分＾２:cmn_r3:	MAP_D_CAD_00 40	
56	閾値＾２:cmn_r4:	MAP_D_CAD_00 42	
58	->npc振り向きません	MAP_D_CAD_00 58	
			
59	->npc振り向きます	MAP_D_CAD_00 59	
			
63	ロード待ち開始	MAP_D_CAD_00 63	
			
64	ロード待ち終了	MAP_D_CAD_00 64	
			
65	{15}0C{14}L00000000を	MAP_D_CAD_00 65	
	手に入れた		
66	{15}0E{14}L00000000を	MAP_D_CAD_00 66	
	手に入れた		
67	{15}0F{14}L00000000を	MAP_D_CAD_00 67	
	手に入れた		
68	{15}0D{14}L00000000を	MAP_D_CAD_00 68	
	手に入れた		
69	{15}10{14}L00000000を	MAP_D_CAD_00 69	
	手に入れた		
70	{15}12{14}L00000000を	MAP_D_CAD_00 70	
	手に入れた		
71	{15}11{14}L00000000を	MAP_D_CAD_00 71	
	手に入れた		
72	{15}13{14}L00000000を{1d}L00000001個	MAP_D_CAD_00 72	
	手に入れた		
73	{15}14{14}L00000000を{1d}L00000001個	MAP_D_CAD_00 73	
	手に入れた		
74	{15}14{14}L00000000を	MAP_D_CAD_00 74	
	手に入れた		
75	{15}1B{14}L00000000を	MAP_D_CAD_00 75	
	手に入れた		
76	{14}L00000000を	MAP_D_CAD_00 76	
	手に入れた		
77	{1d}L00000000Ｂを手に入れた	MAP_D_CAD_00 77	
			
78	num_calc：	MAP_D_CAD_00 78	
80	{15}0C{14}L00000000を	MAP_D_CAD_00 80	
	手渡した		
81	{15}0E{14}L00000000を	MAP_D_CAD_00 81	
	手渡した		
82	{15}0F{14}L00000000を	MAP_D_CAD_00 82	
	手渡した		
83	{15}0D{14}L00000000を	MAP_D_CAD_00 83	
	手渡した		
84	{15}10{14}L00000000を	MAP_D_CAD_00 84	
	手渡した		
85	{15}12{14}L00000000を	MAP_D_CAD_00 85	
	手渡した		
86	{15}11{14}L00000000を	MAP_D_CAD_00 86	
	手渡した		
87	{15}13{14}L00000000を{1d}L00000001個	MAP_D_CAD_00 87	
	手渡した		
88	{15}14{14}L00000000を{1d}L00000001個	MAP_D_CAD_00 88	
	手渡した		
89	{15}14{14}L00000000を	MAP_D_CAD_00 89	
	手渡した		
90	{15}1B{14}L00000000を	MAP_D_CAD_00 90	
	手渡した		
91	{14}L00000000を	MAP_D_CAD_00 91	
	手渡した		
			
92	■■ret0■■：	MAP_D_CAD_00 92	
96	■■ret■■：	MAP_D_CAD_00 96	
98	cmn_option:	MAP_D_CAD_00 98	
106	セーブポイント	MAP_D_CAD_00 106	
107	データ削除ユーティリティを起動します	MAP_D_CAD_00 107	
	ゲームプレイデータのセーブには		
	{1d}L00000001KB以上の空き容量が必要です		
108	ネックタイプ：	MAP_D_CAD_00 108	
110	首の初期化	MAP_D_CAD_00 110	
			
111	ネックタイプ：	MAP_D_CAD_00 108	
115	大橋が	MAP_D_CAD_00 115	
	トラベルマップで使用可能になりました		
116	下区：商業区が	MAP_D_CAD_00 116	
	トラベルマップで使用可能になりました		
117	下区：ランカー居住区が	MAP_D_CAD_00 117	
	トラベルマップで使用可能になりました		
118	下区：闘技場前が	MAP_D_CAD_00 118	
	トラベルマップで使用可能になりました		
119	タイロン租界が	MAP_D_CAD_00 119	
	トラベルマップで使用可能になりました		
120	バザルタ出張所前が	MAP_D_CAD_00 120	
	トラベルマップで使用可能になりました		
121	上区：噴水広場前が	MAP_D_CAD_00 121	
	トラベルマップで使用可能になりました		
122	バザルタ本部前が	MAP_D_CAD_00 122	
	トラベルマップで使用可能になりました		
123	フラグ・フィールド：	MAP_D_CAD_00 123	
125	フラグ・フィールド：	MAP_D_CAD_00 123	
127	ガンドアが	MAP_D_CAD_00 127	
	トラベルマップで使用可能になりました		
128	カンタレラが	MAP_D_CAD_00 128	
	トラベルマップで使用可能になりました		
129	トーロ荒地が	MAP_D_CAD_00 129	
	トラベルマップで使用可能になりました		
130	リブラ森林が	MAP_D_CAD_00 130	
	トラベルマップで使用可能になりました		
131	マイヤールの森が	MAP_D_CAD_00 131	
	トラベルマップで使用可能になりました		
132	ベリエ街道が	MAP_D_CAD_00 132	
	トラベルマップで使用可能になりました		
133	ドネイ回廊が	MAP_D_CAD_00 133	
	トラベルマップで使用可能になりました		
134	ウィルゴー砂漠が	MAP_D_CAD_00 134	
	トラベルマップで使用可能になりました		
135	カドモール水源が	MAP_D_CAD_00 135	
	トラベルマップで使用可能になりました		
136	カルキノス荒地が	MAP_D_CAD_00 136	
	トラベルマップで使用可能になりました		
137	ラ・キット遺跡が	MAP_D_CAD_00 137	
	トラベルマップで使用可能になりました		
138	レオン峡谷が	MAP_D_CAD_00 138	
	トラベルマップで使用可能になりました		
139	ソダー回廊が	MAP_D_CAD_00 139	
	トラベルマップで使用可能になりました		
140	ニシュラ氷河が	MAP_D_CAD_00 140	
	トラベルマップで使用可能になりました		
141	いにしえの回廊が	MAP_D_CAD_00 141	
	トラベルマップで使用可能になりました		
142	フィッシェ街道が	MAP_D_CAD_00 142	
	トラベルマップで使用可能になりました		
143	レゾナール海岸が	MAP_D_CAD_00 143	
	トラベルマップで使用可能になりました		
144	ケイロニア高原が	MAP_D_CAD_00 144	
	トラベルマップで使用可能になりました		
145	ケイロニア砦が	MAP_D_CAD_00 145	
	トラベルマップで使用可能になりました		
146	サルバトーレ離宮が	MAP_D_CAD_00 146	
	トラベルマップで使用可能になりました		
147	リストにないよ？	MAP_D_CAD_00 147	
			
148	_case:	MAP_D_CAD_00 148	
151	「討伐修練【低位１】」の	MAP_D_CAD_00 151	
	クリア条件を満たした！		
152	「討伐修練【低位２】」の	MAP_D_CAD_00 152	
	クリア条件を満たした！		
153	「討伐修練【低位３】」の	MAP_D_CAD_00 153	
	クリア条件を満たした！		
154	「討伐修練【低位４】」の	MAP_D_CAD_00 154	
	クリア条件を満たした！		
155	「討伐修練【低位５】」の	MAP_D_CAD_00 155	
	クリア条件を満たした！		
156	「討伐修練【中位１】」の	MAP_D_CAD_00 156	
	クリア条件を満たした！		
157	「討伐修練【中位２】」の	MAP_D_CAD_00 157	
	クリア条件を満たした！		
158	「討伐修練【高位１】」の	MAP_D_CAD_00 158	
	クリア条件を満たした！		
159	「討伐修練【高位２】」の	MAP_D_CAD_00 159	
	クリア条件を満たした！		
160	「薬草探しの代理人」の	MAP_D_CAD_00 160	
	クリア条件を満たした！		
161	「新商品開発の手伝い」の	MAP_D_CAD_00 161	
	クリア条件を満たした！		
162	「蒼の指環を求めて」の	MAP_D_CAD_00 162	
	クリア条件を満たした！		
163	「雪中の贈り物」の	MAP_D_CAD_00 163	
	クリア条件を満たした！		
164	「加護あることを祈って」の	MAP_D_CAD_00 164	
	クリア条件を満たした！		
165	「追想の白い花」の	MAP_D_CAD_00 165	
	クリア条件を満たした！		
166	「来れ、好運の使者！」の	MAP_D_CAD_00 166	
	クリア条件を満たした！		
167	「武術指南のお願い」の	MAP_D_CAD_00 167	
	クリア条件を満たした！		
168	「行方不明の従業員」の	MAP_D_CAD_00 168	
	クリア条件を満たした！		
169	「スキルチップ収集中」の	MAP_D_CAD_00 169	
	クリア条件を満たした！		
170	「盗難品の行方は」の	MAP_D_CAD_00 170	
	クリア条件を満たした！		
171	「資料集めのアシスタント」の	MAP_D_CAD_00 171	
	クリア条件を満たした！		
172	「河畔の生態系調査」の	MAP_D_CAD_00 172	
	クリア条件を満たした！		
173	「新人官吏を捕獲せよ」の	MAP_D_CAD_00 173	
	クリア条件を満たした！		
174	「黒い積荷の回収」の	MAP_D_CAD_00 174	
	クリア条件を満たした！		
175	「悪徳商売を抑止せよ」の	MAP_D_CAD_00 175	
	クリア条件を満たした！		
176	「新人ランカー襲撃事件」の	MAP_D_CAD_00 176	
	クリア条件を満たした！		
177	「優しい猛者、募集中」の	MAP_D_CAD_00 177	
	クリア条件を満たした！		
178	「異郷からきた尋ね人」の	MAP_D_CAD_00 178	
	クリア条件を満たした！		
179	「勇壮なる護衛の依頼」の	MAP_D_CAD_00 179	
	クリア条件を満たした！		
180	「赫の指環を求めて」の	MAP_D_CAD_00 180	
	クリア条件を満たした！		
181	「闘技場の害獣駆除」の	MAP_D_CAD_00 181	
	クリア条件を満たした！		
182	「回覧板配達人」の	MAP_D_CAD_00 182	
	クリア条件を満たした！		
183	「討伐修練【緊急】」の	MAP_D_CAD_00 183	
	クリア条件を満たした！		
184	「鉱物資源の収集【緊急】」の	MAP_D_CAD_00 184	
	クリア条件を満たした！		
185	「タリー石を探せ」の	MAP_D_CAD_00 185	
	クリア条件を満たした！		
186	「甘梅草を探せ」の	MAP_D_CAD_00 186	
	クリア条件を満たした！		
187	「衛兵の剣の没収」の	MAP_D_CAD_00 187	
	クリア条件を満たした！		
188	「衛兵の剣の返却」の	MAP_D_CAD_00 188	
	クリア条件を満たした！		
189	「森のイビノス駆除【重大】」の	MAP_D_CAD_00 189	
	クリア条件を満たした！		
190	「回廊のイビノス駆除【重大】」の	MAP_D_CAD_00 190	
	クリア条件を満たした！		
191	「七騎士認定修練【重大】」の	MAP_D_CAD_00 191	
	クリア条件を満たした！		
192	ガンドアが	MAP_D_CAD_00 192	
	トラベルマップで通行可能になりました		
193	ガンドアが	MAP_D_CAD_00 193	
	トラベルマップで通行不能になりました		
194	カンタレラが	MAP_D_CAD_00 194	
	トラベルマップで通行可能になりました		
195	カンタレラが	MAP_D_CAD_00 195	
	トラベルマップで通行不能になりました		
196	トーロ荒地が	MAP_D_CAD_00 196	
	トラベルマップで通行可能になりました		
197	トーロ荒地が	MAP_D_CAD_00 197	
	トラベルマップで通行不能になりました		
198	リブラ森林が	MAP_D_CAD_00 198	
	トラベルマップで通行可能になりました		
199	リブラ森林が	MAP_D_CAD_00 199	
	トラベルマップで通行不能になりました		
200	マイヤールの森が	MAP_D_CAD_00 200	
	トラベルマップで通行可能になりました		
201	マイヤールの森が	MAP_D_CAD_00 201	
	トラベルマップで通行不能になりました		
202	ベリエ街道が	MAP_D_CAD_00 202	
	トラベルマップで通行可能になりました		
203	ベリエ街道が	MAP_D_CAD_00 203	
	トラベルマップで通行不能になりました		
204	ドネイ回廊が	MAP_D_CAD_00 204	
	トラベルマップで通行可能になりました		
205	ドネイ回廊が	MAP_D_CAD_00 205	
	トラベルマップで通行不能になりました		
206	ウィルゴー砂漠が	MAP_D_CAD_00 206	
	トラベルマップで通行可能になりました		
207	ウィルゴー砂漠が	MAP_D_CAD_00 207	
	トラベルマップで通行不能になりました		
208	カドモール水源が	MAP_D_CAD_00 208	
	トラベルマップで通行可能になりました		
209	カドモール水源が	MAP_D_CAD_00 209	
	トラベルマップで通行不能になりました		
210	カルキノス荒地が	MAP_D_CAD_00 210	
	トラベルマップで通行可能になりました		
211	カルキノス荒地が	MAP_D_CAD_00 211	
	トラベルマップで通行不能になりました		
212	ラ・キット遺跡が	MAP_D_CAD_00 212	
	トラベルマップで通行可能になりました		
213	ラ・キット遺跡が	MAP_D_CAD_00 213	
	トラベルマップで通行不能になりました		
214	レオン峡谷が	MAP_D_CAD_00 214	
	トラベルマップで通行可能になりました		
215	レオン峡谷が	MAP_D_CAD_00 215	
	トラベルマップで通行不能になりました		
216	ソダー回廊が	MAP_D_CAD_00 216	
	トラベルマップで通行可能になりました		
217	ソダー回廊が	MAP_D_CAD_00 217	
	トラベルマップで通行不能になりました		
218	ニシュラ氷河が	MAP_D_CAD_00 218	
	トラベルマップで通行可能になりました		
219	ニシュラ氷河が	MAP_D_CAD_00 219	
	トラベルマップで通行不能になりました		
220	いにしえの回廊が	MAP_D_CAD_00 220	
	トラベルマップで通行可能になりました		
221	いにしえの回廊が	MAP_D_CAD_00 221	
	トラベルマップで通行不能になりました		
222	フィッシェ街道が	MAP_D_CAD_00 222	
	トラベルマップで通行可能になりました		
223	フィッシェ街道が	MAP_D_CAD_00 223	
	トラベルマップで通行不能になりました		
224	レゾナール海岸が	MAP_D_CAD_00 224	
	トラベルマップで通行可能になりました		
225	レゾナール海岸が	MAP_D_CAD_00 225	
	トラベルマップで通行不能になりました		
226	ケイロニア高原が	MAP_D_CAD_00 226	
	トラベルマップで通行可能になりました		
227	ケイロニア高原が	MAP_D_CAD_00 227	
	トラベルマップで通行不能になりました		
228	ケイロニア砦が	MAP_D_CAD_00 228	
	トラベルマップで通行可能になりました		
229	ケイロニア砦が	MAP_D_CAD_00 229	
	トラベルマップで通行不能になりました		
230	サルバトーレ離宮が	MAP_D_CAD_00 230	
	トラベルマップで通行可能になりました		
231	サルバトーレ離宮が	MAP_D_CAD_00 231	
	トラベルマップで通行不能になりました		
232	リストにないよ？	MAP_D_CAD_00 147	
			
237	func00_C_EVENT_START1	MAP_D_CAD_00 233	
242	func00_C_EVENT_START2	MAP_D_CAD_00 238	
248	わお…	Whoa...So this is Tylong's compound?	
	ここがタイロン租界か		
254	租界？	Compound?	
258	機構が自治を	The Legion has granted this area the right to govern itself.	
	認めた地区なんだ		X
	つまり機構…七騎士も	In other words, the Legion and the Seven Knights acknowledge Tylong's strength.	
	タイロンには		
	一目置いてるってこと		X
	実はわたしもここに	This is actually the first time I've been here.	
	入るのは初めてでね		X
	ちょっと散歩してくるよ	Let's take a look around.	
264	func00_C_EVENT_END1	MAP_D_CAD_00 372	
268	マキス	MAP_D_CAD_00 1258	
269	func00_C_EVENT_END2	MAP_D_CAD_00 377	
270	func00_C_EVENT_START1	MAP_D_CAD_00 233	
272	func00_C_EVENT_START2	MAP_D_CAD_00 238	
276	よう、ジグ	Hey, Zig. You are Zig, right?	
	おめえ、ジグだよな？		
281	ああ	Yeah.	
288	おめえの世話を	Boss told me to get you settled in.	
	してやれって親方から		
	言われたんだ		X
	こっち来いよ	Come on.	
297	おれはタイロン一家のリド	I'm Rid, from House Tylong. Nice to meet...Eh?	
	よろしく…おっ？		X
	…おれたち	Haven't we met before?	
	初対面か？		
302	…さあな	We might have.	
305	ま、いっか	Meh. It's not important.	
307	func00_C_EVENT_END1	MAP_D_CAD_00 372	
309	func00_C_EVENT_END2	MAP_D_CAD_00 377	
310	func00_C_EVENT_START1	MAP_D_CAD_00 233	
325	func00_C_EVENT_START2	MAP_D_CAD_00 238	
329	よーし、ろくでなしども！	Get out here, you bums! Let's give the new guy a warm welcome!	
	新入りを歓迎するぞ！		
340	最初は誰だ！？	Who will go first?	
346	おれー！	Me!	
347	func00_C_EVENT_END1	MAP_D_CAD_00 372	
348	func00_C_EVENT_END2	MAP_D_CAD_00 377	
350	func00_C_EVENT_START1	MAP_D_CAD_00 233	
353	func00_C_EVENT_START2	MAP_D_CAD_00 238	
356	な、なんのつもりだ？	What is the meaning of this?	
360	歓迎にきまってんだろ？	I did say they were coming to welcome you, didn't I?	
366	次、おれー！	I'm next!	
367	func00_C_EVENT_END1	MAP_D_CAD_00 372	
368	func00_C_EVENT_END2	MAP_D_CAD_00 377	
370	func00_C_EVENT_START1	MAP_D_CAD_00 233	
373	func00_C_EVENT_START2	MAP_D_CAD_00 238	
376	おい、いい加減に…	Hey, cut the...	
383	逃げてもいいぞ	You can run if you want!	
	兄ちゃん！		
385	func00_C_EVENT_END1	MAP_D_CAD_00 372	
386	func00_C_EVENT_END2	MAP_D_CAD_00 377	
387	func00_C_EVENT_START1	MAP_D_CAD_00 233	
394	func00_C_EVENT_START2	MAP_D_CAD_00 238	
396	…くそっ	Damn it.	
398	おっと、もう終わりか？	Oh, is it over already? Shouldn't you guys be heading back now?	
	おうちへ帰るか？		
405	よし、最後は	Now then, I'll be your final opponent.	
	おれっちが相手だ		
410	おーっと！　大歓迎だぜ！	Whoa...A big welcome!	
415	本当に最後だな？	Are you really the last one?	
421	おれっちはなーんにも	I'm not promising anything.	
	約束はしねえの		
424	func00_C_EVENT_END1	MAP_D_CAD_00 372	
425	func00_C_EVENT_END2	MAP_D_CAD_00 377	
426	func00_C_EVENT_START1	MAP_D_CAD_00 233	
432	func00_C_EVENT_START2	MAP_D_CAD_00 238	
434	はぁ…はぁ…	Ha...ha...	
438	まあ、いいだろ	Well, it's fine.	X
	おい、運んどけ	Hey, take him.	
440	func00_C_EVENT_END1	MAP_D_CAD_00 372	
441	func00_C_EVENT_END2	MAP_D_CAD_00 377	
442	func00_C_EVENT_START1	MAP_D_CAD_00 233	
446	func00_C_EVENT_START2	MAP_D_CAD_00 238	
449	タイロン一家のシンボル…	The Tylong Family's symbol...	
452	本当にこれで	Was joining them really the right thing to do?	
	良かったのか？		
458	マキス…どこにいる！	Makis, where are you!?	
459	タイロンとの戦いを通じて	During the battle with Tylong, you learned the Deathblow technique "Star Bomber."	
	奥義「スターボマー」を会得しました		
460	btl_pit230		
461	奥義は、特別な戦いで	Deathblows are skill chips you can earn during special battles.	
	手に入れることができる		
	スキルチップです		
462	btl_pit231		
463	奥義はいつでも使えますが	You can use deathblows at any time, but when you do, all of your R skills' uses will be depleted.	
	一度使うとセットしてある		
	Ｒスキルの使用回数が０になります		
464	btl_pit232		
466	奥義は超強力な一撃ですが	Deathblows are very powerful, but they can only be used during ranking battles. Don't use them recklessly.	
	ランキング戦でしか使用できません		
	使いどころには注意しましょう		
467	btl_pit233		
468	また、奥義によっては使用後に	There is also a bonus effect after using a deathblow. Check the SKILLS screen for details.	
	ボーナス効果がつくものもあるので		
	SKILLS画面でチェックしましょう		X
	奥義は１つのスタイルに	Only one deathblow can be set per style.	
	１つだけしかセットできないので		
	注意してください		
470	func00_C_EVENT_END1	MAP_D_CAD_00 372	
471	func00_C_EVENT_END2	MAP_D_CAD_00 377	
472	func00_C_EVENT_START1	MAP_D_CAD_00 233	
476	func00_C_EVENT_START2	MAP_D_CAD_00 238	
479	よう、ジグ！	Hey, Zig! Have you settled in?	
	似合ってるじゃねえか！		X
	これでおめえも	Now you're a member of the Tylong Family.	
	タイロン一家の		
	仲間ってわけだ		
485	ってわけで、一家の秘密を	That means it's time to tell you the family secret.	
	教えてやる		X
	修練板の前へ集合！	Come over to the training board!	
489	func00_C_EVENT_END1	MAP_D_CAD_00 372	
490	func00_C_EVENT_END2	MAP_D_CAD_00 377	
491	func00_C_EVENT_START1	MAP_D_CAD_00 233	
493	func00_C_EVENT_START2	MAP_D_CAD_00 238	
498	これは、おれたちの	This is our training board.	
	修練板だ		X
	もちろんこれまで通り	Of course, you can get information about training missions from the training board in the lower district,	
	下区の修練板にも		
	応募できるが…		
505	こっちの方が	but you'll like this better, Zig.	
	楽しいぞ、ジグ		X
	ちょっと危ない仕事は	The more dangerous jobs all get posted here.	
	全部ここへ		
	回ってくるのさ		X
	もちろん機構も公認…	Of course, the Legion also officially endorses these missions...or at least tolerates them.	
	いや、黙認している		X
	これは、外のやつらには	Don't spread this around.	
	内緒だぜ？		
513	おれたちはいつだって	We have to maintain our image as the terrifying Tylong Family.	
	おっそろしい		
	タイロン一家		X
	機構とつながってるなんて	If people knew that the Legion was giving us special treatment, they would make fun of us.	
	知られたら最後		
	なめられちまうもんな		
518	func00_C_EVENT_END1	MAP_D_CAD_00 372	
520	func00_C_EVENT_END2	MAP_D_CAD_00 377	
521	func00_E_EVENT_START1	MAP_D_CAD_00 415	
525	func00_E_EVENT_START2	MAP_D_CAD_00 417	
528	ああ、そういや	Also, I should give you this.	
	こいつを渡しておくぜ		
531	授与【ウィルゴー砂漠通行許可】	Award [Virgo Desert Permit] {13}07Zig, Rank 71659, by the power vested in the Legion, you have been granted the above-mentioned right.{13}00	
	{13}07{1d}G00000011位　ジグ		
	機構の掟の元、汝が然るべき力を得たとみなし		
	戦侯機構バザルタより上記権利を授与する{13}00		
534	おまえのランクには	Your rank is a bit low to get this officially, but you're a member of the Tylong Family, so we can bend the rules.	
	ちょっと早いんだけどよ		
	タイロン一家特権だ		X
	砂漠なんて	You'll have to go to the desert on business soon enough.	
	よほどの用事がなきゃ		
	行かねえけどな		X
	とにかく	For now, try doing the mission posted on the board.	
	まずは修練を		
	こなしてみろよ		
536	func00_E_EVENT_END1	MAP_D_CAD_00 424	
538	func00_E_EVENT_END2	MAP_D_CAD_00 425	
540	{14}02A6を返してもらいますか？	MAP_D_CAD_00 1299	
541	はい	MAP_D_CAD_00 432	
542	いいえ	MAP_D_CAD_00 433	
545	{14}02A6を返してもらった	MAP_D_CAD_00 1308	
548	突然だけど、ジグ！	MAP_I_BAS_10 1761	
	これ、使ってくれ		
559	func00_E_EVENT_START1	MAP_D_CAD_00 415	
565	func00_E_EVENT_START2	MAP_D_CAD_00 417	
570	よう、ジグ	MAP_I_BAS_10 1783	
	部屋は気に入ったか？		
574	…………	MAP_D_CAD_00 242	
578	ああ…	MAP_I_BAS_10 1791	X
	おまえ、部屋なんて		
	眠れればそれでいいって		
	タイプか？		
581	あははは	MAP_I_BAS_10 1794	
	おれと同じだ		
585	一緒にするな	MAP_I_BAS_10 1798	
586	…かもな	MAP_D_CAD_00 310	
587	気が合うな	MAP_I_BAS_10 1800	
594	チッ…	MAP_I_BAS_10 1807	
	少しは話を		
	合わせろよ…		
598	かもじゃねえよ	MAP_I_BAS_10 1811	
	きっとそうだ		
	おれとおまえは似てる！		
602	だろ？	MAP_I_BAS_10 1815	
	そうじゃねえかと		
	思ったよ		
607	ちなみにおれは	MAP_I_BAS_10 1820	
	道端でも全然平気だぜ		X
	なんつってもガキの頃から		
	家らしい家なんて		
	なかったからな		X
	ま、ノラ犬みたいな		
	もんだったな		
610	…………	MAP_D_CAD_00 242	
614	…………	MAP_D_CAD_00 242	
617	…どうした？	MAP_I_BAS_10 1830	
620	いや…	MAP_I_BAS_10 1833	X
	そんなおれを拾って		
	ここまで育ててくれた		
	親方…		X
	どんだけ感謝しても		
	したりねえと思ってよ…		X
	おまえも親方には		
	感謝しろよ		
	命救われたんだろ？		
625	…かもな	MAP_D_CAD_00 310	
630	かもなじゃねえ！	MAP_I_BAS_10 1843	X
	おまえみてえのが		
	一番危ないんだ		X
	自分ひとりで		
	やっていけると		
	思い込んでるガキ		X
	人に感謝しない		
	恩知らず…		
634	…………	MAP_D_CAD_00 242	
638	まあ、いいか	MAP_I_BAS_10 1851	
	おまえもそのうち		
	わかるだろうよ		X
	さーて、行くわ		
	鍵、返した方がいいか？		
643	早くタイロン一家に	MAP_I_BAS_10 1856	
	慣れろよ		
646	func00_E_EVENT_END1	MAP_D_CAD_00 424	
650	func00_E_EVENT_END2	MAP_D_CAD_00 425	
654	タイロン一家たるもの	MAP_I_BAS_10 1867	
	いつでも、何があろうと		
	肩で風切って歩くのよ		X
	まずはカタチからだ		X
	そのうち心ン中も		
	スッキリした気分に		
	なってくるぜ？		
659	ああ	MAP_D_CAN_00 336	
663	それでもどうしようも	MAP_I_BAS_10 1876	
	ない時は…		
667	町に出て暴れろ	MAP_I_BAS_10 1880	
	誰かれかまわず		
	当たり散らせ！		
672	それは…	MAP_I_BAS_10 1885	
677	まず、やってみろ	MAP_I_BAS_10 1890	
	ひとりで部屋にいても		
	いいことないぞ？		
681	考えておく	MAP_D_OBT_00 271	
685	…考えるねえ	MAP_I_BAS_10 1898	
	それが問題だと		
	思うけどな		X
	ま、いいや		
	気がすむまで		
	考えてろ		X
	じゃ、おれ、行くけど…		
	合鍵はどうする？		
	置いてくか？		
690	おれたちは戦ってナンボ！	MAP_I_BAS_10 1903	
	暴れてナンボ！		
	忘れるな！		
693	func00_E_EVENT_END1	MAP_D_CAD_00 424	
698	func00_E_EVENT_END2	MAP_D_CAD_00 425	
699	func00_E_EVENT_START1	MAP_D_CAD_00 415	
705	func00_E_EVENT_START2	MAP_D_CAD_00 417	
710	よう…	MAP_I_BAS_10 1923	
	どうしてっかと思ってよ		
713	気にするな	MAP_I_BAS_10 1926	
	いつもどおりだ		
716	いや…ちがうな	MAP_I_BAS_10 1929	X
	いつもなら「さあな」とか		
	言うだろ、おまえ		
721	…かもな	MAP_D_CAD_00 310	
725	ジグ…親兄弟は？	MAP_I_BAS_10 1938	
	…やられたのか？		
728	…兄弟はいない	MAP_I_BAS_10 1941	
	親も子供の頃からいない		
733	おっと…そうか	MAP_I_BAS_10 1946	
	そりゃおれと		
	似たようなアレだ		X
	天涯孤独ってやつだな		X
	いや、おれはここの		
	仲間がいるから		
	孤独じゃねえけどな		X
	おまえもすぐに		
	そう思えるように		
	なるって		
738	…そもそもおれは	MAP_I_BAS_10 1951	
	カンタレラを捨てた		
743	だからこそ	MAP_I_BAS_10 1956	
	痛いんじゃねえのか？		
747	ぜんぜんだ	MAP_I_BAS_10 1960	
748	しつこいぞ	MAP_I_BAS_10 1961	
749	そうだな	MAP_D_LUK_00 1433	
756	強がるんじゃねえよ…	MAP_I_BAS_10 1969	X
	そりゃ、強がってこその		
	タイロン一家だけどよ…		
761	ああそうかよ…	MAP_I_BAS_10 1974	
765	ああそうかよ！	MAP_I_BAS_10 1978	X
	みんなおまえのこと		
	心配して、外に		
	集まってるぜ？		X
	それが全部		
	余計なお世話って		
	ことだよな？		X
	わかった		
	みんなに伝えておく		
	それでいいな？		
769	…………	MAP_D_CAD_00 242	
773	…いや	MAP_I_BAS_10 1986	
	心配されたり		
	同情されたり…		X
	おまえ		
	慣れてないんだろ？		
777	…………	MAP_D_CAD_00 242	
780	この話はこれで終わりだ	MAP_I_BAS_10 1993	
	合鍵は		
	返しておくか？		
785	おまえがどんな奴でも	MAP_I_BAS_10 1998	
	タイロン一家の仲間だ…		
	それだけは忘れるなよ		
788	func00_E_EVENT_END1	MAP_D_CAD_00 424	
793	func00_E_EVENT_END2	MAP_D_CAD_00 425	
796	おっと…	MAP_I_BAS_10 2009	
	ちったあ強がって		
	みせろよ！		
802	実はよう…	MAP_I_BAS_10 2015	X
	これまでおれに回ってきた		
	親方の指示が、最近は		
	全部おまえに行くんだ		X
	それに気がついたら		
	なんだか腹が立ってな…		X
	もちろん、おまえが		
	悪いワケじゃない		
	そりゃわかってる		X
	でもよ…		
806	おれは…	MAP_I_BAS_10 2019	X
	どうして面倒な話が		
	おれのところに来るのか		
	不思議に思っている…		
811	親方は相当おまえを	MAP_I_BAS_10 2024	
	気に入ってるんだろうよ		
815	…迷惑だ	MAP_I_BAS_10 904	
819	んなこと言うなよ	MAP_I_BAS_10 2032	
823	本心だ	MAP_I_BAS_10 2036	
827	チッ…	MAP_I_BAS_10 2040	
	やっかんだおれが		
	バカみてえだな		X
	ああ、バカバカしい！		
830	リド、いるか？	MAP_I_BAS_10 2043	
835	おう、なんだ？	MAP_I_BAS_10 2048	
838	ちょっと相談が	MAP_I_BAS_10 2051	
	あるんだけどよ		
841	んー、わかった	MAP_I_BAS_10 2054	
	すぐ行くから		
	待ってろ		
847	じゃ、おれは行くぞ	MAP_I_BAS_10 2060	
852	で、鍵はどうする？	MAP_I_BAS_10 2065	
	返すか？		
857	おれは…	MAP_I_BAS_10 2070	
	誰からも相談なんて		
	されないぞ		
861	そりゃおまえ	MAP_I_BAS_10 2074	
	おれは何年ここに		
	いると思ってんだ？		
866	みんなに信頼	MAP_I_BAS_10 2079	
	されてるんだろ？		
871	ま、まあな…	MAP_I_BAS_10 2084	
	そうか…		X
	おれにはそれが		
	あったな…		
876	ああ	MAP_D_CAN_00 336	
880	よーし、お互い頑張るか！	MAP_I_BAS_10 2093	
	タイロン一家の		
	ためによ！		
886	まあ、頑張るか…	MAP_I_BAS_10 2099	
888	func00_E_EVENT_END1	MAP_D_CAD_00 424	
892	func00_E_EVENT_END2	MAP_D_CAD_00 425	
893	func00_E_EVENT_START1	MAP_D_CAD_00 415	
899	func00_E_EVENT_START2	MAP_D_CAD_00 417	
904	…何してる？	MAP_I_BAS_10 2117	
908	何って…べつに	MAP_I_BAS_10 2121	
912	修練には行かねえのか？	MAP_I_BAS_10 2125	
916	行くけど…	MAP_I_BAS_10 2129	
	少し休んでからだ		
920	とかなんとか言って	MAP_I_BAS_10 2133	
	親方の指示待ちじゃ		
	ねえのか？		
925	どういう意味だ？	MAP_D_CAN_00 359	
930	修練板のちっこい	MAP_I_BAS_10 2143	
	修練じゃなくて…		X
	親方が持ってくる		
	デカイ仕事を		
	待っている		X
	ちがうか？		
935	派手な仕事だけして	MAP_I_BAS_10 2148	
	目立とうとしてる…		
	図星だろ？		
937	誤解だ、リド	MAP_I_BAS_10 2150	
938	バレたか…	MAP_I_BAS_10 2151	
939	からむなよ	MAP_I_BAS_10 2152	
944	だったらいいんだけどよ	MAP_I_BAS_10 2157	
949	っと…	MAP_I_BAS_10 2162	
	そう素直に言われると		
	からみがいがないぜ		
954	からむ？	MAP_I_BAS_10 2167	
	ああ、そうだよ！		
959	おれは最近	MAP_I_BAS_10 2172	
	面白くねえぞ！		X
	これまでは全部おれに		
	回ってきた		
	親方直々の指令…		X
	それが、あれもこれも		
	おまえに回ってしまう		X
	いったいこれは		
	どういうことだ？		X
	親方はおれよりも		
	おまえをナンバー２に		
	選んだってことか？		
963	おれには…わからない	MAP_I_BAS_10 2176	
967	へん！　そうだろうよ！	MAP_I_BAS_10 2180	X
	おれはそれも		
	気にいらねえんだ		X
	親方に目を		
	かけられてるのに		
	全然うれしそうじゃねえ		X
	それは親方もおれも		
	コケにしてるって		
	ことじゃねえのか？		
971	…リド	MAP_I_BAS_10 2184	
975	面白くねえ！	MAP_I_BAS_10 2188	
	面白くねえ！		X
	もひとつおまけに		
	面白くねえ！		
978	…………	MAP_D_CAD_00 242	
981	ああ、スッキリした	MAP_I_BAS_10 2194	
984	…？	MAP_D_CAD_00 590	
987	ぶちまけたら	MAP_I_BAS_10 2200	
	スッキリした		
991	おれは…	MAP_I_BAS_10 2204	
	ぶちまけられたのか？		
995	そういうこと！	MAP_I_BAS_10 2208	
	ちょっとくらい		
	ガマンしろよ		X
	いい思い		
	してるんだからよ		
1000	いい思い？	MAP_I_BAS_10 2213	
	…面倒なことばかりだ		
1005	はぁ…	MAP_I_BAS_10 2218	
	わかってねえな		
	おまえ		X
	親方に命令されるのが		
	どんなに幸せな		
	ことか…		X
	それがわからないおまえは		
	はっきり言って不幸だ！		
1010	おれが…不幸？	MAP_I_BAS_10 2223	
1014	そのとおり！	MAP_I_BAS_10 2227	
1017	…………	MAP_D_CAD_00 242	
1021	お？	MAP_I_BAS_10 2234	
	なんか気分いいぞ！		
	勝った気がする！		X
	よーし、この気分を		
	抱えて帰るか！		
1026	で、鍵はどうする？	MAP_I_BAS_10 2239	
1031	じゃあな～！	MAP_I_BAS_10 2244	
1037	なんだったんだ…	MAP_I_BAS_10 2250	
1039	func00_E_EVENT_END1	MAP_D_CAD_00 424	
1043	func00_E_EVENT_END2	MAP_D_CAD_00 425	
1044	func00_E_EVENT_START1	MAP_D_CAD_00 415	
1045	func00_E_EVENT_START2	MAP_D_CAD_00 417	
1046	func00_E_EVENT_END1	MAP_D_CAD_00 424	
1047	func00_E_EVENT_END2	MAP_D_CAD_00 425	
1048	func00_E_EVENT_START1	MAP_D_CAD_00 415	
1049	func00_E_EVENT_START2	MAP_D_CAD_00 417	
1050	func00_E_EVENT_END1	MAP_D_CAD_00 424	
1051	func00_E_EVENT_END2	MAP_D_CAD_00 425	
1055	ああ	MAP_D_CAN_00 336	
1060	そしておれたちは七騎士…	MAP_I_BAS_10 2273	
	特にユーリの野郎を		
	ブっ倒す！		X
	おれたちから家を奪った		
	あの野郎だけは		
	許すことができねえ！		
1064	…無茶はするなよ	MAP_I_BAS_10 2277	
1068	わーってるって	MAP_I_BAS_10 2281	
	おれたちは後方支援だ		X
	町の連中に、こっちに		
	付くように説得して		
	回るのよ		
1072	それも…無茶はするなよ	MAP_I_BAS_10 2285	
1076	…どうかな	MAP_I_BAS_10 2289	
	タイロン一家には		
	タイロン一家のやり方が…		
1081	リド…	MAP_I_BAS_10 2294	
1086	わーってるって！	MAP_I_BAS_10 2299	
	町の嫌われ者は		
	もう飽きた		X
	みんなに愛される		
	タイロン一家を		
	目指すんだ		
1092	さて、おれは行くけど	MAP_I_BAS_10 2305	
	合鍵はどうする？		
1097	じゃあな！	MAP_I_BAS_10 2310	
1100	func00_E_EVENT_END1	MAP_D_CAD_00 424	
1105	func00_E_EVENT_END2	MAP_D_CAD_00 425	
1106	func00_E_EVENT_START1	MAP_D_CAD_00 415	
1111	func00_E_EVENT_START2	MAP_D_CAD_00 417	
1114	よう！	MAP_I_BAS_10 2327	
	調子はどうだ？		
1122	…悪くはない	MAP_I_BAS_10 2335	
1126	そうか	MAP_I_BAS_10 2339	
	そりゃたのもしい		X
	おれたちも応援の		
	しがいがあるってもんだ		
1130	タイロン一家の連中…	MAP_I_BAS_10 2343	
	みんな元気なのか？		
1135	もちろんよ！	MAP_I_BAS_10 2348	X
	肩落とした		
	タイロン一家なんて		
	考えられねえ		X
	まあ…		X
	親方に見捨てられた…		
	裏切られたと思って		
	落ち込んだりもしたが…		X
	結局おれたちは		
	親方から		
	離れられねえのよ		X
	親方にしてみれば		
	子離れみたいなつもり		
	だったんだろうが…		X
	それでもやっぱり		
	一家のことが心配で		
	仕方なかった		
1140	決別した方が全員の	MAP_I_BAS_10 2353	
	将来のためだったかも		
	しれないけどな		X
	おまえ、どう思う？		
1142	やっぱり決別	MAP_I_BAS_10 2355	
1143	これで良かった	MAP_I_BAS_10 2356	
1144	どうでもいい	MAP_I_BAS_10 2357	
1150	…うーん	MAP_I_BAS_10 2363	X
	おまえ、親方と		
	おれたちが仲直り		
	できるように…		X
	あれこれ骨折って		
	くれたんだろ？		X
	それなのに		
	やっぱり別れた方が		
	良かったってのか？		
1155	…正直、わからない	MAP_I_BAS_10 2368	X
	ただ、仲直りだけは		
	しておいた方が		
	いいと思った		
1160	なるほどな	MAP_D_KOU_02 663	
1164	決別した方が	MAP_I_BAS_10 2377	
	良かったなんて…		X
	おまえに言われるまで		
	考えたことがなかった		X
	でも、それも		
	ありかもしれない…		
1169	だよな…	MAP_I_BAS_10 2382	X
	でも、これって		
	誰かに相談することじゃ		
	ないよな…		X
	仲間たちの中にも		
	いろんな気持ちの奴が		
	いるだろうし		X
	ま、時間がたてば		
	いろいろ		
	わかるんだろうよ		
1174	…かもな	MAP_D_CAD_00 310	
1178	でも、ひとつだけ	MAP_I_BAS_10 2391	
	ハッキリしてることが		
	ある		
1181	…………	MAP_D_CAD_00 242	
1184	ユーリの野郎を	MAP_I_BAS_10 2397	
	許すわけには		
	いかねえってことだ		X
	さーて、行くか		
	町の連中をこっちの		
	味方につけねえとな		
1189	で、合鍵はどうする？	MAP_I_BAS_10 2402	
1194	んじゃ、親方のこと頼むぜ！	MAP_I_BAS_10 2407	
1197	func00_E_EVENT_END1	MAP_D_CAD_00 424	
1202	func00_E_EVENT_END2	MAP_D_CAD_00 425	
1206	だろ！　そーだよな！	MAP_I_BAS_10 2419	
	おれたちは家族だから		
	別れたりしない		X
	たとえ離れて住んでいても		
	他人みてえに		
	忘れちまったりはしない		X
	そりゃケンカもするし		
	面白くないこともある		
	でも、結局は…		X
	へへ…		
	やっぱりこれで		
	良かったんだよな！		
1211	そりゃないぜ、ジグ…	MAP_I_BAS_10 2424	X
	って、おまえ、おれたちが		
	仲直りできるように		
	動いてくれたんだろ？		X
	ほんと素直じゃねえのな		
1215	…………	MAP_D_CAD_00 242	
1218	ま、いいや	MAP_I_BAS_10 2431	
	あれこれうまく		
	動き始めた		X
	きっと、これで		
	良かったんだろうよ		
1221	func00_E_EVENT_START1	MAP_D_CAD_00 415	
1226	func00_E_EVENT_START2	MAP_D_CAD_00 417	
1229	よう、ジグ	MAP_I_BAS_10 2442	
1233	なんだ	MAP_D_CAD_00 351	
1241	なんだはねえだろ？	MAP_I_BAS_10 2454	
	合鍵をくれたのは		
	おまえだ		
1245	都会の習慣を	MAP_I_BAS_10 2458	
	試しただけだ		
1248	ふん！	MAP_I_BAS_10 2461	X
	ま、いいや		
	せっかくだから		
	何か話そうぜ		
1252	…………	MAP_D_CAD_00 242	
1255	親方、どうしてる？	MAP_I_BAS_10 2468	
1259	タイロンは…	MAP_I_BAS_10 2472	
	いつもの通りだ		
	変わらない		
1263	…そうかな	MAP_I_BAS_10 2476	
	ちょっと話した感じだと		
	なんだか楽しそうだった		
1267	そうか？	MAP_I_BAS_10 2480	
1272	ほら、一家のカシラだと	MAP_I_BAS_10 2485	
	あれこれ考えなくちゃ		
	ならないだろ？		X
	それから解放されて		
	楽しんでるんじゃないか？		
1277	…かもな	MAP_D_CAD_00 310	
1282	元々はただの	MAP_I_BAS_10 2495	
	暴れん坊だ		X
	いや、とてつもない		
	暴れん坊か…		X
	町のゴロつきどもを		
	片手一本で倒して回って		
	みんなを従わせた		X
	昼飯喰ってから		
	日が暮れるまでに		
	全部片付けたんだ		X
	おれはまだガキだったけど		
	あん時の親方の顔は		
	よーく覚えてる		X
	楽しくてしょーがないって		
	顔してたぜ		X
	その顔が戻ってきたって		
	感じだな		
1287	迷惑な…	MAP_I_BAS_10 2500	
1288	それは良かった	MAP_I_BAS_10 2501	
1289	どうでもいい	MAP_I_BAS_10 2357	
1296	わはははは！	MAP_I_BAS_10 2509	
	そうかもしれねえ！		
1300	だろ？	MAP_I_BAS_10 2513	X
	おれもあんな親方見て		
	うれしくって		
	しょーがねえ		
1304	おまえ…その態度	MAP_I_BAS_10 2517	
	変わらねえなぁ…		X
	ま、いいんだけどよ		
1309	とにかく	MAP_I_BAS_10 2522	
	ノってる時の親方は		
	頼りになる		X
	意地張らないで		
	困ったら頼れよ		
1314	ああ	MAP_D_CAN_00 336	
1319	でもな、食べ過ぎと	MAP_I_BAS_10 2532	
	飲み過ぎには		
	気をつけてくれ		
1324	わかった	MAP_D_KOU_02 677	
1329	役立たずの時は	MAP_I_BAS_10 2542	
	トコトン役立たずだ…		
1333	…わかる気がする	MAP_I_BAS_10 2546	
1337	んじゃ、おれ、行くわ	MAP_I_BAS_10 2550	
	こう見えても		
	忙しくてよ		
1342	合鍵はどうする？	MAP_I_BAS_10 2555	
1347	じゃあな	MAP_I_BAS_10 2560	
1350	func00_E_EVENT_END1	MAP_D_CAD_00 424	
1355	func00_E_EVENT_END2	MAP_D_CAD_00 425	
1359	ありがたい	MAP_I_BAS_10 2572	
1364	それにしてもこの部屋…	MAP_I_BAS_10 2577	
	元々七騎士用の		
	個室なんだろ？		X
	強さの見返りは		
	権力とこの豪華な部屋…		X
	なんかよ、七騎士連中が		
	おかしくなるのが		
	分かる気がするな		
1367	…………	MAP_D_CAD_00 242	
1371	まあ、おまえたちは	MAP_I_BAS_10 2584	
	大丈夫だと思うけどよ…		X
	居心地悪くて		
	眠れなかったら		
	床で寝てみるといいぞ		X
	ちなみにおれは		
	今でも床で寝ている		X
	ベッドってのが		
	どうも好きに		
	なれなくてよ		X
	ガキの頃な、ベッドに		
	あこがれてたんだ		X
	ダチを１０人集めて		
	ベッドを盗みに行った		X
	ま、１０人いても		
	まだガキだったから		
	なかなか運べなくて…		X
	ひいこら言ってたら		
	突然ベッドが		
	軽くなった		
1376	…なんの話だ？	MAP_I_BAS_10 2589	
1381	親方がベッドを	MAP_I_BAS_10 2594	
	運ぶのを		
	手伝ってくれたんだ		X
	それがおれと		
	親方の出会いだ		X
	んで、ベッドをおれたちの		
	ねぐらまで運んだ後		
	親方は言った		X
	「盗みはいけない」ってな		
1384	運ぶの手伝ったくせに	MAP_I_BAS_10 2597	
	なんだよと思ったぜ		X
	でもな、盗んだベッドで		
	寝ても、ぜんぜん		
	うれしくないんだ		X
	ベッドの持ち主が		
	どんな風に寝てるのか		
	気になったりよ…		
1387	それ以来おれは	MAP_I_BAS_10 2600	
	ベッドを見ると		
	落ち着かない気分になる		X
	これがベッドとおれと		
	親方のいい話だ		
1392	…いい話？	MAP_I_BAS_10 2605	
1396	いくねえか？	MAP_I_BAS_10 2609	
1399	…………	MAP_D_CAD_00 242	
1402	ふん、とっておきの	MAP_I_BAS_10 2615	
	話をしてやったのによ！		
1407	じゃ、おれ、行くわ	MAP_I_BAS_10 2620	
1412	鍵、どうする？	MAP_I_BAS_10 2625	
1417	じゃあな！	MAP_I_BAS_10 2310	
1420	func00_E_EVENT_END1	MAP_D_CAD_00 424	
1425	func00_E_EVENT_END2	MAP_D_CAD_00 425	
1426	func00_E_EVENT_START1	MAP_D_CAD_00 415	
1432	func00_E_EVENT_START2	MAP_D_CAD_00 417	
1436	よう、来たぞ	MAP_I_BAS_10 439	
1440	ああ	MAP_D_CAN_00 336	
1447	この部屋…すげえな	MAP_I_BAS_10 2660	
1451	…正直、落ち着かない	MAP_I_BAS_10 2664	
1455	だろうな…	MAP_I_BAS_10 2668	
	じゃ、行くわ		
1459	待てよ	MAP_D_CAD_00 632	
1464	おれだってこんな部屋は	MAP_I_BAS_10 2677	
	落ち着かねえんだよ！		
1468	行かないでくれ	MAP_I_BAS_10 2681	
1469	…ノラ犬め	MAP_I_BAS_10 2682	
1470	わかった…帰れ	MAP_I_BAS_10 2683	
1478	おっとぉ！	MAP_I_BAS_10 2691	
	珍しいじゃねえか		X
	そこまで言われちゃ		
	仕方がねえな		X
	このリド様が		
	ちょっとの間だけ		
	一緒にいてやる		
1484	そうよ、おれは	MAP_I_BAS_10 2697	
	ノラ犬よ！		
	誇り高き自由なノラ犬！		X
	だからこんな部屋は		
	大キライだ…		X
	…………		X
	でも、おまえもそもそも		
	似たようなもんだよな		
	ま、気持ち分かるぜ		X
	よーし、このリド様が		
	ちょっとの間だけ		
	一緒にいてやる		
1492	はいはい、帰りますよ！	MAP_I_BAS_10 2705	
	こんな部屋にいたら		
	性根が腐っちまう…		X
	おまえもなるべく		
	外に出た方が		
	いいんじゃねえの？		
1497	で、鍵はどうする？	MAP_I_BAS_10 2239	
1502	んじゃな！	MAP_I_BAS_10 2715	
1505	func00_E_EVENT_END1	MAP_D_CAD_00 424	
1510	func00_E_EVENT_END2	MAP_D_CAD_00 425	
1511	func00_E_EVENT_START1	MAP_D_CAD_00 415	
1517	func00_E_EVENT_START2	MAP_D_CAD_00 417	
1521	おっと！	MAP_I_BAS_10 2734	
1525	なんだ？	MAP_D_LUK_00 1447	
1529	出かけてると	MAP_I_BAS_10 2742	
	思ったぜ		
1532	…………	MAP_D_CAD_00 242	
1538	今、みんなして	MAP_I_BAS_10 2751	
	探しものしてるんだろ？		X
	もしかしたら、ここに		
	あるんじゃねえかと		
	思ってよ		
1542	ここに？	MAP_I_BAS_10 2755	
1547	だってここは	MAP_I_BAS_10 2760	
	七騎士の部屋じゃねえか		X
	誰が使っていたのか		
	知らねえけどよ		
1552	…それもそうだな	MAP_I_BAS_10 2765	
1557	あ！　もしかして	MAP_I_BAS_10 2770	
	おれが何かを		
	盗みに来たとでも？		
1561	そんな奴じゃない	MAP_I_BAS_10 2774	
1562	…いや	MAP_I_BAS_10 2775	
1563	出ていけドロボウ！	MAP_I_BAS_10 2776	
1570	そうそう！	MAP_I_BAS_10 2783	
	わかってるじゃねえかよ		
1574	ちょっとひっかかる	MAP_I_BAS_10 2787	
	言い方だな…		
1578	おっと！	MAP_I_BAS_10 2791	
	そう来たか…		X
	でもよ、この部屋に		
	盗むようなものは		
	何もねえだろ？		X
	たとえ盗まれたって		
	おまえは何も		
	困らねえはずだ		
1582	…まあな	MAP_D_CAD_04 751	
1586	だろ？	MAP_I_BAS_10 2799	
1591	まあ、とにかくよ	MAP_I_BAS_10 2804	
	ここはおれに		
	まかせてくれよ		X
	ここってのは		
	この部屋だけじゃなく		
	町全体のことだ		X
	おまえみたいな		
	強い奴は、おれたちじゃ		
	行けないような…		X
	そういう場所を		
	探した方が		
	いいんじゃねえのか？		X
	世界が終わっちまうかも		
	しれないんだろ？		X
	みんなで手分けして		
	探して…それでも		
	見つからなかったら…		X
	すっきり		
	あきらめも		
	つくってもんだ		
1596	リド…	MAP_I_BAS_10 2294	
1600	ん？	MAP_D_LUK_00 2501	
1603	あきらめないぞ	MAP_I_BAS_10 2816	
1607	お、おお！	MAP_I_BAS_10 2820	
	もちろんだ！		X
	んじゃさっそく		
	家捜しな！		
1612	ねえな…	MAP_I_BAS_10 2825	
	じゃ、次の部屋へ		
	行ってくるわ		
1617	鍵、返しとくな	MAP_I_BAS_10 2830	
1620	…………	MAP_D_CAD_00 242	
1623	…どうした？	MAP_I_BAS_10 1830	
1627	あきらめねえぞ！	MAP_I_BAS_10 2840	
1631	ああ	MAP_D_CAN_00 336	
1638	もう見つけたってこと	MAP_I_BAS_10 2851	
	言った方が		
	良かったかな…		
1639	func00_E_EVENT_END1	MAP_D_CAD_00 424	
1645	func00_E_EVENT_END2	MAP_D_CAD_00 425	
1646	func00_E_EVENT_START1	MAP_D_CAD_00 415	
1647	func00_E_EVENT_START2	MAP_D_CAD_00 417	
1649	おっと、うれしいねえ	MAP_D_OBT_00 441	
	じゃ、近々邪魔しに		
	行くぜ！		
1650	{14}02A6を渡した	MAP_D_CAD_00 1324	
1651	func00_E_EVENT_END1	MAP_D_CAD_00 424	
1652	func00_E_EVENT_END2	MAP_D_CAD_00 425	
1653	func00_E_EVENT_START1	MAP_D_CAD_00 415	
1654	func00_E_EVENT_START2	MAP_D_CAD_00 417	
1655	func00_E_EVENT_END1	MAP_D_CAD_00 424	
1656	func00_E_EVENT_END2	MAP_D_CAD_00 425	
1657	{14}02A6を返してもらいますか？	MAP_D_CAD_00 1299	
1658	はい	MAP_D_CAD_00 432	
1659	いいえ	MAP_D_CAD_00 433	
1662	{14}02A6を返してもらった	MAP_D_CAD_00 1308	
1665	そうだ、ジグ！	MAP_I_BAS_10 2878	
	これ、使ってよ		
	役に立つと思うんだ		
1676	func00_E_EVENT_START1	MAP_D_CAD_00 415	
1682	func00_E_EVENT_START2	MAP_D_CAD_00 417	
1685	やー、良かったね	MAP_I_BAS_10 2898	
	ついに個室だ！		
	おめでとう！		
1689	おおげさだな…	MAP_I_BAS_10 2902	
1690	めでたいのか？	MAP_I_BAS_10 2903	
1691	マキスのおかげだ	MAP_I_BAS_10 2904	
1699	おおげさなもんか！	MAP_I_BAS_10 2912	X
	一生大部屋で終わる		
	連中だって多いんだ		X
	きみは一歩抜きん出た！		
	個室はその証明だ		
1704	そりゃ、めでたいよ！	MAP_I_BAS_10 2917	X
	一生大部屋で終わる		
	連中だって多いんだ		X
	きみは一歩抜きん出た！		
	個室はその証明だ		
1709	うれしいこと	MAP_I_BAS_10 2922	
	言ってくれるね		X
	でも、このくらいじゃ		
	全然だよ		X
	わたしがもっと		
	役に立つってことを		
	見せてあげるからね		
1714	さーて、情報収集に	MAP_I_BAS_10 2927	
	行かなくちゃ		
1718	もう行くのか？	MAP_I_BAS_10 2931	
1723	そりゃそうさ	MAP_I_BAS_10 2936	X
	きみに相応しい		
	修練情報を		
	仕入れに行くんだ		X
	この部屋で満足して		
	もらっちゃ困るよ		
1728	部屋なんて	MAP_I_BAS_10 2941	
	どうでもいい		
1733	たとえそうだとしても	MAP_I_BAS_10 2946	
	個室…より良い個室に		
	こだわってほしい		X
	それが上を目指すことに		
	つながるんだからね		
1738	…わかった	MAP_D_DNE_04 1319	
1742	もっと欲張ってよ、ジグ！	MAP_I_BAS_10 2955	X
	で、鍵はどうする？		
	まだ持っていても		
	いいのかい？		
1747	じゃあ、またね	MAP_I_BAS_10 2960	
1750	func00_E_EVENT_END1	MAP_D_CAD_00 424	
1754	func00_E_EVENT_END2	MAP_D_CAD_00 425	
1755	func00_E_EVENT_START1	MAP_D_CAD_00 415	
1761	func00_E_EVENT_START2	MAP_D_CAD_00 417	
1766	やあ、ジグ	MAP_I_BAS_10 2979	
1770	なんだ？	MAP_D_LUK_00 1447	
1774	ちょっと話して	MAP_I_BAS_10 2987	
	おこうと思ってね		
1778	だから何をだ？	MAP_I_BAS_10 2991	
1782	タイロン一家に	MAP_I_BAS_10 2995	
	入ったこと…		
	ジグはどう思ってる？		
1784	最悪だ	MAP_I_BAS_10 2997	
1785	まだわからない	MAP_I_BAS_10 2998	
1786	楽しい	MAP_I_BAS_10 2999	
1791	最悪…か	MAP_I_BAS_10 3004	X
	そうだね…		
	タイロン一家といえば		
	町のきらわれもの…		X
	ランキング１位を		
	目指すには、ここに		
	いることは…		X
	もしかしたら		
	妨げになるのかも		
	しれない		
1795	うーん、そうか	MAP_I_BAS_10 3008	
	そうだよね…		X
	ランキング１位を		
	目指すのに、ここは		
	最適の場所か…		X
	それがよく		
	わからないんだろ？		
1799	あははは！	MAP_I_BAS_10 3012	
	そうか、楽しいか		X
	ジグがそう思って		
	くれるなら		
	わたしもうれしいよ		
1804	わたしの狙いは	MAP_I_BAS_10 3017	
	きみに世の中を		
	もっと知ってもらうこと		X
	今はまだいいんだ		X
	がむしゃらに修練に		
	参加してランクを		
	あげることだけ…		X
	それだけ考えて		
	いればいいと思う		X
	でもね、ランクが		
	もっともっと		
	上になれば…		X
	きみは権力を		
	手に入れることになる		
1809	…それは別に	MAP_I_BAS_10 3022	
	欲しくない		
1813	いらないと言っても	MAP_I_BAS_10 3026	
	ついてくる		
1816	…………	MAP_D_CAD_00 242	
1820	ただ戦闘に強いだけじゃ	MAP_I_BAS_10 3033	
	ダメなんだ		X
	きみにはもっと		
	大きな男に		
	なってもらいたい		X
	そのためには		
	ここで過ごす日々は		
	きっと役に立つ		X
	今は分からなくても		
	将来必ず！		
1826	…本当だな？	MAP_I_BAS_10 3039	
1832	わたしを信じて！	MAP_I_BAS_10 3045	
1836	…わかった	MAP_D_DNE_04 1319	
1840	良かった！	MAP_I_BAS_10 3053	
	じゃあ、これで		
	失礼するよ		X
	鍵は返すかい？		
1845	じゃあね！	MAP_I_BAS_10 3058	
1848	func00_E_EVENT_END1	MAP_D_CAD_00 424	
1852	func00_E_EVENT_END2	MAP_D_CAD_00 425	
1853	func00_E_EVENT_START1	MAP_D_CAD_00 415	
1859	func00_E_EVENT_START2	MAP_D_CAD_00 417	
1863	…………	MAP_D_CAD_00 242	
1866	どうした？	MAP_D_KHI_00 394	
1870	ちょっと話しても	MAP_I_BAS_10 3083	
	いいかな？		
1874	話があるから	MAP_I_BAS_10 3087	
	来たんだろ？		
1879	まあ、そうだね	MAP_I_BAS_10 3092	X
	実はね…		
	わたしの古い		
	友人のことなんだけど…		X
	彼女は…		
	あ、友人ってのは		
	女性なんだ		
1884	…その手の話なら	MAP_I_BAS_10 3097	
	おれは役に		
	立たないぞ		
1889	ああ、もちろん	MAP_I_BAS_10 3102	
	きみに恋愛相談なんて		
	しないよ		
1892	…………	MAP_D_CAD_00 242	
1896	でね、その人は	MAP_I_BAS_10 3109	
	大きな夢を		
	持っているんだ		X
	わたしはその夢の		
	実現に胸いっぱいの		
	協力をすることにした		X
	でもねえ…		X
	それはちょっとばかり		
	反社会的な		
	ことなんだよね		X
	タイロン一家とは		
	ちがう意味で		
	反社会的…		
1901	アンチの話を	MAP_I_BAS_10 3114	
	しているのか？		
1905	…だったらどうする？	MAP_I_BAS_10 3118	
1909	今すぐ縁を切れ	MAP_I_BAS_10 3122	
1910	友だちなら仕方ない	MAP_I_BAS_10 3123	
1911	がんばれよ	MAP_I_BAS_10 3124	
1918	そうだよね…	MAP_I_BAS_10 3131	
	やっぱりそうだよね…		
1922	へえ…	MAP_I_BAS_10 3135	
	ちょっと意外な		
	答えだな		
1925	…………	MAP_D_CAD_00 242	
1928	え？	MAP_I_BAS_10 3141	
	本気で言ってるのかい？		
	こりゃ驚きだ…		
1932	ただし、おれは	MAP_I_BAS_10 3145	
	巻き込まないでくれ		
1937	…ジグ、ごめん	MAP_I_BAS_10 3150	
1942	なんだ？	MAP_D_LUK_00 1447	
1947	実はきみを試した	MAP_I_BAS_10 3160	X
	なんて言うのかな…		
	つまりきみの		
	思想を試したんだ		
1951	じゃあ…	MAP_I_BAS_10 3164	
	友だちの話は…		
1956	うっそ～！	MAP_I_BAS_10 3169	
1961	…………マキス	MAP_I_BAS_10 3174	
1966	あ、怒った！	MAP_I_BAS_10 3179	
1970	当然だ	MAP_I_BAS_10 3183	
1974	じゃ、これにて退散！	MAP_I_BAS_10 3187	
1979	えっと…	MAP_I_BAS_10 3192	
	鍵はどうしよう？		
1984	じゃ、また後で	MAP_I_BAS_10 3197	
1988	待てよ！	MAP_I_BAS_10 3201	
1992	おお怖っ！	MAP_I_BAS_10 3205	
1998	なんなんだ…	MAP_I_BAS_10 3211	
2000	func00_E_EVENT_END1	MAP_D_CAD_00 424	
2005	func00_E_EVENT_END2	MAP_D_CAD_00 425	
2006	func00_E_EVENT_START1	MAP_D_CAD_00 415	
2012	func00_E_EVENT_START2	MAP_D_CAD_00 417	
2017	やあ	MAP_I_BAS_10 3230	
2021	何の用だ？	MAP_D_SIN_00 466	
2025	レンのことなんだけど…	MAP_I_BAS_10 3238	
	彼女とは親しいのかい？		
2029	レンがどうかしたのか？	MAP_I_BAS_10 3242	
2033	彼女はアンチだと	MAP_I_BAS_10 3246	
	疑われている		
2038	そうは思えないな	MAP_I_BAS_10 3251	
	アンチに仲間を		
	殺されたし…		
2043	そうなんだけどね…	MAP_I_BAS_10 3256	X
	因縁が深まるほど		
	接触する機会も		
	増えるからね		X
	彼女はサルバトーレの		
	末裔だ		X
	さかのぼればあの一族は		
	機構に恨みを		
	持っているはず…		X
	今はアンチを憎んでいても		
	そのうちに自分も		
	アンチになってしまう…		X
	七騎士は		
	そう考えているようだね		X
	ああ、もちろんこれは		
	ウェルマーからの情報だ		X
	ジグ、どう思う？		
2048	おれには関係ない	MAP_D_LUK_00 404	
2049	レンに同情する	MAP_I_BAS_10 3262	
2050	レンを応援する	MAP_I_BAS_10 3263	
2057	まあ、そうだろうね…	MAP_I_BAS_10 3270	
2061	そうだよね…	MAP_I_BAS_10 3274	
	彼女は機構に認めて		
	もらおうと…		X
	そのために、ただ		
	頑張っている		
	だけなのにね		
2065	うーん…	MAP_I_BAS_10 3278	
	気持ちはわかるけど		
	大っぴらには…		X
	今はレンとは		
	距離を置いた方が		
	いいと思うよ		
2070	あんたはどう思うんだ？	MAP_I_BAS_10 3283	
2075	レンは真面目な	MAP_I_BAS_10 3288	
	いい子だと思うよ		X
	だから自分が信じた道を		
	進んでほしいね		
2080	たとえアンチでも？	MAP_I_BAS_10 3293	
2084	それが彼女の	MAP_I_BAS_10 3297	
	望みならね		
2088	マキス…	MAP_D_LUK_00 2500	
2093	まあ、そんなことには	MAP_I_BAS_10 3306	
	ならないことを		
	祈るけどね		X
	わたしの望みは		
	きみをランク上位に		
	送り込むことだけさ		X
	それ以外は…		
	まあ、みんな好きに		
	生きればいいと思う		X
	ジグ、きみは		
	自分の今の状態が		
	好きかい？		
2098	…どうだろう	MAP_I_BAS_10 3311	
2102	たまにはそういうことも	MAP_I_BAS_10 3315	
	考えた方がいいと思うよ		
2106	…かもな	MAP_D_CAD_00 310	
2110	じゃあ、行くよ	MAP_I_BAS_10 3323	
2115	鍵はどうする？	MAP_I_BAS_10 3328	
2120	なんだか変な	MAP_I_BAS_10 3333	
	話になってしまったね		
	悪かったよ		
2123	func00_E_EVENT_END1	MAP_D_CAD_00 424	
2128	func00_E_EVENT_END2	MAP_D_CAD_00 425	
2129	func00_E_EVENT_START1	MAP_D_CAD_00 415	
2130	func00_E_EVENT_START2	MAP_D_CAD_00 417	
2131	func00_E_EVENT_END1	MAP_D_CAD_00 424	
2132	func00_E_EVENT_END2	MAP_D_CAD_00 425	
2133	func00_E_EVENT_START1	MAP_D_CAD_00 415	
2134	func00_E_EVENT_START2	MAP_D_CAD_00 417	
2135	func00_E_EVENT_END1	MAP_D_CAD_00 424	
2136	func00_E_EVENT_END2	MAP_D_CAD_00 425	
2137	func00_E_EVENT_START1	MAP_D_CAD_00 415	
2138	func00_E_EVENT_START2	MAP_D_CAD_00 417	
2139	func00_E_EVENT_END1	MAP_D_CAD_00 424	
2140	func00_E_EVENT_END2	MAP_D_CAD_00 425	
2141	func00_E_EVENT_START1	MAP_D_CAD_00 415	
2146	func00_E_EVENT_START2	MAP_D_CAD_00 417	
2149	やあ、ジグ	MAP_I_BAS_10 2979	
2153	なんだ？	MAP_D_LUK_00 1447	
2161	ファズのことを	MAP_I_BAS_10 3374	
	教えてくれないかな		
	性格とか…		
2165	…完璧だと思う	MAP_I_BAS_10 3378	
2169	そりゃまた	MAP_I_BAS_10 3382	
	ずいぶんと…		
2174	あいつと一緒にいると	MAP_I_BAS_10 3387	
	自分がダメな人間に		
	思えてくる		X
	そんなことが		
	時々あったな		X
	でもあいつは絶対に		
	他人を見下したりは		
	しないんだ		X
	誰が上だとか下だとか		
	全然気にしていない…		
	とにかくいい奴だ		X
	それがわかるから		
	おれはなおさら…		X
	ああ、そうか…		
2179	ん？　何かな？	MAP_I_BAS_10 3392	
2183	おれは…	MAP_I_BAS_10 3396	
	ハッキリさせたかった		
	上とか下とか…		X
	だから機構の		
	ランキングが		
	気に入ったんだ		X
	明確な基準で		
	上下関係が決まる		X
	こいつは上…		
	こいつは下…		X
	そう考えることが		
	恥ずかしくない世界を		
	おれは求めたんだ…		
2187	ふーん…	MAP_I_BAS_10 3400	
	ジグの原点は		
	ファズにあるんだ		
2191	…かもな	MAP_D_CAD_00 310	
2196	だから今ファズが	MAP_I_BAS_10 3409	
	どんな風になっていようと		
	きみは信じている…		X
	あの完璧なファズが		
	ああなるには何か		
	事情があるはずだ、と		
2201	そんなところだ	MAP_I_BAS_10 3414	
2205	また仲良く	MAP_I_BAS_10 3418	
	やっていけそうかい？		
2207	たぶん	MAP_I_BAS_10 3420	
2208	絶対	MAP_I_BAS_10 3421	
2209	ダメかも	MAP_I_BAS_10 3422	
2214	いや、きっと	MAP_I_BAS_10 3427	
	大丈夫だよ		X
	ジグ自身が昔とは		
	変わったからね		
2218	うん、心強い！	MAP_I_BAS_10 3431	
	わたしもそう思うよ		
2222	そんなことないだろう？	MAP_I_BAS_10 3435	
2227	もうファズの前に立っても	MAP_I_BAS_10 3440	
	自分を低く感じる		
	理由はないよね		X
	ファズだって		
	悩んだり苦しんだりする…		X
	今のジグは		
	それを		
	知っているんだからね		
2232	…ああ	MAP_D_CAN_04 784	
2237	なんとかしてわたしたちで	MAP_I_BAS_10 3450	
	ファズを助けて		
	あげなくちゃ		
2241	そのつもりだ	MAP_I_BAS_10 3454	
2246	じゃ、わたしは	MAP_I_BAS_10 3459	
	行くけど…		
	鍵はどうする？		
2251	また後でね、ジグ	MAP_I_BAS_10 3464	
2257	ファズ…	MAP_D_DOU_03 619	
2259	func00_E_EVENT_END1	MAP_D_CAD_00 424	
2263	func00_E_EVENT_END2	MAP_D_CAD_00 425	
2264	func00_E_EVENT_START1	MAP_D_CAD_00 415	
2270	func00_E_EVENT_START2	MAP_D_CAD_00 417	
2274	やあ、ジグ	MAP_I_BAS_10 2979	
2278	なんだ？	MAP_D_LUK_00 1447	
2285	ちょっと	MAP_I_BAS_10 3498	
	聞きたいんだけど…		X
	わたしの服のことを		
	どう思う？		
2289	はあ？	MAP_I_BAS_10 3502	
2293	センスがいいとか	MAP_I_BAS_10 3506	
	悪いとか…		
2297	実はあこがれている	MAP_I_BAS_10 3510	
2298	似合っている	MAP_I_BAS_10 3511	
2299	変だと思う	MAP_I_BAS_10 3512	
2307	そ、そうなのかい？	MAP_I_BAS_10 3520	
	そりゃうれしいなあ！		
2312	だよねえ？	MAP_I_BAS_10 3525	
	そうだよねえ！		
2317	そうなのか…	MAP_I_BAS_10 3530	
	やっぱりジグも		
	そう思うのか…		
2322	今さらどうして	MAP_I_BAS_10 3535	
	そんなことを？		
2327	実はね、イゴリダに	MAP_I_BAS_10 3540	
	言われたんだ		X
	これからは注目を		
	浴びる立場なんだから…		X
	その変な服を		
	変えた方がいいってね		X
	ショックだったよ…		X
	わたしとイゴリダの		
	付き合いは		
	かなり長いんだ		X
	出会った頃からわたしは		
	基本的にこんな		
	格好をしていた…		X
	つまりイゴリダは		
	ずっと思っていたんだ		X
	こいつ、変な服を		
	着てるな…ってさ		
2333	…………	MAP_D_CAD_00 242	
2336	落ち込むなあ…	MAP_I_BAS_10 3549	
2340	正直…	MAP_I_BAS_10 3553	
2343	ん？	MAP_D_LUK_00 2501	
2347	どうでもいい	MAP_I_BAS_10 2357	
2351	あはははは…	MAP_I_BAS_10 3564	
	あはははははは…		
2356	合鍵、もう返そうか？	MAP_I_BAS_10 3569	
2360	あはははは…	MAP_I_BAS_10 3573	
2366	なんなんだ…	MAP_I_BAS_10 3211	
2367	func00_E_EVENT_END1	MAP_D_CAD_00 424	
2373	func00_E_EVENT_END2	MAP_D_CAD_00 425	
2374	func00_E_EVENT_START1	MAP_D_CAD_00 415	
2380	func00_E_EVENT_START2	MAP_D_CAD_00 417	
2384	やあ、ジグ	MAP_I_BAS_10 3597	
	休憩中なのに悪いね		
2391	どうしても一言	MAP_I_BAS_10 3604	
	言っておきたくてさ		
2395	なんだ？	MAP_D_LUK_00 1447	
2399	ジグ、きみと出会えて	MAP_I_BAS_10 3612	
	良かったよ		
2403	おれも同じ気持ちだ	MAP_I_BAS_10 3616	
2404	キモチワルイ…	MAP_I_BAS_10 3617	
2405	それは良かったな	MAP_I_BAS_10 3618	
2413	本当に？	MAP_I_BAS_10 3626	
	きみをダマしたりも		
	したのに？		
2418	そういえばそうだったな	MAP_I_BAS_10 3631	
	でも、もういい		
2423	あははは…	MAP_I_BAS_10 3636	
	まあ、いいじゃない		X
	この気持ちはどうしても		
	伝えておきたくてね		
2428	ああ、そのとおりだとも！	MAP_I_BAS_10 3641	
2433	カンタレラの服を着て	MAP_I_BAS_10 3646	
	トボトボ歩いている		
	きみを見たとき…		X
	わたしは運命を		
	感じたんだ		X
	わたしたちは、いずれ		
	カンタレラの知識と力が		
	必要になると思っていた		X
	そこへ現れたのがきみだった		X
	わたしはなーんにも		
	知らないふりをして		
	きみに近づき…		X
	ああ、わたしは		
	最初からきみを		
	ダマしていたんだ…		
2437	そうだったのか…	MAP_I_BAS_10 3650	
2442	でもね、ジグ…	MAP_I_BAS_10 3655	X
	きみと付き合ううちに		
	わたしはきみを		
	好きになってしまった		
2446	…………	MAP_D_CAD_00 242	
2450	まるで弟か	MAP_I_BAS_10 3663	
	何かのようにね		X
	きみの力を借りたいと		
	思うのと同じくらい…		X
	きみの力になりたいと		
	思ったんだ		
	これは本当だ		
2456	なあ、マキス…	MAP_I_BAS_10 3669	
	おれたちはこの危機を		
	乗り越えられると思うか？		
2460	もちろん！	MAP_I_BAS_10 3673	X
	乗り越えられないとしたら		
	わたしたちが出会った		
	意味がない		X
	出会った時から		
	決まっていたんだ		X
	わたしたちはやり遂げる…		
	たとえそれが		
	何であろうとね！		
2464	そう…だな	MAP_I_BAS_10 3677	
2468	さーて、すっかり	MAP_I_BAS_10 3681	
	邪魔しちゃったね		
	合鍵は返しておくよ		
2472	マキス？	MAP_I_BAS_10 3685	
2476	なんだい？	MAP_I_BAS_10 3689	
2481	いや…	MAP_I_BAS_10 3694	
	全部終わる時に話すよ		
2486	…気になるなあ	MAP_I_BAS_10 3699	
	悪い話じゃないんだろ？		
2491	…たぶん	MAP_I_BAS_10 3704	
2496	あ、もしかして！	MAP_I_BAS_10 3709	
2501	もう行ってくれ	MAP_I_BAS_10 3714	
2505	はいはい、っと！	MAP_I_BAS_10 3718	
2508	func00_E_EVENT_END1	MAP_D_CAD_00 424	
2514	func00_E_EVENT_END2	MAP_D_CAD_00 425	
2515	func00_E_EVENT_START1	MAP_D_CAD_00 415	
2516	func00_E_EVENT_START2	MAP_D_CAD_00 417	
2518	おお…	MAP_D_CAD_00 1322	
	うれしいよ、ジグ！		
	ありがとう！		
2519	{14}02A6を渡した	MAP_D_CAD_00 1324	
2520	func00_E_EVENT_END1	MAP_D_CAD_00 424	
2521	func00_E_EVENT_END2	MAP_D_CAD_00 425	
2522	func00_E_EVENT_START1	MAP_D_CAD_00 415	
2523	func00_E_EVENT_START2	MAP_D_CAD_00 417	
2524	func00_E_EVENT_END1	MAP_D_CAD_00 424	
2525	func00_E_EVENT_END2	MAP_D_CAD_00 425	
2526	func00_E_EVENT_START1	MAP_D_CAD_00 415	
2527	func00_E_EVENT_START2	MAP_D_CAD_00 417	
2528	func00_E_EVENT_END1	MAP_D_CAD_00 424	
2529	func00_E_EVENT_END2	MAP_D_CAD_00 425	
2530	func00_E_EVENT_START1	MAP_D_CAD_00 415	
2554	func00_E_EVENT_START2	MAP_D_CAD_00 417	
2558	ようジグ！	MAP_I_GAN_05 479	
	修練クリアしたんだってな		
2562	これで名実共に	MAP_I_GAN_05 483	
	兄弟分ってことだな！		
2565	…………	MAP_D_CAD_00 242	
2567	おいおい！	MAP_I_GAN_05 488	
	祝ってやってるのに		
	その不機嫌ヅラはなんだ		
2570	まてまて…	MAP_I_GAN_05 491	
	こいつはニラミの		
	素質があるかもしれねえ		X
	タイロン一家にとって		
	ニラミは大切だからな！		
2574	はっは！	MAP_I_GAN_05 495	
	ちげえねえや！！		
2579	おうジグ、来たのか！	MAP_I_GAN_05 500	
2586	わりいな	MAP_I_GAN_05 507	
	親方も誘ったんだが		
	用事があるらしくてよ		X
	この階段の上が		
	親方の部屋だ		
	今度あいさつに行っとけよ		
2590	リド、そんなことより	MAP_I_GAN_05 511	
	早く飲もうぜ！		
	もう待ちきれねえ！		
2595	おうよ！	MAP_I_GAN_05 516	
	炭酸水、じゃんじゃん		
	持ってこい！		
2599	おまえも一家の仲間として	MAP_I_GAN_05 520	
	炭酸水の味を		
	知っておかなきゃなあ？		
2610	なんだか盛り上がってるね	MAP_I_GAN_05 531	
2615	マキス…	MAP_D_LUK_00 2500	
2619	そんな困った顔しないの	MAP_I_GAN_05 540	
	一緒に盛り上がるのも		
	大切なことだよ		
2622	…………	MAP_D_CAD_00 242	
2625	あ、そうそう	MAP_I_GAN_05 546	
	忘れないうちに		
	伝えておくね		X
	ウェルマーが新しい情報を		
	手に入れたそうだ		X
	これからも		
	協力してくれるから		
	ときどき顔を出すんだよ		
2636	おいジグ、何してるんだ！	MAP_I_GAN_05 557	
	はやく飲もうぜ！		
	冷えてるうちが一番だ！		
2670	なんであいつら	MAP_I_GAN_05 591	
	炭酸水でつぶれてんだよ…		
	雰囲気酔いか？		X
	まあいい		
	…ところでジグよぉ		
	合鍵って持ってるか？		
2672	いや…	MAP_D_CAD_00 826	
2674	合鍵を親しいヤツに渡して	MAP_I_GAN_05 595	
	部屋に招くのが		
	ガンドアの風習だ		
2676	そうなのか	MAP_I_GAN_05 597	
2678	おうよ	MAP_I_GAN_05 599	
	宿屋の暁の間で		
	作ってもらえるらしいぞ		X
	もし作ったら		
	ちゃんと誰かに渡して		
	活用するんだぞ		
2680	ああ	MAP_D_CAN_00 336	
2682	それ、ちゃんと活用しろよ	MAP_I_GAN_05 603	
	誰かに渡さないと		
	意味ないからな		
2685	呼べるのは女だけって	MAP_I_GAN_05 606	
	わけでもねえしよ		X
	例えば…		
	ほれ、リドとかどうだ？		X
	あいつ、口を開けば		
	親方の話ばっかりだから		
	退屈かもしれねえが{17}02		
2692	おい、何か余計なこと	MAP_I_GAN_05 613	
	吹き込んでねえか！？		
2695	なんも言ってねえよ！	MAP_I_GAN_05 616	
	炭酸水の飲みすぎで		
	ゲップが出ただけだ！		
2699	…ま、そんなとこだ	MAP_I_GAN_05 620	
	とにかく楽しくやろうぜ		
2700	func00_E_EVENT_END1	MAP_D_CAD_00 424	
2703	func00_E_EVENT_END2	MAP_D_CAD_00 425	
2704	func00_E_EVENT_START1	MAP_D_CAD_00 415	
2705	func00_E_EVENT_START2	MAP_D_CAD_00 417	
2707	func00_E_EVENT_END1	MAP_D_CAD_00 424	
2708	func00_E_EVENT_END2	MAP_D_CAD_00 425	
2709	func00_E_EVENT_START1	MAP_D_CAD_00 415	
2712	func00_E_EVENT_START2	MAP_D_CAD_00 417	
2716	ジグ…	MAP_I_GAN_05 637	
	とにかく租界に戻ろう		X
	どんな結果でも		
	タイロンに報告しなくちゃ		
2718	func00_E_EVENT_END1	MAP_D_CAD_00 424	
2719	func00_E_EVENT_END2	MAP_D_CAD_00 425	
2720	func00_E_EVENT_START1	MAP_D_CAD_00 415	
2722	func00_E_EVENT_START2	MAP_D_CAD_00 417	
2727	ああ、もしかして	MAP_I_GAN_05 648	
	タイロンさんに報告か？		
2731	…ああ	MAP_D_CAN_04 784	
2735	それなら不用だそうだ	MAP_I_GAN_05 656	
	おれが言伝を預かってる		X
	事の次第は知ってるから		
	とっとと帰って寝ろってな		
2738	…………	MAP_D_CAD_00 242	
2739	func00_E_EVENT_END1	MAP_D_CAD_00 424	
2740	func00_E_EVENT_END2	MAP_D_CAD_00 425	
2741	func00_E_EVENT_START1	MAP_D_CAD_00 415	
2742	func00_E_EVENT_START2	MAP_D_CAD_00 417	
2745	おれは…	MAP_I_GAN_05 666	
	強くなるために		
	機構に入ったんだ		X
	…………		X
	明けても暮れても		
	修練修練…か		
2750	func00_E_EVENT_END1	MAP_D_CAD_00 424	
2752	func00_E_EVENT_END2	MAP_D_CAD_00 425	
2753	func00_E_EVENT_START1	MAP_D_CAD_00 415	
2759	func00_E_EVENT_START2	MAP_D_CAD_00 417	
2764	討伐には失敗したけど	MAP_I_BAS_07 2131	
	とにかくタイロンに		
	報告しなくちゃね		
2768	…ああ	MAP_D_CAN_04 784	
2770	func00_E_EVENT_END1	MAP_D_CAD_00 424	
2772	func00_E_EVENT_END2	MAP_D_CAD_00 425	
2773	func00_E_EVENT_START1	MAP_D_CAD_00 415	
2776	func00_E_EVENT_START2	MAP_D_CAD_00 417	
2778	…ふん	MAP_I_BAS_07 2145	X
	状況はわかった		
	アンチの女か…		
2782	よし、ジグっち	MAP_I_BAS_07 2149	
	もう行っていいぞ		X
	次は失敗しねえように		
	せいぜい鍛えとけよ		
2783	func00_E_EVENT_END1	MAP_D_CAD_00 424	
2784	func00_E_EVENT_END2	MAP_D_CAD_00 425	
2785	func00_E_EVENT_START1	MAP_D_CAD_00 415	
2787	func00_E_EVENT_START2	MAP_D_CAD_00 417	
2790	カドモール水源にいた	MAP_I_BAS_07 2158	
	鎧の男…		X
	強かったな…		
	歯が立たなかった…		X
	おれは本当に		
	強くなっているのか？		X
	…………		X
	考えても仕方がない…		
	とにかく修練だ		X
	強くなるには		
	それしかない…		
2794	func00_E_EVENT_END1	MAP_D_CAD_00 424	
2796	func00_E_EVENT_END2	MAP_D_CAD_00 425	
2797	func00_E_EVENT_START1	MAP_D_CAD_00 415	
2804	func00_E_EVENT_START2	MAP_D_CAD_00 417	
2812	…タイロン？	MAP_I_BAS_07 2180	
	どうしてこんなところに？		
2816	ああ、おまえか…	MAP_I_BAS_07 2184	X
	おれっちは野暮用だ		
	おまえが気にするような		
	ことじゃねえ		X
	おまえこそ		
	上区に用事か？		
2819	いや、そういうわけじゃ…	MAP_I_BAS_07 2187	
2823	はっきりしねえな…	MAP_I_BAS_07 2191	
	おれっちはそういう返事が		
	大嫌いだ！		X
	いいか、暇なら		
	上区の噴水広場前に		
	行ってこい		X
	んで、そこのランカーを		
	思い切りぶちのめせ！		
2827	上区のランカーを…？	MAP_I_BAS_07 2195	
2831	おまえなら	MAP_I_BAS_07 2199	
	全く敵わねえってことも		
	ないだろうよ		X
	偉そうにしてるヤツらに		
	タイロン一家の恐ろしさを		
	思い知らせてやれ		
2835	…ああ	MAP_D_CAN_04 784	
2842	ただし、弓使いには	MAP_I_BAS_07 2210	
	注意するこった		X
	おれっちほどの		
	鋼の肉体があれば		
	問題ねえけどよ		X
	おまえじゃ		
	ちっと苦労するかもな		
2845	…………	MAP_D_CAD_00 242	
2849	なに、心配なら	MAP_I_BAS_07 2217	
	体を強化する技でも		
	覚えりゃいい		X
	確か上区には		
	ゴツい厚化粧男がいた		
	そいつをあたってみな		
2854	ゴツい…厚化粧男…？	MAP_I_BAS_07 2222	
2859	行きゃわかる	MAP_I_BAS_07 2227	
	…んじゃ、おれっちは		
	帰るからな		X
	上区のヤツらに		
	一泡吹かせてから		
	帰ってこいよ！		
2864	func00_E_EVENT_END1	MAP_D_CAD_00 424	
2866	func00_E_EVENT_END2	MAP_D_CAD_00 425	
2867	func00_E_EVENT_START1	MAP_D_CAD_00 415	
2872	func00_E_EVENT_START2	MAP_D_CAD_00 417	
2876	…少しは気が晴れたか？	MAP_I_BAS_07 2244	
2880	帰ったんじゃ	MAP_I_BAS_07 2248	
	なかったのか？		
2885	ま、ちっとな…	MAP_I_BAS_07 2253	
	それよりおまえは		
	どうなんだ？		
2889	おれは…大丈夫だ	MAP_I_BAS_07 2257	
2894	ならいい	MAP_I_BAS_07 2262	X
	あいつらが騒ぐから		
	様子を見に来てやったが…		
	余計な心配だったな		
2900	何の話だ？	MAP_D_SIN_00 1051	
2905	なんでもねえよ	MAP_I_BAS_07 2273	
	んじゃ、おれは今度こそ		
	帰るからな		X
	おまえは修練か？		
	適当に切り上げて		
	晩飯までには戻れよ		
2909	func00_E_EVENT_END1	MAP_D_CAD_00 424	
2912	func00_E_EVENT_END2	MAP_D_CAD_00 425	
2913	func00_E_EVENT_START1	MAP_D_CAD_00 415	
2919	func00_E_EVENT_START2	MAP_D_CAD_00 417	
2925	よぉ、兄弟	MAP_I_GAN_22 1018	
	今日も修練だったのか？		
2929	ああ	MAP_D_CAN_00 336	
2937	あっ、ジグ！	MAP_I_GAN_22 1030	
	帰ってたんだね！		
2943	実は、ウェルマーが	MAP_I_GAN_22 1036	
	新しい情報を		
	つかんだらしいんだ		X
	それから、上区の店に		
	新商品が入荷だってさ		X
	今からちょっと		
	行っておいでよ		
2948	…今日は疲れた	MAP_I_GAN_22 1041	
	明日にする		
2952	あらま、仕方ないね	MAP_I_GAN_22 1045	
	それじゃあ明日		
	必ず行くんだよ		
2956	func00_E_EVENT_END1	MAP_D_CAD_00 424	
2957	func00_E_EVENT_END2	MAP_D_CAD_00 425	
2958	func00_E_EVENT_START1	MAP_D_CAD_00 415	
2959	func00_E_EVENT_START2	MAP_D_CAD_00 417	
2961	func00_E_EVENT_END1	MAP_D_CAD_00 424	
2962	func00_E_EVENT_END2	MAP_D_CAD_00 425	
2963	func00_E_EVENT_START1	MAP_D_CAD_00 415	
2964	func00_E_EVENT_START2	MAP_D_CAD_00 417	
2965	func00_E_EVENT_END1	MAP_D_CAD_00 424	
2966	func00_E_EVENT_END2	MAP_D_CAD_00 425	
2967	func00_E_EVENT_START1	MAP_D_CAD_00 415	
2968	func00_E_EVENT_START2	MAP_D_CAD_00 417	
2970	おれは…	MAP_I_GAN_22 1063	
	どうしたらいい？		X
	…ポッドに会いに行こう		
	きっと大橋だ		
2971	func00_E_EVENT_END1	MAP_D_CAD_00 424	
2972	func00_E_EVENT_END2	MAP_D_CAD_00 425	
2973	func00_E_EVENT_START1	MAP_D_CAD_00 415	
2976	func00_E_EVENT_START2	MAP_D_CAD_00 417	
2981	あれ、いつも修練板の	MAP_I_GAN_22 1074	
	ところにいた官吏だよな		
2985	官吏がアンチのメンバー…	MAP_I_GAN_22 1078	
	考えてみれば		
	その可能性もあるのよね		
2989	アンチだったら	MAP_I_GAN_22 1082	
	とっとと処刑しちまえば		
	いいのによ		
2995	func00_E_EVENT_END1	MAP_D_CAD_00 424	
2997	func00_E_EVENT_END2	MAP_D_CAD_00 425	
2998	func00_E_EVENT_START1	MAP_D_CAD_00 415	
2999	func00_E_EVENT_START2	MAP_D_CAD_00 417	
3001	大丈夫か？	MAP_D_KOU_03 665	
3002	func00_E_EVENT_END1	MAP_D_CAD_00 424	
3003	func00_E_EVENT_END2	MAP_D_CAD_00 425	
3004	シーン初期化	MAP_D_CAD_00 1232	
			
3006	オブジェクト配置	MAP_D_CAD_00 1233	
			
3007	オブジェクトトラップ配置	MAP_D_CAD_00 1235	
			
3008	マップチェンジトラップ配置	MAP_D_CAD_00 1236	
			
3009	ＮＰＣ配置	MAP_D_CAD_00 1248	
			
3010	イベントトラップ配置	MAP_D_CAD_00 1413	
			
3011	ベッド	MAP_I_BAS_10 4760	
3012	ジグのベッド		
3013	本棚	MAP_I_BAS_08 612	
3018	今の部屋はここじゃないな		
3021	タイロン一家のルールが		
	汚い字で書きなぐられている		X
	「親方には全力で挨拶！		
	　朝夕にニラミを利かせて散歩すること		
	　歯みがきは絶対忘れるな！」		
3031	ジグ起床	MAP_I_GAN_23 6722	
			
3040	マキス合鍵その２		
			
3043	リド合鍵その１		
			
3047	マキス合鍵その３		
			
3050	リド合鍵その２		
			
3054	リド合鍵その３		
			
3058	マキス合鍵その４		
			
3061	リド合鍵その３	MAP_I_GAN_25 3054	
