0	■■■ func00_DEBUG_SIGN ■■■	MAP_D_CAD_00 0	
			
1	！！！エラー検出用サブルーチンを通りました！！！	MAP_D_CAD_00 1	
			
2	イビノスシンボル配置しない。フラグ：	MAP_D_CAD_00 2	
4	イビノスシンボル配置する。フラグ：	MAP_D_CAD_00 4	
7	ランカーファイル情報更新	MAP_D_CAD_00 7	
			
8	->旧:	MAP_D_CAD_00 8	
9	 追加:	MAP_D_CAD_00 9	
10	 結果:	MAP_D_CAD_00 10	
12	ランク:	MAP_D_CAD_00 12	
15	ランカー戦勝利・戻り値：	MAP_D_CAD_00 15	
17	ランキング戦を申し込みますか？	MAP_D_CAD_00 17	
18	申し込む	MAP_D_CAD_00 18	
19	やめておく	MAP_D_CAD_00 19	
22	イビノスシンボル倒した。フラグON：	MAP_D_CAD_00 22	
25	イビノス戦：イベント終了？	MAP_D_CAD_00 25	
			
26	スクリプト：未知のモーションタイプが指定されました	MAP_D_CAD_00 26	
			
33	***振り向き判定ＰＣ***	MAP_D_CAD_00 33	
			
34	現在:cmn_r0:	MAP_D_CAD_00 34	
36	目標:cmn_r1:	MAP_D_CAD_00 36	
38	差分:cmn_r2:	MAP_D_CAD_00 38	
40	差分＾２:cmn_r3:	MAP_D_CAD_00 40	
42	閾値＾２:cmn_r4:	MAP_D_CAD_00 42	
44	->pc振り向きません	MAP_D_CAD_00 44	
			
45	->pc振り向きます	MAP_D_CAD_00 45	
			
47	***振り向き判定***	MAP_D_CAD_00 47	
			
48	現在:cmn_r0:	MAP_D_CAD_00 34	
50	目標:cmn_r1:	MAP_D_CAD_00 36	
52	差分:cmn_r2:	MAP_D_CAD_00 38	
54	差分＾２:cmn_r3:	MAP_D_CAD_00 40	
56	閾値＾２:cmn_r4:	MAP_D_CAD_00 42	
58	->npc振り向きません	MAP_D_CAD_00 58	
			
59	->npc振り向きます	MAP_D_CAD_00 59	
			
63	ロード待ち開始	MAP_D_CAD_00 63	
			
64	ロード待ち終了	MAP_D_CAD_00 64	
			
65	{15}0C{14}L00000000を	MAP_D_CAD_00 65	
	手に入れた		
66	{15}0E{14}L00000000を	MAP_D_CAD_00 66	
	手に入れた		
67	{15}0F{14}L00000000を	MAP_D_CAD_00 67	
	手に入れた		
68	{15}0D{14}L00000000を	MAP_D_CAD_00 68	
	手に入れた		
69	{15}10{14}L00000000を	MAP_D_CAD_00 69	
	手に入れた		
70	{15}12{14}L00000000を	MAP_D_CAD_00 70	
	手に入れた		
71	{15}11{14}L00000000を	MAP_D_CAD_00 71	
	手に入れた		
72	{15}13{14}L00000000を{1d}L00000001個	MAP_D_CAD_00 72	
	手に入れた		
73	{15}14{14}L00000000を{1d}L00000001個	MAP_D_CAD_00 73	
	手に入れた		
74	{15}14{14}L00000000を	MAP_D_CAD_00 74	
	手に入れた		
75	{15}1B{14}L00000000を	MAP_D_CAD_00 75	
	手に入れた		
76	{14}L00000000を	MAP_D_CAD_00 76	
	手に入れた		
77	{1d}L00000000Ｂを手に入れた	MAP_D_CAD_00 77	
			
78	num_calc：	MAP_D_CAD_00 78	
80	{15}0C{14}L00000000を	MAP_D_CAD_00 80	
	手渡した		
81	{15}0E{14}L00000000を	MAP_D_CAD_00 81	
	手渡した		
82	{15}0F{14}L00000000を	MAP_D_CAD_00 82	
	手渡した		
83	{15}0D{14}L00000000を	MAP_D_CAD_00 83	
	手渡した		
84	{15}10{14}L00000000を	MAP_D_CAD_00 84	
	手渡した		
85	{15}12{14}L00000000を	MAP_D_CAD_00 85	
	手渡した		
86	{15}11{14}L00000000を	MAP_D_CAD_00 86	
	手渡した		
87	{15}13{14}L00000000を{1d}L00000001個	MAP_D_CAD_00 87	
	手渡した		
88	{15}14{14}L00000000を{1d}L00000001個	MAP_D_CAD_00 88	
	手渡した		
89	{15}14{14}L00000000を	MAP_D_CAD_00 89	
	手渡した		
90	{15}1B{14}L00000000を	MAP_D_CAD_00 90	
	手渡した		
91	{14}L00000000を	MAP_D_CAD_00 91	
	手渡した		
			
92	■■ret0■■：	MAP_D_CAD_00 92	
96	■■ret■■：	MAP_D_CAD_00 96	
98	cmn_option:	MAP_D_CAD_00 98	
106	セーブポイント	MAP_D_CAD_00 106	
107	データ削除ユーティリティを起動します	MAP_D_CAD_00 107	
	ゲームプレイデータのセーブには		
	{1d}L00000001KB以上の空き容量が必要です		
108	ネックタイプ：	MAP_D_CAD_00 108	
110	首の初期化	MAP_D_CAD_00 110	
			
111	ネックタイプ：	MAP_D_CAD_00 108	
115	大橋が	MAP_D_CAD_00 115	
	トラベルマップで使用可能になりました		
116	下区：商業区が	MAP_D_CAD_00 116	
	トラベルマップで使用可能になりました		
117	下区：ランカー居住区が	MAP_D_CAD_00 117	
	トラベルマップで使用可能になりました		
118	下区：闘技場前が	MAP_D_CAD_00 118	
	トラベルマップで使用可能になりました		
119	タイロン租界が	MAP_D_CAD_00 119	
	トラベルマップで使用可能になりました		
120	バザルタ出張所前が	MAP_D_CAD_00 120	
	トラベルマップで使用可能になりました		
121	上区：噴水広場前が	MAP_D_CAD_00 121	
	トラベルマップで使用可能になりました		
122	バザルタ本部前が	MAP_D_CAD_00 122	
	トラベルマップで使用可能になりました		
123	フラグ・フィールド：	MAP_D_CAD_00 123	
125	フラグ・フィールド：	MAP_D_CAD_00 123	
127	ガンドアが	MAP_D_CAD_00 127	
	トラベルマップで使用可能になりました		
128	カンタレラが	MAP_D_CAD_00 128	
	トラベルマップで使用可能になりました		
129	トーロ荒地が	MAP_D_CAD_00 129	
	トラベルマップで使用可能になりました		
130	リブラ森林が	MAP_D_CAD_00 130	
	トラベルマップで使用可能になりました		
131	マイヤールの森が	MAP_D_CAD_00 131	
	トラベルマップで使用可能になりました		
132	ベリエ街道が	MAP_D_CAD_00 132	
	トラベルマップで使用可能になりました		
133	ドネイ回廊が	MAP_D_CAD_00 133	
	トラベルマップで使用可能になりました		
134	ウィルゴー砂漠が	MAP_D_CAD_00 134	
	トラベルマップで使用可能になりました		
135	カドモール水源が	MAP_D_CAD_00 135	
	トラベルマップで使用可能になりました		
136	カルキノス荒地が	MAP_D_CAD_00 136	
	トラベルマップで使用可能になりました		
137	ラ・キット遺跡が	MAP_D_CAD_00 137	
	トラベルマップで使用可能になりました		
138	レオン峡谷が	MAP_D_CAD_00 138	
	トラベルマップで使用可能になりました		
139	ソダー回廊が	MAP_D_CAD_00 139	
	トラベルマップで使用可能になりました		
140	ニシュラ氷河が	MAP_D_CAD_00 140	
	トラベルマップで使用可能になりました		
141	いにしえの回廊が	MAP_D_CAD_00 141	
	トラベルマップで使用可能になりました		
142	フィッシェ街道が	MAP_D_CAD_00 142	
	トラベルマップで使用可能になりました		
143	レゾナール海岸が	MAP_D_CAD_00 143	
	トラベルマップで使用可能になりました		
144	ケイロニア高原が	MAP_D_CAD_00 144	
	トラベルマップで使用可能になりました		
145	ケイロニア砦が	MAP_D_CAD_00 145	
	トラベルマップで使用可能になりました		
146	サルバトーレ離宮が	MAP_D_CAD_00 146	
	トラベルマップで使用可能になりました		
147	リストにないよ？	MAP_D_CAD_00 147	
			
148	_case:	MAP_D_CAD_00 148	
151	「討伐修練【低位１】」の	MAP_D_CAD_00 151	
	クリア条件を満たした！		
152	「討伐修練【低位２】」の	MAP_D_CAD_00 152	
	クリア条件を満たした！		
153	「討伐修練【低位３】」の	MAP_D_CAD_00 153	
	クリア条件を満たした！		
154	「討伐修練【低位４】」の	MAP_D_CAD_00 154	
	クリア条件を満たした！		
155	「討伐修練【低位５】」の	MAP_D_CAD_00 155	
	クリア条件を満たした！		
156	「討伐修練【中位１】」の	MAP_D_CAD_00 156	
	クリア条件を満たした！		
157	「討伐修練【中位２】」の	MAP_D_CAD_00 157	
	クリア条件を満たした！		
158	「討伐修練【高位１】」の	MAP_D_CAD_00 158	
	クリア条件を満たした！		
159	「討伐修練【高位２】」の	MAP_D_CAD_00 159	
	クリア条件を満たした！		
160	「薬草探しの代理人」の	MAP_D_CAD_00 160	
	クリア条件を満たした！		
161	「新商品開発の手伝い」の	MAP_D_CAD_00 161	
	クリア条件を満たした！		
162	「蒼の指環を求めて」の	MAP_D_CAD_00 162	
	クリア条件を満たした！		
163	「雪中の贈り物」の	MAP_D_CAD_00 163	
	クリア条件を満たした！		
164	「加護あることを祈って」の	MAP_D_CAD_00 164	
	クリア条件を満たした！		
165	「追想の白い花」の	MAP_D_CAD_00 165	
	クリア条件を満たした！		
166	「来れ、好運の使者！」の	MAP_D_CAD_00 166	
	クリア条件を満たした！		
167	「武術指南のお願い」の	MAP_D_CAD_00 167	
	クリア条件を満たした！		
168	「行方不明の従業員」の	MAP_D_CAD_00 168	
	クリア条件を満たした！		
169	「スキルチップ収集中」の	MAP_D_CAD_00 169	
	クリア条件を満たした！		
170	「盗難品の行方は」の	MAP_D_CAD_00 170	
	クリア条件を満たした！		
171	「資料集めのアシスタント」の	MAP_D_CAD_00 171	
	クリア条件を満たした！		
172	「河畔の生態系調査」の	MAP_D_CAD_00 172	
	クリア条件を満たした！		
173	「新人官吏を捕獲せよ」の	MAP_D_CAD_00 173	
	クリア条件を満たした！		
174	「黒い積荷の回収」の	MAP_D_CAD_00 174	
	クリア条件を満たした！		
175	「悪徳商売を抑止せよ」の	MAP_D_CAD_00 175	
	クリア条件を満たした！		
176	「新人ランカー襲撃事件」の	MAP_D_CAD_00 176	
	クリア条件を満たした！		
177	「優しい猛者、募集中」の	MAP_D_CAD_00 177	
	クリア条件を満たした！		
178	「異郷からきた尋ね人」の	MAP_D_CAD_00 178	
	クリア条件を満たした！		
179	「勇壮なる護衛の依頼」の	MAP_D_CAD_00 179	
	クリア条件を満たした！		
180	「赫の指環を求めて」の	MAP_D_CAD_00 180	
	クリア条件を満たした！		
181	「闘技場の害獣駆除」の	MAP_D_CAD_00 181	
	クリア条件を満たした！		
182	「回覧板配達人」の	MAP_D_CAD_00 182	
	クリア条件を満たした！		
183	「討伐修練【緊急】」の	MAP_D_CAD_00 183	
	クリア条件を満たした！		
184	「鉱物資源の収集【緊急】」の	MAP_D_CAD_00 184	
	クリア条件を満たした！		
185	「タリー石を探せ」の	MAP_D_CAD_00 185	
	クリア条件を満たした！		
186	「甘梅草を探せ」の	MAP_D_CAD_00 186	
	クリア条件を満たした！		
187	「衛兵の剣の没収」の	MAP_D_CAD_00 187	
	クリア条件を満たした！		
188	「衛兵の剣の返却」の	MAP_D_CAD_00 188	
	クリア条件を満たした！		
189	「森のイビノス駆除【重大】」の	MAP_D_CAD_00 189	
	クリア条件を満たした！		
190	「回廊のイビノス駆除【重大】」の	MAP_D_CAD_00 190	
	クリア条件を満たした！		
191	「七騎士認定修練【重大】」の	MAP_D_CAD_00 191	
	クリア条件を満たした！		
192	ガンドアが	MAP_D_CAD_00 192	
	トラベルマップで通行可能になりました		
193	ガンドアが	MAP_D_CAD_00 193	
	トラベルマップで通行不能になりました		
194	カンタレラが	MAP_D_CAD_00 194	
	トラベルマップで通行可能になりました		
195	カンタレラが	MAP_D_CAD_00 195	
	トラベルマップで通行不能になりました		
196	トーロ荒地が	MAP_D_CAD_00 196	
	トラベルマップで通行可能になりました		
197	トーロ荒地が	MAP_D_CAD_00 197	
	トラベルマップで通行不能になりました		
198	リブラ森林が	MAP_D_CAD_00 198	
	トラベルマップで通行可能になりました		
199	リブラ森林が	MAP_D_CAD_00 199	
	トラベルマップで通行不能になりました		
200	マイヤールの森が	MAP_D_CAD_00 200	
	トラベルマップで通行可能になりました		
201	マイヤールの森が	MAP_D_CAD_00 201	
	トラベルマップで通行不能になりました		
202	ベリエ街道が	MAP_D_CAD_00 202	
	トラベルマップで通行可能になりました		
203	ベリエ街道が	MAP_D_CAD_00 203	
	トラベルマップで通行不能になりました		
204	ドネイ回廊が	MAP_D_CAD_00 204	
	トラベルマップで通行可能になりました		
205	ドネイ回廊が	MAP_D_CAD_00 205	
	トラベルマップで通行不能になりました		
206	ウィルゴー砂漠が	MAP_D_CAD_00 206	
	トラベルマップで通行可能になりました		
207	ウィルゴー砂漠が	MAP_D_CAD_00 207	
	トラベルマップで通行不能になりました		
208	カドモール水源が	MAP_D_CAD_00 208	
	トラベルマップで通行可能になりました		
209	カドモール水源が	MAP_D_CAD_00 209	
	トラベルマップで通行不能になりました		
210	カルキノス荒地が	MAP_D_CAD_00 210	
	トラベルマップで通行可能になりました		
211	カルキノス荒地が	MAP_D_CAD_00 211	
	トラベルマップで通行不能になりました		
212	ラ・キット遺跡が	MAP_D_CAD_00 212	
	トラベルマップで通行可能になりました		
213	ラ・キット遺跡が	MAP_D_CAD_00 213	
	トラベルマップで通行不能になりました		
214	レオン峡谷が	MAP_D_CAD_00 214	
	トラベルマップで通行可能になりました		
215	レオン峡谷が	MAP_D_CAD_00 215	
	トラベルマップで通行不能になりました		
216	ソダー回廊が	MAP_D_CAD_00 216	
	トラベルマップで通行可能になりました		
217	ソダー回廊が	MAP_D_CAD_00 217	
	トラベルマップで通行不能になりました		
218	ニシュラ氷河が	MAP_D_CAD_00 218	
	トラベルマップで通行可能になりました		
219	ニシュラ氷河が	MAP_D_CAD_00 219	
	トラベルマップで通行不能になりました		
220	いにしえの回廊が	MAP_D_CAD_00 220	
	トラベルマップで通行可能になりました		
221	いにしえの回廊が	MAP_D_CAD_00 221	
	トラベルマップで通行不能になりました		
222	フィッシェ街道が	MAP_D_CAD_00 222	
	トラベルマップで通行可能になりました		
223	フィッシェ街道が	MAP_D_CAD_00 223	
	トラベルマップで通行不能になりました		
224	レゾナール海岸が	MAP_D_CAD_00 224	
	トラベルマップで通行可能になりました		
225	レゾナール海岸が	MAP_D_CAD_00 225	
	トラベルマップで通行不能になりました		
226	ケイロニア高原が	MAP_D_CAD_00 226	
	トラベルマップで通行可能になりました		
227	ケイロニア高原が	MAP_D_CAD_00 227	
	トラベルマップで通行不能になりました		
228	ケイロニア砦が	MAP_D_CAD_00 228	
	トラベルマップで通行可能になりました		
229	ケイロニア砦が	MAP_D_CAD_00 229	
	トラベルマップで通行不能になりました		
230	サルバトーレ離宮が	MAP_D_CAD_00 230	
	トラベルマップで通行可能になりました		
231	サルバトーレ離宮が	MAP_D_CAD_00 231	
	トラベルマップで通行不能になりました		
232	リストにないよ？	MAP_D_CAD_00 147	
			
233	シーン初期化	MAP_D_CAD_00 1232	
			
234	オブジェクト配置	MAP_D_CAD_00 1233	
			
235	オブジェクトトラップ配置	MAP_D_CAD_00 1235	
			
236	マップチェンジトラップ配置	MAP_D_CAD_00 1236	
			
238	ＮＰＣ配置	MAP_D_CAD_00 1248	
			
243	健康管理担当君	Doctor	
245	メイク担当君	Makeup Artist	
247	衣装担当君	Clothier	
250	【ハガネソウル】は		
	{13}01弓使いの天敵{13}00よ…		
	試してみるといいわ		X
	あら、お化粧が…		
	イヤン！		
	見ちゃダメ！		
253	あらあらあらあらまぁ！		X
	なんってかわいい		
	ボウヤなんでしょン！		
	好みだわっ！		X
	あたしはイザベラ		
	ボウヤみたいな子は		
	大歓迎だから		X
	い・つ・で・も		
	訪ねてきてねン！		
255	うふっ、いいわぁ～！		
	そのほっぺに		
	チュウしてあげたいっ！		
257	ちょっとボウヤ		
	その腕に巻いているの		
	タイロン一家の証ぃ？		X
	もぉ、おいたはダメよ！		
	そんなの外して		
	あたしのとこに来てン？		X
	ボウヤみたいな		
	かわいい子が来てくれたら		
	イザベラうれし～っ！		
259	うちは待遇いいわよン！		
	三食昼寝おやつ付き！		X
	ご希望なら…		
	あたしが添い寝を		
	してあげちゃうン！		
261	七騎士への挑戦		
	ちょっと興味あるわン		X
	七騎士になったら		
	世界中の美青年を集めて		X
	イザベラファミリーを		
	結成するのよン！		
263	ボウヤ、今フリー？		
	それならうちに		
	来ましょうよン！		
266	いや、断る		
269	アン！		
	そのツレナイところも		
	かわいいわ～！		X
	あたし、本気に		
	なっちゃいそう！		
271	うちに来たくなったら		
	いつでもいってねン		
	まってるわ、うふっ！		
273	昔はあたしも		
	ランクを上げようと		
	必死だったけど		X
	それなりのものを		
	手に入れたら		
	満足しちゃったの…		X
	でも…		
	最近いろんなチャンスが		
	転がってるじゃない？		X
	もっと貧欲にいかなくちゃ		
	いけないなって思ったの		X
	…ということで		
	ボウヤ、うちに来てン！		
	何度でもスカウトするわ！		
275	ちょっとクセのある黒髪		
	宝石みたいな赤い瞳		
	無愛想な口元…		X
	やん、もぉっ！		
	かわいすぎるじゃない！		
277	ボウヤ、どこか遠くに		
	行ってなかった？		X
	窓の外を眺めていても		
	ボウヤの姿を		
	見かけなくって		X
	あたし、すごーーく		
	寂しかったのよン！		
279	ちょっと修練をこなして		
	貯金を増やしたの！		X
	このお金で		
	うちの子たちの		
	お洋服を買うのよ		X
	ボウヤも欲しい？		
	素敵なの		
	買ってあげるわよン！		
281	海岸には		
	行っちゃダメよ？		X
	激戦になりそうだから		
	ボウヤが怪我しちゃうかも		
	しれないもの！		
283	ボウヤ		
	海岸に行ったの！？		X
	あなたみたいな		
	かわいいボウヤに		
	もし何かあったら…		X
	あたし悲しくて		
	アンチも機構も		
	ブン殴っちゃうわよン！		
285	ボウヤ、聞いて		X
	うちの隣の家は		
	一見ただの空き家だけれど		
	実際は機構への抜け道よ		X
	…機構本部を		
	叩くんでしょう？		
	気をつけていくのよ		
288	…どうして知っている？		
291	上区を通るボウヤのこと		
	ずっと見ていたもの！		
	かわいいから！		
293	…………	MAP_D_CAD_00 242	
295	あはん！		
	眉をしかめた顔も		
	かわいいわン！		X
	…まあ、それはともかく		
	実はあたしね		
	マキスとお友達なの		X
	だから…ね！		
	ボウヤのこと見ていたのも		
	嘘じゃないけど！		
298	それならその情報		
	マキスに言ってやれば		
	よかったんじゃないか？		
301	だって、マキスったら		
	最近ちっとも		
	来てくれないしー		X
	今回くらいは		
	真っ先に来るかと思ったら		
	音沙汰なしよン！		X
	自分から来てくれた		
	ボウヤの方が		
	よっぽど優しいわ！		X
	…ってことで		
	いってらっしゃいジグ		X
	あとでたくさん		
	感謝しにきてくれて		
	いいからねン！		
303	機構本部へは		
	隣の家からいけるわン		X
	気をつけてね、ジグ		
	応援してるわ～！		
305	あらあらン！		
	かわいい七騎士様が		
	来てくれたじゃない！		X
	七騎士様ぁ		
	きてくれた記念に		
	ハグしてもいいかしらン？		
308	だめだ		
311	あら寂しい～！		
	でもあたし		
	あきらめないからねン！		
313	あらあらン！		
	かわいい七騎士様が		
	来てくれたじゃない！		X
	七騎士様ぁ		
	きてくれた記念に		
	ハグしてもいいかしらン？		X
	ほらほら		
	この前のお礼も		
	もらってないでしょ～？		
315	…………	MAP_D_CAD_00 242	
317	じゃあ決まり！		
	ほら、こっちきてン！		
319	ジグジグかわいい！		
	大好きよン！		
321	…………	MAP_D_CAD_00 242	
323	うふっ！		
	さあ、七騎士のお仕事		
	頑張ってねン！		
325	応援してるわボウヤ		
	がんばってねン！		
327	あの空、趣味が悪いわン		
	全然美しくない！		X
	ボウヤが七騎士として		
	無事にあの空を		
	直してくれたときは		X
	あたし		
	何でもしてア・ゲ・ル！		
331	格好いいボウヤも		
	好きだけど…		
	かわいいままの方が好き！		
334	あたしと戦う？	I'm so happy that a cute boy like you would take the time to pay me a visit!	
	ボウヤから誘われるなんて		
	嬉しいわン！		
341	ボウヤ、ぺしゃんこに	I won't let you flatten my ample bosom!	
	ならないように		
	しっかり守るのよ！		
347	ボウヤ…強い…！	You're strong!	X
	あなたになら	I can certainly entrust you with my [Soul of Steel].	
	【ハガネソウル】を		
	託せるわ…		X
	{13}01どんな強力な攻撃にも{13}00	It hardens your resolve to the point that you {13}01won't flinch in the face of even the strongest attacks{13}00!	
	{13}01ひるまなくなる{13}00		
	肉体の芸術よ…！		
349	残念すぎるわぁ…		
	ボウヤと一緒に		
	汗をかきたかったのに！		
352	ぼ、ぼくはイザベラ様の		
	健康管理担当です		
	よろしくおねがいします		
354	イザベラ様の美容と健康は		
	たくさんの食材や薬で		
	保たれています		X
	…保たれているというか		
	作られています？		
356	えっと…		
	参加してもしなくても		
	いいと思います…		
358	うちで働いて		
	くれるんですか？		
	友達が増えて嬉しいなぁ		
360	ぼくもここで		
	やり直している最中です		
	…がんばりましょうね		
362	長いものに巻かれていれば		
	それなりに安泰だと		
	思うんです！		
364	て、手伝いたいんですけど		
	ぼくも手一杯で…！		
366	アンチ討伐…		
	殺し合いは、いやだ…		
368	い、生きてますか…？		
	よかった…		
370	ぼくは戦いで大怪我をして		
	一度死にかけて		
	それ以来戦えないんです		X
	この世界は		
	戦えない戦士なんて		
	必要としていません		X
	だから…		
	慣れない仕事ですけど		
	ここでがんばるんです！		
372	七騎士ジグさん		
	いらっしゃい！		
374	がんばりすぎちゃ		
	だめですよ、ジグさん！		
376	わたしはイザベラ様の		
	メイク担当です		
	よろしくおねがいします		
378	イザベラ様の化粧品は		
	何度も厳選して決めた		
	最上級品なのです		
380	イザベラ様のお顔に		
	太刀傷がついては困ります		
	参加しなくて正解です		
382	ちょうどイザベラ様の		
	マッサージ担当が		
	空席ですよ		
384	やり直しが効いたのは		
	本当に幸運だと思います		
	がんばってください		
386	イザベラ様に仇なす方が		
	わたしたちにとって		
	悪なのです		
388	どうかなさいましたか？		
	イザベラ様が許可なされば		
	お手伝いできますが…		
390	人を討伐するというのは		
	ランキング戦と異なります		
	…お気をつけて		
392	海岸でお怪我を		
	されませんでしたか？		
	手当ては必要でしょうか？		
394	われわれは		
	戦えなくなった		
	元ランカーでした…		X
	生きる術のないところを		
	イザベラ様が		
	迎えてくれたのです		
396	いらっしゃいませ		
	七騎士ジグ様！		
398	ジグ様に		
	エールを送ります！		
	ご健闘を！		
400	わたしはイザベラ様の		
	衣装担当です		
	よろしくおねがいします		
402	イザベラ様の鎧は		
	特注品です		
	色には特にこだわりました		
404	イザベラ様ならば		
	七騎士も狙えるだろうに		
	もったいないですね		
406	行くところがないならば		
	うちで働きませんか？		
408	イザベラ様があなたを		
	応援したいそうです		
	がんばってください		
410	アンチも機構も		
	わたしには関係ありません		
	ただイザベラ様に従います		
412	誰かお探しですか？		
	イザベラ様の命ならば		
	町中探してきますが…		
414	あなたが傷つくと		
	イザベラ様が悲しがります		
	準備は万全にしてください		
416	戦いは厳しくなっています		
	どうかお気をつけて…		
418	こんなとき		
	戦えないわれわれを		X
	イザベラ様が		
	守ってくださるのです		
420	いらっしゃいませ	MAP_I_GAN_18 396	
	七騎士ジグ様！		
422	ジグ様、イザベラ様が		
	あなたの無事を		
	祈ってらっしゃいます		
423	イベントトラップ配置	MAP_D_CAD_00 1413	
			
424	色とりどりの瓶	Multicolored Pot	
426	様々な瓶が並べられている		
	何に使うか全くわからない		
430	おや…あなたも美容に		
	興味がおありで？		
435	いや、おれは…		
439	残念です		
	でも、あなたはそのままが		
	一番かもしれませんね		
441	様々な瓶が並べられている		
	ビヨウに関係がある品らしい		
455	OBJ_NPC00	MAP_D_CAN_00 1060	
