0	■■■ func00_DEBUG_SIGN ■■■	MAP_D_CAD_00 0			
					
1	！！！エラー検出用サブルーチンを通りました！！！	MAP_D_CAD_00 1			
					
2	イビノスシンボル配置しない。フラグ：	MAP_D_CAD_00 2			
4	イビノスシンボル配置する。フラグ：	MAP_D_CAD_00 4			
7	ランカーファイル情報更新	MAP_D_CAD_00 7			
					
8	->旧:	MAP_D_CAD_00 8			
9	 追加:	MAP_D_CAD_00 9			
10	 結果:	MAP_D_CAD_00 10			
12	ランク:	MAP_D_CAD_00 12			
15	ランカー戦勝利・戻り値：	MAP_D_CAD_00 15			
17	ランキング戦を申し込みますか？	MAP_D_CAD_00 17			
18	申し込む	MAP_D_CAD_00 18			
19	やめておく	MAP_D_CAD_00 19			
22	イビノスシンボル倒した。フラグON：	MAP_D_CAD_00 22			
25	イビノス戦：イベント終了？	MAP_D_CAD_00 25			
					
26	スクリプト：未知のモーションタイプが指定されました	MAP_D_CAD_00 26			
					
33	***振り向き判定ＰＣ***	MAP_D_CAD_00 33			
					
34	現在:cmn_r0:	MAP_D_CAD_00 34			
36	目標:cmn_r1:	MAP_D_CAD_00 36			
38	差分:cmn_r2:	MAP_D_CAD_00 38			
40	差分＾２:cmn_r3:	MAP_D_CAD_00 40			
42	閾値＾２:cmn_r4:	MAP_D_CAD_00 42			
44	->pc振り向きません	MAP_D_CAD_00 44			
					
45	->pc振り向きます	MAP_D_CAD_00 45			
					
47	***振り向き判定***	MAP_D_CAD_00 47			
					
48	現在:cmn_r0:	MAP_D_CAD_00 34			
50	目標:cmn_r1:	MAP_D_CAD_00 36			
52	差分:cmn_r2:	MAP_D_CAD_00 38			
54	差分＾２:cmn_r3:	MAP_D_CAD_00 40			
56	閾値＾２:cmn_r4:	MAP_D_CAD_00 42			
58	->npc振り向きません	MAP_D_CAD_00 58			
					
59	->npc振り向きます	MAP_D_CAD_00 59			
					
63	ロード待ち開始	MAP_D_CAD_00 63			
					
64	ロード待ち終了	MAP_D_CAD_00 64			
					
65	{15}0C{14}L00000000を	MAP_D_CAD_00 65			
	手に入れた				
66	{15}0E{14}L00000000を	MAP_D_CAD_00 66			
	手に入れた				
67	{15}0F{14}L00000000を	MAP_D_CAD_00 67			
	手に入れた				
68	{15}0D{14}L00000000を	MAP_D_CAD_00 68			
	手に入れた				
69	{15}10{14}L00000000を	MAP_D_CAD_00 69			
	手に入れた				
70	{15}12{14}L00000000を	MAP_D_CAD_00 70			
	手に入れた				
71	{15}11{14}L00000000を	MAP_D_CAD_00 71			
	手に入れた				
72	{15}13{14}L00000000を{1d}L00000001個	MAP_D_CAD_00 72			
	手に入れた				
73	{15}14{14}L00000000を{1d}L00000001個	MAP_D_CAD_00 73			
	手に入れた				
74	{15}14{14}L00000000を	MAP_D_CAD_00 74			
	手に入れた				
75	{15}1B{14}L00000000を	MAP_D_CAD_00 75			
	手に入れた				
76	{14}L00000000を	MAP_D_CAD_00 76			
	手に入れた				
77	{1d}L00000000Ｂを手に入れた	MAP_D_CAD_00 77			
					
78	num_calc：	MAP_D_CAD_00 78			
80	{15}0C{14}L00000000を	MAP_D_CAD_00 80			
	手渡した				
81	{15}0E{14}L00000000を	MAP_D_CAD_00 81			
	手渡した				
82	{15}0F{14}L00000000を	MAP_D_CAD_00 82			
	手渡した				
83	{15}0D{14}L00000000を	MAP_D_CAD_00 83			
	手渡した				
84	{15}10{14}L00000000を	MAP_D_CAD_00 84			
	手渡した				
85	{15}12{14}L00000000を	MAP_D_CAD_00 85			
	手渡した				
86	{15}11{14}L00000000を	MAP_D_CAD_00 86			
	手渡した				
87	{15}13{14}L00000000を{1d}L00000001個	MAP_D_CAD_00 87			
	手渡した				
88	{15}14{14}L00000000を{1d}L00000001個	MAP_D_CAD_00 88			
	手渡した				
89	{15}14{14}L00000000を	MAP_D_CAD_00 89			
	手渡した				
90	{15}1B{14}L00000000を	MAP_D_CAD_00 90			
	手渡した				
91	{14}L00000000を	MAP_D_CAD_00 91			
	手渡した				
					
92	■■ret0■■：	MAP_D_CAD_00 92			
96	■■ret■■：	MAP_D_CAD_00 96			
98	cmn_option:	MAP_D_CAD_00 98			
106	セーブポイント	MAP_D_CAD_00 106			
107	データ削除ユーティリティを起動します	MAP_D_CAD_00 107			
	ゲームプレイデータのセーブには				
	{1d}L00000001KB以上の空き容量が必要です				
108	ネックタイプ：	MAP_D_CAD_00 108			
110	首の初期化	MAP_D_CAD_00 110			
					
111	ネックタイプ：	MAP_D_CAD_00 108			
115	大橋が	MAP_D_CAD_00 115			
	トラベルマップで使用可能になりました				
116	下区：商業区が	MAP_D_CAD_00 116			
	トラベルマップで使用可能になりました				
117	下区：ランカー居住区が	MAP_D_CAD_00 117			
	トラベルマップで使用可能になりました				
118	下区：闘技場前が	MAP_D_CAD_00 118			
	トラベルマップで使用可能になりました				
119	タイロン租界が	MAP_D_CAD_00 119			
	トラベルマップで使用可能になりました				
120	バザルタ出張所前が	MAP_D_CAD_00 120			
	トラベルマップで使用可能になりました				
121	上区：噴水広場前が	MAP_D_CAD_00 121			
	トラベルマップで使用可能になりました				
122	バザルタ本部前が	MAP_D_CAD_00 122			
	トラベルマップで使用可能になりました				
123	フラグ・フィールド：	MAP_D_CAD_00 123			
125	フラグ・フィールド：	MAP_D_CAD_00 123			
127	ガンドアが	MAP_D_CAD_00 127			
	トラベルマップで使用可能になりました				
128	カンタレラが	MAP_D_CAD_00 128			
	トラベルマップで使用可能になりました				
129	トーロ荒地が	MAP_D_CAD_00 129			
	トラベルマップで使用可能になりました				
130	リブラ森林が	MAP_D_CAD_00 130			
	トラベルマップで使用可能になりました				
131	マイヤールの森が	MAP_D_CAD_00 131			
	トラベルマップで使用可能になりました				
132	ベリエ街道が	MAP_D_CAD_00 132			
	トラベルマップで使用可能になりました				
133	ドネイ回廊が	MAP_D_CAD_00 133			
	トラベルマップで使用可能になりました				
134	ウィルゴー砂漠が	MAP_D_CAD_00 134			
	トラベルマップで使用可能になりました				
135	カドモール水源が	MAP_D_CAD_00 135			
	トラベルマップで使用可能になりました				
136	カルキノス荒地が	MAP_D_CAD_00 136			
	トラベルマップで使用可能になりました				
137	ラ・キット遺跡が	MAP_D_CAD_00 137			
	トラベルマップで使用可能になりました				
138	レオン峡谷が	MAP_D_CAD_00 138			
	トラベルマップで使用可能になりました				
139	ソダー回廊が	MAP_D_CAD_00 139			
	トラベルマップで使用可能になりました				
140	ニシュラ氷河が	MAP_D_CAD_00 140			
	トラベルマップで使用可能になりました				
141	いにしえの回廊が	MAP_D_CAD_00 141			
	トラベルマップで使用可能になりました				
142	フィッシェ街道が	MAP_D_CAD_00 142			
	トラベルマップで使用可能になりました				
143	レゾナール海岸が	MAP_D_CAD_00 143			
	トラベルマップで使用可能になりました				
144	ケイロニア高原が	MAP_D_CAD_00 144			
	トラベルマップで使用可能になりました				
145	ケイロニア砦が	MAP_D_CAD_00 145			
	トラベルマップで使用可能になりました				
146	サルバトーレ離宮が	MAP_D_CAD_00 146			
	トラベルマップで使用可能になりました				
147	リストにないよ？	MAP_D_CAD_00 147			
					
148	_case:	MAP_D_CAD_00 148			
151	「討伐修練【低位１】」の	MAP_D_CAD_00 151			
	クリア条件を満たした！				
152	「討伐修練【低位２】」の	MAP_D_CAD_00 152			
	クリア条件を満たした！				
153	「討伐修練【低位３】」の	MAP_D_CAD_00 153			
	クリア条件を満たした！				
154	「討伐修練【低位４】」の	MAP_D_CAD_00 154			
	クリア条件を満たした！				
155	「討伐修練【低位５】」の	MAP_D_CAD_00 155			
	クリア条件を満たした！				
156	「討伐修練【中位１】」の	MAP_D_CAD_00 156			
	クリア条件を満たした！				
157	「討伐修練【中位２】」の	MAP_D_CAD_00 157			
	クリア条件を満たした！				
158	「討伐修練【高位１】」の	MAP_D_CAD_00 158			
	クリア条件を満たした！				
159	「討伐修練【高位２】」の	MAP_D_CAD_00 159			
	クリア条件を満たした！				
160	「薬草探しの代理人」の	MAP_D_CAD_00 160			
	クリア条件を満たした！				
161	「新商品開発の手伝い」の	MAP_D_CAD_00 161			
	クリア条件を満たした！				
162	「蒼の指環を求めて」の	MAP_D_CAD_00 162			
	クリア条件を満たした！				
163	「雪中の贈り物」の	MAP_D_CAD_00 163			
	クリア条件を満たした！				
164	「加護あることを祈って」の	MAP_D_CAD_00 164			
	クリア条件を満たした！				
165	「追想の白い花」の	MAP_D_CAD_00 165			
	クリア条件を満たした！				
166	「来れ、好運の使者！」の	MAP_D_CAD_00 166			
	クリア条件を満たした！				
167	「武術指南のお願い」の	MAP_D_CAD_00 167			
	クリア条件を満たした！				
168	「行方不明の従業員」の	MAP_D_CAD_00 168			
	クリア条件を満たした！				
169	「スキルチップ収集中」の	MAP_D_CAD_00 169			
	クリア条件を満たした！				
170	「盗難品の行方は」の	MAP_D_CAD_00 170			
	クリア条件を満たした！				
171	「資料集めのアシスタント」の	MAP_D_CAD_00 171			
	クリア条件を満たした！				
172	「河畔の生態系調査」の	MAP_D_CAD_00 172			
	クリア条件を満たした！				
173	「新人官吏を捕獲せよ」の	MAP_D_CAD_00 173			
	クリア条件を満たした！				
174	「黒い積荷の回収」の	MAP_D_CAD_00 174			
	クリア条件を満たした！				
175	「悪徳商売を抑止せよ」の	MAP_D_CAD_00 175			
	クリア条件を満たした！				
176	「新人ランカー襲撃事件」の	MAP_D_CAD_00 176			
	クリア条件を満たした！				
177	「優しい猛者、募集中」の	MAP_D_CAD_00 177			
	クリア条件を満たした！				
178	「異郷からきた尋ね人」の	MAP_D_CAD_00 178			
	クリア条件を満たした！				
179	「勇壮なる護衛の依頼」の	MAP_D_CAD_00 179			
	クリア条件を満たした！				
180	「赫の指環を求めて」の	MAP_D_CAD_00 180			
	クリア条件を満たした！				
181	「闘技場の害獣駆除」の	MAP_D_CAD_00 181			
	クリア条件を満たした！				
182	「回覧板配達人」の	MAP_D_CAD_00 182			
	クリア条件を満たした！				
183	「討伐修練【緊急】」の	MAP_D_CAD_00 183			
	クリア条件を満たした！				
184	「鉱物資源の収集【緊急】」の	MAP_D_CAD_00 184			
	クリア条件を満たした！				
185	「タリー石を探せ」の	MAP_D_CAD_00 185			
	クリア条件を満たした！				
186	「甘梅草を探せ」の	MAP_D_CAD_00 186			
	クリア条件を満たした！				
187	「衛兵の剣の没収」の	MAP_D_CAD_00 187			
	クリア条件を満たした！				
188	「衛兵の剣の返却」の	MAP_D_CAD_00 188			
	クリア条件を満たした！				
189	「森のイビノス駆除【重大】」の	MAP_D_CAD_00 189			
	クリア条件を満たした！				
190	「回廊のイビノス駆除【重大】」の	MAP_D_CAD_00 190			
	クリア条件を満たした！				
191	「七騎士認定修練【重大】」の	MAP_D_CAD_00 191			
	クリア条件を満たした！				
192	ガンドアが	MAP_D_CAD_00 192			
	トラベルマップで通行可能になりました				
193	ガンドアが	MAP_D_CAD_00 193			
	トラベルマップで通行不能になりました				
194	カンタレラが	MAP_D_CAD_00 194			
	トラベルマップで通行可能になりました				
195	カンタレラが	MAP_D_CAD_00 195			
	トラベルマップで通行不能になりました				
196	トーロ荒地が	MAP_D_CAD_00 196			
	トラベルマップで通行可能になりました				
197	トーロ荒地が	MAP_D_CAD_00 197			
	トラベルマップで通行不能になりました				
198	リブラ森林が	MAP_D_CAD_00 198			
	トラベルマップで通行可能になりました				
199	リブラ森林が	MAP_D_CAD_00 199			
	トラベルマップで通行不能になりました				
200	マイヤールの森が	MAP_D_CAD_00 200			
	トラベルマップで通行可能になりました				
201	マイヤールの森が	MAP_D_CAD_00 201			
	トラベルマップで通行不能になりました				
202	ベリエ街道が	MAP_D_CAD_00 202			
	トラベルマップで通行可能になりました				
203	ベリエ街道が	MAP_D_CAD_00 203			
	トラベルマップで通行不能になりました				
204	ドネイ回廊が	MAP_D_CAD_00 204			
	トラベルマップで通行可能になりました				
205	ドネイ回廊が	MAP_D_CAD_00 205			
	トラベルマップで通行不能になりました				
206	ウィルゴー砂漠が	MAP_D_CAD_00 206			
	トラベルマップで通行可能になりました				
207	ウィルゴー砂漠が	MAP_D_CAD_00 207			
	トラベルマップで通行不能になりました				
208	カドモール水源が	MAP_D_CAD_00 208			
	トラベルマップで通行可能になりました				
209	カドモール水源が	MAP_D_CAD_00 209			
	トラベルマップで通行不能になりました				
210	カルキノス荒地が	MAP_D_CAD_00 210			
	トラベルマップで通行可能になりました				
211	カルキノス荒地が	MAP_D_CAD_00 211			
	トラベルマップで通行不能になりました				
212	ラ・キット遺跡が	MAP_D_CAD_00 212			
	トラベルマップで通行可能になりました				
213	ラ・キット遺跡が	MAP_D_CAD_00 213			
	トラベルマップで通行不能になりました				
214	レオン峡谷が	MAP_D_CAD_00 214			
	トラベルマップで通行可能になりました				
215	レオン峡谷が	MAP_D_CAD_00 215			
	トラベルマップで通行不能になりました				
216	ソダー回廊が	MAP_D_CAD_00 216			
	トラベルマップで通行可能になりました				
217	ソダー回廊が	MAP_D_CAD_00 217			
	トラベルマップで通行不能になりました				
218	ニシュラ氷河が	MAP_D_CAD_00 218			
	トラベルマップで通行可能になりました				
219	ニシュラ氷河が	MAP_D_CAD_00 219			
	トラベルマップで通行不能になりました				
220	いにしえの回廊が	MAP_D_CAD_00 220			
	トラベルマップで通行可能になりました				
221	いにしえの回廊が	MAP_D_CAD_00 221			
	トラベルマップで通行不能になりました				
222	フィッシェ街道が	MAP_D_CAD_00 222			
	トラベルマップで通行可能になりました				
223	フィッシェ街道が	MAP_D_CAD_00 223			
	トラベルマップで通行不能になりました				
224	レゾナール海岸が	MAP_D_CAD_00 224			
	トラベルマップで通行可能になりました				
225	レゾナール海岸が	MAP_D_CAD_00 225			
	トラベルマップで通行不能になりました				
226	ケイロニア高原が	MAP_D_CAD_00 226			
	トラベルマップで通行可能になりました				
227	ケイロニア高原が	MAP_D_CAD_00 227			
	トラベルマップで通行不能になりました				
228	ケイロニア砦が	MAP_D_CAD_00 228			
	トラベルマップで通行可能になりました				
229	ケイロニア砦が	MAP_D_CAD_00 229			
	トラベルマップで通行不能になりました				
230	サルバトーレ離宮が	MAP_D_CAD_00 230			
	トラベルマップで通行可能になりました				
231	サルバトーレ離宮が	MAP_D_CAD_00 231			
	トラベルマップで通行不能になりました				
232	リストにないよ？	MAP_D_CAD_00 147			
					
233	func00_C_EVENT_START1	MAP_D_CAD_00 233			
236	func00_C_EVENT_START2	MAP_D_CAD_00 238			
241	おい、ジグ	Hey, Zig. The boss wants to see you.			
	親方が呼んでるぞ		X		
	おめえ、なんか	Did you get yourself into trouble?			
	やらかしたのか？				
248	func00_C_EVENT_END1	MAP_D_CAD_00 372			
250	func00_C_EVENT_END2	MAP_D_CAD_00 377			
251	func00_C_EVENT_START1	MAP_D_CAD_00 233			
255	func00_C_EVENT_START2	MAP_D_CAD_00 238			
259	ジグ、遅い！	Zig, you're late!			
262	…………	MAP_D_CAD_00 242			
264	まあ、いいだろ	Meh. It's not really a big deal.			
267	おまえにぴったりの	I've got the perfect training mission for you. Interested?			
	修練があるんだが…				
	興味はあるか？		X		
	…ないとは言わせねえ！	I won't let you say no!			
273	何も言っていない	I'm not saying anything.			
276	口答えかよ…	No backtalk. That's why I'm having you do this mission.			
	だからこんなことに				
	なるんだ		X		
	カンタレラの連中ってのは	Is everyone from Cantelera like you?			
	みんなそうなのかねぇ…				
278	タイロン…	Tylong...			
281	さん！	San!			
285	タイロン…さん	Tylong...san, what are you talking about?			
	なんの話だ？				
289	アンチ・バザルタの連中を	The Seven Knights have started to move against the Anti-Bazalta.			
	この世から排除しようと				
	七騎士が動き出した				
292	アンチ・バザルタ？	Anti-Bazalta?			
295	かーっ、知らねえのか？	What? You don't know about them?	X		
	機構に従わない連中…	They're people who don't acknowledge the authority of the Legion. People like the ones from your home village.			
	たとえば、おまえの				
	故郷の{17}02				
299	カンタレラが！？	You mean Cantelera!?			
304	おうよ！	Exactly!			
309	カンタレラの連中は	The people from Cantelera have nothing to do with the Anti.			
	アンチなんかじゃない		X		
	昔から伝わる儀式を	They're interested in nothing but a boring ritual from long ago.			
	ただ繰り返すだけの				
	退屈な{17}02				
315	その儀式の禁止命令が出た	That ritual is banned by order of the Legion,	X		
	んが、連中はそれを	but the Cantelerans have ignored that order.			
	無視しやがった		X		
	昨日も儀式を	In fact, they performed the ritual just yesterday.			
	やったらしい		X		
	機構をコケにしちゃあ	It was inevitable that they would be branded Anti after thumbing their noses at the Legion like that.			
	アンチと呼ばれても				
	仕方がねえだろーよ		X		
	うちからはおまえを出す	I'm sending you to Cantelera.			
318	カンタレラの連中を	Force the people of Cantelera to obey the Legion's orders.			
	機構の命令に従わせろ		X		
	抵抗したら…抹殺だ	If they resist...annihilate them.			
321	抹殺…	Annihilate...			
323	修練完了のアカシは	Bring me "Heaven's Mirror" as proof that you've completed the training.			
	「天仰鏡」とかいうものを				
	持ってくること				
326	カンタレラを	Annihilate...Cantelera!?			
	抹殺するって！？				
330	とっとと行け！	Hurry up and go!			
332	func00_C_EVENT_END1	MAP_D_CAD_00 372			
333	func00_C_EVENT_END2	MAP_D_CAD_00 377			
334	func00_C_EVENT_START1	MAP_D_CAD_00 233			
339	func00_C_EVENT_START2	MAP_D_CAD_00 238			
343	ジグ、どうした？	What's wrong, Zig? You look pale .			
	顔が青いぞ				
347	マキス…	Makis...			
352	なるほど…	I see...			
	なるほど…				
356	おれはどうしたらいい？	What should I do?			
360	とにかく急いで	We need to get to Cantelera as fast as we can.			
	カンタレラへ行くんだ		X		
	その修練はまだ修練板で	This mission isn't posted on the training board.			
	告知されていない		X		
	つまりまだ指導者連中しか	That means that no one other than those in leadership positions know about it yet.			
	知らないってわけだ		X		
	それをタイロンが	In short, this mission is a direct order from Tylong.			
	ジグに命じたのは…				
364	おれを…試しているのか？	Is he...testing me?			
368	ちがう！	No!	X		
	カンタレラの人たちに	I think he wants you to let the people of Cantelera know that they're in danger.			
	危険を知らせにいけって				
	ことだと思うよ		X		
	そろそろタイロンって人を	You'll come to understand Tylong in due time.			
	わかってあげなよ				
372	func00_C_EVENT_END1	MAP_D_CAD_00 372			
373	func00_C_EVENT_END2	MAP_D_CAD_00 377			
374	func00_C_EVENT_START1	MAP_D_CAD_00 233			
379	func00_C_EVENT_START2	MAP_D_CAD_00 238			
383	おいジグ、親方が	Hey, Zig. The boss wants to see you.			
	呼んでるぞ		X		
	なんだかキゲンが悪いから	He's in a bad mood, so don't say anything stupid.			
	気ぃつけろ				
386	func00_C_EVENT_END1	MAP_D_CAD_00 372			
388	func00_C_EVENT_END2	MAP_D_CAD_00 377			
389	func00_C_EVENT_START1	MAP_D_CAD_00 233			
392	func00_C_EVENT_START2	MAP_D_CAD_00 238			
395	遅い！	You're late! Come as soon as I call you. No, come even before I call you.			
	呼ばれたらすぐに来い				
	いや、呼ばれる前に来い				
399	…無茶だ	Don't be ridiculous.			
403	でな、ジグっち	Come on, Zig-cchi.			
406	ジグっち？	Zig-cchi?.			
409	おまえを買ってるって	Do I have to come right out and say that I hold you in high regard?			
	ことじゃねえか				
412	でも…	Well...			
416	文句あんのか、ジグっち	Do you not want me to call you that, Zig-cchi?			
423	いや、いい	It's fine. Call me whatever you want.			
428	アンチ野郎どもが会合を	Have you heard the rumor that the Anti are about to hold a secret meeting?			
	開くって噂は				
	聞いてるか？		X		
	聞いてなくてもいい	Whether you've heard them or not, that's what's happening.			
	ま、そういうことだ		X		
	場所は…あそこだ…	The meeting site is the [Khadmore Riverbed]!			
	ああ、そうそう				
	【カドモール水源】！		X		
	で、その会合を	Some people have already been sent to crash that little party,			
	ぶっつぶすために				
	派遣されたやつらがいる		X		
	まあ、ザコどもだな	but they're simply cannon fodder. No one of importance.			
	有象無象どもよ		X		
	本格的な征伐作戦前の	It looks like this action is just a reconnaissance mission that will serve as a prelude to the real crackdown.			
	様子見ってことらしい		X		
	ところが、アンチどもが	That said, I've heard that the Anti are ridiculously strong.			
	滅法強いらしくてな…		X		
	このおれっちに	I can't believe the Seven Knights think they can foist their dirty work onto me.			
	尻ぬぐいさせようと				
	七騎士は考えやがった				
431	迷惑な話だぜ、まったくよ！	I've said too much! My point is that I'm sending you to Khadmore.			
	ってわけで、ジグっち				
	おまえ、行ってこい		X		
	わーったな？	Got it? You're acting as the face of the Tylong Family, so don't screw this up!			
	おれっちの代理だぞ？				
	しくじるなよ！				
434	func00_C_EVENT_END1	MAP_D_CAD_00 372			
435	func00_C_EVENT_END2	MAP_D_CAD_00 377			
436	func00_C_EVENT_START1	MAP_D_CAD_00 233			
438	EV01_17_0300B_c04				
443	func00_C_EVENT_START2	MAP_D_CAD_00 238			
447	さーて、早速行くだろ？	Shouldn't we get going?			
452	そうした方がいいんだろ？	Is this really for the best?			
456	もちろん	Of course.	X		
	カンタレラの生き残りが	There might be survivors from Cantelera there.			
	いるかもしれないからね				
460	…………	MAP_D_CAD_00 242			
462	族長の子供たちがいません	The chief's children are nowhere to be found.		X	
464	ふん…	What exactly do you want from me?			
	おれにどうしろと…				
468	わたしの望みはいつだって	My wish for you is the same as it always has been.			
	変わらないよ		X		
	ジグ…	Zig...	X		
	きみにはもっと強くなって	I want you to become stronger, in both body and mind.			
	ほしいんだ				
	心身ともにね				
478	ジグっち！	Zig! Why are you still here!?			
	まだいやがったのか！		X		
	現場は	The meeting is at the [Kadmore Riverbed]!			
	【カドモール水源】だぞ！		X		
	とっとと行って	Get going!			
	ケリをつけてこい！				
489	ジグ、わかるだろ？	Zig, do you understand the subtext? He's questioning your determination to see this through.			
	この修練では、きみの				
	覚悟が問われている				
493	つまり、きみは今	In short, you're at a crossroads.			
	分かれ道に				
	立っているんだ				
494	func00_C_EVENT_END1	MAP_D_CAD_00 372			
495	func00_C_EVENT_END2	MAP_D_CAD_00 377			
496	特命【カドモール水源にてアンチを討伐せよ】	Special Orders [Exterminate the Anti at the Kadmore Riverbed] {13}07Exterminate the Anti-Bazalta at the Kadmore Riverbed. You can get there by way of Virgo Desert.{13}00			
	{13}07カドモール水源にてアンチ・バザルタを討伐せよ				
	これに伴い、カドモール水源への立ち入りを許可する				
	ウィルゴー砂漠を経て現地に向かうべし{13}00				
497	func00_E_EVENT_START1	MAP_D_CAD_00 415			
501	func00_E_EVENT_START2	MAP_D_CAD_00 417			
504	ンマッ！	MAP_D_KOU_00 351			
	きみ、修練を受けに来た				
	ランカーくん？				
508	どんな修練だ？	MAP_D_CAD_00 912			
512	盗難事件の解決よ！	MAP_D_KOU_00 359			
514	修練「盗難品の行方は」	MAP_D_KOU_00 361			
	に参加しますか？				
515	参加する	MAP_D_CAD_00 919			
516	参加しない	MAP_D_CAD_00 920			
521	それじゃはやく	MAP_D_KOU_00 368			
	この問題を解決して				
	ちょうだいっ！				
523	もう、怒りと悲しみと	MAP_D_KOU_00 370			
	焦りと不安で				
	どうにかなりそう！				
527	落ち着いてくれ	MAP_D_KOU_00 374			
	何がどうなったんだ？				
531	盗まれたのよ！	MAP_D_KOU_00 378			
	ウチの大事な商品が！				
	たっか～い盾が！				
533	しかもね、犯人は	MAP_D_KOU_00 380			
	愉快犯らしいのよ！				
535	こんなメモ残して！	MAP_D_KOU_00 382			
	ムキィィィッ！				
537	鉄道の駅に掛けられた表	MAP_D_KOU_00 384			
	記された数字の羅列は				
	旅立ちの時刻を示す				
540	これは…	MAP_D_KOU_00 387			
	どういうことだ？				
544	ンマッ、知らないわよ！	MAP_D_KOU_00 391			
	それを解読するのが				
	きみの役目じゃない				
548	高位ランカーなんだから	MAP_D_KOU_00 395			
	これくらい楽勝でしょ！？				
	信じてるからね！				
550	func00_E_EVENT_END1	MAP_D_CAD_00 424			
552	func00_E_EVENT_END2	MAP_D_CAD_00 425			
555	なによ！	MAP_D_KOU_00 402			
	違うなら話しかけないで				
557	func00_E_EVENT_END1	MAP_D_CAD_00 424			
558	func00_E_EVENT_END2	MAP_D_CAD_00 425			
559	func00_E_EVENT_START1	MAP_D_CAD_00 415			
561	func00_E_EVENT_START2	MAP_D_CAD_00 417			
563	……ん？	MAP_D_KOU_00 410			
	すみに何か書いてある				
564	ランカーたちが憩う水辺	MAP_D_KOU_00 411			
	並べられたテーブル				
	そのいずれかを調べよ				
565	func00_E_EVENT_END1	MAP_D_CAD_00 424			
566	func00_E_EVENT_END2	MAP_D_CAD_00 425			
567	func00_E_EVENT_START1	MAP_D_CAD_00 415			
569	func00_E_EVENT_START2	MAP_D_CAD_00 417			
571	テーブルクロスの下に	MAP_D_KOU_00 418			
	何か入ってるな				
572	白のベッドが並ぶ、病と傷を治す場所	MAP_D_KOU_00 419			
	治癒の女神に贈られたのは				
	窓辺を飾る赤い花				
573	func00_E_EVENT_END1	MAP_D_CAD_00 424			
574	func00_E_EVENT_END2	MAP_D_CAD_00 425			
575	func00_E_EVENT_START1	MAP_D_CAD_00 415			
577	func00_E_EVENT_START2	MAP_D_CAD_00 417			
579	花瓶の中に	MAP_D_KOU_00 426			
	何か入ってる…				
580	民家の先にたたずむ、戦いの聖地	MAP_D_KOU_00 427			
	戦士たちが控える部屋の				
	片隅にひっそりと置かれた本				
581	func00_E_EVENT_END1	MAP_D_CAD_00 424			
582	func00_E_EVENT_END2	MAP_D_CAD_00 425			
583	func00_E_EVENT_START1	MAP_D_CAD_00 415			
585	func00_E_EVENT_START2	MAP_D_CAD_00 417			
587	………？	MAP_D_KOU_00 434			
	紙がはさまってる				
588	ベアっち	MAP_D_KOU_00 435			
589	func00_E_EVENT_END1	MAP_D_CAD_00 424			
590	func00_E_EVENT_END2	MAP_D_CAD_00 425			
591	func00_E_EVENT_START1	MAP_D_CAD_00 415			
593	func00_E_EVENT_START2	MAP_D_CAD_00 417			
595	ベアっち…	MAP_D_KOU_00 442			
	きっとこの中に…				
597	あった、メモだ！	MAP_D_KOU_00 444			
598	トーロの荒地でおまえを待つ	MAP_D_KOU_00 445			
599	func00_E_EVENT_END1	MAP_D_CAD_00 424			
600	func00_E_EVENT_END2	MAP_D_CAD_00 425			
601	func00_E_EVENT_START1	MAP_D_CAD_00 415			
605	func00_E_EVENT_START2	MAP_D_CAD_00 417			
608	驚いたな	MAP_D_KOU_00 455			
	きみは見かけよりも				
	機知に富んでいるらしい				
612	おまえが盾を盗んだ	MAP_D_KOU_00 459			
	犯人か？				
616	ああそうさ	MAP_D_KOU_00 463			
618	最近、どうにも頭の悪い	MAP_D_KOU_00 465			
	ランカーが増えてきてね				
620	あまりの愚鈍さに	MAP_D_KOU_00 467			
	腹立たしさすら覚えたから				
	おちょくったのさ				
622	正直、子ども向けの	MAP_D_KOU_00 469			
	ナゾナゾだったが				
	解けない奴よりきみは賢い				
626	賢い…か	MAP_D_KOU_00 473			
	はじめて言われたな				
630	おや、それはおめでとう	MAP_D_KOU_00 477			
	これは記念に				
	持っていくといい				
635	さあ、きみはどうするね？	MAP_D_KOU_00 482			
	それを持って帰るかい？				
639	おまえは盗人だ	MAP_D_KOU_00 486			
	だから…				
643	はっ、そうこなくてはな！	MAP_D_KOU_00 490			
645	剣の扱いも	MAP_D_KOU_00 492			
	師を超えて久しく				
	とても退屈していたんだ				
647	負けたらおとなしく	MAP_D_KOU_00 494			
	バザルタに出頭しよう				
652	さあ、賢い青年よ	MAP_D_KOU_00 499			
	試験の時間だ				
657	なるほど、知能以上に	MAP_D_KOU_00 504			
	腕が立つというわけか…				
659	まいったよ	MAP_D_KOU_00 506			
	おとなしく降参しよう				
661	わたしはこのまま	MAP_D_KOU_00 508			
	バザルタに事情を話しに				
	行こうと思う				
663	その盾は	MAP_D_KOU_00 510			
	きみから返しておいて				
	もらえないだろうか				
665	…大変すまないことをした	MAP_D_KOU_00 512			
	と添えてね				
669	…わかった	MAP_D_DNE_04 1319			
673	うん	MAP_D_KOU_00 520			
	では失礼するよ				
679	func00_E_EVENT_END1	MAP_D_CAD_00 424			
680	func00_E_EVENT_END2	MAP_D_CAD_00 425			
681	func00_E_EVENT_START1	MAP_D_CAD_00 415			
685	func00_E_EVENT_START2	MAP_D_CAD_00 417			
688	ンマッ！	MAP_D_KOU_00 535			
	それはウチの盾！！				
693	まあまあまあ！	MAP_D_KOU_00 540			
	ありがとランカーくん！				
697	犯人はバザルタに出頭した	MAP_D_KOU_00 544			
	すまなかったと				
	言っていた				
701	ンマッ、当然よ！	MAP_D_KOU_00 548			
703	もー、二度とこんなことが	MAP_D_KOU_00 550			
	おきないように				
	警備を強化しなきゃ				
705	じゃあこれ、報奨ね	MAP_D_KOU_00 552			
	ありがたく使って				
710	じゃあこの盾を	MAP_D_KOU_00 557			
	保管庫に戻しにいくわ				
	チャオ！				
714	func00_E_EVENT_END1	MAP_D_CAD_00 424			
715	func00_E_EVENT_END2	MAP_D_CAD_00 425			
716	func00_E_EVENT_START1	MAP_D_CAD_00 415			
722	func00_E_EVENT_START2	MAP_D_CAD_00 417			
727	討伐には失敗したけど	MAP_I_BAS_07 2131			
	とにかくタイロンに				
	報告しなくちゃね				
731	…ああ	MAP_D_CAN_04 784			
733	func00_E_EVENT_END1	MAP_D_CAD_00 424			
735	func00_E_EVENT_END2	MAP_D_CAD_00 425			
736	func00_E_EVENT_START1	MAP_D_CAD_00 415			
739	func00_E_EVENT_START2	MAP_D_CAD_00 417			
741	…ふん	MAP_I_BAS_07 2145	X		
	状況はわかった				
	アンチの女か…				
745	よし、ジグっち	MAP_I_BAS_07 2149			
	もう行っていいぞ		X		
	次は失敗しねえように				
	せいぜい鍛えとけよ				
746	func00_E_EVENT_END1	MAP_D_CAD_00 424			
747	func00_E_EVENT_END2	MAP_D_CAD_00 425			
748	func00_E_EVENT_START1	MAP_D_CAD_00 415			
751	func00_E_EVENT_START2	MAP_D_CAD_00 417			
754	カドモール水源にいた	MAP_I_BAS_07 2158			
	鎧の男…		X		
	強かったな…				
	歯が立たなかった…		X		
	おれは本当に				
	強くなっているのか？		X		
	…………		X		
	考えても仕方がない…				
	とにかく修練だ		X		
	強くなるには				
	それしかない…				
758	func00_E_EVENT_END1	MAP_D_CAD_00 424			
760	func00_E_EVENT_END2	MAP_D_CAD_00 425			
761	func00_E_EVENT_START1	MAP_D_CAD_00 415			
768	func00_E_EVENT_START2	MAP_D_CAD_00 417			
776	…タイロン？	MAP_I_BAS_07 2180			
	どうしてこんなところに？				
780	ああ、おまえか…	MAP_I_BAS_07 2184	X		
	おれっちは野暮用だ				
	おまえが気にするような				
	ことじゃねえ		X		
	おまえこそ				
	上区に用事か？				
783	いや、そういうわけじゃ…	MAP_I_BAS_07 2187			
787	はっきりしねえな…	MAP_I_BAS_07 2191			
	おれっちはそういう返事が				
	大嫌いだ！		X		
	いいか、暇なら				
	上区の噴水広場前に				
	行ってこい		X		
	んで、そこのランカーを				
	思い切りぶちのめせ！				
791	上区のランカーを…？	MAP_I_BAS_07 2195			
795	おまえなら	MAP_I_BAS_07 2199			
	全く敵わねえってことも				
	ないだろうよ		X		
	偉そうにしてるヤツらに				
	タイロン一家の恐ろしさを				
	思い知らせてやれ				
799	…ああ	MAP_D_CAN_04 784			
806	ただし、弓使いには	MAP_I_BAS_07 2210			
	注意するこった		X		
	おれっちほどの				
	鋼の肉体があれば				
	問題ねえけどよ		X		
	おまえじゃ				
	ちっと苦労するかもな				
809	…………	MAP_D_CAD_00 242			
813	なに、心配なら	MAP_I_BAS_07 2217			
	体を強化する技でも				
	覚えりゃいい		X		
	確か上区には				
	ゴツい厚化粧男がいた				
	そいつをあたってみな				
818	ゴツい…厚化粧男…？	MAP_I_BAS_07 2222			
823	行きゃわかる	MAP_I_BAS_07 2227			
	…んじゃ、おれっちは				
	帰るからな		X		
	上区のヤツらに				
	一泡吹かせてから				
	帰ってこいよ！				
828	func00_E_EVENT_END1	MAP_D_CAD_00 424			
830	func00_E_EVENT_END2	MAP_D_CAD_00 425			
831	func00_E_EVENT_START1	MAP_D_CAD_00 415			
836	func00_E_EVENT_START2	MAP_D_CAD_00 417			
840	…少しは気が晴れたか？	MAP_I_BAS_07 2244			
844	帰ったんじゃ	MAP_I_BAS_07 2248			
	なかったのか？				
849	ま、ちっとな…	MAP_I_BAS_07 2253			
	それよりおまえは				
	どうなんだ？				
853	おれは…大丈夫だ	MAP_I_BAS_07 2257			
858	ならいい	MAP_I_BAS_07 2262	X		
	あいつらが騒ぐから				
	様子を見に来てやったが…				
	余計な心配だったな				
864	何の話だ？	MAP_D_SIN_00 1051			
869	なんでもねえよ	MAP_I_BAS_07 2273			
	んじゃ、おれは今度こそ				
	帰るからな		X		
	おまえは修練か？				
	適当に切り上げて				
	晩飯までには戻れよ				
873	func00_E_EVENT_END1	MAP_D_CAD_00 424			
876	func00_E_EVENT_END2	MAP_D_CAD_00 425			
877	シーン初期化	MAP_D_CAD_00 1232			
					
879	オブジェクト配置	MAP_D_CAD_00 1233			
					
880	オブジェクトトラップ配置	MAP_D_CAD_00 1235			
					
881	マップチェンジトラップ配置	MAP_D_CAD_00 1236			
					
882	ＮＰＣ配置	MAP_D_CAD_00 1248			
					
887	マキス	MAP_D_CAD_00 1258			
891	あん？				
	おまえのことは				
	リドに任せたはずだぞ				
893	連中に実力見せて				
	認めさせるんだな				
	ま、がんばれ				
895	なんだ？				
	急がねえと				
	後悔することになるぞ？				
897	後悔ってのは				
	タイロン一家の大敵だ				
	持ち込み禁止だ！				
899	ちっと遅かったか…				
901	機構の動きが				
	穏やかじゃねえな		X		
	ったく、面倒ごとは				
	カンベンだぜ				
903	おれっちたちと				
	アンチの連中の				
	違いがわかるか？		X		
	どっちも七騎士に				
	服従しないのは				
	同じだが…		X		
	違いはこっちの方が				
	８倍賢いってことよ		X		
	七騎士とナントカは				
	使いよう…ってな				
905	おれっちは				
	【カドモール水源】へ				
	行けと命じた		X		
	なのにジグっちは				
	まだここにいる…		X		
	わからねえ…				
	おれっちには				
	トンとわからねえ…				
907	おれっちの代理を				
	失敗した責任は重いぞ				
	ジグっち		X		
	罰として				
	便所掃除１週間な！				
908	{14}02A6を返してもらいますか？	MAP_D_CAD_00 1299			
909	はい	MAP_D_CAD_00 432			
910	いいえ	MAP_D_CAD_00 433			
914	おう、そうか	MAP_D_KHI_04 324			
915	{14}02A6を返してもらった	MAP_D_CAD_00 1308			
917	なんだぁ？	MAP_D_KHI_04 328			
918	{14}02A6を持っていません	MAP_D_CAD_00 1313			
920	{14}02A6を渡しますか？	MAP_D_CAD_00 1317			
924	どうだろうな…	MAP_D_KHI_04 337			
	まだちょっと早いな				
926	…サシで飲みたいって	MAP_D_KHI_04 341			
	ことだな？				
	よし、もらっとく				
927	{14}02A6を渡した	MAP_D_CAD_00 1324			
931	…外で話そう				
937	ああ、わかったよ	MAP_D_CAD_00 1306			
941	どうしたんだい？	MAP_D_CAD_00 1311			
950	おお…	MAP_D_CAD_00 1322			
	うれしいよ、ジグ！				
	ありがとう！				
955	イベントトラップ配置	MAP_D_CAD_00 1413			
					
956	ベア	Bear			
957	棚	Shelf			
958	本の山	Mountain of Books			17
961	ベアのぬいぐるみだ				
	首にタイロン一家のシンボルを				
	巻いている				
964	ぬいぐるみ？				
968	そいつはベアっちだ				
	おまえよりも先輩だから				
	しっかり敬えよ				
970	ぬいぐるみのベアっちだ				
	先輩なので、大切に扱おう				
971	ぬいぐるみのベアっちだ	MAP_I_GAN_06 970			
	先輩なので、大切に扱おう				
972	ベアのぬいぐるみだ	MAP_I_GAN_06 961			
	首にタイロン一家のシンボルを				
	巻いている				
973	ベアのぬいぐるみは				
	どことなく寂しそうにこちらを見ている				
974	ベアのぬいぐるみは				
	全てを見透かしたような目で				
	こちらを見ている				
975	ベアのぬいぐるみは				
	とても嬉しそうにこちらを見ている				
977	棚にはたくさんの空き瓶が並んでいる				
	…炭酸水の瓶がやたらに多い				
979	本の山にはうっすらと				
	ほこりがかぶっている				
	…あまり使われていないようだ				
980	本の山はほこりまみれだ				
	前に使われたのは、かなり前のようだ				
990	カンタレラに行ってこい				
					
993	カンタレラに行ってこい	MAP_I_GAN_06 990			
					
1002	OBJ_TAI	MAP_D_KHI_04 374			
					
1004	OBJ_MKS	MAP_D_CAN_00 1062			
