0	■■■ func00_DEBUG_SIGN ■■■	MAP_D_CAD_00 0	
			
1	！！！エラー検出用サブルーチンを通りました！！！	MAP_D_CAD_00 1	
			
2	イビノスシンボル配置しない。フラグ：	MAP_D_CAD_00 2	
4	イビノスシンボル配置する。フラグ：	MAP_D_CAD_00 4	
7	ランカーファイル情報更新	MAP_D_CAD_00 7	
			
8	->旧:	MAP_D_CAD_00 8	
9	 追加:	MAP_D_CAD_00 9	
10	 結果:	MAP_D_CAD_00 10	
12	ランク:	MAP_D_CAD_00 12	
15	ランカー戦勝利・戻り値：	MAP_D_CAD_00 15	
17	ランキング戦を申し込みますか？	MAP_D_CAD_00 17	
18	申し込む	MAP_D_CAD_00 18	
19	やめておく	MAP_D_CAD_00 19	
22	イビノスシンボル倒した。フラグON：	MAP_D_CAD_00 22	
25	イビノス戦：イベント終了？	MAP_D_CAD_00 25	
			
26	スクリプト：未知のモーションタイプが指定されました	MAP_D_CAD_00 26	
			
33	***振り向き判定ＰＣ***	MAP_D_CAD_00 33	
			
34	現在:cmn_r0:	MAP_D_CAD_00 34	
36	目標:cmn_r1:	MAP_D_CAD_00 36	
38	差分:cmn_r2:	MAP_D_CAD_00 38	
40	差分＾２:cmn_r3:	MAP_D_CAD_00 40	
42	閾値＾２:cmn_r4:	MAP_D_CAD_00 42	
44	->pc振り向きません	MAP_D_CAD_00 44	
			
45	->pc振り向きます	MAP_D_CAD_00 45	
			
47	***振り向き判定***	MAP_D_CAD_00 47	
			
48	現在:cmn_r0:	MAP_D_CAD_00 34	
50	目標:cmn_r1:	MAP_D_CAD_00 36	
52	差分:cmn_r2:	MAP_D_CAD_00 38	
54	差分＾２:cmn_r3:	MAP_D_CAD_00 40	
56	閾値＾２:cmn_r4:	MAP_D_CAD_00 42	
58	->npc振り向きません	MAP_D_CAD_00 58	
			
59	->npc振り向きます	MAP_D_CAD_00 59	
			
63	ロード待ち開始	MAP_D_CAD_00 63	
			
64	ロード待ち終了	MAP_D_CAD_00 64	
			
65	{15}0C{14}L00000000を	MAP_D_CAD_00 65	
	手に入れた		
66	{15}0E{14}L00000000を	MAP_D_CAD_00 66	
	手に入れた		
67	{15}0F{14}L00000000を	MAP_D_CAD_00 67	
	手に入れた		
68	{15}0D{14}L00000000を	MAP_D_CAD_00 68	
	手に入れた		
69	{15}10{14}L00000000を	MAP_D_CAD_00 69	
	手に入れた		
70	{15}12{14}L00000000を	MAP_D_CAD_00 70	
	手に入れた		
71	{15}11{14}L00000000を	MAP_D_CAD_00 71	
	手に入れた		
72	{15}13{14}L00000000を{1d}L00000001個	MAP_D_CAD_00 72	
	手に入れた		
73	{15}14{14}L00000000を{1d}L00000001個	MAP_D_CAD_00 73	
	手に入れた		
74	{15}14{14}L00000000を	MAP_D_CAD_00 74	
	手に入れた		
75	{15}1B{14}L00000000を	MAP_D_CAD_00 75	
	手に入れた		
76	{14}L00000000を	MAP_D_CAD_00 76	
	手に入れた		
77	{1d}L00000000Ｂを手に入れた	MAP_D_CAD_00 77	
			
78	num_calc：	MAP_D_CAD_00 78	
80	{15}0C{14}L00000000を	MAP_D_CAD_00 80	
	手渡した		
81	{15}0E{14}L00000000を	MAP_D_CAD_00 81	
	手渡した		
82	{15}0F{14}L00000000を	MAP_D_CAD_00 82	
	手渡した		
83	{15}0D{14}L00000000を	MAP_D_CAD_00 83	
	手渡した		
84	{15}10{14}L00000000を	MAP_D_CAD_00 84	
	手渡した		
85	{15}12{14}L00000000を	MAP_D_CAD_00 85	
	手渡した		
86	{15}11{14}L00000000を	MAP_D_CAD_00 86	
	手渡した		
87	{15}13{14}L00000000を{1d}L00000001個	MAP_D_CAD_00 87	
	手渡した		
88	{15}14{14}L00000000を{1d}L00000001個	MAP_D_CAD_00 88	
	手渡した		
89	{15}14{14}L00000000を	MAP_D_CAD_00 89	
	手渡した		
90	{15}1B{14}L00000000を	MAP_D_CAD_00 90	
	手渡した		
91	{14}L00000000を	MAP_D_CAD_00 91	
	手渡した		
			
92	■■ret0■■：	MAP_D_CAD_00 92	
96	■■ret■■：	MAP_D_CAD_00 96	
98	cmn_option:	MAP_D_CAD_00 98	
106	セーブポイント	MAP_D_CAD_00 106	
107	データ削除ユーティリティを起動します	MAP_D_CAD_00 107	
	ゲームプレイデータのセーブには		
	{1d}L00000001KB以上の空き容量が必要です		
108	ネックタイプ：	MAP_D_CAD_00 108	
110	首の初期化	MAP_D_CAD_00 110	
			
111	ネックタイプ：	MAP_D_CAD_00 108	
115	大橋が	MAP_D_CAD_00 115	
	トラベルマップで使用可能になりました		
116	下区：商業区が	MAP_D_CAD_00 116	
	トラベルマップで使用可能になりました		
117	下区：ランカー居住区が	MAP_D_CAD_00 117	
	トラベルマップで使用可能になりました		
118	下区：闘技場前が	MAP_D_CAD_00 118	
	トラベルマップで使用可能になりました		
119	タイロン租界が	MAP_D_CAD_00 119	
	トラベルマップで使用可能になりました		
120	バザルタ出張所前が	MAP_D_CAD_00 120	
	トラベルマップで使用可能になりました		
121	上区：噴水広場前が	MAP_D_CAD_00 121	
	トラベルマップで使用可能になりました		
122	バザルタ本部前が	MAP_D_CAD_00 122	
	トラベルマップで使用可能になりました		
123	フラグ・フィールド：	MAP_D_CAD_00 123	
125	フラグ・フィールド：	MAP_D_CAD_00 123	
127	ガンドアが	MAP_D_CAD_00 127	
	トラベルマップで使用可能になりました		
128	カンタレラが	MAP_D_CAD_00 128	
	トラベルマップで使用可能になりました		
129	トーロ荒地が	MAP_D_CAD_00 129	
	トラベルマップで使用可能になりました		
130	リブラ森林が	MAP_D_CAD_00 130	
	トラベルマップで使用可能になりました		
131	マイヤールの森が	MAP_D_CAD_00 131	
	トラベルマップで使用可能になりました		
132	ベリエ街道が	MAP_D_CAD_00 132	
	トラベルマップで使用可能になりました		
133	ドネイ回廊が	MAP_D_CAD_00 133	
	トラベルマップで使用可能になりました		
134	ウィルゴー砂漠が	MAP_D_CAD_00 134	
	トラベルマップで使用可能になりました		
135	カドモール水源が	MAP_D_CAD_00 135	
	トラベルマップで使用可能になりました		
136	カルキノス荒地が	MAP_D_CAD_00 136	
	トラベルマップで使用可能になりました		
137	ラ・キット遺跡が	MAP_D_CAD_00 137	
	トラベルマップで使用可能になりました		
138	レオン峡谷が	MAP_D_CAD_00 138	
	トラベルマップで使用可能になりました		
139	ソダー回廊が	MAP_D_CAD_00 139	
	トラベルマップで使用可能になりました		
140	ニシュラ氷河が	MAP_D_CAD_00 140	
	トラベルマップで使用可能になりました		
141	いにしえの回廊が	MAP_D_CAD_00 141	
	トラベルマップで使用可能になりました		
142	フィッシェ街道が	MAP_D_CAD_00 142	
	トラベルマップで使用可能になりました		
143	レゾナール海岸が	MAP_D_CAD_00 143	
	トラベルマップで使用可能になりました		
144	ケイロニア高原が	MAP_D_CAD_00 144	
	トラベルマップで使用可能になりました		
145	ケイロニア砦が	MAP_D_CAD_00 145	
	トラベルマップで使用可能になりました		
146	サルバトーレ離宮が	MAP_D_CAD_00 146	
	トラベルマップで使用可能になりました		
147	リストにないよ？	MAP_D_CAD_00 147	
			
148	_case:	MAP_D_CAD_00 148	
151	「討伐修練【低位１】」の	MAP_D_CAD_00 151	
	クリア条件を満たした！		
152	「討伐修練【低位２】」の	MAP_D_CAD_00 152	
	クリア条件を満たした！		
153	「討伐修練【低位３】」の	MAP_D_CAD_00 153	
	クリア条件を満たした！		
154	「討伐修練【低位４】」の	MAP_D_CAD_00 154	
	クリア条件を満たした！		
155	「討伐修練【低位５】」の	MAP_D_CAD_00 155	
	クリア条件を満たした！		
156	「討伐修練【中位１】」の	MAP_D_CAD_00 156	
	クリア条件を満たした！		
157	「討伐修練【中位２】」の	MAP_D_CAD_00 157	
	クリア条件を満たした！		
158	「討伐修練【高位１】」の	MAP_D_CAD_00 158	
	クリア条件を満たした！		
159	「討伐修練【高位２】」の	MAP_D_CAD_00 159	
	クリア条件を満たした！		
160	「薬草探しの代理人」の	MAP_D_CAD_00 160	
	クリア条件を満たした！		
161	「新商品開発の手伝い」の	MAP_D_CAD_00 161	
	クリア条件を満たした！		
162	「蒼の指環を求めて」の	MAP_D_CAD_00 162	
	クリア条件を満たした！		
163	「雪中の贈り物」の	MAP_D_CAD_00 163	
	クリア条件を満たした！		
164	「加護あることを祈って」の	MAP_D_CAD_00 164	
	クリア条件を満たした！		
165	「追想の白い花」の	MAP_D_CAD_00 165	
	クリア条件を満たした！		
166	「来れ、好運の使者！」の	MAP_D_CAD_00 166	
	クリア条件を満たした！		
167	「武術指南のお願い」の	MAP_D_CAD_00 167	
	クリア条件を満たした！		
168	「行方不明の従業員」の	MAP_D_CAD_00 168	
	クリア条件を満たした！		
169	「スキルチップ収集中」の	MAP_D_CAD_00 169	
	クリア条件を満たした！		
170	「盗難品の行方は」の	MAP_D_CAD_00 170	
	クリア条件を満たした！		
171	「資料集めのアシスタント」の	MAP_D_CAD_00 171	
	クリア条件を満たした！		
172	「河畔の生態系調査」の	MAP_D_CAD_00 172	
	クリア条件を満たした！		
173	「新人官吏を捕獲せよ」の	MAP_D_CAD_00 173	
	クリア条件を満たした！		
174	「黒い積荷の回収」の	MAP_D_CAD_00 174	
	クリア条件を満たした！		
175	「悪徳商売を抑止せよ」の	MAP_D_CAD_00 175	
	クリア条件を満たした！		
176	「新人ランカー襲撃事件」の	MAP_D_CAD_00 176	
	クリア条件を満たした！		
177	「優しい猛者、募集中」の	MAP_D_CAD_00 177	
	クリア条件を満たした！		
178	「異郷からきた尋ね人」の	MAP_D_CAD_00 178	
	クリア条件を満たした！		
179	「勇壮なる護衛の依頼」の	MAP_D_CAD_00 179	
	クリア条件を満たした！		
180	「赫の指環を求めて」の	MAP_D_CAD_00 180	
	クリア条件を満たした！		
181	「闘技場の害獣駆除」の	MAP_D_CAD_00 181	
	クリア条件を満たした！		
182	「回覧板配達人」の	MAP_D_CAD_00 182	
	クリア条件を満たした！		
183	「討伐修練【緊急】」の	MAP_D_CAD_00 183	
	クリア条件を満たした！		
184	「鉱物資源の収集【緊急】」の	MAP_D_CAD_00 184	
	クリア条件を満たした！		
185	「タリー石を探せ」の	MAP_D_CAD_00 185	
	クリア条件を満たした！		
186	「甘梅草を探せ」の	MAP_D_CAD_00 186	
	クリア条件を満たした！		
187	「衛兵の剣の没収」の	MAP_D_CAD_00 187	
	クリア条件を満たした！		
188	「衛兵の剣の返却」の	MAP_D_CAD_00 188	
	クリア条件を満たした！		
189	「森のイビノス駆除【重大】」の	MAP_D_CAD_00 189	
	クリア条件を満たした！		
190	「回廊のイビノス駆除【重大】」の	MAP_D_CAD_00 190	
	クリア条件を満たした！		
191	「七騎士認定修練【重大】」の	MAP_D_CAD_00 191	
	クリア条件を満たした！		
192	ガンドアが	MAP_D_CAD_00 192	
	トラベルマップで通行可能になりました		
193	ガンドアが	MAP_D_CAD_00 193	
	トラベルマップで通行不能になりました		
194	カンタレラが	MAP_D_CAD_00 194	
	トラベルマップで通行可能になりました		
195	カンタレラが	MAP_D_CAD_00 195	
	トラベルマップで通行不能になりました		
196	トーロ荒地が	MAP_D_CAD_00 196	
	トラベルマップで通行可能になりました		
197	トーロ荒地が	MAP_D_CAD_00 197	
	トラベルマップで通行不能になりました		
198	リブラ森林が	MAP_D_CAD_00 198	
	トラベルマップで通行可能になりました		
199	リブラ森林が	MAP_D_CAD_00 199	
	トラベルマップで通行不能になりました		
200	マイヤールの森が	MAP_D_CAD_00 200	
	トラベルマップで通行可能になりました		
201	マイヤールの森が	MAP_D_CAD_00 201	
	トラベルマップで通行不能になりました		
202	ベリエ街道が	MAP_D_CAD_00 202	
	トラベルマップで通行可能になりました		
203	ベリエ街道が	MAP_D_CAD_00 203	
	トラベルマップで通行不能になりました		
204	ドネイ回廊が	MAP_D_CAD_00 204	
	トラベルマップで通行可能になりました		
205	ドネイ回廊が	MAP_D_CAD_00 205	
	トラベルマップで通行不能になりました		
206	ウィルゴー砂漠が	MAP_D_CAD_00 206	
	トラベルマップで通行可能になりました		
207	ウィルゴー砂漠が	MAP_D_CAD_00 207	
	トラベルマップで通行不能になりました		
208	カドモール水源が	MAP_D_CAD_00 208	
	トラベルマップで通行可能になりました		
209	カドモール水源が	MAP_D_CAD_00 209	
	トラベルマップで通行不能になりました		
210	カルキノス荒地が	MAP_D_CAD_00 210	
	トラベルマップで通行可能になりました		
211	カルキノス荒地が	MAP_D_CAD_00 211	
	トラベルマップで通行不能になりました		
212	ラ・キット遺跡が	MAP_D_CAD_00 212	
	トラベルマップで通行可能になりました		
213	ラ・キット遺跡が	MAP_D_CAD_00 213	
	トラベルマップで通行不能になりました		
214	レオン峡谷が	MAP_D_CAD_00 214	
	トラベルマップで通行可能になりました		
215	レオン峡谷が	MAP_D_CAD_00 215	
	トラベルマップで通行不能になりました		
216	ソダー回廊が	MAP_D_CAD_00 216	
	トラベルマップで通行可能になりました		
217	ソダー回廊が	MAP_D_CAD_00 217	
	トラベルマップで通行不能になりました		
218	ニシュラ氷河が	MAP_D_CAD_00 218	
	トラベルマップで通行可能になりました		
219	ニシュラ氷河が	MAP_D_CAD_00 219	
	トラベルマップで通行不能になりました		
220	いにしえの回廊が	MAP_D_CAD_00 220	
	トラベルマップで通行可能になりました		
221	いにしえの回廊が	MAP_D_CAD_00 221	
	トラベルマップで通行不能になりました		
222	フィッシェ街道が	MAP_D_CAD_00 222	
	トラベルマップで通行可能になりました		
223	フィッシェ街道が	MAP_D_CAD_00 223	
	トラベルマップで通行不能になりました		
224	レゾナール海岸が	MAP_D_CAD_00 224	
	トラベルマップで通行可能になりました		
225	レゾナール海岸が	MAP_D_CAD_00 225	
	トラベルマップで通行不能になりました		
226	ケイロニア高原が	MAP_D_CAD_00 226	
	トラベルマップで通行可能になりました		
227	ケイロニア高原が	MAP_D_CAD_00 227	
	トラベルマップで通行不能になりました		
228	ケイロニア砦が	MAP_D_CAD_00 228	
	トラベルマップで通行可能になりました		
229	ケイロニア砦が	MAP_D_CAD_00 229	
	トラベルマップで通行不能になりました		
230	サルバトーレ離宮が	MAP_D_CAD_00 230	
	トラベルマップで通行可能になりました		
231	サルバトーレ離宮が	MAP_D_CAD_00 231	
	トラベルマップで通行不能になりました		
232	リストにないよ？	MAP_D_CAD_00 147	
			
233	func00_E_EVENT_START1	MAP_D_CAD_00 415	
237	func00_E_EVENT_START2	MAP_D_CAD_00 417	
240	おっ！	MAP_D_MAI_01 556	
	おれの修練を		
	やってくれる人？		
244	どんな修練だ？	MAP_D_CAD_00 912	
248	多発する悪質事件！	MAP_D_MAI_01 564	
	力をもって悪を征する！		
	…って感じかな		
250	修練「悪徳商売を抑止せよ」	MAP_D_MAI_01 566	
	に参加しますか？		
251	参加する	MAP_D_CAD_00 919	
252	参加しない	MAP_D_CAD_00 920	
257	うす、よろしくな	MAP_D_MAI_01 573	
261	どういう状況なんだ？	MAP_D_MAI_01 577	
265	最近、嫌な事件が	MAP_D_MAI_01 581	
	起きててさ		
267	商人から買った品が	MAP_D_MAI_01 583	
	よく似せた偽物だったり		
269	お金を払って	MAP_D_MAI_01 585	
	仕入れを頼んだら		
	音沙汰がなくなったり…		
271	よく話をきいたら	MAP_D_MAI_01 587	
	全部同じ商人が		
	犯人らしいんだよな		
273	おれたちが抗議しても	MAP_D_MAI_01 589	
	いいように		
	かわされちゃってさ		
275	だからタイロン一家の	MAP_D_MAI_01 591	
	肩書きで、いっちょ脅して		
	やってほしいんだよ		
277	もう悪どい商売は	MAP_D_MAI_01 593	
	やめろってな！		
281	わかった	MAP_D_KOU_02 677	
285	おれはもう	MAP_D_MAI_01 601	
	タイロン一家じゃない		
289	昔そうだったんだろ？	MAP_D_MAI_01 605	
	ならいいじゃんか		
293	で、そいつの居場所	MAP_D_MAI_01 609	
	なんだけど…		
295	神出鬼没でさ	MAP_D_MAI_01 611	
	今はどこにいるか		
	さっぱりわかんねぇ		
299	相手は商人か…	MAP_D_MAI_01 615	
	商業区で聞いてみるか		
303	まぁ、方法は	MAP_D_MAI_01 619	
	まかせるからさ		
305	…あ、そういや	MAP_D_MAI_01 621	
	タイロンさんが		
307	商品を全て没収してこい	MAP_D_MAI_01 623	
	って言ってたけど…		
	あんたにまかせるよ		
311	んじゃ、頼むわ	MAP_D_MAI_01 627	
313	func00_E_EVENT_END1	MAP_D_CAD_00 424	
315	func00_E_EVENT_END2	MAP_D_CAD_00 425	
318	手が空いてるなら	MAP_D_MAI_01 634	
	手伝ってくれよー		
320	func00_E_EVENT_END1	MAP_D_CAD_00 424	
321	func00_E_EVENT_END2	MAP_D_CAD_00 425	
322	func00_E_EVENT_START1	MAP_D_CAD_00 415	
326	func00_E_EVENT_START2	MAP_D_CAD_00 417	
329	悪徳商人？	MAP_D_MAI_01 645	
	そうねぇ、挙動不審な		
	商人なら見たわ		
331	大きな荷物をもって	MAP_D_MAI_01 647	
	周りをすごく		
	警戒していたの		
333	そのうち	MAP_D_MAI_01 649	
	ランカー居住区の方に		
	行っちゃったけど…		
335	func00_E_EVENT_END1	MAP_D_CAD_00 424	
337	func00_E_EVENT_END2	MAP_D_CAD_00 425	
338	func00_E_EVENT_START1	MAP_D_CAD_00 415	
348	func00_E_EVENT_START2	MAP_D_CAD_00 417	
351	変な商人の話なら	MAP_D_MAI_01 667	
	お客さんから		
	聞いたことあるよ		
353	マイヤールの森を通ると	MAP_D_MAI_01 669	
	たまーに出てきて		
	変な品をすすめるんだって		
357	たまに…か	MAP_D_MAI_01 673	
361	本当に気まぐれみたいよ？	MAP_D_MAI_01 677	
363	運がよければ会えるかも	MAP_D_MAI_01 679	
	って感じ		
365	あ、この場合は	MAP_D_MAI_01 681	
	運が悪ければ、かな？		
367	func00_E_EVENT_END1	MAP_D_CAD_00 424	
372	快活なウェイトレス	MAP_D_MAI_01 688	
379	func00_E_EVENT_END2	MAP_D_CAD_00 425	
380	func00_E_EVENT_START1	MAP_D_CAD_00 415	
385	func00_E_EVENT_START2	MAP_D_CAD_00 417	
387	ちょっとちょっと	MAP_D_MAI_01 703	
	そこのランカーさん		
393	ねえ、買い物しない？	MAP_D_MAI_01 709	
	ここだけの品を		
	安く売るよ？		
397	おまえか…	MAP_D_MAI_01 713	
	悪徳商人って		
401	な、何おっしゃいます！	MAP_D_MAI_01 717	
	健全な商品しか		
	扱っておりませんよ！		
403	たとえば…	MAP_D_MAI_01 719	
	ほら見てください		
	このペン！		
405	ほらほらほら！	MAP_D_MAI_01 721	
	こうやって振ると		
	ぐにゃりと曲がりますよ		
408	…………！	MAP_D_MAI_01 724	
411	どうです！	MAP_D_MAI_01 727	
	不思議でしょう！		
414	…………	MAP_D_CAD_00 242	
416	…………	MAP_D_CAD_00 242	
419	もういいか？	MAP_D_MAI_01 735	
422	実は…	MAP_D_MAI_01 738	
	おれはタイロンの使いで		
	おまえを処罰しにきた		
425	処罰！？	MAP_D_MAI_01 741	
	そ、そんな…		
429	変なものを売りつけたり	MAP_D_MAI_01 745	
	ウソの取引をやめろ		
	さもないと…		
433	ひ、ひいっ！	MAP_D_MAI_01 749	
	暴力はヤメテ！！		
437	…悪い商売から	MAP_D_MAI_01 753	
	手を引くと誓うか？		
441	そ、それは…	MAP_D_MAI_01 757	
445	それは？	MAP_D_MAI_01 761	
449	わ、わかりましたよ！	MAP_D_MAI_01 765	
	もうやめます！		
451	だから今回ばかりは	MAP_D_MAI_01 767	
	見逃してください		
	ね？　ねっ？		
453	商品を没収しますか？	MAP_D_MAI_01 769	
454	はい	MAP_D_CAD_00 432	
455	いいえ	MAP_D_CAD_00 433	
460	じゃあ、この商品一式を	MAP_D_MAI_01 776	
	没収していくぞ		
464	そ、そんな！	MAP_D_MAI_01 780	
	ひどい、ひどすぎる！		
466	明日から	MAP_D_MAI_01 782	
	どうやって生きろと		
	いうんです！？		
468	のたれ死ねと	MAP_D_MAI_01 784	
	おっしゃる気で！？		
470	それでも没収しますか？	MAP_D_MAI_01 786	
476	最低っ！　悪魔っ！	MAP_D_MAI_01 792	
478	あんたのこと	MAP_D_MAI_01 794	
	ひどいランカーだって		
	いいふらしてやるぅ！		
482	よ、よかった！	MAP_D_MAI_01 798	
	清い商売をしようにも		
	元手がなきゃどうにもね		
484	では、あなたの	MAP_D_MAI_01 800	
	気が変わらないうちに		
	退散しますよ！！		
488	あ、あなたはとても	MAP_D_MAI_01 804	
	優しいお方だ！		
490	あなたの気が	MAP_D_MAI_01 806	
	変わらないうちに		
	退散します！！		
494	func00_E_EVENT_END1	MAP_D_CAD_00 424	
496	func00_E_EVENT_END2	MAP_D_CAD_00 425	
497	func00_E_EVENT_START1	MAP_D_CAD_00 415	
501	func00_E_EVENT_START2	MAP_D_CAD_00 417	
504	おお、もしかして	MAP_D_MAI_01 820	
	事件解決？		
508	なるほどね	MAP_D_MAI_01 824	
	それなら大丈夫そうだ		
510	正直、今までのお金	MAP_D_MAI_01 826	
	返してほしいと思うけど		
512	おれも租界育ちで	MAP_D_MAI_01 828	
	いろいろやったからさ…		
	人のこといえねぇや		
514	だから	MAP_D_MAI_01 830	
	これでよしとする		
516	タイロンさんだったら	MAP_D_MAI_01 832	
	「甘ぇ！」って		
	怒るだろうけどね		
518	んじゃ	MAP_D_MAI_01 834	
	少ないけど報奨だよ		
523	協力してくれて	MAP_D_MAI_01 839	
	ありがとな！		
527	これが没収した商品だ	MAP_D_MAI_01 843	
532	{17}02！！	MAP_D_MAI_01 848	
534	これ、前にここから	MAP_D_MAI_01 850	
	盗まれた…		
536	これも！	MAP_D_MAI_01 852	
538	これもか！！	MAP_D_MAI_01 854	
542	…盗品を売ってた	MAP_D_MAI_01 858	
	ってことか？		
546	ああそうだよ！	MAP_D_MAI_01 862	
	ちくしょー、そのうち		
	絶対捕まえてやる！		
550	タイロンは	MAP_D_MAI_01 866	
	それがわかってて		
	没収の命令を？		
554	さあ、どうだろうな	MAP_D_MAI_01 870	
	あの人のことだからな		
556	…ともかく	MAP_D_MAI_01 872	
	修練は完了ってことで		
	報奨を渡すよ		
561	なあ…	MAP_D_MAI_01 877	
	曲がるペン、ないか？		
565	…はぁ？	MAP_D_MAI_01 881	
567	func00_E_EVENT_END1	MAP_D_CAD_00 424	
569	func00_E_EVENT_END2	MAP_D_CAD_00 425	
570	シーン初期化	MAP_D_CAD_00 1232	
			
572	オブジェクト配置	MAP_D_CAD_00 1233	
			
573	オブジェクトトラップ配置	MAP_D_CAD_00 1235	
			
574	マップチェンジトラップ配置	MAP_D_CAD_00 1236	
			
575	ＮＰＣ配置	MAP_D_CAD_00 1248	
			
577	チェスター	Chester	
581	よいどれじいさん	Drunk Old Man	
585	商人を探して		
	悪い商売をやめろって		
	脅しをかけてきてくれよ		
587	あんたの言うとおり		
	商業区でキキコミすると		
	いいのかもな		
589	…解決するって		
	みんなに豪語したけど		
	おれ、役にたたねぇなぁ		
591	おっ、こいつか…！		
593	タイロン租界へようこそ！		X
	おれたち住民は		
	ここに住んでるってだけで		
	タイロン一家じゃない		X
	まっ、気持ちは		
	一家の仲間だけどな！		
595	他の地区からは		
	変な目で見られてるけど		
	特に気にしねぇな		
597	タイロン一家を除くと		
	老人と子どもばっかりだろ		X
	それでもちゃんと		
	生活できているのは		
	タイロンさんのおかげだよ		
599	修練、ありがとうな！		
601	そうそう、あんたの連れ…		
	マキスだっけ？		
	かなり奇抜な外見だよな		
603	他の地区の流行…		
	ってわけでもないよな？		
	あいつの趣味なのか？		
605	センゴクに挑みに		
	行くんだろ？		
	がんばってこいよ！		
607	タイロンさんが		
	いなくなるだなんて		
	ありえないって！		
609	タイロン一家解散って…		
	租界はどうなるんだ！？		
611	よりにもよって		
	ユーリ派が巡回とはな…		
613	もう一家はここにいないし		
	監視をといてほしい		X
	…って、あんたがいたか		
	なるほど監視が		
	とけないわけだ！		
615	いや、おれは別に		
	構わないけどさ		
	他のみんなはどう思うか…		
617	タイロンさんがいない間		
	おれが租界を		
	まとめろってさ		X
	でも無理ってもんだろ		
	タイロンさんじゃなきゃ		
	上手く回らないんだ		
619	重大事件が		
	発生してるんだから		
	あいつらも行けばいいのに		X
	…ってか、よく考えると		
	アンチ対策のために		
	ここを監視してるんだろ？		X
	それなのに		
	いざアンチが出ても		
	向かわないってどうよ？		
621	あいつらを派遣した奴が		
	相当馬鹿なんだな、きっと		
623	アンチには		
	タイロンさんが		
	ついてるんだってな		X
	言いたいことはあるけど		
	それを聞いちゃ		
	応援せずにはいられないぜ		
625	タイロンさんは		
	豪快だって知ってたけど		
	ここまでとはな！		
627	七騎士が、こんな		
	租界の民家なんかに		
	いていいのか？		X
	まさかサボり…		
	ってわけじゃないよな？		
	共犯にすんなよ！？		
629	タイロンさんは		
	全てがおわったら		
	こっちに戻るのかな…		X
	でも七騎士なら		
	租界のことばっかり		
	考えてちゃだめだろ？		X
	タイロンさんがいなくても		
	おれたちが頑張れるって		
	証明すればいいんだよな		
631	第一歩として		
	まずはこの非常事態を		
	乗り切ってみせるさ！		
633	うぃ～…？		
635	タイロンの悪人面		
	ありゃ子どもの頃からじゃ		
	ひどい悪ガキじゃったよ		X
	わしも何度あいつを		
	しかりつけたか		
	わかったもんじゃないぞ～		
637	うぬ、顔色がわるいぞ？		
	さてはおまえも		
	気持ち悪いんじゃな～？		
639	わしもグルングルンじゃ		
	毎朝気持ち悪くて		
	かなわんぞ～		
643	はて、アンチとな…		
	どちらさんのことかの～？		
645	若人よ、働いとるか？		
	…うぬ、結構結構！		
647	タイロンが		
	七騎士になった？		
	そりゃめでたいの～！		X
	あいつが機構と取引して		
	ここを租界にしたときは		
	たいそう驚いたが		X
	ついに奴は		
	世界を統べるわけじゃな！		X
	…ん？		
	まだなっていない？		
	時間の問題じゃ～		
649	あんたが紛らわしいことを		
	言うせいで、早とちり		
	してしまったぞ		
651	タイロンがいなくなった？		
	わしをだましたいなら		
	もっと上手い嘘をつけよ～		
653	んん～？		
	もしかして、本当に		
	タイロンが消えたのか？		
655	タイロンや…		
	じじいが小うるさいから		
	出てってしまったのか…？		
657	うい～っ！		
	もう知らん！		
	タイロンの馬鹿タレが～！		
659	うちの馬鹿孫じゃ		
	租界をまとめられん…		X
	タイロンやーい…		
	帰ってきてくれぇ～…		
661	タイロンが本当に		
	アンチなら		
	海岸にいるはずじゃ～		X
	あんた、わしに代わって		
	確認してきてくれ！		
663	タイロン…おおタイロン！		
	やはりそう簡単に		
	くたばる男じゃないわい！		
665	いけ～、そこじゃ～！		
	…うぃっ～く！		
667	はて…あんたは		
	タイロンと一緒に		
	七騎士になったんじゃろ？		X
	こんなところで		
	なにしとるんじゃ～？		
669	わしが…		
	今度こそわしが		
	みんなを守るぞ～…！		X
	それが、元地区長である		
	わしの役目なんじゃ～！		
670	イベントトラップ配置	MAP_D_CAD_00 1413	
			
671	ティーセット		
672	写真立て		
674	白いカップの中には		
	苦そうな色のお茶が注がれている		
	…臭いも苦い		
676	func00_E_EVENT_START1	MAP_D_CAD_00 415	
677	func00_E_EVENT_START2	MAP_D_CAD_00 417	
680	これが…写真？		
686	いや、それは違うよ		
	じーちゃんが		
	大昔に描いた絵さ		
689	…………	MAP_D_CAD_00 242	
690	func00_E_EVENT_END1	MAP_D_CAD_00 424	
691	func00_E_EVENT_END2	MAP_D_CAD_00 425	
692	写真立ての中には絵が飾られている		
	とても上手い絵だ		
