0	■■■ func00_DEBUG_SIGN ■■■	MAP_D_CAD_00 0		
				
1	！！！エラー検出用サブルーチンを通りました！！！	MAP_D_CAD_00 1		
				
2	イビノスシンボル配置しない。フラグ：	MAP_D_CAD_00 2		
4	イビノスシンボル配置する。フラグ：	MAP_D_CAD_00 4		
7	ランカーファイル情報更新	MAP_D_CAD_00 7		
				
8	->旧:	MAP_D_CAD_00 8		
9	 追加:	MAP_D_CAD_00 9		
10	 結果:	MAP_D_CAD_00 10		
12	ランク:	MAP_D_CAD_00 12		
15	ランカー戦勝利・戻り値：	MAP_D_CAD_00 15		
17	ランキング戦を申し込みますか？	MAP_D_CAD_00 17		
18	申し込む	MAP_D_CAD_00 18		
19	やめておく	MAP_D_CAD_00 19		
22	イビノスシンボル倒した。フラグON：	MAP_D_CAD_00 22		
25	イビノス戦：イベント終了？	MAP_D_CAD_00 25		
				
26	スクリプト：未知のモーションタイプが指定されました	MAP_D_CAD_00 26		
				
33	***振り向き判定ＰＣ***	MAP_D_CAD_00 33		
				
34	現在:cmn_r0:	MAP_D_CAD_00 34		
36	目標:cmn_r1:	MAP_D_CAD_00 36		
38	差分:cmn_r2:	MAP_D_CAD_00 38		
40	差分＾２:cmn_r3:	MAP_D_CAD_00 40		
42	閾値＾２:cmn_r4:	MAP_D_CAD_00 42		
44	->pc振り向きません	MAP_D_CAD_00 44		
				
45	->pc振り向きます	MAP_D_CAD_00 45		
				
47	***振り向き判定***	MAP_D_CAD_00 47		
				
48	現在:cmn_r0:	MAP_D_CAD_00 34		
50	目標:cmn_r1:	MAP_D_CAD_00 36		
52	差分:cmn_r2:	MAP_D_CAD_00 38		
54	差分＾２:cmn_r3:	MAP_D_CAD_00 40		
56	閾値＾２:cmn_r4:	MAP_D_CAD_00 42		
58	->npc振り向きません	MAP_D_CAD_00 58		
				
59	->npc振り向きます	MAP_D_CAD_00 59		
				
63	ロード待ち開始	MAP_D_CAD_00 63		
				
64	ロード待ち終了	MAP_D_CAD_00 64		
				
65	{15}0C{14}L00000000を	MAP_D_CAD_00 65		
	手に入れた			
66	{15}0E{14}L00000000を	MAP_D_CAD_00 66		
	手に入れた			
67	{15}0F{14}L00000000を	MAP_D_CAD_00 67		
	手に入れた			
68	{15}0D{14}L00000000を	MAP_D_CAD_00 68		
	手に入れた			
69	{15}10{14}L00000000を	MAP_D_CAD_00 69		
	手に入れた			
70	{15}12{14}L00000000を	MAP_D_CAD_00 70		
	手に入れた			
71	{15}11{14}L00000000を	MAP_D_CAD_00 71		
	手に入れた			
72	{15}13{14}L00000000を{1d}L00000001個	MAP_D_CAD_00 72		
	手に入れた			
73	{15}14{14}L00000000を{1d}L00000001個	MAP_D_CAD_00 73		
	手に入れた			
74	{15}14{14}L00000000を	MAP_D_CAD_00 74		
	手に入れた			
75	{15}1B{14}L00000000を	MAP_D_CAD_00 75		
	手に入れた			
76	{14}L00000000を	MAP_D_CAD_00 76		
	手に入れた			
77	{1d}L00000000Ｂを手に入れた	MAP_D_CAD_00 77		
				
78	num_calc：	MAP_D_CAD_00 78		
80	{15}0C{14}L00000000を	MAP_D_CAD_00 80		
	手渡した			
81	{15}0E{14}L00000000を	MAP_D_CAD_00 81		
	手渡した			
82	{15}0F{14}L00000000を	MAP_D_CAD_00 82		
	手渡した			
83	{15}0D{14}L00000000を	MAP_D_CAD_00 83		
	手渡した			
84	{15}10{14}L00000000を	MAP_D_CAD_00 84		
	手渡した			
85	{15}12{14}L00000000を	MAP_D_CAD_00 85		
	手渡した			
86	{15}11{14}L00000000を	MAP_D_CAD_00 86		
	手渡した			
87	{15}13{14}L00000000を{1d}L00000001個	MAP_D_CAD_00 87		
	手渡した			
88	{15}14{14}L00000000を{1d}L00000001個	MAP_D_CAD_00 88		
	手渡した			
89	{15}14{14}L00000000を	MAP_D_CAD_00 89		
	手渡した			
90	{15}1B{14}L00000000を	MAP_D_CAD_00 90		
	手渡した			
91	{14}L00000000を	MAP_D_CAD_00 91		
	手渡した			
				
92	■■ret0■■：	MAP_D_CAD_00 92		
96	■■ret■■：	MAP_D_CAD_00 96		
98	cmn_option:	MAP_D_CAD_00 98		
106	セーブポイント	MAP_D_CAD_00 106		
107	データ削除ユーティリティを起動します	MAP_D_CAD_00 107		
	ゲームプレイデータのセーブには			
	{1d}L00000001KB以上の空き容量が必要です			
108	ネックタイプ：	MAP_D_CAD_00 108		
110	首の初期化	MAP_D_CAD_00 110		
				
111	ネックタイプ：	MAP_D_CAD_00 108		
115	大橋が	MAP_D_CAD_00 115		
	トラベルマップで使用可能になりました			
116	下区：商業区が	MAP_D_CAD_00 116		
	トラベルマップで使用可能になりました			
117	下区：ランカー居住区が	MAP_D_CAD_00 117		
	トラベルマップで使用可能になりました			
118	下区：闘技場前が	MAP_D_CAD_00 118		
	トラベルマップで使用可能になりました			
119	タイロン租界が	MAP_D_CAD_00 119		
	トラベルマップで使用可能になりました			
120	バザルタ出張所前が	MAP_D_CAD_00 120		
	トラベルマップで使用可能になりました			
121	上区：噴水広場前が	MAP_D_CAD_00 121		
	トラベルマップで使用可能になりました			
122	バザルタ本部前が	MAP_D_CAD_00 122		
	トラベルマップで使用可能になりました			
123	フラグ・フィールド：	MAP_D_CAD_00 123		
125	フラグ・フィールド：	MAP_D_CAD_00 123		
127	ガンドアが	MAP_D_CAD_00 127		
	トラベルマップで使用可能になりました			
128	カンタレラが	MAP_D_CAD_00 128		
	トラベルマップで使用可能になりました			
129	トーロ荒地が	MAP_D_CAD_00 129		
	トラベルマップで使用可能になりました			
130	リブラ森林が	MAP_D_CAD_00 130		
	トラベルマップで使用可能になりました			
131	マイヤールの森が	MAP_D_CAD_00 131		
	トラベルマップで使用可能になりました			
132	ベリエ街道が	MAP_D_CAD_00 132		
	トラベルマップで使用可能になりました			
133	ドネイ回廊が	MAP_D_CAD_00 133		
	トラベルマップで使用可能になりました			
134	ウィルゴー砂漠が	MAP_D_CAD_00 134		
	トラベルマップで使用可能になりました			
135	カドモール水源が	MAP_D_CAD_00 135		
	トラベルマップで使用可能になりました			
136	カルキノス荒地が	MAP_D_CAD_00 136		
	トラベルマップで使用可能になりました			
137	ラ・キット遺跡が	MAP_D_CAD_00 137		
	トラベルマップで使用可能になりました			
138	レオン峡谷が	MAP_D_CAD_00 138		
	トラベルマップで使用可能になりました			
139	ソダー回廊が	MAP_D_CAD_00 139		
	トラベルマップで使用可能になりました			
140	ニシュラ氷河が	MAP_D_CAD_00 140		
	トラベルマップで使用可能になりました			
141	いにしえの回廊が	MAP_D_CAD_00 141		
	トラベルマップで使用可能になりました			
142	フィッシェ街道が	MAP_D_CAD_00 142		
	トラベルマップで使用可能になりました			
143	レゾナール海岸が	MAP_D_CAD_00 143		
	トラベルマップで使用可能になりました			
144	ケイロニア高原が	MAP_D_CAD_00 144		
	トラベルマップで使用可能になりました			
145	ケイロニア砦が	MAP_D_CAD_00 145		
	トラベルマップで使用可能になりました			
146	サルバトーレ離宮が	MAP_D_CAD_00 146		
	トラベルマップで使用可能になりました			
147	リストにないよ？	MAP_D_CAD_00 147		
				
148	_case:	MAP_D_CAD_00 148		
151	「討伐修練【低位１】」の	MAP_D_CAD_00 151		
	クリア条件を満たした！			
152	「討伐修練【低位２】」の	MAP_D_CAD_00 152		
	クリア条件を満たした！			
153	「討伐修練【低位３】」の	MAP_D_CAD_00 153		
	クリア条件を満たした！			
154	「討伐修練【低位４】」の	MAP_D_CAD_00 154		
	クリア条件を満たした！			
155	「討伐修練【低位５】」の	MAP_D_CAD_00 155		
	クリア条件を満たした！			
156	「討伐修練【中位１】」の	MAP_D_CAD_00 156		
	クリア条件を満たした！			
157	「討伐修練【中位２】」の	MAP_D_CAD_00 157		
	クリア条件を満たした！			
158	「討伐修練【高位１】」の	MAP_D_CAD_00 158		
	クリア条件を満たした！			
159	「討伐修練【高位２】」の	MAP_D_CAD_00 159		
	クリア条件を満たした！			
160	「薬草探しの代理人」の	MAP_D_CAD_00 160		
	クリア条件を満たした！			
161	「新商品開発の手伝い」の	MAP_D_CAD_00 161		
	クリア条件を満たした！			
162	「蒼の指環を求めて」の	MAP_D_CAD_00 162		
	クリア条件を満たした！			
163	「雪中の贈り物」の	MAP_D_CAD_00 163		
	クリア条件を満たした！			
164	「加護あることを祈って」の	MAP_D_CAD_00 164		
	クリア条件を満たした！			
165	「追想の白い花」の	MAP_D_CAD_00 165		
	クリア条件を満たした！			
166	「来れ、好運の使者！」の	MAP_D_CAD_00 166		
	クリア条件を満たした！			
167	「武術指南のお願い」の	MAP_D_CAD_00 167		
	クリア条件を満たした！			
168	「行方不明の従業員」の	MAP_D_CAD_00 168		
	クリア条件を満たした！			
169	「スキルチップ収集中」の	MAP_D_CAD_00 169		
	クリア条件を満たした！			
170	「盗難品の行方は」の	MAP_D_CAD_00 170		
	クリア条件を満たした！			
171	「資料集めのアシスタント」の	MAP_D_CAD_00 171		
	クリア条件を満たした！			
172	「河畔の生態系調査」の	MAP_D_CAD_00 172		
	クリア条件を満たした！			
173	「新人官吏を捕獲せよ」の	MAP_D_CAD_00 173		
	クリア条件を満たした！			
174	「黒い積荷の回収」の	MAP_D_CAD_00 174		
	クリア条件を満たした！			
175	「悪徳商売を抑止せよ」の	MAP_D_CAD_00 175		
	クリア条件を満たした！			
176	「新人ランカー襲撃事件」の	MAP_D_CAD_00 176		
	クリア条件を満たした！			
177	「優しい猛者、募集中」の	MAP_D_CAD_00 177		
	クリア条件を満たした！			
178	「異郷からきた尋ね人」の	MAP_D_CAD_00 178		
	クリア条件を満たした！			
179	「勇壮なる護衛の依頼」の	MAP_D_CAD_00 179		
	クリア条件を満たした！			
180	「赫の指環を求めて」の	MAP_D_CAD_00 180		
	クリア条件を満たした！			
181	「闘技場の害獣駆除」の	MAP_D_CAD_00 181		
	クリア条件を満たした！			
182	「回覧板配達人」の	MAP_D_CAD_00 182		
	クリア条件を満たした！			
183	「討伐修練【緊急】」の	MAP_D_CAD_00 183		
	クリア条件を満たした！			
184	「鉱物資源の収集【緊急】」の	MAP_D_CAD_00 184		
	クリア条件を満たした！			
185	「タリー石を探せ」の	MAP_D_CAD_00 185		
	クリア条件を満たした！			
186	「甘梅草を探せ」の	MAP_D_CAD_00 186		
	クリア条件を満たした！			
187	「衛兵の剣の没収」の	MAP_D_CAD_00 187		
	クリア条件を満たした！			
188	「衛兵の剣の返却」の	MAP_D_CAD_00 188		
	クリア条件を満たした！			
189	「森のイビノス駆除【重大】」の	MAP_D_CAD_00 189		
	クリア条件を満たした！			
190	「回廊のイビノス駆除【重大】」の	MAP_D_CAD_00 190		
	クリア条件を満たした！			
191	「七騎士認定修練【重大】」の	MAP_D_CAD_00 191		
	クリア条件を満たした！			
192	ガンドアが	MAP_D_CAD_00 192		
	トラベルマップで通行可能になりました			
193	ガンドアが	MAP_D_CAD_00 193		
	トラベルマップで通行不能になりました			
194	カンタレラが	MAP_D_CAD_00 194		
	トラベルマップで通行可能になりました			
195	カンタレラが	MAP_D_CAD_00 195		
	トラベルマップで通行不能になりました			
196	トーロ荒地が	MAP_D_CAD_00 196		
	トラベルマップで通行可能になりました			
197	トーロ荒地が	MAP_D_CAD_00 197		
	トラベルマップで通行不能になりました			
198	リブラ森林が	MAP_D_CAD_00 198		
	トラベルマップで通行可能になりました			
199	リブラ森林が	MAP_D_CAD_00 199		
	トラベルマップで通行不能になりました			
200	マイヤールの森が	MAP_D_CAD_00 200		
	トラベルマップで通行可能になりました			
201	マイヤールの森が	MAP_D_CAD_00 201		
	トラベルマップで通行不能になりました			
202	ベリエ街道が	MAP_D_CAD_00 202		
	トラベルマップで通行可能になりました			
203	ベリエ街道が	MAP_D_CAD_00 203		
	トラベルマップで通行不能になりました			
204	ドネイ回廊が	MAP_D_CAD_00 204		
	トラベルマップで通行可能になりました			
205	ドネイ回廊が	MAP_D_CAD_00 205		
	トラベルマップで通行不能になりました			
206	ウィルゴー砂漠が	MAP_D_CAD_00 206		
	トラベルマップで通行可能になりました			
207	ウィルゴー砂漠が	MAP_D_CAD_00 207		
	トラベルマップで通行不能になりました			
208	カドモール水源が	MAP_D_CAD_00 208		
	トラベルマップで通行可能になりました			
209	カドモール水源が	MAP_D_CAD_00 209		
	トラベルマップで通行不能になりました			
210	カルキノス荒地が	MAP_D_CAD_00 210		
	トラベルマップで通行可能になりました			
211	カルキノス荒地が	MAP_D_CAD_00 211		
	トラベルマップで通行不能になりました			
212	ラ・キット遺跡が	MAP_D_CAD_00 212		
	トラベルマップで通行可能になりました			
213	ラ・キット遺跡が	MAP_D_CAD_00 213		
	トラベルマップで通行不能になりました			
214	レオン峡谷が	MAP_D_CAD_00 214		
	トラベルマップで通行可能になりました			
215	レオン峡谷が	MAP_D_CAD_00 215		
	トラベルマップで通行不能になりました			
216	ソダー回廊が	MAP_D_CAD_00 216		
	トラベルマップで通行可能になりました			
217	ソダー回廊が	MAP_D_CAD_00 217		
	トラベルマップで通行不能になりました			
218	ニシュラ氷河が	MAP_D_CAD_00 218		
	トラベルマップで通行可能になりました			
219	ニシュラ氷河が	MAP_D_CAD_00 219		
	トラベルマップで通行不能になりました			
220	いにしえの回廊が	MAP_D_CAD_00 220		
	トラベルマップで通行可能になりました			
221	いにしえの回廊が	MAP_D_CAD_00 221		
	トラベルマップで通行不能になりました			
222	フィッシェ街道が	MAP_D_CAD_00 222		
	トラベルマップで通行可能になりました			
223	フィッシェ街道が	MAP_D_CAD_00 223		
	トラベルマップで通行不能になりました			
224	レゾナール海岸が	MAP_D_CAD_00 224		
	トラベルマップで通行可能になりました			
225	レゾナール海岸が	MAP_D_CAD_00 225		
	トラベルマップで通行不能になりました			
226	ケイロニア高原が	MAP_D_CAD_00 226		
	トラベルマップで通行可能になりました			
227	ケイロニア高原が	MAP_D_CAD_00 227		
	トラベルマップで通行不能になりました			
228	ケイロニア砦が	MAP_D_CAD_00 228		
	トラベルマップで通行可能になりました			
229	ケイロニア砦が	MAP_D_CAD_00 229		
	トラベルマップで通行不能になりました			
230	サルバトーレ離宮が	MAP_D_CAD_00 230		
	トラベルマップで通行可能になりました			
231	サルバトーレ離宮が	MAP_D_CAD_00 231		
	トラベルマップで通行不能になりました			
232	リストにないよ？	MAP_D_CAD_00 147		
				
233	func00_C_EVENT_START1	MAP_D_CAD_00 233		
237	func00_C_EVENT_START2	MAP_D_CAD_00 238		
241	おい、ジグ！	Hey, Zig! What happened to the boss!?		
	親方はどうしたんだ！？			
245	それが…	Well...		
250	んなバカな！	That's crazy!	X	
	親方はアンチの女を	He chased that Anti woman and disappeared?		
	追いかけて			
	いなくなったってのか？		X	
	その上、その女に	You think that woman killed him? Don't be stupid...		
	やられた？			
	アホクサ…			
257	色じかけに	Could she have seduced him?		
	やられたか…			
261	ふざけるんじゃねえ！	Stop screwing around!		
266	そう言えば…	That reminds me. It did seem like Tylong and that woman knew each other.		
	タイロンとその女は			
	知り合いみたいだった			
272	もしかしてその女…	Did that woman happen to have one eye, by any chance?		
	片目じゃねえのか？			
276	ああ	Yeah.		
280	なんだよおめえ	Do you know something!?		
	何を知ってるってんだ！			
285	な、なんにも	I don't know anything!		
	知らねえよ！		X	
	夜中にふたりが	I only saw them arguing in the middle of the night!		
	言い合いしてるのを			
	見ただけだ！			
290	なんで言わねえんだよ！	Why didn't you say anything!?		
294	んなこと	I'm old enough to know not to stick my nose where it doesn't belong!		
	いいトシぶっこいた男が			
	ペラペラしゃべるかよ！		X	
	それに、マキスの野郎が…	Also, that Makis guy told me to keep my mouth shut.		
	あいつが誰にも			
	言うなってよ			
300	そうだ！	That's it! Where is Makis!?		
	マキスはどこへ			
	行きやがった！			
305	マキスも一緒に…	He's also gone...		
310	けっ！	Of course he is! It just gets worse and worse!		
	そういうことかよ！			
	なんだよなんだよ！			
318	ジグ…	Zig, can I trust you?		
	おめえは信じても			
	いいんだな？			
321	ああ	Yeah.		
324	おめえにまで裏切られたら	If you betray me, I'll cry.		
	おれは泣くぜ…			
325	func00_C_EVENT_END1	MAP_D_CAD_00 372		
327	func00_C_EVENT_END2	MAP_D_CAD_00 377		
328	func00_C_EVENT_START1	MAP_D_CAD_00 233		
332	func00_C_EVENT_START2	MAP_D_CAD_00 238		
335	タイロンさんが	Has Tylong really disappeared?		
	いなくなったというのは			
	本当かの？		X	
	我々を見捨てて	Did he really cast us aside and join the Anti?		
	アンチに入ったのだとか			
340	誰から聞いたんだ？	Who did you hear that from?		
345	func00_C_EVENT_END1	MAP_D_CAD_00 372		
347	func00_C_EVENT_END2	MAP_D_CAD_00 377		
350	func00_B_EVENT_START1	MAP_D_CAD_00 459		
362	func00_B_EVENT_START2	MAP_D_CAD_00 465		
363	下がれ！	Stay back!		X
364	タイロン一家は租界から	Members of the Tylong Family are forbidden to leave the compound!		X
	出てはならぬ！			X
370	誰の命令だ	On whose orders?		X
371	わたしですよ	Mine.		X
374	七騎士のユーリです	I'm Yuri of the Seven Knights.		X
378	タイロン問題に関して	The Legion has given me the responsibility.		X
381	機構から一任されましてね	of dealing with the "Tylong problem."		X
387	タイロンの留守を	Who is in charge here?		X
	預かっているのは誰ですか？			X
391	おれだ	I am.		X
398	あなたはそういう器では	That kind of weapon won't even scratch me.		X
	ありませんね			X
399	思うに…	You're...		X
400	カンタレラのジグ？	Zig of Cantelera, aren't you?		X
401	そうだ…	Yes, but I've left Cantelera behind.		X
	カンタレラは捨てたけどな			X
402	あなたと話すことに	I'll talk to you, then.		X
	しましょうか			X
405	タイロンの謀反のことは	You've known that Tylong was planning a coup for a long time, haven't you?		X
	前々から知っていましたね？			X
407	いや	No.		X
408	あなたはずいぶんと	I hear that you were		X
412	気に入られていたと聞いていますが…	one of Tylong's favorites.		X
413	…かもな	Maybe.		X
417	タイロンはあなたの	Tylong knew you were from Cantelera, right?		X
	出自を知っていた？			X
418	だから自分の	Isn't that why he made you his subordinate?		X
	配下にしたのでしょうか？			X
419	そんなこと、おれにはわからない	I don't know.		X
421	アンチの女…イゴリダと	How many times have you met with that Anti woman, Igrida?		X
	会ったのは何度目です？			X
423	たしか…	Let me see...		X
426	ほう！　初めてではない！	Ah! So this isn't the first you've heard of her!		X
427	何度も会っていた、と	If you've met with her several times, then...		X
428	そういう意味じゃない！	That's not what I meant!		X
429	どういう意味でしょうね？	What does it mean, I wonder?		X
433	なんも聞いてねえぞ	I never heard anything about this.		X
436	報告するようなことは…	If you're talking about reports...		X
437	何もありませんでしたか	There were none, were there?		X
442	あなたの言葉は	Nothing you say can be trusted.		X
	とても信用できません			X
448	どうしろと言うんだ？	What does he want from us?		X
449	困りましたね…	This is a problem, isn't it?		X
450	とにかくおれは何も知らない	I really don't know anything.		X
453	ふむ…	Hm...		X
454	我らはすべて機構の	All of us are bound by the Legion's laws,		X
	掟のもとで生きる身			X
455	我々らしく決着を	How should we handle this little problem?		X
	付けるというのはどうでしょうね			X
457	強さによって身の証をたてなさい	You shall prove your innocence with your strength.		X
459	…いいだろう	Fine with me.		X
461	相手はわたしではありません	I won't be your opponent.		X
464	さあ、ジグ	Zig, prepare for battle!		X
	戦いの準備を！			X
465	func00_B_EVENT_END1	MAP_D_CAD_00 522		
484	func00_B_EVENT_END2	MAP_D_CAD_00 527		
487	func00_BATTLE_EVENT	MAP_D_CAD_00 457		
489	func00_B_EVENT_START1	MAP_D_CAD_00 459		
501	func00_B_EVENT_START2	MAP_D_CAD_00 465		
502	では、あなたの相手を紹介しましょう	Well then, let me introduce you to your opponent.		X
506	もうひとり身の証を	There's someone else who must prove his innocence.		X
	たてなくてはならない者がいるのです			X
509	ファズ！	Faz!		X
512	ファズ、生きていたんだな！	You're alive!		X
513	この男は勝利によって	Defeat this man, and demonstrate your loyalty to the Legion.		X
	機構への忠誠心を見せねばなりません			X
517	あなたと同じです	He's in the same situation you are. No one believes anything he says.		X
	幾千の言葉も信じてはもらえない			X
520	不幸ですね…	This is an unfortunate turn of events,		X
521	でも、仕方がありません	but it can't be helped.		X
523	アンチの一族から来たのですから	Both of you are from a known Anti clan.		X
526	ファズ！？	Faz!		X
527	ハーッ！	Haaa!		X
532	なぜだ！？	Why!?		X
548	func00_B_EVENT_END1	MAP_D_CAD_00 522		
552	func00_B_EVENT_END2	MAP_D_CAD_00 527		
553	func00_B_EVENT_START1	MAP_D_CAD_00 459		
568	func00_B_EVENT_START2	MAP_D_CAD_00 465		
569	…なぜだ	Why!?		X
570	自分が出て行くだけでは	Instead of being satisfied with leaving,		X
	飽きたらずに…			X
571	カンタレラが反機構活動を	you had to go and spread nonsense about Cantelera plotting against the Legion.		X
	しているなどと…			X
574	何を言ってるんだ？	What are you talking about?		X
577	おれはこれほど誰かを	I've never hated anyone as much as I hate you.		X
	憎いと思ったことはない			X
578	ふふふふ…	Hahaha...		X
582	さあ、ジグ、どうしますか？	So, Zig, what are you going to do?		X
583	もう決着はついている	I've already defeated him.		X
585	これはランキング戦ではない！	This is NOT a ranking battle!		X
590	おれは生きのびてやる	I don't plan to die here.		X
595	そこまで！	That's far enough!		X
596	ひひっ！	Hahaha!		X
600	これは失礼…	That's rude.		X
601	実に惜しい…	This is truly disappointing.		X
602	一度きりで終わらせるには	It would be truly disappointing if this tragedy ended with only one act.		X
	実に惜しい…			X
603	ふむ…	Hmmm...		X
604	いいでしょう	I have an idea.		X
607	タイロンの不祥事の件…	Tylong has betrayed the Legion.		X
608	わたしの権限でなんとか	It would be better for all concerned if I settled this quietly.		X
	穏便に収めましょう			X
612	条件は…	What should the conditions be?		X
613	そうですね	Let me see...		X
620	タイロン一家の解散…	The Tylong Family is hereby disbanded.		X
624	そして租界からの退去…	All members shall vacate the compound immediately.		X
626	これくらいに	I wonder if that will be enough.		X
	しておきましょうか			X
627	なーに、礼には	What? You're not thanking me?		X
	およびませんよ			X
631	さあ、ファズ	Faz,		X
632	来なさい	Come here.		X
633	これからのことを	We need to discuss our next move.		X
	じっくり話し合わなければ			X
636	強くなっててっぺんに	You said you wanted to stand above all others.		X
	立ちたいと言ってたな			X
638	せいぜい、励むがいいさ	You keep working on that.		X
639	おれは地の底から	I'll continue to hate you with every fiber of my being.		X
	おまえを憎み続けてやる			X
642	ファズ、誤解だ	Faz, this is all a misunderstanding.		X
643	おれはカンタレラを	I didn't sell out Cantelera!		X
	売ったりはしていない！			X
646	ひひっ！	Hahah. Oh really?		X
	いやいや、どうでしょう			X
647	あなたが現れるまで	Everyone had forgotten about Cantelera		X
648	カンタレラのことは	until you showed up.		X
	皆、忘れていましたから			X
650	func00_B_EVENT_END1	MAP_D_CAD_00 522		
663	func00_B_EVENT_END2	MAP_D_CAD_00 527		
664	func00_E_EVENT_START1	MAP_D_CAD_00 415		
665	func00_E_EVENT_START2	MAP_D_CAD_00 417		
667	ファズってのは			
	カンタレラ時代の			
	ダチなんだろ？			
669	それでもやっぱり			
	きっちりケリを			
	つけるべきだったな			
671	おれたちみんな…			
	おめえの覚悟を			
	信じたかったぜ…			
672	func00_E_EVENT_END1	MAP_D_CAD_00 424		
673	func00_E_EVENT_END2	MAP_D_CAD_00 425		
674	func00_C_EVENT_START1	MAP_D_CAD_00 233		
677	func00_C_EVENT_START2	MAP_D_CAD_00 238		
683	よう、ジグ	Hey, Zig. I heard about the Tylong Family.		
	タイロン一家の話は			
	聞いてるぞ		X	
	へん！　いい気味だ！	They got what they deserved!		
689	待てよ	Wait.		
693	行くとこないんだろ？	You're not leaving, are you? You can come back to the barracks if you want.		
	良かったら、あの宿舎へ			
	戻って来いよ		X	
	新入りの場所が	There's space in the new recruits' barracks.		
	空いているからさ		X	
	あんたなら大丈夫だって	You'll be fine there. I'll put in a good word for you.		
	宿舎のみんなには			
	言っておいた			
697	ポッド…	Pod...		
702	おれってお人好し	I'm just too kindhearted for my own good.		
	すぎるよな			
706	func00_C_EVENT_END1	MAP_D_CAD_00 372		
708	func00_C_EVENT_END2	MAP_D_CAD_00 377		
709	func00_C_EVENT_START1	MAP_D_CAD_00 233		
715	func00_C_EVENT_START2	MAP_D_CAD_00 238		
725	おい、おまえ…	Hey, you.		
730	タイロン一家のジグだろ？	You're Zig from the Tylong Family, right? We've heard the rumors.		
	噂は聞いてるぞ			
734	故郷、機構、タイロン一家	Your village, the Legion, the Tylong Family...You'll betray anyone if it advances your interests,		
	何を裏切ったって			
	おまえの勝手だ			
738	でもな、ポッドを	but we won't allow you to betray Pod.		
	裏切ることだけは			
	おれたちが許さねえ			
742	どんなにランクが上でも	Your rank may be high, but wouldn't you find it difficult to take all of us on at once?		
	おれたち全員の相手は			
	難しいと思うぜ？			
746	…ああ、わかった	I understand.		
750	おれたちはみんなポッドに	Pod sponsored all of us into the Legion.		
	推薦してもらって			
	機構に入ったんだ			
754	おまえだってそうだろう？	Didn't he sponsor you, as well?		
760	あれ！？　どした？	Huh!? What's going on? An argument!?		
	もめてるのか！？			
768	まさか！	Not all all! We're just welcoming him.		
	歓迎してたのよ			
773	ああ、なんでもない	Yeah, it's nothing. Once again, I'm in your debt.		
	また世話になるよ			
777	うん…	Alright.		
780	じゃあ、ゆっくりしてくれ	I'd like to say "please relax," but this room doesn't belong to just me.		
	…って、別におれの家じゃ			
	ないけどな！			
794	おれは誰も裏切ったりは	I haven't betrayed anyone!		
	していない！			
796	func00_C_EVENT_END1	MAP_D_CAD_00 372		
799	func00_C_EVENT_END2	MAP_D_CAD_00 377		
805	よぉ、お目覚めか？	Hey, are you awake?		
810	…ああ	Yeah.		
814	ポッドが心配してたから	Pod is worried about you. Go and show him that you're alright.		
	顔を見せに行けよ			
	元気な顔見せによ		X	
	うそでもいいから	Put up a false front if you have to. Just show him that you're alright.		
	元気な顔だぞ		X	
	おまえはどうでもいいが	Pod shouldn't have to worry about someone like you.		
	ポッドに心配かけるなよ			
818	…どこにいる？	Where is he?		
822	さあな	Same as always. He's on guard duty at the bridge.		
	大橋でいつもの			
	衛兵修練じゃないのか			
827	func00_C_EVENT_START1	MAP_D_CAD_00 233		
833	func00_C_EVENT_START2	MAP_D_CAD_00 238		
839	おまえがマキスに	We know you're funneling information to Makis.		
	情報を流していたことは			
	わかっている			
843	奴から連絡があったら	Next time he contacts you, let me know. Got it?		
	おれに言え			
	わかったな？			
846	…………	MAP_D_CAD_00 242		
849	返事は？	Well?		
852	…………	MAP_D_CAD_00 242		
856	もう少し	Guess I need to hurt you a little more.		
	痛めつけておけ			
863	ファズ、やめろ！	Stop it, Faz!		
869	おやおや…	Hoho...	X	
	そういえばおまえも	I do remember hearing that you're close to Makis as well.		
	マキスと親しかった			
	らしいな		X	
	マキスから連絡が	If he contacts you...		
	あったら…			
873	その時は	When he does, I'm going to talk to him first.		
	まず、おれが話す			
877	いいだろう	Fine, but after that, he dies.		
	だが、その後、殺せ			
881	ファズ、おまえ…	Faz, you've...		
885	変わったか？	Changed? Whose fault is that?		
	ふん、誰のせいだろうな			
888	…………	......	X	
	そうだ、ファズ	Oh yeah. Faz, is Missy safe?		
	ミシーは無事なのか？			
892	おまえにはその名を	You don't have the right to speak that name!		
	口にする権利などない！			
897	ファズ…	Faz, you should stop talking now.		
	おまえもそれ以上は			
	しゃべるな			
900	ふん…	Hmph.		
906	func00_C_EVENT_END1	MAP_D_CAD_00 372		
910	マスター			
912	つぶやく女性			
914	嫌悪する男性			
917	func00_C_EVENT_END2	MAP_D_CAD_00 377		
918	func00_E_EVENT_START1	MAP_D_CAD_00 415		
921	func00_E_EVENT_START2	MAP_D_CAD_00 417		
924	大丈夫か？	Are you alright?		
931	かまうな…	Don't worry about me. I'm sorry to have dragged you into this.		
	巻き込まれるぞ…			
936	…………	MAP_D_CAD_00 242		
940	どこかへ行くつもり	Weren't you going somewhere?		
	だったんじゃないのか？			
945	…ああ	Yeah. To the bridge.		
	ちょっと大橋へ			
950	だったら、さっさと行け	In that case, you should get going.	X	
	…人生は思うほど	I don't think I have long to live. Stay safe.		
	長くはないぞ			
	より道はほどほどにな			
954	func00_E_EVENT_END1	MAP_D_CAD_00 424		
957	func00_E_EVENT_END2	MAP_D_CAD_00 425		
958	func00_E_EVENT_START1	MAP_D_CAD_00 415		
959	func00_E_EVENT_START2	MAP_D_CAD_00 417		
961	おれたち、親方に			
	捨てられちまったな…			
963	けっ…			
	おまえが来るまでは			
	楽しかったぜ…			
965	いつかあの租界を			
	取り戻してみせるぜ…			
967	親方には一生			
	ついて行こうと			
	思ってたのになぁ			
968	func00_E_EVENT_END1	MAP_D_CAD_00 424		
969	func00_E_EVENT_END2	MAP_D_CAD_00 425		
970	func00_C_EVENT_START1	MAP_D_CAD_00 233		
972	func00_C_EVENT_START2	MAP_D_CAD_00 238		
975	調子はどうだ、ジグ	How are you holding up, Zig?		
979	どうかな…	Well enough, I guess.		
985	何があってもこの世界は	The more things change, the more they stay the same.		
	変わらない		X	
	結局、修練に参加して	In the end, you have no choice but to train and fight in ranking battles to get stronger.		
	ランカーと戦って			
	強くなるしかない		X	
	世界が変わらないなら	If you want to change that, you have to get stronger and change it yourself.		
	自分が強くなって			
	変わらなくちゃ		X	
	って、おれが言っても	...Is what I want to say, but that's not too persuasive coming from me.		
	説得力ゼロか…			
992	いや…	No, that's not true.		
	そんなことはない		X	
	その通りだと思う	I think you're right.		
998	だったら…	If you think I'm right, then...	X	
	そのタイロン一家の証は	shouldn't you try to clear the Tylong Family's name?		
	はずした方が			
	いいんじゃない？			
1002	func00_C_EVENT_END1	MAP_D_CAD_00 372		
1003	13			
1005	func00_C_EVENT_END2	MAP_D_CAD_00 377		
1006	func00_E_EVENT_START1	MAP_D_CAD_00 415		
1012	func00_E_EVENT_START2	MAP_D_CAD_00 417		
1018	よぉ、兄弟	Hey, bro. Did you train today?		
	今日も修練だったのか？			
1022	ああ	Yeah.		
1030	あっ、ジグ！	Oh, Zig! You're back!		
	帰ってたんだね！			
1036	実は、ウェルマーが	It seems Welmer has some new information.		
	新しい情報を			
	つかんだらしいんだ		X	
	それから、上区の店に	You should also check out the shops in the Upper District. They've got some new stuff.		
	新商品が入荷だってさ		X	
	今からちょっと	Let's not lose any time.		
	行っておいでよ			
1041	…今日は疲れた	I'm tired. I'll go tomorrow.		
	明日にする			
1045	あらま、仕方ないね	I see. Well, tomorrow then.		
	それじゃあ明日			
	必ず行くんだよ			
1049	func00_E_EVENT_END1	MAP_D_CAD_00 424		
1050	func00_E_EVENT_END2	MAP_D_CAD_00 425		
1051	func00_E_EVENT_START1	MAP_D_CAD_00 415		
1052	func00_E_EVENT_START2	MAP_D_CAD_00 417		
1054	func00_E_EVENT_END1	MAP_D_CAD_00 424		
1055	func00_E_EVENT_END2	MAP_D_CAD_00 425		
1056	func00_E_EVENT_START1	MAP_D_CAD_00 415		
1057	func00_E_EVENT_START2	MAP_D_CAD_00 417		
1058	func00_E_EVENT_END1	MAP_D_CAD_00 424		
1059	func00_E_EVENT_END2	MAP_D_CAD_00 425		
1060	func00_E_EVENT_START1	MAP_D_CAD_00 415		
1061	func00_E_EVENT_START2	MAP_D_CAD_00 417		
1063	おれは…			
	どうしたらいい？		X	
	…ポッドに会いに行こう			
	きっと大橋だ			
1064	func00_E_EVENT_END1	MAP_D_CAD_00 424		
1065	func00_E_EVENT_END2	MAP_D_CAD_00 425		
1066	func00_E_EVENT_START1	MAP_D_CAD_00 415		
1069	func00_E_EVENT_START2	MAP_D_CAD_00 417		
1074	あれ、いつも修練板の	Isn't that the official who's always hanging around the training board?		
	ところにいた官吏だよな			
1078	官吏がアンチのメンバー…	They think he might be a member of the Anti.		
	考えてみれば			
	その可能性もあるのよね			
1082	アンチだったら	If he is, I hope the Legion executes him quickly.		
	とっとと処刑しちまえば			
	いいのによ			
1088	func00_E_EVENT_END1	MAP_D_CAD_00 424		
1090	func00_E_EVENT_END2	MAP_D_CAD_00 425		
1091	func00_E_EVENT_START1	MAP_D_CAD_00 415		
1092	func00_E_EVENT_START2	MAP_D_CAD_00 417		
1094	func00_E_EVENT_END1	MAP_D_CAD_00 424		
1095	func00_E_EVENT_END2	MAP_D_CAD_00 425		
1096	シーン初期化	MAP_D_CAD_00 1232		
				
1098	セーブポイントから着たので何もしない	MAP_D_CAD_00 1247		
1099	オブジェクト配置	MAP_D_CAD_00 1233		
				
1101	オブジェクトトラップ配置	MAP_D_CAD_00 1235		
				
1102	マップチェンジトラップ配置	MAP_D_CAD_00 1236		
				
1103	ＮＰＣ配置	MAP_D_CAD_00 1248		
				
1105	寄宿舎受付	MAP_I_GAN_21 470		
1106	配置しない	MAP_D_LUK_00 2576		
				
1107	配置しない	MAP_D_LUK_00 2576		
				
1118	流れ武器商人			
1120	修練のひとつふたつ			
	クリアしてみ？		X	
	どっかで暴れて			
	気分転換してこいよ			
1122	今度は、その…			
	できる仕事なんだろ？			
	しっかりやれよ！			
1124	ったく、おめえばっかり			
	親方から頼まれて			
	妬いちまうぜ！			
1126	おれもたまには			
	修練に出るかな…			
1128	{14}02A6を返してもらいますか？	MAP_D_CAD_00 1299		
1129	はい	MAP_D_CAD_00 432		
1130	いいえ	MAP_D_CAD_00 433		
1135	…ほらよ	MAP_D_OBT_00 428		
1137	{14}02A6を返してもらった	MAP_D_CAD_00 1308		
1140	なんだってんだ？	MAP_D_OBT_00 432		
1142	{14}02A6を持っていません	MAP_D_CAD_00 1313		
1146	{14}02A6を渡しますか？	MAP_D_CAD_00 1317		
1151	おっと、うれしいねえ	MAP_D_OBT_00 441		
	じゃ、近々邪魔しに			
	行くぜ！			
1153	{14}02A6を渡した	MAP_D_CAD_00 1324		
1158	なんだよ…			
	マキスの野郎も			
	アンチだったのかよ…			
1160	…………	MAP_D_CAD_00 242		
1162	親方…そりゃないぜ…			
1164	…はぁ……			
1166	ったく、ここは			
	どうなっちまうんだ？			
1168	……ふぅ…			
1169	どこへ行きますか？	MAP_I_GAN_02 1403		
1170	部屋・壱へ	Room 1		
1171	部屋・弐へ	Room 2		
1172	部屋に入らない	MAP_I_GAN_21 481		
1174	マップジャンプ	MAP_D_CAN_00 929		
				
1175	マップジャンプ	MAP_D_CAN_00 929		
				
1177	なんだい…			
1179	じゃあもうちょっと			
	働いておいで！			
	夕飯作っとくからね			
1181	まだ落ち込んでるなら			
	外の空気を			
	吸ってくるといい			
1183	あんた働き者だねぇ			
	あんまり無理を			
	するんじゃないよ！			
1185	こういうときこそ			
	ちゃんと休んでおきなよ			
1187	そうかい…			
1189	落ち着いたらまたおいで			
	料理たくさんつくって			
	ねぎらうからさ！			
1191	…休みたいなら			
	壱の部屋に行きな			
1194	ようこそ	Welcome to the compound!		
	あたしらの租界へ！			
	改めて歓迎するよ！		X	
	あんたは壱の部屋を	You're in room 1. Would you like to go to your room now?		
	自由に使っておくれ			
	…今すぐ部屋に行くかい？			
1196	帰ったか！			
	もう部屋に行くかい？			
1199	夕飯メニューの決定権			
	今週はあんたにあげるよ			
	…部屋に戻るかい？			
1202	お帰りさん！	Welcome back! Are you heading to your room?		
	部屋に行くのかい？			
1205	どうしたもんかね…			
	あんたは部屋に戻るかい？			
1208	なんてこった…			
	荷物とるなら今のうちだよ			
1211	機構の目があるから			
	部屋には通せないんだ			
	…わかっておくれ			
1213	大きな声じゃ言えないが			
	アンチの件は聞いてるよ		X	
	…おもいっきりやりな！			
	あんたたちが戻るまで			
	寄宿舎は守っておくからね			
1215	おかえり、ジグっち！			
	あんたの部屋は			
	残してあるよ		X	
	…でも、休むのには			
	七騎士部屋を使いな		X	
	らしくするのも			
	仕事のうちってね！			
	休日なら泊めてあげるよ			
1217	部屋に行くのかい？			
	サボリに使うのは			
	禁止だよ！			
1220	…………	MAP_D_CAD_00 242		
1222	ようこそ！			
	新しい生活にあわせて			
	武器も新調しないかね？			
1224	浮かない顔して			
	どうしたね？			
	ほら、好きに見ていきな			
1226	どんなにデカい面しても			
	武器がボロくちゃ			
	威厳がないぞ！			
1227	無言			
				
1229	ありがとさん！			
	一家はおれのお得意さんだ			
	また利用してくれよな			
1231	ありがとさん！			
	元気出して暴れといでよ			
1233	ありがとさん！			
	…そろそろ武器の仕入れに			
	発たにゃあね			
1234	イベントトラップ配置	MAP_D_CAD_00 1413		
				
1245	親方は？			
