0	■■■ func00_DEBUG_SIGN ■■■	MAP_D_CAD_00 0		
				
1	！！！エラー検出用サブルーチンを通りました！！！	MAP_D_CAD_00 1		
				
2	イビノスシンボル配置しない。フラグ：	MAP_D_CAD_00 2		
4	イビノスシンボル配置する。フラグ：	MAP_D_CAD_00 4		
7	ランカーファイル情報更新	MAP_D_CAD_00 7		
				
8	->旧:	MAP_D_CAD_00 8		
9	 追加:	MAP_D_CAD_00 9		
10	 結果:	MAP_D_CAD_00 10		
12	ランク:	MAP_D_CAD_00 12		
15	ランカー戦勝利・戻り値：	MAP_D_CAD_00 15		
17	ランキング戦を申し込みますか？	MAP_D_CAD_00 17		
18	申し込む	MAP_D_CAD_00 18		
19	やめておく	MAP_D_CAD_00 19		
22	イビノスシンボル倒した。フラグON：	MAP_D_CAD_00 22		
25	イビノス戦：イベント終了？	MAP_D_CAD_00 25		
				
26	スクリプト：未知のモーションタイプが指定されました	MAP_D_CAD_00 26		
				
33	***振り向き判定ＰＣ***	MAP_D_CAD_00 33		
				
34	現在:cmn_r0:	MAP_D_CAD_00 34		
36	目標:cmn_r1:	MAP_D_CAD_00 36		
38	差分:cmn_r2:	MAP_D_CAD_00 38		
40	差分＾２:cmn_r3:	MAP_D_CAD_00 40		
42	閾値＾２:cmn_r4:	MAP_D_CAD_00 42		
44	->pc振り向きません	MAP_D_CAD_00 44		
				
45	->pc振り向きます	MAP_D_CAD_00 45		
				
47	***振り向き判定***	MAP_D_CAD_00 47		
				
48	現在:cmn_r0:	MAP_D_CAD_00 34		
50	目標:cmn_r1:	MAP_D_CAD_00 36		
52	差分:cmn_r2:	MAP_D_CAD_00 38		
54	差分＾２:cmn_r3:	MAP_D_CAD_00 40		
56	閾値＾２:cmn_r4:	MAP_D_CAD_00 42		
58	->npc振り向きません	MAP_D_CAD_00 58		
				
59	->npc振り向きます	MAP_D_CAD_00 59		
				
63	ロード待ち開始	MAP_D_CAD_00 63		
				
64	ロード待ち終了	MAP_D_CAD_00 64		
				
65	{15}0C{14}L00000000を	MAP_D_CAD_00 65		
	手に入れた			
66	{15}0E{14}L00000000を	MAP_D_CAD_00 66		
	手に入れた			
67	{15}0F{14}L00000000を	MAP_D_CAD_00 67		
	手に入れた			
68	{15}0D{14}L00000000を	MAP_D_CAD_00 68		
	手に入れた			
69	{15}10{14}L00000000を	MAP_D_CAD_00 69		
	手に入れた			
70	{15}12{14}L00000000を	MAP_D_CAD_00 70		
	手に入れた			
71	{15}11{14}L00000000を	MAP_D_CAD_00 71		
	手に入れた			
72	{15}13{14}L00000000を{1d}L00000001個	MAP_D_CAD_00 72		
	手に入れた			
73	{15}14{14}L00000000を{1d}L00000001個	MAP_D_CAD_00 73		
	手に入れた			
74	{15}14{14}L00000000を	MAP_D_CAD_00 74		
	手に入れた			
75	{15}1B{14}L00000000を	MAP_D_CAD_00 75		
	手に入れた			
76	{14}L00000000を	MAP_D_CAD_00 76		
	手に入れた			
77	{1d}L00000000Ｂを手に入れた	MAP_D_CAD_00 77		
				
78	num_calc：	MAP_D_CAD_00 78		
80	{15}0C{14}L00000000を	MAP_D_CAD_00 80		
	手渡した			
81	{15}0E{14}L00000000を	MAP_D_CAD_00 81		
	手渡した			
82	{15}0F{14}L00000000を	MAP_D_CAD_00 82		
	手渡した			
83	{15}0D{14}L00000000を	MAP_D_CAD_00 83		
	手渡した			
84	{15}10{14}L00000000を	MAP_D_CAD_00 84		
	手渡した			
85	{15}12{14}L00000000を	MAP_D_CAD_00 85		
	手渡した			
86	{15}11{14}L00000000を	MAP_D_CAD_00 86		
	手渡した			
87	{15}13{14}L00000000を{1d}L00000001個	MAP_D_CAD_00 87		
	手渡した			
88	{15}14{14}L00000000を{1d}L00000001個	MAP_D_CAD_00 88		
	手渡した			
89	{15}14{14}L00000000を	MAP_D_CAD_00 89		
	手渡した			
90	{15}1B{14}L00000000を	MAP_D_CAD_00 90		
	手渡した			
91	{14}L00000000を	MAP_D_CAD_00 91		
	手渡した			
				
92	■■ret0■■：	MAP_D_CAD_00 92		
96	■■ret■■：	MAP_D_CAD_00 96		
98	cmn_option:	MAP_D_CAD_00 98		
106	セーブポイント	MAP_D_CAD_00 106		
107	データ削除ユーティリティを起動します	MAP_D_CAD_00 107		
	ゲームプレイデータのセーブには			
	{1d}L00000001KB以上の空き容量が必要です			
108	ネックタイプ：	MAP_D_CAD_00 108		
110	首の初期化	MAP_D_CAD_00 110		
				
111	ネックタイプ：	MAP_D_CAD_00 108		
115	大橋が	MAP_D_CAD_00 115		
	トラベルマップで使用可能になりました			
116	下区：商業区が	MAP_D_CAD_00 116		
	トラベルマップで使用可能になりました			
117	下区：ランカー居住区が	MAP_D_CAD_00 117		
	トラベルマップで使用可能になりました			
118	下区：闘技場前が	MAP_D_CAD_00 118		
	トラベルマップで使用可能になりました			
119	タイロン租界が	MAP_D_CAD_00 119		
	トラベルマップで使用可能になりました			
120	バザルタ出張所前が	MAP_D_CAD_00 120		
	トラベルマップで使用可能になりました			
121	上区：噴水広場前が	MAP_D_CAD_00 121		
	トラベルマップで使用可能になりました			
122	バザルタ本部前が	MAP_D_CAD_00 122		
	トラベルマップで使用可能になりました			
123	フラグ・フィールド：	MAP_D_CAD_00 123		
125	フラグ・フィールド：	MAP_D_CAD_00 123		
127	ガンドアが	MAP_D_CAD_00 127		
	トラベルマップで使用可能になりました			
128	カンタレラが	MAP_D_CAD_00 128		
	トラベルマップで使用可能になりました			
129	トーロ荒地が	MAP_D_CAD_00 129		
	トラベルマップで使用可能になりました			
130	リブラ森林が	MAP_D_CAD_00 130		
	トラベルマップで使用可能になりました			
131	マイヤールの森が	MAP_D_CAD_00 131		
	トラベルマップで使用可能になりました			
132	ベリエ街道が	MAP_D_CAD_00 132		
	トラベルマップで使用可能になりました			
133	ドネイ回廊が	MAP_D_CAD_00 133		
	トラベルマップで使用可能になりました			
134	ウィルゴー砂漠が	MAP_D_CAD_00 134		
	トラベルマップで使用可能になりました			
135	カドモール水源が	MAP_D_CAD_00 135		
	トラベルマップで使用可能になりました			
136	カルキノス荒地が	MAP_D_CAD_00 136		
	トラベルマップで使用可能になりました			
137	ラ・キット遺跡が	MAP_D_CAD_00 137		
	トラベルマップで使用可能になりました			
138	レオン峡谷が	MAP_D_CAD_00 138		
	トラベルマップで使用可能になりました			
139	ソダー回廊が	MAP_D_CAD_00 139		
	トラベルマップで使用可能になりました			
140	ニシュラ氷河が	MAP_D_CAD_00 140		
	トラベルマップで使用可能になりました			
141	いにしえの回廊が	MAP_D_CAD_00 141		
	トラベルマップで使用可能になりました			
142	フィッシェ街道が	MAP_D_CAD_00 142		
	トラベルマップで使用可能になりました			
143	レゾナール海岸が	MAP_D_CAD_00 143		
	トラベルマップで使用可能になりました			
144	ケイロニア高原が	MAP_D_CAD_00 144		
	トラベルマップで使用可能になりました			
145	ケイロニア砦が	MAP_D_CAD_00 145		
	トラベルマップで使用可能になりました			
146	サルバトーレ離宮が	MAP_D_CAD_00 146		
	トラベルマップで使用可能になりました			
147	リストにないよ？	MAP_D_CAD_00 147		
				
148	_case:	MAP_D_CAD_00 148		
151	「討伐修練【低位１】」の	MAP_D_CAD_00 151		
	クリア条件を満たした！			
152	「討伐修練【低位２】」の	MAP_D_CAD_00 152		
	クリア条件を満たした！			
153	「討伐修練【低位３】」の	MAP_D_CAD_00 153		
	クリア条件を満たした！			
154	「討伐修練【低位４】」の	MAP_D_CAD_00 154		
	クリア条件を満たした！			
155	「討伐修練【低位５】」の	MAP_D_CAD_00 155		
	クリア条件を満たした！			
156	「討伐修練【中位１】」の	MAP_D_CAD_00 156		
	クリア条件を満たした！			
157	「討伐修練【中位２】」の	MAP_D_CAD_00 157		
	クリア条件を満たした！			
158	「討伐修練【高位１】」の	MAP_D_CAD_00 158		
	クリア条件を満たした！			
159	「討伐修練【高位２】」の	MAP_D_CAD_00 159		
	クリア条件を満たした！			
160	「薬草探しの代理人」の	MAP_D_CAD_00 160		
	クリア条件を満たした！			
161	「新商品開発の手伝い」の	MAP_D_CAD_00 161		
	クリア条件を満たした！			
162	「蒼の指環を求めて」の	MAP_D_CAD_00 162		
	クリア条件を満たした！			
163	「雪中の贈り物」の	MAP_D_CAD_00 163		
	クリア条件を満たした！			
164	「加護あることを祈って」の	MAP_D_CAD_00 164		
	クリア条件を満たした！			
165	「追想の白い花」の	MAP_D_CAD_00 165		
	クリア条件を満たした！			
166	「来れ、好運の使者！」の	MAP_D_CAD_00 166		
	クリア条件を満たした！			
167	「武術指南のお願い」の	MAP_D_CAD_00 167		
	クリア条件を満たした！			
168	「行方不明の従業員」の	MAP_D_CAD_00 168		
	クリア条件を満たした！			
169	「スキルチップ収集中」の	MAP_D_CAD_00 169		
	クリア条件を満たした！			
170	「盗難品の行方は」の	MAP_D_CAD_00 170		
	クリア条件を満たした！			
171	「資料集めのアシスタント」の	MAP_D_CAD_00 171		
	クリア条件を満たした！			
172	「河畔の生態系調査」の	MAP_D_CAD_00 172		
	クリア条件を満たした！			
173	「新人官吏を捕獲せよ」の	MAP_D_CAD_00 173		
	クリア条件を満たした！			
174	「黒い積荷の回収」の	MAP_D_CAD_00 174		
	クリア条件を満たした！			
175	「悪徳商売を抑止せよ」の	MAP_D_CAD_00 175		
	クリア条件を満たした！			
176	「新人ランカー襲撃事件」の	MAP_D_CAD_00 176		
	クリア条件を満たした！			
177	「優しい猛者、募集中」の	MAP_D_CAD_00 177		
	クリア条件を満たした！			
178	「異郷からきた尋ね人」の	MAP_D_CAD_00 178		
	クリア条件を満たした！			
179	「勇壮なる護衛の依頼」の	MAP_D_CAD_00 179		
	クリア条件を満たした！			
180	「赫の指環を求めて」の	MAP_D_CAD_00 180		
	クリア条件を満たした！			
181	「闘技場の害獣駆除」の	MAP_D_CAD_00 181		
	クリア条件を満たした！			
182	「回覧板配達人」の	MAP_D_CAD_00 182		
	クリア条件を満たした！			
183	「討伐修練【緊急】」の	MAP_D_CAD_00 183		
	クリア条件を満たした！			
184	「鉱物資源の収集【緊急】」の	MAP_D_CAD_00 184		
	クリア条件を満たした！			
185	「タリー石を探せ」の	MAP_D_CAD_00 185		
	クリア条件を満たした！			
186	「甘梅草を探せ」の	MAP_D_CAD_00 186		
	クリア条件を満たした！			
187	「衛兵の剣の没収」の	MAP_D_CAD_00 187		
	クリア条件を満たした！			
188	「衛兵の剣の返却」の	MAP_D_CAD_00 188		
	クリア条件を満たした！			
189	「森のイビノス駆除【重大】」の	MAP_D_CAD_00 189		
	クリア条件を満たした！			
190	「回廊のイビノス駆除【重大】」の	MAP_D_CAD_00 190		
	クリア条件を満たした！			
191	「七騎士認定修練【重大】」の	MAP_D_CAD_00 191		
	クリア条件を満たした！			
192	ガンドアが	MAP_D_CAD_00 192		
	トラベルマップで通行可能になりました			
193	ガンドアが	MAP_D_CAD_00 193		
	トラベルマップで通行不能になりました			
194	カンタレラが	MAP_D_CAD_00 194		
	トラベルマップで通行可能になりました			
195	カンタレラが	MAP_D_CAD_00 195		
	トラベルマップで通行不能になりました			
196	トーロ荒地が	MAP_D_CAD_00 196		
	トラベルマップで通行可能になりました			
197	トーロ荒地が	MAP_D_CAD_00 197		
	トラベルマップで通行不能になりました			
198	リブラ森林が	MAP_D_CAD_00 198		
	トラベルマップで通行可能になりました			
199	リブラ森林が	MAP_D_CAD_00 199		
	トラベルマップで通行不能になりました			
200	マイヤールの森が	MAP_D_CAD_00 200		
	トラベルマップで通行可能になりました			
201	マイヤールの森が	MAP_D_CAD_00 201		
	トラベルマップで通行不能になりました			
202	ベリエ街道が	MAP_D_CAD_00 202		
	トラベルマップで通行可能になりました			
203	ベリエ街道が	MAP_D_CAD_00 203		
	トラベルマップで通行不能になりました			
204	ドネイ回廊が	MAP_D_CAD_00 204		
	トラベルマップで通行可能になりました			
205	ドネイ回廊が	MAP_D_CAD_00 205		
	トラベルマップで通行不能になりました			
206	ウィルゴー砂漠が	MAP_D_CAD_00 206		
	トラベルマップで通行可能になりました			
207	ウィルゴー砂漠が	MAP_D_CAD_00 207		
	トラベルマップで通行不能になりました			
208	カドモール水源が	MAP_D_CAD_00 208		
	トラベルマップで通行可能になりました			
209	カドモール水源が	MAP_D_CAD_00 209		
	トラベルマップで通行不能になりました			
210	カルキノス荒地が	MAP_D_CAD_00 210		
	トラベルマップで通行可能になりました			
211	カルキノス荒地が	MAP_D_CAD_00 211		
	トラベルマップで通行不能になりました			
212	ラ・キット遺跡が	MAP_D_CAD_00 212		
	トラベルマップで通行可能になりました			
213	ラ・キット遺跡が	MAP_D_CAD_00 213		
	トラベルマップで通行不能になりました			
214	レオン峡谷が	MAP_D_CAD_00 214		
	トラベルマップで通行可能になりました			
215	レオン峡谷が	MAP_D_CAD_00 215		
	トラベルマップで通行不能になりました			
216	ソダー回廊が	MAP_D_CAD_00 216		
	トラベルマップで通行可能になりました			
217	ソダー回廊が	MAP_D_CAD_00 217		
	トラベルマップで通行不能になりました			
218	ニシュラ氷河が	MAP_D_CAD_00 218		
	トラベルマップで通行可能になりました			
219	ニシュラ氷河が	MAP_D_CAD_00 219		
	トラベルマップで通行不能になりました			
220	いにしえの回廊が	MAP_D_CAD_00 220		
	トラベルマップで通行可能になりました			
221	いにしえの回廊が	MAP_D_CAD_00 221		
	トラベルマップで通行不能になりました			
222	フィッシェ街道が	MAP_D_CAD_00 222		
	トラベルマップで通行可能になりました			
223	フィッシェ街道が	MAP_D_CAD_00 223		
	トラベルマップで通行不能になりました			
224	レゾナール海岸が	MAP_D_CAD_00 224		
	トラベルマップで通行可能になりました			
225	レゾナール海岸が	MAP_D_CAD_00 225		
	トラベルマップで通行不能になりました			
226	ケイロニア高原が	MAP_D_CAD_00 226		
	トラベルマップで通行可能になりました			
227	ケイロニア高原が	MAP_D_CAD_00 227		
	トラベルマップで通行不能になりました			
228	ケイロニア砦が	MAP_D_CAD_00 228		
	トラベルマップで通行可能になりました			
229	ケイロニア砦が	MAP_D_CAD_00 229		
	トラベルマップで通行不能になりました			
230	サルバトーレ離宮が	MAP_D_CAD_00 230		
	トラベルマップで通行可能になりました			
231	サルバトーレ離宮が	MAP_D_CAD_00 231		
	トラベルマップで通行不能になりました			
232	リストにないよ？	MAP_D_CAD_00 147		
				
233	func00_E_EVENT_START1	MAP_D_CAD_00 415		
237	func00_E_EVENT_START2	MAP_D_CAD_00 417		
240	やぁ、こんにちは！	MAP_D_KOU_01 277		
	下位ランカー向け			
	討伐修練の受付はここさ			
242	現在告知されているのは	Right now, we're recruiting for		
	【低位３】の討伐修練だよ	the [Low Rank 3] extermination		
	参加するかい？	mission. Will you participate?		
246	どんな修練だ？	MAP_D_CAD_00 912		
250	厄介な襲撃事件の			
	解決にあたってもらうよ			
252	修練「討伐修練【低位３】」	Participate in training		
	に参加しますか？	mission "Exterminate -		
		Low Rank 3"?		
253	参加する	MAP_D_CAD_00 919		
254	参加しない	MAP_D_CAD_00 920		
259	ほうほう……了解！	MAP_D_KOU_01 288		
	じゃあさっそく			
	修練の内容を説明するよ			
261	今回はちょっと	This mission is a bit unusual.		
	特殊なんだ			
263	実はね、ここ最近	There have been several reports of rankers attacking people at the inn recently.		
	宿屋でランカーが襲われる			
	事件が何度か続いてね…			
265	事件はいつも早朝…	The victims are awakened early in the morning and attacked while they're still half-asleep.		
	寝ぼけているところを			
	襲われるらしいんだ			
267	今回の修練は	Your objective is to punish these criminals.		
	その犯人をこらしめてやれ			
	ってことなんだよね			
269	…そんなわけで	With that in mind, please report to the inn. I'll let the innkeeper know that she should be expecting you.		
	下区の宿屋に向かってくれ			
	もちろん話はついている			
273	じゃ、よろしく頼んだよ	MAP_D_KOU_01 298		
275	func00_E_EVENT_END1	MAP_D_CAD_00 424		
277	func00_E_EVENT_END2	MAP_D_CAD_00 425		
280	それは残念…	MAP_D_KOU_01 305		
	参加する気になったら			
	また声をかけてね			
282	func00_E_EVENT_END1	MAP_D_CAD_00 424		
283	func00_E_EVENT_END2	MAP_D_CAD_00 425		
284	func00_E_EVENT_START1	MAP_D_CAD_00 415		
288	func00_E_EVENT_START2	MAP_D_CAD_00 417		
291	あら、例の襲撃犯を	Have you come to get rid of the criminals? You're a lifesaver!		
	倒しにきてくれたの？			
	助かるわぁ！			
293	ウチに泊まると	Rumors about the attacks are causing us to lose business.		
	襲われるって噂のせいで			
	売り上げがガタ落ちよ			
297	犯人とは…	How can I lure the criminals out?		
	どうすれば会える？			
301	被害者と同じように	Wouldn't it be best to act like a potential victim and stay the night?		
	ここに泊まるしか			
	ないんじゃない？			
303	あ、解決するまでは	I don't care how many nights I have to comp you as long as you put a stop to this.		
	何度でもタダで泊まって			
	かまわないわ			
305	いつ現れるか	There's no way of knowing when they'll show up, so you'll need to be patient.		
	わからないからね			
	根気強くやってちょうだい			
307	どうする？	So how about it? Will you stay the night?		
	泊まっていく？			
311	いらっしゃい！	Welcome! It's free if you're		
	宿泊なら無料にしとくわ	staying the night. Or are		
	それとも誰か人探し？	you here to meet someone?		
313	どうしますか？	MAP_D_CAD_03 756		
314	宿泊	Stay		
315	人探し	Person Search		
316	やめる	Nothing		
320	じゃあ部屋を用意するわ	Okay then, I'll get your room ready. I hope the criminals show up.		
	…犯人、現れるといいわね			
322	func00_E_EVENT_END1	MAP_D_CAD_00 424		
323	func00_E_EVENT_END2	MAP_D_CAD_00 425		
327	残念、襲撃犯は			
	現れなかったみたいね			
329	…そういえば			
	襲われる人のランクが			
	どんどん上がってるの			
331	今はいくつくらい			
	だったかしら…			
333	そこのティナちゃんに			
	聞いてみてくれる？			
337	おはよう！			
	襲撃犯は来なかったのね			
	次こそは捕まえたいわ			
339	func00_E_EVENT_END1	MAP_D_CAD_00 424		
340	func00_E_EVENT_END2	MAP_D_CAD_00 425		
343	どの部屋に用事かしら？	Which room are you 		
		looking for?		
345	行きたい部屋を選んで下さい	Which room do you		
		want to go to?		
346	宵の間	Dusk Room		
347	夜半の間	Midnight Room		
348	暁の間	Dawn Room		
349	やめる	Quit		
350	func00_E_EVENT_END1	MAP_D_CAD_00 424		
351	func00_E_EVENT_END2	MAP_D_CAD_00 425		
352	func00_E_EVENT_END1	MAP_D_CAD_00 424		
353	func00_E_EVENT_END2	MAP_D_CAD_00 425		
354	func00_E_EVENT_END1	MAP_D_CAD_00 424		
355	func00_E_EVENT_END2	MAP_D_CAD_00 425		
358	あらそう？			
	また来てちょうだいね			
360	func00_E_EVENT_END1	MAP_D_CAD_00 424		
361	func00_E_EVENT_END2	MAP_D_CAD_00 425		
364	あら残念…			
	例の犯人退治			
	早めによろしくね			
366	func00_E_EVENT_END1	MAP_D_CAD_00 424		
367	func00_E_EVENT_END2	MAP_D_CAD_00 425		
368	func00_E_EVENT_START1	MAP_D_CAD_00 415		
372	func00_E_EVENT_START2	MAP_D_CAD_00 417		
374	…………	MAP_D_CAD_00 242		
376	……………………	............		
378	ちょやっ！！	Kiyah!		
380	っ！？	Eh!?		
382	はーいはいはい！	Good morning, Today's Target! Get your butt outside!		
	おはよう今日の標的くん！			
	さぁ、外に出ようか！			
384	な、なんだ…！？	W, what!?		
385	func00_E_EVENT_END1	MAP_D_CAD_00 424		
386	func00_E_EVENT_END2	MAP_D_CAD_00 425		
387	func00_E_EVENT_START1	MAP_D_CAD_00 415		
396	func00_E_EVENT_START2	MAP_D_CAD_00 417		
399	タルナーダ師匠！	Master Talnarda, I've brought today's target.		
	今日の標的			
	つれてきました			
403	ああ、よくやったねケリー	Ah, so you have, Kelly.		
409	…ふむふむ	Hmmm. He really does look half-awake.		
	いかにも寝ぼけてるって			
	顔してるじゃないか		X	
	よし、ケリー	OK, Kelly. You go first today.		
	今日はまず			
	おまえがやんな			
415	おおっ、いいんですか！？	Is that really okay!? Well then, I'll definitely live up to your expectations.		
	じゃあ期待にこたえて			
	ビシッとやりますよ			
419	ちょっと待て	Hey, wait. I...		
	おれは…			
421	寝起きのため	Zig is still half-awake, so his maximum SP is now 3.		
	ジグの行動力(SP)の最大値が			
	３になりました			
425	問答無用！！	No talk! Let's get this battle started!		
	さ、ランキング戦			
	はじめるよ！			
430	うぅ…寝ぼけ顔して	You're strong for someone who's half-awake.		
	強いじゃないかぁ……			
433	おまえたちが	You two are the criminal rankers that have been attacking people, aren't you?		
	ランカー襲撃犯か…			
437	そうさ、あたしらが	Yes. We're the ones you call "criminals."		
	あんたのいう「襲撃犯」だ		X	
	さぁどうする？	What are you going to do about it? Will you arrest us by force?		
	力ずくでつかまえるか？			
441	…修練だからな	I have a training mission to carry out.		
445	おや、真面目だねえ	Ah, a dutiful one, eh? I won't go easily.		
	でもそう簡単には			
	いかないよ			
450	さ、もう一度	It's beddie-bye time!		
	おネンネする時間だよ！			
457	っつー…！	Damn! You did it.		
	やるね、あんた			
461	…なぜこんなことを？	Why are you doing this?		
465	簡単な話さ	Easy. The Legion's rules are ridiculous.		
	機構のルールに従うのが			
	ばかばかしくなったんだ			
469	どういうことだ？	What do you mean?		
474	どんな卑怯な勝利でも	Even if someone wins a ranking battle by unfair means, he still gets your rank.		
	バレなきゃそれが			
	自分のランクになる		X	
	ランキングなんて	That makes ranking an unreliable indication of strength.		
	その程度の不確かなものさ		X	
	そんなランクに人生をかけ	Doesn't that make living the life of a ranker and obeying the Legion is a bit pointless?		
	機構に従って生きること			
	…虚しいと思わないかい？			
479	…弱いヤツの言い訳だ	You're just making excuses for your weakness.		
484	ははっ…	Haha. Aren't you the Legion's lapdog?		
	あんたも機構の忠実な犬か		X	
	まあいいさ	It's fine. Go ahead and hand us over to the Legion.		
	さ、機構にでもどこにでも			
	つきだすといい			
489	修練の目的は、犯人を	The mission objective was to "punish" the criminals.		
	「こらしめる」ことだ			
493	それだけでいいのかい？	Is that it? Are you going to let us off?		
	見逃すってのかい？			
500	…わかった	I see. You're definitely letting us off.		
	素直に見逃してもらうよ		X	
	あたしも機構と	I don't want to draw the Legion's ire,		
	真っ向から対立したい			
	わけじゃない		X	
	だからこんなバカは	so I promise that I definitely won't do any more stupid things.		
	もう絶対にしないと			
	約束しようじゃないか			
505	…これからどうするんだ？	What will you do now?		
510	あたしは戦うのが好きだ	I like fighting, so I don't think I'll resign as a ranker.		
	だから結局ランカーを			
	やめられないと思う		X	
	いつか、今度は正々堂々と	I want to fight you fair and square at some point.		
	あんたと勝負したいね			
516	寝起きなのに	You defeated my master even though you were half-awake.		
	わたしの師匠を			
	倒しちゃった…			
519	…………	MAP_D_CAD_00 242		
524	すごいすごい！	You're fantastic! From now on, you're my true master!		
	今日からあなたがわたしの			
	真の師匠ですよ！！			
529	…はぁ？	What?		
534	師匠、待っててください！	Just you wait. I'll definitely be stronger next time we meet.		
	わたし、必ず強くなって			
	戻ってきますから！			
539	なんなんだ…	What was that all about?		
540	ジグの行動力(SP)の最大値が	Zig's maximum SP has returned to normal.		
	元に戻りました			
542	func00_E_EVENT_END1	MAP_D_CAD_00 424		
545	func00_E_EVENT_END2	MAP_D_CAD_00 425		
546	func00_E_EVENT_START1	MAP_D_CAD_00 415		
547	func00_E_EVENT_START2	MAP_D_CAD_00 417		
548	func00_E_EVENT_END1	MAP_D_CAD_00 424		
549	func00_E_EVENT_END2	MAP_D_CAD_00 425		
550	func00_E_EVENT_START1	MAP_D_CAD_00 415		
554	func00_E_EVENT_START2	MAP_D_CAD_00 417		
557	やぁ、こんにちは！	MAP_D_KOU_01 277		
	下位ランカー向け			
	討伐修練の受付はここさ			
559	…おや？	MAP_D_KOU_01 498		
	修練を達成したんだね			
561	じゃあ、はい	MAP_D_KOU_01 500		
	これが報奨だよ！			
566	ごくろうさま！	MAP_D_MAI_03 366		
	これからもがんばってね			
571	…ねむい	I'm sleepy.	X	
	変な時間に	They woke me up at a strange hour, so I'm going to go back to the barracks and get some more sleep.		
	起こされたからな…			
	宿舎で寝直しだ…			
573	func00_E_EVENT_END1	MAP_D_CAD_00 424		
575	func00_E_EVENT_END2	MAP_D_CAD_00 425		
576	func00_E_EVENT_START1	MAP_D_CAD_00 415		
580	func00_E_EVENT_START2	MAP_D_CAD_00 417		
583	おや、修練を受けてくれる	MAP_D_SAB_00 244		
	ランカーさんかい？			
587	どんな修練だ？	MAP_D_CAD_00 912		
591	行方がわからない	MAP_D_SAB_00 252		
	従業員を、探し出して			
	ほしいんだ			
593	修練「行方不明の従業員」	MAP_D_SAB_00 254		
	に参加しますか？			
594	参加する	MAP_D_CAD_00 919		
595	参加しない	MAP_D_CAD_00 920		
600	そうか、よかった！	MAP_D_SAB_00 261		
	わりと切羽詰った			
	状況なんだよ			
602	うちの従業員のワッジが	MAP_D_SAB_00 263		
	ちょっとした用で			
	水源地帯に行ったんだ			
604	…それで、そのまま	MAP_D_SAB_00 265		
	帰ってこない			
606	水源地帯に行くには	MAP_D_SAB_00 267		
	ウィルゴー砂漠を通るから			
	そこで遭難したのかも…			
610	じゃあ、その従業員を	MAP_D_SAB_00 271		
	探しに行けば			
	いいんだな？			
614	ああ、そういうことさ	MAP_D_SAB_00 275		
	はやめに頼むよ			
620	待ってくれ！	MAP_D_SAB_00 281		
628	あんたか？	MAP_D_SAB_00 289		
	あんたなんだな！？			
	修練うけたの！			
630	大丈夫かなぁ？	MAP_D_SAB_00 291		
	この修練、成功しなくちゃ			
	すっごく困るんだよ			
634	だったら	MAP_D_SAB_00 295		
	おまえが行くか？			
638	嫌な感じだなぁ	MAP_D_SAB_00 299		
	ますます不安だぜ			
640	…よし、決めた！	MAP_D_SAB_00 301		
	おれもついてくよ！			
644	…砂漠は危険だ	MAP_D_SAB_00 305		
648	そのためにあんたが	MAP_D_SAB_00 309		
	いるんだろ？			
	護衛、しっかりな！			
650	それに、おれはワッジの	MAP_D_SAB_00 311		
	顔を知ってるんだぜ			
	便利だろ？			
653	…………	MAP_D_CAD_00 242		
656	さ、そうと決まれば	MAP_D_SAB_00 317		
	さっそく行こうぜ！			
658	砂漠へ行きますか？	MAP_D_SAB_00 319		
659	はい	MAP_D_CAD_00 432		
660	いいえ	MAP_D_CAD_00 433		
665	そうこなくちゃ！	MAP_D_SAB_00 326		
	おれはカイトってんだ			
	よろしくな！			
667	じゃあ行こうぜ！	MAP_D_SAB_00 328		
669	func00_E_EVENT_END1	MAP_D_CAD_00 424		
670	func00_E_EVENT_END2	MAP_D_CAD_00 425		
673	なんだよ	MAP_D_SAB_00 334		
	そういうのは先に			
	すませてくれよ			
675	わかった、ここで	MAP_D_SAB_00 336		
	待ってるからな			
677	func00_E_EVENT_END1	MAP_D_CAD_00 424		
680	func00_E_EVENT_END2	MAP_D_CAD_00 425		
683	違うのか…	MAP_D_SAB_00 344		
	どうしたものか…			
685	func00_E_EVENT_END1	MAP_D_CAD_00 424		
686	func00_E_EVENT_END2	MAP_D_CAD_00 425		
687	func00_E_EVENT_START1	MAP_D_CAD_00 415		
691	func00_E_EVENT_START2	MAP_D_CAD_00 417		
694	そろそろ砂漠に	MAP_D_SAB_00 355		
	行こうぜ？			
700	そうこなくちゃ！	MAP_D_SAB_00 326		
	おれはカイトってんだ			
	よろしくな！			
702	じゃあ行こうぜ！	MAP_D_SAB_00 328		
704	func00_E_EVENT_END1	MAP_D_CAD_00 424		
705	func00_E_EVENT_END2	MAP_D_CAD_00 425		
708	はやくしてくれよ！	MAP_D_SAB_00 369		
710	func00_E_EVENT_END1	MAP_D_CAD_00 424		
711	func00_E_EVENT_END2	MAP_D_CAD_00 425		
712	func00_E_EVENT_START1	MAP_D_CAD_00 415		
716	func00_E_EVENT_START2	MAP_D_CAD_00 417		
718	あっちの危険な道には	MAP_D_SAB_00 379		
	行かないはずだから			
	多分この辺り…			
721	あっ！！	MAP_D_SAB_00 382		
728	ワッジさん！！	MAP_D_SAB_00 389		
731	う、ううっ……	MAP_D_SAB_00 392		
734	大変だ	MAP_D_SAB_00 395		
	すごい顔色…！！			
736	おれ、知ってるぞ	MAP_D_SAB_00 397		
	これは砂サソリに			
	刺されたときの症状だ			
738	このままだと	MAP_D_SAB_00 399		
	ワッジさんが…！			
741	うう…	MAP_D_SAB_00 402		
	{14}027Eを…			
743	マンドラブルを	MAP_D_SAB_00 404		
	倒せば…手に…入る…			
	５つも…あれば…			
747	わ、わかった！	MAP_D_SAB_00 408		
752	なあ、あんた	MAP_D_SAB_00 413		
	頼んでいいか…？			
756	…ああ、わかった	MAP_D_SAB_00 417		
758	「行方不明の従業員」の	MAP_D_SAB_00 419		
	クリア条件が追加されました			
759	func00_E_EVENT_END1	MAP_D_CAD_00 424		
760	func00_E_EVENT_END2	MAP_D_CAD_00 425		
761	func00_E_EVENT_START1	MAP_D_CAD_00 415		
762	func00_E_EVENT_START2	MAP_D_CAD_00 417		
763	func00_E_EVENT_END1	MAP_D_CAD_00 424		
764	func00_E_EVENT_END2	MAP_D_CAD_00 425		
765	func00_E_EVENT_START1	MAP_D_CAD_00 415		
770	func00_E_EVENT_START2	MAP_D_CAD_00 417		
772	もってきたぞ	MAP_D_SAB_00 433		
775	それを…傷に…	MAP_D_SAB_00 436		
	塗り込んで…			
778	うん！	MAP_D_SAB_00 439		
788	ありがとうございました	MAP_D_SAB_00 449		
	気付いたときには			
	プスリとやられていて…			
792	まだ顔色が悪いぞ	MAP_D_SAB_00 453		
796	はい、家へ帰って	MAP_D_SAB_00 457		
	休むことにします			
804	ワッジさんが物知りで	MAP_D_SAB_00 465		
	良かった…			
808	知っているなら	MAP_D_SAB_00 469		
	薬を持ち歩けばいい…			
813	あんたさ…	MAP_D_SAB_00 474		
818	いや、その通りだな	MAP_D_SAB_00 479		
	何も言い返せないや			
820	そういや	MAP_D_SAB_00 481		
	名前きいてなかったな			
824	ジグだ	MAP_D_KOU_03 546		
828	じゃ、ジグにい！	MAP_D_SAB_00 489		
	おれたちも帰ろうぜ			
	ワッジさん見送らなきゃ			
831	func00_E_EVENT_END1	MAP_D_CAD_00 424		
832	func00_E_EVENT_END2	MAP_D_CAD_00 425		
833	func00_E_EVENT_START1	MAP_D_CAD_00 415		
837	func00_E_EVENT_START2	MAP_D_CAD_00 417		
840	今回は本当に	MAP_D_SAB_00 501		
	助かったよ			
842	あやうく	MAP_D_SAB_00 503		
	大切な従業員を			
	失うところだった			
844	じゃあ、約束の報奨だ	MAP_D_SAB_00 505		
849	カイトも	MAP_D_SAB_00 510		
	ここで働いているのか？			
853	いやいや、カイトは	MAP_D_SAB_00 514		
	よく遊びにくるだけさ			
	あれは…			
856	カーイートー！！	MAP_D_SAB_00 517		
861	あなた、砂漠まで	MAP_D_SAB_00 522		
	行ったって本当！？			
864	バカじゃないの！？	MAP_D_SAB_00 525		
	あんな危険なところ			
	行くなんて！			
867	バカとはなんだ！	MAP_D_SAB_00 528		
	超勇敢だったんだぞ！			
869	だいたいおまえが	MAP_D_SAB_00 530		
	ワッジさんがいなくて			
	仕事が大変って言うから…			
873	そのために行ったの！？	MAP_D_SAB_00 534		
	ホントにもーっ…			
878	ってことさ	MAP_D_SAB_00 539		
881	あんたのこと	MAP_D_SAB_00 542		
	気に入ったみたいだから			
	また遊んでやってくれよ			
882	func00_E_EVENT_END1	MAP_D_CAD_00 424		
884	func00_E_EVENT_END2	MAP_D_CAD_00 425		
885	シーン初期化	MAP_D_CAD_00 1232		
				
889	オブジェクト配置	MAP_D_CAD_00 1233		
				
890	オブジェクトトラップ配置	MAP_D_CAD_00 1235		
				
891	マップチェンジトラップ配置	MAP_D_CAD_00 1236		
				
892	ＮＰＣ配置	MAP_D_CAD_00 1248		
				
894	宿屋のおかみ			
897	カイト	MAP_D_SAB_00 587		
900	ティナ			
904	宿屋支配人			
909	ドネイ修練前日用			
				
911	すまないけど			
	今は部屋の空きがないの			
	宿泊はできないわ		X	
	人探しなら構わないけど			
	どうする？			
913	どうしますか？	MAP_D_CAD_03 756		
914	人探し	MAP_I_GAN_00 315		
915	やめる	MAP_I_GAN_00 316		
920	どの部屋に用事かしら？	MAP_I_GAN_00 343		
922	行きたい部屋を選んで下さい	MAP_I_GAN_00 345		
923	宵の間	MAP_I_GAN_00 346		
924	夜半の間	MAP_I_GAN_00 347		
925	暁の間	MAP_I_GAN_00 348		
926	やめる	MAP_I_GAN_00 316		
929	あらそう？	MAP_I_GAN_00 358		
	また来てちょうだいね			
933	ごめんなさいね			
	また今度利用してね			
936	いらっしゃい！	Welcome. A night's lodging		
	宿泊なら５０Ｂよ	is 50B. Or are you		
	それとも誰か人探し？	searching for someone?		
938	どうしますか？	What will you do?		
	宿泊:５０Ｂ	Stay: 50Ｂ		Person Search
	所持金:{1d}G00000005Ｂ	Money: {1d}G00000005Ｂ		Nothing
939	宿泊	MAP_I_GAN_00 314		Which room are you looking for?
943	お代は確かに頂いたわ			Which room do you want to go to?
	ゆっくりおやすみなさい			Dusk Room
948	おはよう！			Midnight Room
	よく休めたかしら？			Dawn Room
952	あら、お代が足りないわ			Quit
	お金を持ってまた来てね！			
965	襲撃犯、つかまえて			
	くれるんですね！		X	
	襲われた人のランクが			
	どんどん上がってるって			
	みんな言ってます		X	
	えっと、いくつ			
	だったっけ…			
	台帳を確認しておきますね			
967	襲われる人のランクが			
	どんどん上がってるんです			
	前回は６３１９５位でした		X	
	次はきっと			
	もっとランクの高い人が			
	狙われます…		X	
	もし犯人に会えなかったら			
	修練でランクを上げると			
	いいかもしれません！			
971	宿屋グッドナイトへ			
	ようこそ！			
974	宿屋グッドナイトへ			
	ようこそ！		X	
	タイロン一家の方も			
	ご宿泊いただけます			
	…たぶん			
977	宿屋グッドナイトへ			
	ようこそ！			
	ご用の際はお呼びください			
980	はぁ……			
	どうしよう…			
982	ワッジさんは			
	わたしにお仕事を			
	教えてくれる人なので		X	
	みつからなかったら			
	どうしようかと思いました			
	ありがとうございます		X	
	それから、カイトが			
	ご迷惑をおかけしました			
	あんな無茶いって…		X	
	これからも			
	宿屋グッドナイトを			
	よろしくお願いします			
984	これからも			
	宿屋グッドナイトを			
	よろしくお願いします			
986	カイトから			
	リボンをもらったんです		X	
	新品の			
	すごくかわいい			
	リボンなんです！		X	
	でも、どうやって			
	買ったんだろう…			
	おこづかい少ないのに…			
991	このリボン			
	かわいいですよね！			
	ふふっ！			
993	お父さんのこと			
	ありがとうございます		X	
	あの後から			
	少しだけお父さんが			
	強くなった気がします		X	
	力じゃなくて			
	気持ちが…かな？			
	とにかくよかったです！			
995	カイトくんには			
	そう簡単に抜かされないぞ			
	って言ってます			
997	カイト、ジグさんに			
	迷惑かけてませんか？		X	
	なんていうか…			
	昔から、思いついたら			
	止まらない子なんです			
1001	…ああ、わかる気がする			
1005	ですよね…			
	ジグさん、きっといろんな			
	約束させられますよ			
1008	止まらないところが			
	カイトらしいんだけど…			
1010	こうやって			
	普通に話してくれますけど			
	ジグさんは七騎士ですよね		X	
	とーっても			
	偉いんですよね？		X	
	ジグさんが			
	土下座しろっていったら			
	みんな土下座しますよね？			
1014	…そんなことはしない			
1018	ただの例えですよ！		X	
	そんな偉い人が			
	カイトの面倒をみてくれて			
	嬉しいなと思ってます			
1021	カイトのこと			
	よろしくおねがいします！			
1023	ジグさんが強いってこと			
	よく知っているので		X	
	世界大混乱でも			
	怖くありません！			
1027	（カイトが心配しなくても			
	　ティナはじゅうぶん			
	　強い気がする…）			
1030	……？	...?		
1032	七騎士のお仕事			
	がんばってください！			
1034	ランキング１位…			
	すごいです！		X	
	でも、いつか			
	お父さんかカイトが			
	追いついてみせます！		X	
	それまで１位で			
	待っていてください！			
1039	…ああ、そうだな			
1042	わたし、がんばる２人を			
	全力で応援するんです		X	
	ジグさんのことも			
	応援します！			
1043	func00_E_EVENT_START1	MAP_D_CAD_00 415		
1046	func00_E_EVENT_START2	MAP_D_CAD_00 417		
1049	鍵…？			
1057	ジグぅぅぅ！			
	それはダメだ！			
	絶対にダメっ！		X	
	渡したら見損なうぞ！			
	ダメったらダメだからな！			
	ジグの馬鹿ぁぁっ！			
1062	…………	MAP_D_CAD_00 242		
1064	…………	MAP_D_CAD_00 242		
1065	{14}02A6を渡すのをやめた			
1066	func00_E_EVENT_END1	MAP_D_CAD_00 424		
1067	func00_E_EVENT_END2	MAP_D_CAD_00 425		
1070	…えっ？			
	カイトが同行			
	したがっている？		X	
	うーん…			
	連れて行くならば			
	しっかり守ってやってくれ			
1072	きみが襲撃犯の件を			
	手伝ってくれるんだね		X	
	詳しくは受付できいてくれ			
	あとは従業員の話も			
	きいてみるといい			
1074	ようこそ！			
	至上の眠りをお届けする			
	宿屋グッドナイトへ！		X	
	町の外からやってきた			
	旅人様とお見受けします			
	ぜひ当宿でお休みください			
1076	ようこそ！			
	至上の眠りをお届けする			
	宿屋グッドナイトへ！		X	
	寄宿舎住まいのお方でも			
	ぜひ当宿をご利用ください			
	いい気分転換になりますよ			
1078	ようこそ！			
	至上の眠りをお届けする			
	宿屋グッドナイトへ！		X	
	タイロン一家のお方でも			
	お静かにご利用頂けるなら			
	問題な…歓迎します！			
1080	ようこそ！			
	至上の眠りをお届けする			
	宿屋グッドナイトへ！		X	
	旅の方もランカーさんも			
	ぜひ当宿をご利用ください			
	絶対に損はさせません！			
1082	ようこそ！			
	至上の眠りをお届けする			
	宿屋グッドナイトへ！		X	
	激化するアンチとの			
	戦いに備えて、より良質な			
	ベッドで休みませんか？			
1084	ようこそ！			
	至上の眠りをお届けする			
	宿屋グッドナイトへ！		X	
	激動の時代の中でも			
	変わらぬ安らぎを			
	提供いたします！			
1086	師匠！			
	お疲れ様です！		X	
	わたし、しばらくここに			
	居座ることにしました			
1090	元襲撃犯が			
	宿屋に居座るのか…			
1094	確かに、ここにいるのは			
	ちょっと危険なんですけど		X	
	ほら、ここは			
	わたしと師匠の			
	思い出の場所ですから！			
1098	…………	MAP_D_CAD_00 242		
1101	ときどきは			
	会いに来てくださいね			
	楽しみにしてますから！			
1104	…もっともっと			
	がんばらなくちゃ！			
	はやく追いつきたいです			
1106	タルナーダ元師匠は			
	闘技場に入り浸って			
	いるみたいですよ		X	
	元師匠のことは忘れません			
	でも今は			
	あなたが師匠です！			
1108	おおっ…			
	師匠のランクが			
	更なる高みに！		X	
	わたし、幸せです			
	こんなに強い人が			
	自分の師匠だなんて！			
1110	アンチ討伐なんて			
	眼中にありません			
	師匠しか見てませんから！		X	
	あ、でも			
	師匠が参加するんなら			
	ご一緒したいです			
1112	興味なかったんですけど			
	アンチ討伐の報奨が			
	かなりいいみたいですね		X	
	修行だと思って			
	参加すべきでしょうか？			
1114	師匠はアンチにつきます？			
	機構につきます？		X	
	ちなみにわたしは			
	もちろん師匠につきます！			
1116	うう…			
	神々しすぎて			
	師匠を直視できないっ！		X	
	勢いあまって			
	七騎士入りだなんて			
	すごすぎます！		X	
	まさに師匠の中の師匠！			
	わたし、一生あなたに			
	ついていきます！			
1118	一生ついていくだなんて			
	プロポーズみたいですね		X	
	もし師匠がお望みなら			
	わたし、喜んで			
	嫁入りしますけどね！			
1120	師匠、わたしに			
	何なりと命じてください！		X	
	ベリエの川でも			
	ニシュラの氷河でも			
	イビノスの群れにだって		X	
	師匠に命じられたら			
	瞬時に飛び込みますよ！			
1122	師匠に認められるためなら			
	どんなことでも			
	できる気がするんです			
1124	ブフッ！！！！！！		X	
	師匠、そのランク…			
	まさかの１位じゃ			
	ないですか！？		X	
	尊敬とトキメキと			
	いろんな気持ちが高ぶって			
	鼻血が出そうです			
1126	宿屋襲撃事件も			
	師匠に出会うための			
	布石だったのだと思います		X	
	襲われた人、ごめんなさい			
	でも、素敵な師匠を持てて			
	わたし幸せです！			
1128	まだ努力が足りません			
	今師匠と戦うのは			
	失礼にあたります！			
1129	イベントトラップ配置	MAP_D_CAD_00 1413		
				
1130	func00_E_EVENT_START1	MAP_D_CAD_00 415		
1131	func00_E_EVENT_START2	MAP_D_CAD_00 417		
1136	func00_E_EVENT_END1	MAP_D_CAD_00 424		
1137	func00_E_EVENT_END2	MAP_D_CAD_00 425		
1138	func00_E_EVENT_START1	MAP_D_CAD_00 415		
1139	func00_E_EVENT_START2	MAP_D_CAD_00 417		
1140	func00_E_EVENT_END1	MAP_D_CAD_00 424		
1141	func00_E_EVENT_END2	MAP_D_CAD_00 425		
1162	NPC00	MAP_D_CAD_00 1443		
				
1164	OBJ_NPC01	MAP_D_CAN_01 562		
				
1166	OBJ_NPC02	MAP_D_LUK_01 2284		
				
1168	OBJ_NPC03	MAP_D_LUK_01 2286		
				
1170	OBJ_NPC04	MAP_D_MAI_02 943		
