0	■■■ func00_DEBUG_SIGN ■■■	MAP_D_CAD_00 0		
				
1	！！！エラー検出用サブルーチンを通りました！！！	MAP_D_CAD_00 1		
				
2	イビノスシンボル配置しない。フラグ：	MAP_D_CAD_00 2		
4	イビノスシンボル配置する。フラグ：	MAP_D_CAD_00 4		
7	ランカーファイル情報更新	MAP_D_CAD_00 7		
				
8	->旧:	MAP_D_CAD_00 8		
9	 追加:	MAP_D_CAD_00 9		
10	 結果:	MAP_D_CAD_00 10		
12	ランク:	MAP_D_CAD_00 12		
15	ランカー戦勝利・戻り値：	MAP_D_CAD_00 15		
17	ランキング戦を申し込みますか？	MAP_D_CAD_00 17		
18	申し込む	MAP_D_CAD_00 18		
19	やめておく	MAP_D_CAD_00 19		
22	イビノスシンボル倒した。フラグON：	MAP_D_CAD_00 22		
25	イビノス戦：イベント終了？	MAP_D_CAD_00 25		
				
26	スクリプト：未知のモーションタイプが指定されました	MAP_D_CAD_00 26		
				
33	***振り向き判定ＰＣ***	MAP_D_CAD_00 33		
				
34	現在:cmn_r0:	MAP_D_CAD_00 34		
36	目標:cmn_r1:	MAP_D_CAD_00 36		
38	差分:cmn_r2:	MAP_D_CAD_00 38		
40	差分＾２:cmn_r3:	MAP_D_CAD_00 40		
42	閾値＾２:cmn_r4:	MAP_D_CAD_00 42		
44	->pc振り向きません	MAP_D_CAD_00 44		
				
45	->pc振り向きます	MAP_D_CAD_00 45		
				
47	***振り向き判定***	MAP_D_CAD_00 47		
				
48	現在:cmn_r0:	MAP_D_CAD_00 34		
50	目標:cmn_r1:	MAP_D_CAD_00 36		
52	差分:cmn_r2:	MAP_D_CAD_00 38		
54	差分＾２:cmn_r3:	MAP_D_CAD_00 40		
56	閾値＾２:cmn_r4:	MAP_D_CAD_00 42		
58	->npc振り向きません	MAP_D_CAD_00 58		
				
59	->npc振り向きます	MAP_D_CAD_00 59		
				
63	ロード待ち開始	MAP_D_CAD_00 63		
				
64	ロード待ち終了	MAP_D_CAD_00 64		
				
65	{15}0C{14}L00000000を	MAP_D_CAD_00 65		
	手に入れた			
66	{15}0E{14}L00000000を	MAP_D_CAD_00 66		
	手に入れた			
67	{15}0F{14}L00000000を	MAP_D_CAD_00 67		
	手に入れた			
68	{15}0D{14}L00000000を	MAP_D_CAD_00 68		
	手に入れた			
69	{15}10{14}L00000000を	MAP_D_CAD_00 69		
	手に入れた			
70	{15}12{14}L00000000を	MAP_D_CAD_00 70		
	手に入れた			
71	{15}11{14}L00000000を	MAP_D_CAD_00 71		
	手に入れた			
72	{15}13{14}L00000000を{1d}L00000001個	MAP_D_CAD_00 72		
	手に入れた			
73	{15}14{14}L00000000を{1d}L00000001個	MAP_D_CAD_00 73		
	手に入れた			
74	{15}14{14}L00000000を	MAP_D_CAD_00 74		
	手に入れた			
75	{15}1B{14}L00000000を	MAP_D_CAD_00 75		
	手に入れた			
76	{14}L00000000を	MAP_D_CAD_00 76		
	手に入れた			
77	{1d}L00000000Ｂを手に入れた	MAP_D_CAD_00 77		
				
78	num_calc：	MAP_D_CAD_00 78		
80	{15}0C{14}L00000000を	MAP_D_CAD_00 80		
	手渡した			
81	{15}0E{14}L00000000を	MAP_D_CAD_00 81		
	手渡した			
82	{15}0F{14}L00000000を	MAP_D_CAD_00 82		
	手渡した			
83	{15}0D{14}L00000000を	MAP_D_CAD_00 83		
	手渡した			
84	{15}10{14}L00000000を	MAP_D_CAD_00 84		
	手渡した			
85	{15}12{14}L00000000を	MAP_D_CAD_00 85		
	手渡した			
86	{15}11{14}L00000000を	MAP_D_CAD_00 86		
	手渡した			
87	{15}13{14}L00000000を{1d}L00000001個	MAP_D_CAD_00 87		
	手渡した			
88	{15}14{14}L00000000を{1d}L00000001個	MAP_D_CAD_00 88		
	手渡した			
89	{15}14{14}L00000000を	MAP_D_CAD_00 89		
	手渡した			
90	{15}1B{14}L00000000を	MAP_D_CAD_00 90		
	手渡した			
91	{14}L00000000を	MAP_D_CAD_00 91		
	手渡した			
				
92	■■ret0■■：	MAP_D_CAD_00 92		
96	■■ret■■：	MAP_D_CAD_00 96		
98	cmn_option:	MAP_D_CAD_00 98		
106	セーブポイント	MAP_D_CAD_00 106		
107	データ削除ユーティリティを起動します	MAP_D_CAD_00 107		
	ゲームプレイデータのセーブには			
	{1d}L00000001KB以上の空き容量が必要です			
108	ネックタイプ：	MAP_D_CAD_00 108		
110	首の初期化	MAP_D_CAD_00 110		
				
111	ネックタイプ：	MAP_D_CAD_00 108		
115	大橋が	MAP_D_CAD_00 115		
	トラベルマップで使用可能になりました			
116	下区：商業区が	MAP_D_CAD_00 116		
	トラベルマップで使用可能になりました			
117	下区：ランカー居住区が	MAP_D_CAD_00 117		
	トラベルマップで使用可能になりました			
118	下区：闘技場前が	MAP_D_CAD_00 118		
	トラベルマップで使用可能になりました			
119	タイロン租界が	MAP_D_CAD_00 119		
	トラベルマップで使用可能になりました			
120	バザルタ出張所前が	MAP_D_CAD_00 120		
	トラベルマップで使用可能になりました			
121	上区：噴水広場前が	MAP_D_CAD_00 121		
	トラベルマップで使用可能になりました			
122	バザルタ本部前が	MAP_D_CAD_00 122		
	トラベルマップで使用可能になりました			
123	フラグ・フィールド：	MAP_D_CAD_00 123		
125	フラグ・フィールド：	MAP_D_CAD_00 123		
127	ガンドアが	MAP_D_CAD_00 127		
	トラベルマップで使用可能になりました			
128	カンタレラが	MAP_D_CAD_00 128		
	トラベルマップで使用可能になりました			
129	トーロ荒地が	MAP_D_CAD_00 129		
	トラベルマップで使用可能になりました			
130	リブラ森林が	MAP_D_CAD_00 130		
	トラベルマップで使用可能になりました			
131	マイヤールの森が	MAP_D_CAD_00 131		
	トラベルマップで使用可能になりました			
132	ベリエ街道が	MAP_D_CAD_00 132		
	トラベルマップで使用可能になりました			
133	ドネイ回廊が	MAP_D_CAD_00 133		
	トラベルマップで使用可能になりました			
134	ウィルゴー砂漠が	MAP_D_CAD_00 134		
	トラベルマップで使用可能になりました			
135	カドモール水源が	MAP_D_CAD_00 135		
	トラベルマップで使用可能になりました			
136	カルキノス荒地が	MAP_D_CAD_00 136		
	トラベルマップで使用可能になりました			
137	ラ・キット遺跡が	MAP_D_CAD_00 137		
	トラベルマップで使用可能になりました			
138	レオン峡谷が	MAP_D_CAD_00 138		
	トラベルマップで使用可能になりました			
139	ソダー回廊が	MAP_D_CAD_00 139		
	トラベルマップで使用可能になりました			
140	ニシュラ氷河が	MAP_D_CAD_00 140		
	トラベルマップで使用可能になりました			
141	いにしえの回廊が	MAP_D_CAD_00 141		
	トラベルマップで使用可能になりました			
142	フィッシェ街道が	MAP_D_CAD_00 142		
	トラベルマップで使用可能になりました			
143	レゾナール海岸が	MAP_D_CAD_00 143		
	トラベルマップで使用可能になりました			
144	ケイロニア高原が	MAP_D_CAD_00 144		
	トラベルマップで使用可能になりました			
145	ケイロニア砦が	MAP_D_CAD_00 145		
	トラベルマップで使用可能になりました			
146	サルバトーレ離宮が	MAP_D_CAD_00 146		
	トラベルマップで使用可能になりました			
147	リストにないよ？	MAP_D_CAD_00 147		
				
148	_case:	MAP_D_CAD_00 148		
151	「討伐修練【低位１】」の	MAP_D_CAD_00 151		
	クリア条件を満たした！			
152	「討伐修練【低位２】」の	MAP_D_CAD_00 152		
	クリア条件を満たした！			
153	「討伐修練【低位３】」の	MAP_D_CAD_00 153		
	クリア条件を満たした！			
154	「討伐修練【低位４】」の	MAP_D_CAD_00 154		
	クリア条件を満たした！			
155	「討伐修練【低位５】」の	MAP_D_CAD_00 155		
	クリア条件を満たした！			
156	「討伐修練【中位１】」の	MAP_D_CAD_00 156		
	クリア条件を満たした！			
157	「討伐修練【中位２】」の	MAP_D_CAD_00 157		
	クリア条件を満たした！			
158	「討伐修練【高位１】」の	MAP_D_CAD_00 158		
	クリア条件を満たした！			
159	「討伐修練【高位２】」の	MAP_D_CAD_00 159		
	クリア条件を満たした！			
160	「薬草探しの代理人」の	MAP_D_CAD_00 160		
	クリア条件を満たした！			
161	「新商品開発の手伝い」の	MAP_D_CAD_00 161		
	クリア条件を満たした！			
162	「蒼の指環を求めて」の	MAP_D_CAD_00 162		
	クリア条件を満たした！			
163	「雪中の贈り物」の	MAP_D_CAD_00 163		
	クリア条件を満たした！			
164	「加護あることを祈って」の	MAP_D_CAD_00 164		
	クリア条件を満たした！			
165	「追想の白い花」の	MAP_D_CAD_00 165		
	クリア条件を満たした！			
166	「来れ、好運の使者！」の	MAP_D_CAD_00 166		
	クリア条件を満たした！			
167	「武術指南のお願い」の	MAP_D_CAD_00 167		
	クリア条件を満たした！			
168	「行方不明の従業員」の	MAP_D_CAD_00 168		
	クリア条件を満たした！			
169	「スキルチップ収集中」の	MAP_D_CAD_00 169		
	クリア条件を満たした！			
170	「盗難品の行方は」の	MAP_D_CAD_00 170		
	クリア条件を満たした！			
171	「資料集めのアシスタント」の	MAP_D_CAD_00 171		
	クリア条件を満たした！			
172	「河畔の生態系調査」の	MAP_D_CAD_00 172		
	クリア条件を満たした！			
173	「新人官吏を捕獲せよ」の	MAP_D_CAD_00 173		
	クリア条件を満たした！			
174	「黒い積荷の回収」の	MAP_D_CAD_00 174		
	クリア条件を満たした！			
175	「悪徳商売を抑止せよ」の	MAP_D_CAD_00 175		
	クリア条件を満たした！			
176	「新人ランカー襲撃事件」の	MAP_D_CAD_00 176		
	クリア条件を満たした！			
177	「優しい猛者、募集中」の	MAP_D_CAD_00 177		
	クリア条件を満たした！			
178	「異郷からきた尋ね人」の	MAP_D_CAD_00 178		
	クリア条件を満たした！			
179	「勇壮なる護衛の依頼」の	MAP_D_CAD_00 179		
	クリア条件を満たした！			
180	「赫の指環を求めて」の	MAP_D_CAD_00 180		
	クリア条件を満たした！			
181	「闘技場の害獣駆除」の	MAP_D_CAD_00 181		
	クリア条件を満たした！			
182	「回覧板配達人」の	MAP_D_CAD_00 182		
	クリア条件を満たした！			
183	「討伐修練【緊急】」の	MAP_D_CAD_00 183		
	クリア条件を満たした！			
184	「鉱物資源の収集【緊急】」の	MAP_D_CAD_00 184		
	クリア条件を満たした！			
185	「タリー石を探せ」の	MAP_D_CAD_00 185		
	クリア条件を満たした！			
186	「甘梅草を探せ」の	MAP_D_CAD_00 186		
	クリア条件を満たした！			
187	「衛兵の剣の没収」の	MAP_D_CAD_00 187		
	クリア条件を満たした！			
188	「衛兵の剣の返却」の	MAP_D_CAD_00 188		
	クリア条件を満たした！			
189	「森のイビノス駆除【重大】」の	MAP_D_CAD_00 189		
	クリア条件を満たした！			
190	「回廊のイビノス駆除【重大】」の	MAP_D_CAD_00 190		
	クリア条件を満たした！			
191	「七騎士認定修練【重大】」の	MAP_D_CAD_00 191		
	クリア条件を満たした！			
192	ガンドアが	MAP_D_CAD_00 192		
	トラベルマップで通行可能になりました			
193	ガンドアが	MAP_D_CAD_00 193		
	トラベルマップで通行不能になりました			
194	カンタレラが	MAP_D_CAD_00 194		
	トラベルマップで通行可能になりました			
195	カンタレラが	MAP_D_CAD_00 195		
	トラベルマップで通行不能になりました			
196	トーロ荒地が	MAP_D_CAD_00 196		
	トラベルマップで通行可能になりました			
197	トーロ荒地が	MAP_D_CAD_00 197		
	トラベルマップで通行不能になりました			
198	リブラ森林が	MAP_D_CAD_00 198		
	トラベルマップで通行可能になりました			
199	リブラ森林が	MAP_D_CAD_00 199		
	トラベルマップで通行不能になりました			
200	マイヤールの森が	MAP_D_CAD_00 200		
	トラベルマップで通行可能になりました			
201	マイヤールの森が	MAP_D_CAD_00 201		
	トラベルマップで通行不能になりました			
202	ベリエ街道が	MAP_D_CAD_00 202		
	トラベルマップで通行可能になりました			
203	ベリエ街道が	MAP_D_CAD_00 203		
	トラベルマップで通行不能になりました			
204	ドネイ回廊が	MAP_D_CAD_00 204		
	トラベルマップで通行可能になりました			
205	ドネイ回廊が	MAP_D_CAD_00 205		
	トラベルマップで通行不能になりました			
206	ウィルゴー砂漠が	MAP_D_CAD_00 206		
	トラベルマップで通行可能になりました			
207	ウィルゴー砂漠が	MAP_D_CAD_00 207		
	トラベルマップで通行不能になりました			
208	カドモール水源が	MAP_D_CAD_00 208		
	トラベルマップで通行可能になりました			
209	カドモール水源が	MAP_D_CAD_00 209		
	トラベルマップで通行不能になりました			
210	カルキノス荒地が	MAP_D_CAD_00 210		
	トラベルマップで通行可能になりました			
211	カルキノス荒地が	MAP_D_CAD_00 211		
	トラベルマップで通行不能になりました			
212	ラ・キット遺跡が	MAP_D_CAD_00 212		
	トラベルマップで通行可能になりました			
213	ラ・キット遺跡が	MAP_D_CAD_00 213		
	トラベルマップで通行不能になりました			
214	レオン峡谷が	MAP_D_CAD_00 214		
	トラベルマップで通行可能になりました			
215	レオン峡谷が	MAP_D_CAD_00 215		
	トラベルマップで通行不能になりました			
216	ソダー回廊が	MAP_D_CAD_00 216		
	トラベルマップで通行可能になりました			
217	ソダー回廊が	MAP_D_CAD_00 217		
	トラベルマップで通行不能になりました			
218	ニシュラ氷河が	MAP_D_CAD_00 218		
	トラベルマップで通行可能になりました			
219	ニシュラ氷河が	MAP_D_CAD_00 219		
	トラベルマップで通行不能になりました			
220	いにしえの回廊が	MAP_D_CAD_00 220		
	トラベルマップで通行可能になりました			
221	いにしえの回廊が	MAP_D_CAD_00 221		
	トラベルマップで通行不能になりました			
222	フィッシェ街道が	MAP_D_CAD_00 222		
	トラベルマップで通行可能になりました			
223	フィッシェ街道が	MAP_D_CAD_00 223		
	トラベルマップで通行不能になりました			
224	レゾナール海岸が	MAP_D_CAD_00 224		
	トラベルマップで通行可能になりました			
225	レゾナール海岸が	MAP_D_CAD_00 225		
	トラベルマップで通行不能になりました			
226	ケイロニア高原が	MAP_D_CAD_00 226		
	トラベルマップで通行可能になりました			
227	ケイロニア高原が	MAP_D_CAD_00 227		
	トラベルマップで通行不能になりました			
228	ケイロニア砦が	MAP_D_CAD_00 228		
	トラベルマップで通行可能になりました			
229	ケイロニア砦が	MAP_D_CAD_00 229		
	トラベルマップで通行不能になりました			
230	サルバトーレ離宮が	MAP_D_CAD_00 230		
	トラベルマップで通行可能になりました			
231	サルバトーレ離宮が	MAP_D_CAD_00 231		
	トラベルマップで通行不能になりました			
232	リストにないよ？	MAP_D_CAD_00 147		
				
233	シーン初期化	MAP_D_CAD_00 1232		
				
235	オブジェクト配置	MAP_D_CAD_00 1233		
				
236	オブジェクトトラップ配置	MAP_D_CAD_00 1235		
				
237	マップチェンジトラップ配置	MAP_D_CAD_00 1236		
				
238	ＮＰＣ配置	MAP_D_CAD_00 1248		
				
242	やんちゃな少年	Naughty Boy		
244	気の強い母親	Strong-Willed Mother		20
251	節々が痛いな…			
	運動不足だったか			
253	わたしはこの家の			
	家庭教師だ		X	
	彼が全く勉強をしないと			
	親御さんに頼まれてね			
	どうしたものか…			
255	力だけでのし上がる			
	ランカーも確かにいる		X	
	しかし、それは			
	本当に力がずば抜けた			
	ごく一部のランカーだ		X	
	知識があるに			
	越したことはないと			
	きみも思うだろう？			
257	昔、教え子たちに			
	頭が良くてもランクは			
	上がらないと言われたんだ		X	
	わたしは、文武両道の			
	大切さを伝えるために			
	このランクを得たんだよ			
259	団体と個人は			
	必ずしも同じ性質ではない		X	
	…それはわかっているが			
	タイロン一家の評判は			
	あまりに悪すぎる		X	
	わたしの教え子に			
	関わらないでくれないか			
261	きみは一家に入るような			
	人には見えないのだがな…		X	
	いや、外見で判断するなど			
	愚かなことだね			
263	あの子の態度で			
	気を悪くしたのなら			
	わたしが謝ろう		X	
	あれはただ			
	言いつけを守っている			
	だけなんだよ		X	
	タイロン一家と			
	話してはいけないという			
	言いつけをね			
265	ふむ…			
	勉強を拒む子は多いが			
	あの子も重症だな			
267	ランカーへの興味を			
	少しでも勉強に			
	わけてくれればいいが…			
269	彼を勉強させる			
	いい手が思い浮かんだ			
	…これはいけるぞ			
271	ふぅ…			
	やっと乗り気に			
	なってくれたな		X	
	乗り気になれば			
	子どもは素晴らしい			
	集中力を発揮するんだ			
273	安心していないで			
	彼に剣を教えるための			
	準備をしなくてはな			
275	大人は不穏な噂を			
	してばかりだが			
	子どもは無邪気なものだ		X	
	わたしはそれが好きで			
	教師という仕事を			
	しているのだよ			
277	わたしの教え子の中に			
	マクシムという男がいる		X	
	頭が良く、腕も立ったが			
	それゆえに			
	周りに失望していたよ		X	
	今はどうしているのか…			
	道を間違っていないと			
	いいのだが…			
279	マクシムと戦いになったら			
	注意するんだ			
	わたしよりも強いからね			
281	いよいよ雲行きが			
	怪しくなってきたね			
	ふむ……			
283	本部を決戦の場にすれば			
	町にも必ず影響がでる			
	…機構は正気か！？			
285	…あの子と話したかい？			
	きみを見る目が			
	とても輝いていただろう		X	
	あの目に恥じないような			
	仕事をしてくれよ			
287	妙な空だと思っていたが			
	予想以上の大事らしいね		X	
	七騎士とはいえ			
	きみはまだ若い		X	
	自分と世界…			
	どちらかをとるときは			
	よく考えるんだよ			
289	先生の身で、そう何度も			
	抜け出せないよ			
	もう十分楽しんだしね			
291	すまないが			
	彼の勉強が始まるまでは			
	離れられないんだ			
293	ふむ、彼も勉強を	My son just sat down to study, so I have a some time for a fight.		
	はじめてくれたことだし			
	１戦くらい構わないか…			
300	良い戦いができそうだ	It looks like you can put up a good fight. Give it everything you've got.		
	全力でいかせてもらうよ			
305	ふぅ…	I haven't been so fired up in a long time. Thanks for the good fight.		
	久々に燃えたよ			
	良い戦いをありがとう			
308	…そうか			
	では彼の勉強を			
	見ていることにしよう			
312	にいちゃんランカー？			
	いいなぁ！		X	
	おれもいつか			
	ランカーになるんだ！			
314	おれはランカーになる！			
	だから勉強なんて			
	いらないんだい！			
316	にいちゃんは馬鹿だから			
	エラスト先生よりも			
	ランクが低いのか？		X	
	馬鹿だと一生			
	低位ランカーだって			
	本当なのかな…			
318	あ！　赤い布だ！			
	それ巻いてる人とは			
	話しちゃいけないんだぜ！			
320	…………	MAP_D_CAD_00 242		
322	母ちゃんが			
	勉強しろって怒るから		X	
	勉強させるなら			
	タイロン一家に入ってやる			
	って言ったんだ		X	
	そしたらゲンコツだぜ！？			
	母ちゃんの方が			
	ボウリョク的だ！			
324	タイロン一家はにらむけど			
	殴ってこないからな！			
326	七騎士に入れる			
	修練があるんだって！		X	
	きっと、超強いランカーが			
	いっぱい集まるんだ！			
	すげーっ！			
328	家の中で勉強なんて			
	つまんなすぎるぞ！		X	
	先生はランカーなんだから			
	剣とか教えてくれれば			
	いいのにさぁ…			
330	勉強をした後に			
	先生が剣を教えて			
	くれるんだって！		X	
	やった！			
	こんな勉強、とっとと			
	終わらせるぞ！			
332	今日もはやく			
	勉強を終わらせて			
	先生に剣を習うぞ！		X	
	びゅんびゅんびゅんっと！			
334	先生にはたくさんの			
	教え子がいるんだって！		X	
	おれ、最強の教え子を			
	目指すことにする！			
336	アンチって何なんだ？			
	先生にきいてみようかな			
338	外に出ちゃだめだから			
	今日の稽古は中止だって			
	ぶー…			
340	すげーー！			
	七騎士様だ！			
	サインちょうだい！			
342	うーん…			
	この問題、難しいぞ			
	七騎士様ならわかるよね？			
344	…………	MAP_D_CAD_00 242		
348	こら、七騎士様は			
	忙しいのよ！			
	迷惑かけちゃだめ！			
352	はーい	MAP_D_RIV_01 1332		
354	七騎士様、今度は一緒に			
	勉強しようね！			
	剣の稽古もするんだよ！			
358	うちの息子は勉強嫌いでね			
	あんまり手を焼いたんで			
	先生をお呼びしたのよ			
360	ランカーだからって			
	勉強しなくていい理由には			
	ならないと思わない？		X	
	損得を考える頭がなくちゃ			
	ランカー稼業なんて			
	できやしないわ			
362	うちの子も			
	先生みたいに			
	育ってほしいねぇ…		X	
	強くて聡明で			
	ランクも高い！			
	まさに理想の男よね			
364	タイロン一家…			
	うちに何の用かしら			
366	うちにはあなたたちに			
	渡せるものはないよ			
368	うちの息子ときたら			
	本当に……			
370	修練でも何でも			
	参加してくれていいけど			
	うちには関わらないで			
372	あなたには悪いけど			
	これでここも			
	暮らしやすくなるわ			
374	先生は本当に			
	機転の利く人よね			
	戦いが上手いのもわかるわ			
376	うちの子もやっと			
	勉強をやる気になった			
	みたいで嬉しいわ		X	
	あとはアンチ問題が			
	解決すれば			
	何も不安はないんだけどね			
378	先生の教え子に			
	アンチはいないでしょうね			
	まっすぐに育ちそうだもの			
380	誰もかもが			
	アンチに見えるのよね			
	まいっちゃうわ			
382	こういう日に			
	先生がいてくれて			
	本当によかった…！			
384	アンチが七騎士に…			
	変な気分だけど			
	おかしくはないのよね		X	
	七騎士は最も強い７人			
	そこに至る道筋は			
	決められてないんだから			
386	あの子には言ってないけど			
	事態はかなり			
	深刻なんでしょう？		X	
	これから			
	どうなるのかしら…			
387	イベントトラップ配置	MAP_D_CAD_00 1413		
				
399	OBJ_NPC00	MAP_D_CAN_00 1060		
