0	■■■ func00_DEBUG_SIGN ■■■	MAP_D_CAD_00 0	
			
1	！！！エラー検出用サブルーチンを通りました！！！	MAP_D_CAD_00 1	
			
2	イビノスシンボル配置しない。フラグ：	MAP_D_CAD_00 2	
4	イビノスシンボル配置する。フラグ：	MAP_D_CAD_00 4	
7	ランカーファイル情報更新	MAP_D_CAD_00 7	
			
8	->旧:	MAP_D_CAD_00 8	
9	 追加:	MAP_D_CAD_00 9	
10	 結果:	MAP_D_CAD_00 10	
12	ランク:	MAP_D_CAD_00 12	
15	ランカー戦勝利・戻り値：	MAP_D_CAD_00 15	
17	ランキング戦を申し込みますか？	MAP_D_CAD_00 17	
18	申し込む	MAP_D_CAD_00 18	
19	やめておく	MAP_D_CAD_00 19	
22	イビノスシンボル倒した。フラグON：	MAP_D_CAD_00 22	
25	イビノス戦：イベント終了？	MAP_D_CAD_00 25	
			
26	スクリプト：未知のモーションタイプが指定されました	MAP_D_CAD_00 26	
			
33	***振り向き判定ＰＣ***	MAP_D_CAD_00 33	
			
34	現在:cmn_r0:	MAP_D_CAD_00 34	
36	目標:cmn_r1:	MAP_D_CAD_00 36	
38	差分:cmn_r2:	MAP_D_CAD_00 38	
40	差分＾２:cmn_r3:	MAP_D_CAD_00 40	
42	閾値＾２:cmn_r4:	MAP_D_CAD_00 42	
44	->pc振り向きません	MAP_D_CAD_00 44	
			
45	->pc振り向きます	MAP_D_CAD_00 45	
			
47	***振り向き判定***	MAP_D_CAD_00 47	
			
48	現在:cmn_r0:	MAP_D_CAD_00 34	
50	目標:cmn_r1:	MAP_D_CAD_00 36	
52	差分:cmn_r2:	MAP_D_CAD_00 38	
54	差分＾２:cmn_r3:	MAP_D_CAD_00 40	
56	閾値＾２:cmn_r4:	MAP_D_CAD_00 42	
58	->npc振り向きません	MAP_D_CAD_00 58	
			
59	->npc振り向きます	MAP_D_CAD_00 59	
			
63	ロード待ち開始	MAP_D_CAD_00 63	
			
64	ロード待ち終了	MAP_D_CAD_00 64	
			
65	{15}0C{14}L00000000を	MAP_D_CAD_00 65	
	手に入れた		
66	{15}0E{14}L00000000を	MAP_D_CAD_00 66	
	手に入れた		
67	{15}0F{14}L00000000を	MAP_D_CAD_00 67	
	手に入れた		
68	{15}0D{14}L00000000を	MAP_D_CAD_00 68	
	手に入れた		
69	{15}10{14}L00000000を	MAP_D_CAD_00 69	
	手に入れた		
70	{15}12{14}L00000000を	MAP_D_CAD_00 70	
	手に入れた		
71	{15}11{14}L00000000を	MAP_D_CAD_00 71	
	手に入れた		
72	{15}13{14}L00000000を{1d}L00000001個	MAP_D_CAD_00 72	
	手に入れた		
73	{15}14{14}L00000000を{1d}L00000001個	MAP_D_CAD_00 73	
	手に入れた		
74	{15}14{14}L00000000を	MAP_D_CAD_00 74	
	手に入れた		
75	{15}1B{14}L00000000を	MAP_D_CAD_00 75	
	手に入れた		
76	{14}L00000000を	MAP_D_CAD_00 76	
	手に入れた		
77	{1d}L00000000Ｂを手に入れた	MAP_D_CAD_00 77	
			
78	num_calc：	MAP_D_CAD_00 78	
80	{15}0C{14}L00000000を	MAP_D_CAD_00 80	
	手渡した		
81	{15}0E{14}L00000000を	MAP_D_CAD_00 81	
	手渡した		
82	{15}0F{14}L00000000を	MAP_D_CAD_00 82	
	手渡した		
83	{15}0D{14}L00000000を	MAP_D_CAD_00 83	
	手渡した		
84	{15}10{14}L00000000を	MAP_D_CAD_00 84	
	手渡した		
85	{15}12{14}L00000000を	MAP_D_CAD_00 85	
	手渡した		
86	{15}11{14}L00000000を	MAP_D_CAD_00 86	
	手渡した		
87	{15}13{14}L00000000を{1d}L00000001個	MAP_D_CAD_00 87	
	手渡した		
88	{15}14{14}L00000000を{1d}L00000001個	MAP_D_CAD_00 88	
	手渡した		
89	{15}14{14}L00000000を	MAP_D_CAD_00 89	
	手渡した		
90	{15}1B{14}L00000000を	MAP_D_CAD_00 90	
	手渡した		
91	{14}L00000000を	MAP_D_CAD_00 91	
	手渡した		
			
92	■■ret0■■：	MAP_D_CAD_00 92	
96	■■ret■■：	MAP_D_CAD_00 96	
98	cmn_option:	MAP_D_CAD_00 98	
106	セーブポイント	MAP_D_CAD_00 106	
107	データ削除ユーティリティを起動します	MAP_D_CAD_00 107	
	ゲームプレイデータのセーブには		
	{1d}L00000001KB以上の空き容量が必要です		
108	ネックタイプ：	MAP_D_CAD_00 108	
110	首の初期化	MAP_D_CAD_00 110	
			
111	ネックタイプ：	MAP_D_CAD_00 108	
115	大橋が	MAP_D_CAD_00 115	
	トラベルマップで使用可能になりました		
116	下区：商業区が	MAP_D_CAD_00 116	
	トラベルマップで使用可能になりました		
117	下区：ランカー居住区が	MAP_D_CAD_00 117	
	トラベルマップで使用可能になりました		
118	下区：闘技場前が	MAP_D_CAD_00 118	
	トラベルマップで使用可能になりました		
119	タイロン租界が	MAP_D_CAD_00 119	
	トラベルマップで使用可能になりました		
120	バザルタ出張所前が	MAP_D_CAD_00 120	
	トラベルマップで使用可能になりました		
121	上区：噴水広場前が	MAP_D_CAD_00 121	
	トラベルマップで使用可能になりました		
122	バザルタ本部前が	MAP_D_CAD_00 122	
	トラベルマップで使用可能になりました		
123	フラグ・フィールド：	MAP_D_CAD_00 123	
125	フラグ・フィールド：	MAP_D_CAD_00 123	
127	ガンドアが	MAP_D_CAD_00 127	
	トラベルマップで使用可能になりました		
128	カンタレラが	MAP_D_CAD_00 128	
	トラベルマップで使用可能になりました		
129	トーロ荒地が	MAP_D_CAD_00 129	
	トラベルマップで使用可能になりました		
130	リブラ森林が	MAP_D_CAD_00 130	
	トラベルマップで使用可能になりました		
131	マイヤールの森が	MAP_D_CAD_00 131	
	トラベルマップで使用可能になりました		
132	ベリエ街道が	MAP_D_CAD_00 132	
	トラベルマップで使用可能になりました		
133	ドネイ回廊が	MAP_D_CAD_00 133	
	トラベルマップで使用可能になりました		
134	ウィルゴー砂漠が	MAP_D_CAD_00 134	
	トラベルマップで使用可能になりました		
135	カドモール水源が	MAP_D_CAD_00 135	
	トラベルマップで使用可能になりました		
136	カルキノス荒地が	MAP_D_CAD_00 136	
	トラベルマップで使用可能になりました		
137	ラ・キット遺跡が	MAP_D_CAD_00 137	
	トラベルマップで使用可能になりました		
138	レオン峡谷が	MAP_D_CAD_00 138	
	トラベルマップで使用可能になりました		
139	ソダー回廊が	MAP_D_CAD_00 139	
	トラベルマップで使用可能になりました		
140	ニシュラ氷河が	MAP_D_CAD_00 140	
	トラベルマップで使用可能になりました		
141	いにしえの回廊が	MAP_D_CAD_00 141	
	トラベルマップで使用可能になりました		
142	フィッシェ街道が	MAP_D_CAD_00 142	
	トラベルマップで使用可能になりました		
143	レゾナール海岸が	MAP_D_CAD_00 143	
	トラベルマップで使用可能になりました		
144	ケイロニア高原が	MAP_D_CAD_00 144	
	トラベルマップで使用可能になりました		
145	ケイロニア砦が	MAP_D_CAD_00 145	
	トラベルマップで使用可能になりました		
146	サルバトーレ離宮が	MAP_D_CAD_00 146	
	トラベルマップで使用可能になりました		
147	リストにないよ？	MAP_D_CAD_00 147	
			
148	_case:	MAP_D_CAD_00 148	
151	「討伐修練【低位１】」の	MAP_D_CAD_00 151	
	クリア条件を満たした！		
152	「討伐修練【低位２】」の	MAP_D_CAD_00 152	
	クリア条件を満たした！		
153	「討伐修練【低位３】」の	MAP_D_CAD_00 153	
	クリア条件を満たした！		
154	「討伐修練【低位４】」の	MAP_D_CAD_00 154	
	クリア条件を満たした！		
155	「討伐修練【低位５】」の	MAP_D_CAD_00 155	
	クリア条件を満たした！		
156	「討伐修練【中位１】」の	MAP_D_CAD_00 156	
	クリア条件を満たした！		
157	「討伐修練【中位２】」の	MAP_D_CAD_00 157	
	クリア条件を満たした！		
158	「討伐修練【高位１】」の	MAP_D_CAD_00 158	
	クリア条件を満たした！		
159	「討伐修練【高位２】」の	MAP_D_CAD_00 159	
	クリア条件を満たした！		
160	「薬草探しの代理人」の	MAP_D_CAD_00 160	
	クリア条件を満たした！		
161	「新商品開発の手伝い」の	MAP_D_CAD_00 161	
	クリア条件を満たした！		
162	「蒼の指環を求めて」の	MAP_D_CAD_00 162	
	クリア条件を満たした！		
163	「雪中の贈り物」の	MAP_D_CAD_00 163	
	クリア条件を満たした！		
164	「加護あることを祈って」の	MAP_D_CAD_00 164	
	クリア条件を満たした！		
165	「追想の白い花」の	MAP_D_CAD_00 165	
	クリア条件を満たした！		
166	「来れ、好運の使者！」の	MAP_D_CAD_00 166	
	クリア条件を満たした！		
167	「武術指南のお願い」の	MAP_D_CAD_00 167	
	クリア条件を満たした！		
168	「行方不明の従業員」の	MAP_D_CAD_00 168	
	クリア条件を満たした！		
169	「スキルチップ収集中」の	MAP_D_CAD_00 169	
	クリア条件を満たした！		
170	「盗難品の行方は」の	MAP_D_CAD_00 170	
	クリア条件を満たした！		
171	「資料集めのアシスタント」の	MAP_D_CAD_00 171	
	クリア条件を満たした！		
172	「河畔の生態系調査」の	MAP_D_CAD_00 172	
	クリア条件を満たした！		
173	「新人官吏を捕獲せよ」の	MAP_D_CAD_00 173	
	クリア条件を満たした！		
174	「黒い積荷の回収」の	MAP_D_CAD_00 174	
	クリア条件を満たした！		
175	「悪徳商売を抑止せよ」の	MAP_D_CAD_00 175	
	クリア条件を満たした！		
176	「新人ランカー襲撃事件」の	MAP_D_CAD_00 176	
	クリア条件を満たした！		
177	「優しい猛者、募集中」の	MAP_D_CAD_00 177	
	クリア条件を満たした！		
178	「異郷からきた尋ね人」の	MAP_D_CAD_00 178	
	クリア条件を満たした！		
179	「勇壮なる護衛の依頼」の	MAP_D_CAD_00 179	
	クリア条件を満たした！		
180	「赫の指環を求めて」の	MAP_D_CAD_00 180	
	クリア条件を満たした！		
181	「闘技場の害獣駆除」の	MAP_D_CAD_00 181	
	クリア条件を満たした！		
182	「回覧板配達人」の	MAP_D_CAD_00 182	
	クリア条件を満たした！		
183	「討伐修練【緊急】」の	MAP_D_CAD_00 183	
	クリア条件を満たした！		
184	「鉱物資源の収集【緊急】」の	MAP_D_CAD_00 184	
	クリア条件を満たした！		
185	「タリー石を探せ」の	MAP_D_CAD_00 185	
	クリア条件を満たした！		
186	「甘梅草を探せ」の	MAP_D_CAD_00 186	
	クリア条件を満たした！		
187	「衛兵の剣の没収」の	MAP_D_CAD_00 187	
	クリア条件を満たした！		
188	「衛兵の剣の返却」の	MAP_D_CAD_00 188	
	クリア条件を満たした！		
189	「森のイビノス駆除【重大】」の	MAP_D_CAD_00 189	
	クリア条件を満たした！		
190	「回廊のイビノス駆除【重大】」の	MAP_D_CAD_00 190	
	クリア条件を満たした！		
191	「七騎士認定修練【重大】」の	MAP_D_CAD_00 191	
	クリア条件を満たした！		
192	ガンドアが	MAP_D_CAD_00 192	
	トラベルマップで通行可能になりました		
193	ガンドアが	MAP_D_CAD_00 193	
	トラベルマップで通行不能になりました		
194	カンタレラが	MAP_D_CAD_00 194	
	トラベルマップで通行可能になりました		
195	カンタレラが	MAP_D_CAD_00 195	
	トラベルマップで通行不能になりました		
196	トーロ荒地が	MAP_D_CAD_00 196	
	トラベルマップで通行可能になりました		
197	トーロ荒地が	MAP_D_CAD_00 197	
	トラベルマップで通行不能になりました		
198	リブラ森林が	MAP_D_CAD_00 198	
	トラベルマップで通行可能になりました		
199	リブラ森林が	MAP_D_CAD_00 199	
	トラベルマップで通行不能になりました		
200	マイヤールの森が	MAP_D_CAD_00 200	
	トラベルマップで通行可能になりました		
201	マイヤールの森が	MAP_D_CAD_00 201	
	トラベルマップで通行不能になりました		
202	ベリエ街道が	MAP_D_CAD_00 202	
	トラベルマップで通行可能になりました		
203	ベリエ街道が	MAP_D_CAD_00 203	
	トラベルマップで通行不能になりました		
204	ドネイ回廊が	MAP_D_CAD_00 204	
	トラベルマップで通行可能になりました		
205	ドネイ回廊が	MAP_D_CAD_00 205	
	トラベルマップで通行不能になりました		
206	ウィルゴー砂漠が	MAP_D_CAD_00 206	
	トラベルマップで通行可能になりました		
207	ウィルゴー砂漠が	MAP_D_CAD_00 207	
	トラベルマップで通行不能になりました		
208	カドモール水源が	MAP_D_CAD_00 208	
	トラベルマップで通行可能になりました		
209	カドモール水源が	MAP_D_CAD_00 209	
	トラベルマップで通行不能になりました		
210	カルキノス荒地が	MAP_D_CAD_00 210	
	トラベルマップで通行可能になりました		
211	カルキノス荒地が	MAP_D_CAD_00 211	
	トラベルマップで通行不能になりました		
212	ラ・キット遺跡が	MAP_D_CAD_00 212	
	トラベルマップで通行可能になりました		
213	ラ・キット遺跡が	MAP_D_CAD_00 213	
	トラベルマップで通行不能になりました		
214	レオン峡谷が	MAP_D_CAD_00 214	
	トラベルマップで通行可能になりました		
215	レオン峡谷が	MAP_D_CAD_00 215	
	トラベルマップで通行不能になりました		
216	ソダー回廊が	MAP_D_CAD_00 216	
	トラベルマップで通行可能になりました		
217	ソダー回廊が	MAP_D_CAD_00 217	
	トラベルマップで通行不能になりました		
218	ニシュラ氷河が	MAP_D_CAD_00 218	
	トラベルマップで通行可能になりました		
219	ニシュラ氷河が	MAP_D_CAD_00 219	
	トラベルマップで通行不能になりました		
220	いにしえの回廊が	MAP_D_CAD_00 220	
	トラベルマップで通行可能になりました		
221	いにしえの回廊が	MAP_D_CAD_00 221	
	トラベルマップで通行不能になりました		
222	フィッシェ街道が	MAP_D_CAD_00 222	
	トラベルマップで通行可能になりました		
223	フィッシェ街道が	MAP_D_CAD_00 223	
	トラベルマップで通行不能になりました		
224	レゾナール海岸が	MAP_D_CAD_00 224	
	トラベルマップで通行可能になりました		
225	レゾナール海岸が	MAP_D_CAD_00 225	
	トラベルマップで通行不能になりました		
226	ケイロニア高原が	MAP_D_CAD_00 226	
	トラベルマップで通行可能になりました		
227	ケイロニア高原が	MAP_D_CAD_00 227	
	トラベルマップで通行不能になりました		
228	ケイロニア砦が	MAP_D_CAD_00 228	
	トラベルマップで通行可能になりました		
229	ケイロニア砦が	MAP_D_CAD_00 229	
	トラベルマップで通行不能になりました		
230	サルバトーレ離宮が	MAP_D_CAD_00 230	
	トラベルマップで通行可能になりました		
231	サルバトーレ離宮が	MAP_D_CAD_00 231	
	トラベルマップで通行不能になりました		
232	リストにないよ？	MAP_D_CAD_00 147	
			
236	その上で…	Also, I'd like to propose a deal!	
	ここからは取引だよ		
	お兄さん！		
238	そのスキルチップ	Sell me that skill chip for 1000B!	
	１０００Ｂで		
	譲ってくれないか！		
240	アーマーキルのスキルチップを	Sell him the Armor Killer skill chip for 1000B?	
	１０００Ｂで譲りますか？		
241	はい	MAP_D_CAD_00 432	
242	いいえ	MAP_D_CAD_00 433	
247	本当に！？		
	やった、取引成立だ！		
253	いやぁ、実にいい取引だ		
	ありがとう、お兄さん		
256	じゃあ、赤字覚悟の	OK, I'm willing to go into the red for this. How about 2000B!?	
	２０００Ｂ！		
	これでどうだっ！！		
258	アーマーキルのスキルチップを	Sell him the Armor Killer skill chip for 2000B?	
	２０００Ｂで譲りますか？		
263	本当に！？	MAP_I_GAN_26 247	
	やった、取引成立だ！		
269	いやぁ、ちょっと無理した		
	かいがあったよ		
	実にいい品が手に入った		
272	これ以上！？	Is this it!? You're really stingy...	
	お兄さんもなかなか…		
274	でも残念	It doesn't look like you're willing to sell it to me. That's too bad.	
	これ以上は出せないよ		
	取引不成立だね		
276	…ところでさ	By the way, have you helped my parents in the past?	
	お兄さん、もしかして		
	ぼくの両親を手伝った？		
278	父さんはウル	My father is Ul, and my mother is Kaun. We're a peddler family.	
	母さんはカウノ		
	一家そろって行商人さ		
282	ああ、ふたりとも	Yeah. I met both on training missions.	
	修練で会った		
286	やっぱり！	I knew it! You look like the guy they were talking about.	
	聞いてた特徴に		
	似てたからさ		
288	これはとてもレアな	It was really great getting to see that rare skill chip!	
	ことだよね！		
	今回のスキルチップ級！		
290	今度ひさびさに	I'm going to see my parents for the first time in a long time,	
	ふたりに会いにいって		
	みようかなぁ…		
292	ま、とりあえず	so I need to get going. Until next time!	
	ぼくは行くよ		
	またいつかね！		
295	…ところでさ		
	お兄さん、もしかして		
	父さんを手伝った？		
297	父さんの名前はウル		
	薬を売る行商人		
	なんだけど…		
301	…前に修練で		
	薬草探しを手伝ったな		
305	やっぱり！	MAP_I_GAN_26 286	
	聞いてた特徴に		
	似てたからさ		
307	父さんのこと		
	ありがとう！		
309	それじゃ、ぼくも		
	そろそろ行くね		
	またいつかね！		
312	…ところでさ		
	お兄さん、もしかして		
	母さんを手伝った？		
314	母さんの名前はカウノ		
	変な商品を販売してる		
	行商人なんだけど…		
318	…前に修練で		
	泥集めを手伝ったな		
322	やっぱり！	MAP_I_GAN_26 286	
	聞いてた特徴に		
	似てたからさ		
324	母さんのこと		
	ありがとう！		
326	それじゃ、ぼくも	MAP_I_GAN_26 309	
	そろそろ行くね		
	またいつかね！		
329	…さて、目的も達したし		
	ぼくはあらたな品を		
	探しに行くよ		
331	そうそう		
	ぼくの父さんと		
	母さんも行商人だから		
333	どこかで見かけたら		
	ヨロシクね		
335	それじゃ、お兄さん		
	またいつか！		
339	func00_E_EVENT_END1	MAP_D_CAD_00 424	
340	func00_E_EVENT_END2	MAP_D_CAD_00 425	
341	func00_E_EVENT_START1	MAP_D_CAD_00 415	
345	func00_E_EVENT_START2	MAP_D_CAD_00 417	
348	やあ、お兄さん！	Hi! Have you come to hear about my training mission?	
	もしかして、ぼくの修練を		
	聞きつけてきたの？		
352	どんな修練だ？	MAP_D_CAD_00 912	
356	スキルチップ集めを		
	手伝ってほしいんだよ		
358	修練「スキルチップ収集中」	Participate in training mission "Skill Chip Collecting"?	
	に参加しますか？		
359	参加する	MAP_D_CAD_00 919	
360	参加しない	MAP_D_CAD_00 920	
365	どうもどうも！	Thanks a lot! I'm happy that a guy like you took my mission.	
	お兄さんみたいな		
	人がきてくれて嬉しいよ		
367	ぼくは行商人のトクト	I'm Tokt, a peddler. I want to get my hands on as many of the world's skill chips as possible,	
	世界中のスキルチップを		
	扱っているんだ		
369	でもねぇ…	but collecting all them has proven quite difficult.	
	全部を集めるのは		
	なかなか大変なんだよ		
371	そこでお兄さんにお願い！	That brings me to my request! Please search for the Armor Killer skill chip!	
	アーマーキルの		
	スキルチップを探して！		
373	ぼくは利益云々の前に	I evaluate skill chips to see if I like them before I start selling them,	
	スキルチップそのものが		
	好きなんだ		
375	だから、とりあえず	so for now, can you just show it to me when you find it?	
	見せてくれるだけでいい		
	お願いできるかな？		
379	アーマーキル…これか？		
383	んんー…		
	装備していたら見えないよ		
	外して見せて！		
385	func00_E_EVENT_END1	MAP_D_CAD_00 424	
386	func00_E_EVENT_END2	MAP_D_CAD_00 425	
389	アーマーキル…これか？	MAP_I_GAN_26 379	
393	そ、そうだよ！		
	そのスキルチップさ！		X
	ああ、すごい！		
	見ることができて		
	感動だよ…！		
397	修練達成ってことか？		
401	うんうん		
	これ、報奨だよ		
406	わかった	Okay, but without clues, I don't know where to start.	
	でも、手がかりなしじゃ		
	さすがに探せない		
410	…だよねぇ	Good point. I do know something.	
	ぼくが知ってるのは		X
	ガンドア近隣には	There isn't anyone in Ghandoar proper that has the skill.	
	そのスキルを持ってる人は		
	いないってことさ		X
	だから、探すとしたら	Try searching out-of-the-way places like the Karkinos Wasteland and Leon Canyon.	
	カルキノス荒地とか		
	レオン峡谷あたりだと思う		
414	他には？	Anything else?	
418	なんだか可愛い名前の人が	I also heard that someone with a cute name was seen using the skill.	
	それを使ってたって		
	情報があるんだ		X
	えっと…ニャーニャとか	Uh...Nyanya...Tanya... Something like that.	
	ターニャとか…		
	そんな感じだったと思う		
422	…適当だな	That's pretty vague.	
426	聞いた時は	I wasn't interested when I heard it! Anyway, I'm counting on you.	
	興味がなかったんだよ！		
	とにかくよろしくね		
428	func00_E_EVENT_END1	MAP_D_CAD_00 424	
430	func00_E_EVENT_END2	MAP_D_CAD_00 425	
433	んん、違ったか…		
	はやく来てくれないかな		
435	func00_E_EVENT_END1	MAP_D_CAD_00 424	
436	func00_E_EVENT_END2	MAP_D_CAD_00 425	
437	func00_E_EVENT_START1	MAP_D_CAD_00 415	
438	func00_E_EVENT_START2	MAP_D_CAD_00 417	
439	func00_E_EVENT_END1	MAP_D_CAD_00 424	
440	func00_E_EVENT_END2	MAP_D_CAD_00 425	
441	func00_E_EVENT_START1	MAP_D_CAD_00 415	
445	func00_E_EVENT_START2	MAP_D_CAD_00 417	
448	アーマーキル見つけたの？		X
	装備していたら見えないよ		
	外して見せて！		
450	func00_E_EVENT_END1	MAP_D_CAD_00 424	
451	func00_E_EVENT_END2	MAP_D_CAD_00 425	
454	そ、それはっ！！	Th-That's!!	
458	ああ	Yes, it's the Armor Killer skill chip.	
	アーマーキルの		
	スキルチップだ		
460	見せるだけで	You said you just wanted me to show it to you, right?	
	いいんだよな？		
464	う、うん！	Yeah! Seeing it is really exciting!	
	それを見られて		
	感激だよ！！		
466	じゃあ、これを	I should give you this. Here.	
	渡しておくね		
469	func00_E_EVENT_START1	MAP_D_CAD_00 415	
473	func00_E_EVENT_START2	MAP_D_CAD_00 417	
476	こんな閉鎖中の闘技場に	The arena is closed right	
	御用ということは…	now. Are you here to	
	修練参加の方ですか？	participate in the training?	
480	こんな閉鎖中の闘技場に	MAP_I_GAN_26 476	
	御用ということは…		
	修練参加の方ですか？		
484	どんな修練だ？	MAP_D_CAD_00 912	
488	闘技場の運営を阻害する		
	害獣の駆除を		
	お願いしたいのです		
490	修練「闘技場の害獣駆除」	Participate in training mission "Raging Rabbits at the Arena"?	
	に参加しますか？		
491	参加する	MAP_D_CAD_00 919	
492	参加しない	MAP_D_CAD_00 920	
497	ありがとうございます	Thanks. It appears you're qualified to participate.	
	あなた様のご参加		
	確かに承りました		
499	さっそく修練のご説明を	Let me explain the situation.	
	させて頂きます		
501	…闘技場のステージを	Mud rabbits have commandeered the arena stage.	
	ドロウサギに		
	占拠されました		
503	よってそれを駆除し	We can't open the arena until they're exterminated.	
	業務が再開できるように		
	して頂きたいのです		
507	…なぜ占拠されたんだ？	Why have they commandeered the stage?	
511	理由はわかりません	I have no idea. The fact of the matter is that they're running wild and harassing everyone.	
	単に群れでやってきたのか		
	何者かの嫌がらせか…		
513	ともかく	Anyway, you need to get rid of them.	
	駆除できればいいのです		
517	わかった	Understood.	
521	それから、闘技場は	This is a Legion-sponsored mission, so we're instituting a special rule.	
	機構の施設ですので		
	特例がでています		
523	標的を最も多く倒した	Only the one who defeats the most rabbits will get the rank increase.	
	ランカーに報奨ランクを		
	与えるとのことです		
527	…では、隣の控え室より	You can get to the stage from the waiting room over there.	
	ステージへと		
	お入りください		
529	func00_E_EVENT_END1	MAP_D_CAD_00 424	
531	func00_E_EVENT_END2	MAP_D_CAD_00 425	
534	それは失礼致しました		
	修練が片付けば、業務を		
	再開できるのですが…		
536	func00_E_EVENT_END1	MAP_D_CAD_00 424	
537	func00_E_EVENT_END2	MAP_D_CAD_00 425	
538	func00_E_EVENT_START1	MAP_D_CAD_00 415	
540	func00_E_EVENT_START2	MAP_D_CAD_00 417	
544	むっ！	Hey! Are you also doing this mission?	
	あんたも参加者か！		
549	…かもな	Maybe.	
553	この修練は穴場だと	I thought this training was a hidden gem, but it guess it's not surprising that I have a competitor.	
	思ったんだけどな…		
	かち合ったなら仕方がない		
556	報奨ランクは	I'm definitely going to claim the rank increase!	
	絶対におれが頂くぞ！		
561	…穴場？	Hidden gem?	
562	func00_E_EVENT_END1	MAP_D_CAD_00 424	
565	func00_E_EVENT_END2	MAP_D_CAD_00 425	
566	func00_E_EVENT_START1	MAP_D_CAD_00 415	
578	func00_E_EVENT_START2	MAP_D_CAD_00 417	
581	…いくぞ！！	Let's do this!	
582	func00_BATTLE_EVENT	MAP_D_CAD_00 457	
587	まだいけるな	There are still more of them.	
589	func00_BATTLE_EVENT	MAP_D_CAD_00 457	
595	よし…	Looks like this is the last of them.	
	次で最後だ		
596	func00_BATTLE_EVENT	MAP_D_CAD_00 457	
601	func00_E_EVENT_END1	MAP_D_CAD_00 424	
602	func00_E_EVENT_END2	MAP_D_CAD_00 425	
603	func00_E_EVENT_START1	MAP_D_CAD_00 415	
607	func00_E_EVENT_START2	MAP_D_CAD_00 417	
610	あ…あんたが…	You fought so many of them without even breaking a sweat.	
	戦ってたのが……		
	最後の標的、だ		
614	ずいぶん	I'm completely out of breath.	
	息切れしてるな		
618	お…おうよ	R, really...	
620	闘技場中走り回って	I ran around the arena, but I couldn't find many of them.	
	もう標的がいないか		
	確認したからな		
622	…それで	How many did you kill?	
	おまえは何匹だった？		
626	９匹だ	Nine.	
630	くそっ！	Crap! I didn't even come close!	
	やっぱり少し		
	届かなかったか！！		
632	そうじゃないかと思って	This sucks. I gave it my best effort, but it still wasn't good enough	
	探し回ったんだが…		
	やっぱりダメか		
634	…なあ、あんた	Say,	
636	この修練の報奨を	Would you be willing to give me the reward?	
	おれに譲って		
	くれないか？		
640	報奨を…譲る？	Just...give it to you?	
644	どうしても報奨ランクが	I need to raise my rank no matter what!	
	欲しいんだ！		
646	頼む！	Please! If you do this, I'll do whatever you want.	
	おれができることなら		
	何だってする		
648	だから、ランクを…	So, please...please let me have the rank!	
	ランクをおれにくれ！		
652	なぜそこまでこだわる	Why are you so desperate? There are other training missions, you know.	
	他の修練だって		
	あるだろ？		
656	…あんたも知ってるだろ	You should know. In this society, strength is everything.	
	この世界は強さが全て		
658	強くなけりゃ	If I don't become strong, my life won't improve.	
	いい暮らしなんて		
	できやしない		
660	…おれには	I have a wife named Sara and my kids are my pride and joy,	
	サラという美人の嫁と		
	自慢の子どもたちがいる		
662	でも、おれのランクじゃ	But we're barely making it because of my low rank.	
	その日暮らしが		
	やっとなんだよ…		
664	自分ひとりなら	If it was just me, it wouldn't matter, but I have a family to take care of.	
	ともかくな		
	家族を背負ってみろ		
666	次の修練、次の修練なんて	I keep training and training, but I'm just spinning my wheels.	
	後回しにゃできねぇ		
668	チャンスは掴む！	I thought this would be my chance to finally raise my rank!	
	ただランクを上げる！		
	そのためにここへ来た！		
672	…なるほど	I get it now.	
675	でも、報奨の譲渡は	Even so, just giving you the reward would be unfair.	
	不正だ		
677	あんたがおれと戦って	We'll fight, and if you win, we'll talk about it.	
	勝ったというなら		
	話は別だが…		
680	それでいい！	Fine with me! Thanks for giving me a chance	
	おれにチャンスをくれ！		
682	これ以上今のランクが	I'll take this opportunity to raise my rank and earn Sara's affection	
	続いたら、サラに		
	愛想をつかされてしまう		
684	だから…	So, let's get serious!	
	本気でいくぜ！		
689	おれはランクを上げる！	To raise my rank, I'll fight like I've never fought before!	
	そのために…		
	全力でいくぜ！！		
694	はぁっ…はぁっ……	Haa...haa	
696	くそぉ…	Damnit...	
	くっそぉぉぉぉ！！！	Damnit!!!	
698	情けねぇ…	Why am I so weak!?	
	どうしておれは		
	こんなに弱ぇんだ！		
702	…次の修練を	Go find another training mission to do.	
	探すんだな		
705	…………	MAP_D_CAD_00 242	
708	そうだな	You're right. Moping around won't raise my rank.	
	嘆いてたって		
	ランクは上がらない		
710	今日こそは必ず	Today, I'm going to raise my rank and go home with my head held high!	
	ランクをあげて		
	胸張って帰ってやる…！		
712	時間とらせて悪かったな	Thanks, and sorry for wasting your time.	
	…ありがとよ		
714	func00_E_EVENT_END1	MAP_D_CAD_00 424	
716	func00_E_EVENT_END2	MAP_D_CAD_00 425	
717	func00_E_EVENT_START1	MAP_D_CAD_00 415	
721	func00_E_EVENT_START2	MAP_D_CAD_00 417	
724	修練の完了を	I've confirmed that you've completed the training.	
	確認いたしました		
726	こちらが報奨になります	Here is your reward.	
731	これで闘技場としての	With that, the arena can now resume operation.	
	業務を再開できます		
733	ご協力	Thank you for your help.	
	ありがとうございました		
735	勲章授与【行動力上昇】	Commendation [Action Up]	
	{13}07機構の掟の元、修練に励んだ証として	{13}07To recognize your valor in training, the	
	戦侯機構バザルタより勲章・番犬を授与する	Legion awards you this Watchdog Medal.	
	猛き行動力をもって更なる高みを目指すべし{13}00	Aim ever higher in your pursuit of strength.{13}00	
736	ジグの行動力(SP)が	Zig's actions points (SP) increased from 5 to 6.	
	５から６に上がりました		
737	btl_pit150		
738	{15}03・{15}03・{15}03で	You can now chain three attacks	
	３連続攻撃が使用できます	together by pushing {15}03・{15}03・{15}03	X
	また、{15}00・{15}00で	You can also perform a {15}00・{15}00	
	２連続攻撃が使用できます	chain. Try different combinations	
	色々な組み合わせを試してみましょう	to figure out what works for you.	
742	人と話すのは…	I'm tired from all this talking and fighting.	
	戦うよりも疲れるな		X
	…部屋に戻るか	...I'm going back to my room.	
744	func00_E_EVENT_END1	MAP_D_CAD_00 424	
746	func00_E_EVENT_END2	MAP_D_CAD_00 425	
747	func00_E_EVENT_START1	MAP_D_CAD_00 415	
748	func00_E_EVENT_START2	MAP_D_CAD_00 417	
750	アンチに機構…	MAP_I_GAN_02 1186	X
	…………		X
	おれも帰るか		
751	func00_E_EVENT_END1	MAP_D_CAD_00 424	
752	func00_E_EVENT_END2	MAP_D_CAD_00 425	
753	func00_E_EVENT_START1	MAP_D_CAD_00 415	
758	func00_E_EVENT_START2	MAP_D_CAD_00 417	
766	あ、ジグ！	MAP_I_GAN_02 1202	
	闘技場の話きいた！？		
770	闘技場？	MAP_I_GAN_02 1206	
774	なんでも、機構主催で	MAP_I_GAN_02 1210	
	大きな大会が		
	開かれるんだってさ		X
	優勝賞品はなんと		
	ランク９５位！		
779	すげえよな…！	MAP_I_GAN_02 1215	
	ジグならいいとこまで		
	いけるんじゃないか？		
783	そうそう、参加してきなよ	MAP_I_GAN_02 1219	
	１００位入りなんて		
	めったにないチャンスだよ		X
	大会は明日開催で		
	当日の参加も		
	受け付けてるってさ		
788	１００位入りか…	MAP_I_GAN_02 1224	
790	func00_E_EVENT_END1	MAP_D_CAD_00 424	
793	func00_E_EVENT_END2	MAP_D_CAD_00 425	
794	func00_E_EVENT_START1	MAP_D_CAD_00 415	
805	func00_E_EVENT_START2	MAP_D_CAD_00 417	
814	くぅ、負けた！	MAP_I_GAN_02 1250	
	結構いい感じで		
	勝ち上がってたのによ		
817	参加者が多いからなぁ	MAP_I_GAN_02 1253	
	最後までいくのは		
	難しいと思うぜ		
820	…なあ、これだけ多いと	MAP_I_GAN_02 1256	
	アンチが混じってても		
	気付かないよな		X
	あのタイロンまで		
	アンチだったって話だし		
	有り得るだろ？		
823	変な話するなよ	MAP_I_GAN_02 1259	
	おれはアンチが嫌いなんだ		
826	あんな得体の知れない連中	MAP_I_GAN_02 1262	
	誰も好かねえよ！		X
	機構についてりゃ安泰		
	七騎士様万歳だぜ		
832	…………	MAP_D_CAD_00 242	
833	func00_E_EVENT_END1	MAP_D_CAD_00 424	
836	func00_E_EVENT_END2	MAP_D_CAD_00 425	
837	func00_E_EVENT_START1	MAP_D_CAD_00 415	
846	func00_E_EVENT_START2	MAP_D_CAD_00 417	
849	戦侯機構プレゼンツ	MAP_I_GAN_02 1285	
	ザ・９５マッチ！		X
	奇跡の報奨ランクを掛けた		
	このトーナメントも		
	いよいよ大詰めだ！		X
	次の挑戦者は		
	ランク急上昇の猛者ジグ！		
	満を持しての登場だ！		X
	対するは武者修行から		
	帰ってきた暴走娘		
	鋼の腕っ節、ベティ！		
855	修行の成果	MAP_I_GAN_02 1291	
	試させてもらうぜ！		
861	勝者ジグ！	MAP_I_GAN_02 1297	
	さすが、流星の勢いで		
	ランクを駆け上る男！		X
	ＯＫ、そのままの勢いで		
	次のバトルに行こう！		X
	お相手は低位の部から		
	勝ち残ってきた男…		X
	己を磨き続ける		
	ザ・ストイックガイ！		
	ビャッケ！！		
866	またとないチャンスだ	MAP_I_GAN_02 1302	
	今日は勝たせてもらうぞ		
	…姑息な手は抜きでな		
872	またしても	MAP_I_GAN_02 1308	
	ジグの鮮やかな勝利！		
	これはすごい！		X
	そしてなんと！		
	次が決勝戦となります！		X
	これに勝った者こそ		
	ランク２ケタ…９５位を		
	手にするにふさわしい！		X
	戦士よ、いざ武器を持て！		
	最終決戦の開幕だ！		X
	対戦相手は、突如現れた		
	桃色の流星…		
	ケリーです！！		
878	師匠！	MAP_I_GAN_02 1314	
883	おまえは…	MAP_I_GAN_02 1319	
	宿屋の襲撃犯？		
888	その覚え方ひどいです！	MAP_I_GAN_02 1324	
	もう手を引いたんだから		
	ケリーって呼んでください		
892	元襲撃犯が	MAP_I_GAN_02 1328	
	こんなところに		
	出てきていいのか？		
896	しゅ、襲撃犯から	MAP_I_GAN_02 1332	
	はなれてくださいよ…		
903	わたし、師匠と別れてから	MAP_I_GAN_02 1339	
	ひたすら特訓をしたんです		X
	９５位を手に入れれば		
	師匠に敵うような気がして		
	この大会に出たんですが		X
	まさかこの決勝戦で		
	戦えるなんて！		
	運命的すぎます！		
909	…それはともかく	MAP_I_GAN_02 1345	
	そろそろ始めたい		
913	ええ、もちろん！	MAP_I_GAN_02 1349	
	わたし、うんと強く		
	なってますからね！		
920	師匠を超えて	MAP_I_GAN_02 1356	
	９５位を手に入れます！		
	いざ、勝負です！		
926	勝者…ジグーッ！	MAP_I_GAN_02 1362	X
	おめでとう、ジグ！		
	いい戦いをありがとう！		X
	彼には報奨として		
	ランク９５位が		
	贈呈されます！！		
928	なんと輝かしきランク！	MAP_I_GAN_02 1364	
	まさにランカーの星！		X
	これからも		
	機構の戦士として		
	存分に活躍してください！		X
	…では、これにて		
	戦侯機構プレゼンツ		
	９５マッチを終了します		
929	func00_E_EVENT_END1	MAP_D_CAD_00 424	
930	func00_E_EVENT_END2	MAP_D_CAD_00 425	
931	func00_E_EVENT_START1	MAP_D_CAD_00 415	
932	func00_E_EVENT_START2	MAP_D_CAD_00 417	
935	優勝おめでとうございます	MAP_I_GAN_02 1371	
	すばらしい戦いでした		X
	主催された七騎士様も		
	きっとお喜びでしょう		
938	…………	MAP_D_CAD_00 242	
941	あの激戦では	MAP_I_GAN_02 1377	
	さぞお疲れなのでは？		
	ゆっくりお休みください		
945	…そうだな	MAP_I_GAN_02 1381	
947	func00_E_EVENT_END1	MAP_D_CAD_00 424	
948	func00_E_EVENT_END2	MAP_D_CAD_00 425	
949	func00_E_EVENT_START1	MAP_D_CAD_00 415	
952	func00_E_EVENT_START2	MAP_D_CAD_00 417	
957	ん？	MAP_I_GAN_02 1393	
	何か忘れ物{17}02		X
	って、うわっ！		
	女連れ！？		
962	いや、これは……	MAP_I_GAN_02 1398	
966	こ…ここはダメです！	MAP_I_GAN_02 1402	
967	どこへ行きますか？	MAP_I_GAN_02 1403	
968	大橋	MAP_I_GAN_02 1404	
969	バザルタ鉄道駅	MAP_I_GAN_02 1405	
972	func00_E_EVENT_END1	MAP_D_CAD_00 424	
973	func00_E_EVENT_END2	MAP_D_CAD_00 425	
974	func00_E_EVENT_END1	MAP_D_CAD_00 424	
975	func00_E_EVENT_END2	MAP_D_CAD_00 425	
976	func00_E_EVENT_START1	MAP_D_CAD_00 415	
990	func00_E_EVENT_START2	MAP_D_CAD_00 417	
996	あら、ジグじゃない	MAP_I_GAN_02 1432	
1001	ははーん、なるほどね	MAP_I_GAN_02 1437	
1014	あれ、ジグ	MAP_I_GAN_02 1450	
	今日は女の子と一緒？		
1020	かわいい連れだな	MAP_I_GAN_02 1456	
	最近留守が多かったのは		
	もしかして……		
1024	なんだか思い出すよ	MAP_I_GAN_02 1460	
	昔ぼくとフェオンが		
	同じ人を好きになってね		
1029	…だまっとけ！	MAP_I_GAN_02 1465	
1034	…………	MAP_D_CAD_00 242	
1038	秘密の話は	MAP_I_GAN_02 1474	
	しにくい場所ですね…		X
	もっと静かな場所を		
	探しませんか？		
1040	どこへ行きますか？	MAP_I_GAN_02 1403	
1041	大橋	MAP_I_GAN_02 1404	
1042	バザルタ鉄道駅	MAP_I_GAN_02 1405	
1045	func00_E_EVENT_END1	MAP_D_CAD_00 424	
1046	func00_E_EVENT_END2	MAP_D_CAD_00 425	
1047	func00_E_EVENT_END1	MAP_D_CAD_00 424	
1048	func00_E_EVENT_END2	MAP_D_CAD_00 425	
1049	func00_E_EVENT_START1	MAP_D_CAD_00 415	
1056	func00_E_EVENT_START2	MAP_D_CAD_00 417	
1059	あの…	MAP_I_GAN_02 1495	
	衛兵さんたちに		
	見られています…		X
	他の場所にしましょう		
1066	ヒュゥ！	MAP_I_GAN_02 1502	
	田舎者のふりして		
	隅に置けないな！		
1071	おまえの連れって…	MAP_I_GAN_02 1507	
	今、町で噂の…		
1076	サルバトーレのレンと	MAP_I_GAN_02 1512	
	あんたの組み合わせって		
	運命的だよ！		X
	こりゃあ噂に…		
	し、しないって！		
1082	はん！　彼女くらい	MAP_I_GAN_02 1518	
	おれにだって…		
1086	…………	MAP_D_CAD_00 242	
1087	どこへ行きますか？	MAP_I_GAN_02 1403	
1088	商店デイライト	MAP_I_GAN_02 1524	
1089	上区：噴水広場前	MAP_I_GAN_02 1525	
1092	func00_E_EVENT_END1	MAP_D_CAD_00 424	
1093	func00_E_EVENT_END2	MAP_D_CAD_00 425	
1094	func00_E_EVENT_END1	MAP_D_CAD_00 424	
1095	func00_E_EVENT_END2	MAP_D_CAD_00 425	
1096	func00_E_EVENT_START1	MAP_D_CAD_00 415	
1099	func00_E_EVENT_START2	MAP_D_CAD_00 417	
1102	ジグさん…	MAP_I_GAN_02 1538	
	気が利きませんね		
1107	そうなのか？	MAP_I_GAN_02 1543	
1112	はい、もっと開放的で	MAP_I_GAN_02 1548	
	きれいな場所がいいです		
1116	ふたりきりで	MAP_I_GAN_02 1552	
	話したいんじゃ		
	なかったのか…？		
1118	どこへ行きますか？	MAP_I_GAN_02 1403	
1119	商店デイライト	MAP_I_GAN_02 1524	
1120	上区：噴水広場前	MAP_I_GAN_02 1525	
1123	func00_E_EVENT_END1	MAP_D_CAD_00 424	
1124	func00_E_EVENT_END2	MAP_D_CAD_00 425	
1125	func00_E_EVENT_END1	MAP_D_CAD_00 424	
1126	func00_E_EVENT_END2	MAP_D_CAD_00 425	
1127	func00_E_EVENT_START1	MAP_D_CAD_00 415	
1134	func00_E_EVENT_START2	MAP_D_CAD_00 417	
1137	あ…お気遣いなく！	MAP_I_GAN_02 1573	
	プレゼントなんて		
	いりませんから！		
1140	…………	MAP_D_CAD_00 242	
1146	それよりもジグさん	MAP_I_GAN_02 1582	
	さっきから変な場所ばかり		
	選んでいませんか？		
1150	…悪かったな	MAP_I_BAS_10 920	
1154	責めているわけじゃ	MAP_I_GAN_02 1590	
	ありませんよ		X
	場所、わたしが決めても		
	いいですか？		
1158	ああ、そうしてくれ	MAP_I_GAN_02 1594	
1160	func00_E_EVENT_END1	MAP_D_CAD_00 424	
1161	func00_E_EVENT_END2	MAP_D_CAD_00 425	
1162	シーン初期化	MAP_D_CAD_00 1232	
			
1165	オブジェクト配置	MAP_D_CAD_00 1233	
			
1167	オブジェクトトラップ配置	MAP_D_CAD_00 1235	
			
1168	マップチェンジトラップ配置	MAP_D_CAD_00 1236	
			
1173	現在、控え室は		
	９５マッチ参加者様の		
	貸し切りとなっております		
1175	ＮＰＣ配置	MAP_D_CAD_00 1248	
			
1177	闘技場受付嬢	Arena Receptionist	
1181	トクト	Tokt	
1185	イーヴン	Ivan	
1187	オッド	Odd	
1192	func00_E_EVENT_START1	MAP_D_CAD_00 415	
1193	func00_E_EVENT_START2	MAP_D_CAD_00 417	
1196	おめでとうございます		
	こちらが賞品になります		
1202	次回もナイスファイトを		
	期待しております		
	またご参加ください		
1204	func00_E_EVENT_END1	MAP_D_CAD_00 424	
1206	func00_E_EVENT_END2	MAP_D_CAD_00 425	
1207	func00_E_EVENT_START1	MAP_D_CAD_00 415	
1208	func00_E_EVENT_START2	MAP_D_CAD_00 417	
1217	func00_E_EVENT_END1	MAP_D_CAD_00 424	
1219	func00_E_EVENT_END2	MAP_D_CAD_00 425	
1220	func00_E_EVENT_START1	MAP_D_CAD_00 415	
1221	func00_E_EVENT_START2	MAP_D_CAD_00 417	
1230	func00_E_EVENT_END1	MAP_D_CAD_00 424	
1232	func00_E_EVENT_END2	MAP_D_CAD_00 425	
1233	func00_E_EVENT_START1	MAP_D_CAD_00 415	
1234	func00_E_EVENT_START2	MAP_D_CAD_00 417	
1243	func00_E_EVENT_END1	MAP_D_CAD_00 424	
1245	func00_E_EVENT_END2	MAP_D_CAD_00 425	
1246	func00_E_EVENT_START1	MAP_D_CAD_00 415	
1247	func00_E_EVENT_START2	MAP_D_CAD_00 417	
1256	func00_E_EVENT_END1	MAP_D_CAD_00 424	
1258	func00_E_EVENT_END2	MAP_D_CAD_00 425	
1259	func00_E_EVENT_START1	MAP_D_CAD_00 415	
1260	func00_E_EVENT_START2	MAP_D_CAD_00 417	
1269	func00_E_EVENT_END1	MAP_D_CAD_00 424	
1271	func00_E_EVENT_END2	MAP_D_CAD_00 425	
1274	マッスルデスマッチで		
	よろしいですね？		X
	参加費は		
	５００Ｂです		
1276	参加しますか？		
	挑戦料:５００Ｂ		
	所持金:{1d}G00000005Ｂ		
1277	はい	MAP_D_CAD_00 432	
1278	いいえ	MAP_D_CAD_00 433	
1283	では、控え室から		
	舞台にお上がりください		
	健闘を祈ります！		
1287	残念ですが		
	お手持ちのお金が		
	足りていないようです		
1291	次回はぜひご参加ください		
	お待ちしております		
1295	スピードスターで		
	よろしいですね？		X
	参加費は		
	７５０Ｂです		
1297	参加しますか？		
	挑戦料:７５０Ｂ		
	所持金:{1d}G00000005Ｂ		
1311	アウトオブサイトで		
	よろしいですね？		X
	参加費は		
	１０００Ｂです		
1313	参加しますか？		
	挑戦料:１０００Ｂ		
	所持金:{1d}G00000005Ｂ		
1327	低位のバトルは		
	全て完了しております		
	制覇おめでとうございます		
1331	現在可能な低位のバトルは		
	ございません		
1333	何をしますか？		
1334	マッスルデスマッチ		
1335	やめる	MAP_I_GAN_00 316	
1342	スピードスター		
1349	アウトオブサイト		
1382	ストレンジャーズで		
	よろしいですね？		X
	参加費は		
	１５００Ｂです		
1384	参加しますか？		
	挑戦料:１５００Ｂ		
	所持金:{1d}G00000005Ｂ		
1398	ヤンチャガールズで		
	よろしいですね？		X
	参加費は		
	２５００Ｂです		
1400	参加しますか？		
	挑戦料:２５００Ｂ		
	所持金:{1d}G00000005Ｂ		
1414	ユーリズドッグスで		
	よろしいですね？		X
	参加費は		
	１００００Ｂです		
1416	参加しますか？		
	挑戦料:１００００Ｂ		
	所持金:{1d}G00000005Ｂ		
1430	そちらは機構主催の		
	特別バトルでございます		X
	トーナメントを		
	勝ち抜いた方に、なんと		
	ランク９５位を贈呈します		X
	参加費は無料ですが		
	参加なさいますか？		
1432	参加しますか？	Participate? (If you lose this battle, the game will end, so please be careful.)	
	（この戦いでは負けるとゲームオーバーです		
	　注意して挑戦してください）		
1437	了解いたしました	Understood.	X
	あなたのランクですと	Your rank is very high, so you won't be fighting until the latter part of the tournament.	
	かなり終盤からの		
	参戦になります		X
	出番までは	Please wait in the preparation room until it's your turn.	
	控え室でお待ちください		
1441	次回はぜひご参加ください	MAP_I_GAN_26 1291	
	お待ちしております		
1451	【機構主催】９５マッチ		
1458	ストレンジャーズ		
1465	ヤンチャガールズ		
1480	高位のバトルは		
	全て完了しております		
	制覇おめでとうございます		
1484	現在可能な高位のバトルは		
	ございません		
1498	ユーリズドッグス		
1530	あなたは全てのバトルを		
	制覇なさいました		
	おめでとうございます		
1531	何をしますか？	MAP_I_GAN_26 1333	
1532	低位向けバトル		
1533	高位向けバトル		
1534	説明を聞く		
1535	やめる	MAP_I_GAN_00 316	
1545	ここでの戦闘は		
	３連戦となります		
	３回勝ち抜けば制覇です		X
	出場には参加費を		
	頂きますが、制覇の際には		
	賞品をお渡しいたします		X
	途中で負けても		
	こちらへ		
	戻されるのみですが		X
	参加費は戻りませんので		
	ご注意ください		X
	あなたがランクを上げたり		
	特定のランカーを倒すと		
	挑める戦いが増えます		
1552	標的を最も多く倒した		
	ランカーに報奨ランクが		
	与えられます		
1554	隣の控え室より		
	ステージへと		
	お入りください		
1557	闘技場の再開までは		
	もうしばらく		
	お待ちください		
1559	ようこそ！	Welcome to the [arena], the stage upon which Ghandoar's finest rankers vie for supremacy!	
	ガンドアが誇る武の聖地		
	【闘技場】へ！		X
	ここではランカーたちの	Rankers can test their strength and participate in a variety of themed battles.	
	強さやテーマに沿った		
	戦いが行われます		
1563	おれも参加できるのか？	Can I also participate?	
1567	はい、もちろんです	Yes, of course.	X
	あなたがランクを上げたり	As you raise your rank and defeat specific rankers, the number of battles available at the arena will increase.	
	特定のランカーを倒すと		
	挑める戦いが増えます		X
	現在、期間限定のバトルが	Right now, we're holding a limited-time battle exhibition.	
	開催されております		X
	参加費は無料！	Registration is open, and there's no entry fee!	
	エントリーを受付中です		
1572	はい、もちろんです		X
	あなたがランクを上げたり		
	特定のランカーを倒すと		
	挑める戦いが増えます		X
	参加登録する場合は		
	わたしへお申し出ください		
	お待ちしております！		
1575	ようこそ闘技場へ！	Welcome to the arena! We're recruiting for a special tournament.	
	現在、期間限定のバトルが		
	開催されております		X
	参加費は無料！	Registration's free! Go to the receptionist to sign up.	
	エントリーを受付中です		
1579	出番までは		
	控え室でお待ちください		
1583	ようこそ闘技場へ！	Welcome to the arena! What will you do today?	
	本日はどうなさいますか？		
1589	アーマーキルの		
	スキルチップを探してよ		
	見せるだけでいいからさ		X
	なんだか可愛い名前の人が		
	それを使ってたって		
	情報があるんだ		X
	えっと…ニャーニャとか		
	ターニャとか…		
	そんな感じだったと思う		X
	カルキノス荒地とか		
	レオン峡谷あたりを		
	探してみてよ		
1598	や、きみは	I haven't seen you around here before. What's your name?	
	はじめて会うランカーだ		
	名前は？		
1602	…ジグだ	Zig.	
1606	ランクは…	Your rank is...	
	ほう、ふむふむ	...Hmmm	
1610	あんたたちは	Who are you people?	
	何なんだ？		
1614	わたしはイーヴン	I'm Ivan, and he's{17}02	
	そしてこっちが{17}02		
1618	オッドじゃ	Odd's the name.	X
	いい年して	I used to hang out at the arena with my father	
	闘技場に入り浸る		
	おやじ共じゃよ		
1622	わたしたちは	We love nothing more than to watch rankers fight	
	ランカーの戦いを見るのが		
	何より好きでね		X
	そのおかげで	Because of that, we've amassed a treasure trove of information about this city's rankers	
	ランカーについては		
	それなりに詳しいんだ		
1626	おぬしが戦う相手探しで	Come and see us if you're having trouble finding someone to fight	
	困ったら、来てみるがいい		X
	適切なランカーを	We'll find someone suited to your skill level	
	ズバッと調べてやるぞ		
1632	わたしは		
	今のきみに適した強さの		
	ランカーを教えるよ		X
	…といっても		
	今はとにかく新しい生活に		
	慣れることだね		
1634	きみのランクならば		
	商業区にいる		
	ヤヨイさんはどうかな？		X
	それから、同じ寄宿舎には		
	同じようなランクの者が		
	いるはずだよ		X
	ガンドアの外ならば		
	新人が多いのは		
	トーロ荒地さ		
1636	ベリエ街道には		
	行ったかい？		
	誰かが修行しているかもね		
1638	重大修練が		
	告知されたみたいだね		X
	重大修練には		
	ランカーが集まるから		
	しっかり準備するんだよ		
1640	重大修練は		
	おわったのかい？		
1642	タイロン一家にいるなら		
	モルトに挑戦するといいよ		
	租界にいるだろう？		X
	一家以外だったら		
	闘技場の前の彼なんて		
	きみと近いランクだね		X
	それから、砂漠の方に		
	行けるのなら		
	そこにも誰かいるはずだ		X
	…タイロン一家になっても		
	たまには下区の寄宿舎に		
	顔を出すんだよ		
1644	今はとにかく		
	修練をしていく方が		
	いいと思うよ		
1646	ランカー居住区や大橋に		
	挑み忘れているランカーは		
	いないかい？		X
	初心にかえって		
	その辺りを中心に		
	相手を探してみるといい		
1648	上区に行けるランクだね		
	あそこのランカーは		
	手ごわいよ		X
	格上の相手ばかりだけど		
	倒せなくもないはずだ		
	がんばるんだよ！		
1650	カドモール水源に		
	行くのかい？		X
	何か修練でもあるのなら		
	手前の砂漠も含めて		
	人が集まっているかもね		
1652	そのランクなら		
	下区や租界のランカーは		
	ほとんど倒せるね		X
	町を歩きながら		
	倒してない人がいないか		
	よく思い出してごらん		X
	ああ、森の方にも		
	珍しいランカーが		
	いるそうだよ		X
	がんばれば		
	上区のパルピェーダにも		
	勝てるかもしれないね		
1654	今はとにかく	MAP_I_GAN_26 1644	
	修練をしていく方が		
	いいと思うよ		
1656	…まずは落ち着くんだ		
	ランクアップは		
	それからだよ		
1658	きみが休んでいる間に		
	人の出入りがあったようだ		X
	租界はもちろん		
	寄宿舎や商業区でも		
	新たな出会いがあると思う		X
	上区でも、そろそろ		
	敵なしってところだね		
1660	今はとにかく	MAP_I_GAN_26 1644	
	修練をしていく方が		
	いいと思うよ		
1662	峡谷方面に行くのかい？		X
	あの辺りで修行している		
	ランカーは強いけれど		
	きみなら敵うかもしれない		
1664	そこまでランクが		
	上がっていると		
	相手を探すのも大変だね		X
	近くの民家に来ている		
	エラスト先生なら		
	いい勝負ができるかもね		X
	あとは		
	ラ・キットの周辺や		
	ニシュラ氷河で		X
	高位ランカーを見たという		
	噂があるんだが…		
1666	きみも９５マッチに		
	参加するのかい？		X
	こんな熱い大会は		
	久しぶりだよ！		
	ぜひ参加するといい！		
1668	９５マッチ優勝		
	おめでとう！		
	素晴らしい戦いだったよ！		X
	今のきみに敵う相手なんて		
	そういないだろう		
	…他の用事はないのかい？		
1670	きみほどランクの		
	高いランカーは、そうそう		
	町を歩いていないね		X
	しいて言えば		
	宿屋の眠り姫くらいだ		X
	修練をやりながら		
	出会いを待つ方が		
	賢明かもしれないよ		
1673	オッドさん		
	この運命的な戦い		
	見届けなくては！		
1677	ああ、胸がドキドキで		
	ぽっくり逝きそうじゃ！		
1681	まだだめですよ！		
	…それで、どっちに		
	賭けます？		
1685	ふふ…		
	やはりそうくるか！		
	わしは{17}02		
1689	なるほど		
	ではわたしは反対に		
	賭けておきましょうか		
1694	ふふふふふ…		
1696	まさかユーリ様が		
	負けるとはね		
	機構に賭けたんだけどな		X
	おかげで		
	キングサーロインを		
	おごるはめになったよ		
1698	七騎士と戦える		
	可能性があるとすれば		
	彼くらいだね…		X
	ランキング９位		
	…つまりタイロンの		
	次に強かった男さ		X
	変わった人だったが		
	まだガンドアに		
	いるんだろうか…		
1700	最強の男…		
	きみに全てを		
	賭けようじゃないか		
1702	タイロン一家の篭手使い		
	【ギル】がリブラ森林に		
	いるはずじゃぞ		
1704	レン組の【ノーチェ】が		
	まだマイヤールの森に		
	いるかもしれんの		
1706	レン組の【ノーチェ】は		
	場所を移ったようじゃぞ		
	心当たりはあるかいの？		
1708	夢見る乙女【プリシラ】が		
	寄宿舎の２０２号室で		
	おぬしを待っとるぞ		
1710	舞う剣士【ヤヨイ】は		
	ガンドアの商業区で		
	よく見かけるぞ		
1712	前向き少女【ヨア】は		
	いつもトーロ荒地で		
	修行してるらしいぞ		
1714	不幸の娘【ウネルマ】は		
	独りベリエ街道に		
	いるはずじゃよ		
1716	腹へり【グルトン】が		
	リブラ森林でランカーを		
	待ち伏せているらしいの		
1718	妄想男【ワスター】は		
	ドネイ回廊に残って		
	修行してるらしいぞ		
1720	恋人募集中の篭手使い		
	【ユミール】は		
	ドネイ回廊にいるはずじゃ		
1722	異郷から来た不思議男		
	【マイケル】は、寄宿舎の		
	２０３号室にいるぞ		
1724	堅物剣士【ルーク】は		
	この闘技場のすぐ前に		
	いるはずじゃ		
1726	弱虫【ウォーレン】が		
	ウィルゴー砂漠のどこかで		
	隠れているらしいぞ		
1728	幸運を探す弓使い		
	【クロヴァ】は		
	寄宿舎３０２号室にいるぞ		
1730	面倒臭がり【フェオン】は		
	今日もランカー居住区から		
	動かないみたいじゃな		
1732	銃使い【ハッサン】は		
	相変わらず大橋で		
	衛兵の修練じゃよ		
1734	熱血【ナルソス】は		
	上区で挑戦者を		
	待っているはずじゃ		
1736	いろんな意味で強烈な		
	【イザベラ】は		
	上区の自宅にいるはずじゃ		
1738	弓引く乙女【チッタ】は		
	上区の商店前で		
	よく見かけるぞ		
1740	古風な【ギュスタブ】が		
	ウィルゴー砂漠で		
	己を磨いているらしいぞ		
1742	レン組の【リリア】は		
	カドモール水源にいると		
	聞いておるぞ		
1744	レン組の【リリア】は		
	バザルタ本部に		
	移ったそうじゃぞ		
1746	レン組の【ロビーナ】は		
	仲間とカドモール水源に		
	滞在中だそうじゃ		
1748	レン組の【ロビーナ】は		
	バザルタ出張所前に		
	移ったそうじゃぞ		
1750	タイロン一家の大男		
	【ゴンザレス】は		
	租界にいると聞いたぞ		
1752	タイロン一家の大男		
	【ゴンザレス】は		
	リブラ森林へ移ったぞ		
1754	狩りの民【ニコール】は		
	ケーブルカーの駅で		
	獲物を探しているぞ		
1756	自己中心の【ゲーニー】は		
	商業区でふさわしい相手を		
	待っているらしいぞ		
1758	古武術使い【アーニャ】が		
	マイヤールの森の奥に		
	隠れているそうじゃよ		
1760	親孝行の【ナージャ】は		
	カルキノス荒地で		
	修行中だそうじゃ		
1762	インテリの【スカリー】が		
	カルキノス荒地に		
	いるそうじゃよ		
1764	ユーリ派の骸骨男		
	【イェオリ】は		
	タイロン租界を監視中じゃ		
1766	ユーリ派の骸骨男		
	【イェオリ】は		
	出張所前に移ったらしいぞ		
1768	ユーリ派の短剣使い		
	【オルヴァー】は		
	租界の酒場を監視中じゃ		
1770	ユーリ派の短剣使い		
	【オルヴァー】は		
	出張所前に移ったらしいぞ		
1772	若者狩りの【ガストン】が		
	下区の商店で		
	戦う相手を探しているぞ		
1774	お調子者【モモ】が		
	遠方から寄宿舎Ｂ棟に		
	帰ってきたらしいぞ		
1776	魅惑の魔女		
	【ラクスリア】は		
	上区の自宅にいるはずじゃ		
1778	可憐で凶暴な		
	【メディア】が		
	レオン峡谷で修行中じゃ		
1780	往年の名戦士【レガロ】は		
	ソダー回廊の中で		
	己を磨き続けているぞ		
1782	モテたい男【ゾンマ】は		
	隣の控え室に		
	いるはずじゃよ		
1784	古武術使い【サーニャ】が		
	カルキノス荒地あたりに		
	隠れているそうじゃよ		
1786	戦う教師【エラスト】は		
	闘技場を出てすぐの		
	家にいるはずだぞ		
1788	呪術の娘【ネローナ】が		
	ニシュラ氷河にいるという		
	噂じゃよ		
1790	宿屋の眠り姫【カレン】も		
	おぬしのランクなら		
	起こせるじゃろ		
1792	謎の古美術商【ヲグル】が		
	カドモール水源で		
	客を待っているぞ		
1794	レン組の【エルクリア】は		
	バザルタ本部の前に		
	いるらしいの		
1797	レン組の【エルクリア】は		
	場所を移ったようじゃぞ		
	心当たりはあるかいの？		
1799	レン組【ツァーフリア】は		
	バザルタ本部にいると		
	聞いておるぞ		
1801	レン組【ツァーフリア】は		
	場所を移ったようじゃぞ		
	心当たりはあるかいの？		
1803	元漁師の【ミント】は		
	フィッシェ街道で		
	戦う相手を探しているぞ		
1805	考古学を愛する剣士		
	【ラバディナ】は		
	フィッシェ街道にいるぞ		
1807	七騎士に最も近い男		
	【ティティコ】が		
	町のどこかにいるらしい		
1809	今はおぬしに紹介できる		
	ランカーがおらんの		X
	イーヴンに聞いてみるか		
	あるいはランクを上げて		
	出直すんじゃな		
1811	わしから紹介できる		
	ランカーはもうおらんよ		X
	よくぞまあ		
	これほど倒したものじゃの		
	あっぱれじゃ！		
1813	わしから紹介できる		
	ランカーはもうおらんよ		X
	わしらの次の仕事は		
	おぬしに挑むランカーを		
	導くことじゃな		
1815	今のおぬしに適した		
	ランカーを知りたければ		
	イーヴンに聞くんじゃな		
1817	…これ以上言っても		
	覚えきれんじゃろ		X
	教えた奴らを倒してから		
	出直すんじゃな		
1819	おぬしよりも弱そうな		
	ランカーについて		
	教えてほしいかの？		
1821	教えてもらいますか？		
1822	はい	MAP_D_CAD_00 432	
1823	いいえ	MAP_D_CAD_00 433	
1830	うむ、そうじゃな		
	自力で探すというのも		
	楽しいものじゃ		
1866	わしは、おぬしよりも		
	弱いランカーの居場所を		
	教えてやろう		X
	ま、おぬしはまだ		
	宣誓したてじゃから		
	教えられる相手もおらんよ		
1869	この闘技場も		
	もうすぐ再開するそうじゃ		
	楽しみじゃのう！		
1872	なんじゃあ		
	そのフヌケた顔は！		X
	そんな顔したヤツには		
	誰も紹介できんぞ		
1875	見ているわしらまで		
	血が沸くような戦いじゃ！		
	はようおぬしも参加せい！		
1899	【ＥＮＦＥＲ】様との		
	対戦ですね？		
1901	このバトルは、ランキング戦と同じく		
	負けるとゲームオーバーになるので		
	注意してください		X
	今すぐ戦いますか？		
1902	はい	MAP_D_CAD_00 432	
1903	いいえ	MAP_D_CAD_00 433	
1908	では、控え室から	MAP_I_GAN_26 1283	
	舞台にお上がりください		
	健闘を祈ります！		
1912	では、対戦は		
	一時保留にいたします		
	次回はご挑戦ください		
1916	【ＭＲ．Ｔ】様との		
	対戦ですね？		
1928	【ＰＯＤＤＤ】様との		
	対戦ですね？		
1938	func00_E_EVENT_START1	MAP_D_CAD_00 415	
1939	func00_E_EVENT_START2	MAP_D_CAD_00 417	
1947	func00_E_EVENT_END1	MAP_D_CAD_00 424	
1948	func00_E_EVENT_END2	MAP_D_CAD_00 425	
1951	そのリングネームは		
	使用されていないようです		X
	相手のリングネームを		
	ご確認なさってから		
	またいらしてください		
1955	了解しました		
	またおこしください		
1959	該当者がいます		
	今すぐ戦いますか？		
1975	現在、ＺＩＧ様宛の		
	挑戦は届いておりません		
1978	ＺＩＧ様宛の		
	挑戦が届いております		
	どうなさいますか？		
1980	どうしますか？	MAP_D_CAD_03 756	
1981	【ＥＮＦＥＲ】と戦う		
1982	やめる	MAP_I_GAN_00 316	
1994	【ＭＲ．Ｔ】と戦う		
2006	【ＰＯＤＤＤ】と戦う		
2063	現在、ＺＩＧ様宛の		
	挑戦は届いておりません		X
	ＺＩＧ様から		
	指名することもできますが		
	いかがなさいますか？		
2065	挑戦者を指名する		
2075	では相手のリングネームを		
	ご記入ください		
2182	func00_E_EVENT_START1	MAP_D_CAD_00 415	
2183	func00_E_EVENT_START2	MAP_D_CAD_00 417	
2186	ＺＩＧ様宛の挑戦状が		
	届いております		
2190	おれに？		
	…覚えがないな		
2194	リングネーム		
	【ＭＲ．Ｔ】様からの		
	挑戦です		
2198	【ＭＲ．Ｔ】…？		
	誰なんだ？		
2202	それをお伝えしては		
	リングネームの意味が		
	なくなってしまいます		X
	ただ、このお方は		
	過去に一度		
	闘技場を制したお方…		X
	圧倒的な強さと		
	人気を誇ったにも関わらず		X
	ある日を境に		
	全く出場しなくなった		
	お方なのです		
2206	それがどうしておれに？		
2210	あなた様の最近の		
	快進撃をご覧になって		
	挑みたくなったそうです		
2214	…なるほど	MAP_D_DNE_04 1086	
2218	お支度ができましたら		
	わたしにお声を		
	おかけください		X
	【ＭＲ．Ｔ】様は		
	かつての王者…		
	しっかりお支度ください		
2220	func00_E_EVENT_END1	MAP_D_CAD_00 424	
2221	func00_E_EVENT_END2	MAP_D_CAD_00 425	
2223	問題が起きているため		
	闘技場は閉鎖中です		X
	詳しくはとなりの受付嬢に		
	ご確認ください		
2225	闘技場再開に向けて		
	復旧作業をしております		
	しばらくお待ちください		
2228	ようこそ！		
	ガンドアが誇る武の聖地		
	【闘技場】へ！		X
	こちらでは特別対戦の		
	ご案内をしております		
2232	特別対戦？		
2236	はい		
	相手を指名して行う		
	特別な対戦です		X
	指名の際はリングネームが		
	使用されます		
2240	リングネーム？		
2244	ここだけで使う		
	特殊なあだ名…		
	といったとこでしょうか		X
	お客様、リングネームは		
	いかがなさいますか？		
2247	…………	MAP_D_CAD_00 242	
2250	…お名前は？		
2254	ジグだ	MAP_D_KOU_03 546	
2258	では【ＺＩＧ】で		
	登録させていただきます		X
	ＺＩＧ様宛の挑戦があるか		
	お調べいたしますので		
	わたしにお申し出ください		
2261	現在、機構主催の		
	特別バトル開催中です		X
	詳しくは隣の		
	受付嬢におたずねください		
2265	イベントトラップ配置	MAP_D_CAD_00 1413	
			
2266	闘技場案内嬢	Arena Guide	
2301	NPC01	MAP_D_CAD_00 1445	
			
2303	NPC02	MAP_D_CAD_00 1447	
			
2305	NPC03	MAP_D_CAD_00 1449	
			
2307	NPC04	MAP_D_CAD_00 1451	
