0	■■■ func00_DEBUG_SIGN ■■■	MAP_D_CAD_00 0	
			
1	！！！エラー検出用サブルーチンを通りました！！！	MAP_D_CAD_00 1	
			
2	イビノスシンボル配置しない。フラグ：	MAP_D_CAD_00 2	
4	イビノスシンボル配置する。フラグ：	MAP_D_CAD_00 4	
7	ランカーファイル情報更新	MAP_D_CAD_00 7	
			
8	->旧:	MAP_D_CAD_00 8	
9	 追加:	MAP_D_CAD_00 9	
10	 結果:	MAP_D_CAD_00 10	
12	ランク:	MAP_D_CAD_00 12	
15	ランカー戦勝利・戻り値：	MAP_D_CAD_00 15	
17	ランキング戦を申し込みますか？	MAP_D_CAD_00 17	
18	申し込む	MAP_D_CAD_00 18	
19	やめておく	MAP_D_CAD_00 19	
22	イビノスシンボル倒した。フラグON：	MAP_D_CAD_00 22	
25	イビノス戦：イベント終了？	MAP_D_CAD_00 25	
			
26	スクリプト：未知のモーションタイプが指定されました	MAP_D_CAD_00 26	
			
33	***振り向き判定ＰＣ***	MAP_D_CAD_00 33	
			
34	現在:cmn_r0:	MAP_D_CAD_00 34	
36	目標:cmn_r1:	MAP_D_CAD_00 36	
38	差分:cmn_r2:	MAP_D_CAD_00 38	
40	差分＾２:cmn_r3:	MAP_D_CAD_00 40	
42	閾値＾２:cmn_r4:	MAP_D_CAD_00 42	
44	->pc振り向きません	MAP_D_CAD_00 44	
			
45	->pc振り向きます	MAP_D_CAD_00 45	
			
47	***振り向き判定***	MAP_D_CAD_00 47	
			
48	現在:cmn_r0:	MAP_D_CAD_00 34	
50	目標:cmn_r1:	MAP_D_CAD_00 36	
52	差分:cmn_r2:	MAP_D_CAD_00 38	
54	差分＾２:cmn_r3:	MAP_D_CAD_00 40	
56	閾値＾２:cmn_r4:	MAP_D_CAD_00 42	
58	->npc振り向きません	MAP_D_CAD_00 58	
			
59	->npc振り向きます	MAP_D_CAD_00 59	
			
63	ロード待ち開始	MAP_D_CAD_00 63	
			
64	ロード待ち終了	MAP_D_CAD_00 64	
			
65	{15}0C{14}L00000000を	MAP_D_CAD_00 65	
	手に入れた		
66	{15}0E{14}L00000000を	MAP_D_CAD_00 66	
	手に入れた		
67	{15}0F{14}L00000000を	MAP_D_CAD_00 67	
	手に入れた		
68	{15}0D{14}L00000000を	MAP_D_CAD_00 68	
	手に入れた		
69	{15}10{14}L00000000を	MAP_D_CAD_00 69	
	手に入れた		
70	{15}12{14}L00000000を	MAP_D_CAD_00 70	
	手に入れた		
71	{15}11{14}L00000000を	MAP_D_CAD_00 71	
	手に入れた		
72	{15}13{14}L00000000を{1d}L00000001個	MAP_D_CAD_00 72	
	手に入れた		
73	{15}14{14}L00000000を{1d}L00000001個	MAP_D_CAD_00 73	
	手に入れた		
74	{15}14{14}L00000000を	MAP_D_CAD_00 74	
	手に入れた		
75	{15}1B{14}L00000000を	MAP_D_CAD_00 75	
	手に入れた		
76	{14}L00000000を	MAP_D_CAD_00 76	
	手に入れた		
77	{1d}L00000000Ｂを手に入れた	MAP_D_CAD_00 77	
			
78	num_calc：	MAP_D_CAD_00 78	
80	{15}0C{14}L00000000を	MAP_D_CAD_00 80	
	手渡した		
81	{15}0E{14}L00000000を	MAP_D_CAD_00 81	
	手渡した		
82	{15}0F{14}L00000000を	MAP_D_CAD_00 82	
	手渡した		
83	{15}0D{14}L00000000を	MAP_D_CAD_00 83	
	手渡した		
84	{15}10{14}L00000000を	MAP_D_CAD_00 84	
	手渡した		
85	{15}12{14}L00000000を	MAP_D_CAD_00 85	
	手渡した		
86	{15}11{14}L00000000を	MAP_D_CAD_00 86	
	手渡した		
87	{15}13{14}L00000000を{1d}L00000001個	MAP_D_CAD_00 87	
	手渡した		
88	{15}14{14}L00000000を{1d}L00000001個	MAP_D_CAD_00 88	
	手渡した		
89	{15}14{14}L00000000を	MAP_D_CAD_00 89	
	手渡した		
90	{15}1B{14}L00000000を	MAP_D_CAD_00 90	
	手渡した		
91	{14}L00000000を	MAP_D_CAD_00 91	
	手渡した		
			
92	■■ret0■■：	MAP_D_CAD_00 92	
96	■■ret■■：	MAP_D_CAD_00 96	
98	cmn_option:	MAP_D_CAD_00 98	
106	セーブポイント	MAP_D_CAD_00 106	
107	データ削除ユーティリティを起動します	MAP_D_CAD_00 107	
	ゲームプレイデータのセーブには		
	{1d}L00000001KB以上の空き容量が必要です		
108	ネックタイプ：	MAP_D_CAD_00 108	
110	首の初期化	MAP_D_CAD_00 110	
			
111	ネックタイプ：	MAP_D_CAD_00 108	
115	大橋が	MAP_D_CAD_00 115	
	トラベルマップで使用可能になりました		
116	下区：商業区が	MAP_D_CAD_00 116	
	トラベルマップで使用可能になりました		
117	下区：ランカー居住区が	MAP_D_CAD_00 117	
	トラベルマップで使用可能になりました		
118	下区：闘技場前が	MAP_D_CAD_00 118	
	トラベルマップで使用可能になりました		
119	タイロン租界が	MAP_D_CAD_00 119	
	トラベルマップで使用可能になりました		
120	バザルタ出張所前が	MAP_D_CAD_00 120	
	トラベルマップで使用可能になりました		
121	上区：噴水広場前が	MAP_D_CAD_00 121	
	トラベルマップで使用可能になりました		
122	バザルタ本部前が	MAP_D_CAD_00 122	
	トラベルマップで使用可能になりました		
123	フラグ・フィールド：	MAP_D_CAD_00 123	
125	フラグ・フィールド：	MAP_D_CAD_00 123	
127	ガンドアが	MAP_D_CAD_00 127	
	トラベルマップで使用可能になりました		
128	カンタレラが	MAP_D_CAD_00 128	
	トラベルマップで使用可能になりました		
129	トーロ荒地が	MAP_D_CAD_00 129	
	トラベルマップで使用可能になりました		
130	リブラ森林が	MAP_D_CAD_00 130	
	トラベルマップで使用可能になりました		
131	マイヤールの森が	MAP_D_CAD_00 131	
	トラベルマップで使用可能になりました		
132	ベリエ街道が	MAP_D_CAD_00 132	
	トラベルマップで使用可能になりました		
133	ドネイ回廊が	MAP_D_CAD_00 133	
	トラベルマップで使用可能になりました		
134	ウィルゴー砂漠が	MAP_D_CAD_00 134	
	トラベルマップで使用可能になりました		
135	カドモール水源が	MAP_D_CAD_00 135	
	トラベルマップで使用可能になりました		
136	カルキノス荒地が	MAP_D_CAD_00 136	
	トラベルマップで使用可能になりました		
137	ラ・キット遺跡が	MAP_D_CAD_00 137	
	トラベルマップで使用可能になりました		
138	レオン峡谷が	MAP_D_CAD_00 138	
	トラベルマップで使用可能になりました		
139	ソダー回廊が	MAP_D_CAD_00 139	
	トラベルマップで使用可能になりました		
140	ニシュラ氷河が	MAP_D_CAD_00 140	
	トラベルマップで使用可能になりました		
141	いにしえの回廊が	MAP_D_CAD_00 141	
	トラベルマップで使用可能になりました		
142	フィッシェ街道が	MAP_D_CAD_00 142	
	トラベルマップで使用可能になりました		
143	レゾナール海岸が	MAP_D_CAD_00 143	
	トラベルマップで使用可能になりました		
144	ケイロニア高原が	MAP_D_CAD_00 144	
	トラベルマップで使用可能になりました		
145	ケイロニア砦が	MAP_D_CAD_00 145	
	トラベルマップで使用可能になりました		
146	サルバトーレ離宮が	MAP_D_CAD_00 146	
	トラベルマップで使用可能になりました		
147	リストにないよ？	MAP_D_CAD_00 147	
			
148	_case:	MAP_D_CAD_00 148	
151	「討伐修練【低位１】」の	MAP_D_CAD_00 151	
	クリア条件を満たした！		
152	「討伐修練【低位２】」の	MAP_D_CAD_00 152	
	クリア条件を満たした！		
153	「討伐修練【低位３】」の	MAP_D_CAD_00 153	
	クリア条件を満たした！		
154	「討伐修練【低位４】」の	MAP_D_CAD_00 154	
	クリア条件を満たした！		
155	「討伐修練【低位５】」の	MAP_D_CAD_00 155	
	クリア条件を満たした！		
156	「討伐修練【中位１】」の	MAP_D_CAD_00 156	
	クリア条件を満たした！		
157	「討伐修練【中位２】」の	MAP_D_CAD_00 157	
	クリア条件を満たした！		
158	「討伐修練【高位１】」の	MAP_D_CAD_00 158	
	クリア条件を満たした！		
159	「討伐修練【高位２】」の	MAP_D_CAD_00 159	
	クリア条件を満たした！		
160	「薬草探しの代理人」の	MAP_D_CAD_00 160	
	クリア条件を満たした！		
161	「新商品開発の手伝い」の	MAP_D_CAD_00 161	
	クリア条件を満たした！		
162	「蒼の指環を求めて」の	MAP_D_CAD_00 162	
	クリア条件を満たした！		
163	「雪中の贈り物」の	MAP_D_CAD_00 163	
	クリア条件を満たした！		
164	「加護あることを祈って」の	MAP_D_CAD_00 164	
	クリア条件を満たした！		
165	「追想の白い花」の	MAP_D_CAD_00 165	
	クリア条件を満たした！		
166	「来れ、好運の使者！」の	MAP_D_CAD_00 166	
	クリア条件を満たした！		
167	「武術指南のお願い」の	MAP_D_CAD_00 167	
	クリア条件を満たした！		
168	「行方不明の従業員」の	MAP_D_CAD_00 168	
	クリア条件を満たした！		
169	「スキルチップ収集中」の	MAP_D_CAD_00 169	
	クリア条件を満たした！		
170	「盗難品の行方は」の	MAP_D_CAD_00 170	
	クリア条件を満たした！		
171	「資料集めのアシスタント」の	MAP_D_CAD_00 171	
	クリア条件を満たした！		
172	「河畔の生態系調査」の	MAP_D_CAD_00 172	
	クリア条件を満たした！		
173	「新人官吏を捕獲せよ」の	MAP_D_CAD_00 173	
	クリア条件を満たした！		
174	「黒い積荷の回収」の	MAP_D_CAD_00 174	
	クリア条件を満たした！		
175	「悪徳商売を抑止せよ」の	MAP_D_CAD_00 175	
	クリア条件を満たした！		
176	「新人ランカー襲撃事件」の	MAP_D_CAD_00 176	
	クリア条件を満たした！		
177	「優しい猛者、募集中」の	MAP_D_CAD_00 177	
	クリア条件を満たした！		
178	「異郷からきた尋ね人」の	MAP_D_CAD_00 178	
	クリア条件を満たした！		
179	「勇壮なる護衛の依頼」の	MAP_D_CAD_00 179	
	クリア条件を満たした！		
180	「赫の指環を求めて」の	MAP_D_CAD_00 180	
	クリア条件を満たした！		
181	「闘技場の害獣駆除」の	MAP_D_CAD_00 181	
	クリア条件を満たした！		
182	「回覧板配達人」の	MAP_D_CAD_00 182	
	クリア条件を満たした！		
183	「討伐修練【緊急】」の	MAP_D_CAD_00 183	
	クリア条件を満たした！		
184	「鉱物資源の収集【緊急】」の	MAP_D_CAD_00 184	
	クリア条件を満たした！		
185	「タリー石を探せ」の	MAP_D_CAD_00 185	
	クリア条件を満たした！		
186	「甘梅草を探せ」の	MAP_D_CAD_00 186	
	クリア条件を満たした！		
187	「衛兵の剣の没収」の	MAP_D_CAD_00 187	
	クリア条件を満たした！		
188	「衛兵の剣の返却」の	MAP_D_CAD_00 188	
	クリア条件を満たした！		
189	「森のイビノス駆除【重大】」の	MAP_D_CAD_00 189	
	クリア条件を満たした！		
190	「回廊のイビノス駆除【重大】」の	MAP_D_CAD_00 190	
	クリア条件を満たした！		
191	「七騎士認定修練【重大】」の	MAP_D_CAD_00 191	
	クリア条件を満たした！		
192	ガンドアが	MAP_D_CAD_00 192	
	トラベルマップで通行可能になりました		
193	ガンドアが	MAP_D_CAD_00 193	
	トラベルマップで通行不能になりました		
194	カンタレラが	MAP_D_CAD_00 194	
	トラベルマップで通行可能になりました		
195	カンタレラが	MAP_D_CAD_00 195	
	トラベルマップで通行不能になりました		
196	トーロ荒地が	MAP_D_CAD_00 196	
	トラベルマップで通行可能になりました		
197	トーロ荒地が	MAP_D_CAD_00 197	
	トラベルマップで通行不能になりました		
198	リブラ森林が	MAP_D_CAD_00 198	
	トラベルマップで通行可能になりました		
199	リブラ森林が	MAP_D_CAD_00 199	
	トラベルマップで通行不能になりました		
200	マイヤールの森が	MAP_D_CAD_00 200	
	トラベルマップで通行可能になりました		
201	マイヤールの森が	MAP_D_CAD_00 201	
	トラベルマップで通行不能になりました		
202	ベリエ街道が	MAP_D_CAD_00 202	
	トラベルマップで通行可能になりました		
203	ベリエ街道が	MAP_D_CAD_00 203	
	トラベルマップで通行不能になりました		
204	ドネイ回廊が	MAP_D_CAD_00 204	
	トラベルマップで通行可能になりました		
205	ドネイ回廊が	MAP_D_CAD_00 205	
	トラベルマップで通行不能になりました		
206	ウィルゴー砂漠が	MAP_D_CAD_00 206	
	トラベルマップで通行可能になりました		
207	ウィルゴー砂漠が	MAP_D_CAD_00 207	
	トラベルマップで通行不能になりました		
208	カドモール水源が	MAP_D_CAD_00 208	
	トラベルマップで通行可能になりました		
209	カドモール水源が	MAP_D_CAD_00 209	
	トラベルマップで通行不能になりました		
210	カルキノス荒地が	MAP_D_CAD_00 210	
	トラベルマップで通行可能になりました		
211	カルキノス荒地が	MAP_D_CAD_00 211	
	トラベルマップで通行不能になりました		
212	ラ・キット遺跡が	MAP_D_CAD_00 212	
	トラベルマップで通行可能になりました		
213	ラ・キット遺跡が	MAP_D_CAD_00 213	
	トラベルマップで通行不能になりました		
214	レオン峡谷が	MAP_D_CAD_00 214	
	トラベルマップで通行可能になりました		
215	レオン峡谷が	MAP_D_CAD_00 215	
	トラベルマップで通行不能になりました		
216	ソダー回廊が	MAP_D_CAD_00 216	
	トラベルマップで通行可能になりました		
217	ソダー回廊が	MAP_D_CAD_00 217	
	トラベルマップで通行不能になりました		
218	ニシュラ氷河が	MAP_D_CAD_00 218	
	トラベルマップで通行可能になりました		
219	ニシュラ氷河が	MAP_D_CAD_00 219	
	トラベルマップで通行不能になりました		
220	いにしえの回廊が	MAP_D_CAD_00 220	
	トラベルマップで通行可能になりました		
221	いにしえの回廊が	MAP_D_CAD_00 221	
	トラベルマップで通行不能になりました		
222	フィッシェ街道が	MAP_D_CAD_00 222	
	トラベルマップで通行可能になりました		
223	フィッシェ街道が	MAP_D_CAD_00 223	
	トラベルマップで通行不能になりました		
224	レゾナール海岸が	MAP_D_CAD_00 224	
	トラベルマップで通行可能になりました		
225	レゾナール海岸が	MAP_D_CAD_00 225	
	トラベルマップで通行不能になりました		
226	ケイロニア高原が	MAP_D_CAD_00 226	
	トラベルマップで通行可能になりました		
227	ケイロニア高原が	MAP_D_CAD_00 227	
	トラベルマップで通行不能になりました		
228	ケイロニア砦が	MAP_D_CAD_00 228	
	トラベルマップで通行可能になりました		
229	ケイロニア砦が	MAP_D_CAD_00 229	
	トラベルマップで通行不能になりました		
230	サルバトーレ離宮が	MAP_D_CAD_00 230	
	トラベルマップで通行可能になりました		
231	サルバトーレ離宮が	MAP_D_CAD_00 231	
	トラベルマップで通行不能になりました		
232	リストにないよ？	MAP_D_CAD_00 147	
			
233	フィールドの説明 ～基本操作～	MAP_D_KOU_00 233	
234	fld_tut_01_0	MAP_D_KOU_00 234	
235	フィールドの説明 ～セーブポイント～	MAP_D_KOU_00 235	X
	前方の球体がセーブポイントです		
	セーブポイントには		
	緑色と青色の２種類があります		X
	緑色のセーブポイントでは		
	記録のみ行うことができます		X
	青色のセーブポイントでは		
	記録だけでなく、触れることによって		
	ＨＰ・スキルの使用回数の回復ができます		
236	フィールドの説明 ～トラベルマップ～	MAP_D_KOU_00 236	X
	フィールド上で{15}05を押すと		
	トラベルマップメニューが開きます		
237	fld_tut_03_0	MAP_D_KOU_00 237	
238	トラベルマップでは、一度訪れたことの	MAP_D_KOU_00 238	
	ある場所へジャンプすることができます		
239	fld_tut_03_1	MAP_D_KOU_00 239	
240	リストから行き先を選んで{15}00を押すと	MAP_D_KOU_00 240	
	選択した場所へジャンプします		
241	fld_tut_03_2	MAP_D_KOU_00 241	
242	このとき、目的地への経路上で	MAP_D_KOU_00 242	
	イベントが発生した場合		
	イベント発生地点に強制的にジャンプします		
243	fld_tut_03_3	MAP_D_KOU_00 243	
244	状況によっては、トラベルマップが	MAP_D_KOU_00 244	
	使えなかったり、特定の場所に		
	ジャンプできないことがあります		
245	fld_tut_04_0	MAP_D_KOU_00 245	
246	キャンプメニューから	MAP_D_KOU_00 246	
	RANKERS FILE		
	を選択します		
247	キャンプメニュー	MAP_D_KOU_00 247	
	RANKERS FILE		
	の項目が解放されました		
248	fld_tut_04_1	MAP_D_KOU_00 248	
249	RANKERS FILE画面では	MAP_D_KOU_00 249	
	ジグが出会ったランカーを		
	一覧することができます		
250	修練の説明　～基本の流れ～	MAP_D_KOU_00 250	X
	１：依頼人に会い、参加報告をする		
	２：依頼の内容をこなす		
	３：依頼人に報告し、報奨をもらう		X
	修練をこなすと		
	お金や道具などの【報奨】を		
	もらうことができます		X
	機構が関係する修練の場合は		
	ランクアップが		
	報奨になることもあります		X
	修練は定期的に増えていくので		
	こまめに確認しましょう！		
251	fld_tut_06_0	MAP_D_KOU_00 251	
252	キャンプメニューから	MAP_D_KOU_00 252	
	TRIAL LOG		
	を選択します		
253	キャンプメニュー	MAP_D_KOU_00 253	
	TRIAL LOG		
	の項目が解放されました		
254	fld_tut_06_1	MAP_D_KOU_00 254	
255	TRIAL LOG画面では	MAP_D_KOU_00 255	
	修練板などで情報を得た修練を		
	一覧することができます		
256	fld_tut_06_2	MAP_D_KOU_00 256	
257	修練内容の詳細が確認できるほか	MAP_D_KOU_00 257	
	修練の進行状況が更新されます		
258	修練の説明　～依頼人の目印～	MAP_D_KOU_00 258	
259	fld_tut_07_0	MAP_D_KOU_00 259	
260	依頼人の頭上には	MAP_D_KOU_00 260	
	【ＣＬＩＥＮＴ】マークが出ます		
	それを目印にすると便利です		
261	ランカー同士が	MAP_D_KOU_00 261	
	互いのランクをかけて戦うのが		
	【ランキング戦】です		X
	ランクが低い方が勝てば		
	相手のランクを		
	奪うことができます		
262	ビンザーに勝利したので	MAP_D_KOU_00 262	
	ジグのランクが上がりました		X
	このように、ランカー同士が		
	互いのランクをかけて戦うのが		
	【ランキング戦】です		X
	ランクが低い方が勝てば		
	相手のランクを		
	奪うことができます		
263	fld_tut_08_0	MAP_D_KOU_00 263	
264	フィールド上のランカーには	MAP_D_KOU_00 264	
	{15}03で勝負を挑むことができます		X
	ただし、自分のランクが低いと		
	戦いを断られることもあります		
265	fld_tut_08_1	MAP_D_KOU_00 265	
266	戦いを挑めるランカーは	MAP_D_KOU_00 266	
	ランクにマークがついています		
267	フィールドの説明 ～イビノス～	MAP_D_KOU_00 267	
268	fld_tut_09_0	MAP_D_KOU_00 268	
269	フィールド上のイビノスは球体をしています	MAP_D_KOU_00 269	
	触れるとイビノスとのバトルが開始されます		
270	func00_C_EVENT_START1	MAP_D_CAD_00 233	
273	func00_C_EVENT_START2	MAP_D_CAD_00 238	
277	おい、そこの田舎者！	MAP_I_GAN_08 319	
282	…おれのことか？	MAP_I_GAN_08 324	
286	他に誰がいる	MAP_I_GAN_08 328	
	ガンドアは初めてだろ？		
290	…かもな	MAP_D_CAD_00 310	
294	初めての奴は	MAP_I_GAN_08 336	
	みんなそんな顔をするんだ		
298	ところでおまえ…	MAP_I_GAN_08 340	
	機構への登録希望者か？		
302	ああ	MAP_D_CAN_00 336	
306	推薦人は？	MAP_I_GAN_08 348	
310	まだだけど…	MAP_I_GAN_08 352	
	ポッドという衛兵を		
	知らないか？		
314	ゲ！	MAP_I_GAN_08 356	
	誰に聞いたんだよ…		
319	またかよ…	MAP_I_GAN_08 361	
	しょうがねえなあ…		
	くっそう…		X
	ああ、弱いおれが		
	悪いんだよ		
327	せいぜい踏み台に	MAP_I_GAN_08 369	
	してくれい！		
330	おれはジグ	MAP_I_GAN_08 372	
	よろしくな		
335	func00_C_EVENT_END1	MAP_D_CAD_00 372	
336	func00_C_EVENT_END2	MAP_D_CAD_00 377	
337	func00_BATTLE_EVENT	MAP_D_CAD_00 457	
345	func00_C_EVENT_START1	MAP_D_CAD_00 233	
347	func00_C_EVENT_START2	MAP_D_CAD_00 238	
349	弱い…	MAP_I_GAN_08 391	
352	ほっといてくれよ！	MAP_I_GAN_08 394	
	さあ、行くぞ		
354	ポッドとの戦いに勝利して	MAP_I_GAN_08 396	
	回復スキル「ヒーリング」		
	を習得しました		
355	btl_pit060	MAP_I_GAN_08 397	
356	戦闘中に{15}07を押しながら{15}03で	MAP_I_GAN_08 398	
	回復スキル「ヒーリング」を		
	使うことができます		X
	戦闘中はアイテムを		
	使うことができないので		
	ＨＰはスキルで回復しましょう		X
	このようにランカーを倒すと		
	そのランカーの持っている		
	スキルを手に入れることができます		
357	func00_C_EVENT_END1	MAP_D_CAD_00 372	
362	func00_C_EVENT_END1	MAP_D_CAD_00 372	
364	func00_C_EVENT_END2	MAP_D_CAD_00 377	
371	func00_C_EVENT_START1	MAP_D_CAD_00 233	
376	func00_C_EVENT_START2	MAP_D_CAD_00 238	
383	おい、そんなに	MAP_I_GAN_08 425	
	物珍しそうにすると		
	ナメられるぞ		
388	func00_C_EVENT_END1	MAP_D_CAD_00 372	
389	func00_C_EVENT_END2	MAP_D_CAD_00 377	
390	func00_C_EVENT_START1	MAP_D_CAD_00 233	
393	func00_C_EVENT_START2	MAP_D_CAD_00 238	
400	なあ、ジグ	MAP_I_GAN_08 442	
	あんた、どっから来た？		
404	…カンタレラ	MAP_I_GAN_08 446	
408	どこだ、それ…	MAP_I_GAN_08 450	
	まあ、いいや		X
	じゃあ、カンタレラのジグ		
	ちょっと待ってろ		
423	ジグ、こっちへ！	MAP_I_GAN_08 465	
430	ここで機構の制服に	MAP_I_GAN_08 472	
	着替えるんだ		X
	サイズは{17}02		
	うん、普通だな		X
	たぶん合うだろうよ		
443	いいじゃない！	MAP_I_GAN_08 485	
	いいじゃない！		X
	さて、あとは中へ入って		
	役人の指示に従ってくれ		
445	func00_C_EVENT_END1	MAP_D_CAD_00 372	
446	func00_C_EVENT_END2	MAP_D_CAD_00 377	
447	func00_C_EVENT_START1	MAP_D_CAD_00 233	
449	func00_C_EVENT_START2	MAP_D_CAD_00 238	
453	カンタレラから来た	MAP_I_GAN_08 495	
	登録希望者のジグだな？		
456	はい	MAP_D_CAD_00 432	
459	では、こちらへ	MAP_I_GAN_08 501	
470	サルバトーレのレン	MAP_I_GAN_08 512	
	カンタレラのジグ…		X
	決意と覚悟はよろしいか？		
475	はい！	MAP_D_LUK_00 1776	
477	はい	MAP_D_CAD_00 432	
479	では、宣誓を	MAP_I_GAN_08 521	
481	func00_C_EVENT_END1	MAP_D_CAD_00 372	
482	func00_C_EVENT_END2	MAP_D_CAD_00 377	
483	movie/EV01_02_0800A.pmf	MAP_I_GAN_08 525	
485	func00_C_EVENT_START1	MAP_D_CAD_00 233	
490	func00_C_EVENT_START2	MAP_D_CAD_00 238	
511	よう、ジグ	MAP_I_GAN_08 553	
	宣誓はうまくいったか？		
516	…たぶん	MAP_I_BAS_10 3704	
520	うん、おめでとう	MAP_I_GAN_08 562	X
	ところで…		
	レンって子が		
	一緒だっただろ？		X
	あの子、なんと		
	サルバトーレ王家の		
	末裔なんだとよ		
529	サルバトーレ？	MAP_I_GAN_08 571	
532	知らないのか？	MAP_I_GAN_08 574	
	サルバトーレは機構設立の		
	中心になった王家だよ		X
	大昔、ずっと大昔の		
	ハナシだけどな		X
	でもな、機構は実力本位の		
	組織だろ？		X
	なのにサルバトーレ家は		
	なかなか強い奴を		
	出せなくてな…		X
	結局、いつの間にか没落		X
	そのサルバトーレの末裔が		
	機構に登録したんだ		
	こりゃ噂になるぞ…		X
	へへ…		
	噂を流すのは		
	おれだけどな		X
	低位ランカーのひそかな		
	喜びさ		
548	んじゃ、宿舎に	MAP_I_GAN_08 590	
	案内してやるから…		X
	そうだった！		
	これを渡して		
	おかなくちゃ		
563	行ったことのある場所は	MAP_I_GAN_08 605	
	どんどんこの地図に		
	書き込んでいくんだ		X
	そうすりゃ次から		
	地図を見て移動すれば		
	楽ちん楽ちん		X
	ってわけで、まずは		
	宿舎の場所を覚えろ		X
	こっちだ		
573	func00_C_EVENT_END1	MAP_D_CAD_00 372	
575	func00_C_EVENT_END2	MAP_D_CAD_00 377	
576	func00_E_EVENT_START1	MAP_D_CAD_00 415	
579	func00_E_EVENT_START2	MAP_D_CAD_00 417	
582	ジグ！	MAP_D_CAD_00 615	
588	宿舎はこっちだぞ！	MAP_I_GAN_08 630	
591	func00_E_EVENT_END1	MAP_D_CAD_00 424	
594	func00_E_EVENT_END2	MAP_D_CAD_00 425	
595	func00_C_EVENT_START1	MAP_D_CAD_00 233	
598	func00_C_EVENT_START2	MAP_D_CAD_00 238	
601	さーて、ここが今日から	MAP_I_GAN_08 643	
	あんたの場所だ		X
	このベッドから全てが		
	始まるってわけだな		
608	…………	MAP_D_CAD_00 242	
611	そんな顔するな！	MAP_I_GAN_08 653	
	新入りと低位ランカーは		
	相部屋と決まってる		X
	ここが気に入らなきゃ		
	話は簡単		X
	戦って、勝って		
	ランクを上げればいい		
	この世はランクが全て		X
	ランクによって		
	寝る場所どころか		
	行ける場所だってちがう		X
	まずはとなりの宿舎の		
	個室を目指してみろよ		X
	個室は大部屋連中の		
	あこがれだ		
630	おれのベッドは	MAP_I_GAN_08 672	
	ここだから、よろしくな		
632	func00_C_EVENT_END1	MAP_D_CAD_00 372	
634	func00_C_EVENT_END2	MAP_D_CAD_00 377	
636	もしまだなら	MAP_I_GAN_08 678	
	下区広場へ行ってみろよ		X
	傭騎士募集公告板ってのが		
	あるんだ		
	通称、修練板な		X
	人が集まっているから		
	すぐにわかるよ		
637	func00_E_EVENT_START1	MAP_D_CAD_00 415	
639	func00_E_EVENT_START2	MAP_D_CAD_00 417	
641	げっ、ジグ、あんた…	MAP_I_GAN_02 237	
643	ちょっと顔を	MAP_I_GAN_02 239	
	見ないと思ったら		
	タイロン一家に！？		
645	そんなことのために	MAP_I_GAN_02 241	
	ガンドアへ来たのか？		
647	…プロポというのは…	MAP_I_GAN_02 243	
649	おれだけど？	MAP_I_GAN_02 245	
651	剣をよこせ	MAP_I_GAN_02 247	
653	ジグ…考え直せよ！	MAP_I_GAN_02 249	
655	プロポ、剣をよこせ	MAP_I_GAN_02 251	
657	わ、わかったよ	MAP_I_GAN_02 253	
659	田舎の両親が泣くぞ！	MAP_I_GAN_02 255	
661	そんなものはいない	MAP_I_GAN_02 257	
662	func00_E_EVENT_END1	MAP_D_CAD_00 424	
663	func00_E_EVENT_END2	MAP_D_CAD_00 425	
664	func00_E_EVENT_START1	MAP_D_CAD_00 415	
667	func00_E_EVENT_START2	MAP_D_CAD_00 417	
672	おかえり、ジグ…	MAP_I_GAN_02 268	
	あら？		
	浮かない顔してるね		
678	なあ、マキス	MAP_I_GAN_02 274	
	これで良かったのか？		
682	タイロン一家に	MAP_I_GAN_02 278	
	入ったこと？		
684	気持ちは分かるけど	MAP_I_GAN_02 280	
	大丈夫だよ、ジグ		
686	何事も経験だ	MAP_I_GAN_02 282	
	それに…		
691	まあ、修練板を	MAP_I_GAN_02 287	
	見てごらんよ		
694	func00_E_EVENT_END1	MAP_D_CAD_00 424	
695	func00_E_EVENT_END2	MAP_D_CAD_00 425	
696	func00_E_EVENT_START1	MAP_D_CAD_00 415	
697	func00_E_EVENT_START2	MAP_D_CAD_00 417	
698	func00_E_EVENT_END1	MAP_D_CAD_00 424	
699	func00_E_EVENT_END2	MAP_D_CAD_00 425	
700	func00_E_EVENT_START1	MAP_D_CAD_00 415	
704	func00_E_EVENT_START2	MAP_D_CAD_00 417	
707	おお、タイロン一家の方！	MAP_I_GAN_02 303	
	もしや…		
711	これを持ってきた	MAP_I_GAN_02 307	
716	ありがとうございます！	MAP_I_GAN_02 312	
720	確かに渡したぞ	MAP_I_GAN_02 316	
724	皆さんには本当にいつも	MAP_I_GAN_02 320	
	お世話になりっぱなしで…		
728	…その剣は、なんだ？	MAP_I_GAN_02 324	
732	おや、事情をご存知では	MAP_I_GAN_02 328	
	なかったのですか…		
734	この剣はうちの大事な	MAP_I_GAN_02 330	
	商品でございます		
736	それをバカ息子が	MAP_I_GAN_02 332	
	持ち出しましてね…		
738	武器は一流でも腕は三流	MAP_I_GAN_02 334	
	なんの役にも立ちません		
742	息子って…	MAP_I_GAN_02 338	
	衛兵のプロポか？		
746	はぁ…	MAP_I_GAN_02 342	
	自分で取り戻せば		
	いいんでしょうけどね…		
748	親子といえどもランクは	MAP_I_GAN_02 344	
	プロポが上です		
750	この世は強いことが正義…	MAP_I_GAN_02 346	
	どうしようもありません		
754	…かもな	MAP_D_CAD_00 310	
758	本当に感謝します	MAP_I_GAN_02 354	
	ええと…		
762	ジグだ	MAP_D_KOU_03 546	
766	ジグさん	MAP_I_GAN_02 362	
	ご恩は忘れませんよ		
768	それからタイロン様に	MAP_I_GAN_02 364	
	お伝え下さい		
770	武器屋がとても	MAP_I_GAN_02 366	
	感謝していたと		
773	func00_E_EVENT_END1	MAP_D_CAD_00 424	
775	func00_E_EVENT_END2	MAP_D_CAD_00 425	
776	func00_C_EVENT_START1	MAP_D_CAD_00 233	
780	func00_C_EVENT_START2	MAP_D_CAD_00 238	
784	おい、ジグ！	MAP_I_GAN_22 241	
	親方はどうしたんだ！？		
788	それが…	MAP_I_GAN_22 245	
793	んなバカな！	MAP_I_GAN_22 250	X
	親方はアンチの女を		
	追いかけて		
	いなくなったってのか？		X
	その上、その女に		
	やられた？		
	アホクサ…		
800	色じかけに	MAP_I_GAN_22 257	
	やられたか…		
804	ふざけるんじゃねえ！	MAP_I_GAN_22 261	
809	そう言えば…	MAP_I_GAN_22 266	
	タイロンとその女は		
	知り合いみたいだった		
815	もしかしてその女…	MAP_I_GAN_22 272	
	片目じゃねえのか？		
819	ああ	MAP_D_CAN_00 336	
823	なんだよおめえ	MAP_I_GAN_22 280	
	何を知ってるってんだ！		
828	な、なんにも	MAP_I_GAN_22 285	
	知らねえよ！		X
	夜中にふたりが		
	言い合いしてるのを		
	見ただけだ！		
833	なんで言わねえんだよ！	MAP_I_GAN_22 290	
837	んなこと	MAP_I_GAN_22 294	
	いいトシぶっこいた男が		
	ペラペラしゃべるかよ！		X
	それに、マキスの野郎が…		
	あいつが誰にも		
	言うなってよ		
843	そうだ！	MAP_I_GAN_22 300	
	マキスはどこへ		
	行きやがった！		
848	マキスも一緒に…	MAP_I_GAN_22 305	
853	けっ！	MAP_I_GAN_22 310	
	そういうことかよ！		
	なんだよなんだよ！		
861	ジグ…	MAP_I_GAN_22 318	
	おめえは信じても		
	いいんだな？		
864	ああ	MAP_D_CAN_00 336	
867	おめえにまで裏切られたら	MAP_I_GAN_22 324	
	おれは泣くぜ…		
868	func00_C_EVENT_END1	MAP_D_CAD_00 372	
870	func00_C_EVENT_END2	MAP_D_CAD_00 377	
871	func00_C_EVENT_START1	MAP_D_CAD_00 233	
875	func00_C_EVENT_START2	MAP_D_CAD_00 238	
878	タイロンさんが	MAP_I_GAN_22 335	
	いなくなったというのは		
	本当かの？		X
	我々を見捨てて		
	アンチに入ったのだとか		
883	誰から聞いたんだ？	MAP_I_GAN_22 340	
888	func00_C_EVENT_END1	MAP_D_CAD_00 372	
890	func00_C_EVENT_END2	MAP_D_CAD_00 377	
893	func00_B_EVENT_START1	MAP_D_CAD_00 459	
905	func00_B_EVENT_START2	MAP_D_CAD_00 465	
906	下がれ！	MAP_I_GAN_22 363	
907	タイロン一家は租界から	MAP_I_GAN_22 364	
	出てはならぬ！		
913	誰の命令だ	MAP_I_GAN_22 370	
914	わたしですよ	MAP_I_GAN_22 371	
917	七騎士のユーリです	MAP_I_GAN_22 374	
921	タイロン問題に関して	MAP_I_GAN_22 378	
924	機構から一任されましてね	MAP_I_GAN_22 381	
930	タイロンの留守を	MAP_I_GAN_22 387	
	預かっているのは誰ですか？		
934	おれだ	MAP_I_GAN_22 391	
941	あなたはそういう器では	MAP_I_GAN_22 398	
	ありませんね		
942	思うに…	MAP_I_GAN_22 399	
943	カンタレラのジグ？	MAP_I_GAN_22 400	
944	そうだ…	MAP_I_GAN_22 401	
	カンタレラは捨てたけどな		
945	あなたと話すことに	MAP_I_GAN_22 402	
	しましょうか		
948	タイロンの謀反のことは	MAP_I_GAN_22 405	
	前々から知っていましたね？		
950	いや	MAP_I_BAS_01 298	
951	あなたはずいぶんと	MAP_I_GAN_22 408	
955	気に入られていたと聞いていますが…	MAP_I_GAN_22 412	
956	…かもな	MAP_D_CAD_00 310	
960	タイロンはあなたの	MAP_I_GAN_22 417	
	出自を知っていた？		
961	だから自分の	MAP_I_GAN_22 418	
	配下にしたのでしょうか？		
962	そんなこと、おれにはわからない	MAP_I_GAN_22 419	
964	アンチの女…イゴリダと	MAP_I_GAN_22 421	
	会ったのは何度目です？		
966	たしか…	MAP_I_GAN_22 423	
969	ほう！　初めてではない！	MAP_I_GAN_22 426	
970	何度も会っていた、と	MAP_I_GAN_22 427	
971	そういう意味じゃない！	MAP_I_GAN_22 428	
972	どういう意味でしょうね？	MAP_I_GAN_22 429	
976	なんも聞いてねえぞ	MAP_I_GAN_22 433	
979	報告するようなことは…	MAP_I_GAN_22 436	
980	何もありませんでしたか	MAP_I_GAN_22 437	
985	あなたの言葉は	MAP_I_GAN_22 442	
	とても信用できません		
991	どうしろと言うんだ？	MAP_I_GAN_22 448	
992	困りましたね…	MAP_I_GAN_22 449	
993	とにかくおれは何も知らない	MAP_I_GAN_22 450	
996	ふむ…	MAP_I_GAN_22 453	
997	我らはすべて機構の	MAP_I_GAN_22 454	
	掟のもとで生きる身		
998	我々らしく決着を	MAP_I_GAN_22 455	
	付けるというのはどうでしょうね		
1000	強さによって身の証をたてなさい	MAP_I_GAN_22 457	
1002	…いいだろう	MAP_D_SAB_00 727	
1004	相手はわたしではありません	MAP_I_GAN_22 461	
1007	さあ、ジグ	MAP_I_GAN_22 464	
	戦いの準備を！		
1008	func00_B_EVENT_END1	MAP_D_CAD_00 522	
1027	func00_B_EVENT_END2	MAP_D_CAD_00 527	
1030	func00_BATTLE_EVENT	MAP_D_CAD_00 457	
1032	func00_B_EVENT_START1	MAP_D_CAD_00 459	
1044	func00_B_EVENT_START2	MAP_D_CAD_00 465	
1045	では、あなたの相手を紹介しましょう	MAP_I_GAN_22 502	
1049	もうひとり身の証を	MAP_I_GAN_22 506	
	たてなくてはならない者がいるのです		
1052	ファズ！	MAP_D_LUK_00 2075	
1055	ファズ、生きていたんだな！	MAP_I_GAN_22 512	
1056	この男は勝利によって	MAP_I_GAN_22 513	
	機構への忠誠心を見せねばなりません		
1060	あなたと同じです	MAP_I_GAN_22 517	
	幾千の言葉も信じてはもらえない		
1063	不幸ですね…	MAP_I_GAN_22 520	
1064	でも、仕方がありません	MAP_I_GAN_22 521	
1066	アンチの一族から来たのですから	MAP_I_GAN_22 523	
1069	ファズ！？	MAP_D_CAD_00 726	
1070	ハーッ！	MAP_D_DNE_00 302	
1075	なぜだ！？	MAP_I_GAN_22 532	
1091	func00_B_EVENT_END1	MAP_D_CAD_00 522	
1095	func00_B_EVENT_END2	MAP_D_CAD_00 527	
1096	func00_B_EVENT_START1	MAP_D_CAD_00 459	
1111	func00_B_EVENT_START2	MAP_D_CAD_00 465	
1112	…なぜだ	MAP_I_GAN_22 569	
1113	自分が出て行くだけでは	MAP_I_GAN_22 570	
	飽きたらずに…		
1114	カンタレラが反機構活動を	MAP_I_GAN_22 571	
	しているなどと…		
1117	何を言ってるんだ？	MAP_D_SAL_00 298	
1120	おれはこれほど誰かを	MAP_I_GAN_22 577	
	憎いと思ったことはない		
1121	ふふふふ…	MAP_I_GAN_22 578	
1125	さあ、ジグ、どうしますか？	MAP_I_GAN_22 582	
1126	もう決着はついている	MAP_I_GAN_22 583	
1128	これはランキング戦ではない！	MAP_I_GAN_22 585	
1133	おれは生きのびてやる	MAP_I_GAN_22 590	
1138	そこまで！	MAP_I_GAN_22 595	
1139	ひひっ！	MAP_D_CAN_00 735	
1143	これは失礼…	MAP_I_GAN_22 600	
1144	実に惜しい…	MAP_I_GAN_22 601	
1145	一度きりで終わらせるには	MAP_I_GAN_22 602	
	実に惜しい…		
1146	ふむ…	MAP_I_GAN_22 453	
1147	いいでしょう	MAP_I_BAS_07 1542	
1150	タイロンの不祥事の件…	MAP_I_GAN_22 607	
1151	わたしの権限でなんとか	MAP_I_GAN_22 608	
	穏便に収めましょう		
1155	条件は…	MAP_I_GAN_22 612	
1156	そうですね	MAP_I_GAN_22 613	
1163	タイロン一家の解散…	MAP_I_GAN_22 620	
1167	そして租界からの退去…	MAP_I_GAN_22 624	
1169	これくらいに	MAP_I_GAN_22 626	
	しておきましょうか		
1170	なーに、礼には	MAP_I_GAN_22 627	
	およびませんよ		
1174	さあ、ファズ	MAP_I_GAN_22 631	
1175	来なさい	MAP_I_GAN_22 632	
1176	これからのことを	MAP_I_GAN_22 633	
	じっくり話し合わなければ		
1179	強くなっててっぺんに	MAP_I_GAN_22 636	
	立ちたいと言ってたな		
1181	せいぜい、励むがいいさ	MAP_I_GAN_22 638	
1182	おれは地の底から	MAP_I_GAN_22 639	
	おまえを憎み続けてやる		
1185	ファズ、誤解だ	MAP_I_GAN_22 642	
1186	おれはカンタレラを	MAP_I_GAN_22 643	
	売ったりはしていない！		
1189	ひひっ！	MAP_I_GAN_22 646	
	いやいや、どうでしょう		
1190	あなたが現れるまで	MAP_I_GAN_22 647	
1191	カンタレラのことは	MAP_I_GAN_22 648	
	皆、忘れていましたから		
1193	func00_B_EVENT_END1	MAP_D_CAD_00 522	
1206	func00_B_EVENT_END2	MAP_D_CAD_00 527	
1207	func00_E_EVENT_START1	MAP_D_CAD_00 415	
1208	func00_E_EVENT_START2	MAP_D_CAD_00 417	
1210	ファズってのは	MAP_I_GAN_22 667	
	カンタレラ時代の		
	ダチなんだろ？		
1212	それでもやっぱり	MAP_I_GAN_22 669	
	きっちりケリを		
	つけるべきだったな		
1214	おれたちみんな…	MAP_I_GAN_22 671	
	おめえの覚悟を		
	信じたかったぜ…		
1215	func00_E_EVENT_END1	MAP_D_CAD_00 424	
1216	func00_E_EVENT_END2	MAP_D_CAD_00 425	
1217	func00_C_EVENT_START1	MAP_D_CAD_00 233	
1220	func00_C_EVENT_START2	MAP_D_CAD_00 238	
1226	よう、ジグ	MAP_I_GAN_22 683	
	タイロン一家の話は		
	聞いてるぞ		X
	へん！　いい気味だ！		
1232	待てよ	MAP_D_CAD_00 632	
1236	行くとこないんだろ？	MAP_I_GAN_22 693	
	良かったら、あの宿舎へ		
	戻って来いよ		X
	新入りの場所が		
	空いているからさ		X
	あんたなら大丈夫だって		
	宿舎のみんなには		
	言っておいた		
1240	ポッド…	MAP_I_GAN_22 697	
1245	おれってお人好し	MAP_I_GAN_22 702	
	すぎるよな		
1249	func00_C_EVENT_END1	MAP_D_CAD_00 372	
1251	func00_C_EVENT_END2	MAP_D_CAD_00 377	
1252	func00_C_EVENT_START1	MAP_D_CAD_00 233	
1258	func00_C_EVENT_START2	MAP_D_CAD_00 238	
1268	おい、おまえ…	MAP_I_GAN_22 725	
1273	タイロン一家のジグだろ？	MAP_I_GAN_22 730	
	噂は聞いてるぞ		
1277	故郷、機構、タイロン一家	MAP_I_GAN_22 734	
	何を裏切ったって		
	おまえの勝手だ		
1281	でもな、ポッドを	MAP_I_GAN_22 738	
	裏切ることだけは		
	おれたちが許さねえ		
1285	どんなにランクが上でも	MAP_I_GAN_22 742	
	おれたち全員の相手は		
	難しいと思うぜ？		
1289	…ああ、わかった	MAP_D_SAB_00 417	
1293	おれたちはみんなポッドに	MAP_I_GAN_22 750	
	推薦してもらって		
	機構に入ったんだ		
1297	おまえだってそうだろう？	MAP_I_GAN_22 754	
1303	あれ！？　どした？	MAP_I_GAN_22 760	
	もめてるのか！？		
1311	まさか！	MAP_I_GAN_22 768	
	歓迎してたのよ		
1316	ああ、なんでもない	MAP_I_GAN_22 773	
	また世話になるよ		
1320	うん…	MAP_I_GAN_22 777	
1323	じゃあ、ゆっくりしてくれ	MAP_I_GAN_22 780	
	…って、別におれの家じゃ		
	ないけどな！		
1337	おれは誰も裏切ったりは	MAP_I_GAN_22 794	
	していない！		
1339	func00_C_EVENT_END1	MAP_D_CAD_00 372	
1342	func00_C_EVENT_END2	MAP_D_CAD_00 377	
1348	よぉ、お目覚めか？	MAP_I_GAN_22 805	
1353	…ああ	MAP_D_CAN_04 784	
1357	ポッドが心配してたから	MAP_I_GAN_22 814	
	顔を見せに行けよ		
	元気な顔見せによ		X
	うそでもいいから		
	元気な顔だぞ		X
	おまえはどうでもいいが		
	ポッドに心配かけるなよ		
1361	…どこにいる？	MAP_I_GAN_22 818	
1365	さあな	MAP_I_GAN_22 822	
	大橋でいつもの		
	衛兵修練じゃないのか		
1370	func00_C_EVENT_START1	MAP_D_CAD_00 233	
1376	func00_C_EVENT_START2	MAP_D_CAD_00 238	
1382	おまえがマキスに	MAP_I_GAN_22 839	
	情報を流していたことは		
	わかっている		
1386	奴から連絡があったら	MAP_I_GAN_22 843	
	おれに言え		
	わかったな？		
1389	…………	MAP_D_CAD_00 242	
1392	返事は？	MAP_I_GAN_22 849	
1395	…………	MAP_D_CAD_00 242	
1399	もう少し	MAP_I_GAN_22 856	
	痛めつけておけ		
1406	ファズ、やめろ！	MAP_I_GAN_22 863	
1412	おやおや…	MAP_I_GAN_22 869	X
	そういえばおまえも		
	マキスと親しかった		
	らしいな		X
	マキスから連絡が		
	あったら…		
1416	その時は	MAP_I_GAN_22 873	
	まず、おれが話す		
1420	いいだろう	MAP_I_GAN_22 877	
	だが、その後、殺せ		
1424	ファズ、おまえ…	MAP_I_GAN_22 881	
1428	変わったか？	MAP_I_GAN_22 885	
	ふん、誰のせいだろうな		
1431	…………	MAP_I_GAN_22 888	X
	そうだ、ファズ		
	ミシーは無事なのか？		
1435	おまえにはその名を	MAP_I_GAN_22 892	
	口にする権利などない！		
1440	ファズ…	MAP_I_GAN_22 897	
	おまえもそれ以上は		
	しゃべるな		
1443	ふん…	MAP_D_SIN_02 392	
1449	func00_C_EVENT_END1	MAP_D_CAD_00 372	
1453	マスター	MAP_I_GAN_22 910	
1455	つぶやく女性	MAP_I_GAN_22 912	
1457	嫌悪する男性	MAP_I_GAN_22 914	
1460	func00_C_EVENT_END2	MAP_D_CAD_00 377	
1461	func00_E_EVENT_START1	MAP_D_CAD_00 415	
1464	func00_E_EVENT_START2	MAP_D_CAD_00 417	
1467	大丈夫か？	MAP_D_KOU_03 665	
1474	かまうな…	MAP_I_GAN_22 931	
	巻き込まれるぞ…		
1479	…………	MAP_D_CAD_00 242	
1483	どこかへ行くつもり	MAP_I_GAN_22 940	
	だったんじゃないのか？		
1488	…ああ	MAP_I_GAN_22 945	
	ちょっと大橋へ		
1493	だったら、さっさと行け	MAP_I_GAN_22 950	X
	…人生は思うほど		
	長くはないぞ		
	より道はほどほどにな		
1497	func00_E_EVENT_END1	MAP_D_CAD_00 424	
1500	func00_E_EVENT_END2	MAP_D_CAD_00 425	
1501	func00_E_EVENT_START1	MAP_D_CAD_00 415	
1502	func00_E_EVENT_START2	MAP_D_CAD_00 417	
1504	おれたち、親方に	MAP_I_GAN_22 961	
	捨てられちまったな…		
1506	けっ…	MAP_I_GAN_22 963	
	おまえが来るまでは		
	楽しかったぜ…		
1508	いつかあの租界を	MAP_I_GAN_22 965	
	取り戻してみせるぜ…		
1510	親方には一生	MAP_I_GAN_22 967	
	ついて行こうと		
	思ってたのになぁ		
1511	func00_E_EVENT_END1	MAP_D_CAD_00 424	
1512	func00_E_EVENT_END2	MAP_D_CAD_00 425	
1513	func00_C_EVENT_START1	MAP_D_CAD_00 233	
1515	func00_C_EVENT_START2	MAP_D_CAD_00 238	
1518	調子はどうだ、ジグ	MAP_I_GAN_22 975	
1522	どうかな…	MAP_I_GAN_22 979	
1528	何があってもこの世界は	MAP_I_GAN_22 985	
	変わらない		X
	結局、修練に参加して		
	ランカーと戦って		
	強くなるしかない		X
	世界が変わらないなら		
	自分が強くなって		
	変わらなくちゃ		X
	って、おれが言っても		
	説得力ゼロか…		
1535	いや…	MAP_I_GAN_22 992	
	そんなことはない		X
	その通りだと思う		
1541	だったら…	MAP_I_GAN_22 998	X
	そのタイロン一家の証は		
	はずした方が		
	いいんじゃない？		
1545	func00_C_EVENT_END1	MAP_D_CAD_00 372	
1546	13	MAP_I_GAN_22 1003	
1548	func00_C_EVENT_END2	MAP_D_CAD_00 377	
1549	func00_C_EVENT_START1	MAP_D_CAD_00 233	
1550	func00_C_EVENT_START2	MAP_D_CAD_00 238	
1551	カドモール行きの修練を受ける		
1552	func00_C_EVENT_END1	MAP_D_CAD_00 372	
1553	func00_C_EVENT_END2	MAP_D_CAD_00 377	
1554	func00_C_EVENT_START1	MAP_D_CAD_00 233	
1555	func00_C_EVENT_START2	MAP_D_CAD_00 238	
1556	街を出る前にポッドと戦闘		
1557	カンタレラのジグ	MAP_D_CAD_04 1076	
1558	ZIG	MAP_D_CAD_04 1077	
1559	世界最弱の男 ポッド		
1560	POD THE LOWER RANKER		
1561	func00_C_EVENT_END1	MAP_D_CAD_00 372	
1562	func00_C_EVENT_END2	MAP_D_CAD_00 377	
1563	func00_BATTLE_EVENT	MAP_D_CAD_00 457	
1564	func00_C_EVENT_START2	MAP_D_CAD_00 238	
1565	ポッドに勝つと街から出られる		
1566	func00_C_EVENT_END1	MAP_D_CAD_00 372	
1567	func00_C_EVENT_END2	MAP_D_CAD_00 377	
1568	func00_E_EVENT_START1	MAP_D_CAD_00 415	
1572	func00_E_EVENT_START2	MAP_D_CAD_00 417	
1575	おっ、さっそく修練を	Hurry up and accept the mission!	
	受けるんだな！		
1577	修練「衛兵の剣の没収」	Participate in training	
	に参加しますか？	mission "Seize Sentinel's	
		Sword"?	
1578	参加する	MAP_D_CAD_00 919	
1579	参加しない	MAP_D_CAD_00 920	
1584	よしよし	That's what I wanted to hear!	
	そうこなくちゃな！		
1588	衛兵の剣を奪えって	What do you mean by "confiscate the sentinel's sword?."	
	どういうことだ？		
1592	どういうことも何も	Do you really need to know why you're doing this?	
	聞いたままじゃねぇか		
1594	大橋の衛兵の中に	There's a soldier named Propo stationed at the big bridge.	
	プロポって男がいる		
1596	そいつの使ってる剣を	Find him and take the sword he's using.	
	取ってくるんだ		
1600	これくらい	Show me how good you really are!	
	ちゃちゃっと片付けて		
	みせろよ！		
1602	func00_E_EVENT_END1	MAP_D_CAD_00 424	
1604	func00_E_EVENT_END2	MAP_D_CAD_00 425	
1607	はぁ？　ジグよぉ		
	そんなんじゃだめだぜ		
1609	func00_E_EVENT_END1	MAP_D_CAD_00 424	
1610	func00_E_EVENT_END2	MAP_D_CAD_00 425	
1611	func00_E_EVENT_START1	MAP_D_CAD_00 415	
1614	func00_E_EVENT_START2	MAP_D_CAD_00 417	
1618	げっ、ジグ、あんた…	MAP_I_GAN_02 237	
1621	ちょっと顔を	MAP_I_GAN_02 239	
	見ないと思ったら		
	タイロン一家に！？		
1623	そんなことのために	MAP_I_GAN_02 241	
	ガンドアへ来たのか？		
1627	…プロポというのは…	MAP_I_GAN_02 243	
1631	おれだけど？	MAP_I_GAN_02 245	
1636	剣をよこせ	MAP_I_GAN_02 247	
1640	ジグ…考え直せよ！	MAP_I_GAN_02 249	
1644	プロポ、剣をよこせ	MAP_I_GAN_02 251	
1648	なんだよ、あんた…	Who do you think you are? If you want my sword, you'll have to take it by force.	
	そんなに欲しかったら		
	力ずくで…		
1654	ジグ！？	Zig!?	
1658	ふん	Hmph. I'm not scared of the Tylong Family!	
	タ、タイロン一家なんて		
	こ、怖くないぞ！		
1663	おりゃ！	Face me!	
1668	わ、わかったよ	F-fine. Will you leave me alone if I hand over my sword?	
	剣を渡せばいいんだろ？		
1676	ジグ！！	Your parents would cry if they saw this!	
	田舎の両親が泣くぞ！		
1679	そんなものはいない	MAP_I_GAN_02 257	
1681	func00_E_EVENT_END1	MAP_D_CAD_00 424	
1682	func00_E_EVENT_END2	MAP_D_CAD_00 425	
1683	func00_E_EVENT_START1	MAP_D_CAD_00 415	
1687	func00_E_EVENT_START2	MAP_D_CAD_00 417	
1690	お、持ってこれた	Looks like you brought it.	
	じゃねぇか		
1695	それ、どうするんだ？	What are you going to do with it?	
1699	さぁて	You'll find out soon enough.	
	どうするだろうな？		
1704	ま、次の修練も	Good luck on your next mission!	
	がんばれよ！		
1707	…………	MAP_D_CAD_00 242	
1708	func00_E_EVENT_END1	MAP_D_CAD_00 424	
1710	func00_E_EVENT_END2	MAP_D_CAD_00 425	
1711	func00_E_EVENT_START1	MAP_D_CAD_00 415	
1717	func00_E_EVENT_START2	MAP_D_CAD_00 417	
1722	討伐には失敗したけど	MAP_I_BAS_07 2131	
	とにかくタイロンに		
	報告しなくちゃね		
1726	…ああ	MAP_D_CAN_04 784	
1728	func00_E_EVENT_END1	MAP_D_CAD_00 424	
1730	func00_E_EVENT_END2	MAP_D_CAD_00 425	
1731	func00_E_EVENT_START1	MAP_D_CAD_00 415	
1734	func00_E_EVENT_START2	MAP_D_CAD_00 417	
1736	…ふん	MAP_I_BAS_07 2145	X
	状況はわかった		
	アンチの女か…		
1740	よし、ジグっち	MAP_I_BAS_07 2149	
	もう行っていいぞ		X
	次は失敗しねえように		
	せいぜい鍛えとけよ		
1741	func00_E_EVENT_END1	MAP_D_CAD_00 424	
1742	func00_E_EVENT_END2	MAP_D_CAD_00 425	
1743	func00_E_EVENT_START1	MAP_D_CAD_00 415	
1746	func00_E_EVENT_START2	MAP_D_CAD_00 417	
1749	カドモール水源にいた	MAP_I_BAS_07 2158	
	鎧の男…		X
	強かったな…		
	歯が立たなかった…		X
	おれは本当に		
	強くなっているのか？		X
	…………		X
	考えても仕方がない…		
	とにかく修練だ		X
	強くなるには		
	それしかない…		
1753	func00_E_EVENT_END1	MAP_D_CAD_00 424	
1755	func00_E_EVENT_END2	MAP_D_CAD_00 425	
1756	func00_E_EVENT_START1	MAP_D_CAD_00 415	
1763	func00_E_EVENT_START2	MAP_D_CAD_00 417	
1771	…タイロン？	MAP_I_BAS_07 2180	
	どうしてこんなところに？		
1775	ああ、おまえか…	MAP_I_BAS_07 2184	X
	おれっちは野暮用だ		
	おまえが気にするような		
	ことじゃねえ		X
	おまえこそ		
	上区に用事か？		
1778	いや、そういうわけじゃ…	MAP_I_BAS_07 2187	
1782	はっきりしねえな…	MAP_I_BAS_07 2191	
	おれっちはそういう返事が		
	大嫌いだ！		X
	いいか、暇なら		
	上区の噴水広場前に		
	行ってこい		X
	んで、そこのランカーを		
	思い切りぶちのめせ！		
1786	上区のランカーを…？	MAP_I_BAS_07 2195	
1790	おまえなら	MAP_I_BAS_07 2199	
	全く敵わねえってことも		
	ないだろうよ		X
	偉そうにしてるヤツらに		
	タイロン一家の恐ろしさを		
	思い知らせてやれ		
1794	…ああ	MAP_D_CAN_04 784	
1801	ただし、弓使いには	MAP_I_BAS_07 2210	
	注意するこった		X
	おれっちほどの		
	鋼の肉体があれば		
	問題ねえけどよ		X
	おまえじゃ		
	ちっと苦労するかもな		
1804	…………	MAP_D_CAD_00 242	
1808	なに、心配なら	MAP_I_BAS_07 2217	
	体を強化する技でも		
	覚えりゃいい		X
	確か上区には		
	ゴツい厚化粧男がいた		
	そいつをあたってみな		
1813	ゴツい…厚化粧男…？	MAP_I_BAS_07 2222	
1818	行きゃわかる	MAP_I_BAS_07 2227	
	…んじゃ、おれっちは		
	帰るからな		X
	上区のヤツらに		
	一泡吹かせてから		
	帰ってこいよ！		
1823	func00_E_EVENT_END1	MAP_D_CAD_00 424	
1825	func00_E_EVENT_END2	MAP_D_CAD_00 425	
1826	func00_E_EVENT_START1	MAP_D_CAD_00 415	
1831	func00_E_EVENT_START2	MAP_D_CAD_00 417	
1835	…少しは気が晴れたか？	MAP_I_BAS_07 2244	
1839	帰ったんじゃ	MAP_I_BAS_07 2248	
	なかったのか？		
1844	ま、ちっとな…	MAP_I_BAS_07 2253	
	それよりおまえは		
	どうなんだ？		
1848	おれは…大丈夫だ	MAP_I_BAS_07 2257	
1853	ならいい	MAP_I_BAS_07 2262	X
	あいつらが騒ぐから		
	様子を見に来てやったが…		
	余計な心配だったな		
1859	何の話だ？	MAP_D_SIN_00 1051	
1864	なんでもねえよ	MAP_I_BAS_07 2273	
	んじゃ、おれは今度こそ		
	帰るからな		X
	おまえは修練か？		
	適当に切り上げて		
	晩飯までには戻れよ		
1868	func00_E_EVENT_END1	MAP_D_CAD_00 424	
1871	func00_E_EVENT_END2	MAP_D_CAD_00 425	
1872	func00_E_EVENT_START1	MAP_D_CAD_00 415	
1873	func00_E_EVENT_START2	MAP_D_CAD_00 417	
1875	アンチに機構…	MAP_I_GAN_02 1186	X
	…………		X
	おれも帰るか		
1876	func00_E_EVENT_END1	MAP_D_CAD_00 424	
1877	func00_E_EVENT_END2	MAP_D_CAD_00 425	
1878	func00_E_EVENT_START1	MAP_D_CAD_00 415	
1883	func00_E_EVENT_START2	MAP_D_CAD_00 417	
1891	あ、ジグ！	MAP_I_GAN_02 1202	
	闘技場の話きいた！？		
1895	闘技場？	MAP_I_GAN_02 1206	
1899	なんでも、機構主催で	MAP_I_GAN_02 1210	
	大きな大会が		
	開かれるんだってさ		X
	優勝賞品はなんと		
	ランク９５位！		
1904	すげえよな…！	MAP_I_GAN_02 1215	
	ジグならいいとこまで		
	いけるんじゃないか？		
1908	そうそう、参加してきなよ	MAP_I_GAN_02 1219	
	１００位入りなんて		
	めったにないチャンスだよ		X
	大会は明日開催で		
	当日の参加も		
	受け付けてるってさ		
1913	１００位入りか…	MAP_I_GAN_02 1224	
1915	func00_E_EVENT_END1	MAP_D_CAD_00 424	
1918	func00_E_EVENT_END2	MAP_D_CAD_00 425	
1919	func00_E_EVENT_START1	MAP_D_CAD_00 415	
1930	func00_E_EVENT_START2	MAP_D_CAD_00 417	
1939	くぅ、負けた！	MAP_I_GAN_02 1250	
	結構いい感じで		
	勝ち上がってたのによ		
1942	参加者が多いからなぁ	MAP_I_GAN_02 1253	
	最後までいくのは		
	難しいと思うぜ		
1945	…なあ、これだけ多いと	MAP_I_GAN_02 1256	
	アンチが混じってても		
	気付かないよな		X
	あのタイロンまで		
	アンチだったって話だし		
	有り得るだろ？		
1948	変な話するなよ	MAP_I_GAN_02 1259	
	おれはアンチが嫌いなんだ		
1951	あんな得体の知れない連中	MAP_I_GAN_02 1262	
	誰も好かねえよ！		X
	機構についてりゃ安泰		
	七騎士様万歳だぜ		
1957	…………	MAP_D_CAD_00 242	
1958	func00_E_EVENT_END1	MAP_D_CAD_00 424	
1961	func00_E_EVENT_END2	MAP_D_CAD_00 425	
1962	func00_E_EVENT_START1	MAP_D_CAD_00 415	
1971	func00_E_EVENT_START2	MAP_D_CAD_00 417	
1974	戦侯機構プレゼンツ	MAP_I_GAN_02 1285	
	ザ・９５マッチ！		X
	奇跡の報奨ランクを掛けた		
	このトーナメントも		
	いよいよ大詰めだ！		X
	次の挑戦者は		
	ランク急上昇の猛者ジグ！		
	満を持しての登場だ！		X
	対するは武者修行から		
	帰ってきた暴走娘		
	鋼の腕っ節、ベティ！		
1980	修行の成果	MAP_I_GAN_02 1291	
	試させてもらうぜ！		
1986	勝者ジグ！	MAP_I_GAN_02 1297	
	さすが、流星の勢いで		
	ランクを駆け上る男！		X
	ＯＫ、そのままの勢いで		
	次のバトルに行こう！		X
	お相手は低位の部から		
	勝ち残ってきた男…		X
	己を磨き続ける		
	ザ・ストイックガイ！		
	ビャッケ！！		
1991	またとないチャンスだ	MAP_I_GAN_02 1302	
	今日は勝たせてもらうぞ		
	…姑息な手は抜きでな		
1997	またしても	MAP_I_GAN_02 1308	
	ジグの鮮やかな勝利！		
	これはすごい！		X
	そしてなんと！		
	次が決勝戦となります！		X
	これに勝った者こそ		
	ランク２ケタ…９５位を		
	手にするにふさわしい！		X
	戦士よ、いざ武器を持て！		
	最終決戦の開幕だ！		X
	対戦相手は、突如現れた		
	桃色の流星…		
	ケリーです！！		
2003	師匠！	MAP_I_GAN_02 1314	
2008	おまえは…	MAP_I_GAN_02 1319	
	宿屋の襲撃犯？		
2013	その覚え方ひどいです！	MAP_I_GAN_02 1324	
	もう手を引いたんだから		
	ケリーって呼んでください		
2017	元襲撃犯が	MAP_I_GAN_02 1328	
	こんなところに		
	出てきていいのか？		
2021	しゅ、襲撃犯から	MAP_I_GAN_02 1332	
	はなれてくださいよ…		
2028	わたし、師匠と別れてから	MAP_I_GAN_02 1339	
	ひたすら特訓をしたんです		X
	９５位を手に入れれば		
	師匠に敵うような気がして		
	この大会に出たんですが		X
	まさかこの決勝戦で		
	戦えるなんて！		
	運命的すぎます！		
2034	…それはともかく	MAP_I_GAN_02 1345	
	そろそろ始めたい		
2038	ええ、もちろん！	MAP_I_GAN_02 1349	
	わたし、うんと強く		
	なってますからね！		
2045	師匠を超えて	MAP_I_GAN_02 1356	
	９５位を手に入れます！		
	いざ、勝負です！		
2051	勝者…ジグーッ！	MAP_I_GAN_02 1362	X
	おめでとう、ジグ！		
	いい戦いをありがとう！		X
	彼には報奨として		
	ランク９５位が		
	贈呈されます！！		
2053	なんと輝かしきランク！	MAP_I_GAN_02 1364	
	まさにランカーの星！		X
	これからも		
	機構の戦士として		
	存分に活躍してください！		X
	…では、これにて		
	戦侯機構プレゼンツ		
	９５マッチを終了します		
2054	func00_E_EVENT_END1	MAP_D_CAD_00 424	
2055	func00_E_EVENT_END2	MAP_D_CAD_00 425	
2056	func00_E_EVENT_START1	MAP_D_CAD_00 415	
2057	func00_E_EVENT_START2	MAP_D_CAD_00 417	
2060	優勝おめでとうございます	MAP_I_GAN_02 1371	
	すばらしい戦いでした		X
	主催された七騎士様も		
	きっとお喜びでしょう		
2063	…………	MAP_D_CAD_00 242	
2066	あの激戦では	MAP_I_GAN_02 1377	
	さぞお疲れなのでは？		
	ゆっくりお休みください		
2070	…そうだな	MAP_I_GAN_02 1381	
2072	func00_E_EVENT_END1	MAP_D_CAD_00 424	
2073	func00_E_EVENT_END2	MAP_D_CAD_00 425	
2074	func00_E_EVENT_START1	MAP_D_CAD_00 415	
2077	func00_E_EVENT_START2	MAP_D_CAD_00 417	
2082	ん？	MAP_I_GAN_02 1393	
	何か忘れ物{17}02		X
	って、うわっ！		
	女連れ！？		
2087	いや、これは……	MAP_I_GAN_02 1398	
2091	こ…ここはダメです！	MAP_I_GAN_02 1402	
2092	どこへ行きますか？	MAP_I_GAN_02 1403	
2093	大橋	MAP_I_GAN_02 1404	
2094	バザルタ鉄道駅	MAP_I_GAN_02 1405	
2097	func00_E_EVENT_END1	MAP_D_CAD_00 424	
2098	func00_E_EVENT_END2	MAP_D_CAD_00 425	
2099	func00_E_EVENT_END1	MAP_D_CAD_00 424	
2100	func00_E_EVENT_END2	MAP_D_CAD_00 425	
2101	func00_E_EVENT_START1	MAP_D_CAD_00 415	
2115	func00_E_EVENT_START2	MAP_D_CAD_00 417	
2121	あら、ジグじゃない	MAP_I_GAN_02 1432	
2126	ははーん、なるほどね	MAP_I_GAN_02 1437	
2139	あれ、ジグ	MAP_I_GAN_02 1450	
	今日は女の子と一緒？		
2145	かわいい連れだな	MAP_I_GAN_02 1456	
	最近留守が多かったのは		
	もしかして……		
2149	なんだか思い出すよ	MAP_I_GAN_02 1460	
	昔ぼくとフェオンが		
	同じ人を好きになってね		
2154	…だまっとけ！	MAP_I_GAN_02 1465	
2159	…………	MAP_D_CAD_00 242	
2163	秘密の話は	MAP_I_GAN_02 1474	
	しにくい場所ですね…		X
	もっと静かな場所を		
	探しませんか？		
2165	どこへ行きますか？	MAP_I_GAN_02 1403	
2166	大橋	MAP_I_GAN_02 1404	
2167	バザルタ鉄道駅	MAP_I_GAN_02 1405	
2170	func00_E_EVENT_END1	MAP_D_CAD_00 424	
2171	func00_E_EVENT_END2	MAP_D_CAD_00 425	
2172	func00_E_EVENT_END1	MAP_D_CAD_00 424	
2173	func00_E_EVENT_END2	MAP_D_CAD_00 425	
2174	func00_E_EVENT_START1	MAP_D_CAD_00 415	
2181	func00_E_EVENT_START2	MAP_D_CAD_00 417	
2184	あの…	MAP_I_GAN_02 1495	
	衛兵さんたちに		
	見られています…		X
	他の場所にしましょう		
2191	ヒュゥ！	MAP_I_GAN_02 1502	
	田舎者のふりして		
	隅に置けないな！		
2196	おまえの連れって…	MAP_I_GAN_02 1507	
	今、町で噂の…		
2201	サルバトーレのレンと	MAP_I_GAN_02 1512	
	あんたの組み合わせって		
	運命的だよ！		X
	こりゃあ噂に…		
	し、しないって！		
2207	はん！　彼女くらい	MAP_I_GAN_02 1518	
	おれにだって…		
2211	…………	MAP_D_CAD_00 242	
2212	どこへ行きますか？	MAP_I_GAN_02 1403	
2213	商店デイライト	MAP_I_GAN_02 1524	
2214	上区：噴水広場前	MAP_I_GAN_02 1525	
2217	func00_E_EVENT_END1	MAP_D_CAD_00 424	
2218	func00_E_EVENT_END2	MAP_D_CAD_00 425	
2219	func00_E_EVENT_END1	MAP_D_CAD_00 424	
2220	func00_E_EVENT_END2	MAP_D_CAD_00 425	
2221	func00_E_EVENT_START1	MAP_D_CAD_00 415	
2224	func00_E_EVENT_START2	MAP_D_CAD_00 417	
2227	ジグさん…	MAP_I_GAN_02 1538	
	気が利きませんね		
2232	そうなのか？	MAP_I_GAN_02 1543	
2237	はい、もっと開放的で	MAP_I_GAN_02 1548	
	きれいな場所がいいです		
2241	ふたりきりで	MAP_I_GAN_02 1552	
	話したいんじゃ		
	なかったのか…？		
2243	どこへ行きますか？	MAP_I_GAN_02 1403	
2244	商店デイライト	MAP_I_GAN_02 1524	
2245	上区：噴水広場前	MAP_I_GAN_02 1525	
2248	func00_E_EVENT_END1	MAP_D_CAD_00 424	
2249	func00_E_EVENT_END2	MAP_D_CAD_00 425	
2250	func00_E_EVENT_END1	MAP_D_CAD_00 424	
2251	func00_E_EVENT_END2	MAP_D_CAD_00 425	
2252	func00_E_EVENT_START1	MAP_D_CAD_00 415	
2259	func00_E_EVENT_START2	MAP_D_CAD_00 417	
2262	あ…お気遣いなく！	MAP_I_GAN_02 1573	
	プレゼントなんて		
	いりませんから！		
2265	…………	MAP_D_CAD_00 242	
2271	それよりもジグさん	MAP_I_GAN_02 1582	
	さっきから変な場所ばかり		
	選んでいませんか？		
2275	…悪かったな	MAP_I_BAS_10 920	
2279	責めているわけじゃ	MAP_I_GAN_02 1590	
	ありませんよ		X
	場所、わたしが決めても		
	いいですか？		
2283	ああ、そうしてくれ	MAP_I_GAN_02 1594	
2285	func00_E_EVENT_END1	MAP_D_CAD_00 424	
2286	func00_E_EVENT_END2	MAP_D_CAD_00 425	
2287	シーン初期化	MAP_D_CAD_00 1232	
			
2288	オブジェクト配置	MAP_D_CAD_00 1233	
			
2290	オブジェクトトラップ配置	MAP_D_CAD_00 1235	
			
2291	マップチェンジトラップ配置	MAP_D_CAD_00 1236	
			
2292	足止め	MAP_D_KHI_02 455	
			
2294	ポッドに		
	ついていかないと…		
2299	ＮＰＣ配置	MAP_D_CAD_00 1248	
			
2317	行商の少年	Young Peddler	
2319	眺める老人	Staring Old Man	
2321	おれがこの衛兵団の		
	最後の砦だってのに…		
2323	ポッドは弱っちいが		
	いい奴だ{17}02		
	面倒かけるなよ		
2325	いまのおまえじゃ		
	新入りすぎて		
	誰も相手にしないぜ？		X
	しばらくは修練でもやって		
	力をつけるこったな！		
2327	お、ちょっとは		
	ランカー顔に		
	なってきたじゃんよ！		X
	最初は相手に		
	してくれなかった奴も		
	相手にしてくれるかもな		X
	…おれはまだ		
	相手してやんねーけど！		
2329	とにかくランカーに		
	挑んでみろよ		X
	でも、高位の奴に		
	忠告されたら		
	素直に聞いとけよ		
2331	おお、おまえもついに		
	脱ポッド部屋だな！		X
	そしてアレにデビューか！		
	いよいよ都会人らしく		
	なってきたじゃねーの！		
2333	イビノスは体勢崩さないし		
	ちと厄介な敵だよな		X
	修練行くときの基本だが		
	装備はしっかり		
	整えていけよ		
2335	修練、どうだった？		
	バーンと倒してやったか？		
2337	ほら、見ろよ！		
	おれの新しい剣		
	かっこいいだろ！		
2341	おまえさぁ…		
	それ、また勝手に…		
2345	うっさいな！		
	おれの家のものだから		
	おれが自由に使えんだよ		
2349	…とりあえず		
	大事に使っとけよ？		
2352	おまえ、どうして		
	タイロン一家なんかに…		
	ありえねーだろ…		
2354	タイロン一家と		
	話すことなんてないね		
2356	別におれたちが		
	言いふらすつもりはねぇが		X
	タイロン一家で		
	その上アンチの一族の		
	出身だなんて知れたら		X
	マジで終わるぞ、おまえ		
2358	故郷が滅んでも		
	すぐ次の修練とはね		
	さすがタイロン一家だな		
2360	…通るなら		
	とっとと通れよ		
2362	おれもデカイ修練に		
	パーッと参加して		
	憂さ晴らしてくっかな		
2364	タイロン一家のこと聞いて		
	ポッドの奴、すぐに		
	飛び出したんだぜ		X
	…ポッドらしいよな		
	おまえもそう思うだろ？		
2366	ま、プロポの剣の事情は		
	知ってるし		
	特別に許してやるよ		X
	ただし今回きりだぞ		
	しっかり汚名返上しろよ		
2368	おまえの部屋って		
	平和なんだな		X
	おれが大部屋で寝てたら		
	必ず顔に落書きされたぜ？		
2370	おまえの経歴はアレだし		
	単に相手が		
	怯えてんのかもな		X
	ま、安心して眠れりゃ		
	何よりだぜ！		
2372	ヒュゥ！	MAP_I_GAN_02 1502	
	田舎者のふりして		
	隅に置けないな！		
2374	たまにはおれも		
	衛兵以外の修練に出るかな		X
	アンチとかいう		
	ヤバ気な連中の討伐も		
	盛んになってることだしな		
2376	くぅぅ…		
	こういう非常事態って		
	超燃えるぜ！		X
	ちょっと衛兵修練抜けて		
	海岸まで行ってくっかな…		
2378	海岸行こうと思ったら		
	ソシオの奴に		
	止められたぜ…		X
	ったく、あいつは		
	根が真面目だからよぉ		
2380	んで、どうだった？		
	アンチはどうなったんだ？		
2382	おまえが		
	アンチだったのかよ！		
	完全にだまされたぜ！		X
	んな涼しい顔して		
	機構相手にケンカたぁ		
	楽しすぎるだろオイ！		
2384	おい、そこの七騎士！		X
	…なんつってな！		
	はじめて来たときの顔とは		
	大違いだぜ！		
2386	ガンドアに来たおまえに		
	おれが話しかけたこと		
	覚えてるか？		
2388	なんだあの空？		
	せっかくの祭りムードに		
	水をさすなよな		
2390	なんか来るかも		
	しれないんだろ？		X
	この衛兵の修練も		
	いよいよ真価が		
	試されるわけだな！		
2392	世界最強の男に		
	ガンドアでいち早く		
	話しかけた男…		X
	それがおれってわけだ！		
	地味に誇らしいぜ		
2394	これ以上の好き勝手は		
	ソシオに怒られるから		
	パスだな		
2395	ランク低すぎ		
	戦う気になれないな		
2397	だめだな		
	今のおまえじゃ		
	楽しめないぜ		
2399	タイロン一家と決着か…		
	そういうことなら		
	乗ってやるぜ		
2401	おまえと戦うのか	You want to fight me? Sounds interesting.	
	そりゃおもしろそうだ		
2407	ハッサン！	Take it outside, Hassan! That weapon of yours is dangerous.	
	おまえの武器は危ないから		
	外でやってくるんだ		
2412	へいへい…	Yeah, yeah. Come on.	
	そんじゃ{17}02		
2418	ランキング戦へは	Don't let your personal feelings dampen your resolve. Give this battle everything you've got!	
	どんな私情も持ち込まねぇ		
	思いっきりやっちまうぜ！		
2423	見事に負けたぜ	A magnificent victory...	
	こりゃあ…		
2426	ちっ、せっかくその気に		
	なったのによ		
2428	ほら、ポッドが		
	待ってるぞ		
2430	おまえ、新人の割には		
	かなり強いよ		X
	…そういうことにしてくれ		
	じゃないと		
	おれがヘコむから……		
2432	おれも地道に		
	修練を重ねるさ		
	千里の道も…な！		
2434	個室に移るのか？		
	ってことは…アレだな！		X
	宿屋の暁の間に行けば		
	すぐわかると思うぞ		
	…上手く使えよ！		
2436	イビノス討伐な…		
	あいつら気持ち悪いから		
	苦手にする奴は多いぜ		X
	でも報奨が高いから		
	死ぬ気で狙ってくる奴も		
	多いけどな		
2438	なんだかボロボロだな		
	そんなに大変な		
	修練だったのか？		
2440	そっか…		
	おまえの好きにすればいい		
	個人的には残念だけどな		
2442	あんまり住民に		
	迷惑をかけるなよ		
	…それだけは約束してくれ		
2444	なあ、胸を張って		
	故郷を弔うためにも		
	一家をやめないか？		
2446	戻ってこいよ		
	今ならまだ		
	どうにかなるはずだ		
2448	おまえが町の外に		
	でかけていくのは		X
	住民にとっても		
	おまえにとっても		
	いい息抜きになるよ		
2450	ランクは…		
	順調にあがってるんだな		
2452	おれが何を説いたところで		
	低位ランカーの戯言だよ		
2454	ラ・キット遺跡に		
	行くのか？		X
	まあ、タイロン一家も		
	そうじゃないランカーも		
	望むものは同じだよな		
2456	おまえが		
	どんなに変わっても		
	ポッドは相変わらずさ		
2458	ま、住民もそのうち		
	わかってくれるさ		
	…おかえりな		
2460	おれもたまには		
	１日中のんびりと		
	寝ていたいぜ		X
	衛兵の修練って		
	結構朝早いし		
	休みなしだからさ		
2462	おまえの連れって…	MAP_I_GAN_02 1507	
	今、町で噂の…		
2464	おまえもやるか？		
	衛兵の修練		X
	年中休みなし		
	深夜と早朝の勤務は交代制		
	１日３回の休憩あり！		X
	…ただし有事でもなきゃ		
	報奨はものすごく		
	低いんだけどな！		
2466	ま、ここ数年は		
	ずっとおれたち４人が		
	やってるんだけどな		
2468	こういう非常時には		
	変な気を起こす奴が		
	いるんだよ		X
	警備、固めておかなきゃな		
2470	アンチの戦力って		
	いまいちはっきりしないな		
	…おまえ、知ってるか？		
2472	ガンドア衛兵の		
	誇りにかけて		
	アンチは強制排除する！		X
	…なんてな！		
	ポッドからきいてるぞ		X
	でも、住民を傷つけたら		
	本当に容赦しないからな		
2474	新入りのおまえに		
	負けたときは		
	内心ショックだったけど		X
	おまえが七騎士になって		
	おれの敗北が		
	報われた気がするよ		
2476	さすがに天災相手じゃ		
	応戦しかねるぞ…！？		
2478	機構から、警備を強化し		
	有事に備えよって		
	伝達がきたんだ		X
	…ここはおれたちが		
	何があっても守る		
	衛兵なめんな、ってな！		
2480	ガンドアは大丈夫だ		
	機構の兵もランカーも		
	たくさんいる		X
	それに何より		
	おれたちがいるだろ？		X
	ランクは低いけどな		
	任期中の犯罪発生率は		
	歴代最低なんだぜ！		
2482	いや…		
	やるせない気持ちを		
	思い出すから駄目だ…		
2483	func00_E_EVENT_START1	MAP_D_CAD_00 415	
2484	func00_E_EVENT_START2	MAP_D_CAD_00 417	
2487	ジグ、ちゃんと		
	吹っ切って		
	がんばれそう？		
2491	…ああ	MAP_D_CAN_04 784	
2495	うーん、その感じじゃ		
	吹っ切れてるとは		
	思えないけどね		X
	あんまりくよくよしてると		
	おれがジグのランクを		
	奪っちゃうぞ？		
2499	それは無理だな		
2503	やってみなきゃ		
	わかるもんか		
	おれも毎日訓練してるんだ		X
	…あ、そうだ！		
	闘技場で対決しない？		
	その方が盛り上がるだろ		
2507	いいだろう	MAP_D_SIN_00 811	
2511	おれのリングネームは		
	とてもわかりやすいから		X
	案内嬢さんに		
	声を掛けてくれれば		
	すぐにわかると思うよ		X
	じゃあジグ		
	必ず勝負だからね		
2513	func00_E_EVENT_END1	MAP_D_CAD_00 424	
2514	func00_E_EVENT_END2	MAP_D_CAD_00 425	
2515	func00_E_EVENT_START1	MAP_D_CAD_00 415	
2516	func00_E_EVENT_START2	MAP_D_CAD_00 417	
2519	ジグ、なかなか		
	見せる機会がないけど		
	おれも強くなったんだぞ		
2523	…どうかな	MAP_D_KOU_00 316	
2527	強くなったんだって！		
	戦えばすぐに		
	わかると思うよ		X
	…あ、そうだ！		
	闘技場で対決しない？		
	そこなら盛り上がるしさ		
2531	いいだろう	MAP_D_SIN_00 811	
2535	おれのリングネームは	MAP_T_GAN_00 2511	
	とてもわかりやすいから		X
	案内嬢さんに		
	声を掛けてくれれば		
	すぐにわかると思うよ		X
	じゃあジグ		
	必ず勝負だからね		
2537	func00_E_EVENT_END1	MAP_D_CAD_00 424	
2538	func00_E_EVENT_END2	MAP_D_CAD_00 425	
2539	func00_E_EVENT_START1	MAP_D_CAD_00 415	
2540	func00_E_EVENT_START2	MAP_D_CAD_00 417	
2543	ジグ、七騎士の力を		
	見せてくれよ！		
2547	どうしたんだ、急に		
2551	ジグの武勇伝を		
	言いふらす身としては		
	実力を生で見たいのさ		X
	だからおれと		
	闘技場で対決しない？		
	そこなら盛り上がるしさ		
2555	言いふらすのはともかく		
	勝負はしてもいいぞ		
2559	よし！		
	おれのリングネームは		
	とてもわかりやすいから		X
	案内嬢さんに		
	声を掛けてくれれば		
	すぐにわかると思うよ		X
	じゃあジグ		
	必ず勝負だからね		
2561	func00_E_EVENT_END1	MAP_D_CAD_00 424	
2562	func00_E_EVENT_END2	MAP_D_CAD_00 425	
2564	ジグ、修練は		
	はかどってる？		X
	おれが推薦したんだから		
	がんばってくれよ！		
	応援してるからさ		
2566	ランカー居住区にいる		
	桃色頭の怪しい男！		X
	あれ、噂の		
	ランキングブローカー		
	なんだってさ		X
	ジグ、知ってた？		
2568	ジグ、部屋は違うけど		
	いつでも遊びに		
	きてくれよ！		
2570	ドネイ回廊に行くなら		
	注意するんだよ		X
	イビノスは強いし		
	ライバルも		
	多そうだからね		
2572	疲れた顔してるよ		
	修練、大変だったの？		
2574	ジグがタイロン一家に		
	入るなんて…		
	おれ、ガッカリだよ		
2576	なあジグ、本当に		
	それでいいのかい？		
	考え直しなよ		
2578	ジグ……		
2580	同じ部屋にいたころが		
	なつかしいよ		X
	今じゃすっかり		
	タイロン一家の		
	一員だもんな		
2582	なあジグ…		X
	いや、やっぱり		
	なんでもない		
2584	そうだよな…		
	おれが言ったって		
	仕方ないよな…		
2586	七騎士入りの修練か…		
	おれが挑んだら		
	笑いものだよな、うん		
2588	とにかく修練だよ、ジグ		
	信用を取り戻すためにも		
	それが一番だ		
2590	あんたの友だちなら		
	ファズ、悪い奴じゃ		
	ないみたいだな		
2592	サルバトーレのレンと	MAP_I_GAN_02 1512	
	あんたの組み合わせって		
	運命的だよ！		X
	こりゃあ噂に…		
	し、しないって！		
2594	ジグ、まさかアンチに		
	参加しようってんじゃ！？		X
	いや、疑ってるわけじゃ		
	ないんだ		
	ただなんとなく…		
2596	レンもファズも		
	あんたの知り合いだろ？		
	はやく海岸に行かないと！		
2598	ジグ、おれはちょっと		
	出かけてくる		X
	ジグもやることが		
	あるんだろ？		
	お互いがんばろうよ		
2600	あ、ジグ！		
	会議はおわったのか？		
	それとも空を見に？		X
	ありゃあ		
	変な天気だよなぁ		
2602	…それで、七騎士会議は		
	どうだった？		
	時々報告してくれよな		
2604	就任早々、大事件だな！		
	ジグ、おれもがんばるよ		
2606	ジグ…		
	あんたがランキングの		
	１位になったなんて		X
	おれ、なんだか		
	感動しちゃって…		
2610	ポッド…		X
	あんたが		
	推薦してくれなきゃ		
	ランカーになれなかったし		X
	制服も、居場所も…		
	ぜんぶあんたがくれた		
2614	ジ、ジグ！		
	う…ううっ…		X
	おれ、ここを		
	ちゃんと守り通すから		
	必ず無事に帰っておいでよ		
2618	ああ	MAP_D_CAN_00 336	
2621	帰ってきたら		
	あんたの武勇伝を		
	聞かせてくれよな		X
	それをおれが		
	みんなに広めるんだ！		
	おれの一番の喜びだよ！		
2623	ま、せいぜい		
	がんばりな		
2625	ポッドに感謝しとけよ		
2627	ソシオの奴		
	腕が落ちたんじゃない？		X
	よりにもよって		
	こんなド新入りに		
	負けるなんてさ！		
2629	あーあ！		
	おれももっと刺激的な		
	修練がしたいぜ		
2631	おれは実家住まいだ		
	寄宿舎よりは		
	いい生活してるぞ？		X
	でも親はうるさいな		
	弱いくせに、しょっちゅう		
	指図してきてさぁ…		
2633	ドネイ回廊で		
	イビノス大発生だってな		X
	こんな暇な大橋にいないで		
	そっちを守るべきだと		
	思うんだけどさ		
2635	なんだよ		
	ドネイ回廊の修練に		
	行ったんじゃないのか？		
2648	なんだよ…		
	もう用はすんだんだろ？		
2650	この恩知らずの		
	無法者がっ！		
	あっちいけよ！		
2652	聞いたぜ、カンタレラ		
	壊滅のニュース！		
	い、いい気味だ！		
2654	べ、別に同情なんて		
	しねぇよ！！		
2656	カドモール水源？		
	それならトーロ支部から		
	砂漠に抜けて…		X
	って、おまえに教える		
	義理なんかないだろ！		
	勝手に迷ってろ！		
2658	ふん…		
	あの剣、親父に		
	返したんだってな		
2660	親父も親父だ！		
	こんな無法者一家に		
	頼むなんて…		
2662	センゴク様は		
	もちろん凄腕だが		
	剣も逸品なんだぜ		X
	おまえなんて		
	一振りで真っ二つだ！		
2664	ポッド…		
	何考えてるんだよ…		
2666	おまえさ、ちゃんと		
	感謝しろよな		
	その…ポッドとかに！		
2668	寝癖ついてる		
	よだれと枕のあとも		
	ついてるぞ		X
	…う、嘘だよ！		
	これくらい許せよ！		
2670	お、おれだって		
	別に彼女くらい…		
	い、いるんだぞ！		
2672	おまえさ		
	評価落ちてるんだから		
	がんばって働けよ		
2674	やっちまったなー…		
	普通に元お姫様してりゃ		
	よかったのにさ		
2676	海岸、やばかったらしいな		
	…おまえ、ケガとか		
	大丈夫なのかよ？		
2678	ポッドに言われたから		
	アンチを応援してやるよ		X
	…お、おまえのことを		
	応援してるんじゃないぞ！		
2680	おまえが七騎士に		
	なったからって		
	態度を改める気はないぞ！		X
	でも…その…		
	せいぜい		
	がんばれよ！		
2682	嵐じゃなくてよかったぜ		
	でも…なんだあれ？		
2684	厳戒態勢需要で		
	親父の店は大繁盛		
	…ぜってー負けねぇ！		
2686	その…なんだ…		
	剣の強奪事件とかで		
	うらんだこともあったけど		X
	応援、してるからな…！		
	負けんなよ！		
2688	嫌だね		
	衛兵仕事って修練だぞ？		
	つまりおれは修練中！		
2690	な、なんだよ！		
	もう勝手に持ち出した物は		
	ないっての！		
2692	わっ、めずらしい服！		
	どこからきたの？		
2694	最初にここを		
	通ったときの服は		
	脱いじゃったの？		X
	もう少しきれいだったら		
	買い取ったんだけどなぁ		
2696	これから修練？		
	それじゃあぼくも		
	仕入れに行こうかな		
2698	ドネイの方に行こうかな		
	ランカーが集まる場所は		
	商売がしやすいんだ		
2700	修練おわったの？		
	行きそびれちゃったな…		
2702	……ごめんなさい！		
2704	えっ…えっと…		
	売るものないです…		
	ごめんなさい…		
2706	荒地は砂漠に繋がってて		
	砂漠の奥には		
	水源地帯があります		X
	で、でも、あっちには		
	あまり行かないので		
	詳しくはわかりません…		
2708	ぼくらは		
	商人用の乗車許可証を		
	持っているんです		X
	と、とられたら		
	困ってしまうので…その…		
2710	タ、タイロン一家の		
	シンボルは		
	買い取れません！		
2712	あ、あの…		
	ぼくもがんばるから		
	がんばってね…！		
2714	この大橋では		
	露店を開くのは禁止なんだ		X
	商品を広げられれば		
	もう少し売れそう		
	なんだけど…		
2716	デートのお供に		
	飴玉はいかがですか？		
	宝石みたいでキレイですよ		
2718	お兄さんも		
	アンチ討伐修練？		
	最近その話ばっかりなんだ		
2720	戦いのある場所は		
	もうかるけれど		
	今回はさすがに怖いよ…		
2722	アンチと機構の戦いは		
	これから		
	どうなるんだろう？		X
	商人は先読みして		
	動かないと		
	だめなんだよ		
2724	さっき衛兵さんが		
	興奮して話してたけど		
	アンチってすごいの？		X
	七騎士様が倒されたら		
	大変なことに		
	ならないのかな…		
2726	こんにちは七騎士様！		
	最初に着ていた服		
	売ってくれませんか？		X
	この際、少し汚れていても		
	希少な品として		
	高値で買い取りますよ！		
2728	ここに雷がおちたら		
	ひとたまりもないよ！		
	移動しようかなぁ		
2730	ねぇ気付いた？		
	空のあれ		
	大きくなってるんだ…		
2732	うん？		
	ランカーのことなら		
	衛兵さんに聞いてみなされ		
2734	ガンドアの守りは完璧じゃ		
	頑丈な壁と大河に		
	守られておるからの		X
	…とはいえ		
	攻めてくるような勢力も		
	おらんけどの		
2736	ガンドアの後ろに		
	２つの大きな岩山が		
	見えるじゃろ？		X
	あの間に双子星が輝くとき		
	愛の告白をすると		
	成功するといわれておる		X
	わしがばあさんに		
	告白したときも		
	それを狙ったものじゃ		
2738	おまえさん、よく見ると		
	なかなかいい男じゃ		
	わしの若い頃に似ておる		X
	ランクさえ上がれば		
	モテモテかもしれんぞ？		
2740	衛兵さんも大変じゃあ		
	重大修練があっても		
	なかなか参加できんからの		
2742	ここで景色を眺めていれば		
	修練の疲れも		
	とれるはずじゃよ		
2744	こんな老人に		
	タイロン一家が		
	何の用じゃね？		
2746	わしはタイロン一家が		
	嫌いなんじゃ！		
	あっち行っとくれ！		
2748	このタイロン一家め！		
	砂サソリにでも		
	刺されてしまえ！		
2750	こんな老人ごとき		
	ひねりつぶすか？		
	衛兵の前ではできなかろう		
2752	おまえが通ると		
	せっかくの景色も		
	台無しじゃ！		
2754	これまでの好き放題の		
	報いじゃな…カーッ！		
2756	一家が解散となるや		
	もうシンボルを外したか！		X
	ずうずうしい奴め！		
	さすが元タイロン一家じゃ		
2758	みろ、ここからの		
	ガンドアの姿を！		
	実に雄大じゃろう？		X
	でも、中では		
	アンチだの何だのと		
	わずらわしい話ばかりじゃ		
2760	おお、べっぴんさんじゃ		
	ばあさんの若い頃に		
	そっくりじゃな！		
2762	ガンドアも		
	大自然と比べれば		
	たいした大きさではない		X
	世界は広いのう		
	どこまで続いて		
	いるんじゃろうか？		
2764	何やらさわがしいの		
	どうかしたか？		
2766	町中がのぼせておる		
	この風景でも見て		
	頭を冷やすべきじゃ		
2768	このガンドアが		
	不届き者の侵入を		
	易々と許したりはせん！		X
	衛兵が浮き足立つなら		
	わしがこの大橋を		
	まもってみせるぞ！		
2770	七騎士が変わっても		
	ここからの光景は		
	変わらないものじゃな		
2772	おや、雨か？		
	そろそろ散歩をやめて		
	帰るべきかの…		
2774	ガンドアの守りは		
	絶対だと思っとったが		
	まさか空からとは…		
2775	func00_E_EVENT_START1	MAP_D_CAD_00 415	
2778	func00_E_EVENT_START2	MAP_D_CAD_00 417	
2781	あの…		
	衛兵さんたちに		
	見られています…		
2783	func00_E_EVENT_END1	MAP_D_CAD_00 424	
2785	func00_E_EVENT_END2	MAP_D_CAD_00 425	
2786	func00_E_EVENT_START1	MAP_D_CAD_00 415	
2787	func00_E_EVENT_START2	MAP_D_CAD_00 417	
2791	ジグ、いいところに！	Zig! Good timing!	
2797	何かあるのか？	Did something happen?	
2806	ああ、あるとも	Yeah. We want to give you a gift to celebrate your initiation into the Seven Knights.	
	おれたちから		
	七騎士就任祝いだよ		X
	ほら、ポッド	Give it to him, Pod.	
2813	ジグ、七騎士就任	Zig, congratulations on becoming one of the Seven Knights!	
	本当におめでとう！		X
	おれ…おれ…！	I...I...!	
2819	長い話はなしにしろよ	Don't waste his time. He undoubtedly has a lot on his plate right now.	
	七騎士さんは		
	忙しい盛りなんだからよ		
2826	そ、そうだな	R-Right.	
2837	じゃあ、はい	We want you to have this.	
	これを持っていってくれ		
2845	商店に頼んで	We asked the merchants to make a top-quality suit of armor customized just for you.	
	おまえに合わせた		
	最高の鎧を作ったんだ		
2850	ま、実際に交渉したのは	Well, it was actually the weapon shop owner's son who negotiated this for us!	
	武器屋のせがれだけどな！		
2855	た、頼まれたから	Yeah. All it took was a request from him and it got done!	
	やっただけだ！		X
	親父たちも	His father was totally on board with the idea, and we ended up getting the armor for free.	
	張り切っちゃって		
	結局タダだったし…		
2863	…ま、そーいうこった	So there you have it.	
2867	ジグ、落ち着いたら	Zig, when things calm down, we'll have a proper celebration.	
	改めてお祝いをしよう		
2877	…ああ	Yeah, thanks, guys.	
	ありがとうな		
2879	func00_E_EVENT_END1	MAP_D_CAD_00 424	
2880	func00_E_EVENT_END2	MAP_D_CAD_00 425	
2881	イベントトラップ配置	MAP_D_CAD_00 1413	
			
2882	遠くの風景		
2883	遠くの風景	MAP_T_GAN_00 2882	
2884	ポッドと戦闘		
			
2888	ポッドとプロポ		
			
2893	ポッドの慰め		
			
2896	長い橋がかけられているのが見える		
	橋の先は森林へと繋がっているようだ		
2898	長い橋がかけられているのが見える		
	橋の先は川の支流と共に伸びている		
2929	POD	MAP_I_GAN_23 6765	
			
2931	NPC00	MAP_D_CAD_00 1443	
			
2933	NPC01	MAP_D_CAD_00 1445	
			
2935	NPC02	MAP_D_CAD_00 1447	
			
2937	NPC03	MAP_D_CAD_00 1449	
			
2939	NPC05	MAP_D_CAD_00 1453	
