0	■■■ func00_DEBUG_SIGN ■■■	MAP_D_CAD_00 0		
				
1	！！！エラー検出用サブルーチンを通りました！！！	MAP_D_CAD_00 1		
				
2	イビノスシンボル配置しない。フラグ：	MAP_D_CAD_00 2		
4	イビノスシンボル配置する。フラグ：	MAP_D_CAD_00 4		
7	ランカーファイル情報更新	MAP_D_CAD_00 7		
				
8	->旧:	MAP_D_CAD_00 8		
9	 追加:	MAP_D_CAD_00 9		
10	 結果:	MAP_D_CAD_00 10		
12	ランク:	MAP_D_CAD_00 12		
15	ランカー戦勝利・戻り値：	MAP_D_CAD_00 15		
17	ランキング戦を申し込みますか？	MAP_D_CAD_00 17		
18	申し込む	MAP_D_CAD_00 18		
19	やめておく	MAP_D_CAD_00 19		
22	イビノスシンボル倒した。フラグON：	MAP_D_CAD_00 22		
25	イビノス戦：イベント終了？	MAP_D_CAD_00 25		
				
26	スクリプト：未知のモーションタイプが指定されました	MAP_D_CAD_00 26		
				
33	***振り向き判定ＰＣ***	MAP_D_CAD_00 33		
				
34	現在:cmn_r0:	MAP_D_CAD_00 34		
36	目標:cmn_r1:	MAP_D_CAD_00 36		
38	差分:cmn_r2:	MAP_D_CAD_00 38		
40	差分＾２:cmn_r3:	MAP_D_CAD_00 40		
42	閾値＾２:cmn_r4:	MAP_D_CAD_00 42		
44	->pc振り向きません	MAP_D_CAD_00 44		
				
45	->pc振り向きます	MAP_D_CAD_00 45		
				
47	***振り向き判定***	MAP_D_CAD_00 47		
				
48	現在:cmn_r0:	MAP_D_CAD_00 34		
50	目標:cmn_r1:	MAP_D_CAD_00 36		
52	差分:cmn_r2:	MAP_D_CAD_00 38		
54	差分＾２:cmn_r3:	MAP_D_CAD_00 40		
56	閾値＾２:cmn_r4:	MAP_D_CAD_00 42		
58	->npc振り向きません	MAP_D_CAD_00 58		
				
59	->npc振り向きます	MAP_D_CAD_00 59		
				
63	ロード待ち開始	MAP_D_CAD_00 63		
				
64	ロード待ち終了	MAP_D_CAD_00 64		
				
65	{15}0C{14}L00000000を	MAP_D_CAD_00 65		
	手に入れた			
66	{15}0E{14}L00000000を	MAP_D_CAD_00 66		
	手に入れた			
67	{15}0F{14}L00000000を	MAP_D_CAD_00 67		
	手に入れた			
68	{15}0D{14}L00000000を	MAP_D_CAD_00 68		
	手に入れた			
69	{15}10{14}L00000000を	MAP_D_CAD_00 69		
	手に入れた			
70	{15}12{14}L00000000を	MAP_D_CAD_00 70		
	手に入れた			
71	{15}11{14}L00000000を	MAP_D_CAD_00 71		
	手に入れた			
72	{15}13{14}L00000000を{1d}L00000001個	MAP_D_CAD_00 72		
	手に入れた			
73	{15}14{14}L00000000を{1d}L00000001個	MAP_D_CAD_00 73		
	手に入れた			
74	{15}14{14}L00000000を	MAP_D_CAD_00 74		
	手に入れた			
75	{15}1B{14}L00000000を	MAP_D_CAD_00 75		
	手に入れた			
76	{14}L00000000を	MAP_D_CAD_00 76		
	手に入れた			
77	{1d}L00000000Ｂを手に入れた	MAP_D_CAD_00 77		
				
78	num_calc：	MAP_D_CAD_00 78		
80	{15}0C{14}L00000000を	MAP_D_CAD_00 80		
	手渡した			
81	{15}0E{14}L00000000を	MAP_D_CAD_00 81		
	手渡した			
82	{15}0F{14}L00000000を	MAP_D_CAD_00 82		
	手渡した			
83	{15}0D{14}L00000000を	MAP_D_CAD_00 83		
	手渡した			
84	{15}10{14}L00000000を	MAP_D_CAD_00 84		
	手渡した			
85	{15}12{14}L00000000を	MAP_D_CAD_00 85		
	手渡した			
86	{15}11{14}L00000000を	MAP_D_CAD_00 86		
	手渡した			
87	{15}13{14}L00000000を{1d}L00000001個	MAP_D_CAD_00 87		
	手渡した			
88	{15}14{14}L00000000を{1d}L00000001個	MAP_D_CAD_00 88		
	手渡した			
89	{15}14{14}L00000000を	MAP_D_CAD_00 89		
	手渡した			
90	{15}1B{14}L00000000を	MAP_D_CAD_00 90		
	手渡した			
91	{14}L00000000を	MAP_D_CAD_00 91		
	手渡した			
				
92	■■ret0■■：	MAP_D_CAD_00 92		
96	■■ret■■：	MAP_D_CAD_00 96		
98	cmn_option:	MAP_D_CAD_00 98		
106	セーブポイント	MAP_D_CAD_00 106		
107	データ削除ユーティリティを起動します	MAP_D_CAD_00 107		
	ゲームプレイデータのセーブには			
	{1d}L00000001KB以上の空き容量が必要です			
108	ネックタイプ：	MAP_D_CAD_00 108		
110	首の初期化	MAP_D_CAD_00 110		
				
111	ネックタイプ：	MAP_D_CAD_00 108		
115	大橋が	MAP_D_CAD_00 115		
	トラベルマップで使用可能になりました			
116	下区：商業区が	MAP_D_CAD_00 116		
	トラベルマップで使用可能になりました			
117	下区：ランカー居住区が	MAP_D_CAD_00 117		
	トラベルマップで使用可能になりました			
118	下区：闘技場前が	MAP_D_CAD_00 118		
	トラベルマップで使用可能になりました			
119	タイロン租界が	MAP_D_CAD_00 119		
	トラベルマップで使用可能になりました			
120	バザルタ出張所前が	MAP_D_CAD_00 120		
	トラベルマップで使用可能になりました			
121	上区：噴水広場前が	MAP_D_CAD_00 121		
	トラベルマップで使用可能になりました			
122	バザルタ本部前が	MAP_D_CAD_00 122		
	トラベルマップで使用可能になりました			
123	フラグ・フィールド：	MAP_D_CAD_00 123		
125	フラグ・フィールド：	MAP_D_CAD_00 123		
127	ガンドアが	MAP_D_CAD_00 127		
	トラベルマップで使用可能になりました			
128	カンタレラが	MAP_D_CAD_00 128		
	トラベルマップで使用可能になりました			
129	トーロ荒地が	MAP_D_CAD_00 129		
	トラベルマップで使用可能になりました			
130	リブラ森林が	MAP_D_CAD_00 130		
	トラベルマップで使用可能になりました			
131	マイヤールの森が	MAP_D_CAD_00 131		
	トラベルマップで使用可能になりました			
132	ベリエ街道が	MAP_D_CAD_00 132		
	トラベルマップで使用可能になりました			
133	ドネイ回廊が	MAP_D_CAD_00 133		
	トラベルマップで使用可能になりました			
134	ウィルゴー砂漠が	MAP_D_CAD_00 134		
	トラベルマップで使用可能になりました			
135	カドモール水源が	MAP_D_CAD_00 135		
	トラベルマップで使用可能になりました			
136	カルキノス荒地が	MAP_D_CAD_00 136		
	トラベルマップで使用可能になりました			
137	ラ・キット遺跡が	MAP_D_CAD_00 137		
	トラベルマップで使用可能になりました			
138	レオン峡谷が	MAP_D_CAD_00 138		
	トラベルマップで使用可能になりました			
139	ソダー回廊が	MAP_D_CAD_00 139		
	トラベルマップで使用可能になりました			
140	ニシュラ氷河が	MAP_D_CAD_00 140		
	トラベルマップで使用可能になりました			
141	いにしえの回廊が	MAP_D_CAD_00 141		
	トラベルマップで使用可能になりました			
142	フィッシェ街道が	MAP_D_CAD_00 142		
	トラベルマップで使用可能になりました			
143	レゾナール海岸が	MAP_D_CAD_00 143		
	トラベルマップで使用可能になりました			
144	ケイロニア高原が	MAP_D_CAD_00 144		
	トラベルマップで使用可能になりました			
145	ケイロニア砦が	MAP_D_CAD_00 145		
	トラベルマップで使用可能になりました			
146	サルバトーレ離宮が	MAP_D_CAD_00 146		
	トラベルマップで使用可能になりました			
147	リストにないよ？	MAP_D_CAD_00 147		
				
148	_case:	MAP_D_CAD_00 148		
151	「討伐修練【低位１】」の	MAP_D_CAD_00 151		
	クリア条件を満たした！			
152	「討伐修練【低位２】」の	MAP_D_CAD_00 152		
	クリア条件を満たした！			
153	「討伐修練【低位３】」の	MAP_D_CAD_00 153		
	クリア条件を満たした！			
154	「討伐修練【低位４】」の	MAP_D_CAD_00 154		
	クリア条件を満たした！			
155	「討伐修練【低位５】」の	MAP_D_CAD_00 155		
	クリア条件を満たした！			
156	「討伐修練【中位１】」の	MAP_D_CAD_00 156		
	クリア条件を満たした！			
157	「討伐修練【中位２】」の	MAP_D_CAD_00 157		
	クリア条件を満たした！			
158	「討伐修練【高位１】」の	MAP_D_CAD_00 158		
	クリア条件を満たした！			
159	「討伐修練【高位２】」の	MAP_D_CAD_00 159		
	クリア条件を満たした！			
160	「薬草探しの代理人」の	MAP_D_CAD_00 160		
	クリア条件を満たした！			
161	「新商品開発の手伝い」の	MAP_D_CAD_00 161		
	クリア条件を満たした！			
162	「蒼の指環を求めて」の	MAP_D_CAD_00 162		
	クリア条件を満たした！			
163	「雪中の贈り物」の	MAP_D_CAD_00 163		
	クリア条件を満たした！			
164	「加護あることを祈って」の	MAP_D_CAD_00 164		
	クリア条件を満たした！			
165	「追想の白い花」の	MAP_D_CAD_00 165		
	クリア条件を満たした！			
166	「来れ、好運の使者！」の	MAP_D_CAD_00 166		
	クリア条件を満たした！			
167	「武術指南のお願い」の	MAP_D_CAD_00 167		
	クリア条件を満たした！			
168	「行方不明の従業員」の	MAP_D_CAD_00 168		
	クリア条件を満たした！			
169	「スキルチップ収集中」の	MAP_D_CAD_00 169		
	クリア条件を満たした！			
170	「盗難品の行方は」の	MAP_D_CAD_00 170		
	クリア条件を満たした！			
171	「資料集めのアシスタント」の	MAP_D_CAD_00 171		
	クリア条件を満たした！			
172	「河畔の生態系調査」の	MAP_D_CAD_00 172		
	クリア条件を満たした！			
173	「新人官吏を捕獲せよ」の	MAP_D_CAD_00 173		
	クリア条件を満たした！			
174	「黒い積荷の回収」の	MAP_D_CAD_00 174		
	クリア条件を満たした！			
175	「悪徳商売を抑止せよ」の	MAP_D_CAD_00 175		
	クリア条件を満たした！			
176	「新人ランカー襲撃事件」の	MAP_D_CAD_00 176		
	クリア条件を満たした！			
177	「優しい猛者、募集中」の	MAP_D_CAD_00 177		
	クリア条件を満たした！			
178	「異郷からきた尋ね人」の	MAP_D_CAD_00 178		
	クリア条件を満たした！			
179	「勇壮なる護衛の依頼」の	MAP_D_CAD_00 179		
	クリア条件を満たした！			
180	「赫の指環を求めて」の	MAP_D_CAD_00 180		
	クリア条件を満たした！			
181	「闘技場の害獣駆除」の	MAP_D_CAD_00 181		
	クリア条件を満たした！			
182	「回覧板配達人」の	MAP_D_CAD_00 182		
	クリア条件を満たした！			
183	「討伐修練【緊急】」の	MAP_D_CAD_00 183		
	クリア条件を満たした！			
184	「鉱物資源の収集【緊急】」の	MAP_D_CAD_00 184		
	クリア条件を満たした！			
185	「タリー石を探せ」の	MAP_D_CAD_00 185		
	クリア条件を満たした！			
186	「甘梅草を探せ」の	MAP_D_CAD_00 186		
	クリア条件を満たした！			
187	「衛兵の剣の没収」の	MAP_D_CAD_00 187		
	クリア条件を満たした！			
188	「衛兵の剣の返却」の	MAP_D_CAD_00 188		
	クリア条件を満たした！			
189	「森のイビノス駆除【重大】」の	MAP_D_CAD_00 189		
	クリア条件を満たした！			
190	「回廊のイビノス駆除【重大】」の	MAP_D_CAD_00 190		
	クリア条件を満たした！			
191	「七騎士認定修練【重大】」の	MAP_D_CAD_00 191		
	クリア条件を満たした！			
192	ガンドアが	MAP_D_CAD_00 192		
	トラベルマップで通行可能になりました			
193	ガンドアが	MAP_D_CAD_00 193		
	トラベルマップで通行不能になりました			
194	カンタレラが	MAP_D_CAD_00 194		
	トラベルマップで通行可能になりました			
195	カンタレラが	MAP_D_CAD_00 195		
	トラベルマップで通行不能になりました			
196	トーロ荒地が	MAP_D_CAD_00 196		
	トラベルマップで通行可能になりました			
197	トーロ荒地が	MAP_D_CAD_00 197		
	トラベルマップで通行不能になりました			
198	リブラ森林が	MAP_D_CAD_00 198		
	トラベルマップで通行可能になりました			
199	リブラ森林が	MAP_D_CAD_00 199		
	トラベルマップで通行不能になりました			
200	マイヤールの森が	MAP_D_CAD_00 200		
	トラベルマップで通行可能になりました			
201	マイヤールの森が	MAP_D_CAD_00 201		
	トラベルマップで通行不能になりました			
202	ベリエ街道が	MAP_D_CAD_00 202		
	トラベルマップで通行可能になりました			
203	ベリエ街道が	MAP_D_CAD_00 203		
	トラベルマップで通行不能になりました			
204	ドネイ回廊が	MAP_D_CAD_00 204		
	トラベルマップで通行可能になりました			
205	ドネイ回廊が	MAP_D_CAD_00 205		
	トラベルマップで通行不能になりました			
206	ウィルゴー砂漠が	MAP_D_CAD_00 206		
	トラベルマップで通行可能になりました			
207	ウィルゴー砂漠が	MAP_D_CAD_00 207		
	トラベルマップで通行不能になりました			
208	カドモール水源が	MAP_D_CAD_00 208		
	トラベルマップで通行可能になりました			
209	カドモール水源が	MAP_D_CAD_00 209		
	トラベルマップで通行不能になりました			
210	カルキノス荒地が	MAP_D_CAD_00 210		
	トラベルマップで通行可能になりました			
211	カルキノス荒地が	MAP_D_CAD_00 211		
	トラベルマップで通行不能になりました			
212	ラ・キット遺跡が	MAP_D_CAD_00 212		
	トラベルマップで通行可能になりました			
213	ラ・キット遺跡が	MAP_D_CAD_00 213		
	トラベルマップで通行不能になりました			
214	レオン峡谷が	MAP_D_CAD_00 214		
	トラベルマップで通行可能になりました			
215	レオン峡谷が	MAP_D_CAD_00 215		
	トラベルマップで通行不能になりました			
216	ソダー回廊が	MAP_D_CAD_00 216		
	トラベルマップで通行可能になりました			
217	ソダー回廊が	MAP_D_CAD_00 217		
	トラベルマップで通行不能になりました			
218	ニシュラ氷河が	MAP_D_CAD_00 218		
	トラベルマップで通行可能になりました			
219	ニシュラ氷河が	MAP_D_CAD_00 219		
	トラベルマップで通行不能になりました			
220	いにしえの回廊が	MAP_D_CAD_00 220		
	トラベルマップで通行可能になりました			
221	いにしえの回廊が	MAP_D_CAD_00 221		
	トラベルマップで通行不能になりました			
222	フィッシェ街道が	MAP_D_CAD_00 222		
	トラベルマップで通行可能になりました			
223	フィッシェ街道が	MAP_D_CAD_00 223		
	トラベルマップで通行不能になりました			
224	レゾナール海岸が	MAP_D_CAD_00 224		
	トラベルマップで通行可能になりました			
225	レゾナール海岸が	MAP_D_CAD_00 225		
	トラベルマップで通行不能になりました			
226	ケイロニア高原が	MAP_D_CAD_00 226		
	トラベルマップで通行可能になりました			
227	ケイロニア高原が	MAP_D_CAD_00 227		
	トラベルマップで通行不能になりました			
228	ケイロニア砦が	MAP_D_CAD_00 228		
	トラベルマップで通行可能になりました			
229	ケイロニア砦が	MAP_D_CAD_00 229		
	トラベルマップで通行不能になりました			
230	サルバトーレ離宮が	MAP_D_CAD_00 230		
	トラベルマップで通行可能になりました			
231	サルバトーレ離宮が	MAP_D_CAD_00 231		
	トラベルマップで通行不能になりました			
232	リストにないよ？	MAP_D_CAD_00 147		
				
237	func00_C_EVENT_START1	MAP_D_CAD_00 233		
242	func00_C_EVENT_START2	MAP_D_CAD_00 238		
248	わお…	MAP_I_GAN_25 248		
	ここがタイロン租界か			
254	租界？	MAP_I_GAN_25 254		
258	機構が自治を	MAP_I_GAN_25 258		
	認めた地区なんだ		X	
	つまり機構…七騎士も			
	タイロンには			
	一目置いてるってこと		X	
	実はわたしもここに			
	入るのは初めてでね		X	
	ちょっと散歩してくるよ			
264	func00_C_EVENT_END1	MAP_D_CAD_00 372		
268	マキス	MAP_D_CAD_00 1258		
269	func00_C_EVENT_END2	MAP_D_CAD_00 377		
270	func00_C_EVENT_START1	MAP_D_CAD_00 233		
272	func00_C_EVENT_START2	MAP_D_CAD_00 238		
276	よう、ジグ	MAP_I_GAN_25 276		
	おめえ、ジグだよな？			
281	ああ	MAP_D_CAN_00 336		
288	おめえの世話を	MAP_I_GAN_25 288		
	してやれって親方から			
	言われたんだ		X	
	こっち来いよ			
297	おれはタイロン一家のリド	MAP_I_GAN_25 297		
	よろしく…おっ？		X	
	…おれたち			
	初対面か？			
302	…さあな	MAP_D_CAD_00 820		
305	ま、いっか	MAP_I_GAN_25 305		
307	func00_C_EVENT_END1	MAP_D_CAD_00 372		
309	func00_C_EVENT_END2	MAP_D_CAD_00 377		
310	func00_C_EVENT_START1	MAP_D_CAD_00 233		
325	func00_C_EVENT_START2	MAP_D_CAD_00 238		
329	よーし、ろくでなしども！	MAP_I_GAN_25 329		
	新入りを歓迎するぞ！			
340	最初は誰だ！？	MAP_I_GAN_25 340		
346	おれー！	MAP_I_GAN_25 346		
347	func00_C_EVENT_END1	MAP_D_CAD_00 372		
348	func00_C_EVENT_END2	MAP_D_CAD_00 377		
350	func00_C_EVENT_START1	MAP_D_CAD_00 233		
353	func00_C_EVENT_START2	MAP_D_CAD_00 238		
356	な、なんのつもりだ？	MAP_I_GAN_25 356		
360	歓迎にきまってんだろ？	MAP_I_GAN_25 360		
366	次、おれー！	MAP_I_GAN_25 366		
367	func00_C_EVENT_END1	MAP_D_CAD_00 372		
368	func00_C_EVENT_END2	MAP_D_CAD_00 377		
370	func00_C_EVENT_START1	MAP_D_CAD_00 233		
373	func00_C_EVENT_START2	MAP_D_CAD_00 238		
376	おい、いい加減に…	MAP_I_GAN_25 376		
383	逃げてもいいぞ	MAP_I_GAN_25 383		
	兄ちゃん！			
385	func00_C_EVENT_END1	MAP_D_CAD_00 372		
386	func00_C_EVENT_END2	MAP_D_CAD_00 377		
387	func00_C_EVENT_START1	MAP_D_CAD_00 233		
394	func00_C_EVENT_START2	MAP_D_CAD_00 238		
396	…くそっ	MAP_I_GAN_25 396		
398	おっと、もう終わりか？	MAP_I_GAN_25 398		
	おうちへ帰るか？			
405	よし、最後は	MAP_I_GAN_25 405		
	おれっちが相手だ			
410	おーっと！　大歓迎だぜ！	MAP_I_GAN_25 410		
415	本当に最後だな？	MAP_I_GAN_25 415		
421	おれっちはなーんにも	MAP_I_GAN_25 421		
	約束はしねえの			
424	func00_C_EVENT_END1	MAP_D_CAD_00 372		
425	func00_C_EVENT_END2	MAP_D_CAD_00 377		
426	func00_C_EVENT_START1	MAP_D_CAD_00 233		
432	func00_C_EVENT_START2	MAP_D_CAD_00 238		
434	はぁ…はぁ…	MAP_D_LUK_00 1499		
438	まあ、いいだろ	MAP_I_GAN_25 438	X	
	おい、運んどけ			
440	func00_C_EVENT_END1	MAP_D_CAD_00 372		
441	func00_C_EVENT_END2	MAP_D_CAD_00 377		
442	func00_C_EVENT_START1	MAP_D_CAD_00 233		
446	func00_C_EVENT_START2	MAP_D_CAD_00 238		
449	タイロン一家のシンボル…	MAP_I_GAN_25 449		
452	本当にこれで	MAP_I_GAN_25 452		
	良かったのか？			
458	マキス…どこにいる！	MAP_I_GAN_25 458		
459	タイロンとの戦いを通じて	MAP_I_GAN_25 459		
	奥義「スターボマー」を会得しました			
460	btl_pit230	MAP_I_GAN_25 460		
461	奥義は、特別な戦いで	MAP_I_GAN_25 461		
	手に入れることができる			
	スキルチップです			
462	btl_pit231	MAP_I_GAN_25 462		
463	奥義はいつでも使えますが	MAP_I_GAN_25 463		
	一度使うとセットしてある			
	Ｒスキルの使用回数が０になります			
464	btl_pit232	MAP_I_GAN_25 464		
466	奥義は超強力な一撃ですが	MAP_I_GAN_25 466		
	ランキング戦でしか使用できません			
	使いどころには注意しましょう			
467	btl_pit233	MAP_I_GAN_25 467		
468	また、奥義によっては使用後に	MAP_I_GAN_25 468		
	ボーナス効果がつくものもあるので			
	SKILLS画面でチェックしましょう		X	
	奥義は１つのスタイルに			
	１つだけしかセットできないので			
	注意してください			
470	func00_C_EVENT_END1	MAP_D_CAD_00 372		
471	func00_C_EVENT_END2	MAP_D_CAD_00 377		
472	func00_C_EVENT_START1	MAP_D_CAD_00 233		
476	func00_C_EVENT_START2	MAP_D_CAD_00 238		
479	よう、ジグ！	MAP_I_GAN_25 479		
	似合ってるじゃねえか！		X	
	これでおめえも			
	タイロン一家の			
	仲間ってわけだ			
485	ってわけで、一家の秘密を	MAP_I_GAN_25 485		
	教えてやる		X	
	修練板の前へ集合！			
489	func00_C_EVENT_END1	MAP_D_CAD_00 372		
490	func00_C_EVENT_END2	MAP_D_CAD_00 377		
491	func00_C_EVENT_START1	MAP_D_CAD_00 233		
493	func00_C_EVENT_START2	MAP_D_CAD_00 238		
498	これは、おれたちの	MAP_I_GAN_25 498		
	修練板だ		X	
	もちろんこれまで通り			
	下区の修練板にも			
	応募できるが…			
505	こっちの方が	MAP_I_GAN_25 505		
	楽しいぞ、ジグ		X	
	ちょっと危ない仕事は			
	全部ここへ			
	回ってくるのさ		X	
	もちろん機構も公認…			
	いや、黙認している		X	
	これは、外のやつらには			
	内緒だぜ？			
513	おれたちはいつだって	MAP_I_GAN_25 513		
	おっそろしい			
	タイロン一家		X	
	機構とつながってるなんて			
	知られたら最後			
	なめられちまうもんな			
518	func00_C_EVENT_END1	MAP_D_CAD_00 372		
520	func00_C_EVENT_END2	MAP_D_CAD_00 377		
521	func00_E_EVENT_START1	MAP_D_CAD_00 415		
525	func00_E_EVENT_START2	MAP_D_CAD_00 417		
528	ああ、そういや	MAP_I_GAN_25 528		
	こいつを渡しておくぜ			
531	授与【ウィルゴー砂漠通行許可】	MAP_I_GAN_25 531		
	{13}07{1d}G00000011位　ジグ			
	機構の掟の元、汝が然るべき力を得たとみなし			
	戦侯機構バザルタより上記権利を授与する{13}00			
534	おまえのランクには	MAP_I_GAN_25 534		
	ちょっと早いんだけどよ			
	タイロン一家特権だ		X	
	砂漠なんて			
	よほどの用事がなきゃ			
	行かねえけどな		X	
	とにかく			
	まずは修練を			
	こなしてみろよ			
536	func00_E_EVENT_END1	MAP_D_CAD_00 424		
538	func00_E_EVENT_END2	MAP_D_CAD_00 425		
540	func00_E_EVENT_START1	MAP_D_CAD_00 415		
542	func00_E_EVENT_START2	MAP_D_CAD_00 417		
544	げっ、ジグ、あんた…	MAP_I_GAN_02 237		
546	ちょっと顔を	MAP_I_GAN_02 239		
	見ないと思ったら			
	タイロン一家に！？			
548	そんなことのために	MAP_I_GAN_02 241		
	ガンドアへ来たのか？			
550	…プロポというのは…	MAP_I_GAN_02 243		
552	おれだけど？	MAP_I_GAN_02 245		
554	剣をよこせ	MAP_I_GAN_02 247		
556	ジグ…考え直せよ！	MAP_I_GAN_02 249		
558	プロポ、剣をよこせ	MAP_I_GAN_02 251		
560	わ、わかったよ	MAP_I_GAN_02 253		
562	田舎の両親が泣くぞ！	MAP_I_GAN_02 255		
564	そんなものはいない	MAP_I_GAN_02 257		
565	func00_E_EVENT_END1	MAP_D_CAD_00 424		
566	func00_E_EVENT_END2	MAP_D_CAD_00 425		
567	func00_E_EVENT_START1	MAP_D_CAD_00 415		
570	func00_E_EVENT_START2	MAP_D_CAD_00 417		
575	おかえり、ジグ…	MAP_I_GAN_02 268		
	あら？			
	浮かない顔してるね			
581	なあ、マキス	MAP_I_GAN_02 274		
	これで良かったのか？			
585	タイロン一家に	MAP_I_GAN_02 278		
	入ったこと？			
587	気持ちは分かるけど	MAP_I_GAN_02 280		
	大丈夫だよ、ジグ			
589	何事も経験だ	MAP_I_GAN_02 282		
	それに…			
594	まあ、修練板を	MAP_I_GAN_02 287		
	見てごらんよ			
597	func00_E_EVENT_END1	MAP_D_CAD_00 424		
598	func00_E_EVENT_END2	MAP_D_CAD_00 425		
599	func00_E_EVENT_START1	MAP_D_CAD_00 415		
600	func00_E_EVENT_START2	MAP_D_CAD_00 417		
601	func00_E_EVENT_END1	MAP_D_CAD_00 424		
602	func00_E_EVENT_END2	MAP_D_CAD_00 425		
603	func00_E_EVENT_START1	MAP_D_CAD_00 415		
607	func00_E_EVENT_START2	MAP_D_CAD_00 417		
610	おお、タイロン一家の方！	MAP_I_GAN_02 303		
	もしや…			
614	これを持ってきた	MAP_I_GAN_02 307		
619	ありがとうございます！	MAP_I_GAN_02 312		
623	確かに渡したぞ	MAP_I_GAN_02 316		
627	皆さんには本当にいつも	MAP_I_GAN_02 320		
	お世話になりっぱなしで…			
631	…その剣は、なんだ？	MAP_I_GAN_02 324		
635	おや、事情をご存知では	MAP_I_GAN_02 328		
	なかったのですか…			
637	この剣はうちの大事な	MAP_I_GAN_02 330		
	商品でございます			
639	それをバカ息子が	MAP_I_GAN_02 332		
	持ち出しましてね…			
641	武器は一流でも腕は三流	MAP_I_GAN_02 334		
	なんの役にも立ちません			
645	息子って…	MAP_I_GAN_02 338		
	衛兵のプロポか？			
649	はぁ…	MAP_I_GAN_02 342		
	自分で取り戻せば			
	いいんでしょうけどね…			
651	親子といえどもランクは	MAP_I_GAN_02 344		
	プロポが上です			
653	この世は強いことが正義…	MAP_I_GAN_02 346		
	どうしようもありません			
657	…かもな	MAP_D_CAD_00 310		
661	本当に感謝します	MAP_I_GAN_02 354		
	ええと…			
665	ジグだ	MAP_D_KOU_03 546		
669	ジグさん	MAP_I_GAN_02 362		
	ご恩は忘れませんよ			
671	それからタイロン様に	MAP_I_GAN_02 364		
	お伝え下さい			
673	武器屋がとても	MAP_I_GAN_02 366		
	感謝していたと			
676	func00_E_EVENT_END1	MAP_D_CAD_00 424		
678	func00_E_EVENT_END2	MAP_D_CAD_00 425		
679	func00_C_EVENT_START1	MAP_D_CAD_00 233		
682	func00_C_EVENT_START2	MAP_D_CAD_00 238		
687	おい、ジグ	MAP_I_GAN_06 241		
	親方が呼んでるぞ		X	
	おめえ、なんか			
	やらかしたのか？			
694	func00_C_EVENT_END1	MAP_D_CAD_00 372		
696	func00_C_EVENT_END2	MAP_D_CAD_00 377		
697	func00_C_EVENT_START1	MAP_D_CAD_00 233		
701	func00_C_EVENT_START2	MAP_D_CAD_00 238		
705	ジグ、遅い！	MAP_I_GAN_06 259		
708	…………	MAP_D_CAD_00 242		
710	まあ、いいだろ	MAP_I_GAN_06 264		
713	おまえにぴったりの	MAP_I_GAN_06 267		
	修練があるんだが…			
	興味はあるか？		X	
	…ないとは言わせねえ！			
719	何も言っていない	MAP_I_GAN_06 273		
722	口答えかよ…	MAP_I_GAN_06 276		
	だからこんなことに			
	なるんだ		X	
	カンタレラの連中ってのは			
	みんなそうなのかねぇ…			
724	タイロン…	MAP_I_GAN_06 278		
727	さん！	MAP_I_GAN_06 281		
731	タイロン…さん	MAP_I_GAN_06 285		
	なんの話だ？			
735	アンチ・バザルタの連中を	MAP_I_GAN_06 289		
	この世から排除しようと			
	七騎士が動き出した			
738	アンチ・バザルタ？	MAP_I_GAN_06 292		
741	かーっ、知らねえのか？	MAP_I_GAN_06 295	X	
	機構に従わない連中…			
	たとえば、おまえの			
	故郷の{17}02			
745	カンタレラが！？	MAP_I_GAN_06 299		
750	おうよ！	MAP_I_GAN_06 304		
755	カンタレラの連中は	MAP_I_GAN_06 309		
	アンチなんかじゃない		X	
	昔から伝わる儀式を			
	ただ繰り返すだけの			
	退屈な{17}02			
761	その儀式の禁止命令が出た	MAP_I_GAN_06 315	X	
	んが、連中はそれを			
	無視しやがった		X	
	昨日も儀式を			
	やったらしい		X	
	機構をコケにしちゃあ			
	アンチと呼ばれても			
	仕方がねえだろーよ		X	
	うちからはおまえを出す			
764	カンタレラの連中を	MAP_I_GAN_06 318		
	機構の命令に従わせろ		X	
	抵抗したら…抹殺だ			
767	抹殺…	MAP_I_GAN_06 321		
769	修練完了のアカシは	MAP_I_GAN_06 323		
	「天仰鏡」とかいうものを			
	持ってくること			
772	カンタレラを	MAP_I_GAN_06 326		
	抹殺するって！？			
776	とっとと行け！	MAP_I_GAN_06 330		
778	func00_C_EVENT_END1	MAP_D_CAD_00 372		
779	func00_C_EVENT_END2	MAP_D_CAD_00 377		
780	func00_C_EVENT_START1	MAP_D_CAD_00 233		
785	func00_C_EVENT_START2	MAP_D_CAD_00 238		
789	ジグ、どうした？	MAP_I_GAN_06 343		
	顔が青いぞ			
793	マキス…	MAP_D_LUK_00 2500		
798	なるほど…	MAP_I_GAN_06 352		
	なるほど…			
802	おれはどうしたらいい？	MAP_I_GAN_06 356		
806	とにかく急いで	MAP_I_GAN_06 360		
	カンタレラへ行くんだ		X	
	その修練はまだ修練板で			
	告知されていない		X	
	つまりまだ指導者連中しか			
	知らないってわけだ		X	
	それをタイロンが			
	ジグに命じたのは…			
810	おれを…試しているのか？	MAP_I_GAN_06 364		
814	ちがう！	MAP_I_GAN_06 368	X	
	カンタレラの人たちに			
	危険を知らせにいけって			
	ことだと思うよ		X	
	そろそろタイロンって人を			
	わかってあげなよ			
818	func00_C_EVENT_END1	MAP_D_CAD_00 372		
819	func00_C_EVENT_END2	MAP_D_CAD_00 377		
820	func00_C_EVENT_START1	MAP_D_CAD_00 233		
824	func00_C_EVENT_START2	MAP_D_CAD_00 238		
828	ジグよう…	MAP_I_BAS_07 681		
	故郷は残念だったな…	Zig...Sorry about your village.	X	
	まあ、気ぃ落とすな	Don't let it get you down.	X	
	おれたちはおめえの	Think of us as your family from now on,		
	家族みてえなもんだ		X	
	ここがおめえの新しい	and think of this compound as your new home.		
	故郷ってことで			
	いいじゃねえか			
832	…かもな	I'll think about it.	X	
	いや、ありがとう	Sorry. I should thank you.		
835	func00_C_EVENT_END1	MAP_D_CAD_00 372		
836	func00_C_EVENT_END2	MAP_D_CAD_00 377		
837	func00_C_EVENT_START1	MAP_D_CAD_00 233		
840	func00_C_EVENT_START2	MAP_D_CAD_00 238		
844	ジグ、調子は？	MAP_I_BAS_07 697		
851	カンタレラのことなら	MAP_I_BAS_07 704		
	もういい			
	おれはだいじょうぶだ			
854	…………	MAP_D_CAD_00 242		
863	ほら！	MAP_I_BAS_07 716		
	だいじょうぶなもんか			
	無理するなよ			
867	マキス…	MAP_D_LUK_00 2500		
871	とは言うものの…	MAP_I_BAS_07 724		
	今できるのは上を目指して			
	精進することだけ			
876	ああ、わかっている	MAP_I_BAS_07 729		
878	func00_C_EVENT_END1	MAP_D_CAD_00 372		
879	func00_C_EVENT_END2	MAP_D_CAD_00 377		
880	func00_C_EVENT_START1	MAP_D_CAD_00 233		
894	func00_C_EVENT_START2	MAP_D_CAD_00 238		
897	ほう、これが…	MAP_I_BAS_07 750		
899	天仰の民カンタレラに	MAP_I_BAS_07 752		
	古来より伝わる			
	天仰鏡ですね？			
902	この世にひとつしかない	MAP_I_BAS_07 755		
	お宝だ			
904	何に使うのですか？	MAP_I_BAS_07 757		
907	この世にひとつしかない…	MAP_I_BAS_07 760		
	重要なのはそこだ		X	
	用途など知ったことか			
909	個人所有はダメですよ	MAP_I_BAS_07 762		
	機構で保存しましょう			
912	ふん…つまらん	MAP_I_BAS_07 765		
915	それで、誰に	MAP_I_BAS_07 768		
	やらせたの？			
918	噂の	MAP_I_BAS_07 771		
	サルバトーレのレン…		X	
	あの娘にやらせようと			
	思いましたがあれは…		X	
	実に素直で面白くない			
	もっと悩んで			
	欲しかったのですが…		X	
	ヒマだったので、結局			
	自分でやりましたよ		X	
	レンには後始末を命じて			
	おきました			
922	自分で…ということは	MAP_I_BAS_07 775		
	皆殺し、ですか			
926	ひひっ！	MAP_D_CAN_00 735		
929	…ユーリ、ほどほどに	MAP_I_BAS_07 782		
935	それで、イゴリダは	MAP_I_BAS_07 788		
	どうなったの？			
938	知りすぎた女イゴリダ	MAP_I_BAS_07 791		
	ですか…			
940	ひひっ！	MAP_I_BAS_07 793		
	そろそろあぶり出して			
	やりましょうかね			
943	func00_C_EVENT_END1	MAP_D_CAD_00 372		
944	12	MAP_I_BAS_07 797		
945	func00_C_EVENT_END2	MAP_D_CAD_00 377		
946	func00_C_EVENT_START1	MAP_D_CAD_00 233		
951	func00_C_EVENT_START2	MAP_D_CAD_00 238		
955	おいジグ、親方が	MAP_I_GAN_06 383		
	呼んでるぞ		X	
	なんだかキゲンが悪いから			
	気ぃつけろ			
958	func00_C_EVENT_END1	MAP_D_CAD_00 372		
960	func00_C_EVENT_END2	MAP_D_CAD_00 377		
961	func00_C_EVENT_START1	MAP_D_CAD_00 233		
964	func00_C_EVENT_START2	MAP_D_CAD_00 238		
967	遅い！	MAP_I_GAN_06 395		
	呼ばれたらすぐに来い			
	いや、呼ばれる前に来い			
971	…無茶だ	MAP_I_GAN_06 399		
975	でな、ジグっち	MAP_I_GAN_06 403		
978	ジグっち？	MAP_I_GAN_06 406		
981	おまえを買ってるって	MAP_I_GAN_06 409		
	ことじゃねえか			
984	でも…	MAP_D_LUK_00 1320		
988	文句あんのか、ジグっち	MAP_I_GAN_06 416		
995	いや、いい	MAP_I_GAN_06 423		
1000	アンチ野郎どもが会合を	MAP_I_GAN_06 428		
	開くって噂は			
	聞いてるか？		X	
	聞いてなくてもいい			
	ま、そういうことだ		X	
	場所は…あそこだ…			
	ああ、そうそう			
	【カドモール水源】！		X	
	で、その会合を			
	ぶっつぶすために			
	派遣されたやつらがいる		X	
	まあ、ザコどもだな			
	有象無象どもよ		X	
	本格的な征伐作戦前の			
	様子見ってことらしい		X	
	ところが、アンチどもが			
	滅法強いらしくてな…		X	
	このおれっちに			
	尻ぬぐいさせようと			
	七騎士は考えやがった			
1003	迷惑な話だぜ、まったくよ！	MAP_I_GAN_06 431		
	ってわけで、ジグっち			
	おまえ、行ってこい		X	
	わーったな？			
	おれっちの代理だぞ？			
	しくじるなよ！			
1006	func00_C_EVENT_END1	MAP_D_CAD_00 372		
1007	func00_C_EVENT_END2	MAP_D_CAD_00 377		
1008	func00_C_EVENT_START1	MAP_D_CAD_00 233		
1010	EV01_17_0300B_c04	MAP_I_GAN_06 438		
1015	func00_C_EVENT_START2	MAP_D_CAD_00 238		
1019	さーて、早速行くだろ？	MAP_I_GAN_06 447		
1024	そうした方がいいんだろ？	MAP_I_GAN_06 452		
1028	もちろん	MAP_I_GAN_06 456	X	
	カンタレラの生き残りが			
	いるかもしれないからね			
1032	…………	MAP_D_CAD_00 242		
1034	族長の子供たちがいません	MAP_I_GAN_06 462		
1036	ふん…	MAP_I_GAN_06 464		
	おれにどうしろと…			
1040	わたしの望みはいつだって	MAP_I_GAN_06 468		
	変わらないよ		X	
	ジグ…		X	
	きみにはもっと強くなって			
	ほしいんだ			
	心身ともにね			
1050	ジグっち！	MAP_I_GAN_06 478		
	まだいやがったのか！		X	
	現場は			
	【カドモール水源】だぞ！		X	
	とっとと行って			
	ケリをつけてこい！			
1061	ジグ、わかるだろ？	MAP_I_GAN_06 489		
	この修練では、きみの			
	覚悟が問われている			
1065	つまり、きみは今	MAP_I_GAN_06 493		
	分かれ道に			
	立っているんだ			
1066	func00_C_EVENT_END1	MAP_D_CAD_00 372		
1067	func00_C_EVENT_END2	MAP_D_CAD_00 377		
1068	特命【カドモール水源にてアンチを討伐せよ】	MAP_I_GAN_06 496		
	{13}07カドモール水源にてアンチ・バザルタを討伐せよ			
	これに伴い、カドモール水源への立ち入りを許可する			
	ウィルゴー砂漠を経て現地に向かうべし{13}00			
1069	func00_C_EVENT_START1	MAP_D_CAD_00 233		
1071	func00_C_EVENT_START2	MAP_D_CAD_00 238		
1074	すげえ報奨だな…	MAP_I_GAN_08 1046		
	ま、無理だけど			
1078	うちの親方なら	MAP_I_GAN_08 1050		
	いけるかもよ！			
1084	ジグ、すごい修練だ	MAP_I_GAN_08 1056		
	信じられない報奨！			
1089	どんな話だ？	MAP_I_GAN_08 1061		
1092	まあ、修練板を	MAP_I_GAN_08 1064		
	見てごらん？			
1096	func00_C_EVENT_END1	MAP_D_CAD_00 372		
1098	func00_C_EVENT_END2	MAP_D_CAD_00 377		
1099	func00_C_EVENT_START1	MAP_D_CAD_00 233		
1101	func00_C_EVENT_START2	MAP_D_CAD_00 238		
1104	ね、すごいだろ！	MAP_I_GAN_08 1076		
1109	受けた方がいいのか？	MAP_I_GAN_08 1081		
1114	無理無理	MAP_I_GAN_08 1086		
1119	…………	MAP_D_CAD_00 242		
1123	でも、この機会を	MAP_I_GAN_08 1095		
	利用して			
	のし上がらなくちゃ			
1128	どうするんだ？	MAP_I_GAN_08 1100		
1134	わたしにまかせて！	MAP_I_GAN_08 1106		
1139	func00_C_EVENT_END1	MAP_D_CAD_00 372		
1141	func00_C_EVENT_END2	MAP_D_CAD_00 377		
1142	func00_C_EVENT_START1	MAP_D_CAD_00 233		
1150	func00_C_EVENT_START2	MAP_D_CAD_00 238		
1155	ジグ、やったぞ	MAP_I_GAN_08 1128		
	タイロンが			
	その気になった！			
1161	おい、ジグっち	MAP_I_GAN_08 1134		
	おまえも一緒に来い			
1167	ああ	MAP_D_CAN_00 336		
1170	七騎士センゴクの技を	MAP_I_GAN_08 1143		
	受けられるなんて			
	滅多にないぞ		X	
	他の七騎士とちがって			
	あいつは腕試しなんて			
	やらせねえからな			
1175	戦いはいつだって	MAP_I_GAN_08 1148		
	真剣勝負、ってよ		X	
	それがいったい			
	どういう心境の			
	変化だか…			
1181	これから本格化する	MAP_I_GAN_08 1154		
	アンチとの戦いに備え…		X	
	七騎士、そして機構の			
	体制を整えるため…		X	
	わたしは			
	そう思いますけどね			
1186	くだらねえ！	MAP_I_GAN_08 1159		
	それよりおれっちは			
	センゴクの技だ			
1199	うーん…ちょっとあてが	MAP_I_GAN_08 1172		
	はずれたかな		X	
	もっと七騎士の地位に			
	興味を示してほしいよね…			
1205	タイロンの地位が上がれば	MAP_I_GAN_08 1178		
	きみの立場も良くなると			
	思ったんだけど…		X	
	ま、なんとかなるでしょ！			
	ジグ、行こう			
1211	センゴクが指定した戦場は	MAP_I_GAN_08 1184		
	古来、戦士の戦場として			
	有名な【ラ・キット遺跡】！		X	
	遺跡へ行くには			
	バザルタ鉄道を			
	使うんだけど…		X	
	ジグ、乗ったこと			
	ないよね？			
1217	…かもな	MAP_D_CAD_00 310		
1221	だよねえ…	MAP_I_GAN_08 1194	X	
	ジグのランクじゃ			
	まだ乗車許可は			
	もらえないし…		X	
	まあ、タイロンが			
	なんとかしてくれるさ		X	
	とりあえず駅まで			
	行ってみよう		X	
	駅の場所は知ってる？			
1230	…………	MAP_D_CAD_00 242		
1232	別に恥ずかしい	MAP_I_GAN_08 1205		
	ことじゃないよ、うん			
1237	機構に登録する時に	MAP_I_GAN_08 1210		
	宣誓をしただろ？		X	
	駅はあの建物の			
	奥にあるんだ			
1240	func00_C_EVENT_END1	MAP_D_CAD_00 372		
1243	老人	MAP_I_GAN_08 1216		
1245	少年	MAP_I_GAN_08 1218		
1247	少女	MAP_I_GAN_08 1220		
1248	func00_C_EVENT_END2	MAP_D_CAD_00 377		
1249	func00_C_EVENT_START1	MAP_D_CAD_00 233		
1252	func00_C_EVENT_START2	MAP_D_CAD_00 238		
1255	もしや	MAP_I_GAN_08 1228		
	ジグっち様では？			
1259	…………	MAP_D_CAD_00 242		
1263	人ちがいでしたか！	MAP_I_GAN_08 1236		
	失礼しました			
1267	いや、おれだ	MAP_I_GAN_08 1240		
1271	やっぱりそうですよね	MAP_I_GAN_08 1244		
	聞いていた通りの			
	田舎顔ですし{17}02			
1277	いや、あの…	MAP_I_GAN_08 1250		
1280	誰から何を聞いたんだ？	MAP_I_GAN_08 1253		
1283	タイロン様の使いの	MAP_I_GAN_08 1256		
	リドさんという方が			
	いらっしゃいました		X	
	そして、あか抜けない顔の			
	ジグっち様が来たら			
	乗車許可証を{17}02			
1288	さっさとよこせ！	MAP_I_GAN_08 1261		
1292	怒ってます？	MAP_I_GAN_08 1265		
1297	…かもな	MAP_D_CAD_00 310		
1299	…………	MAP_I_GAN_08 1272	X	
	こちらがバザルタ鉄道			
	乗車許可証です			
	お受け取り下さい			
1303	授与【バザルタ鉄道乗車許可】	MAP_I_GAN_08 1276		
	{13}07{1d}G00000011位　ジグ			
	機構の掟の元、汝が然るべき力を得たとみなし			
	戦侯機構バザルタより上記権利を授与する{13}00			
1306	それではよい旅を	MAP_I_GAN_08 1279		
	ジグっち様			
1309	func00_C_EVENT_END1	MAP_D_CAD_00 372		
1312	func00_C_EVENT_END2	MAP_D_CAD_00 377		
1313	func00_C_EVENT_START1	MAP_D_CAD_00 233		
1315	func00_C_EVENT_START2	MAP_D_CAD_00 238		
1324	おめえ、鉄道は	MAP_I_GAN_08 1297		
	はじめてだろ？			
1328	ああ…	MAP_I_GAN_08 1301		
	おまけに田舎顔だしな			
1332	根に持つな	MAP_I_GAN_08 1305		
	性根がくさるぞ			
1335	…………	MAP_D_CAD_00 242		
1339	わかったら、さっそく	MAP_I_GAN_08 1312		
	「鉄道の歌」を覚えろ			
1344	はあ？	MAP_I_BAS_10 3502		
1348	乗車許可証とは別に	MAP_I_GAN_08 1321		
	鉄道の歌が必要なんだ		X	
	降りるときに役人に			
	聞かせる習わしだ			
1354	意味がわからない	MAP_I_GAN_08 1327		
1359	意味？	MAP_I_GAN_08 1332		
	習わしの意味なんて			
	誰も知らねえだろう？		X	
	いいか？			
	いくぞ			
1371	鉄道すごいぞ	MAP_I_GAN_08 1344		
	レールは直線			
1374	ゆるいカーブは	MAP_I_GAN_08 1347		
	問題ない			
1375	急なカーブは	MAP_I_GAN_08 1348		
	むずかしい			
1378	ありがとう鉄道	MAP_I_GAN_08 1351		
	安全運行ありがとう			
1387	以上！	MAP_I_GAN_08 1360		
1390	…冗談だろ？	MAP_I_GAN_08 1363		
1394	おれも最初は	MAP_I_GAN_08 1367		
	信じなかったぜ…		X	
	でも、歌わなかったせいで			
	一生列車ドレイとして			
	過ごした奴もいるらしい			
1400	列車ドレイ？	MAP_I_GAN_08 1373		
1405	会いたくもねえけどな	MAP_I_GAN_08 1378		
1407	func00_C_EVENT_END1	MAP_D_CAD_00 372		
1410	func00_C_EVENT_END2	MAP_D_CAD_00 377		
1411	func00_C_EVENT_START1	MAP_D_CAD_00 233		
1415	func00_C_EVENT_START2	MAP_D_CAD_00 238		
1419	おい、ジグ！	MAP_I_GAN_22 241		
	親方はどうしたんだ！？			
1423	それが…	MAP_I_GAN_22 245		
1428	んなバカな！	MAP_I_GAN_22 250	X	
	親方はアンチの女を			
	追いかけて			
	いなくなったってのか？		X	
	その上、その女に			
	やられた？			
	アホクサ…			
1435	色じかけに	MAP_I_GAN_22 257		
	やられたか…			
1439	ふざけるんじゃねえ！	MAP_I_GAN_22 261		
1444	そう言えば…	MAP_I_GAN_22 266		
	タイロンとその女は			
	知り合いみたいだった			
1450	もしかしてその女…	MAP_I_GAN_22 272		
	片目じゃねえのか？			
1454	ああ	MAP_D_CAN_00 336		
1458	なんだよおめえ	MAP_I_GAN_22 280		
	何を知ってるってんだ！			
1463	な、なんにも	MAP_I_GAN_22 285		
	知らねえよ！		X	
	夜中にふたりが			
	言い合いしてるのを			
	見ただけだ！			
1468	なんで言わねえんだよ！	MAP_I_GAN_22 290		
1472	んなこと	MAP_I_GAN_22 294		
	いいトシぶっこいた男が			
	ペラペラしゃべるかよ！		X	
	それに、マキスの野郎が…			
	あいつが誰にも			
	言うなってよ			
1478	そうだ！	MAP_I_GAN_22 300		
	マキスはどこへ			
	行きやがった！			
1483	マキスも一緒に…	MAP_I_GAN_22 305		
1488	けっ！	MAP_I_GAN_22 310		
	そういうことかよ！			
	なんだよなんだよ！			
1496	ジグ…	MAP_I_GAN_22 318		
	おめえは信じても			
	いいんだな？			
1499	ああ	MAP_D_CAN_00 336		
1502	おめえにまで裏切られたら	MAP_I_GAN_22 324		
	おれは泣くぜ…			
1503	func00_C_EVENT_END1	MAP_D_CAD_00 372		
1505	func00_C_EVENT_END2	MAP_D_CAD_00 377		
1506	func00_C_EVENT_START1	MAP_D_CAD_00 233		
1510	func00_C_EVENT_START2	MAP_D_CAD_00 238		
1513	タイロンさんが	MAP_I_GAN_22 335		
	いなくなったというのは			
	本当かの？		X	
	我々を見捨てて			
	アンチに入ったのだとか			
1518	誰から聞いたんだ？	MAP_I_GAN_22 340		
1523	func00_C_EVENT_END1	MAP_D_CAD_00 372		
1525	func00_C_EVENT_END2	MAP_D_CAD_00 377		
1528	func00_B_EVENT_START1	MAP_D_CAD_00 459		
1540	func00_B_EVENT_START2	MAP_D_CAD_00 465		
1541	下がれ！	MAP_I_GAN_22 363		
1542	タイロン一家は租界から	MAP_I_GAN_22 364		
	出てはならぬ！			
1548	誰の命令だ	MAP_I_GAN_22 370		
1549	わたしですよ	MAP_I_GAN_22 371		
1552	七騎士のユーリです	MAP_I_GAN_22 374		
1556	タイロン問題に関して	MAP_I_GAN_22 378		
1559	機構から一任されましてね	MAP_I_GAN_22 381		
1565	タイロンの留守を	MAP_I_GAN_22 387		
	預かっているのは誰ですか？			
1569	おれだ	MAP_I_GAN_22 391		
1576	あなたはそういう器では	MAP_I_GAN_22 398		
	ありませんね			
1577	思うに…	MAP_I_GAN_22 399		
1578	カンタレラのジグ？	MAP_I_GAN_22 400		
1579	そうだ…	MAP_I_GAN_22 401		
	カンタレラは捨てたけどな			
1580	あなたと話すことに	MAP_I_GAN_22 402		
	しましょうか			
1583	タイロンの謀反のことは	MAP_I_GAN_22 405		
	前々から知っていましたね？			
1585	いや	MAP_I_BAS_01 298		
1586	あなたはずいぶんと	MAP_I_GAN_22 408		
1590	気に入られていたと聞いていますが…	MAP_I_GAN_22 412		
1591	…かもな	MAP_D_CAD_00 310		
1595	タイロンはあなたの	MAP_I_GAN_22 417		
	出自を知っていた？			
1596	だから自分の	MAP_I_GAN_22 418		
	配下にしたのでしょうか？			
1597	そんなこと、おれにはわからない	MAP_I_GAN_22 419		
1599	アンチの女…イゴリダと	MAP_I_GAN_22 421		
	会ったのは何度目です？			
1601	たしか…	MAP_I_GAN_22 423		
1604	ほう！　初めてではない！	MAP_I_GAN_22 426		
1605	何度も会っていた、と	MAP_I_GAN_22 427		
1606	そういう意味じゃない！	MAP_I_GAN_22 428		
1607	どういう意味でしょうね？	MAP_I_GAN_22 429		
1611	なんも聞いてねえぞ	MAP_I_GAN_22 433		
1614	報告するようなことは…	MAP_I_GAN_22 436		
1615	何もありませんでしたか	MAP_I_GAN_22 437		
1620	あなたの言葉は	MAP_I_GAN_22 442		
	とても信用できません			
1626	どうしろと言うんだ？	MAP_I_GAN_22 448		
1627	困りましたね…	MAP_I_GAN_22 449		
1628	とにかくおれは何も知らない	MAP_I_GAN_22 450		
1631	ふむ…	MAP_I_GAN_22 453		
1632	我らはすべて機構の	MAP_I_GAN_22 454		
	掟のもとで生きる身			
1633	我々らしく決着を	MAP_I_GAN_22 455		
	付けるというのはどうでしょうね			
1635	強さによって身の証をたてなさい	MAP_I_GAN_22 457		
1637	…いいだろう	MAP_D_SAB_00 727		
1639	相手はわたしではありません	MAP_I_GAN_22 461		
1642	さあ、ジグ	MAP_I_GAN_22 464		
	戦いの準備を！			
1643	func00_B_EVENT_END1	MAP_D_CAD_00 522		
1662	func00_B_EVENT_END2	MAP_D_CAD_00 527		
1665	func00_BATTLE_EVENT	MAP_D_CAD_00 457		
1667	func00_B_EVENT_START1	MAP_D_CAD_00 459		
1679	func00_B_EVENT_START2	MAP_D_CAD_00 465		
1680	では、あなたの相手を紹介しましょう	MAP_I_GAN_22 502		
1684	もうひとり身の証を	MAP_I_GAN_22 506		
	たてなくてはならない者がいるのです			
1687	ファズ！	MAP_D_LUK_00 2075		
1690	ファズ、生きていたんだな！	MAP_I_GAN_22 512		
1691	この男は勝利によって	MAP_I_GAN_22 513		
	機構への忠誠心を見せねばなりません			
1695	あなたと同じです	MAP_I_GAN_22 517		
	幾千の言葉も信じてはもらえない			
1698	不幸ですね…	MAP_I_GAN_22 520		
1699	でも、仕方がありません	MAP_I_GAN_22 521		
1701	アンチの一族から来たのですから	MAP_I_GAN_22 523		
1704	ファズ！？	MAP_D_CAD_00 726		
1705	ハーッ！	MAP_D_DNE_00 302		
1710	なぜだ！？	MAP_I_GAN_22 532		
1726	func00_B_EVENT_END1	MAP_D_CAD_00 522		
1730	func00_B_EVENT_END2	MAP_D_CAD_00 527		
1731	func00_B_EVENT_START1	MAP_D_CAD_00 459		
1746	func00_B_EVENT_START2	MAP_D_CAD_00 465		
1747	…なぜだ	MAP_I_GAN_22 569		
1748	自分が出て行くだけでは	MAP_I_GAN_22 570		
	飽きたらずに…			
1749	カンタレラが反機構活動を	MAP_I_GAN_22 571		
	しているなどと…			
1752	何を言ってるんだ？	MAP_D_SAL_00 298		
1755	おれはこれほど誰かを	MAP_I_GAN_22 577		
	憎いと思ったことはない			
1756	ふふふふ…	MAP_I_GAN_22 578		
1760	さあ、ジグ、どうしますか？	MAP_I_GAN_22 582		
1761	もう決着はついている	MAP_I_GAN_22 583		
1763	これはランキング戦ではない！	MAP_I_GAN_22 585		
1768	おれは生きのびてやる	MAP_I_GAN_22 590		
1773	そこまで！	MAP_I_GAN_22 595		
1774	ひひっ！	MAP_D_CAN_00 735		
1778	これは失礼…	MAP_I_GAN_22 600		
1779	実に惜しい…	MAP_I_GAN_22 601		
1780	一度きりで終わらせるには	MAP_I_GAN_22 602		
	実に惜しい…			
1781	ふむ…	MAP_I_GAN_22 453		
1782	いいでしょう	MAP_I_BAS_07 1542		
1785	タイロンの不祥事の件…	MAP_I_GAN_22 607		
1786	わたしの権限でなんとか	MAP_I_GAN_22 608		
	穏便に収めましょう			
1790	条件は…	MAP_I_GAN_22 612		
1791	そうですね	MAP_I_GAN_22 613		
1798	タイロン一家の解散…	MAP_I_GAN_22 620		
1802	そして租界からの退去…	MAP_I_GAN_22 624		
1804	これくらいに	MAP_I_GAN_22 626		
	しておきましょうか			
1805	なーに、礼には	MAP_I_GAN_22 627		
	およびませんよ			
1809	さあ、ファズ	MAP_I_GAN_22 631		
1810	来なさい	MAP_I_GAN_22 632		
1811	これからのことを	MAP_I_GAN_22 633		
	じっくり話し合わなければ			
1814	強くなっててっぺんに	MAP_I_GAN_22 636		
	立ちたいと言ってたな			
1816	せいぜい、励むがいいさ	MAP_I_GAN_22 638		
1817	おれは地の底から	MAP_I_GAN_22 639		
	おまえを憎み続けてやる			
1820	ファズ、誤解だ	MAP_I_GAN_22 642		
1821	おれはカンタレラを	MAP_I_GAN_22 643		
	売ったりはしていない！			
1824	ひひっ！	MAP_I_GAN_22 646		
	いやいや、どうでしょう			
1825	あなたが現れるまで	MAP_I_GAN_22 647		
1826	カンタレラのことは	MAP_I_GAN_22 648		
	皆、忘れていましたから			
1828	func00_B_EVENT_END1	MAP_D_CAD_00 522		
1841	func00_B_EVENT_END2	MAP_D_CAD_00 527		
1842	func00_E_EVENT_START1	MAP_D_CAD_00 415		
1843	func00_E_EVENT_START2	MAP_D_CAD_00 417		
1845	ファズってのは	MAP_I_GAN_22 667		
	カンタレラ時代の			
	ダチなんだろ？			
1847	それでもやっぱり	MAP_I_GAN_22 669		
	きっちりケリを			
	つけるべきだったな			
1849	おれたちみんな…	MAP_I_GAN_22 671		
	おめえの覚悟を			
	信じたかったぜ…			
1850	func00_E_EVENT_END1	MAP_D_CAD_00 424		
1851	func00_E_EVENT_END2	MAP_D_CAD_00 425		
1852	func00_C_EVENT_START1	MAP_D_CAD_00 233		
1855	func00_C_EVENT_START2	MAP_D_CAD_00 238		
1861	よう、ジグ	MAP_I_GAN_22 683		
	タイロン一家の話は			
	聞いてるぞ		X	
	へん！　いい気味だ！			
1867	待てよ	MAP_D_CAD_00 632		
1871	行くとこないんだろ？	MAP_I_GAN_22 693		
	良かったら、あの宿舎へ			
	戻って来いよ		X	
	新入りの場所が			
	空いているからさ		X	
	あんたなら大丈夫だって			
	宿舎のみんなには			
	言っておいた			
1875	ポッド…	MAP_I_GAN_22 697		
1880	おれってお人好し	MAP_I_GAN_22 702		
	すぎるよな			
1884	func00_C_EVENT_END1	MAP_D_CAD_00 372		
1886	func00_C_EVENT_END2	MAP_D_CAD_00 377		
1887	func00_C_EVENT_START1	MAP_D_CAD_00 233		
1893	func00_C_EVENT_START2	MAP_D_CAD_00 238		
1903	おい、おまえ…	MAP_I_GAN_22 725		
1908	タイロン一家のジグだろ？	MAP_I_GAN_22 730		
	噂は聞いてるぞ			
1912	故郷、機構、タイロン一家	MAP_I_GAN_22 734		
	何を裏切ったって			
	おまえの勝手だ			
1916	でもな、ポッドを	MAP_I_GAN_22 738		
	裏切ることだけは			
	おれたちが許さねえ			
1920	どんなにランクが上でも	MAP_I_GAN_22 742		
	おれたち全員の相手は			
	難しいと思うぜ？			
1924	…ああ、わかった	MAP_D_SAB_00 417		
1928	おれたちはみんなポッドに	MAP_I_GAN_22 750		
	推薦してもらって			
	機構に入ったんだ			
1932	おまえだってそうだろう？	MAP_I_GAN_22 754		
1938	あれ！？　どした？	MAP_I_GAN_22 760		
	もめてるのか！？			
1946	まさか！	MAP_I_GAN_22 768		
	歓迎してたのよ			
1951	ああ、なんでもない	MAP_I_GAN_22 773		
	また世話になるよ			
1955	うん…	MAP_I_GAN_22 777		
1958	じゃあ、ゆっくりしてくれ	MAP_I_GAN_22 780		
	…って、別におれの家じゃ			
	ないけどな！			
1972	おれは誰も裏切ったりは	MAP_I_GAN_22 794		
	していない！			
1974	func00_C_EVENT_END1	MAP_D_CAD_00 372		
1977	func00_C_EVENT_END2	MAP_D_CAD_00 377		
1983	よぉ、お目覚めか？	MAP_I_GAN_22 805		
1988	…ああ	MAP_D_CAN_04 784		
1992	ポッドが心配してたから	MAP_I_GAN_22 814		
	顔を見せに行けよ			
	元気な顔見せによ		X	
	うそでもいいから			
	元気な顔だぞ		X	
	おまえはどうでもいいが			
	ポッドに心配かけるなよ			
1996	…どこにいる？	MAP_I_GAN_22 818		
2000	さあな	MAP_I_GAN_22 822		
	大橋でいつもの			
	衛兵修練じゃないのか			
2005	func00_C_EVENT_START1	MAP_D_CAD_00 233		
2011	func00_C_EVENT_START2	MAP_D_CAD_00 238		
2017	おまえがマキスに	MAP_I_GAN_22 839		
	情報を流していたことは			
	わかっている			
2021	奴から連絡があったら	MAP_I_GAN_22 843		
	おれに言え			
	わかったな？			
2024	…………	MAP_D_CAD_00 242		
2027	返事は？	MAP_I_GAN_22 849		
2030	…………	MAP_D_CAD_00 242		
2034	もう少し	MAP_I_GAN_22 856		
	痛めつけておけ			
2041	ファズ、やめろ！	MAP_I_GAN_22 863		
2047	おやおや…	MAP_I_GAN_22 869	X	
	そういえばおまえも			
	マキスと親しかった			
	らしいな		X	
	マキスから連絡が			
	あったら…			
2051	その時は	MAP_I_GAN_22 873		
	まず、おれが話す			
2055	いいだろう	MAP_I_GAN_22 877		
	だが、その後、殺せ			
2059	ファズ、おまえ…	MAP_I_GAN_22 881		
2063	変わったか？	MAP_I_GAN_22 885		
	ふん、誰のせいだろうな			
2066	…………	MAP_I_GAN_22 888	X	
	そうだ、ファズ			
	ミシーは無事なのか？			
2070	おまえにはその名を	MAP_I_GAN_22 892		
	口にする権利などない！			
2075	ファズ…	MAP_I_GAN_22 897		
	おまえもそれ以上は			
	しゃべるな			
2078	ふん…	MAP_D_SIN_02 392		
2084	func00_C_EVENT_END1	MAP_D_CAD_00 372		
2089	つぶやく女性	MAP_I_GAN_22 912		
2091	嫌悪する男性	MAP_I_GAN_22 914		
2094	func00_C_EVENT_END2	MAP_D_CAD_00 377		
2095	func00_E_EVENT_START1	MAP_D_CAD_00 415		
2098	func00_E_EVENT_START2	MAP_D_CAD_00 417		
2101	大丈夫か？	MAP_D_KOU_03 665		
2108	かまうな…	MAP_I_GAN_22 931		
	巻き込まれるぞ…			
2113	…………	MAP_D_CAD_00 242		
2117	どこかへ行くつもり	MAP_I_GAN_22 940		
	だったんじゃないのか？			
2122	…ああ	MAP_I_GAN_22 945		
	ちょっと大橋へ			
2127	だったら、さっさと行け	MAP_I_GAN_22 950	X	
	…人生は思うほど			
	長くはないぞ			
	より道はほどほどにな			
2131	func00_E_EVENT_END1	MAP_D_CAD_00 424		
2134	func00_E_EVENT_END2	MAP_D_CAD_00 425		
2135	func00_E_EVENT_START1	MAP_D_CAD_00 415		
2136	func00_E_EVENT_START2	MAP_D_CAD_00 417		
2138	おれたち、親方に	MAP_I_GAN_22 961		
	捨てられちまったな…			
2140	けっ…	MAP_I_GAN_22 963		
	おまえが来るまでは			
	楽しかったぜ…			
2142	いつかあの租界を	MAP_I_GAN_22 965		
	取り戻してみせるぜ…			
2144	親方には一生	MAP_I_GAN_22 967		
	ついて行こうと			
	思ってたのになぁ			
2145	func00_E_EVENT_END1	MAP_D_CAD_00 424		
2146	func00_E_EVENT_END2	MAP_D_CAD_00 425		
2147	func00_C_EVENT_START1	MAP_D_CAD_00 233		
2149	func00_C_EVENT_START2	MAP_D_CAD_00 238		
2152	調子はどうだ、ジグ	MAP_I_GAN_22 975		
2156	どうかな…	MAP_I_GAN_22 979		
2162	何があってもこの世界は	MAP_I_GAN_22 985		
	変わらない		X	
	結局、修練に参加して			
	ランカーと戦って			
	強くなるしかない		X	
	世界が変わらないなら			
	自分が強くなって			
	変わらなくちゃ		X	
	って、おれが言っても			
	説得力ゼロか…			
2169	いや…	MAP_I_GAN_22 992		
	そんなことはない		X	
	その通りだと思う			
2175	だったら…	MAP_I_GAN_22 998	X	
	そのタイロン一家の証は			
	はずした方が			
	いいんじゃない？			
2179	func00_C_EVENT_END1	MAP_D_CAD_00 372		
2180	13	MAP_I_GAN_22 1003		
2182	func00_C_EVENT_END2	MAP_D_CAD_00 377		
2183	func00_E_EVENT_START1	MAP_D_CAD_00 415		
2187	func00_E_EVENT_START2	MAP_D_CAD_00 417		
2190	おっ、さっそく修練を	MAP_T_GAN_00 1575		
	受けるんだな！			
2192	修練「衛兵の剣の没収」	MAP_T_GAN_00 1577		
	に参加しますか？			
2193	参加する	MAP_D_CAD_00 919		
2194	参加しない	MAP_D_CAD_00 920		
2199	よしよし	MAP_T_GAN_00 1584		
	そうこなくちゃな！			
2203	衛兵の剣を奪えって	MAP_T_GAN_00 1588		
	どういうことだ？			
2207	どういうことも何も	MAP_T_GAN_00 1592		
	聞いたままじゃねぇか			
2209	大橋の衛兵の中に	MAP_T_GAN_00 1594		
	プロポって男がいる			
2211	そいつの使ってる剣を	MAP_T_GAN_00 1596		
	取ってくるんだ			
2215	これくらい	MAP_T_GAN_00 1600		
	ちゃちゃっと片付けて			
	みせろよ！			
2217	func00_E_EVENT_END1	MAP_D_CAD_00 424		
2219	func00_E_EVENT_END2	MAP_D_CAD_00 425		
2222	はぁ？　ジグよぉ	MAP_T_GAN_00 1607		
	そんなんじゃだめだぜ			
2224	func00_E_EVENT_END1	MAP_D_CAD_00 424		
2225	func00_E_EVENT_END2	MAP_D_CAD_00 425		
2226	func00_E_EVENT_START1	MAP_D_CAD_00 415		
2229	func00_E_EVENT_START2	MAP_D_CAD_00 417		
2233	げっ、ジグ、あんた…	MAP_I_GAN_02 237		
2236	ちょっと顔を	MAP_I_GAN_02 239		
	見ないと思ったら			
	タイロン一家に！？			
2238	そんなことのために	MAP_I_GAN_02 241		
	ガンドアへ来たのか？			
2242	…プロポというのは…	MAP_I_GAN_02 243		
2246	おれだけど？	MAP_I_GAN_02 245		
2251	剣をよこせ	MAP_I_GAN_02 247		
2255	ジグ…考え直せよ！	MAP_I_GAN_02 249		
2259	プロポ、剣をよこせ	MAP_I_GAN_02 251		
2263	なんだよ、あんた…	MAP_T_GAN_00 1648		
	そんなに欲しかったら			
	力ずくで…			
2269	ジグ！？	MAP_I_BAS_00 376		
2273	ふん	MAP_T_GAN_00 1658		
	タ、タイロン一家なんて			
	こ、怖くないぞ！			
2278	おりゃ！	MAP_T_GAN_00 1663		
2283	わ、わかったよ	MAP_T_GAN_00 1668		
	剣を渡せばいいんだろ？			
2291	ジグ！！	MAP_T_GAN_00 1676		
	田舎の両親が泣くぞ！			
2294	そんなものはいない	MAP_I_GAN_02 257		
2296	func00_E_EVENT_END1	MAP_D_CAD_00 424		
2297	func00_E_EVENT_END2	MAP_D_CAD_00 425		
2298	func00_E_EVENT_START1	MAP_D_CAD_00 415		
2302	func00_E_EVENT_START2	MAP_D_CAD_00 417		
2305	お、持ってこれた	MAP_T_GAN_00 1690		
	じゃねぇか			
2310	それ、どうするんだ？	MAP_T_GAN_00 1695		
2314	さぁて	MAP_T_GAN_00 1699		
	どうするだろうな？			
2319	ま、次の修練も	MAP_T_GAN_00 1704		
	がんばれよ！			
2322	…………	MAP_D_CAD_00 242		
2323	func00_E_EVENT_END1	MAP_D_CAD_00 424		
2325	func00_E_EVENT_END2	MAP_D_CAD_00 425		
2326	func00_E_EVENT_START1	MAP_D_CAD_00 415		
2330	func00_E_EVENT_START2	MAP_D_CAD_00 417		
2333	…で、さっそく戻って	Back already?		
	きたってわけか			
2336	修練、受けるんだろ？	Are you going to accept the mission?		
2338	修練「衛兵の剣の返却」	Participate in training mission "Return Sentinel's Sword"?		
	に参加しますか？			
2339	参加する	MAP_D_CAD_00 919		
2340	参加しない	MAP_D_CAD_00 920		
2345	だよな！	I knew you would!		
2347	んじゃ、この剣は	Then, I'll give you the sword.		
	おまえに渡しとくぜ			
2352	届け先は下区の武器屋だ	Deliver it to the weapon shop in the lower district. Don't screw this up.		
	間違えんなよ			
2356	終わったら	When you're done, come back and report to me.		
	一応報告にこいよ			
2358	func00_E_EVENT_END1	MAP_D_CAD_00 424		
2360	func00_E_EVENT_END2	MAP_D_CAD_00 425		
2363	思わせぶりかよ！			
	ひでぇなおまえ！			
2365	func00_E_EVENT_END1	MAP_D_CAD_00 424		
2366	func00_E_EVENT_END2	MAP_D_CAD_00 425		
2367	func00_E_EVENT_START1	MAP_D_CAD_00 415		
2368	func00_E_EVENT_START2	MAP_D_CAD_00 417		
2369	func00_E_EVENT_END1	MAP_D_CAD_00 424		
2370	func00_E_EVENT_END2	MAP_D_CAD_00 425		
2371	func00_E_EVENT_START1	MAP_D_CAD_00 415		
2375	func00_E_EVENT_START2	MAP_D_CAD_00 417		
2378	へへっ、ごくろーさん	Good job. Here's your reward.		
	報奨渡しとくぜ			
2383	この報奨…	Where did you get this magazine?		
	どこから出ているんだ？			
2387	知りてぇか？	You want to know? Well, I'm not telling!		
	…教えねぇけどな！		X	
	ま、おまえが活躍すれば	If you hang around here long enough, you'll find out sooner or later!		
	そのうちなんとなく			
	わかると思うぜ！		X	
	そんなことより	I think you'll be able to manage until then!		
	ジグ、おまえそこそこ			
	できるじゃねえか！		X	
	おれたちの修練を	If you keep doing our training missions, you'll become a fine member of the family.		
	こなしたとなりゃあ			
	立派に一家の一員だな		X	
	…よし、今日は	Anyway, I've gathered everyone together for your welcoming party!		
	みんなを集めて			
	パーっと歓迎会だ！			
2390	…………	MAP_D_CAD_00 242		
2393	そんな顔すんなよ！	Don't look at me like that! This is your REAL welcoming party!		
	今度こそ本当の			
	歓迎会だっつーの！			
2397	下区へ行って			
	寄宿舎の部屋を			
	引き払ってこいよ		X	
	おまえの家は			
	この租界になったんだ			
	あっちはいらねえだろ？		X	
	それがおわったら			
	酒場に集合だからな！			
2401	じゃ、みんなには	Well, I need to go and get ready. Once you've done everything you need to do, meet me at the bar.		
	声をかけておくから			
	準備できたら酒場に集合な			
2403	func00_E_EVENT_END1	MAP_D_CAD_00 424		
2405	func00_E_EVENT_END2	MAP_D_CAD_00 425		
2406	シーン初期化	MAP_D_CAD_00 1232		
				
2407	オブジェクト配置	MAP_D_CAD_00 1233		
				
2408	オブジェクトトラップ配置	MAP_D_CAD_00 1235		
				
2409	マップチェンジトラップ配置	MAP_D_CAD_00 1236		
				
2412	リドを待たせたままだ			
	追い出されるまで			
	時間がない…			
2416	先に下区の寄宿舎に			
	行ってくるんだったな			
2417	■■■:	MAP_D_MAI_00 556		
2418	■	MAP_D_MAI_00 557		
				
2419	ユーリ登場			
				
2420	マキスの慰め	MAP_D_RIV_00 796		
				
2421	リドと決着			
				
2429	ＮＰＣ配置	MAP_D_CAD_00 1248		
				
2473	マキス	MAP_D_CAD_00 1258		
2474	配置しない	MAP_D_LUK_00 2576		
				
2475	配置しない	MAP_D_LUK_00 2576		
				
2476	配置しない	MAP_D_LUK_00 2576		
				
2482	素朴な老人	Naive Old Man		
2492	純心な兄	Pure-Hearted Brother		20
2495	無邪気な妹	Innocent Sister		
2498	滝を見つめる男	Man Staring at Falls		20
2500	…………	MAP_D_CAD_00 242		
2501	func00_E_EVENT_START1	MAP_D_CAD_00 415		
2502	func00_E_EVENT_START2	MAP_D_CAD_00 417		
2505	準備、できたんだろうな	Are you ready?		
2507	準備できましたか？	MAP_D_KOU_02 700		
2508	はい	MAP_D_CAD_00 432		
2509	いいえ	MAP_D_CAD_00 433		
2514	そうか…	Alright.		
2521	ジグ、歯ぁ食いしばれよ！	Zig, grit your teeth and take these blows like a man!		
2528	はぁ…はぁ…	Haa...haa...	X	
	…………	......		
2532	…ファズってのは	Was that Faz guy a friend of yours from Cantelera?		
	カンタレラ時代の			
	ダチなんだろ？		X	
	それでもやっぱり	Even if he was, you should have done more to bring this to a proper conclusion.		
	きっちりケリを			
	つけるべきだったな		X	
	おれたちみんな…	We all trusted in your determination...		
	おめえの覚悟を			
	信じたかったぜ…			
2535	…………	MAP_D_CAD_00 242		
2536	func00_E_EVENT_END1	MAP_D_CAD_00 424		
2541	func00_E_EVENT_END2	MAP_D_CAD_00 425		
2544	早く準備しろ			
	もうすぐ立ちのかなきゃ			
	なんねぇんだからよ！			
2546	func00_E_EVENT_END1	MAP_D_CAD_00 424		
2547	func00_E_EVENT_END2	MAP_D_CAD_00 425		
2548	リドと会う			
				
2549	租界修練説明			
				
2552	とにかく修練板を			
	見ろって！			
2557	大橋の衛兵の中に	MAP_T_GAN_00 1594		
	プロポって男がいる			
2559	そいつの使ってる剣を	MAP_T_GAN_00 1596		
	取ってくるんだ			
2561	まさか、もう疲れちまった			
	ってことはねぇだろ？		X	
	新入りはどんどん働け！			
	ほら、修練板確認！			
2565	剣の届け先は			
	下区の武器屋だ			
2567	終わったら	MAP_T_GAN_04 2356		
	一応報告にこいよ			
2569	下区へ行って			
	寄宿舎の部屋を			
	引き払ってこいよ		X	
	それがおわったら			
	酒場に集合だからな！			
2571	準備ができたら			
	酒場に集合な			
2573	おれたちの基本は			
	「コワモテ」だぞ		X	
	みんなが避けて			
	通るようになれば			
	本物だ			
2575	早く行けよ			
	おれが怒鳴られるだろ！			
2577	何の仕事だか知らねぇが			
	親方から言われたことは			
	しっかりこなせよ！			
2579	とにかく親方に			
	報告してこいよ			
	それからゆっくり休め			
2581	親方が呼んでるって			
	言ってんだろ？			
2583	勝てよ、ジグ			
	話はそれからだぜ			
2586	…なんだよ			
	もう言うことはねえよ			
2588	おめえも早く引き上げろ			
2592	{14}02A6を返してもらいますか？	MAP_D_CAD_00 1299		
2593	はい	MAP_D_CAD_00 432		
2594	いいえ	MAP_D_CAD_00 433		
2599	…ほらよ	MAP_D_OBT_00 428		
2601	{14}02A6を返してもらった	MAP_D_CAD_00 1308		
2604	なんだってんだ？	MAP_D_OBT_00 432		
2606	{14}02A6を持っていません	MAP_D_CAD_00 1313		
2610	{14}02A6を渡しますか？	MAP_D_CAD_00 1317		
2615	おっと、うれしいねえ	MAP_D_OBT_00 441		
	じゃ、近々邪魔しに			
	行くぜ！			
2617	{14}02A6を渡した	MAP_D_CAD_00 1324		
2622	うーん、租界って			
	こんな風になってたんだね		X	
	タイロン租界になる前は			
	最貧地帯って			
	呼ばれてたから		X	
	てっきり薄暗くて			
	危険なところかと			
	思っていたよ			
2624	タイロンの指導で			
	ここまでになったのかな			
	すごいことだね、うん			
2626	ごめんごめん！			
	あんな歓迎を受けるとは			
	思ってなかったんだよ		X	
	…いろいろ思うところは			
	あるだろうけどさ			
	とにかく行動あるのみ！			
2628	まずはタイロン一家に			
	馴染まないとね			
2630	新しい修練が			
	告知されてるよ？			
2632	ここは楽しい			
	ところだねえ			
	そう思わないかい？			
2634	ウェルマーもこれまで通り			
	協力してくれるから			
	たまに会いにいってごらん			
2636	心機一転したことだし			
	またランクアップ目指して			
	がんばっていこうよ			
2638	タイロンが呼んでるって…			
	なんだろうね？			
2640	早くカンタレラへ！			
	故郷のみんなに			
	危機を知らせなくちゃ！			
2642	こんな時だからこそ			
	ドカンと派手な修練が			
	あるといいんだけどね			
2644	さあ、準備を整えて出発だ		X	
	【カドモール水源】は			
	ウィルゴー砂漠を			
	越えたところにあるんだよ			
2646	ウェルマーが新しい情報を			
	つかんだらしいから			
	聞いておいでよ			
2648	討伐には失敗したけど	MAP_I_BAS_07 2131		
	とにかくタイロンに			
	報告しなくちゃね			
2650	いろいろあったけど			
	気を取り直して			
	修練修練！		X	
	大丈夫、きみのランクは			
	着実に上がってるよ			
2652	ほら、ジグ！			
	修練板を見て！			
2654	わたしはあれこれ			
	準備するから			
	駅で集合しよう		X	
	機構に登録する時に			
	宣誓をした建物…			
	駅はその中にあるんだ			
2660	ああ、わかったよ	MAP_D_CAD_00 1306		
2664	どうしたんだい？	MAP_D_CAD_00 1311		
2673	おお…	MAP_D_CAD_00 1322		
	うれしいよ、ジグ！			
	ありがとう！			
2679	おやおや、新入りさんか			
	がんばってな			
2681	タイロンさんの			
	アレをくらっちゃ			
	伸びてもしかたあるまいて		X	
	おまえさん			
	きれいなお星様に			
	なっとったよ			
2683	どうかしたかいな？			
	疲れてるなら			
	昼寝が一番じゃよ			
2686	おお、５００００位を			
	超えとるじゃないか		X	
	それなら、ほら、あれ…			
	けーぶるかーに乗れるのう			
2688	わしゃ上区には			
	行ったことないんじゃが			
	ごーじゃすらしいぞ！			
2690	砂漠の方は暑かったじゃろ			
	ここは滝のおかげで			
	涼しいからのう			
2692	おでかけかい？			
	きばってくるんじゃよ！			
2694	わしらはこれから			
	どうなるんじゃ…			
2696	タイロンさんのことは			
	昔から知っておる		X	
	無二の悪ガキじゃったが			
	仲間を裏切るようなことは			
	絶対にしなかった…			
2698	いったいぜんたい			
	どうしてしまったんじゃ…			
2700	ユーリ派というのは			
	みんなああなのかの？		X	
	とてもじゃないが			
	健康にはみえないのう…			
	でも、確かに強いのじゃ			
2702	タイロンさんは			
	今頃アンチの仲間と			
	楽しくしてるのかのう…			
2704	お姫様が反逆するとな？			
	そりゃずいぶん			
	じゃじゃ馬だのう！		X	
	しかしいいぞ！			
	わしゃそういう娘っ子が			
	大好きじゃわい			
2706	のう、タイロンさんは			
	やっぱりアンチに			
	いるんじゃろう？			
2708	タイロンさんが			
	帰ってきたわい！			
	機構を敵にまわしてな！		X	
	いつか帰ってくると			
	思っとったよ！			
	好きなだけ暴れてくれい！			
2710	愉快も愉快、痛快じゃ！			
	かつては最貧地帯と呼ばれ			
	裏切り者の租界となり		X	
	そして今			
	この場所は七騎士の故郷に			
	なったんじゃよ！			
2712	はて…			
	わしの目も、ついに			
	おかしくなったかいの？			
2714	今更、おまえさんたちに			
	不可能なことなど			
	なかろうて！		X	
	わしゃ、なーんも			
	心配しとらんよ			
2718	準備できましたか？	MAP_D_KOU_02 700		
2719	はい	MAP_D_CAD_00 432		
2720	いいえ	MAP_D_CAD_00 433		
2723	お相手はこちら			
				
2725	ジグの勝ち	MAP_D_LUK_01 2124		
				
2729	隠し事とは悲しいな			
2731	おれたちアンチ扱いか？			
2733	何言ってんだよ！			
2735	すげえ報奨だな…	MAP_I_GAN_08 1046		
	ま、無理だけど			
2737	話のタネに			
	やってみようかな…		X	
	いや、ボロボロにされて			
	運ばれるのがオチか			
2739	…態度保留だ			
2741	疫病神って…			
	いるんだな			
2743	奇襲で勝てなかった	MAP_I_GAN_05 926		
	…わかるだろ！			
2745	ありえないだろ			
	この状況で			
2747	うちの親方なら	MAP_I_GAN_08 1050		
	いけるかもよ！			
2749	マキスのやつ、親方を			
	説得にいったのかな？			
2751	おまえを信じたいぜ…			
2753	やっぱりこうなったか…			
2755	歓迎会は一度きりだぜ！	MAP_I_GAN_05 964		
2757	ふざけてる場合か？			
2763	おまえの甘っちょろい攻撃	I'll beat that optimism out of you. Give it your best shot, brother!		
	バシッと返してやるよ			
	打ってこい、兄弟！			
2767	モルトに勝利したことで	For winning the battle against Molt, you got the skill chip "△ Counter."		
	コマンドスキル「△カウンター」の			
	スキルチップを手に入れた			
2768	btl_pit240	MAP_T_GAN_02 7321		
2769	スキルチップの中には	There are skill chips that change the functions of the {15}03, {15}02 and {15}01 buttons.		
	{15}03、{15}02、{15}01のコマンド内容を			
	変化させるものがあります		X	
	コマンドの効果をあげるものから	There are chips that add effects to the basic commands, as well that those that change them entirely.		
	コマンドの性質を変えるものまで			
	様々な種類があります			
2770	btl_pit241	MAP_T_GAN_02 7323		
2771	今回入手した「△カウンター」は	The skill chip you just got, "△ Counter," allows you to counterattack using the â–³ button.		
	{15}02の性質を攻撃からカウンターに			
	変化させるコマンドスキルです		X	
	カウンターは、攻撃してくる敵を	This move, which makes it possible to strike back against an attacking enemy, requires 5 action points (SP).		
	その場で迎え撃つことができます			
	行動力(SP)を５消費します		X	
	敵の行動を読んで	This attack requires proper timing to execute, so carefully read your enemy's movements.		
	タイミングを合わせる必要がありますが			
	非常に強力な一撃です			
2772	btl_pit240	MAP_T_GAN_02 7321		
2773	「△カウンター」は	The "△ Counter" skill is effective against many different opponents, so try equipping it.		
	手数の多い相手に対して有効です			
	さっそく装備して試してみましょう			
2775	ぜぇ…はぁ…	MAP_D_SIN_01 1046		
	だぁぁー！			
2778	びびってんなよ？	MAP_D_SIN_01 1048		
	根性みせろってんだ			
2781	あー…負けたな！	MAP_D_SIN_01 1012		
2783	ほー、新入りだな？			
2785	まずは修練をこなしてみろ			
	そしたら認めてやる			
2787	まさか、おんびんに剣を			
	受け取っただけじゃ			
	ないだろうな		X	
	おれたちの恐ろしさを			
	忘れさせちゃダメだぞ			
2789	武器屋のバカ息子…			
	こりない奴さ		X	
	早く剣を			
	持っていってやれよ			
2791	その調子で			
	修練をこなせよ、兄弟			
2793	よう兄弟			
	今日も修練か？			
2795	どした？			
	浮かねぇ顔だな			
2797	アンチ・バザルタの			
	噂は聞いてるか？			
2801	いや	MAP_I_BAS_01 298		
2805	ほら、アンチのアジト…			
	なんつったっけか？		X	
	そうカンタレラを			
	征伐しただろ？		X	
	あれがきっかけになって			
	アンチが集結するって			
	噂が流れてるんだ		X	
	寝た子を起こすって			
	やつだったのかもな			
2808	わりい…			
	カンタレラはおまえの			
	故郷だったな			
2810	そういやおまえ			
	ギルって知ってるか？		X	
	タイロン一家の古参だが			
	修練と鍛錬が好きな			
	珍しい奴でな		X	
	いつもリブラ森林に			
	いるから、弟分として			
	挨拶いっとけよ			
2812	おれは派手な修練以外			
	やる気がしねぇな			
2814	よっ！			
	こんなところで			
	どうしたんだ、兄弟			
2816	なーんかやべぇ感じだな			
	直感でわかるぜ			
2818	１位か…			
	もう兄弟だなんて			
	呼べねぇな		X	
	いや、それでもあえて			
	呼ばせてくれ			
	…きばってこい、兄弟！			
2820	おまえの力は	MAP_D_SIN_01 1030		
	ちゃんとわかったぜ			
2822	まあ、焦るな			
	まずはタイロン一家の			
	修練をこなしてみろよ			
2824	歓迎会するんだろ？			
	戦いたいなら			
	それが終わってからな			
2827	いくら弟分でも	I won't fight weaklings, even if they're part of the brotherhood.		
	弱いヤツと			
	やり合う気はねえ		X	
	最低でもランカーを	I won't even bother with you until you've defeated at least 22 people!		
	２２人はブッ倒してねえと			
	ガチでやれねえなあ！		X	
	一家の仲間なら	Anyone who's part of the brotherhood should at least be able to do that, right?		
	それくらい一瞬で			
	やってこれんだろ？			
2832	それならもう倒してる	I've already defeated that many.		
2836	おお、やるねえ兄弟！	Oh, you have, have you? Well then, let's get this party started!		
	それならいっちょ			
	もんでやるよ！			
2842	最低でもランカーを			
	２２人はブッ倒してねえと			
	ガチでやれねえなあ！			
2846	２２人倒したんだな			
	やればできるじゃねぇか			
	うし、もんでやるよ兄弟！			
2850	戦いなんて嫌いだ…			
	こんな痛い思い			
	したくない…			
2852	タイロン一家は解散し			
	この地区から			
	立ち退きとなりました…		X	
	ただし一般人の居住は			
	許可されています…			
2854	タイロン一家を			
	かばったりしなければ…			
	痛い思いはさせません…			
2856	どうしてここに			
	戻ってきてるの…？			
	だめだよ、ここにいちゃ…			
2858	ファズを探してるの…？			
	ああ、きみの旧友だっけ…		X	
	悪いけれど			
	居場所はわからない…			
	わかってても言えないよ…			
2860	よかった…			
	ぼくは海岸に			
	行かなくていいって…		X	
	大きな戦いは、嫌い…			
	とっても痛いから…			
2862	痛いの怖い…			
	痛いの怖いよぉ…			
2864	レゾナール海岸			
	死傷者多数ってきいたよ…		X	
	痛かったろうな…			
	苦しかったろうな…			
	かわいそうに…ね…			
2866	どうしようどうしよう…			
	アンチがくるアンチがくる			
	アンチがくるっ！		X	
	あああ…			
	きっとぼくらをいじめる！			
	痛いことするんだ！			
2868	嫌だ嫌だっ…			
	ユーリ様ぁ…			
	助けてユーリ様ぁぁぁ！			
2870	嫌だ…			
	すごく痛かったから…			
2872	租界、取り戻したいの…？	Are you here to take back the compound? Such disobedience can't be overlooked.		
	それはだめだよ…			
	わがままは、よくない…			
2878	じゃあ排除しなきゃ…	I have to get rid of you. It'll hurt, but it can't be helped.		
	痛くしちゃうけど			
	仕方ないよね…？			
2883	ああぁ…うぁ…	Ahhh, the pain. It hurts...		
	痛い…痛いぃぃぃ…			
2885	うん、やめよう…			
	どっちも痛くなるから…			
2887	お兄ちゃん			
	新入りでしょ？			
	リドが探してたよ			
2889	お兄ちゃん、カキーンって			
	ふっとんだな！			
	ちゃんと覚えられた？			
2891	お兄ちゃんも一緒に遊ぶ？			
2894	ケーブルカーに			
	乗れるランクだ！			
	いいなぁ！			
2896	お兄ちゃんは修練で			
	いそがしそうだね		X	
	ピンスやバッスなんて			
	あんなに暇そうなのに！			
2898	重大修練だ！			
	タイロンさんなら			
	きっと七騎士になれるよ！			
2900	どうしちゃったの？			
	タイロンさんは…？			
2902	あの青い人に			
	石を投げてやるんだ			
	租界を好きにはさせないぞ			
2904	青い人に石を投げる作戦は			
	母ちゃんがダメだって		X	
	だから、つかまえて			
	くすぐる作戦に変更！			
	遠距離がだめなら近距離だ			
2906	青い人には			
	全然かなわなかった…		X	
	おとなしくしてないと			
	お仕置きだよって			
	いわれたんだ			
2908	青い人を			
	カイジュウしようと思って			
	パンを持っていったんだ		X	
	そしたらすごく			
	よろこばれて			
	お礼をいわれちゃった…			
2910	タイロンさん			
	見つかったって！			
2912	お兄ちゃんがんばって！			
	オトコギを見せるんだよ！			
2914	お兄ちゃん、おかえり！			
	一緒に遊ぶ？			
2916	雨、降るのかなぁ…			
	それなら洗濯物をとりこむ			
	手伝いをしなくっちゃ			
2918	妹はおれが守るよ！			
	だからお兄ちゃんは			
	心配しないでがんばって！			
2920	新入り新入り！			
	リドは赤いツンツン頭だよ			
2922	ながれぼしぃ！			
2924	遊ぼ遊ぼーっ！			
2927	上区に行けるんだよ！			
	いいなぁ！			
2929	みんなお散歩ばっかり！			
	ぐーたらぐーたら！			
2931	わたしも七騎士になる！			
2933	お兄ちゃん……			
2935	石投げたら			
	走って逃げるの！			
2937	お兄ちゃんのくすぐりは			
	とってもすごいの！			
	あの人もイチコロだもん			
2939	お仕置きこわい…			
2941	青い人、悪者じゃないの？			
2943	誰かがタイロンさんを			
	見ちゃったって！			
2945	勝ったらみんな			
	帰ってくるんでしょ！			
	そしたら遊ぼうね！			
2947	七騎士ごっこしてるの			
	わたし、お姫様のレン！			
2949	あれなあに？			
	ネドネドスープみたいな			
	色してるよ！			
2951	お兄ちゃんは			
	わたしが守るの！			
2953	見ない顔だな…			
	タイロンさんに			
	迷惑かけるなよ			
2955	新入り、おまえ			
	闘技場が再開したの			
	知ってるか？		X	
	ちょっくら行って			
	タイロン一家として			
	鳴らしてこいよ！			
2957	ここなら泣き声も消えるし			
	涙も滝のしぶきだって			
	言い張れるぞ		X	
	…おれもどいてやるから			
	いざとなったら言うんだぞ			
2960	おれたちは			
	信念をもった悪者だ		X	
	アンチなんぞと			
	いっしょにされてたまるか			
2962	ん？　涼みたいのか？			
	残念だがここはおれの			
	定位置なんだなぁ			
2964	おれの仕事は			
	滝を監視することだ		X	
	断じて、家事が面倒で			
	サボっているわけじゃない			
2966	ほら、おまえが			
	誤解してるといけないから			
	教えてやったんだよ			
2968	なんなんだよ…			
	こんな悪夢ってあるかよ…			
2970	…おまえがここにいると			
	おれたちが迷惑を			
	こうむるんだよ！			
2972	出て行ってくれ…			
	ちくしょう…			
2974	滝は何も変わらないのに			
	租界は変わっちまった…			
	はぁ……			
2976	アンチって一体			
	何なんだよ…！		X	
	おれたちは、いつまで			
	誤解されてりゃいいんだ？			
2978	タイロンさんが			
	アンチなわけないだろ…			
	そんなわけない…			
2980	レンって女が暴れれば			
	タイロンさんのことが			
	わかるかもしれない…			
2982	タイロンさんが			
	海岸で目撃されたらしい			
	結局アンチなのかよ…！			
2984	くそっ！			
	こんな凱旋の形			
	かっこよすぎるだろ！		X	
	ちょっとでも憎んだ自分が			
	馬鹿らしくなっちまう！			
	うぅっ……			
2986	な、泣いてねぇよ！			
	これは滝のしぶきだ！！			
2988	今日の水量もバッチリ！			
	タイロンさんの			
	初会議にふさわしいぜ			
2990	あれが嵐だったら			
	この立ち位置は			
	ちーっとヤバいよな			
2992	七騎士になって早々に			
	世界を救おうだなんて			
	タイロンさんはケタが違う		X	
	ほら、大滝も			
	おまえたちのことを			
	応援してるってさ！			
2994	おまえたちが			
	無事に帰ったら		X	
	おれも母ちゃんに謝って			
	ちゃんと家事をやるぜ！			
2995	イベントトラップ配置	MAP_D_CAD_00 1413		
				
2996	修練板	MAP_T_GAN_02 7703		
2997	大滝	Great Falls		
2998	たる	Barrel		
2999	たる	MAP_T_GAN_04 2998		
3000	たる	MAP_T_GAN_04 2998		
3001	たる	MAP_T_GAN_04 2998		
3002	たる	MAP_T_GAN_04 2998		
3011	これからおまえの	Your welcoming party is about to start.		
	歓迎会をしてやるよ		X	
	もし疲れてるんだったら	If you're tired, you can rest up first.		
	先に休憩してこい			
3015	そこがおれたちのねぐらだ	Those are our barracks. There's an open room you can use.		
	空き部屋があるから			
	てきとうに使え			
3017	準備できましたか？	Are you prepared?		
3018	はい	MAP_D_CAD_00 432		
3019	いいえ	MAP_D_CAD_00 433		
3024	ジグの歓迎会			
				
3026	ＶＳランカーＡ			
				
3028	次おれーＢ			
				
3030	ＶＳランカーＢ			
				
3032	次おれーＣ			
				
3034	ＶＳランカーＣ			
				
3036	タイロン登場	MAP_D_DNE_03 1085		
				
3038	ＶＳタイロン	MAP_D_LUK_03 769		
				
3040	敗北			
				
3044	とっとと準備しな			
3050	租界修練説明	MAP_T_GAN_04 2549		
				
3052	センゴクの修練			
				
3056	タイロンに説得成功			
				
3058	ユーリ登場	MAP_T_GAN_04 2419		
				
3061	修練板見ろや			
				
3063	リドと会う	MAP_T_GAN_04 2548		
				
3068	逃げるのですか？			
3073	大量の水が流れ落ちている			
	ものすごい轟音と水しぶきだ！			
3077	たるの中には			
	土がいっぱいに詰められている			
3080	……ん？			
	何か埋まってるな…			
3085	たるはずいぶん風化している			
	ずっと雨風にさらされていたようだ			
3087	たるの中には			
	収穫済みの野菜が詰まっている			
	土がついているが美味しそうだ			
3089	たるの中には			
	刈られた雑草が入っている			
3092	…まだ食べられそうだな			
3097	雄大な景観の中に			
	たるがたたずんでいる			
3098	マキスの慰め	MAP_D_RIV_00 796		
				
3100	表示			
	表示			
	表示			
				
3101	非表示			
	非表示			
	非表示			
				
3102	func00_E_EVENT_START1	MAP_D_CAD_00 415		
3106	func00_E_EVENT_START2	MAP_D_CAD_00 417		
3112	くそっ！	Damnit! How could this happen!?		
	何なんだよ…			
	何でこんなことになった！		X	
	わけわかんねぇ…	I don't understand this at all!		
	わかんねぇよ！			
3119	リド、落ち着け	Rid, calm down.		
3122	…………	......	X	
	ジグ、戦う準備をしろ	Zig, prepare to fight.		
3129	リド…	Rid...		
3134	一発殴らなきゃ	I won't have closure until I've beaten you to a pulp!		
	気が収まらねぇんだよ！		X	
	準備してこい！	Get ready to fight! Quickly!		
	今すぐにだ！			
3136	func00_E_EVENT_END1	MAP_D_CAD_00 424		
3141	func00_E_EVENT_END2	MAP_D_CAD_00 425		
3151	初タイロン租界			
				
3155	似合ってるじゃねぇか			
				
3160	親方が呼んでる			
				
3165	マキスの助言			
				
3169	リドの慰め			
				
3172	親方が呼んでるその２	MAP_T_GAN_03 2151		
				
3179	マキスと会話			
				
3182	ジジイと会話			
				
3210	OBJ_RID	MAP_D_OBT_00 474		
				
3212	OBJ_MKS	MAP_D_CAN_00 1062		
				
3214	OBJ_NPC04	MAP_D_MAI_02 943		
				
3216	OBJ_YUU			
				
3218	OBJ_NPC00	MAP_D_CAN_00 1060		
				
3220	OBJ_NPC03	MAP_D_LUK_01 2286		
				
3222	OBJ_NPC05	MAP_D_SIN_01 1130		
				
3224	OBJ_NPC06	MAP_I_GAN_10 2182		
				
3226	OBJ_NPC07	MAP_I_GAN_10 2184		
				
3228	OBJ_NPC08	MAP_I_GAN_10 2186		
				
3230	OBJ_NPC09	MAP_T_GAN_02 7851		
				
3232	OBJ_NPC10	MAP_T_GAN_02 7853		
				
3234	ＮＰＣ番号：			
3236	ユーリの会話処理ナシ			
				
3237	会話処理アリ			
