0	■■■ func00_DEBUG_SIGN ■■■	MAP_D_CAD_00 0		
				
1	！！！エラー検出用サブルーチンを通りました！！！	MAP_D_CAD_00 1		
				
2	イビノスシンボル配置しない。フラグ：	MAP_D_CAD_00 2		
4	イビノスシンボル配置する。フラグ：	MAP_D_CAD_00 4		
7	ランカーファイル情報更新	MAP_D_CAD_00 7		
				
8	->旧:	MAP_D_CAD_00 8		
9	 追加:	MAP_D_CAD_00 9		
10	 結果:	MAP_D_CAD_00 10		
12	ランク:	MAP_D_CAD_00 12		
15	ランカー戦勝利・戻り値：	MAP_D_CAD_00 15		
17	ランキング戦を申し込みますか？	MAP_D_CAD_00 17		
18	申し込む	MAP_D_CAD_00 18		
19	やめておく	MAP_D_CAD_00 19		
22	イビノスシンボル倒した。フラグON：	MAP_D_CAD_00 22		
25	イビノス戦：イベント終了？	MAP_D_CAD_00 25		
				
26	スクリプト：未知のモーションタイプが指定されました	MAP_D_CAD_00 26		
				
33	***振り向き判定ＰＣ***	MAP_D_CAD_00 33		
				
34	現在:cmn_r0:	MAP_D_CAD_00 34		
36	目標:cmn_r1:	MAP_D_CAD_00 36		
38	差分:cmn_r2:	MAP_D_CAD_00 38		
40	差分＾２:cmn_r3:	MAP_D_CAD_00 40		
42	閾値＾２:cmn_r4:	MAP_D_CAD_00 42		
44	->pc振り向きません	MAP_D_CAD_00 44		
				
45	->pc振り向きます	MAP_D_CAD_00 45		
				
47	***振り向き判定***	MAP_D_CAD_00 47		
				
48	現在:cmn_r0:	MAP_D_CAD_00 34		
50	目標:cmn_r1:	MAP_D_CAD_00 36		
52	差分:cmn_r2:	MAP_D_CAD_00 38		
54	差分＾２:cmn_r3:	MAP_D_CAD_00 40		
56	閾値＾２:cmn_r4:	MAP_D_CAD_00 42		
58	->npc振り向きません	MAP_D_CAD_00 58		
				
59	->npc振り向きます	MAP_D_CAD_00 59		
				
63	ロード待ち開始	MAP_D_CAD_00 63		
				
64	ロード待ち終了	MAP_D_CAD_00 64		
				
65	{15}0C{14}L00000000を	MAP_D_CAD_00 65		
	手に入れた			
66	{15}0E{14}L00000000を	MAP_D_CAD_00 66		
	手に入れた			
67	{15}0F{14}L00000000を	MAP_D_CAD_00 67		
	手に入れた			
68	{15}0D{14}L00000000を	MAP_D_CAD_00 68		
	手に入れた			
69	{15}10{14}L00000000を	MAP_D_CAD_00 69		
	手に入れた			
70	{15}12{14}L00000000を	MAP_D_CAD_00 70		
	手に入れた			
71	{15}11{14}L00000000を	MAP_D_CAD_00 71		
	手に入れた			
72	{15}13{14}L00000000を{1d}L00000001個	MAP_D_CAD_00 72		
	手に入れた			
73	{15}14{14}L00000000を{1d}L00000001個	MAP_D_CAD_00 73		
	手に入れた			
74	{15}14{14}L00000000を	MAP_D_CAD_00 74		
	手に入れた			
75	{15}1B{14}L00000000を	MAP_D_CAD_00 75		
	手に入れた			
76	{14}L00000000を	MAP_D_CAD_00 76		
	手に入れた			
77	{1d}L00000000Ｂを手に入れた	MAP_D_CAD_00 77		
				
78	num_calc：	MAP_D_CAD_00 78		
80	{15}0C{14}L00000000を	MAP_D_CAD_00 80		
	手渡した			
81	{15}0E{14}L00000000を	MAP_D_CAD_00 81		
	手渡した			
82	{15}0F{14}L00000000を	MAP_D_CAD_00 82		
	手渡した			
83	{15}0D{14}L00000000を	MAP_D_CAD_00 83		
	手渡した			
84	{15}10{14}L00000000を	MAP_D_CAD_00 84		
	手渡した			
85	{15}12{14}L00000000を	MAP_D_CAD_00 85		
	手渡した			
86	{15}11{14}L00000000を	MAP_D_CAD_00 86		
	手渡した			
87	{15}13{14}L00000000を{1d}L00000001個	MAP_D_CAD_00 87		
	手渡した			
88	{15}14{14}L00000000を{1d}L00000001個	MAP_D_CAD_00 88		
	手渡した			
89	{15}14{14}L00000000を	MAP_D_CAD_00 89		
	手渡した			
90	{15}1B{14}L00000000を	MAP_D_CAD_00 90		
	手渡した			
91	{14}L00000000を	MAP_D_CAD_00 91		
	手渡した			
				
92	■■ret0■■：	MAP_D_CAD_00 92		
96	■■ret■■：	MAP_D_CAD_00 96		
98	cmn_option:	MAP_D_CAD_00 98		
106	セーブポイント	MAP_D_CAD_00 106		
107	データ削除ユーティリティを起動します	MAP_D_CAD_00 107		
	ゲームプレイデータのセーブには			
	{1d}L00000001KB以上の空き容量が必要です			
108	ネックタイプ：	MAP_D_CAD_00 108		
110	首の初期化	MAP_D_CAD_00 110		
				
111	ネックタイプ：	MAP_D_CAD_00 108		
115	大橋が	MAP_D_CAD_00 115		
	トラベルマップで使用可能になりました			
116	下区：商業区が	MAP_D_CAD_00 116		
	トラベルマップで使用可能になりました			
117	下区：ランカー居住区が	MAP_D_CAD_00 117		
	トラベルマップで使用可能になりました			
118	下区：闘技場前が	MAP_D_CAD_00 118		
	トラベルマップで使用可能になりました			
119	タイロン租界が	MAP_D_CAD_00 119		
	トラベルマップで使用可能になりました			
120	バザルタ出張所前が	MAP_D_CAD_00 120		
	トラベルマップで使用可能になりました			
121	上区：噴水広場前が	MAP_D_CAD_00 121		
	トラベルマップで使用可能になりました			
122	バザルタ本部前が	MAP_D_CAD_00 122		
	トラベルマップで使用可能になりました			
123	フラグ・フィールド：	MAP_D_CAD_00 123		
125	フラグ・フィールド：	MAP_D_CAD_00 123		
127	ガンドアが	MAP_D_CAD_00 127		
	トラベルマップで使用可能になりました			
128	カンタレラが	MAP_D_CAD_00 128		
	トラベルマップで使用可能になりました			
129	トーロ荒地が	MAP_D_CAD_00 129		
	トラベルマップで使用可能になりました			
130	リブラ森林が	MAP_D_CAD_00 130		
	トラベルマップで使用可能になりました			
131	マイヤールの森が	MAP_D_CAD_00 131		
	トラベルマップで使用可能になりました			
132	ベリエ街道が	MAP_D_CAD_00 132		
	トラベルマップで使用可能になりました			
133	ドネイ回廊が	MAP_D_CAD_00 133		
	トラベルマップで使用可能になりました			
134	ウィルゴー砂漠が	MAP_D_CAD_00 134		
	トラベルマップで使用可能になりました			
135	カドモール水源が	MAP_D_CAD_00 135		
	トラベルマップで使用可能になりました			
136	カルキノス荒地が	MAP_D_CAD_00 136		
	トラベルマップで使用可能になりました			
137	ラ・キット遺跡が	MAP_D_CAD_00 137		
	トラベルマップで使用可能になりました			
138	レオン峡谷が	MAP_D_CAD_00 138		
	トラベルマップで使用可能になりました			
139	ソダー回廊が	MAP_D_CAD_00 139		
	トラベルマップで使用可能になりました			
140	ニシュラ氷河が	MAP_D_CAD_00 140		
	トラベルマップで使用可能になりました			
141	いにしえの回廊が	MAP_D_CAD_00 141		
	トラベルマップで使用可能になりました			
142	フィッシェ街道が	MAP_D_CAD_00 142		
	トラベルマップで使用可能になりました			
143	レゾナール海岸が	MAP_D_CAD_00 143		
	トラベルマップで使用可能になりました			
144	ケイロニア高原が	MAP_D_CAD_00 144		
	トラベルマップで使用可能になりました			
145	ケイロニア砦が	MAP_D_CAD_00 145		
	トラベルマップで使用可能になりました			
146	サルバトーレ離宮が	MAP_D_CAD_00 146		
	トラベルマップで使用可能になりました			
147	リストにないよ？	MAP_D_CAD_00 147		
				
148	_case:	MAP_D_CAD_00 148		
151	「討伐修練【低位１】」の	MAP_D_CAD_00 151		
	クリア条件を満たした！			
152	「討伐修練【低位２】」の	MAP_D_CAD_00 152		
	クリア条件を満たした！			
153	「討伐修練【低位３】」の	MAP_D_CAD_00 153		
	クリア条件を満たした！			
154	「討伐修練【低位４】」の	MAP_D_CAD_00 154		
	クリア条件を満たした！			
155	「討伐修練【低位５】」の	MAP_D_CAD_00 155		
	クリア条件を満たした！			
156	「討伐修練【中位１】」の	MAP_D_CAD_00 156		
	クリア条件を満たした！			
157	「討伐修練【中位２】」の	MAP_D_CAD_00 157		
	クリア条件を満たした！			
158	「討伐修練【高位１】」の	MAP_D_CAD_00 158		
	クリア条件を満たした！			
159	「討伐修練【高位２】」の	MAP_D_CAD_00 159		
	クリア条件を満たした！			
160	「薬草探しの代理人」の	MAP_D_CAD_00 160		
	クリア条件を満たした！			
161	「新商品開発の手伝い」の	MAP_D_CAD_00 161		
	クリア条件を満たした！			
162	「蒼の指環を求めて」の	MAP_D_CAD_00 162		
	クリア条件を満たした！			
163	「雪中の贈り物」の	MAP_D_CAD_00 163		
	クリア条件を満たした！			
164	「加護あることを祈って」の	MAP_D_CAD_00 164		
	クリア条件を満たした！			
165	「追想の白い花」の	MAP_D_CAD_00 165		
	クリア条件を満たした！			
166	「来れ、好運の使者！」の	MAP_D_CAD_00 166		
	クリア条件を満たした！			
167	「武術指南のお願い」の	MAP_D_CAD_00 167		
	クリア条件を満たした！			
168	「行方不明の従業員」の	MAP_D_CAD_00 168		
	クリア条件を満たした！			
169	「スキルチップ収集中」の	MAP_D_CAD_00 169		
	クリア条件を満たした！			
170	「盗難品の行方は」の	MAP_D_CAD_00 170		
	クリア条件を満たした！			
171	「資料集めのアシスタント」の	MAP_D_CAD_00 171		
	クリア条件を満たした！			
172	「河畔の生態系調査」の	MAP_D_CAD_00 172		
	クリア条件を満たした！			
173	「新人官吏を捕獲せよ」の	MAP_D_CAD_00 173		
	クリア条件を満たした！			
174	「黒い積荷の回収」の	MAP_D_CAD_00 174		
	クリア条件を満たした！			
175	「悪徳商売を抑止せよ」の	MAP_D_CAD_00 175		
	クリア条件を満たした！			
176	「新人ランカー襲撃事件」の	MAP_D_CAD_00 176		
	クリア条件を満たした！			
177	「優しい猛者、募集中」の	MAP_D_CAD_00 177		
	クリア条件を満たした！			
178	「異郷からきた尋ね人」の	MAP_D_CAD_00 178		
	クリア条件を満たした！			
179	「勇壮なる護衛の依頼」の	MAP_D_CAD_00 179		
	クリア条件を満たした！			
180	「赫の指環を求めて」の	MAP_D_CAD_00 180		
	クリア条件を満たした！			
181	「闘技場の害獣駆除」の	MAP_D_CAD_00 181		
	クリア条件を満たした！			
182	「回覧板配達人」の	MAP_D_CAD_00 182		
	クリア条件を満たした！			
183	「討伐修練【緊急】」の	MAP_D_CAD_00 183		
	クリア条件を満たした！			
184	「鉱物資源の収集【緊急】」の	MAP_D_CAD_00 184		
	クリア条件を満たした！			
185	「タリー石を探せ」の	MAP_D_CAD_00 185		
	クリア条件を満たした！			
186	「甘梅草を探せ」の	MAP_D_CAD_00 186		
	クリア条件を満たした！			
187	「衛兵の剣の没収」の	MAP_D_CAD_00 187		
	クリア条件を満たした！			
188	「衛兵の剣の返却」の	MAP_D_CAD_00 188		
	クリア条件を満たした！			
189	「森のイビノス駆除【重大】」の	MAP_D_CAD_00 189		
	クリア条件を満たした！			
190	「回廊のイビノス駆除【重大】」の	MAP_D_CAD_00 190		
	クリア条件を満たした！			
191	「七騎士認定修練【重大】」の	MAP_D_CAD_00 191		
	クリア条件を満たした！			
192	ガンドアが	MAP_D_CAD_00 192		
	トラベルマップで通行可能になりました			
193	ガンドアが	MAP_D_CAD_00 193		
	トラベルマップで通行不能になりました			
194	カンタレラが	MAP_D_CAD_00 194		
	トラベルマップで通行可能になりました			
195	カンタレラが	MAP_D_CAD_00 195		
	トラベルマップで通行不能になりました			
196	トーロ荒地が	MAP_D_CAD_00 196		
	トラベルマップで通行可能になりました			
197	トーロ荒地が	MAP_D_CAD_00 197		
	トラベルマップで通行不能になりました			
198	リブラ森林が	MAP_D_CAD_00 198		
	トラベルマップで通行可能になりました			
199	リブラ森林が	MAP_D_CAD_00 199		
	トラベルマップで通行不能になりました			
200	マイヤールの森が	MAP_D_CAD_00 200		
	トラベルマップで通行可能になりました			
201	マイヤールの森が	MAP_D_CAD_00 201		
	トラベルマップで通行不能になりました			
202	ベリエ街道が	MAP_D_CAD_00 202		
	トラベルマップで通行可能になりました			
203	ベリエ街道が	MAP_D_CAD_00 203		
	トラベルマップで通行不能になりました			
204	ドネイ回廊が	MAP_D_CAD_00 204		
	トラベルマップで通行可能になりました			
205	ドネイ回廊が	MAP_D_CAD_00 205		
	トラベルマップで通行不能になりました			
206	ウィルゴー砂漠が	MAP_D_CAD_00 206		
	トラベルマップで通行可能になりました			
207	ウィルゴー砂漠が	MAP_D_CAD_00 207		
	トラベルマップで通行不能になりました			
208	カドモール水源が	MAP_D_CAD_00 208		
	トラベルマップで通行可能になりました			
209	カドモール水源が	MAP_D_CAD_00 209		
	トラベルマップで通行不能になりました			
210	カルキノス荒地が	MAP_D_CAD_00 210		
	トラベルマップで通行可能になりました			
211	カルキノス荒地が	MAP_D_CAD_00 211		
	トラベルマップで通行不能になりました			
212	ラ・キット遺跡が	MAP_D_CAD_00 212		
	トラベルマップで通行可能になりました			
213	ラ・キット遺跡が	MAP_D_CAD_00 213		
	トラベルマップで通行不能になりました			
214	レオン峡谷が	MAP_D_CAD_00 214		
	トラベルマップで通行可能になりました			
215	レオン峡谷が	MAP_D_CAD_00 215		
	トラベルマップで通行不能になりました			
216	ソダー回廊が	MAP_D_CAD_00 216		
	トラベルマップで通行可能になりました			
217	ソダー回廊が	MAP_D_CAD_00 217		
	トラベルマップで通行不能になりました			
218	ニシュラ氷河が	MAP_D_CAD_00 218		
	トラベルマップで通行可能になりました			
219	ニシュラ氷河が	MAP_D_CAD_00 219		
	トラベルマップで通行不能になりました			
220	いにしえの回廊が	MAP_D_CAD_00 220		
	トラベルマップで通行可能になりました			
221	いにしえの回廊が	MAP_D_CAD_00 221		
	トラベルマップで通行不能になりました			
222	フィッシェ街道が	MAP_D_CAD_00 222		
	トラベルマップで通行可能になりました			
223	フィッシェ街道が	MAP_D_CAD_00 223		
	トラベルマップで通行不能になりました			
224	レゾナール海岸が	MAP_D_CAD_00 224		
	トラベルマップで通行可能になりました			
225	レゾナール海岸が	MAP_D_CAD_00 225		
	トラベルマップで通行不能になりました			
226	ケイロニア高原が	MAP_D_CAD_00 226		
	トラベルマップで通行可能になりました			
227	ケイロニア高原が	MAP_D_CAD_00 227		
	トラベルマップで通行不能になりました			
228	ケイロニア砦が	MAP_D_CAD_00 228		
	トラベルマップで通行可能になりました			
229	ケイロニア砦が	MAP_D_CAD_00 229		
	トラベルマップで通行不能になりました			
230	サルバトーレ離宮が	MAP_D_CAD_00 230		
	トラベルマップで通行可能になりました			
231	サルバトーレ離宮が	MAP_D_CAD_00 231		
	トラベルマップで通行不能になりました			
232	リストにないよ？	MAP_D_CAD_00 147		
				
237	func00_C_EVENT_START1	MAP_D_CAD_00 233		
241	func00_C_EVENT_START2	MAP_D_CAD_00 238		
248	先を越されたか…	Someone beat us here, but who?		
	でも誰が…			
252	あっ！	Oh!		
253	func00_C_EVENT_END1	MAP_D_CAD_00 372		
254	func00_C_EVENT_END2	MAP_D_CAD_00 377		
256	func00_B_EVENT_START1	MAP_D_CAD_00 459		
266	EV01_17_0300B_c04	MAP_I_GAN_06 438		
274	func00_B_EVENT_START2	MAP_D_CAD_00 465		
275	修練、クリアか…	Did they already clear the training?		X
279	ジグさん…	Zig...		X
280	いいえ	We weren't able to clear the training.		X
283	族長の子供たちがいません	The chief's children are nowhere to be found,		X
285	天仰鏡という装置も	and we can't find Heaven's Mirror.		X
	見つかりませんし…			X
286	ねえ、レン？	Hey, Ren,		X
294	この修練はどこで知ったの？	where did you hear about this training mission?		X
295	七騎士ユーリに呼ばれて…！？	Yuri, one of the Seven Knights, sent me.		X
296	わたしが抜け駆けしたと	Do you think I was trying to get the jump on you?		X
	思っているのですか？			X
297	そんなことはどうでもいい	It doesn't matter at this point.		X
301	そうですよね	You're right.		X
302	アンチを許すわけにはいかないですから	Even though I'd like to look the other way,		X
303	このカンタレラの人たちは	the people of Cantelera ignored a direct order from the Legion.		X
	機構の通達を無視して…			X
304	あっ	Ah!		X
307	ここはジグさんの…	This is your...		X
308	亡くなった方々の	I'll pray for the happiness of the departed in the next world.		X
	ご冥福をお祈りします…			X
312	さあ、みんな帰りましょう	Well then, let's get going.		X
313	ジグ、気を落とすなよ	Zig, try and cheer up.		X
314	…ごめん、無理か	There's no way I can understand how you feel right now.		X
315	おれは…	I've...		X
316	おれは機構に誓いを立てたんだ	I've sworn an oath to the Legion.		X
319	そうか…	I guess...		X
320	そうだよな…	I guess you have...		X
327	func00_B_EVENT_END1	MAP_D_CAD_00 522		
353	func00_B_EVENT_END2	MAP_D_CAD_00 527		
354	func00_C_EVENT_START1	MAP_D_CAD_00 233		
355	kan00	MAP_I_GAN_23 1411		
356	func00_C_EVENT_START2	MAP_D_CAD_00 238		
357	ジグ？	MAP_I_GAN_23 1413		
	なんだよ、言ってみろよ？			
358	kan01	MAP_I_GAN_23 1414		
359	どうしたの、兄さん	MAP_I_GAN_23 1415		
360	あっちへ行ってろよ	MAP_I_GAN_23 1416		
	男同士の話なんだから			
361	まあ！	MAP_I_GAN_23 1417		
362	func00_C_EVENT_END1	MAP_D_CAD_00 372		
363	func00_C_EVENT_END2	MAP_D_CAD_00 377		
364	func00_C_EVENT_START1	MAP_D_CAD_00 233		
374	func00_C_EVENT_START2	MAP_D_CAD_00 238		
381	ジグ、来てくれたんだね！	Zig, you came!		
385	レンは？	What about Ren?		
387	来てねえな	She's not here.		
391	機構は来ていないのか？	Has the Legion given you any trouble?	X	
	ここにみんなが	It seems that they found out that we were going to meet here.		
	集まることは			
	知られているらしいぞ			
397	確かに機構の連中なら	This place was crawling with soldiers before, wasn't it?		
	大勢いたぜ？			
401	だから、わたしたちも	It was, so much so that we couldn't get near here,		
	ここへ近づけずにいたの		X	
	でも、みんな大慌てで	but then there was some sort of commotion and they left.		
	どこかへ行ってしまったわ			
403	…………	MAP_D_CAD_00 242		
408	イゴリダ、とにかく	Anyway, Igrida, we had better get started.		
	急いだ方がいい			
413	歴史の話は	This history lesson is going to take time.		
	時間がかかるからな			
417	そうね	True. Where should I start?		
	どこから話そうか？			
420	おれは何も知らないからな	I don't know anything, so start from the beginning.		
	最初からだ			
424	最初か…	From the beginning, you say? It all started with the Day of Armageddon.		
	最初と言えばやっぱり			
	破砕の日だな			
432	func00_C_EVENT_START1	MAP_D_CAD_00 233		
435	func00_C_EVENT_START2	MAP_D_CAD_00 238		
439	ラ・キットの遺跡は	Do you remember the La-Kit Ruins?		
	わかるよね？			
441	タイロンとセンゴクが	That's the place where Tylong and Sengoku fought.		
	戦ったところだよ			
443	ああ	Yeah.		
447	あの遺跡は破砕の日に	Those ruins were built in preparation for the Day of Armageddon.		
	備えて作られたんだ		X	
	襲い来るイビノスたちを	Could it have been a device to defeat the ibinos?		
	倒すための装置か…		X	
	もしかしたら、破砕の日を	It also might have been a shelter where people could wait out the Day of Armageddon.		
	やりすごす隠れ家かも			
	しれない			
450	そしてそれを作ったのは	Whatever its function, it was made by the people of Cantelera.		
	カンタレラの人たちだ			
454	遺跡の中の紋章…	Did you see the emblem in the ruins?		
	見たでしょ？			
458	カンタレラの人間が	We know that the people of Cantelera built it,		
	作ったとして…		X	
	なぜあれが破砕の日に	but how do we know it was in preparation for the Day of Armageddon?		
	備えたとわかるんだ？			
462	あれを作ったから	Cantelera was destroyed because they built those ruins.		
	カンタレラは滅ぼされた		X	
	サルバトーレ王家と	House Salvatore and House Bazalta joined forces to crush Cantelera.		
	バザルタ王家が力を			
	合わせてやったことだ			
465	ラ・キット建設の功績が	The noble houses probably thought that La-Kit would raise the Cantelerans' social standing.		
	カンタレラの地位を			
	押し上げると思ったのさ			
469	カンタレラというのは	Cantelera has been a small tribe since long ago,		
	昔から少数民族だった			
471	その少数民族が	but that small tribe might have ruled the world.		
	世界を支配するかも			
	しれないなんて…			
475	二大王家にとっては	The two noble houses had no choice but to tolerate them.		
	我慢ならないこと			
	だっただろうね			
478	カンタレラが世界を	Cantelera ruled the world?		
	支配する？			
481	カンタレラが世界中から	People throughout the world came to trust Cantelera.		
	信頼を集める…		X	
	ラ・キットには	The La-Kit Ruins show just how powerful they were.		
	それほどの力が			
	あったということだ			
485	当時のことを	Think about how things were in those days.		
	考えてみよう		X	
	迫り来る破砕の日…人々は	The people were certainly distraught about the impending Day of Armageddon.		
	さぞかし不安だったに			
	ちがいないよ			
488	もしかしたら破砕の日は	Maybe there had been previous Days of Armageddon		
	それ以前にも何度か			
	あったのかもしれない			
492	それなら恐怖も	and they had put the people's fears to rest before.		
	なおさらだよね？			
496	そんな不安な日々の中で	Maybe La-Kit inspired the people's hope during those trying times.		
	ラ・キットが人々の希望に			
	なっていたとしたら？			
500	あれは少数民族の	This tribe of few people didn't gain such power on their own.		
	力だけでは			
	とても作れないよ		X	
	きっと大勢の人が協力して	Many people cooperated to make that happen.		
	作ったものだ		X	
	カンタレラの人々の言葉を	Everyone trusted the people of Cantelera.		
	みんなが信じたんだね			
509	ラ・キットが本当に	If La-Kit could really save the world,		
	世界を救ったら…		X	
	人々は王家より	then it's no wonder the people chose Cantelera over the noble houses.		
	カンタレラを選ぶ			
512	だから、カンタレラを	That's why they decided to destroy Cantelera.		
	滅ぼすことに決めた…			
517	func00_C_EVENT_START1	MAP_D_CAD_00 233		
522	func00_C_EVENT_START2	MAP_D_CAD_00 238		
525	ばかばかしい	How foolish.		
530	その通り	You can say that again.		
532	二大王家は世界の未来より	The two noble houses chose their own position over the world's future,		
	自分たちの地位を			
	選んだの			
535	そのせいで、世界は	and because of that, a large part of the world has disappeared.		
	大地の大部分を			
	なくしてしまった		X	
	その上、狭くなった土地を	What's more, the two noble houses continued to fight over what little land remained.		
	巡って今度は			
	二大王家が争い…			
540	まったくバカバカしいよ	It's completely stupid.		
544	結局、ラ・キットは役に	Did La-Kit prove useful in the end?		
	立たなかったのか？			
546	役に立つかどうかは	There's not enough evidence to know for sure,		
	まだ証明されていない			
549	ラ・キットは	but we're probably still waiting for the day that La-Kit serves its true purpose.		
	創造者の期待通りに			
	働く日を待っている…		X	
	わたしたちは	That's what we think, at least.		
	そう思っているの			
554	でも、わたしたちには	That said, there's something we don't understand.		
	わからないことがある		X	
	カンタレラの人たちが	How did the people of Cantelera predict the Day of Armageddon in advance?		
	破砕の日をどうやって			
	予測したのかということ…			
560	予測？	Predict?		
563	あるいは破砕の日が	Maybe they knew that the Day of Armageddon was a cyclical event with a fixed period.		
	繰り返されるものだとしたら			
	周期を知っていたとか…		X	
	ただ、漠然とあんなものを	They wouldn't have built La-Kit on a mere hunch.		
	作ったわけでは			
	ないと思うんだ			
570	…ダメだ	I have no clue,		
	おれは何も知らない		X	
	でも、ファズとミシーなら	but Faz or Missy might know something.		
	知っているかもしれない			
575	ファズとミシー…	Faz and Missy...	X	
	あ！　ファズって	Oh! Is Faz the one they call "Yuri's Watchdog?."		
	七騎士ユーリの番犬と			
	呼ばれている男？			
580	カンタレラがアンチだと	Remember how Cantelera was attacked based on a false accusation of being Anti?		
	言いがかりを付けられて			
	襲われたよな？		X	
	ふたりはその時の	Those two were the only survivors.		
	生き残りだ			
583	ファズは族長の息子…	Faz was the chief's son. He would have become the next chief.		
	次の族長になるはずだった			
586	どこにいるの？	Where is he?		
589	わからない…	I don't know.		
594	ふたりとも仲間に	I wonder if we can convince those two to become our allies.		
	なってくれるかしら…			
598	そうか…	Well...	X	
	ミシーはもう	Missy may already be dead,		
	死んでいるのかも			
	しれない…		X	
	妹はおれのせいで	and Faz thinks it's my fault.		
	死んだと思ってファズは…		X	
	あいつは人が	He's changed so much...		
	変わったように…			
602	あなたのせいなの？	Your fault?		
605	…………	MAP_D_CAD_00 242		
610	みんな、誰か来るぞ！	Someone's coming!		
615	func00_C_EVENT_START1	MAP_D_CAD_00 233		
619	func00_C_EVENT_START2	MAP_D_CAD_00 238		
624	はぁはぁ…	Ha..ha..		
626	誰も、いませんか？	Is anyone here?	X	
	わたしもアンチに	I've become an Anti! Please let me join the Anti!		
	いれて下さい！			
	わたしもアンチになります！			
633	アンチアンチって	Geez. "Anti" this and "Anti" that...		
	おねえちゃんよう…			
643	だって、アンチ・バザルタの	Isn't this an Anti-Bazalta meeting?		
	決起集会じゃないですか			
648	遅かったな	You're late.		
652	仲間たちに	I told my comrades how I feel.		
	わたしの気持ちを			
	話してきました			
658	どうだった？	And?		
666	みんな賛同してくれました	They understand and agree with my position.		
	わかってくれました		X	
	イゴリダは仲間を	Igrida did kill one of my comrades, but we need to move forward.		
	殺したけど			
	あれは仕方がなかった…			
669	そう思うことにします	That's what we think.		
674	…ごめんなさい	I'm sorry.		
678	安心してください	Don't worry about Legion soldiers showing up.		
	機構の兵たちは			
	ここへは来ません		X	
	彼らはアンチの集会が	They think this meeting is being held at La-Kit.		
	ラ・キットで開かれると			
	思っています			
681	お役人のウェルマーさんが	It seems a government official named Welmer told them that.		
	そう言ったらしいんです			
683	ウェルマーが！？	Welmer!?		
685	はい…アンチの	Yes. He was apparently an Anti sympathizer.		
	仲間だそうですね		X	
	そのことで	Because of that, Yuri tortured him.		
	ユーリの拷問を			
	受けたそうです			
689	わたしたちを守って	He gave a false confession to protect us...		
	ウソの告白を			
	したのか…			
691	亡くなったそうです…	Word is that he's dead.		
693	…くっ	Damnit.		
696	それでここの警備が	So that's why there's no security here.		
	いなくなったのか…			
698	そうだよな	Most likely. Security is usually so tight that you can't get near here.		
	ずっと警戒が厳しくて			
	近づけなかった		X	
	ジグが来てしまったら	Who knows what they would have done to Zig had he showed up.		
	どうしようかと			
	思っていたよ			
703	ウェルマーがまだ行くなと	Welmer is the one who told me it wasn't safe to come here.		
	教えてくれた…		X	
	マキスからの伝言だと	It was a message from Makis.		
711	わたしは何も	I didn't tell him to say that.		
	言ってないよ		X	
	自分の言葉だけでは	I guess he thought you wouldn't believe him if it came directly from him.		
	ジグが信用しないと			
	思ったんだな…			
717	よーし！	O-K! Let's party!		
	パーティーをしよう		X	
	団結式でも決起集会でも	Call it a reunion or a kickoff party. The name doesn't matter.		
	名目はなんでもいいや			
724	にぎやかに、ぱーっと！	Let's raise the roof!		
728	ウェルマーはそういうのが	That's what Welmer would have wanted.		
	好きだったんだ			
732	少し離れたところから	I'm sure he's watching over us from a better place.		
	見ているのがね			
739	func00_C_EVENT_START1	MAP_D_CAD_00 233		
742	func00_C_EVENT_START2	MAP_D_CAD_00 238		
744	それでは…	Now then...		
747	わたしたちはここに	Let us all take a new oath.		
	誓います			
751	戦侯機構バザルタの	To correct the depravity that has consumed the Legion.		
	腐敗を正し…			
754	本来のあるべき姿に	To return it to its original purpose.		
	戻し…			
757	本当の堅陣の礎となり	To make it a true stronghold, a true elite force that stands against any threat!		
	本当の疾き干戈と			
	なることを！			
764	誓います！	I swear!		
769	誓います！	I swear!		
774	誓うぜ	I swear.		
780	誓う	I swear.		
786	おれも誓う	I swear.		
790	おれは…	I'll...		
794	誓うなら	...swear if Faz does.		
	ファズと一緒に…			
797	ま、いいだろ	That's good enough for now.		
800	よーし、みんな出て来い！	OK! Everyone come out! Alcohol! Bring the alcohol!		
	酒だ！　酒持ってこい！			
815	よう、ジグ	Hey, Zig. Long time no see.		
	ひさしぶりだな			
818	リド？	Rid?		
823	ま、いろいろ	Well, a bunch of things happened,		
	あったけどな…		X	
	親方に頭下げられちゃ	but if it's for the boss, I can't refuse.		
	断れねえよな			
832	ジグっちが	It's because I made Zig angry.		
	怒ったからよぅ…			
842	ジグ、おめえは	You're really something else, Zig!		
	たいした奴だぜ！			
848	わはははは！	Hahahahaha! He really is one-of-a-kind!		
	そう、かなわねえんだ！			
863	func00_C_EVENT_END1	MAP_D_CAD_00 372		
864	func00_C_EVENT_END2	MAP_D_CAD_00 377		
865	func00_C_EVENT_START1	MAP_D_CAD_00 233		
867	func00_C_EVENT_START2	MAP_D_CAD_00 238		
870	ジグは機構に戻るんだ	You're going to return to the Legion	X	
	そしてこれまでと	and go about your life as if nothing had happened.		
	変わらない日常を送る			
876	おれだって機構に	Even though the Legion doubts my loyalty?		
	疑われているぞ？			
880	だから、これまで以上に	That's why you need to work even harder than you have up to this point.		
	頑張るんだよ		X	
	身の潔白を証明する	The Legion will think you're working so hard to prove your innocence.		
	努力をしていると			
	思われたらしめたもの		X	
	もしかしたら取り調べも	There might be something you can find out.		
	あるかもしれないけど…			
889	…………	MAP_D_CAD_00 242		
892	ま、大変だろうけどね…	It'll be difficult,	X	
	そこをなんとかこらえて	but you're going to have to put up with it and raise your rank.		
	ランクを上げて			
	ほしいんだ		X	
	そうすればいろんな	If you do that, you'll have more opportunities to gather information.		
	情報に接する機会が			
	ふえるはず			
900	たとえばファズの	...About Faz's whereabouts, for example.		
	居場所とか……ね			
902	func00_C_EVENT_END1	MAP_D_CAD_00 372		
903	func00_C_EVENT_END2	MAP_D_CAD_00 377		
904	func00_E_EVENT_START1	MAP_D_CAD_00 415		
908	func00_E_EVENT_START2	MAP_D_CAD_00 417		
911	やぁ、こんにちは！	MAP_D_KOU_01 277		
	下位ランカー向け			
	討伐修練の受付はここさ			
913	現在告知されているのは	MAP_I_GAN_08 2749		
	【低位５】の討伐修練だよ			
	参加するかい？			
917	どんな修練だ？	MAP_D_CAD_00 912		
921	廃村に棲みついた	MAP_I_GAN_08 2757		
	獣を駆除してほしいんだ			
923	修練「討伐修練【低位５】」	MAP_I_GAN_08 2759		
	に参加しますか？			
924	参加する	MAP_D_CAD_00 919		
925	参加しない	MAP_D_CAD_00 920		
930	ほうほう……了解！	MAP_D_KOU_01 288		
	じゃあさっそく			
	修練の内容を説明するよ			
932	カンタレラって知ってる？	MAP_I_GAN_08 2768		
	今は誰も住んでいない			
	辺境の村さ			
934	そのカンタレラに	MAP_I_GAN_08 2770		
	ちょっとした獣が			
	棲みついてしまってね…			
936	まあ、放っておいても	MAP_I_GAN_08 2772		
	いいんだけど修練には			
	丁度いいからね			
938	…そんなわけで	MAP_I_GAN_08 2774		
	カンタレラへ行って			
	獣を全て討伐して欲しい			
942	じゃ、よろしく頼んだよ	MAP_D_KOU_01 298		
944	func00_E_EVENT_END1	MAP_D_CAD_00 424		
946	func00_E_EVENT_END2	MAP_D_CAD_00 425		
949	それは残念…	MAP_I_GAN_08 2785		
	それにしてもこの修練			
	人気ないんだよね		X	
	参加する気になったら			
	また声をかけてね			
951	func00_E_EVENT_END1	MAP_D_CAD_00 424		
952	func00_E_EVENT_END2	MAP_D_CAD_00 425		
953	func00_E_EVENT_START1	MAP_D_CAD_00 415		
956	func00_E_EVENT_START2	MAP_D_CAD_00 417		
959	…出ていってもらおうか	MAP_I_GAN_08 2795		
960	func00_E_EVENT_END1	MAP_D_CAD_00 424		
961	func00_E_EVENT_END2	MAP_D_CAD_00 425		
962	func00_E_EVENT_START1	MAP_D_CAD_00 415		
965	func00_E_EVENT_START2	MAP_D_CAD_00 417		
969	（おれの天幕…	MAP_I_GAN_08 2805		
	　残しておく必要は			
	　なかったのにな…）		X	
	（…帰ってくると			
	　思っていたのか？）			
973	…ここに	MAP_I_GAN_08 2809		
	おまえたちの			
	居場所は…ない！			
974	func00_BATTLE_EVENT	MAP_D_CAD_00 457		
977	（…ここは獣の	MAP_I_GAN_08 2813		
	　住みかではない）		X	
	（もちろん、アンチの			
	　住みかでも…）			
978	func00_E_EVENT_END1	MAP_D_CAD_00 424		
979	func00_E_EVENT_END2	MAP_D_CAD_00 425		
980	func00_E_EVENT_START1	MAP_D_CAD_00 415		
982	func00_E_EVENT_START2	MAP_D_CAD_00 417		
986	（キバガミ！？）	MAP_I_GAN_08 2822		
990	（あいつに父さんを	MAP_I_GAN_08 2826		
	　殺されて…）		X	
	（強くなりたいと			
	　思ったのは、それが			
	　きっかけだったな…）		X	
	おれは…			
	少しは強くなったのか？			
994	じゃまだ！	MAP_I_GAN_08 2830		
995	func00_BATTLE_EVENT	MAP_D_CAD_00 457		
997	修練フラグは 	MAP_I_GAN_08 2833		
998	です	MAP_I_GAN_08 2834		
				
1003	くそっ……	MAP_I_GAN_08 2839		
	どこへ行った？			
1004	func00_E_EVENT_END1	MAP_D_CAD_00 424		
1005	func00_E_EVENT_END2	MAP_D_CAD_00 425		
1006	func00_E_EVENT_START1	MAP_D_CAD_00 415		
1009	func00_E_EVENT_START2	MAP_D_CAD_00 417		
1012	（あれは…大きいな）	MAP_I_GAN_08 2848	X	
	（子供のキバガミなら			
	　倒せたけど…）		X	
	（いや、今なら			
	　あいつだって…）			
1016	どけ！	MAP_I_GAN_08 2852		
1017	func00_BATTLE_EVENT	MAP_D_CAD_00 457		
1021	キバガミ、どこだ！？	MAP_I_GAN_08 2857		
1022	func00_E_EVENT_END1	MAP_D_CAD_00 424		
1024	func00_E_EVENT_END2	MAP_D_CAD_00 425		
1025	func00_E_EVENT_START1	MAP_D_CAD_00 415		
1029	func00_E_EVENT_START2	MAP_D_CAD_00 417		
1031	（天仰鏡の天幕…）	MAP_I_GAN_08 2867	X	
	（伝統を頑なに			
	　守ろうとして、ここは			
	　滅ぼされてしまった…）		X	
	（おれは伝統なんて			
	　好きじゃ			
	　なかったけど…）		X	
	（なあ、ファズ？			
	　力があれば…			
	　みんなが強ければ…）			
1034	こんなことには	MAP_I_GAN_08 2870		
	ならなかったんじゃ			
	ないのか？			
1035	func00_BATTLE_EVENT	MAP_D_CAD_00 457		
1038	…おれは間違って	MAP_I_GAN_08 2874		
	いるのか？			
1039	func00_E_EVENT_END1	MAP_D_CAD_00 424		
1041	func00_E_EVENT_END2	MAP_D_CAD_00 425		
1042	func00_E_EVENT_START1	MAP_D_CAD_00 415		
1045	func00_E_EVENT_START2	MAP_D_CAD_00 417		
1047	（ヘズルおばさんの天幕…	MAP_I_GAN_08 2883		
	　おばさんは			
	　いい人だったな…）		X	
	（おれはなんて恩知らず			
	　だったんだろう）			
1051	いや、強くなれば	MAP_I_GAN_08 2887		
	いつか！			
1052	func00_BATTLE_EVENT	MAP_D_CAD_00 457		
1055	本当に…	MAP_I_GAN_08 2891		
	もう誰もいなくなって			
	しまったのか…			
1056	func00_E_EVENT_END1	MAP_D_CAD_00 424		
1058	func00_E_EVENT_END2	MAP_D_CAD_00 425		
1059	func00_E_EVENT_START1	MAP_D_CAD_00 415		
1063	func00_E_EVENT_START2	MAP_D_CAD_00 417		
1065	おれは…	MAP_I_GAN_08 2901		
	おれはもうあの時とは			
	ちがう			
1068	おまえたちににらまれて	MAP_I_GAN_08 2904		
	動けなかった			
	１０歳の子供じゃない		X	
	強さに憧れるだけの			
	男でもない			
1071	それを…	MAP_I_GAN_08 2907		
	確かめさせてもらうぞ			
1072	func00_BATTLE_EVENT	MAP_D_CAD_00 457		
1076	修練…クリアか…	MAP_I_GAN_08 2912	X	
	…………			
1080	（キバガミを倒しても	MAP_I_GAN_08 2916		
	　誰が帰ってくる			
	　わけでもない…）		X	
	（どうして			
	　こんなことに…）			
1084	func00_E_EVENT_END1	MAP_D_CAD_00 424		
1085	func00_E_EVENT_END2	MAP_D_CAD_00 425		
1086	func00_E_EVENT_START1	MAP_D_CAD_00 415		
1090	func00_E_EVENT_START2	MAP_D_CAD_00 417		
1093	やぁ、こんにちは！	MAP_D_KOU_01 277		
	下位ランカー向け			
	討伐修練の受付はここさ			
1095	…おや？	MAP_D_KOU_01 498		
	修練を達成したんだね			
1097	じゃあ、はい	MAP_D_KOU_01 500		
	これが報奨だよ！			
1102	ごくろうさま！	MAP_D_MAI_03 366		
	これからもがんばってね			
1106	…………	MAP_I_GAN_08 2942	X	
	今日はもう帰るか…			
1107	func00_E_EVENT_END1	MAP_D_CAD_00 424		
1109	func00_E_EVENT_END2	MAP_D_CAD_00 425		
1110	func00_E_EVENT_START1	MAP_D_CAD_00 415		
1111	func00_E_EVENT_START2	MAP_D_CAD_00 417		
1112	func00_E_EVENT_END1	MAP_D_CAD_00 424		
1113	func00_E_EVENT_END2	MAP_D_CAD_00 425		
1114	func00_E_EVENT_START1	MAP_D_CAD_00 415		
1138	func00_E_EVENT_START2	MAP_D_CAD_00 417		
1142	ようジグ！	MAP_I_GAN_05 479		
	修練クリアしたんだってな			
1146	これで名実共に	MAP_I_GAN_05 483		
	兄弟分ってことだな！			
1149	…………	MAP_D_CAD_00 242		
1151	おいおい！	MAP_I_GAN_05 488		
	祝ってやってるのに			
	その不機嫌ヅラはなんだ			
1154	まてまて…	MAP_I_GAN_05 491		
	こいつはニラミの			
	素質があるかもしれねえ		X	
	タイロン一家にとって			
	ニラミは大切だからな！			
1158	はっは！	MAP_I_GAN_05 495		
	ちげえねえや！！			
1163	おうジグ、来たのか！	MAP_I_GAN_05 500		
1170	わりいな	MAP_I_GAN_05 507		
	親方も誘ったんだが			
	用事があるらしくてよ		X	
	この階段の上が			
	親方の部屋だ			
	今度あいさつに行っとけよ			
1174	リド、そんなことより	MAP_I_GAN_05 511		
	早く飲もうぜ！			
	もう待ちきれねえ！			
1179	おうよ！	MAP_I_GAN_05 516		
	炭酸水、じゃんじゃん			
	持ってこい！			
1183	おまえも一家の仲間として	MAP_I_GAN_05 520		
	炭酸水の味を			
	知っておかなきゃなあ？			
1194	なんだか盛り上がってるね	MAP_I_GAN_05 531		
1199	マキス…	MAP_D_LUK_00 2500		
1203	そんな困った顔しないの	MAP_I_GAN_05 540		
	一緒に盛り上がるのも			
	大切なことだよ			
1206	…………	MAP_D_CAD_00 242		
1209	あ、そうそう	MAP_I_GAN_05 546		
	忘れないうちに			
	伝えておくね		X	
	ウェルマーが新しい情報を			
	手に入れたそうだ		X	
	これからも			
	協力してくれるから			
	ときどき顔を出すんだよ			
1220	おいジグ、何してるんだ！	MAP_I_GAN_05 557		
	はやく飲もうぜ！			
	冷えてるうちが一番だ！			
1254	なんであいつら	MAP_I_GAN_05 591		
	炭酸水でつぶれてんだよ…			
	雰囲気酔いか？		X	
	まあいい			
	…ところでジグよぉ			
	合鍵って持ってるか？			
1256	いや…	MAP_D_CAD_00 826		
1258	合鍵を親しいヤツに渡して	MAP_I_GAN_05 595		
	部屋に招くのが			
	ガンドアの風習だ			
1260	そうなのか	MAP_I_GAN_05 597		
1262	おうよ	MAP_I_GAN_05 599		
	宿屋の暁の間で			
	作ってもらえるらしいぞ		X	
	もし作ったら			
	ちゃんと誰かに渡して			
	活用するんだぞ			
1264	ああ	MAP_D_CAN_00 336		
1266	それ、ちゃんと活用しろよ	MAP_I_GAN_05 603		
	誰かに渡さないと			
	意味ないからな			
1269	呼べるのは女だけって	MAP_I_GAN_05 606		
	わけでもねえしよ		X	
	例えば…			
	ほれ、リドとかどうだ？		X	
	あいつ、口を開けば			
	親方の話ばっかりだから			
	退屈かもしれねえが{17}02			
1276	おい、何か余計なこと	MAP_I_GAN_05 613		
	吹き込んでねえか！？			
1279	なんも言ってねえよ！	MAP_I_GAN_05 616		
	炭酸水の飲みすぎで			
	ゲップが出ただけだ！			
1283	…ま、そんなとこだ	MAP_I_GAN_05 620		
	とにかく楽しくやろうぜ			
1284	func00_E_EVENT_END1	MAP_D_CAD_00 424		
1287	func00_E_EVENT_END2	MAP_D_CAD_00 425		
1288	func00_E_EVENT_START1	MAP_D_CAD_00 415		
1289	func00_E_EVENT_START2	MAP_D_CAD_00 417		
1291	func00_E_EVENT_END1	MAP_D_CAD_00 424		
1292	func00_E_EVENT_END2	MAP_D_CAD_00 425		
1293	func00_E_EVENT_START1	MAP_D_CAD_00 415		
1296	func00_E_EVENT_START2	MAP_D_CAD_00 417		
1300	ジグ…	MAP_I_GAN_05 637		
	とにかく租界に戻ろう		X	
	どんな結果でも			
	タイロンに報告しなくちゃ			
1302	func00_E_EVENT_END1	MAP_D_CAD_00 424		
1303	func00_E_EVENT_END2	MAP_D_CAD_00 425		
1304	func00_E_EVENT_START1	MAP_D_CAD_00 415		
1306	func00_E_EVENT_START2	MAP_D_CAD_00 417		
1311	ああ、もしかして	MAP_I_GAN_05 648		
	タイロンさんに報告か？			
1315	…ああ	MAP_D_CAN_04 784		
1319	それなら不用だそうだ	MAP_I_GAN_05 656		
	おれが言伝を預かってる		X	
	事の次第は知ってるから			
	とっとと帰って寝ろってな			
1322	…………	MAP_D_CAD_00 242		
1323	func00_E_EVENT_END1	MAP_D_CAD_00 424		
1324	func00_E_EVENT_END2	MAP_D_CAD_00 425		
1325	func00_E_EVENT_START1	MAP_D_CAD_00 415		
1326	func00_E_EVENT_START2	MAP_D_CAD_00 417		
1329	おれは…	MAP_I_GAN_05 666		
	強くなるために			
	機構に入ったんだ		X	
	…………		X	
	明けても暮れても			
	修練修練…か			
1334	func00_E_EVENT_END1	MAP_D_CAD_00 424		
1336	func00_E_EVENT_END2	MAP_D_CAD_00 425		
1337	シーン初期化	MAP_D_CAD_00 1232		
				
1338	オブジェクト配置	MAP_D_CAD_00 1233		
				
1339	オブジェクトトラップ配置	MAP_D_CAD_00 1235		
				
1340	マップチェンジトラップ配置	MAP_D_CAD_00 1236		
				
1343	■■■:	MAP_D_MAI_00 556		
1344	■	MAP_D_MAI_00 557		
				
1345	ＴＢ２６			
				
1353	ＮＰＣ配置	MAP_D_CAD_00 1248		
				
1355	マキス	MAP_D_CAD_00 1258		
1388	カンタレラを出ると荒野よ			
	そこをずっと進んでいけば			
	ガンドアにつくわ			
1390	気をつけてね、ジグ			
1392	ジグ、みてくれよこの有様			
	家の中もひどいんだ			
1394	ＮＰＣの配置と台詞は			
	もちろん仮だぞ			
1396	…………	MAP_D_CAD_00 242		
1398	大丈夫か？	MAP_D_KOU_03 665		
1400	あ、ああ、ジグ…			
	私は大丈夫よ			
1401	func00_B_EVENT_START1	MAP_D_CAD_00 459		
1405	func00_B_EVENT_START2	MAP_D_CAD_00 465		
1406	func00_B_EVENT_END1	MAP_D_CAD_00 522		
1407	func00_B_EVENT_END2	MAP_D_CAD_00 527		
1409	……これは…ひどいね			
1411	あの子が…やったのか？			
1413	{14}02A6を返してもらいますか？	MAP_D_CAD_00 1299		
1414	はい	MAP_D_CAD_00 432		
1415	いいえ	MAP_D_CAD_00 433		
1420	ああ、わかったよ	MAP_D_CAD_00 1306		
1422	{14}02A6を返してもらった	MAP_D_CAD_00 1308		
1425	どうしたんだい？	MAP_D_CAD_00 1311		
1427	{14}02A6を持っていません	MAP_D_CAD_00 1313		
1431	{14}02A6を渡しますか？	MAP_D_CAD_00 1317		
1436	おお…	MAP_D_CAD_00 1322		
	うれしいよ、ジグ！			
	ありがとう！			
1438	{14}02A6を渡した	MAP_D_CAD_00 1324		
1442	イベントトラップ配置	MAP_D_CAD_00 1413		
				
1443	レンの弔い			
				
1445	決起集会			
				
1456	func00_E_EVENT_START1	MAP_D_CAD_00 415		
1458	func00_E_EVENT_START2	MAP_D_CAD_00 417		
1461	おれの家……	My home...		
1464	func00_E_EVENT_END1	MAP_D_CAD_00 424		
1465	func00_E_EVENT_END2	MAP_D_CAD_00 425		
1476	カンタレラの様子			
				
1479	ジグの回想			
				
1504	MKS	MAP_D_CAD_00 1457		
				
1506	NPC00	MAP_D_CAD_00 1443		
				
1508	NPC01	MAP_D_CAD_00 1445		
				
1510	NPC02	MAP_D_CAD_00 1447		
				
1512	NPC03	MAP_D_CAD_00 1449		
				
1514	NPC04	MAP_D_CAD_00 1451		
