0	■■■ func00_DEBUG_SIGN ■■■	MAP_D_CAD_00 0			
					
1	！！！エラー検出用サブルーチンを通りました！！！	MAP_D_CAD_00 1			
					
2	イビノスシンボル配置しない。フラグ：	MAP_D_CAD_00 2			
4	イビノスシンボル配置する。フラグ：	MAP_D_CAD_00 4			
7	ランカーファイル情報更新	MAP_D_CAD_00 7			
					
8	->旧:	MAP_D_CAD_00 8			
9	 追加:	MAP_D_CAD_00 9			
10	 結果:	MAP_D_CAD_00 10			
12	ランク:	MAP_D_CAD_00 12			
15	ランカー戦勝利・戻り値：	MAP_D_CAD_00 15			
17	ランキング戦を申し込みますか？	MAP_D_CAD_00 17			
18	申し込む	MAP_D_CAD_00 18			
19	やめておく	MAP_D_CAD_00 19			
22	イビノスシンボル倒した。フラグON：	MAP_D_CAD_00 22			
25	イビノス戦：イベント終了？	MAP_D_CAD_00 25			
					
26	スクリプト：未知のモーションタイプが指定されました	MAP_D_CAD_00 26			
					
33	***振り向き判定ＰＣ***	MAP_D_CAD_00 33			
					
34	現在:cmn_r0:	MAP_D_CAD_00 34			
36	目標:cmn_r1:	MAP_D_CAD_00 36			
38	差分:cmn_r2:	MAP_D_CAD_00 38			
40	差分＾２:cmn_r3:	MAP_D_CAD_00 40			
42	閾値＾２:cmn_r4:	MAP_D_CAD_00 42			
44	->pc振り向きません	MAP_D_CAD_00 44			
					
45	->pc振り向きます	MAP_D_CAD_00 45			
					
47	***振り向き判定***	MAP_D_CAD_00 47			
					
48	現在:cmn_r0:	MAP_D_CAD_00 34			
50	目標:cmn_r1:	MAP_D_CAD_00 36			
52	差分:cmn_r2:	MAP_D_CAD_00 38			
54	差分＾２:cmn_r3:	MAP_D_CAD_00 40			
56	閾値＾２:cmn_r4:	MAP_D_CAD_00 42			
58	->npc振り向きません	MAP_D_CAD_00 58			
					
59	->npc振り向きます	MAP_D_CAD_00 59			
					
63	ロード待ち開始	MAP_D_CAD_00 63			
					
64	ロード待ち終了	MAP_D_CAD_00 64			
					
65	{15}0C{14}L00000000を	MAP_D_CAD_00 65			
	手に入れた				
66	{15}0E{14}L00000000を	MAP_D_CAD_00 66			
	手に入れた				
67	{15}0F{14}L00000000を	MAP_D_CAD_00 67			
	手に入れた				
68	{15}0D{14}L00000000を	MAP_D_CAD_00 68			
	手に入れた				
69	{15}10{14}L00000000を	MAP_D_CAD_00 69			
	手に入れた				
70	{15}12{14}L00000000を	MAP_D_CAD_00 70			
	手に入れた				
71	{15}11{14}L00000000を	MAP_D_CAD_00 71			
	手に入れた				
72	{15}13{14}L00000000を{1d}L00000001個	MAP_D_CAD_00 72			
	手に入れた				
73	{15}14{14}L00000000を{1d}L00000001個	MAP_D_CAD_00 73			
	手に入れた				
74	{15}14{14}L00000000を	MAP_D_CAD_00 74			
	手に入れた				
75	{15}1B{14}L00000000を	MAP_D_CAD_00 75			
	手に入れた				
76	{14}L00000000を	MAP_D_CAD_00 76			
	手に入れた				
77	{1d}L00000000Ｂを手に入れた	MAP_D_CAD_00 77			
					
78	num_calc：	MAP_D_CAD_00 78			
80	{15}0C{14}L00000000を	MAP_D_CAD_00 80			
	手渡した				
81	{15}0E{14}L00000000を	MAP_D_CAD_00 81			
	手渡した				
82	{15}0F{14}L00000000を	MAP_D_CAD_00 82			
	手渡した				
83	{15}0D{14}L00000000を	MAP_D_CAD_00 83			
	手渡した				
84	{15}10{14}L00000000を	MAP_D_CAD_00 84			
	手渡した				
85	{15}12{14}L00000000を	MAP_D_CAD_00 85			
	手渡した				
86	{15}11{14}L00000000を	MAP_D_CAD_00 86			
	手渡した				
87	{15}13{14}L00000000を{1d}L00000001個	MAP_D_CAD_00 87			
	手渡した				
88	{15}14{14}L00000000を{1d}L00000001個	MAP_D_CAD_00 88			
	手渡した				
89	{15}14{14}L00000000を	MAP_D_CAD_00 89			
	手渡した				
90	{15}1B{14}L00000000を	MAP_D_CAD_00 90			
	手渡した				
91	{14}L00000000を	MAP_D_CAD_00 91			
	手渡した				
					
92	■■ret0■■：	MAP_D_CAD_00 92			
96	■■ret■■：	MAP_D_CAD_00 96			
98	cmn_option:	MAP_D_CAD_00 98			
106	セーブポイント	MAP_D_CAD_00 106			
107	データ削除ユーティリティを起動します	MAP_D_CAD_00 107			
	ゲームプレイデータのセーブには				
	{1d}L00000001KB以上の空き容量が必要です				
108	ネックタイプ：	MAP_D_CAD_00 108			
110	首の初期化	MAP_D_CAD_00 110			
					
111	ネックタイプ：	MAP_D_CAD_00 108			
115	大橋が	MAP_D_CAD_00 115			
	トラベルマップで使用可能になりました				
116	下区：商業区が	MAP_D_CAD_00 116			
	トラベルマップで使用可能になりました				
117	下区：ランカー居住区が	MAP_D_CAD_00 117			
	トラベルマップで使用可能になりました				
118	下区：闘技場前が	MAP_D_CAD_00 118			
	トラベルマップで使用可能になりました				
119	タイロン租界が	MAP_D_CAD_00 119			
	トラベルマップで使用可能になりました				
120	バザルタ出張所前が	MAP_D_CAD_00 120			
	トラベルマップで使用可能になりました				
121	上区：噴水広場前が	MAP_D_CAD_00 121			
	トラベルマップで使用可能になりました				
122	バザルタ本部前が	MAP_D_CAD_00 122			
	トラベルマップで使用可能になりました				
123	フラグ・フィールド：	MAP_D_CAD_00 123			
125	フラグ・フィールド：	MAP_D_CAD_00 123			
127	ガンドアが	MAP_D_CAD_00 127			
	トラベルマップで使用可能になりました				
128	カンタレラが	MAP_D_CAD_00 128			
	トラベルマップで使用可能になりました				
129	トーロ荒地が	MAP_D_CAD_00 129			
	トラベルマップで使用可能になりました				
130	リブラ森林が	MAP_D_CAD_00 130			
	トラベルマップで使用可能になりました				
131	マイヤールの森が	MAP_D_CAD_00 131			
	トラベルマップで使用可能になりました				
132	ベリエ街道が	MAP_D_CAD_00 132			
	トラベルマップで使用可能になりました				
133	ドネイ回廊が	MAP_D_CAD_00 133			
	トラベルマップで使用可能になりました				
134	ウィルゴー砂漠が	MAP_D_CAD_00 134			
	トラベルマップで使用可能になりました				
135	カドモール水源が	MAP_D_CAD_00 135			
	トラベルマップで使用可能になりました				
136	カルキノス荒地が	MAP_D_CAD_00 136			
	トラベルマップで使用可能になりました				
137	ラ・キット遺跡が	MAP_D_CAD_00 137			
	トラベルマップで使用可能になりました				
138	レオン峡谷が	MAP_D_CAD_00 138			
	トラベルマップで使用可能になりました				
139	ソダー回廊が	MAP_D_CAD_00 139			
	トラベルマップで使用可能になりました				
140	ニシュラ氷河が	MAP_D_CAD_00 140			
	トラベルマップで使用可能になりました				
141	いにしえの回廊が	MAP_D_CAD_00 141			
	トラベルマップで使用可能になりました				
142	フィッシェ街道が	MAP_D_CAD_00 142			
	トラベルマップで使用可能になりました				
143	レゾナール海岸が	MAP_D_CAD_00 143			
	トラベルマップで使用可能になりました				
144	ケイロニア高原が	MAP_D_CAD_00 144			
	トラベルマップで使用可能になりました				
145	ケイロニア砦が	MAP_D_CAD_00 145			
	トラベルマップで使用可能になりました				
146	サルバトーレ離宮が	MAP_D_CAD_00 146			
	トラベルマップで使用可能になりました				
147	リストにないよ？	MAP_D_CAD_00 147			
					
148	_case:	MAP_D_CAD_00 148			
151	「討伐修練【低位１】」の	MAP_D_CAD_00 151			
	クリア条件を満たした！				
152	「討伐修練【低位２】」の	MAP_D_CAD_00 152			
	クリア条件を満たした！				
153	「討伐修練【低位３】」の	MAP_D_CAD_00 153			
	クリア条件を満たした！				
154	「討伐修練【低位４】」の	MAP_D_CAD_00 154			
	クリア条件を満たした！				
155	「討伐修練【低位５】」の	MAP_D_CAD_00 155			
	クリア条件を満たした！				
156	「討伐修練【中位１】」の	MAP_D_CAD_00 156			
	クリア条件を満たした！				
157	「討伐修練【中位２】」の	MAP_D_CAD_00 157			
	クリア条件を満たした！				
158	「討伐修練【高位１】」の	MAP_D_CAD_00 158			
	クリア条件を満たした！				
159	「討伐修練【高位２】」の	MAP_D_CAD_00 159			
	クリア条件を満たした！				
160	「薬草探しの代理人」の	MAP_D_CAD_00 160			
	クリア条件を満たした！				
161	「新商品開発の手伝い」の	MAP_D_CAD_00 161			
	クリア条件を満たした！				
162	「蒼の指環を求めて」の	MAP_D_CAD_00 162			
	クリア条件を満たした！				
163	「雪中の贈り物」の	MAP_D_CAD_00 163			
	クリア条件を満たした！				
164	「加護あることを祈って」の	MAP_D_CAD_00 164			
	クリア条件を満たした！				
165	「追想の白い花」の	MAP_D_CAD_00 165			
	クリア条件を満たした！				
166	「来れ、好運の使者！」の	MAP_D_CAD_00 166			
	クリア条件を満たした！				
167	「武術指南のお願い」の	MAP_D_CAD_00 167			
	クリア条件を満たした！				
168	「行方不明の従業員」の	MAP_D_CAD_00 168			
	クリア条件を満たした！				
169	「スキルチップ収集中」の	MAP_D_CAD_00 169			
	クリア条件を満たした！				
170	「盗難品の行方は」の	MAP_D_CAD_00 170			
	クリア条件を満たした！				
171	「資料集めのアシスタント」の	MAP_D_CAD_00 171			
	クリア条件を満たした！				
172	「河畔の生態系調査」の	MAP_D_CAD_00 172			
	クリア条件を満たした！				
173	「新人官吏を捕獲せよ」の	MAP_D_CAD_00 173			
	クリア条件を満たした！				
174	「黒い積荷の回収」の	MAP_D_CAD_00 174			
	クリア条件を満たした！				
175	「悪徳商売を抑止せよ」の	MAP_D_CAD_00 175			
	クリア条件を満たした！				
176	「新人ランカー襲撃事件」の	MAP_D_CAD_00 176			
	クリア条件を満たした！				
177	「優しい猛者、募集中」の	MAP_D_CAD_00 177			
	クリア条件を満たした！				
178	「異郷からきた尋ね人」の	MAP_D_CAD_00 178			
	クリア条件を満たした！				
179	「勇壮なる護衛の依頼」の	MAP_D_CAD_00 179			
	クリア条件を満たした！				
180	「赫の指環を求めて」の	MAP_D_CAD_00 180			
	クリア条件を満たした！				
181	「闘技場の害獣駆除」の	MAP_D_CAD_00 181			
	クリア条件を満たした！				
182	「回覧板配達人」の	MAP_D_CAD_00 182			
	クリア条件を満たした！				
183	「討伐修練【緊急】」の	MAP_D_CAD_00 183			
	クリア条件を満たした！				
184	「鉱物資源の収集【緊急】」の	MAP_D_CAD_00 184			
	クリア条件を満たした！				
185	「タリー石を探せ」の	MAP_D_CAD_00 185			
	クリア条件を満たした！				
186	「甘梅草を探せ」の	MAP_D_CAD_00 186			
	クリア条件を満たした！				
187	「衛兵の剣の没収」の	MAP_D_CAD_00 187			
	クリア条件を満たした！				
188	「衛兵の剣の返却」の	MAP_D_CAD_00 188			
	クリア条件を満たした！				
189	「森のイビノス駆除【重大】」の	MAP_D_CAD_00 189			
	クリア条件を満たした！				
190	「回廊のイビノス駆除【重大】」の	MAP_D_CAD_00 190			
	クリア条件を満たした！				
191	「七騎士認定修練【重大】」の	MAP_D_CAD_00 191			
	クリア条件を満たした！				
192	ガンドアが	MAP_D_CAD_00 192			
	トラベルマップで通行可能になりました				
193	ガンドアが	MAP_D_CAD_00 193			
	トラベルマップで通行不能になりました				
194	カンタレラが	MAP_D_CAD_00 194			
	トラベルマップで通行可能になりました				
195	カンタレラが	MAP_D_CAD_00 195			
	トラベルマップで通行不能になりました				
196	トーロ荒地が	MAP_D_CAD_00 196			
	トラベルマップで通行可能になりました				
197	トーロ荒地が	MAP_D_CAD_00 197			
	トラベルマップで通行不能になりました				
198	リブラ森林が	MAP_D_CAD_00 198			
	トラベルマップで通行可能になりました				
199	リブラ森林が	MAP_D_CAD_00 199			
	トラベルマップで通行不能になりました				
200	マイヤールの森が	MAP_D_CAD_00 200			
	トラベルマップで通行可能になりました				
201	マイヤールの森が	MAP_D_CAD_00 201			
	トラベルマップで通行不能になりました				
202	ベリエ街道が	MAP_D_CAD_00 202			
	トラベルマップで通行可能になりました				
203	ベリエ街道が	MAP_D_CAD_00 203			
	トラベルマップで通行不能になりました				
204	ドネイ回廊が	MAP_D_CAD_00 204			
	トラベルマップで通行可能になりました				
205	ドネイ回廊が	MAP_D_CAD_00 205			
	トラベルマップで通行不能になりました				
206	ウィルゴー砂漠が	MAP_D_CAD_00 206			
	トラベルマップで通行可能になりました				
207	ウィルゴー砂漠が	MAP_D_CAD_00 207			
	トラベルマップで通行不能になりました				
208	カドモール水源が	MAP_D_CAD_00 208			
	トラベルマップで通行可能になりました				
209	カドモール水源が	MAP_D_CAD_00 209			
	トラベルマップで通行不能になりました				
210	カルキノス荒地が	MAP_D_CAD_00 210			
	トラベルマップで通行可能になりました				
211	カルキノス荒地が	MAP_D_CAD_00 211			
	トラベルマップで通行不能になりました				
212	ラ・キット遺跡が	MAP_D_CAD_00 212			
	トラベルマップで通行可能になりました				
213	ラ・キット遺跡が	MAP_D_CAD_00 213			
	トラベルマップで通行不能になりました				
214	レオン峡谷が	MAP_D_CAD_00 214			
	トラベルマップで通行可能になりました				
215	レオン峡谷が	MAP_D_CAD_00 215			
	トラベルマップで通行不能になりました				
216	ソダー回廊が	MAP_D_CAD_00 216			
	トラベルマップで通行可能になりました				
217	ソダー回廊が	MAP_D_CAD_00 217			
	トラベルマップで通行不能になりました				
218	ニシュラ氷河が	MAP_D_CAD_00 218			
	トラベルマップで通行可能になりました				
219	ニシュラ氷河が	MAP_D_CAD_00 219			
	トラベルマップで通行不能になりました				
220	いにしえの回廊が	MAP_D_CAD_00 220			
	トラベルマップで通行可能になりました				
221	いにしえの回廊が	MAP_D_CAD_00 221			
	トラベルマップで通行不能になりました				
222	フィッシェ街道が	MAP_D_CAD_00 222			
	トラベルマップで通行可能になりました				
223	フィッシェ街道が	MAP_D_CAD_00 223			
	トラベルマップで通行不能になりました				
224	レゾナール海岸が	MAP_D_CAD_00 224			
	トラベルマップで通行可能になりました				
225	レゾナール海岸が	MAP_D_CAD_00 225			
	トラベルマップで通行不能になりました				
226	ケイロニア高原が	MAP_D_CAD_00 226			
	トラベルマップで通行可能になりました				
227	ケイロニア高原が	MAP_D_CAD_00 227			
	トラベルマップで通行不能になりました				
228	ケイロニア砦が	MAP_D_CAD_00 228			
	トラベルマップで通行可能になりました				
229	ケイロニア砦が	MAP_D_CAD_00 229			
	トラベルマップで通行不能になりました				
230	サルバトーレ離宮が	MAP_D_CAD_00 230			
	トラベルマップで通行可能になりました				
231	サルバトーレ離宮が	MAP_D_CAD_00 231			
	トラベルマップで通行不能になりました				
232	リストにないよ？	MAP_D_CAD_00 147			
					
233	func00_B_EVENT_START1	MAP_D_CAD_00 459			
278	■■■エフェクト置きます■■■	MAP_D_DNE_00 304			
					
281	func00_B_EVENT_START2				
301	ジグ、どこへ行くつもりだ	Where do you think you're going, Zig?		X	37
302	儀式の途中だぞ	We're in the middle of a ceremony.		X	34
305	チッ…	Crap...		X	7
306	見つかったか	Someone saw me.		X	15
307	おれで良かっただろ？	Good thing it was me, right?		X	28
308	さあ、戻るぞ	C'mon, let's go back.		X	21
309	ファズ	Faz,		X	4
310	親父さん…	Tell your father...		X	19
311	いや	No,		X	3
312	族長に伝えてくれ	Tell the chief		X	14
314	おれはカンタレラを出る	that I'm leaving Cantelera		X	26
316	もう戻らない	and I'm never coming back.		X	26
319	突然何を言いだすんだ？	Why are you telling me this so suddenly?		X	40
320	予告したら反対するだろ	You would have tried to stop me if I told you beforehand.		X	57
321	あたりまえだ！	Of course I would have!		X	23
322	…おれは	...I've		X	7
323	こんな生活がイヤになったんだ	come to dislike this way of life.		X	33
332	見ろよ、あの儀式…	Look at that ceremony...		X	24
333	意味も目的も知らずに	They mindlessly repeat it without		X	33
	ただ繰り返すだけ	knowing its true meaning or purpose		X	35
336	伝統を守るというのは	That ceremony is		X	16
	そういうことだ	a village tradition.		X	20
337	おれはもっと	I want more.		X	12
338	価値のある人生を送りたい	I want to live a life that has value.		X	37
341	ここで暮らすことに	Are you saying that life		X	24
	価値はない	here has no value?		X	18
342	そういうことか？	Is that it?		X	11
345	悪いな…	Sorry...		X	8
346	未来が見えないんだ	I have no future here.		X	22
351	ジグ…	Zig...		X	6
352	おれは戦侯機構に入る	I'm going to join the Legion...		X	31
353	そして	and...		X	6
354	強くなるんだ	become strong.		X	14
355	誰にも負けないくらい強くなって	So strong that no one can defeat me.		X	36
356	てっぺんに立ってやる	I will stand above all others.		X	30
357	待て！	Wait!		X	5
360	おれは認めない	I refuse to accept this.		X	24
361	行くならおれを倒してからだ	If you want to leave, you'll have to get through me first.		X	58
363	勝った方の意見が正しい…か	The winner's viewpoint is		X	25
		the correct one, huh?		X	21
364	それは機構の考え方だ	That's the legion's way of thinking.		X	36
366	おまえに合わせてやってるんだ	I'll bring you back into line.		X	30
367	ふん…	Hmph...		X	7
368	負けたら村に残れよ	If you lose, you stay in the village.		X	37
370	どうしておれにこだわる	Why are you so		X	14
		determined to stop me?		X	22
372	一緒に伝統を守っていくと	I thought we swore to uphold the		X	32
	思っていたのは	village's traditions together.		X	30
373	おれだけか！	Or was that just me!?		X	21
375	親友だと思っていたのは	I thought we were best friends.		X	31
376	おれだけか！	Or was that just me!?		X	21
381	btl_pit009	MAP_T_GAN_02 7249			
382	バトルの説明 ～基本操作～	Battle Explanation ～Basic Controls～			
383	btl_pit010	MAP_T_GAN_02 7251			
384	主人公の体力(HP)	MAP_T_GAN_02 7252			
	０になるとゲームオーバーです				
385	btl_pit011	MAP_T_GAN_02 7253			
386	敵の体力(HP)	MAP_T_GAN_02 7254			
	０になると敵を倒すことができます				
387	btl_pit012	MAP_T_GAN_02 7255			
388	{15}03：片手剣による攻撃	{15}03：Sword Attack	X		
	{15}03・{15}03と連続で	{15}03・{15}03 to chain			
	押すことで２回まで	two attacks together.			
	攻撃をつなげることができます				
389	btl_pit013	MAP_T_GAN_02 7257			
390	主人公の行動力(SP)	MAP_T_GAN_02 7258			
	行動によって減るが時間で回復します				
	{15}03は行動力を２消費します				
391	func00_B_EVENT_END1	MAP_D_CAD_00 522			
402	func00_B_EVENT_END2	MAP_D_CAD_00 527			
403	func00_BATTLE_EVENT	MAP_D_CAD_00 457			
404	func00_C_EVENT_START1	MAP_D_CAD_00 233			
417	func00_C_EVENT_START2	MAP_D_CAD_00 238			
422	…行けよ	...Go.			
441	兄さん？	Faz?			
445	おれの方が	I am stronger than			18
	強いじゃないか…	him, aren't I?			
446	func00_C_EVENT_END1	MAP_D_CAD_00 372			
447	func00_C_EVENT_END2	MAP_D_CAD_00 377			
448	func00_B_EVENT_START1	MAP_D_CAD_00 459			
462	func00_B_EVENT_START2	MAP_D_CAD_00 465			
468	わたしは知りませんよ	MAP_I_BAS_07 2059			
473	もう寝たんじゃねえのか？	MAP_I_BAS_07 2064			
474	それ、あり得る！	MAP_I_BAS_07 2065			
475	様子を見てくるよ	MAP_I_BAS_07 2066			
476	func00_B_EVENT_END1	MAP_D_CAD_00 522			
477	func00_B_EVENT_END2	MAP_D_CAD_00 527			
478	func00_B_EVENT_START1	MAP_D_CAD_00 459			
481	func00_B_EVENT_START2	MAP_D_CAD_00 465			
493	ジグ、どこへ行くつもりだ？	MAP_I_BAS_07 2084			
496	チッ…	MAP_D_RIV_00 568			
497	見つかったか	MAP_I_BAS_07 2088			
498	さあ、ガンドアへ戻ろう	MAP_I_BAS_07 2089			
500	ファズ…	MAP_D_DOU_03 619			
501	みんなに伝えてくれ	MAP_I_BAS_07 2092			
503	ガンドアにはもう{17}02	MAP_I_BAS_07 2094			
504	おれはもっと価値のある	MAP_I_BAS_07 2095			
	人生を送りたい				
507	ここで暮らすことに	MAP_I_BAS_07 2098			
	価値はない…				
508	だったか？	MAP_I_BAS_07 2099			
509	今はそこまでじゃない	MAP_I_BAS_07 2100			
510	ただ{17}02	MAP_I_BAS_07 2101			
513	止めないぞ	MAP_I_BAS_07 2104			
514	行けよ	MAP_I_BAS_07 2105			
515	…ああ	MAP_D_CAN_04 784			
516	いや、行こう	MAP_I_BAS_07 2107			
517	ファズ？	MAP_I_BAS_07 2108			
519	親友だと思っているのは	MAP_I_BAS_07 2110			
521	おれだけか？	MAP_I_BAS_07 2112			
524	おまえだけだ	MAP_I_BAS_07 2115			
525	なんだと！？	MAP_I_BAS_07 2116			
526	capcom	MAP_I_BAS_07 2117			
527	func00_B_EVENT_END1	MAP_D_CAD_00 522			
528	func00_B_EVENT_END2	MAP_D_CAD_00 527			
529	movie/EV04_14_0100A.pmf				
530	勲章授与【行動力上昇】	Commendation [Action Power Up] {13}07In recognition of your deeds as the Last Ranker, the Legion awards you this Lion King medal. You now stand on top of the world.			
	{13}07ラストランカー・ジグの武勲を称え				
	戦侯機構バザルタより勲章・獅子王を授与する				
	世界の頂に立つ汝に、幸多からんことを				
531	ジグの行動力(SP)が	Zig's Action Points (SP) increased from 8 to 10.			
	８から１０に上がりました				
532	クリアデータを	You can now save clear data.			
	セーブすることができます		X		
	セーブしたデータは最後の戦いの直前から	This data will return you to the point right before the last battle.			
	再開されます				
533	セーブ	Save			
534	データ削除	Delete			
535	タイトルに戻る	To Title			
538	データ削除ユーティリティを起動します	MAP_D_CAD_00 107			
	ゲームプレイデータのセーブには				
	{1d}L00000001KB以上の空き容量が必要です				
539	タイトルに戻ります	Go back to the title screen?			
	よろしいですか？				
540	はい	MAP_D_CAD_00 432			
541	いいえ	MAP_D_CAD_00 433			
544	シーン初期化	MAP_D_CAD_00 1232			
					
545	オブジェクト配置	MAP_D_CAD_00 1233			
					
546	オブジェクトトラップ配置	MAP_D_CAD_00 1235			
					
547	マップチェンジトラップ配置	MAP_D_CAD_00 1236			
					
548	ＮＰＣ配置	MAP_D_CAD_00 1248			
					
560	イベントトラップ配置	MAP_D_CAD_00 1413			
					
570	カンタレラからの旅たち				
					
572	ファズと戦闘				
					
574	俺のほうが強いじゃないか				
					
576	ジグ×ファズ				
					
578	エピローグムービー				
