<?xml version="1.0" encoding="UTF-8"?>
<files>
  <file name="Drasle Family - Pochi &amp; Bochi (v1.0)-1.png" source="original">
    <mtime>1745154577</mtime>
    <size>3281</size>
    <md5>339458a94feaffdfe49f98ff7e4d0f10</md5>
    <crc32>ffa05be6</crc32>
    <sha1>753f2670dbb3ca3cfec14dec9aa5e4b692de7509</sha1>
    <format>PNG</format>
  </file>
  <file name="Drasle Family - Pochi &amp; Bochi (v1.0)-1_thumb.jpg" source="derivative">
    <format>JPEG Thumb</format>
    <original>Drasle Family - Pochi &amp; Bochi (v1.0)-1.png</original>
    <mtime>1745154942</mtime>
    <size>10939</size>
    <md5>d411024a195e98e663002c306898e611</md5>
    <crc32>98fe6efd</crc32>
    <sha1>59896781ff516027710ef41c5875154fe3ba5ed8</sha1>
  </file>
  <file name="Drasle Family - Pochi &amp; Bochi (v1.0)-2.png" source="original">
    <mtime>1745154580</mtime>
    <size>3960</size>
    <md5>da268811f1be6b7e658f3dbede717466</md5>
    <crc32>d6add37b</crc32>
    <sha1>454d3f1bdb1838ff1fb7d9d2e97e714fdec92d74</sha1>
    <format>PNG</format>
  </file>
  <file name="Drasle Family - Pochi &amp; Bochi (v1.0)-2_thumb.jpg" source="derivative">
    <format>JPEG Thumb</format>
    <original>Drasle Family - Pochi &amp; Bochi (v1.0)-2.png</original>
    <mtime>1745154956</mtime>
    <size>11271</size>
    <md5>d38206f379681ecf6cdbc3f9cd1f8798</md5>
    <crc32>653569e3</crc32>
    <sha1>a52e3da82efcd571067c2ad45b558d5d4cdd6640</sha1>
  </file>
  <file name="Drasle Family - Pochi &amp; Bochi (v1.0)-3.png" source="original">
    <mtime>1745154557</mtime>
    <size>4176</size>
    <md5>3556d83db1647454c95d45b00eed5115</md5>
    <crc32>f427c821</crc32>
    <sha1>24672d5a63158d1c965598d63527b14e59ab840a</sha1>
    <format>PNG</format>
  </file>
  <file name="Drasle Family - Pochi &amp; Bochi (v1.0)-3_thumb.jpg" source="derivative">
    <format>JPEG Thumb</format>
    <original>Drasle Family - Pochi &amp; Bochi (v1.0)-3.png</original>
    <mtime>1745154970</mtime>
    <size>11736</size>
    <md5>2115a2ead1d5beaed533f3f9cdbf047e</md5>
    <crc32>b2fc5ca3</crc32>
    <sha1>a115d4f6189f5534e400fa73c5255fe3214b9b98</sha1>
  </file>
  <file name="Drasle Family - Pochi &amp; Bochi (v1.0)-4.png" source="original">
    <mtime>1745154559</mtime>
    <size>4196</size>
    <md5>7ec790907552c2f5767ffda9b6a92856</md5>
    <crc32>a031407f</crc32>
    <sha1>a4e1aa5089464c489e9e2fde0a6c8f107168879f</sha1>
    <format>PNG</format>
  </file>
  <file name="Drasle Family - Pochi &amp; Bochi (v1.0)-4_thumb.jpg" source="derivative">
    <format>JPEG Thumb</format>
    <original>Drasle Family - Pochi &amp; Bochi (v1.0)-4.png</original>
    <mtime>1745154978</mtime>
    <size>12080</size>
    <md5>edf5a20def4bdf5251a2564a43f7520f</md5>
    <crc32>93831f5f</crc32>
    <sha1>64ba52038294b9342fbfb0db6010da5a2ed87eda</sha1>
  </file>
  <file name="Drasle Family - Pochi &amp; Bochi (v1.0)-5.png" source="original">
    <mtime>1745154572</mtime>
    <size>3776</size>
    <md5>fdf56a79fca1703bcbebc75079179a3f</md5>
    <crc32>de504b7e</crc32>
    <sha1>878ffab57d4f5d416537c4f5b91009bb39626930</sha1>
    <format>PNG</format>
  </file>
  <file name="Drasle Family - Pochi &amp; Bochi (v1.0)-5_thumb.jpg" source="derivative">
    <format>JPEG Thumb</format>
    <original>Drasle Family - Pochi &amp; Bochi (v1.0)-5.png</original>
    <mtime>1745154986</mtime>
    <size>10636</size>
    <md5>b7e1c226e1f858e7dab7ee6a4565cf9a</md5>
    <crc32>51bfc066</crc32>
    <sha1>bdaab38dcfa2c745bb063cc45b5ed2e3a82f5b1c</sha1>
  </file>
  <file name="Drasle Family - Pochi &amp; Bochi (v1.0).zip" source="original">
    <mtime>1745153376</mtime>
    <size>8316</size>
    <md5>779eba711ea8f36e7d06804d15bff257</md5>
    <crc32>5fb772ab</crc32>
    <sha1>bd93d54550894063ace84c9f5c300aab27b044a1</sha1>
    <format>ZIP</format>
    <filecount>2</filecount>
    <viruscheck>1745153752</viruscheck>
  </file>
  <file name="__ia_thumb.jpg" source="original">
    <mtime>1745154479</mtime>
    <size>21695</size>
    <md5>df2d9c3bf36cc7aeb975474803147e35</md5>
    <crc32>0b1f6a16</crc32>
    <sha1>80dd0bd8e1de019d67e719644f4a30366cd12d3d</sha1>
    <format>Item Tile</format>
  </file>
  <file name="drasle-family-pochi-bochi-v-1.0_archive.torrent" source="metadata">
    <btih>fca8034d1d9edf861966c34244438b4e895b4d12</btih>
    <mtime>1745155413</mtime>
    <size>3996</size>
    <md5>c9738fbe9a130b5238891cc7c54fedc5</md5>
    <crc32>1d9cf1b8</crc32>
    <sha1>d8e1f483391793d46278390e1cb86216f9ffc37a</sha1>
    <format>Archive BitTorrent</format>
  </file>
  <file name="drasle-family-pochi-bochi-v-1.0_files.xml" source="original">
    <format>Metadata</format>
    <md5>1b646bbaa6496c2928d2f6e3624a1255</md5>
    <summation>md5</summation>
  </file>
  <file name="drasle-family-pochi-bochi-v-1.0_meta.sqlite" source="original">
    <mtime>1745155409</mtime>
    <size>32768</size>
    <md5>2aaf04df01fb1dfd8b6282f55431d999</md5>
    <crc32>f6d6c64a</crc32>
    <sha1>138a2ad50f011cf2989d4298059574f2866a1f70</sha1>
    <format>Metadata</format>
  </file>
  <file name="drasle-family-pochi-bochi-v-1.0_meta.xml" source="original">
    <mtime>1745153753</mtime>
    <size>819</size>
    <md5>39f43347c81a22a167299e13a5d203e2</md5>
    <crc32>7a623d75</crc32>
    <sha1>972fec2de90e6e1e27b44577f75fd9dc83900086</sha1>
    <format>Metadata</format>
  </file>
</files>
