<?xml version="1.0" encoding="UTF-8"?>
<metadata>
  <identifier>drasle-family-pochi-bochi-v-1.0</identifier>
  <mediatype>data</mediatype>
  <collection>opensource_media</collection>
  <creator>Aether Knight</creator>
  <date>2025-04-20</date>
  <description>ROM hack of Nuts &amp;amp; Milk for the Nintendo Famicom (NES)</description>
  <language>eng</language>
  <scanner>Internet Archive HTML5 Uploader 1.7.0</scanner>
  <subject>ROM hack / Nuts &amp; Milk / Famicom / NES</subject>
  <title>Drasle Family Pochi &amp; Bochi (v 1.0)</title>
  <uploader>darkoutcast@aol.com</uploader>
  <publicdate>2025-04-20 12:50:03</publicdate>
  <addeddate>2025-04-20 12:50:03</addeddate>
  <curation>[curator]validator@archive.org[/curator][date]20250420125552[/date][comment]checked for malware[/comment]</curation>
</metadata>
