﻿<wiidisc version="1" root="/Regin_eng">
    <id game="RZN">
      <region type="J" />
    </id>
    <options>
        <section name="REGINLEIV ENGLISH">
            <option name="English translation" id="patcher"  default="1">
                <choice name="Activated"><patch id="mainpatch" /></choice>
            </option>
        </section>
    </options>
    <patch id="mainpatch">
        <file disc="main.dol" external="main.dol" />
        <folder disc="/ETC/" external="ETC/" />
        <folder disc="/GAUGE/" external="GAUGE/" />
        <folder disc="/HBM/" external="HBM/" />
        <folder disc="/LAYOUT/" external="LAYOUT/" />
        <folder disc="/MISSION/" external="MISSION/" />
        <folder disc="/MOVIE/" external="MOVIE/" />
        <folder disc="/NETWORK/" external="NETWORK/" />
        <folder disc="/OBJECT/" external="OBJECT/" />
        <folder disc="/SYS/" external="SYS/" />
        <folder disc="/WEAPON/" external="WEAPON/" />
    </patch>
</wiidisc>