<wiidisc version="1">
	<id game="R79"/>
	<options>
		<section name="Translation">
			<option name="Full patch">
				<choice name="EN">
					<patch id="full_EN"/>
				</choice>
			</option>
		</section>
		<section name="Testing">
			<option name="Ending after EFF 1">
				<choice name="EFF 1">
					<patch id="EDE1"/>
				</choice>
				<choice name="EFF 2">
					<patch id="EDE2"/>
				</choice>
				<choice name="Zeon 1">
					<patch id="EDZ1"/>
				</choice>
				<choice name="Zeon 2">
					<patch id="EDZ2"/>
				</choice>
				<choice name="Zeon 3">
					<patch id="EDZ3"/>
				</choice>
			</option>
		</section>
	</options>
	<patch id="full_EN">
		<folder disc="/" external="R79JAF_EN/" />
	</patch>
	<patch id="EDE1">
		<file disc="/parameter/result_param.xbf" external="R79JAF_hacks/result_param_ME1_to_ending_EFF1.xbf" />
	</patch>
	<patch id="EDE2">
		<file disc="/parameter/result_param.xbf" external="R79JAF_hacks/result_param_ME1_to_ending_EFF2.xbf" />
	</patch>
	<patch id="EDZ1">
		<file disc="/parameter/result_param.xbf" external="R79JAF_hacks/result_param_ME1_to_ending_Zeon1.xbf" />
	</patch>
	<patch id="EDZ2">
		<file disc="/parameter/result_param.xbf" external="R79JAF_hacks/result_param_ME1_to_ending_Zeon2.xbf" />
	</patch>
	<patch id="EDZ3">
		<file disc="/parameter/result_param.xbf" external="R79JAF_hacks/result_param_ME1_to_ending_Zeon3.xbf" />
	</patch>
</wiidisc>