{
  "id": "MAP_ANHEIM_FOREST_HOUSE1",
  "name": "AnheimForest_House1",
  "layout": "LAYOUT_ANHEIM_FOREST_HOUSE1",
  "music": "MUS_ANHEIM_FOREST",
  "region_map_section": "MAPSEC_ANHEIM_FOREST",
  "requires_flash": false,
  "weather": "WEATHER_NONE",
  "map_type": "MAP_TYPE_INDOOR",
  "allow_cycling": true,
  "allow_escaping": false,
  "allow_running": true,
  "show_map_name": false,
  "battle_scene": "MAP_BATTLE_SCENE_NORMAL",
  "connections": 0,
  "object_events": [

  ],
  "warp_events": [
    {
      "x": 1,
      "y": 1,
      "elevation": 3,
      "dest_map": "MAP_MUDDY_UNDERPASS",
      "dest_warp_id": "1"
    },
    {
      "x": 3,
      "y": 7,
      "elevation": 3,
      "dest_map": "MAP_ANHEIM_FOREST",
      "dest_warp_id": "2"
    },
    {
      "x": 4,
      "y": 7,
      "elevation": 3,
      "dest_map": "MAP_ANHEIM_FOREST",
      "dest_warp_id": "2"
    }
  ],
  "coord_events": [

  ],
  "bg_events": [
    {
      "type": "sign",
      "x": 7,
      "y": 2,
      "elevation": 0,
      "player_facing_dir": "BG_EVENT_PLAYER_FACING_ANY",
      "script": "Refrigerator_Sign"
    },
    {
      "type": "sign",
      "x": 4,
      "y": 1,
      "elevation": 0,
      "player_facing_dir": "BG_EVENT_PLAYER_FACING_ANY",
      "script": "PokemonEvents_Sign"
    }
  ]
}
