<?xml version="1.0" encoding="UTF-8"?>
<files>
  <file name="Traducao_Pikmin_1elevadoa2_.v1.0.5.1.zip" source="original">
    <mtime>1737305562</mtime>
    <size>10494431</size>
    <md5>ba242f5f7dd752e5a40d59591ea38647</md5>
    <crc32>cd10e094</crc32>
    <sha1>9b804a458994a7fd72336d2e90632e1819670490</sha1>
    <format>ZIP</format>
    <filecount>5</filecount>
    <viruscheck>1737305922</viruscheck>
  </file>
  <file name="traducao-pikmin-1elevadoa-2-.v-1.0.5.1_archive.torrent" source="metadata">
    <btih>99388d1939070b8c885fed61d21747874ee01cdd</btih>
    <mtime>1737305925</mtime>
    <size>2312</size>
    <md5>10972c3651bcdf1f792fa89e6ff2a57d</md5>
    <crc32>60d7964d</crc32>
    <sha1>1508ddfba44b7f1a5261a065a2049d39773940f7</sha1>
    <format>Archive BitTorrent</format>
  </file>
  <file name="traducao-pikmin-1elevadoa-2-.v-1.0.5.1_files.xml" source="original">
    <format>Metadata</format>
    <md5>43cc84523eb17b1b79dedcfe1b9b9899</md5>
    <summation>md5</summation>
  </file>
  <file name="traducao-pikmin-1elevadoa-2-.v-1.0.5.1_meta.sqlite" source="original">
    <mtime>1737305599</mtime>
    <size>36864</size>
    <md5>01c7b733bd5666f4b8b12522aaa56472</md5>
    <crc32>830acab0</crc32>
    <sha1>2b64f15174e4d0dd60214e8d84923a79e4d69f5b</sha1>
    <format>Metadata</format>
  </file>
  <file name="traducao-pikmin-1elevadoa-2-.v-1.0.5.1_meta.xml" source="original">
    <mtime>1737305922</mtime>
    <size>4255</size>
    <md5>ef9364e3e5f229a8aaa8f7d41d38c5e4</md5>
    <crc32>9506450a</crc32>
    <sha1>8ca2c9935c98fe6f6c65a4c8f32608e8d0df899f</sha1>
    <format>Metadata</format>
  </file>
</files>
