<?xml version="1.0" encoding="UTF-8"?>
<metadata>
  <identifier>traducao-pikmin-1elevadoa-2-.v-1.0.5.1</identifier>
  <mediatype>software</mediatype>
  <collection>open_source_software</collection>
  <creator>Grisi</creator>
  <date>2025-01-19</date>
  <description>&lt;span style="color:rgb(44,44,44);font-family:'Helvetica Neue', Helvetica, Arial, sans-serif;font-size:14px;background-color:rgb(255,255,255);"&gt;Tradução 1.0.5.1 para o romhack Pikmin1²&lt;/span&gt;&lt;div style="color:rgb(44,44,44);font-family:'Helvetica Neue', Helvetica, Arial, sans-serif;font-size:14px;background-color:rgb(255,255,255);"&gt;&lt;br /&gt;&lt;/div&gt;&lt;div style="color:rgb(44,44,44);font-family:'Helvetica Neue', Helvetica, Arial, sans-serif;font-size:14px;background-color:rgb(255,255,255);"&gt;&lt;font color="#2c2c2c" face="Helvetica Neue, Helvetica, Arial, sans-serif"&gt;Mais detalhes na página do GitHub&lt;/font&gt;&lt;br /&gt;&lt;div&gt;https://github.com/mdsmendes94/pikmin1elevadoa2&lt;/div&gt;&lt;div&gt;&lt;br /&gt;&lt;/div&gt;&lt;div&gt;Mudanças:&lt;/div&gt;&lt;div&gt;&lt;div&gt;Versão 1.0.5.1&lt;/div&gt;&lt;div&gt;- Polimentos ortográficos principalmente na Missão de Olimar&lt;/div&gt;&lt;div&gt;&lt;br /&gt;&lt;/div&gt;&lt;/div&gt;&lt;div&gt;&lt;div&gt;Versão 1.0.5&lt;/div&gt;&lt;div&gt;- Melhoria na UI de Ranking&lt;/div&gt;&lt;div&gt;- Melhoria na UI de Seleção de área&lt;/div&gt;&lt;div&gt;- Melhoria na UI de Notas de criaturas&lt;/div&gt;&lt;div&gt;- Melhoria na UI de Registros de nave&lt;/div&gt;&lt;div&gt;- Correção de texto no menu de Opções&lt;/div&gt;&lt;div&gt;- Pequenas melhorias na fonte de texto&lt;/div&gt;&lt;/div&gt;&lt;div&gt;&lt;br /&gt;&lt;/div&gt;&lt;div&gt;Versão 1.0.4.1&lt;/div&gt;&lt;div&gt;&lt;div&gt;- Cores das fontes restauradas&lt;/div&gt;&lt;div&gt;- Corrigido bug que fazia "Õ" ser mostrado como "Ô" nos textos&lt;/div&gt;&lt;div&gt;- Tradução atualizada&lt;/div&gt;&lt;div&gt;&lt;br /&gt;&lt;/div&gt;&lt;/div&gt;&lt;div&gt;&lt;div&gt;Versão 1.0.4&lt;/div&gt;&lt;div&gt;- Fonte e diacríticos melhorados um pouco&lt;/div&gt;&lt;/div&gt;&lt;div&gt;&lt;br /&gt;&lt;/div&gt;&lt;div&gt;&lt;div&gt;Versão 1.0.3&lt;/div&gt;&lt;div&gt;- Formatação nas caixas de textos melhoradas para caber tradução&lt;/div&gt;&lt;div&gt;- Tradução melhorada e alguns pequenas partes que esqueci de traduzir foram traduzidas&lt;/div&gt;&lt;div&gt;&lt;br /&gt;&lt;/div&gt;&lt;/div&gt;&lt;div&gt;Versão 1.0.2&lt;/div&gt;&lt;div&gt;- Tradução em geral melhorada principalmente na missão de Louie&lt;/div&gt;&lt;div&gt;- Melhoria de UI para tradução&lt;/div&gt;&lt;div&gt;- Corrigo texturas mal funcionando em alguns estágios&lt;/div&gt;&lt;div&gt;&lt;br /&gt;&lt;/div&gt;&lt;div&gt;&lt;br /&gt;&lt;/div&gt;&lt;div&gt;Versão 1.0.1&lt;/div&gt;&lt;div&gt;&lt;div&gt;&lt;font color="#2c2c2c" face="Helvetica Neue, Helvetica, Arial, sans-serif"&gt;- Corrigido bug que aparecia ao esperar na tela título usando o Dolphin;&lt;/font&gt;&lt;/div&gt;&lt;div&gt;&lt;font color="#2c2c2c" face="Helvetica Neue, Helvetica, Arial, sans-serif"&gt;- Mudança de .arc descomprimidos para .szs comprimidos em yaz0;&lt;/font&gt;&lt;/div&gt;&lt;div&gt;&lt;font color="#2c2c2c" face="Helvetica Neue, Helvetica, Arial, sans-serif"&gt;- Inclusão de mudanças.txt junto com a tradução&lt;/font&gt;&lt;/div&gt;&lt;div&gt;&lt;font color="#2c2c2c" face="Helvetica Neue, Helvetica, Arial, sans-serif"&gt;&lt;br /&gt;&lt;/font&gt;&lt;/div&gt;&lt;div&gt;&lt;font color="#2c2c2c" face="Helvetica Neue, Helvetica, Arial, sans-serif"&gt;Versão 1.0&lt;/font&gt;&lt;/div&gt;&lt;div&gt;&lt;font color="#2c2c2c" face="Helvetica Neue, Helvetica, Arial, sans-serif"&gt;- Lançamento&lt;/font&gt;&lt;/div&gt;&lt;/div&gt;&lt;/div&gt;</description>
  <language>por</language>
  <scanner>Internet Archive HTML5 Uploader 1.7.0</scanner>
  <subject>romhacking</subject>
  <title>Traducao Pikmin 1elevadoa 2 .v 1.0.5.1</title>
  <subject>fantranslation</subject>
  <uploader>greasebr@gmail.com</uploader>
  <publicdate>2025-01-19 16:53:04</publicdate>
  <addeddate>2025-01-19 16:53:04</addeddate>
  <curation>[curator]validator@archive.org[/curator][date]20250119165842[/date][comment]checked for malware[/comment]</curation>
</metadata>
